OligoSequence	Target Occurences	Background Occurences	Enrichment(ln p, up to 2 mismatches)
TGCATG	610.0	9567.9	-288.676
AAAAAA	2592.0	68548.7	-261.874
GCATGA	350.0	4222.9	-242.833
AGAGAG	1148.0	27229.4	-237.449
GAGAGA	1123.0	26619.5	-234.676
AGCATG	390.0	6448.6	-185.847
CGCATG	72.0	1361.7	-168.498
GCATGT	355.0	7451.8	-119.819
GCATGC	238.0	5401.9	-114.164
GCATGG	239.0	5279.0	-101.653
GGCATG	105.0	4947.2	-94.265
CTCGCT	121.0	1541.0	-86.909
GAGCGA	49.0	1593.7	-83.774
GCGAGA	35.0	1539.4	-75.121
AACGAT	88.0	954.3	-75.044
AGCGAG	48.0	2134.3	-71.802
AGAGCG	31.0	1904.6	-71.737
GTGCAT	270.0	6664.5	-70.519
CGAGAG	36.0	1913.8	-69.717
TGCACG	40.0	1901.3	-66.718
GCACGA	40.0	923.7	-64.595
GAACGA	86.0	1125.7	-60.802
GGAACG	93.0	1411.1	-55.986
CGATAC	48.0	374.2	-55.610
ATGCAT	290.0	8174.4	-55.512
TCGCTT	77.0	1033.0	-54.150
CATGCG	39.0	1265.1	-48.899
TGAACG	76.0	1145.5	-46.913
CGAACG	18.0	330.5	-46.042
GCGTGA	20.0	1399.8	-44.489
GCTCGC	86.0	1470.7	-44.378
CATGAG	202.0	5513.1	-43.658
ACACAC	483.0	17120.8	-43.234
CGATCT	58.0	740.7	-42.540
CAGCAT	205.0	5769.1	-41.452
CACACA	526.0	19423.0	-39.964
AAGCGT	65.0	1020.2	-37.986
ATGCGT	30.0	1211.6	-37.932
AGCGTT	69.0	1160.8	-37.101
CTGCAT	147.0	5994.1	-36.356
AGCGTG	24.0	1657.2	-36.034
TGCCTG	196.0	7605.4	-35.944
ATAGAG	81.0	5193.4	-35.761
TGAATG	193.0	7881.1	-35.727
GGATGA	176.0	4990.0	-35.374
TTGCAT	206.0	6384.6	-34.995
GCGCAA	48.0	642.6	-34.726
CGTGCA	64.0	1892.6	-34.514
ACGATA	49.0	674.4	-34.400
AGAGGG	136.0	8274.6	-34.386
GATAGA	178.0	6778.8	-34.081
TGGATG	163.0	7011.3	-33.696
GAATGC	150.0	4112.6	-33.482
GAGAGC	114.0	5893.2	-33.203
CTGGCG	85.0	1777.8	-32.747
GAGAGG	165.0	9511.5	-32.747
TAGCAT	179.0	5317.2	-32.206
AGATAG	185.0	7154.5	-31.874
CATGAC	126.0	3373.3	-31.628
GATTAG	111.0	2769.8	-31.105
GAGGGA	137.0	8886.7	-31.026
GACAGA	140.0	7254.8	-30.889
GAGTGA	97.0	5830.5	-30.756
GCACGT	28.0	1605.2	-30.614
CATGCA	226.0	7353.7	-30.500
AGAGTG	100.0	6617.0	-30.213
CGAAAC	47.0	702.6	-30.128
GCGCAT	39.0	1086.5	-29.393
TCGCAT	18.0	632.7	-29.248
AGCACG	15.0	1671.8	-29.152
ACGCAT	34.0	986.6	-29.113
CTCGTC	50.0	812.7	-29.032
ATCGAT	14.0	902.7	-28.961
TTTTTT	1140.0	49789.7	-28.685
GCCTGA	86.0	4278.7	-28.276
TGCTTG	180.0	6704.6	-28.039
GCTTGC	101.0	4553.3	-27.885
AGGGAG	158.0	9728.6	-27.119
AACGCG	27.0	492.3	-26.975
TGCATC	79.0	4069.4	-26.522
TCGTGA	59.0	1137.0	-26.234
AGTGCA	152.0	4603.8	-26.081
AGGCCC	129.0	3709.1	-25.675
GGGAGA	151.0	8725.0	-25.638
TATCCG	38.0	544.2	-25.586
CATGTT	191.0	6260.2	-25.571
GACCGA	12.0	960.1	-25.244
ACAAAA	247.0	16027.8	-25.213
CGCCCG	70.0	1556.2	-25.001
GCGTTC	54.0	1049.3	-24.739
TCATCT	170.0	5487.7	-24.595
ATTCGT	53.0	1024.1	-24.452
AGTGAG	106.0	7607.2	-24.396
GGAGAG	150.0	10440.4	-24.223
CCCGTC	51.0	972.8	-24.021
GAATGA	142.0	6570.2	-23.746
GCCTGT	73.0	4991.8	-23.556
TAGAGA	111.0	7175.2	-23.529
TCCATG	97.0	4866.7	-23.435
TGGCGC	73.0	1729.3	-23.372
GAACGC	57.0	1163.6	-23.210
CATGGG	119.0	4822.8	-23.209
AACAAA	267.0	18162.5	-23.176
ATCCGT	19.0	867.0	-23.169
TGCATA	98.0	6570.1	-23.081
AGCGAA	50.0	970.1	-22.973
AGAGAC	110.0	7437.1	-22.938
GTGAGA	117.0	6623.3	-22.896
TGCGTG	53.0	3053.6	-22.816
AAACAA	307.0	18313.3	-22.760
CATGCC	95.0	4107.7	-22.720
ATGACG	22.0	1007.3	-22.680
ACGATC	37.0	577.6	-22.615
ATCTGT	189.0	6463.9	-22.606
AGACAG	137.0	9659.6	-21.983
GTAGTG	109.0	3163.8	-21.954
AAAAAC	225.0	14086.8	-21.942
CCGAAA	47.0	902.4	-21.942
TTCGTG	64.0	1457.0	-21.905
GTAACG	18.0	713.6	-21.834
GAGAGT	95.0	5574.9	-21.735
CATGAT	112.0	5082.7	-21.329
CGTGTA	26.0	1275.7	-21.126
GCGTAA	10.0	476.1	-21.091
CGAATG	32.0	981.5	-21.076
CCGGTA	37.0	614.7	-21.025
GAAGCG	67.0	1610.0	-20.869
AACGGG	50.0	1035.7	-20.854
TGAGAG	163.0	7978.4	-20.788
CGTACG	22.0	223.5	-20.697
TGAAGC	153.0	5046.6	-20.694
ATAGGC	86.0	2322.4	-20.652
GGATGC	64.0	3926.2	-20.538
GAGCAT	131.0	5100.2	-20.507
CAAAAA	230.0	13909.9	-20.441
AGCTTG	96.0	5040.0	-20.255
ATACCG	30.0	568.0	-20.120
TCCGTA	24.0	769.3	-20.088
TCGTCT	47.0	959.7	-20.085
CACGCA	70.0	1762.5	-19.985
CCTACC	87.0	2406.4	-19.841
AATTGG	135.0	4387.6	-19.633
AAGCAT	161.0	6527.7	-19.596
GGCCCA	112.0	3450.1	-19.504
GCATCA	43.0	3916.4	-19.494
AGCCTG	124.0	7406.6	-19.264
TGCAAG	65.0	4791.3	-19.256
GTGCTC	127.0	4096.6	-19.237
CGTTAA	31.0	799.7	-19.155
CGCTCG	14.0	984.7	-19.084
GCCCGT	49.0	1061.8	-19.083
CATGAA	193.0	6953.3	-19.008
GAGACA	97.0	7806.5	-19.000
ACGAGA	59.0	1396.0	-18.804
TCGATA	10.0	674.5	-18.790
CGTGGA	71.0	1858.2	-18.778
CGCAAA	43.0	870.3	-18.645
CGCTTC	54.0	1260.7	-18.521
ACTCGC	8.0	774.7	-18.517
GCTTGA	97.0	3486.2	-18.430
TGCATT	125.0	7004.1	-18.397
ACGCGC	43.0	880.2	-18.328
GAGATA	65.0	5127.2	-18.233
AAAACA	297.0	18628.2	-18.211
CGTGAA	61.0	1500.4	-18.138
TCTCGC	48.0	1060.6	-18.122
ACGTGC	56.0	1460.8	-18.028
GGTCGG	49.0	1100.9	-17.986
TAGATA	199.0	7333.5	-17.813
CCGTAC	9.0	446.3	-17.788
GCTTAG	57.0	3387.0	-17.475
GGGTGG	219.0	8317.3	-17.382
CATGTC	96.0	3918.8	-17.332
TACATG	104.0	6612.1	-17.153
GCGTGG	55.0	2671.2	-17.135
GTATGC	75.0	3374.0	-17.118
ACACGC	59.0	1470.1	-17.088
GGTGCA	65.0	3870.1	-17.006
ACGCAC	35.0	1263.3	-16.990
TGATCT	133.0	4510.7	-16.971
ATGGGT	135.0	4606.7	-16.943
CGAAAG	51.0	1215.8	-16.910
GTGAAG	155.0	5477.7	-16.884
GATCTC	104.0	3279.3	-16.859
CGGTAA	35.0	662.1	-16.789
ATCTCG	41.0	863.7	-16.774
GATGGG	150.0	5294.4	-16.757
TGCAGG	104.0	6312.0	-16.722
ACAGAG	203.0	10107.2	-16.689
TCGGCA	43.0	936.3	-16.650
GCCCGA	51.0	1228.4	-16.589
CTATCC	79.0	2304.3	-16.544
TTCATG	132.0	6552.3	-16.493
GGTGGG	225.0	8700.4	-16.419
CATCTA	120.0	3998.8	-16.383
GGATCG	8.0	789.3	-16.377
AGAGAT	98.0	8338.2	-16.298
GGGATG	155.0	5539.4	-16.236
CTGTAG	154.0	5506.5	-16.072
GCGCTA	33.0	619.5	-16.048
AGCGCA	18.0	1227.3	-16.014
GGTGTA	96.0	3031.0	-15.998
GTGCTT	146.0	5691.1	-15.970
GTATGA	72.0	4095.9	-15.961
CGAAGC	48.0	1144.0	-15.960
AGGCTT	144.0	5082.6	-15.918
GCCCCT	111.0	3667.9	-15.913
ACTATC	72.0	2051.3	-15.881
CGTACC	7.0	528.1	-15.778
TATACT	119.0	4002.7	-15.769
AATGCA	168.0	6718.6	-15.735
AAAGCG	51.0	1275.5	-15.477
CGCGAA	7.0	363.5	-15.407
TGTAGT	140.0	4943.6	-15.347
ACGCCC	10.0	1212.1	-15.228
TGATCG	14.0	831.3	-15.095
GGATGG	154.0	6617.4	-15.077
CGTTCG	19.0	359.8	-15.067
GTCCAT	47.0	3207.4	-15.067
CAGTGC	133.0	4692.7	-14.938
GCGAAA	36.0	754.9	-14.904
TCCATA	112.0	3800.9	-14.854
CCCCCC	137.0	4919.8	-14.582
GATCGC	7.0	703.7	-14.568
AAAATA	337.0	21604.3	-14.500
GCTTCA	127.0	4495.8	-14.474
AACGAG	51.0	1322.0	-14.455
GTTAAG	76.0	3703.3	-14.455
GAAAGA	265.0	15893.5	-14.443
CGTAGC	36.0	770.9	-14.429
ATGGCG	19.0	1596.9	-14.424
TATCCA	114.0	3883.7	-14.421
CTCGTT	16.0	1061.1	-14.357
ATGCTT	124.0	6795.2	-14.321
CAGAGA	199.0	11870.7	-14.316
TACGGC	27.0	477.6	-14.285
TTAGCA	127.0	4649.0	-14.267
GGCCCG	51.0	2046.3	-14.265
GCGTGC	36.0	2245.2	-14.237
AATAAA	364.0	22545.5	-14.232
TACAGA	197.0	7705.9	-14.211
CGCTAA	30.0	575.4	-14.182
AATTCG	37.0	814.1	-14.164
CTACTA	79.0	2458.7	-14.118
TAAGCA	135.0	4874.9	-14.054
ATGACC	97.0	3221.0	-14.051
TAGTGC	77.0	2384.1	-13.926
ATTAGC	93.0	3053.0	-13.874
TTCGTA	33.0	850.4	-13.799
GTTAGT	96.0	3196.8	-13.790
GAAAAA	265.0	17147.7	-13.781
AAATAA	370.0	22018.3	-13.769
TTCATC	123.0	4371.3	-13.751
TAGCGT	23.0	656.1	-13.748
CCTGCC	160.0	6054.6	-13.734
ATAGAT	204.0	8087.5	-13.726
GTGGAG	171.0	6568.7	-13.702
GAGGGG	192.0	7513.4	-13.646
CTAATC	42.0	1968.4	-13.639
TCGCGT	4.0	398.9	-13.629
TGGCGT	51.0	1366.0	-13.576
CATGGC	130.0	4681.4	-13.545
TACGCA	23.0	724.0	-13.499
ACGACC	21.0	690.7	-13.485
ATGCCT	121.0	5338.7	-13.477
GAATGG	108.0	5396.2	-13.474
CTAAGC	85.0	2725.5	-13.451
GAAGCC	132.0	4790.6	-13.435
ATCGGT	22.0	671.5	-13.410
ATGTCG	34.0	738.6	-13.357
GCGTAT	29.0	567.2	-13.353
CATGTG	232.0	10001.1	-13.329
CGACCG	1.0	592.6	-13.322
TGACGC	29.0	892.7	-13.299
GGGTAA	92.0	3053.8	-13.295
GCTTGT	113.0	4729.2	-13.291
ATTGGA	137.0	5053.8	-13.268
AGGATG	103.0	6539.4	-13.227
TTGGAA	197.0	7835.8	-13.219
CTCGCA	6.0	955.8	-13.109
CATGTA	155.0	6802.6	-13.094
GGAGGC	176.0	6858.9	-13.027
GCTTGG	118.0	4685.5	-13.001
CGCTTG	30.0	1125.9	-12.971
GATCGA	10.0	764.5	-12.840
GTACGC	27.0	517.1	-12.837
GGGTCG	48.0	1286.1	-12.790
CGTAGT	7.0	703.1	-12.765
CCTACT	84.0	2738.4	-12.692
GTGCAC	64.0	4639.8	-12.690
GCACGC	38.0	1810.8	-12.678
TCGGTA	9.0	645.7	-12.663
ATCTAG	93.0	3155.1	-12.598
CGTTCC	42.0	1062.7	-12.595
GGGGGG	195.0	8848.5	-12.488
TGCGCA	56.0	1631.8	-12.391
TGACTG	144.0	5448.4	-12.390
GGCCCC	92.0	3128.8	-12.369
ACGCGA	15.0	366.4	-12.362
CGCAAG	36.0	847.9	-12.346
AAAAGA	267.0	18727.5	-12.322
AAAGAA	383.0	25500.9	-12.317
TAAGCG	11.0	705.6	-12.257
ATGTGC	156.0	6027.4	-12.224
TGCTCG	49.0	1358.4	-12.166
TTCGGC	35.0	820.6	-12.111
TTAAGC	48.0	3016.3	-12.106
ACTTTA	164.0	6407.0	-12.077
TGACCC	92.0	3154.4	-12.063
AGCATC	66.0	4732.8	-12.039
AGTGGA	114.0	5822.7	-12.004
CGACCT	36.0	862.9	-12.000
CCCTAC	66.0	2047.6	-11.859
ATCCAT	127.0	4759.5	-11.848
ATGACT	116.0	5037.4	-11.844
GCGCTT	19.0	1265.3	-11.834
CGATAG	6.0	546.5	-11.812
CGCACA	23.0	1598.7	-11.784
ATAAAA	298.0	19389.6	-11.763
AAAAAG	235.0	17026.0	-11.756
GAGGCC	142.0	5421.9	-11.746
TAAAAA	336.0	21795.4	-11.741
ATGAGG	141.0	5381.3	-11.659
CCGCAT	21.0	804.6	-11.632
GGGCGA	55.0	1635.7	-11.622
TTTGCA	195.0	7954.2	-11.600
GTCGGG	48.0	1355.0	-11.493
GGTGGA	144.0	5553.9	-11.491
GCCGAA	34.0	818.2	-11.259
GGACGA	17.0	1199.2	-11.228
GTGCAG	88.0	5321.2	-11.166
GCGATA	4.0	446.1	-11.163
AGTGCC	95.0	3376.6	-11.151
TGTAGC	86.0	4814.2	-11.142
CGGCTC	54.0	1623.5	-11.137
AAAAAT	355.0	21782.7	-11.136
CATGGT	114.0	5712.6	-11.102
TGTGCA	211.0	9615.5	-11.076
CCTTTT	186.0	7600.8	-11.066
CTATAC	71.0	2555.2	-11.045
TGTTGC	119.0	4452.6	-11.036
AATGCG	32.0	755.9	-11.006
ACGCGT	18.0	506.9	-10.957
TGCAGT	143.0	5578.0	-10.882
CATCTG	154.0	6095.6	-10.861
TCGCTC	39.0	1123.6	-10.840
GCATAA	61.0	3421.7	-10.838
TAGGCT	91.0	3221.6	-10.781
AAGAAA	380.0	26162.1	-10.738
GCTCTT	138.0	5392.9	-10.725
CTTCAT	149.0	5909.0	-10.705
GGTTAA	77.0	3441.5	-10.695
ACCCAC	73.0	3932.8	-10.643
TCCCTC	129.0	4947.2	-10.630
ATGAGC	79.0	4275.5	-10.615
GCTAAG	97.0	3522.9	-10.614
TCGTAA	17.0	710.8	-10.595
GGCTCG	51.0	1530.7	-10.592
ACCATG	63.0	5658.2	-10.574
TTCGTC	13.0	733.4	-10.571
TCGATG	36.0	925.3	-10.554
AGAAAA	341.0	22715.2	-10.532
TGGCCC	101.0	3676.7	-10.526
GTAGCG	22.0	685.9	-10.509
CGTGTT	24.0	1507.4	-10.478
ATGCAG	159.0	6451.6	-10.462
TGAAGG	111.0	6562.1	-10.459
GCCTGG	181.0	7477.3	-10.448
GGCTTG	121.0	4627.6	-10.358
GCAAAT	136.0	5336.9	-10.356
GCTCGT	19.0	976.7	-10.337
TGATGG	155.0	6219.8	-10.322
CATTCG	36.0	936.8	-10.319
AGCGTA	25.0	559.7	-10.295
CATGGA	100.0	6094.5	-10.294
CGCAGT	42.0	1177.3	-10.269
ATACGC	14.0	514.7	-10.239
AAACGG	45.0	1302.9	-10.233
CCATGT	105.0	5664.1	-10.230
GATAGC	83.0	2898.0	-10.227
GGCGCT	59.0	1855.5	-10.219
CGCTTA	8.0	604.8	-10.171
GGCTAA	59.0	2888.8	-10.159
GGGACG	19.0	1763.3	-10.143
GATGAC	97.0	3570.9	-10.135
ACACCC	49.0	3314.3	-10.095
GGAATG	141.0	5575.6	-10.091
TGTGCT	184.0	7643.1	-10.066
CATACC	75.0	2586.3	-10.063
GCATCG	20.0	1105.4	-10.042
CGATCC	8.0	693.7	-10.039
AGCATA	121.0	4665.1	-10.034
CAAATT	154.0	6211.4	-10.003
ATTCGC	20.0	598.3	-9.969
CTCTCG	44.0	1278.3	-9.941
CGGCAT	12.0	806.7	-9.938
CCGATC	25.0	543.7	-9.936
TCTCGT	33.0	1118.0	-9.877
TATGCA	144.0	6543.3	-9.807
GCGGTA	28.0	657.6	-9.786
CGGAAT	32.0	808.5	-9.760
AACGCA	39.0	1085.0	-9.732
TTAACG	23.0	806.5	-9.730
GGGAGG	264.0	11664.6	-9.709
AATCGG	22.0	763.8	-9.673
TTGACT	116.0	4458.2	-9.665
AGACCG	40.0	1130.8	-9.658
TGTCGC	6.0	879.8	-9.621
AACGTT	20.0	1367.2	-9.618
TGTTTA	213.0	9155.2	-9.606
AAATTG	185.0	7770.8	-9.603
TGGGTG	185.0	7774.6	-9.583
GAAACG	48.0	1467.1	-9.580
ACTGGC	95.0	3535.5	-9.541
GTGCCT	103.0	4441.8	-9.527
CCCGCC	59.0	3053.9	-9.485
TGGAAC	124.0	4887.1	-9.462
AATCGA	34.0	900.5	-9.458
AGCATT	103.0	6846.3	-9.383
ATGGGC	62.0	3651.9	-9.368
CTCCCT	125.0	5564.5	-9.362
TAACGT	12.0	992.8	-9.354
TGGGAT	161.0	6678.1	-9.334
CTGTCG	4.0	1100.1	-9.325
GACCCA	95.0	3561.4	-9.295
GTGGGG	187.0	7936.5	-9.258
ACGACA	32.0	832.6	-9.242
CGTAGA	32.0	833.2	-9.221
CTACCT	91.0	3375.1	-9.218
CTTCGG	45.0	1364.6	-9.209
GTTCAT	88.0	4730.1	-9.185
TTCGCA	15.0	674.3	-9.184
GGGGAG	211.0	9119.8	-9.173
CACACG	36.0	2038.7	-9.163
GCATTG	76.0	4304.1	-9.158
TAGCGG	18.0	671.4	-9.141
TACCAT	61.0	3735.0	-9.096
GGTGAA	107.0	4351.1	-9.085
GCGAAT	26.0	627.6	-9.076
TGCTTA	121.0	5214.0	-9.072
TCATGT	103.0	6127.5	-9.051
GAGGCT	139.0	5667.6	-9.021
GTCGAA	17.0	542.7	-9.016
TACCAC	79.0	2869.3	-9.013
ATGGCC	98.0	3739.9	-9.009
TTCCAT	152.0	6248.3	-9.005
GCCCAG	140.0	5671.1	-8.991
TGTTAA	157.0	6517.2	-8.988
TCGATC	4.0	569.3	-8.965
GCTCAG	145.0	5940.8	-8.945
ACCGAC	9.0	693.6	-8.925
CGGCCC	23.0	1836.6	-8.917
AGTGCG	17.0	1117.3	-8.889
TTTAAC	129.0	5171.7	-8.851
GGATGT	51.0	4668.3	-8.844
TAAACG	33.0	1222.7	-8.837
TCCGTC	25.0	830.3	-8.820
AGAGGT	143.0	5854.5	-8.815
TACCGG	25.0	586.3	-8.799
TTGAGC	94.0	3568.9	-8.779
CGCACG	35.0	1020.0	-8.700
AAAGAG	145.0	11065.8	-8.688
GGCGAA	34.0	940.6	-8.671
GATTCG	13.0	856.2	-8.665
ACGCAA	31.0	822.4	-8.646
GCATAG	89.0	3340.7	-8.636
TATCAT	124.0	4994.4	-8.632
TACCGA	8.0	665.3	-8.632
ACGCAG	47.0	1492.6	-8.573
CCGTAG	26.0	805.8	-8.554
GCAGTG	145.0	5998.4	-8.552
TCTAGT	91.0	3450.3	-8.522
TACTAA	102.0	3947.2	-8.498
CATAGG	84.0	3121.0	-8.412
ATCGTA	17.0	641.3	-8.368
TTGAAC	80.0	4744.8	-8.367
GTGGAA	124.0	5930.5	-8.363
ATCCAG	111.0	4420.8	-8.333
TAGTGG	93.0	3569.3	-8.332
CGTTCA	29.0	966.9	-8.314
GTCGGA	12.0	826.3	-8.309
AGCGGG	55.0	1867.9	-8.298
ATGCGC	17.0	987.3	-8.261
ACGGGC	35.0	1038.9	-8.259
GGTTGA	43.0	3238.4	-8.255
TCCGGT	34.0	965.8	-8.228
ACCGCC	38.0	1133.9	-8.188
ATTGGC	44.0	3003.5	-8.185
GGTAAT	78.0	2905.5	-8.174
TGACCG	26.0	983.4	-8.162
TCGTGC	16.0	1089.1	-8.141
TTAACC	50.0	2992.1	-8.130
GACGAT	11.0	757.5	-8.108
CCGATA	20.0	433.7	-8.098
CGACAC	28.0	731.8	-8.098
GCATAT	74.0	5501.7	-8.084
CGTGGG	30.0	2347.8	-8.053
GGTTCG	20.0	862.9	-8.048
TTATCC	78.0	2918.3	-8.044
TCTGTA	172.0	7376.4	-8.032
GTCGTC	27.0	697.7	-8.000
ACGAGC	24.0	947.2	-7.937
TCGTCA	28.0	740.8	-7.933
CGCCTG	39.0	2074.1	-7.922
CCGTGG	56.0	1943.6	-7.920
ACATAC	76.0	5945.3	-7.918
ATACCA	95.0	3721.0	-7.891
CCAGCA	167.0	7187.6	-7.855
GAGAAA	197.0	14374.9	-7.836
CCCGAT	27.0	705.5	-7.832
AAGTGC	108.0	4336.4	-7.805
TACGTA	34.0	989.9	-7.804
TACCGC	16.0	597.7	-7.773
TCGGAA	37.0	1116.0	-7.772
GGCGTA	9.0	554.5	-7.759
CCATGC	55.0	3972.5	-7.725
GGTTGG	74.0	4519.9	-7.703
CGTGAC	4.0	1229.5	-7.698
GAATCA	99.0	3895.4	-7.697
ATCTAT	125.0	5181.1	-7.675
GTGAAT	79.0	5383.8	-7.666
GGGTGA	69.0	4378.6	-7.665
CTAGCT	80.0	3721.0	-7.648
TACCTG	71.0	3955.1	-7.647
GTTCGT	25.0	927.1	-7.633
GAACGG	34.0	1082.2	-7.630
GACTCT	98.0	3904.6	-7.622
GCCTGC	122.0	5496.8	-7.609
AATCAG	119.0	4878.9	-7.605
CTGTAC	59.0	3372.9	-7.589
GACACG	40.0	1257.1	-7.579
GACGGG	21.0	1242.0	-7.575
CACGAT	20.0	911.4	-7.565
GACCCG	35.0	1284.1	-7.559
CCGTAT	5.0	551.7	-7.498
CGGGTG	57.0	1980.8	-7.494
CGTCCG	23.0	567.4	-7.481
ACCTAC	68.0	2498.8	-7.474
GCTAAT	68.0	3030.6	-7.464
AGTGGG	158.0	6821.3	-7.448
CACGTT	43.0	1398.0	-7.448
ATAGGT	49.0	3461.9	-7.435
CCGTCG	19.0	473.8	-7.430
GCGAAG	33.0	1121.1	-7.424
CCGGTT	16.0	853.8	-7.417
AAATCG	36.0	1097.7	-7.408
GCAGGT	64.0	4830.4	-7.406
AATCCG	6.0	841.9	-7.381
CGCCGG	45.0	1493.6	-7.354
TTTGTT	290.0	19833.2	-7.348
TTGTTT	288.0	19889.9	-7.348
TTAATC	85.0	4562.3	-7.348
TAATCT	72.0	4332.8	-7.348
TAGTAT	74.0	4130.9	-7.348
TTTTGC	118.0	7041.8	-7.348
GGTAGA	65.0	4440.3	-7.348
GTAGAT	78.0	4199.2	-7.348
TTTTTG	277.0	14449.2	-7.348
ATGTAT	179.0	12436.2	-7.348
ATATTG	83.0	5478.8	-7.348
TTAACT	86.0	5055.7	-7.348
TTCTTT	249.0	17034.5	-7.348
TTGATC	63.0	3371.0	-7.348
CTTATT	103.0	5512.4	-7.348
TTTAGC	62.0	3931.9	-7.348
TTAGCT	70.0	4512.0	-7.348
TAGCTA	76.0	3669.3	-7.348
GGCTGG	95.0	7978.8	-7.348
CATTCA	86.0	5284.1	-7.348
ATTCAT	141.0	6963.6	-7.348
AGTGCT	122.0	6413.9	-7.348
AGAGAA	264.0	15184.3	-7.348
ATCATG	82.0	4846.3	-7.348
TTTTTA	346.0	19351.4	-7.348
TTTTAA	354.0	21109.8	-7.348
ATGTAC	86.0	4578.7	-7.348
TGTACT	89.0	4830.8	-7.348
GATAAG	61.0	3330.4	-7.348
AAGTGG	107.0	5810.8	-7.348
GTGGAT	92.0	4819.9	-7.348
AACATG	97.0	6328.9	-7.348
ACATGT	112.0	7760.1	-7.348
ATGGAT	113.0	6665.0	-7.348
GGATTA	46.0	3865.6	-7.348
TTTCAT	155.0	9884.1	-7.348
TCATGA	92.0	5203.7	-7.348
TGAGCA	118.0	6280.8	-7.348
AATGAC	77.0	4585.2	-7.348
GATGCT	71.0	5372.3	-7.348
TGCTAA	84.0	4778.9	-7.348
ATACCT	93.0	4024.9	-7.348
TACTGT	83.0	4751.7	-7.348
ATGTCT	115.0	6423.9	-7.348
TGCTCT	132.0	7039.5	-7.348
AAGAGA	190.0	12492.2	-7.348
TCAGTA	77.0	4235.9	-7.348
CAGTAT	76.0	3960.7	-7.348
TATTGC	65.0	3327.6	-7.348
ATTGCT	84.0	5742.3	-7.348
GTACAT	78.0	4708.8	-7.348
CTTGTC	67.0	4059.0	-7.348
TTGGCA	71.0	4898.4	-7.348
CATTTT	213.0	12823.6	-7.348
TTTTGT	328.0	17553.1	-7.348
GTTTGG	102.0	6073.1	-7.348
TGGGTT	100.0	6406.1	-7.348
GTTTAC	62.0	3295.9	-7.348
TTACAT	115.0	7088.6	-7.348
TTTTTC	240.0	12686.4	-7.348
GGAGGA	155.0	10349.6	-7.348
AGTACA	66.0	4815.6	-7.348
ATACTG	71.0	3967.9	-7.348
TGTAGA	129.0	6862.0	-7.348
ACTTTT	156.0	8981.6	-7.348
TCCATT	99.0	5824.6	-7.348
TTTATT	340.0	19377.0	-7.348
TTGATG	68.0	6141.2	-7.348
TGATGA	104.0	6570.3	-7.348
GATGAG	84.0	5132.1	-7.348
GAGGAT	89.0	4982.5	-7.348
TCCCTT	96.0	5213.7	-7.348
TATAAC	66.0	3423.0	-7.348
TAACTG	84.0	4263.8	-7.348
AATTAG	101.0	5086.4	-7.348
ATTAGT	80.0	4142.5	-7.348
ACCTGT	76.0	4548.2	-7.348
CCTGTA	71.0	4026.5	-7.348
TTATCT	96.0	5742.3	-7.348
TATCTT	100.0	5986.6	-7.348
TTTTAT	305.0	17281.6	-7.348
CTTTAT	129.0	7412.8	-7.348
ATGGTT	81.0	5703.1	-7.348
TTCAAT	91.0	5197.5	-7.348
ATGAAG	152.0	7856.5	-7.348
TAACCT	62.0	3167.6	-7.348
GTTAGA	53.0	4004.3	-7.348
ATAGTG	77.0	4167.6	-7.348
AACTAG	66.0	3412.3	-7.348
ATACAT	119.0	9368.0	-7.348
ATGATT	109.0	6204.2	-7.348
CCTATT	52.0	3017.9	-7.348
GGAAGG	155.0	9629.3	-7.348
ATTGGT	86.0	4374.0	-7.348
TATCCT	43.0	3741.8	-7.348
AACTTG	78.0	5263.1	-7.348
CTTGGT	69.0	5345.4	-7.348
TGGTCT	93.0	5716.9	-7.348
TCTGTT	144.0	7936.6	-7.348
GCTTTA	48.0	4966.8	-7.348
TAGTTA	66.0	4257.7	-7.348
ATTAAC	54.0	3744.7	-7.348
CTGTAT	95.0	5416.9	-7.348
GCATTA	57.0	3466.5	-7.348
TGTTTT	328.0	19948.1	-7.348
GTTTTT	215.0	13868.2	-7.348
TAGACT	66.0	3701.9	-7.348
TGGCTT	133.0	7339.0	-7.348
CTTGAA	88.0	6365.3	-7.348
GAAGGG	106.0	6488.7	-7.348
AGAAAG	279.0	18152.6	-7.348
GAAGCA	118.0	6893.9	-7.348
TGGCTA	79.0	4396.9	-7.348
CTATCT	85.0	4313.9	-7.348
ATTCAG	67.0	5280.3	-7.348
TAAGCT	60.0	3376.9	-7.348
GATGCA	98.0	4613.4	-7.348
TGGTGA	109.0	6287.5	-7.348
TGATAG	63.0	4219.4	-7.348
ACTGCA	84.0	4862.1	-7.348
TTAGTG	103.0	4628.6	-7.348
ATGAAT	175.0	8823.1	-7.348
AGCTTA	49.0	3589.7	-7.348
TGAATC	51.0	3837.7	-7.348
GGGGAA	144.0	7264.9	-7.348
CCTGTT	102.0	4947.2	-7.348
TGTTGA	126.0	6189.7	-7.348
AGTGAA	115.0	6617.8	-7.348
TCAATG	71.0	4104.3	-7.348
AACTAT	87.0	4436.0	-7.348
TATGAC	62.0	3158.8	-7.348
AAATGC	135.0	7587.9	-7.348
TGACTA	65.0	3675.6	-7.348
TAATGC	73.0	3254.6	-7.348
ATGCAC	88.0	4705.4	-7.348
AGCAGG	131.0	6888.4	-7.348
TTGGAT	113.0	5359.5	-7.348
TGGGAA	149.0	8901.0	-7.348
CCTTAT	63.0	3349.8	-7.348
TTATTT	335.0	18924.8	-7.348
TAGAGG	89.0	4652.1	-7.348
AGATTG	78.0	4340.6	-7.348
GATTGA	46.0	3469.1	-7.348
TGATGC	72.0	4356.9	-7.348
CTTGTG	115.0	5853.9	-7.348
TTGTGC	78.0	4287.1	-7.348
GTTGAA	106.0	4662.0	-7.348
AATGGG	123.0	5620.8	-7.348
TGGCAT	85.0	5209.0	-7.348
CATGCT	118.0	5454.5	-7.348
CTAACT	54.0	3216.1	-7.348
CTTGTT	115.0	6142.7	-7.348
TGTTCA	116.0	6095.4	-7.348
CTTGCT	116.0	6499.7	-7.348
GTGGTG	98.0	8023.3	-7.348
CTGTTT	142.0	8681.1	-7.348
CATTAG	43.0	3668.4	-7.348
CCTCTT	93.0	5641.6	-7.348
TTGAAT	110.0	6994.5	-7.348
AGCAAG	91.0	7050.4	-7.348
CATCTT	108.0	6068.1	-7.348
TTTTCT	275.0	17091.7	-7.348
TCTTTT	225.0	13727.5	-7.348
TAACAT	95.0	5373.9	-7.348
TGTCCA	70.0	4263.5	-7.348
GCTTAA	72.0	3341.1	-7.348
AGTATG	71.0	4556.6	-7.348
TCTCTA	72.0	5021.9	-7.348
GGAAGC	99.0	5646.0	-7.348
TGATTG	80.0	5120.2	-7.348
GGGAAG	140.0	8367.7	-7.348
TTTGGA	120.0	7976.7	-7.348
ACGTTT	28.0	1871.6	-7.348
AGGTTT	99.0	6282.2	-7.348
TTTACC	74.0	3760.2	-7.348
TGGCTG	149.0	7804.7	-7.348
GAGTGG	79.0	5993.1	-7.348
TATTCA	91.0	5801.4	-7.348
CCCTTT	93.0	5381.9	-7.348
GTTGCA	57.0	3236.7	-7.348
TTGCAA	89.0	5315.2	-7.348
TGCAAT	82.0	4243.6	-7.348
GGTATG	61.0	3785.4	-7.348
GTGAAA	129.0	6617.4	-7.348
CTTTTT	270.0	13205.6	-7.348
TTTCCA	136.0	8247.1	-7.348
TTCCCT	100.0	6119.1	-7.348
TTGGCT	105.0	5531.1	-7.348
GTGTAG	103.0	4721.3	-7.348
ATCAGT	60.0	3913.6	-7.348
AGTTTA	95.0	6171.3	-7.348
TCTATC	73.0	3703.4	-7.348
GTTGGA	83.0	4310.7	-7.348
GAATAG	54.0	3843.6	-7.348
TTGGTA	71.0	4512.8	-7.348
ACAAGC	50.0	3531.7	-7.348
CAAGCA	76.0	5418.8	-7.348
ACACAG	132.0	7764.4	-7.348
ATGTTG	123.0	5879.0	-7.348
GGGTTG	56.0	4110.2	-7.348
TGGTTG	72.0	5957.8	-7.348
AGGGGG	110.0	5604.7	-7.348
GGGGGA	119.0	6599.1	-7.348
TACACA	100.0	7887.8	-7.348
CCTTGT	74.0	4747.0	-7.348
TTTAGT	90.0	6529.6	-7.348
TGTGGA	119.0	7159.6	-7.348
AACCAT	82.0	5231.1	-7.348
TAGCTT	82.0	4439.5	-7.348
AAGCTT	84.0	5365.0	-7.348
TATAGT	71.0	4625.7	-7.348
ATAGTT	75.0	5116.6	-7.348
GTTCAA	80.0	4321.4	-7.348
AACCTA	73.0	3451.9	-7.348
GGAGGG	188.0	10109.6	-7.348
AGGGGT	62.0	4148.8	-7.348
GTTGGG	65.0	4798.7	-7.348
CAGTGT	133.0	7001.1	-7.348
AGTGTT	117.0	6454.5	-7.348
TTAGAA	136.0	8322.4	-7.348
AATCCA	89.0	4627.2	-7.348
CATCAT	80.0	4941.4	-7.348
GAAGGC	59.0	4830.7	-7.348
GGATAA	69.0	3742.2	-7.348
ATAAGC	67.0	3122.4	-7.348
TACTTA	66.0	4764.7	-7.348
ATACAC	67.0	5277.1	-7.348
ACTGTA	107.0	5026.5	-7.348
CAGGTT	81.0	4499.9	-7.348
CTAAAC	71.0	3362.1	-7.348
TGAAAC	102.0	5718.7	-7.348
GAAGTG	110.0	5821.1	-7.348
ATGGCA	86.0	5343.6	-7.348
ATGCAA	100.0	5859.1	-7.348
GTTTAG	86.0	4199.7	-7.348
TCTTGC	67.0	4301.9	-7.348
TGTATG	223.0	12473.5	-7.348
ATGGGG	101.0	5370.1	-7.348
ATGATC	62.0	3588.7	-7.348
AACCAG	69.0	4832.1	-7.348
TAGGAT	58.0	3860.5	-7.348
GTATGG	63.0	3593.4	-7.348
CTTGCA	88.0	4426.8	-7.348
GTAGAG	90.0	4636.8	-7.348
GATGGA	113.0	6883.8	-7.348
GCTAAA	73.0	4267.5	-7.348
GATAGT	33.0	2720.7	-7.348
TAATTG	92.0	5099.0	-7.348
AGGCAT	82.0	5469.9	-7.348
GCATCT	69.0	4659.3	-7.348
GTGAGG	95.0	5994.4	-7.348
TGGGGG	130.0	7862.4	-7.348
GCAGGA	134.0	6519.4	-7.348
ACCATA	55.0	3496.3	-7.348
GCATTT	102.0	7513.8	-7.348
CTGCCT	181.0	8664.8	-7.348
TGAACT	85.0	6093.6	-7.348
CTTGTA	75.0	4354.6	-7.348
TCATGC	62.0	3394.7	-7.348
GTGTAA	87.0	4515.9	-7.348
TGTAAT	126.0	6794.1	-7.348
GTAATG	67.0	3946.0	-7.348
AAGCCT	103.0	5032.4	-7.348
TAGTGT	75.0	4505.0	-7.348
CCTGTG	119.0	7134.5	-7.348
TCTGCA	115.0	6470.3	-7.348
GAAGGT	78.0	5060.5	-7.348
CTTAAT	102.0	4795.7	-7.348
GTAGGG	49.0	3552.3	-7.348
GGTAGG	69.0	4090.8	-7.348
AATTGC	58.0	3696.8	-7.348
TTGCCT	78.0	5882.2	-7.348
CATACT	55.0	3407.7	-7.348
GTGTTC	84.0	4716.5	-7.348
TGTTCC	81.0	4584.9	-7.348
TAATGG	75.0	4366.5	-7.348
AGAATG	137.0	7907.7	-7.348
TTACTA	51.0	4286.6	-7.348
TAACCA	57.0	3766.4	-7.348
GTGCAA	71.0	3357.9	-7.348
ATGTTC	96.0	5071.0	-7.348
GTTGAT	58.0	3752.5	-7.348
ACACAT	154.0	9259.8	-7.348
CACATT	89.0	5823.1	-7.348
ATCTTT	125.0	8436.8	-7.348
GCAAGA	72.0	5289.7	-7.348
GAATGT	104.0	6265.3	-7.348
GGGGTG	113.0	6679.9	-7.348
CTACTT	40.0	3988.6	-7.348
ACTATA	68.0	3961.8	-7.348
ATAGCA	85.0	5372.5	-7.348
TATGCT	94.0	4559.2	-7.348
TGATCA	64.0	4206.0	-7.348
AAGGGG	89.0	5755.8	-7.348
ATGTAG	102.0	5731.2	-7.348
ACAGAC	101.0	5347.1	-7.348
GCAAGT	58.0	3845.2	-7.348
GAGTGC	68.0	4092.1	-7.348
GATAGG	37.0	2998.4	-7.348
GGGTAG	41.0	3828.3	-7.348
CATACA	89.0	7237.8	-7.348
GCTTAT	68.0	3263.7	-7.348
AAGCGA	33.0	1186.2	-7.348
ACGAAA	24.0	1406.5	-7.348
GAGGGT	60.0	4681.8	-7.348
CATTGG	65.0	4360.0	-7.348
TGCGTT	19.0	1237.2	-7.348
GTAGGA	56.0	3610.4	-7.348
GGGGAT	73.0	4150.2	-7.348
CGTTTT	37.0	2159.0	-7.348
TTTTCG	25.0	1457.7	-7.348
CGTTTG	21.0	1609.3	-7.348
TATTGG	39.0	3899.8	-7.348
TTGCGT	14.0	934.0	-7.348
AAACGT	32.0	1873.5	-7.348
CCCGAC	27.0	997.4	-7.340
ATAGCT	108.0	4400.0	-7.331
GAATCG	17.0	849.6	-7.328
CGGATG	21.0	1104.4	-7.303
CGTAAA	20.0	956.5	-7.293
GTACTT	97.0	3897.1	-7.285
TAGCTG	124.0	5190.6	-7.261
TAACGC	17.0	515.5	-7.258
GTAACT	89.0	3502.5	-7.228
CGTCGA	2.0	216.2	-7.226
TCTCAA	132.0	5568.0	-7.216
AAACGA	49.0	1684.6	-7.209
CCCCCT	70.0	3391.2	-7.209
GAGGAC	113.0	4678.7	-7.193
GATACC	54.0	2022.2	-7.190
GGTACG	4.0	624.9	-7.165
ATGACA	129.0	5417.4	-7.157
ATTGCA	112.0	4634.0	-7.148
GCTTCG	40.0	1288.9	-7.144
ACGTTA	9.0	971.5	-7.116
CCATAT	94.0	3769.8	-7.098
GTTAAA	138.0	5909.6	-7.080
CGCTCT	44.0	1482.1	-6.924
GCCGGG	77.0	2995.8	-6.909
ACTCTC	83.0	3244.9	-6.890
TCGTAT	16.0	737.7	-6.881
ATACTA	90.0	3598.7	-6.859
CGATTT	33.0	1005.0	-6.858
CGTCGG	6.0	577.6	-6.847
CAACAC	84.0	3299.8	-6.847
TCAGCA	128.0	5759.3	-6.841
TAACTA	95.0	3856.5	-6.825
TCGGTG	19.0	1366.7	-6.819
TCACGT	42.0	1400.3	-6.819
CGTCTA	24.0	638.5	-6.807
CCCCTG	103.0	4225.4	-6.746
TCGCTA	9.0	602.4	-6.710
GATTGC	54.0	2991.4	-6.699
TCGGAT	15.0	725.9	-6.694
GATGGT	118.0	4964.5	-6.681
TGGGGA	182.0	8132.8	-6.672
CTATGC	73.0	2827.5	-6.657
ACGCTA	9.0	568.0	-6.629
GCAGCA	143.0	6204.1	-6.617
CGAGAT	35.0	1107.8	-6.614
CATAGC	53.0	3388.8	-6.588
ATATTT	300.0	14221.8	-6.572
ATACAG	130.0	5566.0	-6.568
ACCGGT	10.0	680.0	-6.550
CACACC	64.0	4274.3	-6.508
CGGTTA	9.0	725.8	-6.453
GTTGCT	118.0	5002.7	-6.440
CGATGT	32.0	990.9	-6.437
GTTAAC	51.0	2383.3	-6.433
ACTAAA	138.0	6021.2	-6.425
CGATCG	7.0	369.0	-6.422
GTCGGC	32.0	991.1	-6.421
CTGATC	74.0	2905.3	-6.417
TACCGT	23.0	667.3	-6.413
CACCCA	78.0	4501.1	-6.392
TACCTT	99.0	4070.2	-6.389
ACGTAG	31.0	951.8	-6.386
GGGCAT	52.0	4459.8	-6.385
CCGGGT	47.0	1664.7	-6.379
ATGCCC	63.0	3914.1	-6.366
TACGCG	14.0	283.7	-6.353
CCCGTT	23.0	942.1	-6.344
ACCGTT	21.0	815.2	-6.325
CCGACC	27.0	918.6	-6.312
CCATAC	62.0	2332.3	-6.299
GTTCGC	8.0	627.2	-6.283
CGCTCA	31.0	959.3	-6.263
GCCGTA	6.0	512.8	-6.250
AAATTC	162.0	7210.3	-6.242
CCACAC	68.0	4267.4	-6.234
AATTCA	148.0	6550.9	-6.220
CAGTAC	77.0	3079.8	-6.216
CTAGTC	58.0	2150.7	-6.209
GCCGTT	28.0	835.5	-6.196
CGGGCC	53.0	1962.9	-6.190
TATTTT	396.0	19334.8	-6.188
ACCGTC	13.0	690.5	-6.184
CGTGCC	27.0	1333.2	-6.182
CCGTTG	18.0	815.1	-6.180
CTTTAA	208.0	9558.5	-6.176
AACCTC	78.0	3137.8	-6.153
CTTAAC	35.0	3006.1	-6.145
GTGGGA	146.0	6457.8	-6.134
ACTGTC	92.0	3799.7	-6.132
TAATCA	101.0	4211.4	-6.131
CCCTCC	127.0	5537.3	-6.108
CCCGTA	7.0	592.6	-6.072
TAGTAG	79.0	3201.0	-6.045
GGGCCG	56.0	2121.3	-6.025
CCCTTC	70.0	4236.8	-6.012
GATGCG	11.0	964.7	-5.998
AACCGG	10.0	965.3	-5.975
CCCGGT	22.0	1160.1	-5.973
GGCGTG	69.0	2712.8	-5.967
CGTGCG	10.0	1375.9	-5.924
CCTCGT	36.0	1202.0	-5.918
GCAGTA	69.0	3353.0	-5.896
GCTCTC	82.0	3963.7	-5.894
ACGGGT	28.0	855.8	-5.893
TACCTA	83.0	3388.4	-5.849
TGTACA	141.0	6242.3	-5.820
TTAGCG	14.0	772.2	-5.817
TGACGG	20.0	972.5	-5.810
CGCGCT	10.0	1236.2	-5.796
GAAGAT	149.0	6689.4	-5.789
TCGTAC	16.0	426.2	-5.780
GTTAGG	73.0	2935.8	-5.774
GAACGT	29.0	1172.0	-5.761
AGGCGT	18.0	1376.0	-5.757
TACCCG	19.0	694.3	-5.753
GACCCT	59.0	3417.0	-5.752
TCATCC	46.0	3283.6	-5.743
CAGCAC	128.0	5603.1	-5.739
CCGTAA	17.0	692.5	-5.739
AAGATT	154.0	6922.9	-5.736
TGCCTA	92.0	3858.6	-5.724
TTGACC	54.0	2619.4	-5.711
TCCCGT	20.0	1195.6	-5.700
ATGGTG	146.0	6541.6	-5.696
GCACGG	23.0	1572.8	-5.695
AGTACG	23.0	657.4	-5.693
TTAAAT	245.0	11579.9	-5.686
ACTAAT	89.0	3709.1	-5.685
TGTACG	19.0	1001.8	-5.679
CTAGCG	13.0	646.1	-5.667
TCACAC	58.0	3869.6	-5.664
CGTGAT	28.0	1106.9	-5.663
CCGTTA	22.0	618.4	-5.661
CTGGCT	133.0	7247.5	-5.659
CCCCTC	98.0	4180.8	-5.658
AGGTGC	68.0	3940.5	-5.658
CTCACT	82.0	4910.6	-5.658
GCTCAT	50.0	3556.9	-5.658
CACTCA	54.0	4343.1	-5.658
ATGTCC	60.0	3430.0	-5.658
GCATTC	55.0	3551.9	-5.658
GATGGC	79.0	4912.6	-5.658
TGGCTC	92.0	5607.9	-5.658
TATACC	53.0	2463.6	-5.658
CAATGC	50.0	3073.3	-5.658
ATGCTC	74.0	3994.0	-5.658
CTGACT	103.0	5169.6	-5.658
CTCCAT	81.0	4697.3	-5.658
CACTGT	107.0	5933.5	-5.658
ATCTGC	48.0	3992.0	-5.658
GAGCGT	25.0	1211.6	-5.658
ACAGGC	44.0	4120.2	-5.658
GTATAC	40.0	2685.9	-5.658
CACACT	71.0	4854.9	-5.658
CCTGAT	48.0	3912.3	-5.658
ACCACA	100.0	5249.5	-5.658
TGCCTC	81.0	6036.9	-5.658
GCAGGC	74.0	5405.5	-5.658
TGAACC	64.0	3525.9	-5.658
CCTGCT	91.0	6031.4	-5.658
ACCCAA	54.0	4120.2	-5.658
TGGTGC	80.0	4539.0	-5.658
GTGCGA	7.0	850.9	-5.658
TGCGAA	7.0	843.5	-5.658
ACCAAT	38.0	3220.3	-5.658
TCTAAC	46.0	2827.2	-5.658
CGTTTA	24.0	1118.3	-5.658
CCTGCA	87.0	5536.4	-5.658
GTAGTA	60.0	3112.5	-5.658
CTGCGT	18.0	1659.8	-5.658
GTGCTA	41.0	3273.5	-5.658
GAACCA	58.0	4098.0	-5.658
AATGGC	72.0	4492.8	-5.658
CCATCT	115.0	5658.8	-5.658
CTATTC	61.0	2854.2	-5.658
TGCAGC	97.0	5297.9	-5.658
TGAGGC	72.0	5379.8	-5.658
GTAGCA	79.0	3563.8	-5.658
CCAGTG	111.0	5335.6	-5.658
CACTCT	64.0	4078.1	-5.658
TAGCCT	43.0	3785.7	-5.658
CATCTC	75.0	4776.3	-5.658
CAATAC	45.0	2414.1	-5.658
GGTTCA	63.0	3223.1	-5.658
GTAGCT	69.0	3988.4	-5.658
ACCTAA	52.0	3731.1	-5.658
TACGTG	26.0	1317.5	-5.658
ACGTGT	39.0	2188.2	-5.658
GTGGAC	60.0	3099.5	-5.658
GCAAGC	52.0	4164.0	-5.658
TGCGTA	21.0	848.9	-5.658
CCATGA	72.0	4996.1	-5.658
TATAGC	51.0	3260.7	-5.658
TGTTCG	12.0	986.3	-5.658
CCTGTC	77.0	4919.9	-5.658
ACTAAC	44.0	2524.7	-5.658
CGAAAT	11.0	892.5	-5.658
GTCTAG	36.0	2604.9	-5.658
AACGTA	18.0	1096.2	-5.658
GCGAGG	29.0	2057.4	-5.658
GGGGTA	38.0	2818.9	-5.658
GCGTTT	26.0	1404.2	-5.658
GCGTGT	51.0	2573.8	-5.658
GCATAC	50.0	2839.1	-5.658
CTAGTG	57.0	2996.6	-5.658
ACTTGC	56.0	3411.1	-5.658
TGTACC	39.0	3007.5	-5.658
CATTGC	60.0	3766.2	-5.658
AACGTG	39.0	1719.0	-5.658
TGAGCG	27.0	1596.2	-5.658
GATTAC	21.0	2280.6	-5.658
TCCGAC	21.0	577.2	-5.653
CCGTCC	33.0	1090.1	-5.642
TGTCGG	31.0	1003.7	-5.623
ACGTTC	22.0	929.0	-5.622
TCCATC	99.0	4409.7	-5.619
GGCTTC	108.0	4661.2	-5.613
TAAACC	84.0	3465.1	-5.594
TAATTA	169.0	7739.6	-5.592
CTTCGT	18.0	1216.6	-5.566
CGCGTT	8.0	466.3	-5.553
ATGCGG	20.0	845.5	-5.537
TCGTTA	13.0	824.0	-5.513
AGGGCC	64.0	3839.6	-5.506
TGACTC	92.0	3892.5	-5.496
GGTAAA	114.0	4948.6	-5.492
TTCAGC	96.0	4103.8	-5.486
TAGCAC	39.0	2892.6	-5.478
TGTCCC	98.0	4211.5	-5.460
TTCGAT	25.0	756.6	-5.444
CGATAT	16.0	682.7	-5.437
ACTAGC	40.0	2190.7	-5.436
TCTCGG	39.0	1380.1	-5.421
AGGGGA	167.0	7666.1	-5.410
ATCGGA	4.0	683.8	-5.408
CACTTT	132.0	5887.1	-5.389
GATACA	99.0	4223.4	-5.389
CCTCCC	121.0	6355.4	-5.376
AACTTT	171.0	7901.1	-5.374
CACGAA	19.0	1033.8	-5.371
GTGACG	36.0	1248.3	-5.356
ACTACC	27.0	1954.5	-5.356
CGTAAT	16.0	738.0	-5.354
ACATGC	122.0	5407.1	-5.337
TTCACC	72.0	2943.3	-5.329
TGGAGG	176.0	8142.8	-5.322
ATGCGA	23.0	679.7	-5.318
ACTCAC	46.0	4070.2	-5.306
TGGTAA	111.0	4877.6	-5.286
AAGCTA	101.0	4346.7	-5.284
GGCCCT	55.0	3623.5	-5.267
GTCCGT	23.0	838.7	-5.261
GCAGTT	104.0	4509.7	-5.261
CATCGG	11.0	969.6	-5.251
TGGAAT	145.0	6577.7	-5.251
CATTGT	130.0	5806.7	-5.244
ATGGGA	139.0	6304.3	-5.229
AGATTA	113.0	4998.0	-5.219
TTTATC	124.0	5539.6	-5.210
CATATT	133.0	5979.3	-5.202
GACCGT	29.0	947.0	-5.194
CTTAAA	165.0	7602.6	-5.193
CGGTCG	18.0	481.8	-5.190
ACCTAT	68.0	2760.2	-5.189
TTAAGG	105.0	4578.0	-5.173
ATGATG	143.0	6487.6	-5.152
CCCTCT	101.0	4956.2	-5.145
AACGGT	14.0	784.6	-5.129
ATCGGC	8.0	683.2	-5.118
CGAGGT	18.0	1362.6	-5.101
GCCATA	64.0	2572.2	-5.098
ACTGAC	84.0	3539.3	-5.095
GTTAGC	37.0	2489.1	-5.094
TTTTGG	188.0	8834.9	-5.083
CTCGAT	21.0	749.9	-5.076
GATTGG	84.0	3542.9	-5.075
CGTATG	27.0	868.2	-5.066
TCCCTA	58.0	3140.0	-5.061
GACGTA	23.0	698.8	-5.011
CTTTTG	180.0	8458.7	-4.966
TCGTCC	26.0	831.8	-4.961
TGCCCG	21.0	1580.3	-4.960
ATCGTG	19.0	1138.1	-4.956
GTTGAC	49.0	2332.3	-4.955
ACCGTA	19.0	615.2	-4.955
GAGGTC	86.0	3665.1	-4.954
AACGAC	8.0	769.4	-4.949
AAACTT	174.0	8118.3	-4.942
AGCCAA	117.0	5212.3	-4.937
CCTGGC	79.0	5930.5	-4.933
GGACCG	15.0	1353.2	-4.929
CGTATA	23.0	834.7	-4.929
GCGCGA	8.0	900.1	-4.929
ACCGAA	19.0	980.9	-4.920
CATCGT	31.0	1059.6	-4.902
ACCCGC	16.0	1129.2	-4.898
TAATCG	19.0	581.5	-4.895
TACTTG	96.0	4202.8	-4.884
TTATCA	111.0	4953.6	-4.871
CCCGAA	30.0	1017.6	-4.856
GTACCT	59.0	2718.0	-4.854
CACGAG	39.0	1433.0	-4.852
ATGGCT	138.0	6329.2	-4.848
GAGGTT	97.0	4266.4	-4.821
ACCGCA	29.0	976.2	-4.811
AGGCGC	21.0	1743.7	-4.807
ATTTGC	121.0	5456.3	-4.803
CTCATC	76.0	3224.9	-4.794
GACGCG	27.0	888.7	-4.792
CTGTAA	132.0	6009.6	-4.789
TCGGTT	32.0	1115.0	-4.781
GGTTCC	72.0	3023.0	-4.770
TAAGCC	50.0	2631.7	-4.766
GGGGCC	87.0	3749.8	-4.755
GACCGC	29.0	981.7	-4.748
GTCTAC	69.0	2874.4	-4.733
CCCTGT	119.0	5361.9	-4.729
CCCACT	91.0	3965.6	-4.728
GTGTTT	209.0	10000.3	-4.680
TCGCTG	41.0	1546.1	-4.672
CGATAA	12.0	630.1	-4.663
CCTACG	11.0	730.5	-4.645
GCGGAA	32.0	1154.4	-4.631
GGCACG	36.0	1314.8	-4.623
TAACGA	26.0	857.6	-4.618
AGCGGT	31.0	1083.7	-4.613
ACACGA	25.0	1129.4	-4.608
GGTTAG	74.0	3150.0	-4.607
GTTTAA	131.0	5993.1	-4.604
CAGCGT	19.0	1535.0	-4.604
TGGTTA	102.0	4520.5	-4.597
ATGCCG	21.0	898.7	-4.591
CTCTCT	204.0	9795.5	-4.566
CCAAAT	114.0	5123.3	-4.558
GTCGCT	10.0	990.6	-4.557
AAACCG	17.0	1173.2	-4.540
GGGCGG	42.0	4488.3	-4.537
TGAGGG	127.0	5841.7	-4.537
GATGCC	43.0	3585.7	-4.514
TCAGCC	94.0	4161.4	-4.513
AGTGTA	112.0	5079.5	-4.503
ACCCGT	14.0	821.1	-4.496
CCGCCC	71.0	3013.1	-4.482
ACGCTT	14.0	947.0	-4.482
CGTATC	6.0	446.0	-4.481
ACCGAT	20.0	605.8	-4.475
AATCCT	98.0	4383.1	-4.466
GTACGT	16.0	915.1	-4.461
CCGGCT	43.0	1666.1	-4.448
CACGCT	19.0	1190.5	-4.431
ACACTC	43.0	3257.0	-4.426
ACCACC	80.0	3490.2	-4.422
CTTGGC	96.0	4287.6	-4.409
GTCTCG	20.0	1310.2	-4.396
ACCTAG	56.0	2806.1	-4.394
CCATAG	57.0	3280.9	-4.364
ATTACC	40.0	2329.0	-4.364
TACCCA	55.0	3804.2	-4.364
GCACAC	83.0	5308.4	-4.364
CTTAGC	64.0	3314.1	-4.364
GCGGGG	56.0	3793.0	-4.364
ACTAGT	42.0	2294.9	-4.364
GGCGGG	51.0	4613.5	-4.364
TCTAGC	59.0	3109.9	-4.364
GTAGGC	49.0	2372.7	-4.364
CCCACA	78.0	4923.8	-4.364
AGCGAT	10.0	992.9	-4.364
TCGATT	13.0	786.9	-4.364
TTCCGT	31.0	1178.0	-4.364
CCTAAT	62.0	3201.2	-4.364
AGTAGC	60.0	3304.8	-4.364
TGGACG	14.0	1239.3	-4.364
CTCTCC	101.0	5528.0	-4.364
TAATCC	63.0	3474.2	-4.364
CCAATG	65.0	3452.2	-4.364
GCTAGT	28.0	2386.2	-4.364
AGCCTA	57.0	3270.0	-4.364
GCCTAT	30.0	2387.4	-4.364
AAACGC	15.0	1202.1	-4.364
GATCCA	48.0	3184.1	-4.364
TCCAGT	82.0	4567.0	-4.364
GTTCAC	48.0	2672.6	-4.364
CCGTGT	24.0	1733.0	-4.364
GCTTAC	48.0	2538.8	-4.364
ACCTGC	83.0	3917.7	-4.364
AGGCCT	73.0	4356.6	-4.364
CCTTCC	82.0	5944.3	-4.364
ATACGA	14.0	748.3	-4.364
CGTATT	21.0	845.4	-4.364
CCGTTT	19.0	1306.2	-4.364
TTCGCT	22.0	932.7	-4.364
TAGCGA	10.0	764.3	-4.364
TTTCGG	20.0	1031.7	-4.364
GACTGA	98.0	4404.1	-4.354
TGTGTT	236.0	11545.3	-4.354
TCTGAT	121.0	5550.2	-4.347
GCTGTA	88.0	3874.7	-4.338
CTACGC	12.0	616.4	-4.333
TTCTTA	151.0	7124.1	-4.329
CTTGAC	73.0	3142.7	-4.322
TCACGA	26.0	880.5	-4.320
GAATCC	55.0	2859.8	-4.314
GAAACC	114.0	5174.9	-4.304
TTAGTA	98.0	4415.2	-4.299
GCGAGT	31.0	1111.6	-4.294
ACTGCC	47.0	3566.2	-4.281
TACCCC	47.0	1881.0	-4.278
AATGTC	105.0	4748.2	-4.258
ACGTAC	18.0	728.9	-4.256
ATACGT	31.0	1115.3	-4.250
GTACGA	16.0	492.7	-4.248
CGTCTG	36.0	1353.8	-4.233
CCCAGC	146.0	6866.9	-4.224
ATCACG	25.0	842.4	-4.223
GTCACG	30.0	1073.4	-4.206
GCTAGC	52.0	2693.6	-4.196
TCACGC	9.0	812.5	-4.186
ATAAGT	106.0	4817.5	-4.182
GACTAT	67.0	2853.8	-4.182
TAGTGA	100.0	4494.1	-4.171
TAACGG	18.0	647.8	-4.166
GAACCG	29.0	1031.2	-4.152
TACACC	51.0	2096.8	-4.151
GGCGCA	35.0	1577.5	-4.149
CCTGCG	52.0	2148.5	-4.134
ACCTTT	119.0	5487.6	-4.127
ACGATT	25.0	850.5	-4.123
GCCCAT	57.0	3226.1	-4.116
ATCAGC	76.0	3334.6	-4.101
GTGCGG	39.0	1511.4	-4.098
CGGGGT	44.0	1758.8	-4.078
GCGCCC	47.0	1907.3	-4.072
GTCCGA	20.0	632.7	-4.067
TCTACG	21.0	676.7	-4.062
AAACCA	175.0	8407.1	-4.055
GGCCGA	23.0	1368.8	-4.052
GGGCCC	56.0	3014.6	-4.045
TCAACG	10.0	722.1	-4.045
CCGTTC	24.0	863.0	-4.034
TACTAT	88.0	3930.5	-4.028
CGTAAG	6.0	754.1	-4.028
CTGTTG	119.0	5510.2	-4.027
ACCCTC	39.0	2910.7	-4.027
TTGCTT	187.0	9063.1	-4.022
TTCTCG	35.0	1327.6	-4.018
CAGAGG	190.0	9242.3	-4.016
TATCTG	111.0	5126.3	-4.016
GCGTTA	18.0	549.2	-4.003
TTAAGA	151.0	7209.0	-3.999
TATACG	14.0	750.6	-3.997
ATGAAC	106.0	4858.0	-3.989
AACTGT	118.0	5465.6	-3.979
GTTCGA	30.0	1094.9	-3.978
GTATAG	78.0	3461.4	-3.977
CCCTCG	38.0	1477.7	-3.974
ATAACT	102.0	4642.3	-3.974
GAAGCT	119.0	5523.6	-3.970
CGAGCG	32.0	1189.8	-3.969
GTATCG	15.0	424.4	-3.961
TAACCG	13.0	649.7	-3.957
GGATAG	78.0	3467.0	-3.948
ACGCTC	15.0	812.1	-3.947
TCTTAC	80.0	3572.3	-3.947
ATAGCG	16.0	541.6	-3.945
GCACAT	111.0	5143.5	-3.938
CCTATC	50.0	2087.9	-3.932
CTACCC	54.0	2281.4	-3.901
TAGTCT	81.0	3582.4	-3.895
GTTCCA	99.0	4497.9	-3.886
AACCGT	15.0	831.9	-3.884
CGGTGG	18.0	1966.2	-3.872
CGGGAT	33.0	1247.2	-3.869
GACGCA	14.0	981.6	-3.868
CCGAAT	8.0	782.5	-3.859
TTCGGT	18.0	1118.5	-3.858
TTCCTA	109.0	5051.3	-3.856
TCCCGA	35.0	1345.2	-3.847
CGGTAG	23.0	889.1	-3.842
CCGAAG	36.0	1395.1	-3.834
CACGTA	11.0	1101.8	-3.827
CAACCT	70.0	3067.7	-3.823
CGGTAC	15.0	521.0	-3.823
GCGTAG	15.0	711.1	-3.816
ATGAGT	126.0	5950.8	-3.814
CGGTTC	19.0	883.5	-3.813
GCCCGG	58.0	2678.2	-3.812
ATTTCG	24.0	831.7	-3.804
GCGATG	17.0	1174.1	-3.796
TTACCG	7.0	617.1	-3.793
AAGTTG	116.0	5398.5	-3.786
TGACCT	101.0	4630.7	-3.774
ACGGCC	26.0	927.4	-3.763
CCCGCT	13.0	1399.5	-3.757
CAATGT	102.0	4692.4	-3.739
GAGCCG	53.0	2256.5	-3.726
GGACTA	56.0	2409.3	-3.722
AGTAGA	111.0	5191.6	-3.720
CCAGAG	154.0	7400.1	-3.708
GTTAAT	95.0	4371.6	-3.707
ACCAAA	143.0	6829.9	-3.697
GTAGAA	113.0	5308.6	-3.695
TCCGTG	39.0	1558.3	-3.695
TCTCTT	166.0	8044.3	-3.689
CATACG	22.0	750.2	-3.689
CTTATC	61.0	2622.9	-3.679
CTCTTC	134.0	6385.4	-3.654
CTAACC	40.0	2269.8	-3.651
GGAATC	70.0	3097.6	-3.649
CGTGCT	30.0	1727.3	-3.612
CGTCGT	13.0	362.8	-3.590
CATCCA	101.0	4670.1	-3.589
TAAAGG	133.0	6345.8	-3.588
AGCTAA	100.0	4615.2	-3.588
AATACG	25.0	897.5	-3.584
CCTGGT	115.0	5391.4	-3.580
CTAGCA	83.0	3749.6	-3.573
TGTCTA	99.0	4565.9	-3.564
CCGTGC	22.0	1535.6	-3.563
CGGCAG	46.0	1924.3	-3.563
AGTTTT	198.0	9804.5	-3.557
TACGAC	7.0	398.4	-3.555
TAGCGC	14.0	553.0	-3.544
CCTAGC	67.0	2959.2	-3.540
CTGGTT	107.0	5012.6	-3.535
TCGCGC	12.0	694.9	-3.535
CGCGTA	10.0	245.0	-3.528
ATGTTT	218.0	10848.6	-3.516
CCCACC	74.0	4510.8	-3.513
TCGTCG	3.0	332.5	-3.504
TAAGGT	75.0	3388.7	-3.504
TCCGAT	13.0	631.6	-3.500
ACGAGT	20.0	888.3	-3.497
CGGGTA	23.0	812.9	-3.493
CGAGCA	15.0	1378.3	-3.484
ATCGAA	24.0	860.3	-3.483
CGAATC	9.0	643.5	-3.481
GCCTAA	49.0	2282.0	-3.479
TTTTGA	216.0	10739.7	-3.476
TTTGTA	184.0	9054.6	-3.471
AAGGTG	115.0	5417.6	-3.470
CACGAC	22.0	771.7	-3.454
GCTCAC	79.0	3614.0	-3.448
CTGACC	79.0	3613.4	-3.448
GCCTAG	68.0	3381.0	-3.448
TAGACG	21.0	724.5	-3.441
AGCACA	128.0	6101.2	-3.438
ATTTTT	377.0	19436.6	-3.431
GGAGGT	107.0	5040.0	-3.422
CAAGGA	113.0	5377.5	-3.406
TCCTAC	45.0	2418.8	-3.388
TGGAGC	114.0	5382.6	-3.385
CGACCC	20.0	896.2	-3.382
ATACGG	18.0	636.6	-3.358
ATCGCG	1.0	359.6	-3.355
AGGCTC	70.0	4087.5	-3.346
GCCCTT	51.0	3705.4	-3.346
GGTAAC	41.0	2226.9	-3.346
CGTTGA	22.0	869.1	-3.346
CCTAGT	50.0	2698.7	-3.346
AATCGT	11.0	810.7	-3.346
TAGACC	48.0	2559.1	-3.346
GGGGCG	65.0	3863.1	-3.346
AAGCGG	26.0	1292.6	-3.346
TCTACC	49.0	2886.3	-3.346
TTATCG	12.0	632.7	-3.346
TATCGT	17.0	655.8	-3.346
ACGATG	12.0	1164.5	-3.346
AGGACC	75.0	3870.6	-3.346
CTTACC	41.0	2464.5	-3.346
TCCGTT	11.0	1017.9	-3.346
ACGAAC	9.0	688.2	-3.346
CTTGCG	17.0	1068.4	-3.346
ATACCC	43.0	2348.6	-3.346
GAGGCG	44.0	2554.0	-3.346
ATTCGA	13.0	817.1	-3.346
TGACAC	81.0	3689.3	-3.338
CTAATG	80.0	3689.4	-3.338
CGATTC	11.0	714.4	-3.337
AGGCGA	33.0	1307.9	-3.329
GGTCGA	11.0	547.1	-3.319
GTCAGA	97.0	4565.8	-3.318
CCGTCT	28.0	1091.7	-3.316
GATACG	16.0	618.1	-3.315
AGGTTC	75.0	3428.5	-3.299
TCGAAC	22.0	785.7	-3.278
GTACCG	18.0	602.1	-3.270
GACGAC	24.0	880.9	-3.267
CTCAAC	62.0	2745.3	-3.260
CCGTCA	22.0	787.5	-3.255
CCCCGT	31.0	1219.1	-3.246
GTGATC	60.0	2643.6	-3.243
AGACCC	84.0	3872.6	-3.241
ATATAC	123.0	5929.6	-3.231
AGGTCT	87.0	4039.1	-3.222
AAGCGC	24.0	1090.8	-3.210
TAGCCG	14.0	729.0	-3.206
GAAAGC	124.0	5994.2	-3.200
ATCCGG	23.0	839.7	-3.196
CTTGGG	128.0	6166.7	-3.194
AGGATC	74.0	3401.0	-3.171
CCACTT	91.0	4269.2	-3.171
GTCCCT	81.0	3725.8	-3.167
GTTTGC	101.0	4769.9	-3.159
TATCGG	6.0	450.6	-3.159
ACCTGG	105.0	4991.5	-3.158
ATCGCT	14.0	844.7	-3.153
TTGACG	21.0	750.2	-3.152
CGTACA	18.0	788.4	-3.147
AGTTGA	102.0	4829.7	-3.141
TAACAC	64.0	2876.5	-3.120
ACACCG	27.0	1039.0	-3.119
CTACGG	21.0	753.7	-3.119
TGTAAC	85.0	3953.0	-3.116
GCGGTC	24.0	895.8	-3.113
ATCTCA	107.0	5116.4	-3.106
GTACAG	86.0	4014.2	-3.089
CGTACT	7.0	523.2	-3.086
CCATTG	94.0	4456.2	-3.077
AGCCGT	29.0	1142.2	-3.066
TTAGGA	107.0	5128.7	-3.060
GCGGTT	20.0	989.3	-3.059
CGGAAA	33.0	1341.7	-3.046
GCTGGC	120.0	5809.7	-3.044
TATCTA	98.0	4687.0	-3.041
CTCGGA	36.0	1493.1	-3.034
GCGCTC	33.0	1652.8	-3.025
TATTAC	74.0	3430.7	-3.024
CCGGAT	21.0	762.2	-3.021
ATCTTA	98.0	4692.5	-3.019
CTCGCG	11.0	870.5	-3.015
GGGCCA	86.0	4033.5	-3.001
CCACCC	93.0	4422.0	-2.991
TCGGGC	32.0	1299.2	-2.990
AACGGC	22.0	813.3	-2.978
TTCGAA	25.0	959.8	-2.963
TGTAAA	190.0	9587.7	-2.963
TAGGCA	84.0	3933.3	-2.960
GTATTG	73.0	3390.6	-2.959
TGACGT	33.0	1353.9	-2.958
ACGAAT	24.0	911.4	-2.956
TCTATA	98.0	4707.5	-2.956
CCGACG	14.0	446.1	-2.952
CCTCTC	104.0	4991.3	-2.938
AGCCCG	43.0	1865.6	-2.923
CACCCT	76.0	3560.2	-2.922
CTCTTT	151.0	7520.8	-2.917
GAAAGT	134.0	6591.7	-2.913
CGATGG	15.0	1176.4	-2.910
TCTCTC	181.0	9126.2	-2.906
TAACTT	107.0	5168.4	-2.906
GGGGTC	67.0	3078.8	-2.906
GATCTT	93.0	4442.3	-2.904
AATGCC	87.0	4111.1	-2.904
GACCTA	51.0	2283.7	-2.901
CCTGGG	153.0	7584.3	-2.900
AAACCT	120.0	5849.3	-2.899
GATCGG	13.0	714.7	-2.898
GTGATG	111.0	5396.4	-2.897
CGCGTC	11.0	773.2	-2.894
GTAAAC	73.0	3405.8	-2.886
GTTCTT	134.0	6601.9	-2.881
AGCTAG	85.0	4007.4	-2.877
CTAATT	95.0	4561.6	-2.873
GGTCGT	22.0	824.6	-2.867
GTGAAC	71.0	3302.5	-2.860
GATTTC	110.0	5350.4	-2.857
GCAATG	82.0	3848.4	-2.856
GACTAA	66.0	3034.9	-2.855
AGGTGT	109.0	5296.9	-2.848
TTGGCG	27.0	1071.6	-2.832
TCGACG	3.0	233.2	-2.813
TCGTGT	33.0	1372.5	-2.812
TGAGGA	149.0	7437.9	-2.811
ATGTCA	107.0	5195.8	-2.808
CTGTTC	93.0	4466.5	-2.807
ACCGGC	25.0	976.8	-2.807
GCCCGC	27.0	2078.2	-2.796
AACTGG	100.0	4807.8	-2.787
TTTGAC	90.0	4307.2	-2.779
ACGTTG	27.0	1078.8	-2.772
CTAGGC	48.0	2817.2	-2.772
ACCCGA	26.0	1029.3	-2.767
TCGTTC	20.0	877.4	-2.763
TCCGAA	22.0	933.5	-2.758
TTCCCA	126.0	6237.9	-2.751
CGCATA	14.0	605.6	-2.750
CCTGAC	76.0	3600.4	-2.744
AATGGA	155.0	7754.2	-2.744
CGAGGC	51.0	2313.7	-2.733
TCAACC	50.0	2261.5	-2.731
CTTACA	98.0	4765.5	-2.730
GCTTTT	164.0	8233.6	-2.730
AGGTAG	99.0	4766.5	-2.726
CCCATC	44.0	3078.3	-2.723
TGCCGT	20.0	1056.6	-2.723
AGGTCG	9.0	954.1	-2.701
CGCTTT	31.0	1287.0	-2.698
CGCGTG	16.0	1458.6	-2.695
TCAGTG	131.0	6486.0	-2.692
GGGGAC	90.0	4329.6	-2.691
GACACA	117.0	5739.4	-2.691
CGCAAT	15.0	511.8	-2.690
GTTCGG	13.0	875.1	-2.685
ATAATC	81.0	3833.4	-2.684
TAAACT	114.0	5571.4	-2.677
GGCTTA	67.0	3125.7	-2.677
TCGGCG	22.0	845.5	-2.664
TCGGCC	17.0	1272.9	-2.660
TCTTAA	132.0	6555.8	-2.654
GGAGCC	104.0	5068.8	-2.654
GACGTG	35.0	1499.7	-2.630
ATCGCA	18.0	657.2	-2.628
GTAATC	49.0	2228.9	-2.621
GATGAT	111.0	5477.5	-2.611
TCGTAG	18.0	659.6	-2.607
TTACCA	76.0	3632.1	-2.605
TTTTCC	173.0	8759.2	-2.597
TTGTAT	147.0	7393.2	-2.595
TTACCC	50.0	2387.1	-2.594
CGCGCA	26.0	1201.7	-2.592
CTACAC	66.0	3090.4	-2.590
AAAATT	291.0	15167.6	-2.583
ATTATC	77.0	3692.1	-2.582
TTTCGT	32.0	1354.8	-2.579
ACGGGA	18.0	1372.2	-2.576
TATATT	192.0	9799.4	-2.569
CTGTGC	122.0	6063.9	-2.566
TTCGGA	24.0	955.6	-2.565
TAATGT	128.0	6352.4	-2.565
TTGTCT	138.0	6935.1	-2.562
GCCTAC	45.0	2029.1	-2.555
TATCCC	34.0	2440.7	-2.538
CCTAAC	33.0	2245.9	-2.538
CCCAGT	79.0	4668.4	-2.538
GCTAAC	30.0	2036.7	-2.538
GCGCAG	22.0	2236.0	-2.538
GGCCAA	60.0	3339.0	-2.538
CGATGA	15.0	1041.6	-2.538
TTCACG	13.0	1125.2	-2.538
CGCTGT	8.0	1534.7	-2.538
TGGCGA	11.0	1375.7	-2.538
GAGAAG	186.0	9507.6	-2.537
AATACC	75.0	3593.6	-2.536
GGGACA	100.0	4875.5	-2.534
TAAATA	284.0	14803.2	-2.530
ATCCTA	70.0	3321.5	-2.529
GTCGAC	9.0	362.6	-2.524
GTCGTG	13.0	1086.3	-2.521
TCTCGA	19.0	1237.3	-2.521
TACCTC	58.0	2675.7	-2.512
TTTCCC	128.0	6370.8	-2.511
CTCTCA	96.0	4716.4	-2.499
TCGCCC	23.0	1053.2	-2.498
CCCGTG	34.0	1791.0	-2.498
AGCCGG	47.0	2146.5	-2.492
CGGCCA	34.0	1468.9	-2.492
ACGGTC	2.0	628.3	-2.491
GGACGC	7.0	1467.8	-2.491
GTTTTG	204.0	10508.9	-2.487
GATGAA	127.0	6381.4	-2.475
CCTCGC	21.0	1496.7	-2.468
ACCAGT	69.0	3282.2	-2.463
TGCGAG	29.0	1218.4	-2.463
AACACA	156.0	7916.6	-2.456
ACAAGA	121.0	6041.6	-2.455
CCGAGG	51.0	2365.1	-2.455
GTTACC	45.0	2051.6	-2.435
AAAGTG	151.0	7687.4	-2.433
TAGGCG	1.0	736.6	-2.430
CAGTGG	126.0	6339.6	-2.430
TCTGGT	106.0	5247.2	-2.424
CGGGTT	26.0	1072.7	-2.422
ACCAAC	61.0	2857.1	-2.414
TAGCAG	88.0	4291.6	-2.410
AGTTAG	83.0	4013.4	-2.408
ACTATG	81.0	3902.6	-2.406
GATCTA	53.0	2482.4	-2.404
GTCTGG	89.0	4350.6	-2.400
AACCGA	23.0	925.0	-2.396
GCCAAG	89.0	4352.9	-2.392
GTACAA	68.0	3244.3	-2.389
TTAATG	133.0	6703.2	-2.385
GATCGT	12.0	749.3	-2.379
TCGGCT	21.0	1190.3	-2.375
TCTCCC	97.0	4809.4	-2.371
CTTGAT	91.0	4471.4	-2.369
AAGTTA	115.0	5723.9	-2.369
ACGTAT	27.0	1130.9	-2.368
CGCTAC	14.0	553.8	-2.367
GGAATA	93.0	4584.9	-2.366
TTTAAG	156.0	7951.5	-2.363
AACGAA	33.0	1437.1	-2.362
TCTTCC	128.0	6421.2	-2.357
TTAAAC	108.0	5382.2	-2.356
GACCTG	85.0	4139.6	-2.351
GGAGCA	113.0	5671.2	-2.349
GGCTGA	105.0	5214.7	-2.347
CGTAAC	14.0	525.8	-2.345
AGAAGC	137.0	6953.3	-2.340
CGTTCT	31.0	1337.0	-2.340
GACCCC	55.0	2604.5	-2.337
GTGTAC	78.0	3814.3	-2.316
TAATAG	92.0	4543.0	-2.316
CGCGAT	12.0	422.0	-2.313
GGATCA	61.0	2881.1	-2.308
TTAACA	109.0	5455.9	-2.305
AGACTG	112.0	5634.3	-2.286
CCTTAC	50.0	2346.6	-2.285
CCACTG	99.0	4892.6	-2.281
AACCAC	82.0	3991.5	-2.281
CTATCG	12.0	440.1	-2.278
TCCCCC	54.0	3702.3	-2.270
GTGTAT	184.0	9497.9	-2.268
CCACAG	116.0	5814.1	-2.264
CTCGGT	19.0	1292.7	-2.259
CGGTTG	23.0	944.0	-2.251
TCAATA	87.0	4280.8	-2.249
GTCCAC	48.0	2246.4	-2.247
CCGCCT	44.0	2033.1	-2.246
ATAACC	58.0	2733.2	-2.243
TACTCG	6.0	484.1	-2.242
TCCTTA	92.0	4565.0	-2.240
ATCGTT	22.0	895.5	-2.238
TCCTAA	86.0	4228.0	-2.236
CTTACT	76.0	3725.8	-2.234
ACCGTG	35.0	1562.4	-2.229
AGGACT	92.0	4567.9	-2.229
AGTACC	54.0	2574.0	-2.225
ACCTTA	67.0	3230.5	-2.221
CAATAA	113.0	5715.7	-2.215
GTCTAA	59.0	2793.8	-2.215
CCACTA	53.0	2523.7	-2.213
GATTCC	65.0	3122.8	-2.212
GCGTAC	11.0	462.3	-2.209
GCTCGG	19.0	1838.7	-2.207
ACCCCC	59.0	2796.0	-2.206
CGCAAC	2.0	489.0	-2.202
CGAAGT	21.0	849.6	-2.201
ATCTTG	97.0	4861.0	-2.198
TTGTAA	134.0	6829.6	-2.196
TTACTG	100.0	4976.3	-2.195
CTACCG	17.0	721.7	-2.193
TACGGA	9.0	807.6	-2.190
CGTCAT	22.0	901.6	-2.190
TGCGGG	42.0	1938.8	-2.187
TCACCC	56.0	2692.8	-2.180
GGTAGT	57.0	2692.8	-2.180
AGGTTA	75.0	3684.7	-2.178
TAGGCC	43.0	2056.4	-2.174
CTGGTG	121.0	6137.3	-2.168
TCGCAA	11.0	585.7	-2.167
AAGCCC	73.0	3576.1	-2.166
ACCCAG	107.0	5387.6	-2.163
AGTAAC	67.0	3244.4	-2.163
TTACAA	110.0	5562.5	-2.155
GGCGAG	45.0	2105.8	-2.152
AATAGC	76.0	3747.0	-2.149
AGAGGC	139.0	7142.6	-2.146
CATCCG	14.0	1002.3	-2.145
ACAACC	66.0	3195.1	-2.142
TGCTAT	96.0	4824.9	-2.130
ACGACT	6.0	810.2	-2.129
GTCGTA	8.0	467.6	-2.125
CGATGC	20.0	936.7	-2.117
GTCAGT	75.0	3700.6	-2.116
GATAAC	54.0	2600.7	-2.110
TGGGTA	105.0	5292.6	-2.101
GGTCCG	24.0	1014.8	-2.100
GCGGGT	35.0	1584.5	-2.099
ACGGTA	12.0	726.3	-2.095
AGGGCG	46.0	2170.2	-2.094
TGGGCC	75.0	3709.0	-2.089
TGCTCA	106.0	5355.0	-2.089
TTGTAC	68.0	3319.1	-2.087
GACATT	98.0	4958.9	-2.071
CTGCTT	136.0	6994.5	-2.070
GGGAAT	98.0	4959.9	-2.068
CTGCGC	47.0	2230.8	-2.068
CGTGAG	38.0	1749.4	-2.063
CCTATA	57.0	2721.5	-2.056
TATTCT	123.0	6295.0	-2.054
TGTTCT	156.0	8075.2	-2.051
ATTCCC	69.0	3384.7	-2.050
GTAACC	30.0	2062.7	-2.048
TCTGGC	92.0	4625.3	-2.039
GTAAGC	57.0	2725.4	-2.039
AAGTCG	12.0	949.4	-2.032
CTAAGG	71.0	3502.8	-2.027
TGCGCT	17.0	1295.5	-2.024
CCGACT	12.0	1050.3	-2.019
AATAAC	100.0	5034.0	-2.017
CCGGCG	10.0	1432.0	-2.014
AAGCAG	154.0	7973.6	-2.007
AACTTA	97.0	4922.9	-2.005
GCGATT	19.0	774.5	-2.003
CCAGGT	92.0	4638.2	-1.999
TAACCC	46.0	2471.8	-1.998
CGCTCC	14.0	1565.0	-1.988
TCCTTC	116.0	5910.0	-1.987
CAGGAT	101.0	5101.1	-1.983
TTCAAC	69.0	3404.4	-1.976
AAAGTT	159.0	8289.6	-1.974
CACAAG	87.0	4362.5	-1.970
GACGCC	10.0	1134.3	-1.965
CTCTTA	89.0	4478.9	-1.964
TCAGCG	30.0	1346.6	-1.963
GAACTG	103.0	5224.0	-1.960
GGACAG	119.0	6102.7	-1.943
CGGTAT	13.0	572.6	-1.938
GTTCTC	85.0	4260.6	-1.935
TCTAAG	84.0	4203.8	-1.935
ATTGTA	108.0	5523.1	-1.934
ACATCT	101.0	5123.2	-1.921
ATGCTG	125.0	6470.8	-1.903
AACGCT	9.0	1076.0	-1.898
TACGAT	7.0	635.3	-1.898
GGCCAT	75.0	3763.9	-1.896
GGTGCG	35.0	1622.3	-1.894
CGCCCA	17.0	1502.3	-1.894
GCTACC	43.0	2053.7	-1.887
AGGGAA	166.0	8693.9	-1.884
TTTGGT	151.0	7909.4	-1.878
ATTCTC	89.0	4509.1	-1.870
GCCCAA	58.0	2824.7	-1.861
GACTGC	68.0	3382.9	-1.854
CCTTCA	91.0	4630.7	-1.850
GTGCCG	9.0	1239.6	-1.848
CCCTGC	97.0	4975.3	-1.846
AACCGC	20.0	845.8	-1.844
CTTCAG	125.0	6494.4	-1.840
TCGGGT	11.0	1051.9	-1.831
CAAGTT	93.0	4753.4	-1.824
GGCCTG	101.0	5156.6	-1.824
GTTCAG	84.0	4240.9	-1.819
AACCAA	129.0	6681.7	-1.816
CCAAAG	108.0	5566.6	-1.815
TACGCT	14.0	566.9	-1.814
AGCCGA	13.0	1231.4	-1.814
GGCCGT	13.0	1075.7	-1.812
TAGTAC	48.0	2342.9	-1.812
CCAAGG	90.0	4585.2	-1.811
CGTTGC	11.0	794.6	-1.810
CACTAA	70.0	3508.5	-1.807
CGGAAC	18.0	889.2	-1.804
AGGAGC	116.0	5980.9	-1.802
CCGTGA	30.0	1374.3	-1.800
CGTAGG	14.0	816.1	-1.799
AGTCCC	44.0	3397.8	-1.793
CCATTC	73.0	3682.2	-1.791
GGGCCT	81.0	4082.4	-1.780
GACGCT	14.0	1101.5	-1.775
GCTTCT	118.0	6109.9	-1.772
TTGTGT	193.0	10226.4	-1.770
AAGTGT	123.0	6407.0	-1.766
GACTGT	85.0	4314.2	-1.766
CTATAT	86.0	4373.6	-1.761
CGGTGA	32.0	1488.4	-1.760
CAACTC	59.0	2907.9	-1.758
ATTGTT	139.0	7302.9	-1.757
CAGCGA	32.0	1490.0	-1.755
GCGAGC	38.0	1812.6	-1.752
TTACGT	23.0	1015.7	-1.745
TTGATA	97.0	5011.3	-1.745
GTTGCC	53.0	2634.6	-1.744
CAAACT	107.0	5535.6	-1.742
AGCTCG	20.0	1240.4	-1.738
CCCGAG	49.0	2417.2	-1.729
AAGACC	82.0	4156.2	-1.727
GCCACT	67.0	3364.9	-1.725
CTTAGA	94.0	4846.9	-1.724
GTAATT	100.0	5135.8	-1.723
CAGTTT	134.0	7020.8	-1.718
GGCCTA	36.0	2297.0	-1.715
CATCGA	11.0	1011.4	-1.715
TACTGG	73.0	3708.4	-1.707
TCGAAG	22.0	970.4	-1.703
GGGGTT	79.0	4050.0	-1.702
TTGGGG	127.0	6671.1	-1.701
CCTTCG	24.0	1243.8	-1.700
GAGTTC	118.0	6139.9	-1.698
CGTCCA	12.0	907.7	-1.696
TATGGC	59.0	2924.6	-1.695
AGAAGA	264.0	14233.6	-1.693
TCCGCA	15.0	947.1	-1.693
ACCCGG	32.0	1501.4	-1.692
TCCTAG	73.0	3714.0	-1.690
CGTCAG	24.0	1078.4	-1.681
CCCCCG	33.0	1729.3	-1.679
TGTCTC	130.0	6803.9	-1.669
TAGGTG	74.0	3777.0	-1.669
CGGTCT	2.0	908.7	-1.666
GTAAAG	95.0	4927.0	-1.663
TCCGGC	7.0	1138.8	-1.656
GGCGCC	41.0	1996.0	-1.653
CAACGA	19.0	821.4	-1.653
TCCAGA	118.0	6160.9	-1.649
TAAAAT	314.0	16999.0	-1.647
CTGACG	20.0	1128.8	-1.644
GGGAAA	171.0	9116.6	-1.644
AGTATC	54.0	2717.0	-1.643
AAGTAG	99.0	5108.9	-1.642
GTGCGT	45.0	2219.1	-1.641
CCGGGG	56.0	2828.7	-1.639
TGATTT	176.0	9366.8	-1.637
AAATAC	149.0	7900.6	-1.634
TTCAGT	123.0	6462.5	-1.634
TGATTA	93.0	4822.6	-1.629
TAGTCG	10.0	588.2	-1.621
GCCAAA	84.0	4308.3	-1.617
GCGTTG	21.0	933.0	-1.608
GACCGG	12.0	1176.6	-1.608
TCTTGG	115.0	6003.9	-1.599
CGCCCC	34.0	2564.2	-1.596
GAATTG	92.0	4777.2	-1.596
CTCGCC	24.0	1435.6	-1.593
AGTTCG	28.0	1307.1	-1.589
CCCGGC	45.0	2232.5	-1.588
CTGGCA	104.0	5423.1	-1.583
CGGTCC	23.0	1043.2	-1.579
TGGTGG	167.0	8905.6	-1.577
GGCTCA	93.0	4844.6	-1.573
CGACGT	10.0	373.6	-1.572
CGGGGA	49.0	2458.5	-1.571
TTGGCC	65.0	3299.4	-1.567
TGGTCG	20.0	887.6	-1.564
AGAGCA	160.0	8544.8	-1.563
TTGCGC	17.0	732.8	-1.549
TGCGAT	18.0	785.9	-1.547
TAGATG	105.0	5497.6	-1.544
TCAAAC	80.0	4162.0	-1.542
ACAAGT	85.0	4393.5	-1.541
GCAATA	64.0	3252.1	-1.539
ACATAT	153.0	8130.7	-1.538
CGCACT	11.0	944.7	-1.534
AACAAT	120.0	6329.0	-1.534
GAGACC	81.0	4168.2	-1.527
CACAAC	65.0	3313.9	-1.524
AGGATA	86.0	4460.0	-1.518
CACTCC	61.0	3089.6	-1.517
ACCTCA	78.0	4057.3	-1.517
ACTTTG	126.0	6694.8	-1.514
ATCTAA	86.0	4461.0	-1.512
AGAACT	129.0	6818.0	-1.504
GTATTA	73.0	3778.8	-1.495
TTGCAG	106.0	5577.4	-1.494
CTACTG	68.0	3493.7	-1.492
TGGGAG	157.0	8398.9	-1.491
AGTGAC	85.0	4412.1	-1.490
ATAGAC	65.0	3324.8	-1.489
TTAGAG	104.0	5465.1	-1.480
ACTGAA	126.0	6711.0	-1.479
TCGACC	8.0	490.5	-1.477
TTTGCT	161.0	8653.8	-1.473
ATAACG	18.0	798.0	-1.468
ATTCAA	104.0	5472.5	-1.462
TGCTTC	114.0	6005.5	-1.459
AGAATC	86.0	4482.2	-1.457
CGTCTT	25.0	1172.2	-1.453
TAATTC	84.0	4370.0	-1.448
CAGCGG	41.0	2048.2	-1.445
TTTTCA	197.0	10663.4	-1.441
CGAACC	16.0	696.1	-1.441
AGCAGA	147.0	7876.4	-1.440
ATATTA	144.0	7695.0	-1.437
CGTGTC	31.0	1501.1	-1.434
TACCCT	51.0	2609.3	-1.430
CTGATG	103.0	5428.5	-1.429
TACGAG	11.0	700.1	-1.427
TCCTAT	67.0	3459.0	-1.425
CGTGTG	69.0	3573.5	-1.425
CACCAA	74.0	3860.5	-1.424
ACACAA	128.0	6799.3	-1.420
CCGACA	10.0	710.4	-1.419
GGCGTT	23.0	1072.5	-1.415
ATTCAC	70.0	3634.3	-1.415
TGTAGG	86.0	4499.5	-1.414
CGTTAC	4.0	614.3	-1.414
CTGAAC	81.0	4210.9	-1.411
TTCATT	182.0	9805.5	-1.408
CGAATA	15.0	649.8	-1.407
GTTCCG	21.0	968.9	-1.399
AATGCT	121.0	6450.0	-1.398
AACCTG	90.0	4739.7	-1.396
TCGCAC	9.0	591.8	-1.394
CAACGT	9.0	955.9	-1.393
GGTCTT	82.0	4275.3	-1.393
GTCGAG	2.0	720.9	-1.392
GTATCT	73.0	3814.0	-1.392
AAGTTT	148.0	7963.4	-1.392
CGCATT	16.0	704.7	-1.387
CTGAAT	102.0	5389.2	-1.384
TCGAGC	11.0	883.1	-1.380
CTTACG	6.0	693.0	-1.379
CCAGCG	29.0	1770.8	-1.379
GAGGAG	141.0	10782.2	-1.369
TACTGA	84.0	4401.1	-1.368
CAAAGT	112.0	5988.3	-1.366
CTAGAT	61.0	3138.0	-1.366
TTTGTC	115.0	6109.1	-1.362
GGGCTT	86.0	4521.4	-1.359
CCCCTT	72.0	3942.4	-1.356
GAAGTT	105.0	5579.4	-1.355
TACGCC	7.0	455.3	-1.352
TGGGCA	78.0	5908.9	-1.351
TAAGTG	81.0	4972.6	-1.350
GTAATA	77.0	4061.3	-1.350
AGGGGC	85.0	4470.8	-1.342
CTAGTA	47.0	2438.7	-1.342
CGAAGG	28.0	1358.0	-1.341
ACATGA	116.0	6489.0	-1.335
GGTGGT	94.0	5854.9	-1.334
TAAAGC	74.0	4769.1	-1.334
TACTAG	30.0	2435.6	-1.333
TGCCGG	14.0	1411.8	-1.333
GTAACA	70.0	3665.3	-1.329
ACATTT	203.0	11051.3	-1.328
GACGAA	10.0	903.1	-1.328
GGTGGC	56.0	5448.1	-1.327
CTAACG	15.0	698.3	-1.325
AACGCC	22.0	1035.9	-1.324
CGTCGC	14.0	609.2	-1.323
CACAGA	114.0	8470.1	-1.323
AGGCTA	73.0	3840.6	-1.322
GGATTG	65.0	3661.7	-1.321
TCACTT	82.0	5066.8	-1.321
TTAATT	192.0	10423.2	-1.320
TTTAAA	398.0	21966.8	-1.320
TCAGAA	155.0	8371.7	-1.318
ATGTTA	109.0	5987.9	-1.317
TTTGAA	211.0	11505.6	-1.315
CCAAAA	135.0	7275.4	-1.314
ATAGCC	51.0	3008.8	-1.312
GTCAAC	29.0	2033.1	-1.311
AGTTGG	76.0	4838.3	-1.311
TCTTTA	153.0	8425.9	-1.310
TGTTAG	89.0	4717.0	-1.309
CCGAAC	15.0	664.3	-1.306
CCATTT	108.0	6741.5	-1.305
ACATGG	71.0	5919.0	-1.303
GGCAGT	86.0	4544.0	-1.303
CACGTC	8.0	991.7	-1.300
ACCCTG	100.0	5309.6	-1.298
GACGTT	11.0	1073.0	-1.296
GCCGTG	24.0	1661.4	-1.294
CCGGCC	30.0	1987.6	-1.293
GTGGCG	42.0	2145.3	-1.292
TTTCTT	262.0	17495.0	-1.292
CCAACT	60.0	3107.3	-1.287
AAACTA	98.0	6315.0	-1.285
TTGGGT	88.0	5309.9	-1.284
GGGGGC	80.0	4556.8	-1.282
ACCACT	67.0	3511.0	-1.282
GAGGGC	94.0	5022.5	-1.282
CGGTCA	2.0	795.0	-1.281
TATCGC	7.0	342.7	-1.280
AACCTT	77.0	4470.6	-1.280
TACAAG	76.0	4030.8	-1.279
GTCGGT	15.0	772.8	-1.276
ACTTAA	97.0	5203.7	-1.272
GGAGCG	37.0	2186.0	-1.269
AAAACG	41.0	2097.0	-1.268
CGACTA	6.0	489.3	-1.267
GGTTAT	62.0	3229.5	-1.267
AGTACT	73.0	3862.2	-1.266
CCACCT	51.0	4136.2	-1.265
ATATCT	103.0	5502.7	-1.264
GTACTG	42.0	3302.1	-1.262
CTAGTT	49.0	3249.6	-1.260
TCCCAC	73.0	3864.3	-1.260
AATATT	203.0	11097.5	-1.259
TTCCCG	31.0	1542.7	-1.259
CACGTG	48.0	2803.6	-1.256
GCGTCG	9.0	609.2	-1.254
TGCGGA	20.0	1211.5	-1.252
CCCTAT	34.0	2291.8	-1.245
ATATTC	81.0	5118.7	-1.245
ATATGC	92.0	5324.3	-1.244
TTACGA	5.0	665.8	-1.244
CGGCTT	21.0	1343.6	-1.243
ATCTAC	45.0	2917.1	-1.243
CCGGTG	30.0	1491.2	-1.241
TAGATT	76.0	5131.9	-1.239
CCGGTC	4.0	957.0	-1.238
ACTGGT	71.0	3758.9	-1.237
GTATAA	82.0	4377.3	-1.236
CATATA	144.0	7805.4	-1.235
CGGATA	12.0	516.2	-1.235
GTAAGT	52.0	4038.8	-1.234
GGGCGT	39.0	1993.6	-1.234
GCAGGG	117.0	6292.4	-1.233
CTATTG	44.0	3391.3	-1.229
CTTAGT	61.0	3911.0	-1.229
CGTTGT	21.0	1000.8	-1.228
CAAGGG	76.0	4051.7	-1.228
GTAGAC	55.0	3175.0	-1.228
TTGATT	134.0	7262.5	-1.227
CCTCAT	71.0	3762.3	-1.226
GATCAG	51.0	3340.9	-1.225
ACCCTA	54.0	2844.7	-1.224
TCATCG	15.0	939.7	-1.224
TAAATT	149.0	9598.3	-1.223
CAACAT	83.0	4404.3	-1.219
CTCGTA	9.0	570.4	-1.218
ATCCAC	61.0	3189.4	-1.217
GGTGAT	72.0	3825.7	-1.214
GCTCGA	12.0	818.6	-1.214
AGGGTA	42.0	3491.8	-1.202
CCTTCT	96.0	6078.5	-1.198
GCCTTT	117.0	6311.9	-1.198
TACTTT	122.0	7021.2	-1.196
TCTCAC	63.0	3952.0	-1.194
CGCATC	10.0	837.7	-1.192
TGACCA	60.0	4168.1	-1.191
CGCCCT	30.0	1557.4	-1.191
CCATCG	20.0	954.1	-1.189
GGGTCA	55.0	3328.2	-1.188
GTACGG	9.0	590.4	-1.186
TATTCC	55.0	3649.2	-1.186
GGTAAG	69.0	3664.0	-1.184
TTCACT	92.0	4949.2	-1.183
ATTGGG	55.0	3747.1	-1.183
ACCATC	70.0	3721.5	-1.183
AACATT	136.0	8061.4	-1.181
CACGCG	13.0	928.2	-1.180
GTACTA	28.0	2395.1	-1.180
TAGCCA	82.0	4364.4	-1.179
CATAGT	73.0	4048.8	-1.174
TATTGT	116.0	6264.5	-1.172
CGTTAG	13.0	750.8	-1.170
ATCGAG	18.0	961.1	-1.169
TTCCTT	173.0	9456.6	-1.166
GACCAC	28.0	2512.1	-1.166
CAGAAA	211.0	11611.3	-1.166
CTGATT	86.0	4987.8	-1.165
TTGGAG	74.0	6594.0	-1.164
TCTTCA	111.0	6989.7	-1.162
ATCGGG	18.0	850.6	-1.159
GTGGTA	75.0	4022.8	-1.159
ACAGTG	124.0	6755.7	-1.157
ACCCCA	76.0	4083.0	-1.155
CTCCGT	26.0	1291.7	-1.154
CTAATA	81.0	4316.8	-1.153
CAAATC	73.0	3908.1	-1.153
AGCCCA	91.0	4905.4	-1.152
AGCGGA	16.0	1304.8	-1.152
TGGGGC	96.0	5201.1	-1.151
ATCTCT	73.0	5982.4	-1.151
CGAACT	10.0	925.3	-1.149
AGAACG	19.0	1651.4	-1.146
GATTCA	61.0	3706.7	-1.144
GTAGGT	65.0	3448.8	-1.144
GGGTTC	54.0	3314.1	-1.142
TAAGTA	97.0	5266.6	-1.140
GGTGAG	71.0	6286.9	-1.138
CAGTGA	120.0	6524.4	-1.137
GGTTTA	67.0	4012.6	-1.134
AATGTA	158.0	8880.7	-1.133
ATGGTA	86.0	4619.1	-1.133
TACTCT	68.0	3627.3	-1.131
GCCCCC	45.0	3202.6	-1.130
GTAAAT	132.0	7196.9	-1.129
GTTTTC	140.0	7623.3	-1.129
GTTGAG	82.0	4387.2	-1.127
TTGTAG	82.0	5155.9	-1.123
CCAGTA	66.0	3514.0	-1.122
GTGATA	75.0	4038.7	-1.122
TGATAC	59.0	3111.1	-1.120
TGGAAG	135.0	8132.8	-1.119
ACCATT	76.0	4098.3	-1.117
ATGTGA	133.0	7264.5	-1.117
CTGTCC	87.0	5092.5	-1.116
TGAACA	117.0	6357.9	-1.113
ATCATC	50.0	3833.4	-1.109
TTGCTC	80.0	4336.1	-1.109
AGTGGC	56.0	4147.8	-1.107
ACGGAC	17.0	806.2	-1.106
GCAACG	6.0	896.6	-1.103
GAGCAC	79.0	4281.9	-1.102
GTTGTA	63.0	3766.2	-1.100
CTTCCT	152.0	8318.6	-1.099
CTTTAG	64.0	4864.4	-1.099
CTTTTC	135.0	7839.2	-1.098
CCTTAA	72.0	4166.1	-1.097
CGGAGG	21.0	2526.6	-1.095
GGGTTA	57.0	3005.9	-1.095
GTAGTT	68.0	3642.8	-1.093
CGGTTT	24.0	1194.6	-1.093
ATCTGG	61.0	4625.8	-1.092
TATAGA	106.0	5767.0	-1.092
CTCACA	101.0	5530.4	-1.091
TAAGGC	56.0	3007.6	-1.090
TCTTAG	91.0	4935.8	-1.089
ACTCCA	76.0	4111.1	-1.089
TGTATT	152.0	8369.8	-1.087
AGTCGA	7.0	698.9	-1.084
TAACTC	46.0	3115.1	-1.084
TCTCAT	86.0	5318.8	-1.084
GTCTTA	56.0	3837.9	-1.080
TTTGCC	59.0	5014.3	-1.079
ACGCCG	15.0	702.6	-1.078
ACCTCC	60.0	3185.2	-1.077
GATTAA	67.0	5009.8	-1.077
ACCTCG	11.0	1058.1	-1.075
ATGCTA	85.0	4587.1	-1.075
CGAGAC	24.0	1199.2	-1.072
GGCAGC	98.0	5361.9	-1.070
CACTAC	36.0	2006.2	-1.068
GCTGAA	87.0	5214.5	-1.066
AAGGGA	132.0	7235.2	-1.064
TCTATT	98.0	5526.1	-1.063
TTGCAC	53.0	2968.7	-1.061
ACCCAT	65.0	3482.4	-1.060
CTAAAA	142.0	7789.8	-1.060
ATTTAA	208.0	11501.0	-1.059
AGATTC	78.0	4242.7	-1.059
TGTCGA	13.0	704.9	-1.058
TGACGA	16.0	914.0	-1.058
CTAAAT	83.0	5339.5	-1.057
GGGCAA	57.0	3599.3	-1.057
GGTCAA	27.0	2546.1	-1.057
TTAGAT	81.0	5129.9	-1.056
ATATCG	3.0	540.5	-1.055
TTACCT	68.0	3974.5	-1.055
TTCGGG	12.0	1233.0	-1.055
TCGAAA	26.0	1315.7	-1.055
CCATCC	81.0	4395.3	-1.054
GCACTT	75.0	4070.0	-1.049
TGCGGT	22.0	1094.4	-1.047
CTATTT	121.0	6637.2	-1.045
TGTGAA	150.0	8292.6	-1.045
CTCACC	49.0	3405.2	-1.044
TTATAC	58.0	3695.1	-1.044
GTTCCT	81.0	4729.0	-1.043
CCTGAG	106.0	6698.4	-1.041
AATGAG	111.0	7590.4	-1.041
TCACTC	52.0	3434.8	-1.040
CATCCT	61.0	4834.1	-1.040
ACAGCG	26.0	1319.6	-1.039
GCGCCG	33.0	1713.7	-1.039
ACGGGG	28.0	1432.4	-1.037
GTTGCG	4.0	678.4	-1.033
TGGCAC	73.0	3960.4	-1.033
GCAGAA	127.0	7009.0	-1.033
TTCGCG	3.0	368.8	-1.031
TATCGA	11.0	590.0	-1.031
GCAAGG	75.0	4166.3	-1.028
TAATAC	48.0	3306.0	-1.028
TCTTGT	104.0	6204.2	-1.019
GCCCAC	43.0	3014.1	-1.018
TTGAAA	195.0	10827.2	-1.017
GGTCCA	43.0	2595.5	-1.017
CACATA	130.0	7142.1	-1.016
TTGGTG	109.0	5991.4	-1.012
CGCAGG	33.0	1960.7	-1.012
GTCCTA	44.0	2347.6	-1.012
TCATAC	53.0	2865.0	-1.011
CTTAAG	71.0	3855.3	-1.008
CCTCCT	114.0	6237.9	-1.006
GGCTGT	103.0	5635.9	-1.005
TGGACC	43.0	3089.6	-1.001
CGCTGG	37.0	1953.4	-0.996
GACAAC	51.0	2755.8	-0.996
TGACAT	101.0	5524.0	-0.992
GTTCCC	61.0	3280.1	-0.989
CGTTGG	22.0	1108.3	-0.988
TACACG	21.0	1053.8	-0.987
GTTATC	34.0	2403.4	-0.987
TGTCAA	85.0	4632.3	-0.986
ACCCCG	14.0	1480.9	-0.984
CTAAGT	68.0	3690.0	-0.984
AAATGG	160.0	8895.6	-0.983
ATCGTC	13.0	611.4	-0.980
CACCGT	22.0	1228.7	-0.979
CTAGCC	42.0	2829.2	-0.978
GTCTAT	61.0	3285.6	-0.976
TATGTT	135.0	7474.9	-0.976
AACACG	24.0	1224.6	-0.974
CTGCGA	24.0	1225.0	-0.974
GCTGAT	69.0	3755.6	-0.971
ACTTAG	72.0	3932.6	-0.968
TAAATG	175.0	9724.5	-0.965
CAGCCT	129.0	7116.1	-0.960
GTCAAA	74.0	4053.1	-0.960
GATGTC	62.0	3480.2	-0.959
ACTGTT	93.0	5122.6	-0.958
ACTCCC	53.0	2887.9	-0.954
TAACAA	103.0	5664.5	-0.954
TGCTTT	177.0	10623.2	-0.953
CTCTTG	91.0	5373.1	-0.952
TGATCC	49.0	2939.2	-0.950
TCTGTG	182.0	10116.7	-0.950
TTTAAT	217.0	13049.5	-0.950
TTAGCC	46.0	2853.0	-0.949
TGATGT	97.0	6308.1	-0.949
GCGAAC	3.0	606.7	-0.948
CCCCAC	69.0	4268.9	-0.948
TCTTGA	91.0	5629.9	-0.948
CCGCTC	17.0	1384.6	-0.946
GCCCCG	36.0	2704.1	-0.945
CACAAA	125.0	7699.7	-0.945
AAGACT	98.0	5429.8	-0.945
TGGTAT	76.0	4656.2	-0.945
GCGCCT	14.0	1626.2	-0.945
TGACAA	91.0	5010.7	-0.944
CTCGAC	10.0	551.4	-0.944
AGTCGG	20.0	1263.6	-0.943
TTGGGC	45.0	3286.5	-0.943
CTCTGA	119.0	6579.9	-0.942
TTCATA	95.0	6775.2	-0.938
GTACCA	19.0	2863.0	-0.934
GGTCAG	77.0	4245.0	-0.933
TGTATA	167.0	9778.4	-0.932
GTCCCC	57.0	3071.2	-0.931
TCCTCT	100.0	6790.5	-0.928
AATACT	81.0	5045.9	-0.928
TCTGTC	89.0	6064.5	-0.928
TCGTTT	24.0	1619.8	-0.928
GGACAA	72.0	3952.3	-0.927
TTAAGT	90.0	5730.2	-0.927
TGCACT	76.0	4188.2	-0.926
AATGGT	68.0	5013.1	-0.925
ACTTCA	81.0	5149.2	-0.924
TTTGTG	191.0	10647.9	-0.924
GGAAAG	171.0	9567.3	-0.923
ATTGAA	93.0	6927.9	-0.923
ACAATG	96.0	5322.3	-0.923
TGGATC	45.0	3540.4	-0.921
ACACGT	17.0	1680.8	-0.917
CTCTAC	38.0	2772.5	-0.913
AGATAA	125.0	6966.0	-0.911
GCTAGG	62.0	3373.2	-0.909
ACCGAG	7.0	1426.1	-0.909
CAATGG	76.0	4198.2	-0.908
ATTAAG	91.0	5031.9	-0.906
TCGGTC	15.0	736.9	-0.904
ATCATA	78.0	4318.5	-0.904
AGGTGG	116.0	6422.6	-0.901
AGCTGT	119.0	6609.9	-0.895
ACTCTA	60.0	3264.9	-0.892
TAGGAA	116.0	6429.3	-0.891
CAATAG	57.0	3089.7	-0.891
CGGGCG	41.0	2219.2	-0.891
CCATGG	78.0	5095.2	-0.890
GTCCTT	65.0	4513.4	-0.889
CCTTTG	117.0	6491.0	-0.889
CGCGCC	33.0	1760.3	-0.889
TTATTA	151.0	9440.7	-0.889
ATCTGA	100.0	5522.4	-0.888
CTAGAC	44.0	2393.4	-0.888
CGGATC	4.0	720.5	-0.887
TCTACT	55.0	3739.1	-0.885
GATGTA	59.0	4218.2	-0.884
CCGCTT	12.0	1046.5	-0.884
AAAAGT	176.0	9852.5	-0.883
TATAGG	61.0	3327.4	-0.882
GGTACA	59.0	3211.8	-0.879
CCGATG	17.0	889.7	-0.879
CAGTAG	60.0	3766.2	-0.879
CTGTCT	148.0	8636.7	-0.879
GAAGAC	97.0	5408.3	-0.879
GTTTTA	159.0	8910.6	-0.878
TTTTAC	117.0	6712.3	-0.876
TCAGTC	62.0	3391.0	-0.874
CGGGTC	14.0	1295.1	-0.873
CACCAT	66.0	4824.6	-0.871
CGACTG	16.0	1150.9	-0.871
TCACCT	61.0	3803.7	-0.870
GAATAA	117.0	6504.8	-0.870
CGGACA	19.0	970.1	-0.867
AGTGAT	92.0	5115.0	-0.867
ATTCCG	15.0	745.1	-0.866
ATGCCA	72.0	4841.5	-0.865
AAGGAT	102.0	5659.0	-0.864
GACCAA	59.0	3394.1	-0.864
ATCCAA	57.0	4002.3	-0.863
GTCTGA	76.0	4628.8	-0.863
ATCATT	101.0	5600.9	-0.860
TCGTGG	14.0	1690.5	-0.851
TTAAAG	170.0	9858.0	-0.848
TGCCCA	76.0	4883.0	-0.848
CCTCAC	63.0	3461.1	-0.847
TAAGAG	103.0	5729.7	-0.847
CTCTAT	50.0	3750.0	-0.843
GGACAC	67.0	3701.3	-0.840
ACAACG	17.0	864.7	-0.839
TTACGC	5.0	369.7	-0.839
CTCTAA	59.0	4003.3	-0.838
TACGTT	12.0	1003.7	-0.837
GCTGTT	89.0	5250.1	-0.833
GCGGAT	10.0	937.6	-0.831
GCAAAG	84.0	5836.0	-0.831
TGAAAG	142.0	8069.1	-0.831
ATGATA	74.0	6021.4	-0.829
ATCCCG	19.0	1061.1	-0.826
CGTCCC	24.0	1266.2	-0.822
GCTCAA	36.0	2929.0	-0.820
TGCCAG	96.0	5383.8	-0.820
TAGGTT	61.0	4007.4	-0.819
AACTCG	21.0	1096.4	-0.818
CTGGAT	58.0	4887.2	-0.818
TTAGGC	39.0	2427.1	-0.817
TTTGGC	81.0	4485.7	-0.816
GATCAA	59.0	3244.5	-0.809
AACGGA	21.0	1100.0	-0.808
ACTGCT	92.0	5150.9	-0.807
AAACTG	132.0	7408.9	-0.807
GGATAC	42.0	2310.8	-0.806
TGCAAA	134.0	7533.7	-0.805
TATGCG	8.0	726.5	-0.805
TACGGG	15.0	759.1	-0.804
CGCCGA	15.0	759.9	-0.804
TTGGGA	115.0	6941.8	-0.804
GTCCGC	17.0	873.5	-0.802
CCGCAC	14.0	1184.8	-0.802
GCTGGG	99.0	8812.7	-0.802
TATTAA	145.0	8159.4	-0.799
ACAAAC	132.0	7607.3	-0.799
GTCCGG	12.0	1131.5	-0.799
GCCATG	89.0	4977.0	-0.796
ACTCTG	100.0	5581.1	-0.795
AGCAGT	91.0	5823.1	-0.793
TACTGC	41.0	2871.7	-0.792
AAGGCC	64.0	4130.2	-0.791
GACCTT	71.0	3963.1	-0.791
TTTAGA	134.0	7545.2	-0.790
GAAATT	148.0	8355.3	-0.790
TTGTCG	15.0	764.4	-0.783
TGCTGT	147.0	8298.5	-0.781
CTTAGG	63.0	3728.0	-0.781
TACGGT	4.0	669.4	-0.781
TCAGAT	94.0	5289.5	-0.779
CAAGCG	19.0	994.6	-0.775
GTATCC	30.0	2139.4	-0.775
TCTTAT	90.0	5052.5	-0.772
GCACAA	52.0	3686.8	-0.772
GCCGGA	25.0	1467.4	-0.772
CTTTGT	151.0	8559.8	-0.770
TCTAAA	69.0	6439.8	-0.770
AATCTA	80.0	4531.8	-0.768
TTGCTA	88.0	4935.0	-0.767
TAGTTG	53.0	3611.0	-0.767
ACTATT	70.0	4536.5	-0.766
GTCTGC	61.0	3602.3	-0.766
CGTCTC	19.0	1149.8	-0.765
TTGTCC	57.0	3704.2	-0.764
GTCGCA	14.0	711.6	-0.764
AAGGGT	60.0	4050.3	-0.762
TGTCCG	11.0	1079.9	-0.761
AGGCCG	14.0	1603.5	-0.758
GGGGGT	84.0	4701.0	-0.757
ATCAAT	73.0	4101.8	-0.757
TGTGAT	122.0	6891.8	-0.756
TCGGGG	32.0	1749.7	-0.755
AGTTCA	92.0	5695.4	-0.754
TACGAA	15.0	771.0	-0.754
ATCCGC	15.0	771.6	-0.754
CTGGGT	111.0	6279.8	-0.753
TATTAT	151.0	8833.7	-0.752
GGCCAG	95.0	6249.9	-0.752
GCCGCC	50.0	2802.9	-0.752
GAATAC	58.0	3214.9	-0.751
TGTCTG	150.0	8511.6	-0.751
AAAGGC	109.0	6158.1	-0.751
CATATC	46.0	2924.3	-0.750
TACAAC	46.0	2568.3	-0.750
CCTTTA	93.0	5935.4	-0.750
TCTGAA	116.0	7728.4	-0.747
CAGACC	62.0	3454.9	-0.746
CGTCCT	21.0	1214.0	-0.744
CCACAT	64.0	5053.8	-0.742
CACCTA	37.0	2663.5	-0.742
ACATTG	84.0	5092.0	-0.742
TGAAGT	114.0	6411.5	-0.740
TACAGC	49.0	3364.3	-0.737
CAAGTG	75.0	4973.2	-0.737
GTTGGT	78.0	4414.5	-0.734
TGTGGC	99.0	5562.2	-0.733
ACCAGC	63.0	3604.4	-0.731
AGCCCC	64.0	4143.6	-0.731
ACCCCT	52.0	2931.9	-0.729
GTTACG	10.0	491.7	-0.728
TCAACA	78.0	4418.7	-0.728
TCTAGA	86.0	4839.0	-0.727
GAGACG	28.0	1582.5	-0.726
GCCCTA	17.0	2075.4	-0.725
GGCGCG	14.0	2168.8	-0.724
CGACGA	9.0	435.6	-0.724
CATTAT	94.0	5325.5	-0.724
TTGGTT	140.0	7909.6	-0.723
CTCCCC	83.0	4661.3	-0.723
AACAAG	103.0	5812.8	-0.723
GCGGGA	44.0	2463.2	-0.723
GAGCCT	73.0	4709.6	-0.722
GGCGAT	12.0	920.7	-0.722
CTCAGT	100.0	5631.1	-0.721
TCGAAT	10.0	754.2	-0.719
CCTACA	42.0	3125.5	-0.718
GATCTG	58.0	4323.9	-0.718
TATCTC	50.0	3553.0	-0.718
ATTCCT	85.0	5549.7	-0.717
CATTTG	139.0	7914.5	-0.717
CAGTTC	56.0	4185.5	-0.716
TGCCTT	118.0	6822.3	-0.716
TTGCCG	18.0	955.0	-0.715
ACGTGA	23.0	1668.8	-0.710
CCACTC	49.0	3178.6	-0.709
AAGTTC	71.0	4759.4	-0.709
CAAGGT	70.0	4086.7	-0.706
CAGGGG	86.0	5186.1	-0.705
TAGGAC	47.0	2648.2	-0.704
TATTTC	126.0	7179.6	-0.703
CACCGG	22.0	1188.2	-0.703
TGTTGG	98.0	6121.2	-0.701
GCGATC	12.0	729.7	-0.700
GCTGAC	58.0	3508.6	-0.699
AGACAC	74.0	5619.0	-0.697
TATAAT	111.0	7936.3	-0.696
ATGTGG	90.0	7418.2	-0.696
GACCAT	57.0	3184.7	-0.696
TTAGTC	38.0	2738.3	-0.696
GTCTTG	77.0	4378.9	-0.695
ACGAGG	22.0	1451.7	-0.694
AGTTAA	91.0	5612.0	-0.693
GCACAG	69.0	5500.5	-0.693
GCTTTC	90.0	5105.6	-0.692
TCTCCA	106.0	6019.0	-0.692
TCATTT	180.0	10280.8	-0.692
CCCATT	73.0	4141.6	-0.690
TCCTTT	153.0	8692.4	-0.689
CCCGCA	15.0	1458.2	-0.689
CCAACC	33.0	2946.7	-0.688
TGGATA	72.0	5010.8	-0.685
AGGGTG	80.0	5259.8	-0.682
CTCGTG	26.0	1610.2	-0.681
ACGTGG	30.0	2003.9	-0.681
TGGGGT	106.0	6027.5	-0.680
ATACTT	90.0	5171.4	-0.679
TGGAGT	56.0	5991.4	-0.678
CCCCTA	38.0	2132.4	-0.677
TCCCCT	79.0	4511.6	-0.677
ATTGCC	32.0	2846.0	-0.676
CTTTGC	90.0	5457.0	-0.675
AATGTT	142.0	8728.1	-0.674
GTGGCT	78.0	6050.7	-0.673
TGAAAT	180.0	10299.6	-0.673
GTGGTC	45.0	3105.2	-0.672
CTTTTA	146.0	9001.6	-0.669
CCTAAA	80.0	4576.7	-0.669
CTTATA	68.0	4101.0	-0.669
GTGTCG	10.0	1006.7	-0.667
TTAATA	138.0	8260.2	-0.666
TCTAAT	80.0	4579.2	-0.665
GCTACG	9.0	736.2	-0.664
TGCTGA	121.0	6902.2	-0.663
TCCCCG	33.0	1845.0	-0.663
GGTATC	37.0	2079.9	-0.662
CTTCGA	19.0	1027.6	-0.662
ATTAAT	135.0	7715.0	-0.660
TGGCGG	36.0	2121.0	-0.657
CAATGA	84.0	4767.2	-0.655
CACTAT	48.0	3232.9	-0.655
GCCGGT	20.0	1105.8	-0.654
AGGAAT	114.0	6478.7	-0.653
AGTGGT	77.0	4921.7	-0.653
GCTATG	66.0	3746.0	-0.651
GGACCA	59.0	3330.5	-0.647
CTTCTT	131.0	7964.1	-0.647
AGACGA	22.0	1208.3	-0.645
AGATGT	119.0	6795.0	-0.645
CATTAC	38.0	3020.5	-0.644
TAGGTA	63.0	3908.2	-0.643
TTCGAC	4.0	556.3	-0.642
CGAGGG	33.0	1853.7	-0.642
ACCGGG	23.0	1300.5	-0.640
GATGTT	77.0	5332.3	-0.640
TACACT	57.0	3734.0	-0.640
TAGTAA	80.0	4792.8	-0.639
GGTTGC	53.0	3037.5	-0.639
TCAGAC	66.0	3754.1	-0.639
GTTTCG	16.0	860.2	-0.639
GGACTG	51.0	4216.0	-0.638
CATAAC	46.0	2745.6	-0.636
CTGCTC	77.0	5492.5	-0.635
TAGGGG	54.0	3412.3	-0.632
GCTTCC	61.0	4725.2	-0.630
CAACGG	10.0	698.0	-0.627
GATAAT	79.0	4544.6	-0.627
TACTAC	28.0	2417.1	-0.627
GGGATA	61.0	3512.7	-0.626
CTCTGT	124.0	8284.9	-0.625
TTCTTG	114.0	7506.1	-0.625
AAGAAT	160.0	9198.0	-0.625
CCGGCA	18.0	1230.4	-0.624
TACAGT	83.0	5088.9	-0.621
AGGTTG	69.0	4151.1	-0.620
CACCCG	23.0	1439.5	-0.619
CCAACG	14.0	808.8	-0.618
ATTGAT	92.0	5279.4	-0.618
AGTGTC	62.0	4168.2	-0.617
CACATC	63.0	3588.6	-0.616
TGTAAG	89.0	5613.5	-0.615
GAAATA	154.0	8825.5	-0.615
GATCAT	47.0	3431.6	-0.615
CGGAAG	31.0	1980.6	-0.614
CTGCAC	73.0	4192.4	-0.613
TCATTA	96.0	5529.7	-0.612
CTTGCC	56.0	3992.2	-0.611
GCCTCT	97.0	5591.9	-0.611
TCTGAC	67.0	4006.4	-0.611
ACTTGG	93.0	5346.5	-0.611
TCCAAC	35.0	2737.5	-0.610
CTTTCG	16.0	1072.2	-0.609
TTCTGG	131.0	7510.2	-0.608
CAGTTA	73.0	4195.2	-0.608
ATTACT	77.0	4437.5	-0.607
CAGCCA	118.0	6765.0	-0.607
ATGGAA	145.0	8328.7	-0.606
AGACCA	78.0	5129.9	-0.606
GTGTGC	149.0	8583.6	-0.604
ACACCA	76.0	4379.5	-0.603
TTTACA	119.0	7574.5	-0.602
TAAGTC	49.0	2820.7	-0.601
TGGGCT	100.0	5844.2	-0.601
CGGCAC	17.0	1016.4	-0.601
ACTGAT	72.0	4139.1	-0.601
TAATTT	192.0	11795.0	-0.600
CTCAGC	97.0	5599.2	-0.600
AGCCTC	78.0	4503.9	-0.599
GAGCGG	31.0	2049.7	-0.599
ACAATA	89.0	5112.2	-0.598
CATATG	80.0	5980.0	-0.596
GACATG	78.0	4508.1	-0.593
CACGCC	21.0	1819.1	-0.593
AAGGAG	144.0	8280.0	-0.592
CCCTAA	42.0	3047.2	-0.592
GCGTCA	15.0	815.6	-0.592
GGCTCT	80.0	4658.2	-0.590
AATTAC	76.0	4389.4	-0.590
GCACTA	39.0	2255.6	-0.590
TTGCCC	29.0	3108.3	-0.589
ACAACA	109.0	6285.3	-0.589
GGTCCT	67.0	3848.1	-0.587
TAGGGC	20.0	2429.1	-0.586
CCCATA	43.0	3146.9	-0.586
TGTGGT	101.0	8049.1	-0.584
GCAACA	65.0	3729.9	-0.584
AGTCTT	92.0	5306.4	-0.584
CCCAAA	86.0	5432.7	-0.583
GGAAGT	101.0	5798.3	-0.582
AGTTTG	123.0	7101.7	-0.578
CAGGCT	75.0	6241.4	-0.578
ATTATT	160.0	9971.2	-0.577
TCATAT	81.0	5294.4	-0.577
TATAAG	82.0	4702.2	-0.576
ATGAGA	128.0	7354.5	-0.575
GTCCAA	37.0	2416.2	-0.573
CTCTAG	67.0	3857.0	-0.573
GCCAAT	43.0	2708.6	-0.573
GGATTC	56.0	3256.7	-0.572
TCCAAA	101.0	5807.4	-0.571
AATGTG	127.0	8344.4	-0.571
ACAGCA	89.0	6681.2	-0.571
GATGTG	100.0	5748.0	-0.569
ACTGTG	98.0	6530.7	-0.569
CTCATT	83.0	5289.2	-0.568
ACGGAA	22.0	1263.5	-0.567
CACCAC	72.0	4277.8	-0.567
ATTGTC	47.0	3409.8	-0.566
GTCTTC	81.0	4651.0	-0.565
GTTTGA	104.0	5997.4	-0.565
CGCCGT	11.0	690.0	-0.565
CTTGGA	95.0	5505.7	-0.564
TTAGGT	69.0	3983.3	-0.564
CATCAG	47.0	4715.3	-0.564
TACATA	122.0	8856.6	-0.564
GAAGGA	170.0	9836.4	-0.564
GACTAC	33.0	1889.7	-0.563
CAGCTT	73.0	5863.0	-0.563
TAAAGT	105.0	6848.7	-0.562
ATTGTG	104.0	6000.9	-0.562
GGCCAC	58.0	3323.8	-0.561
AAGCAC	61.0	4637.3	-0.560
GCCCTC	62.0	3565.6	-0.558
GTAGCC	48.0	3032.4	-0.558
GGGAAC	73.0	4230.7	-0.558
ATTTTG	181.0	10699.6	-0.557
TCATCA	72.0	4589.4	-0.556
TAAGTT	90.0	5207.1	-0.554
CTATAG	49.0	3183.2	-0.554
TAGATC	45.0	2609.2	-0.553
GACTGG	73.0	4315.3	-0.553
TTGTTA	114.0	6565.7	-0.552
AAGCTC	63.0	3630.2	-0.552
CGTCAC	16.0	887.1	-0.552
TCATTC	76.0	4417.1	-0.551
CCAGTT	66.0	4202.0	-0.551
ACAGGT	78.0	4540.8	-0.549
GGTATA	48.0	3237.9	-0.549
TAAGAC	63.0	3633.3	-0.548
CACTTA	64.0	3693.9	-0.547
AAGGTT	78.0	4775.6	-0.547
AACGTC	6.0	822.1	-0.547
AATTGT	108.0	6262.7	-0.545
GTGTCC	66.0	3817.8	-0.543
AACCCA	70.0	5062.4	-0.542
ATAGTC	37.0	2790.2	-0.541
CTCCCG	28.0	2229.8	-0.541
ATTTGT	151.0	9349.0	-0.541
ACTACA	64.0	3699.4	-0.538
GCCAGG	115.0	6640.6	-0.538
AATCGC	12.0	654.9	-0.538
TTGAAG	119.0	6891.8	-0.537
ATAATT	150.0	8912.9	-0.535
GCTGTG	138.0	8024.0	-0.534
AGCGCT	25.0	1428.3	-0.534
CGGCGA	5.0	902.8	-0.533
GCACCA	61.0	3524.1	-0.531
TCCAGC	82.0	4904.7	-0.530
TTTCGC	11.0	682.8	-0.529
CAGGTG	102.0	6306.4	-0.528
CCCGGA	32.0	1847.8	-0.527
AAAGCA	181.0	10525.7	-0.527
TGTGCC	67.0	5063.2	-0.526
CTTCTG	143.0	8284.1	-0.526
GACAAA	106.0	6158.3	-0.523
CATTTA	138.0	8036.8	-0.522
ACGAAG	20.0	1136.9	-0.521
AGCACT	98.0	5729.7	-0.519
ACGTCT	11.0	1013.5	-0.518
CGGAGA	31.0	1792.3	-0.518
GGGTTT	109.0	6349.1	-0.518
TGTCGT	13.0	1020.5	-0.517
TAGAAG	90.0	6020.8	-0.517
GTCAGC	51.0	3426.7	-0.515
TAGAGC	60.0	3559.0	-0.515
TATATC	65.0	3778.1	-0.514
AAGGCT	95.0	5549.9	-0.514
TATTAG	53.0	4449.0	-0.513
GTTTAT	120.0	6977.7	-0.513
ATGGAG	115.0	6870.9	-0.512
GGTCTA	47.0	2919.7	-0.512
AAATCC	92.0	5366.6	-0.511
CTCCGA	20.0	1140.4	-0.511
TCACTA	55.0	3236.9	-0.510
TTTCTG	205.0	11918.9	-0.510
AAGGGC	69.0	4024.0	-0.510
AATATA	170.0	9899.3	-0.510
AAATTT	208.0	12453.4	-0.509
CTGGCC	61.0	5453.0	-0.509
GCGACG	12.0	663.9	-0.508
CGGTGC	17.0	1548.1	-0.508
GTTGGC	45.0	3040.2	-0.507
AAGCCA	110.0	6424.3	-0.504
TCGAGG	29.0	1680.6	-0.504
GCCTCG	34.0	1979.3	-0.503
GGCGGA	38.0	2219.5	-0.503
CGACCA	13.0	724.3	-0.503
CGCCAG	21.0	1874.5	-0.503
TTGGTC	63.0	3666.0	-0.502
GTAAAA	137.0	8018.2	-0.501
GCGCGT	11.0	1208.4	-0.501
GAACCT	64.0	3727.2	-0.501
AACATC	72.0	4214.7	-0.499
TCACAT	89.0	5193.5	-0.498
TTTGGG	129.0	7495.7	-0.497
CTTGAG	64.0	5225.3	-0.497
CGAATT	12.0	796.9	-0.496
CGAGAA	29.0	1684.9	-0.495
GTCCCG	25.0	1445.3	-0.495
CCCAAC	46.0	2949.6	-0.495
TCATTG	86.0	5013.5	-0.494
TTAGAC	48.0	2825.4	-0.493
TTTACT	108.0	6942.4	-0.493
CCTTTC	85.0	5870.1	-0.492
TCTTCT	148.0	9371.3	-0.491
TGGTGT	119.0	6937.1	-0.490
TTGTGA	123.0	7188.2	-0.490
GTCATC	49.0	2889.7	-0.488
TTATTC	91.0	5330.2	-0.483
GACTCG	12.0	1075.9	-0.482
TGCTAG	45.0	3928.2	-0.482
GGTTTT	154.0	8971.3	-0.481
CAGACA	122.0	7137.0	-0.479
GGAAAC	96.0	5644.3	-0.478
GTACAC	52.0	3077.3	-0.477
AGGTAC	46.0	2716.7	-0.476
GGAGTG	76.0	5897.6	-0.476
AAGATA	120.0	7015.9	-0.476
ATTGAC	49.0	2898.1	-0.475
GATTTA	94.0	5522.6	-0.475
CGTTAT	14.0	794.9	-0.475
CGACGC	9.0	499.4	-0.474
AGATGG	135.0	8062.6	-0.474
CGCCAA	9.0	840.4	-0.473
CCTCCG	32.0	1876.4	-0.473
AGGTCC	50.0	3118.8	-0.471
GGCTAT	57.0	3324.9	-0.471
AGACGT	23.0	1338.9	-0.467
ACAATC	45.0	2664.5	-0.464
CATAAG	63.0	3694.6	-0.463
TAGAGT	79.0	4672.9	-0.463
TGACTT	105.0	6263.8	-0.461
GTCTCC	65.0	3818.1	-0.460
TCAAAT	90.0	6627.6	-0.460
TGGTTT	166.0	9705.9	-0.458
AATAGT	88.0	5169.5	-0.457
AAGTAT	100.0	5851.1	-0.456
GTGTTG	92.0	5457.4	-0.455
TAAAAC	140.0	8175.9	-0.454
CGGGAA	24.0	1835.2	-0.454
TTCTAT	98.0	6477.7	-0.454
AAGCTG	92.0	6551.2	-0.453
CGACTC	1.0	842.7	-0.452
CAGATT	86.0	5051.5	-0.452
TGTTAC	45.0	3754.3	-0.451
TGTATC	66.0	4061.7	-0.451
ACGGAT	6.0	844.0	-0.450
CACTGA	102.0	5982.1	-0.449
CTGACA	81.0	4746.4	-0.448
CGAGTG	27.0	1588.6	-0.448
TAGCTC	46.0	3300.5	-0.447
CCCTTA	46.0	2736.5	-0.447
TTCCTG	106.0	8010.7	-0.445
CCAAGT	71.0	4202.9	-0.444
TGAGTG	136.0	7997.2	-0.443
AGGATT	88.0	5184.0	-0.441
TGGACT	73.0	4324.3	-0.440
TGTCTT	132.0	9040.4	-0.440
CGATTG	9.0	760.6	-0.440
ATTACG	10.0	684.6	-0.440
CCATAA	61.0	3591.7	-0.440
ACATAG	81.0	4914.5	-0.439
TCGACT	10.0	638.5	-0.439
CGTGGC	27.0	2136.8	-0.438
GTATTT	130.0	8311.4	-0.438
CCTTAG	60.0	3532.3	-0.437
ATTCGG	11.0	858.1	-0.437
TCCCGC	22.0	1591.4	-0.437
ACTTGT	81.0	4757.4	-0.437
TATTCG	11.0	684.0	-0.436
AATGAA	210.0	12289.7	-0.434
GTATTC	46.0	3146.5	-0.434
TTCCGA	19.0	1112.1	-0.434
AGTCCG	14.0	809.1	-0.433
CTGTGG	130.0	7630.3	-0.433
TTGTTC	93.0	5502.2	-0.432
CGGGGG	40.0	2383.7	-0.432
AATAAG	105.0	6187.7	-0.431
TGGGAC	42.0	4364.2	-0.431
CAGTCC	53.0	3221.8	-0.430
AAGCCG	22.0	1368.7	-0.430
TAGAAT	101.0	6421.2	-0.429
TCAAGC	46.0	2748.2	-0.429
TGGTTC	68.0	4027.8	-0.429
ACTCGT	13.0	751.5	-0.427
GGTGCT	85.0	5012.6	-0.427
AGTTAC	61.0	3602.6	-0.427
TATTTA	219.0	12834.0	-0.426
CAGTTG	76.0	4521.5	-0.426
AAAGGT	103.0	6072.0	-0.424
AAGGCG	28.0	1693.0	-0.423
AAAGTA	138.0	8150.2	-0.423
GGTTTG	97.0	5761.5	-0.422
AGGTAA	64.0	5148.8	-0.422
CACAGT	93.0	5514.0	-0.422
CGGCCT	17.0	1402.0	-0.418
TGTGTA	217.0	13207.7	-0.418
CAAGAA	126.0	7458.3	-0.418
AGTCAG	92.0	5456.9	-0.417
CGAGCC	18.0	1549.2	-0.416
AGTCAC	63.0	3733.7	-0.416
AGCTGG	120.0	7083.2	-0.415
GCCTTC	50.0	4089.5	-0.413
GGGAGC	75.0	5037.4	-0.412
AGTATT	95.0	5647.5	-0.412
TTCTGT	172.0	10196.4	-0.411
TTATGC	58.0	3460.3	-0.410
ACGGCA	17.0	1003.0	-0.409
AATCAA	103.0	6088.6	-0.408
AGGACA	115.0	6779.9	-0.405
GCATCC	56.0	3375.5	-0.405
ACAGCC	84.0	4972.4	-0.405
TCGGGA	21.0	1649.1	-0.405
AGAAGT	104.0	6987.1	-0.404
AGTATA	79.0	4726.3	-0.404
TTACTC	47.0	2827.4	-0.404
GAGCCC	54.0	4080.3	-0.404
CAGAAC	89.0	5284.2	-0.403
AGCGAC	16.0	943.1	-0.403
ATATAG	78.0	5119.5	-0.403
AGAGGA	148.0	10165.1	-0.402
TGGTAC	34.0	3018.4	-0.401
TAGCCC	47.0	2829.0	-0.401
CTTTAC	57.0	3904.2	-0.400
TACATC	46.0	3110.9	-0.398
CTGGTC	70.0	4178.7	-0.398
GTCTTT	117.0	6916.3	-0.396
CTCAAT	53.0	3201.0	-0.395
GAAAAG	193.0	11359.3	-0.395
CGAAAA	25.0	1578.8	-0.395
GGGTGC	63.0	3752.8	-0.394
GCAGCG	30.0	2525.8	-0.394
TTTCCG	18.0	1320.2	-0.393
CTCGGC	29.0	1740.7	-0.393
ACCTTG	71.0	4244.0	-0.393
CCTAAG	53.0	3277.3	-0.392
GTGACC	48.0	3503.3	-0.391
ACCCTT	51.0	3371.7	-0.391
GCCAGT	61.0	3813.3	-0.389
CCTGAA	90.0	5362.2	-0.388
TCATGG	74.0	5001.6	-0.387
CTGAAG	117.0	7508.8	-0.387
CGGGCA	28.0	1684.4	-0.385
AGATCG	13.0	934.6	-0.384
ATAGTA	75.0	4499.1	-0.384
CAGTAA	62.0	4806.0	-0.383
CCCCGC	40.0	2795.2	-0.382
CTGTTA	74.0	4563.5	-0.382
TACAGG	53.0	4475.2	-0.382
CGGAGT	21.0	1259.3	-0.381
CACAGG	99.0	5868.2	-0.381
CCTAGA	61.0	3643.0	-0.379
TTATAT	168.0	9945.7	-0.379
TATGCC	51.0	3166.0	-0.379
CATTCC	61.0	3705.7	-0.378
CTGAGC	82.0	6277.9	-0.378
TCGACA	11.0	647.6	-0.376
CTACAT	68.0	4331.7	-0.375
CTATAA	69.0	4602.6	-0.375
TAAGAA	140.0	8279.2	-0.373
TGCCCC	55.0	3873.7	-0.372
CGACAG	17.0	1019.4	-0.371
AAGTCA	95.0	5696.2	-0.368
CAGCGC	23.0	1901.7	-0.367
CCAACA	67.0	4023.2	-0.366
GGAACC	57.0	3408.4	-0.366
GTCTCT	96.0	5761.9	-0.365
ACGGCT	17.0	1022.1	-0.365
ACGCGG	5.0	848.4	-0.364
TGTTTG	212.0	12537.5	-0.364
AGACTA	63.0	3780.8	-0.363
GTGTTA	69.0	4150.5	-0.363
TCAACT	57.0	3411.6	-0.363
CTAGGT	49.0	2982.9	-0.362
TCCACT	67.0	4028.2	-0.361
TGGGCG	17.0	2259.2	-0.361
ATCCGA	12.0	715.3	-0.360
CGACAT	9.0	655.2	-0.358
AAAACT	151.0	9555.4	-0.357
AGTAGT	61.0	3693.5	-0.356
GGTAGC	36.0	2397.1	-0.355
TTATGT	133.0	7921.8	-0.355
TTTCAC	79.0	4778.9	-0.354
TTTCAG	129.0	7669.7	-0.353
TCGGAC	4.0	672.6	-0.351
CCGCCG	34.0	2073.8	-0.351
CGCCTA	6.0	655.5	-0.350
GTTTCC	74.0	4895.4	-0.350
CACTAG	44.0	2686.8	-0.350
AGACCT	70.0	4226.0	-0.349
TACCAG	52.0	3178.2	-0.349
ACCTTC	56.0	3647.4	-0.348
GACAAT	53.0	3240.1	-0.348
AGCACC	65.0	3918.2	-0.348
GTCGCG	12.0	720.9	-0.348
GGCACT	54.0	3302.8	-0.347
CATTGA	82.0	4910.8	-0.347
CGCTAG	5.0	755.2	-0.347
ATTTTA	243.0	16185.6	-0.346
AGAGTC	70.0	4228.3	-0.346
GGGCTA	51.0	3461.5	-0.346
ATGGTC	43.0	2995.6	-0.346
TTTCTC	136.0	9487.1	-0.345
CAACTT	54.0	4077.4	-0.345
AGCCGC	31.0	1895.0	-0.344
TTTTAG	121.0	8325.6	-0.343
GAGGTA	63.0	3800.7	-0.343
GAGTCA	69.0	4171.3	-0.342
CGGGAG	34.0	3174.1	-0.341
ATACTC	41.0	2509.8	-0.341
AATAGG	60.0	3619.4	-0.338
TTATAG	87.0	5234.4	-0.336
ATCACC	32.0	2532.2	-0.335
ATCGAC	9.0	537.9	-0.335
TTCAAG	93.0	5611.3	-0.334
TGCCAT	77.0	4998.0	-0.333
CTGTCA	81.0	4864.3	-0.333
CTACTC	31.0	2326.3	-0.332
GACGAG	20.0	1225.6	-0.332
TAGACA	78.0	4740.7	-0.332
ACCTCT	66.0	3997.6	-0.331
ACTCCG	17.0	1040.3	-0.329
ACTTAT	62.0	4285.1	-0.329
GTCCAG	49.0	3569.7	-0.328
GGACCC	47.0	2947.3	-0.328
GATCCG	11.0	806.4	-0.328
TGGAAA	172.0	10986.3	-0.326
CACATG	135.0	8091.4	-0.325
GTAGTC	27.0	2113.5	-0.325
CAACTA	35.0	2548.8	-0.323
CCTCGA	20.0	1232.6	-0.320
ATGGAC	52.0	3659.2	-0.317
CTCCAA	69.0	4199.6	-0.316
TAGTCC	25.0	2142.2	-0.315
TCAGTT	92.0	5574.8	-0.314
TTACTT	98.0	6524.6	-0.313
TTTAGG	79.0	5186.3	-0.313
AAATAG	131.0	7917.8	-0.313
AAACAC	111.0	7406.3	-0.313
TCAATC	34.0	2184.9	-0.312
ATGTAA	137.0	8573.2	-0.311
GAAACT	108.0	6522.3	-0.311
TGTGCG	43.0	2658.7	-0.310
ACGTCC	10.0	762.8	-0.310
GAACTA	58.0	3524.1	-0.310
GACAAG	58.0	4298.0	-0.309
AGATAC	60.0	3864.8	-0.309
GACTAG	25.0	2571.5	-0.309
AGAACC	51.0	4430.4	-0.307
TAGAAA	181.0	10850.1	-0.307
GGCCGG	40.0	2477.7	-0.306
TTTGCG	16.0	1103.7	-0.305
CGTGGT	28.0	1998.0	-0.305
TAGTCA	44.0	3458.3	-0.304
AGCCAG	123.0	7641.7	-0.303
CTGAAA	123.0	7954.6	-0.302
CCAAAC	55.0	4376.7	-0.301
CCTAGG	45.0	3432.4	-0.300
ACTTTC	69.0	4937.5	-0.299
CTTTCT	168.0	11128.6	-0.299
AAGGTA	82.0	4967.1	-0.298
GTGCCA	65.0	3971.3	-0.298
GGCTAG	53.0	3289.7	-0.297
GCACTG	80.0	4906.6	-0.297
CTAGGA	69.0	4220.2	-0.297
CCAGCC	108.0	6542.8	-0.297
TTCCGG	23.0	1433.7	-0.297
TTAGGG	52.0	3726.7	-0.296
GTCCCA	33.0	3473.2	-0.295
TCACAA	85.0	5160.7	-0.295
ATTATA	129.0	7756.2	-0.294
GCCAGA	73.0	5089.7	-0.294
CAATCC	38.0	2365.9	-0.293
ACGGTG	22.0	1374.8	-0.292
AGCCTT	90.0	5479.8	-0.290
GGGTAT	54.0	3358.7	-0.290
AGACAT	101.0	6109.2	-0.290
GAGATG	126.0	7636.4	-0.289
TTGGAC	49.0	3051.8	-0.288
ATTTAG	95.0	5797.5	-0.288
TATTGA	77.0	5414.4	-0.287
TAGGAG	71.0	4356.3	-0.287
AAGTAC	61.0	3734.7	-0.287
TCACCA	65.0	4131.4	-0.287
GGCGGT	19.0	1481.5	-0.286
GAGGTG	102.0	6178.8	-0.286
ACTTCG	12.0	856.7	-0.285
GTGGGT	118.0	7133.8	-0.284
AATCAT	62.0	5253.2	-0.284
TTGCTG	123.0	7556.9	-0.284
CATCGC	14.0	878.1	-0.283
CATAAT	83.0	5050.3	-0.283
TGAGCT	99.0	5994.9	-0.282
CGAGCT	23.0	1443.9	-0.282
ATAGGG	47.0	2933.9	-0.282
GCCCCA	54.0	4128.7	-0.282
TAGTTT	115.0	6946.9	-0.282
CACCTT	67.0	4114.5	-0.281
TATGAG	77.0	4739.1	-0.281
CTATGG	58.0	3555.6	-0.281
TGCAAC	32.0	2698.2	-0.280
AGACGC	19.0	1247.1	-0.279
AGGCCA	94.0	6130.2	-0.278
TAGGTC	35.0	2192.2	-0.278
TGCGTC	14.0	881.7	-0.277
GGGTGT	86.0	5245.9	-0.277
TCCACA	74.0	4558.9	-0.276
TGCTCC	68.0	4183.3	-0.276
AACTAC	44.0	2863.9	-0.276
TCCGGA	20.0	1260.8	-0.275
TGTTTC	104.0	7775.9	-0.275
GGCTTT	89.0	5894.0	-0.275
AATTTT	212.0	14604.1	-0.273
CTTATG	52.0	3695.3	-0.273
TAAGGG	52.0	3309.3	-0.273
TGAAGA	162.0	9733.7	-0.273
GCTTTG	93.0	6411.9	-0.272
ACATTC	69.0	4252.8	-0.270
ACTCTT	65.0	4694.6	-0.269
AGGAGG	165.0	10005.8	-0.269
ACATTA	78.0	5443.0	-0.269
CTCCTT	95.0	5825.9	-0.268
AGCGCC	25.0	1578.1	-0.268
TAAATC	82.0	5007.5	-0.268
CCTCTA	48.0	3187.9	-0.267
GTGGGC	64.0	4453.3	-0.266
TGACAG	81.0	5733.0	-0.266
TCCCCA	84.0	5135.2	-0.266
GGTGAC	60.0	3696.0	-0.266
TTTATA	189.0	11395.9	-0.265
TGTTGT	113.0	8595.7	-0.264
AACACT	84.0	5137.1	-0.264
GCACCT	52.0	3262.8	-0.264
ATGTGT	254.0	15189.3	-0.263
AATTAT	143.0	8646.7	-0.263
AGGAAG	206.0	12402.4	-0.262
AGGTGA	98.0	6024.6	-0.262
CCCTCA	59.0	3640.0	-0.261
GGTGTT	78.0	4829.0	-0.261
TTAAAA	371.0	22057.9	-0.261
CAACCA	72.0	4453.7	-0.260
CGGACC	14.0	891.6	-0.260
TAGAAC	62.0	3996.3	-0.260
TACGTC	8.0	529.8	-0.260
TCCAAT	53.0	3330.9	-0.259
AACTGC	66.0	4168.6	-0.259
AATTTG	110.0	7654.2	-0.256
AATGAT	104.0	6818.6	-0.256
TCTTTC	145.0	9180.6	-0.255
CAGGAC	75.0	5035.1	-0.255
TTTCGA	18.0	1148.0	-0.255
CAGTCT	76.0	4711.8	-0.255
AACTAA	90.0	5532.8	-0.253
GACTCA	36.0	3615.2	-0.252
TTCTAG	90.0	5535.8	-0.251
TATACA	106.0	7635.3	-0.250
TGCAGA	99.0	7753.1	-0.250
GTATGT	176.0	10632.5	-0.250
CCCTGA	78.0	4843.9	-0.250
TGCTGC	107.0	6553.0	-0.248
CAACGC	9.0	810.5	-0.248
TGAGGT	82.0	5638.3	-0.248
ATTTCC	97.0	5984.6	-0.247
AGCCAT	95.0	5858.5	-0.247
TCTAGG	51.0	3762.5	-0.246
TTGCCA	73.0	4539.4	-0.243
CCTCTG	121.0	7504.5	-0.243
ATATCC	35.0	3240.3	-0.242
ATTAGA	87.0	5359.2	-0.242
CAATCT	49.0	3100.7	-0.242
GTGCCC	54.0	3413.5	-0.241
AGGGCA	80.0	5754.1	-0.241
GTGGTT	82.0	5618.1	-0.241
GACAGT	63.0	4399.7	-0.241
CAGAAT	92.0	6519.3	-0.240
GAACTT	74.0	5085.5	-0.240
ATTTAC	78.0	5286.7	-0.239
CCCAAG	77.0	4797.8	-0.238
TTTGAT	119.0	8239.0	-0.238
TAGCAA	67.0	4801.8	-0.238
ACACTG	91.0	5905.5	-0.238
CAGAGC	110.0	6767.0	-0.236
TCTGCT	96.0	6618.4	-0.236
ACAGTC	53.0	3357.8	-0.236
CTAACA	45.0	3450.2	-0.236
GGAAAT	133.0	8116.5	-0.235
TTCTTC	127.0	8157.4	-0.235
CAAAGG	97.0	6100.2	-0.235
GTGTCT	112.0	6899.1	-0.233
AGGCAG	173.0	10473.3	-0.232
CCACCG	22.0	1502.2	-0.232
GCGCAC	26.0	1671.2	-0.232
CATTAA	94.0	5820.8	-0.231
ATTCTT	119.0	7739.9	-0.230
CTTTCC	108.0	6649.5	-0.230
GCTGGT	64.0	4534.1	-0.230
CTTCAC	58.0	3690.9	-0.229
GTCCTC	54.0	3578.6	-0.228
TTCTGC	97.0	6019.6	-0.226
TGATTC	49.0	4000.6	-0.225
AAGAAG	200.0	12087.8	-0.225
CTACCA	46.0	2933.4	-0.225
TAATAT	128.0	7815.4	-0.224
TAATAA	151.0	10673.5	-0.224
TGTCAG	84.0	5198.4	-0.224
GAGCAG	120.0	7365.7	-0.224
GACCAG	68.0	4252.3	-0.224
AGGTCA	72.0	4505.0	-0.223
AAAGTC	84.0	5200.1	-0.223
ACACTT	80.0	5010.9	-0.223
ACTAGA	44.0	3931.7	-0.222
CCAAGC	57.0	3563.7	-0.222
CCGGAA	23.0	1490.5	-0.222
TTTACG	14.0	915.5	-0.222
ACACGG	20.0	1300.6	-0.221
AGTCTG	81.0	5013.6	-0.221
TGGTCC	48.0	3063.4	-0.221
TATTTG	143.0	8729.5	-0.220
GGAGAA	145.0	8862.7	-0.219
GAAGTA	73.0	4574.3	-0.219
GGTTAC	31.0	2104.1	-0.219
CTTTGG	109.0	6735.6	-0.218
AAAGCC	79.0	5475.6	-0.217
AGCTCA	78.0	4893.7	-0.217
CACCTG	77.0	4992.4	-0.217
CAAGTC	50.0	3196.0	-0.216
AACATA	103.0	6356.8	-0.216
CAAGAG	71.0	5895.1	-0.216
GGTTTC	76.0	4771.4	-0.214
TGGGTC	62.0	3888.4	-0.214
GTACTC	32.0	2183.3	-0.214
TCCTGC	86.0	5341.5	-0.214
AGAGCC	82.0	5089.4	-0.213
TCCTGT	99.0	6105.6	-0.213
GATCAC	34.0	2283.5	-0.213
CGTCAA	10.0	660.9	-0.213
TTGTCA	61.0	5262.6	-0.212
ACGTCA	7.0	1185.0	-0.212
TGCTGG	100.0	8716.9	-0.211
GAGCTT	74.0	4649.4	-0.211
CGGTGT	19.0	1272.2	-0.211
CACCCC	57.0	3711.2	-0.210
GGGATC	43.0	2762.9	-0.210
CGCTAT	5.0	553.3	-0.210
TCAAAG	103.0	6368.5	-0.209
CTGGGG	96.0	7230.4	-0.209
CACCGC	21.0	1375.4	-0.208
TACCAA	46.0	3336.9	-0.208
TCAAGG	74.0	4656.3	-0.207
TATCAA	39.0	4030.6	-0.207
GGGCTC	49.0	3879.7	-0.207
CGGATT	14.0	926.1	-0.206
AGCTTT	99.0	6928.6	-0.206
TTATTG	97.0	6647.7	-0.205
AAAGCT	99.0	6929.6	-0.205
AGATGC	69.0	5314.9	-0.205
CAACTG	53.0	3588.1	-0.205
CCCTAG	26.0	2823.0	-0.204
TTTCAA	128.0	8250.8	-0.204
AAGTCT	83.0	5168.7	-0.204
TTGAGG	81.0	5672.4	-0.203
ACACTA	52.0	3427.1	-0.203
AGTGTG	136.0	8376.3	-0.203
AAGAGT	90.0	6008.0	-0.202
GTTTCA	70.0	5381.0	-0.202
CTCCAG	102.0	6319.9	-0.201
ATAACA	90.0	5618.9	-0.201
GAGTCG	17.0	1125.0	-0.199
ATTCCA	86.0	5370.8	-0.197
GATTTG	79.0	5279.3	-0.197
GCTATC	26.0	2230.9	-0.195
TCAGCT	69.0	5223.5	-0.195
GACACC	41.0	2889.3	-0.194
AGTAGG	50.0	3575.4	-0.194
CGATTA	9.0	605.4	-0.194
ACGTCG	4.0	344.6	-0.194
ATCCTG	69.0	4904.3	-0.194
CAAGCT	63.0	4080.1	-0.194
CAAAGC	86.0	5378.8	-0.193
CTCCTA	48.0	3100.2	-0.192
GTATCA	45.0	2911.0	-0.192
GCTGCG	40.0	2599.7	-0.190
CGCCTC	27.0	1777.8	-0.188
CTTCTA	76.0	4816.9	-0.187
TGGTAG	65.0	4144.9	-0.187
TGAATA	106.0	6834.1	-0.187
CGAGGA	31.0	2032.1	-0.187
AGAAAC	148.0	9133.8	-0.187
ACAGAA	161.0	9923.7	-0.186
AATACA	116.0	7276.5	-0.186
ATTTAT	222.0	13546.6	-0.186
TGAGCC	70.0	5362.6	-0.186
GTCGAT	4.0	535.2	-0.185
CAATCG	6.0	596.0	-0.185
TTATAA	137.0	8486.5	-0.184
ACGCCT	19.0	1321.9	-0.183
CTATTA	52.0	3967.5	-0.182
GTGATT	69.0	4845.5	-0.181
CACTGC	67.0	4257.1	-0.181
AGCAAT	83.0	5210.4	-0.180
AATAGA	110.0	6875.6	-0.180
CTTTCA	98.0	6225.2	-0.179
GATAAA	103.0	7056.8	-0.179
AGGGTC	55.0	3563.6	-0.179
CAAATG	121.0	7524.9	-0.178
AGCGCG	20.0	1338.6	-0.178
GAAAGG	121.0	8524.2	-0.177
AGGAGA	128.0	10042.5	-0.177
CGGCTA	11.0	751.4	-0.176
GCCGTC	14.0	949.8	-0.176
CAGATA	66.0	4818.6	-0.175
GGCACA	48.0	4690.8	-0.174
AAAGGG	116.0	7212.1	-0.174
AATTCC	72.0	4586.2	-0.174
GCCGGC	25.0	1971.1	-0.173
GGAACA	60.0	4983.6	-0.172
CTTTGA	107.0	7450.2	-0.171
GTCATG	56.0	3897.8	-0.170
TTGCGG	11.0	962.4	-0.170
CTGCCC	79.0	5039.5	-0.170
ATCGCC	7.0	707.3	-0.170
TTACAC	44.0	3334.8	-0.169
ATTGCG	8.0	553.2	-0.168
CCAGAT	66.0	4216.9	-0.168
ATCCTT	76.0	4939.6	-0.167
CTACAG	79.0	5044.6	-0.167
GCTCCC	41.0	3571.7	-0.167
GCCTTG	70.0	4956.5	-0.166
CACGGG	23.0	1659.4	-0.166
ACTGCG	16.0	1090.5	-0.166
GAAATG	160.0	9916.4	-0.165
CCAATT	34.0	3203.5	-0.165
ACTACT	44.0	2886.1	-0.165
GAGTAC	29.0	2742.6	-0.165
AATAAT	182.0	11179.2	-0.165
CCAGAA	96.0	7331.0	-0.164
ACTAAG	57.0	3775.6	-0.163
TTCTCT	162.0	9986.3	-0.163
AGTCCA	54.0	3686.5	-0.163
TCCACC	45.0	3381.6	-0.162
GACTTT	90.0	6216.0	-0.162
TATAAA	184.0	11322.0	-0.162
CCGGGC	42.0	2767.0	-0.160
TGCTAC	45.0	2958.4	-0.160
AAATAT	243.0	14872.4	-0.160
CCAATA	42.0	2888.4	-0.159
TAATGA	101.0	6629.9	-0.159
CCGCGT	12.0	831.0	-0.159
GCAGAT	52.0	4860.8	-0.159
GAATTC	68.0	4438.6	-0.159
CTTCCG	24.0	1618.8	-0.158
CGAGTC	15.0	1032.2	-0.157
GCAATC	34.0	2262.1	-0.157
GCTGTC	61.0	4921.6	-0.156
TATGGT	58.0	4169.6	-0.156
ATAAAC	100.0	6312.5	-0.156
ACTACG	6.0	630.1	-0.155
CACGGT	17.0	1252.4	-0.154
AACACC	53.0	3481.0	-0.154
TACAAT	69.0	4437.2	-0.152
GGTCTG	66.0	4247.7	-0.151
CTAAAG	63.0	4812.2	-0.151
GTCTGT	104.0	6558.3	-0.150
GACAGC	78.0	5341.9	-0.150
GCTACA	66.0	4252.1	-0.148
TTTATG	127.0	8902.4	-0.148
GCGACC	14.0	975.3	-0.148
GCCGAG	21.0	2137.6	-0.147
ACCAGA	60.0	5096.7	-0.147
TTATGG	41.0	4243.1	-0.147
AGCTCT	89.0	5665.4	-0.146
TTCGTT	20.0	1486.5	-0.146
AACAAC	87.0	5539.1	-0.145
GGACGG	13.0	1480.5	-0.145
CCCATG	64.0	4220.7	-0.145
CACAGC	84.0	5348.8	-0.145
GCCAGC	88.0	5607.5	-0.144
CTGGTA	54.0	3561.8	-0.143
GTTACA	53.0	4003.3	-0.141
CCCCAG	91.0	5807.3	-0.141
GGATCC	44.0	2928.4	-0.140
TCAGAG	89.0	7450.7	-0.140
TAAGGA	78.0	5445.9	-0.139
GCGTCT	18.0	1249.0	-0.139
TACATT	110.0	6976.1	-0.138
CCCAGA	99.0	6265.2	-0.138
AGTCGT	10.0	863.0	-0.138
CAGTCA	68.0	4402.0	-0.138
TGGCAA	76.0	4915.2	-0.138
CAAAAC	133.0	8348.3	-0.137
CTCACG	18.0	1251.8	-0.137
GCGGAC	7.0	952.3	-0.137
GGTATT	58.0	3764.8	-0.137
GACGGA	13.0	1048.8	-0.137
CTGGGC	100.0	6335.3	-0.136
CTGCGG	35.0	2359.0	-0.135
GAGCCA	94.0	6015.8	-0.135
ATCTCC	54.0	3577.9	-0.135
GTCATT	70.0	4537.8	-0.135
AAATCT	126.0	7964.5	-0.135
GCTATT	58.0	3770.2	-0.134
TGGCCA	78.0	5053.9	-0.134
TGTTAT	74.0	6272.3	-0.134
CTTCGC	11.0	984.0	-0.133
TGCACA	115.0	7253.8	-0.132
GGCTAC	44.0	2941.5	-0.132
TGGCAG	95.0	6474.5	-0.132
CAAGAT	76.0	4929.0	-0.132
TTGACA	72.0	4855.8	-0.131
TGTGAC	77.0	4996.0	-0.131
AAAATC	136.0	8567.4	-0.130
CCAGTC	49.0	3265.9	-0.130
GGGGCA	70.0	4592.7	-0.130
CAAACG	18.0	1283.6	-0.130
TAAGAT	72.0	5236.3	-0.130
AGATTT	117.0	8733.5	-0.130
CAAGTA	59.0	3868.4	-0.129
GACACT	54.0	3852.0	-0.129
CATCAC	49.0	3529.1	-0.129
AGATGA	125.0	7946.9	-0.129
ATTTGA	119.0	8506.8	-0.129
AGTCTA	51.0	3431.9	-0.128
TTCCCC	71.0	4616.4	-0.128
AATTGA	98.0	6291.5	-0.128
GAACAG	83.0	5325.5	-0.127
GGAAGA	157.0	9833.8	-0.127
CTATCA	45.0	3014.0	-0.127
TATGAT	59.0	4953.1	-0.127
GTGACA	76.0	4941.6	-0.127
AGTTGC	49.0	3274.3	-0.126
CAAATA	119.0	7534.7	-0.125
CCACGT	23.0	1609.7	-0.125
GTCGCC	6.0	1012.6	-0.125
ACTTAC	41.0	3172.9	-0.125
CTGCAG	94.0	7616.3	-0.125
CCCACG	16.0	1666.7	-0.124
GAAGAG	160.0	10044.3	-0.124
GACCTC	42.0	3039.6	-0.124
AAATTA	190.0	11899.1	-0.123
CTGTGT	169.0	10581.1	-0.123
TATGTA	130.0	11408.3	-0.123
ATTTCT	175.0	10918.7	-0.123
CAGCCG	30.0	2056.9	-0.122
GCTATA	50.0	3346.8	-0.122
CGCACC	16.0	1139.1	-0.120
CGCAGC	25.0	2162.0	-0.119
TAAACA	122.0	8249.2	-0.118
CCGATT	5.0	679.0	-0.118
GCGTCC	12.0	1254.5	-0.118
ACAAAT	127.0	8081.7	-0.118
ATGAAA	194.0	12082.1	-0.118
ATAATG	97.0	6256.6	-0.118
ACAAGG	69.0	4513.1	-0.118
ACTTGA	81.0	5222.7	-0.117
TGAAAA	215.0	13384.1	-0.117
GTCATA	44.0	2972.0	-0.117
GGCAAC	37.0	2519.6	-0.116
GGCAAT	41.0	2871.5	-0.116
GCCCTG	87.0	5778.8	-0.116
CGCTGA	16.0	1497.8	-0.116
AGCAGC	106.0	6998.4	-0.115
TCGCCT	10.0	1075.9	-0.115
TCGCGA	5.0	404.6	-0.115
ATTAGG	48.0	3412.3	-0.115
AGCTAT	45.0	4388.1	-0.114
AGCTAC	52.0	3491.5	-0.114
TGTCAT	85.0	5489.2	-0.114
TCGCCA	8.0	1112.5	-0.114
TTACGG	7.0	743.2	-0.114
GCACTC	43.0	2914.6	-0.113
GCTGCA	79.0	5643.2	-0.112
GAGTAA	63.0	4147.0	-0.110
TGTCAC	52.0	4221.1	-0.110
TCCACG	20.0	1420.7	-0.110
CAAACA	131.0	9560.0	-0.109
TGAGAC	79.0	5181.0	-0.109
TCCTGA	94.0	6087.6	-0.109
AGCGTC	14.0	1042.8	-0.109
CTGAGG	114.0	7261.3	-0.109
AACTCC	52.0	3504.1	-0.109
AATATC	49.0	4924.7	-0.109
ACAACT	58.0	3828.7	-0.108
ATTTTC	150.0	9876.7	-0.108
TGCCAA	62.0	4318.9	-0.108
CAGCCC	81.0	5250.9	-0.107
GATCCT	53.0	3571.4	-0.107
GGTGTC	49.0	3314.6	-0.107
GATTGT	47.0	3893.5	-0.106
GCCGAC	7.0	835.9	-0.106
CAAACC	60.0	4012.8	-0.106
AAGCAA	135.0	8585.9	-0.106
TATCAC	37.0	2693.8	-0.105
GCCATT	64.0	4226.3	-0.105
CCCAGG	100.0	6427.4	-0.104
AATTAA	169.0	10842.3	-0.104
CTGCTA	55.0	3710.7	-0.103
TATGAA	99.0	7993.1	-0.103
TCCCAT	62.0	4369.4	-0.102
CCTTGC	55.0	3715.0	-0.101
TTTCCT	164.0	10335.1	-0.101
ACTAGG	39.0	2681.6	-0.100
ATAAAT	228.0	14986.8	-0.100
GGTCCC	28.0	2852.3	-0.100
ATTAAA	195.0	13373.3	-0.099
TTCAGA	115.0	7637.9	-0.099
CGACAA	9.0	683.6	-0.099
GAGTCC	47.0	3204.3	-0.099
ATCCCT	58.0	4110.1	-0.099
ATCAGA	88.0	5730.1	-0.099
CTATGT	60.0	4897.3	-0.099
GAGTGT	95.0	6186.4	-0.098
GTACCC	24.0	1973.9	-0.098
GTTACT	33.0	3521.7	-0.098
TCACCG	14.0	1032.5	-0.098
TGCCGA	14.0	1032.6	-0.098
GTGGCC	49.0	4162.1	-0.098
TGGATT	95.0	6188.0	-0.098
TCCCTG	77.0	6209.0	-0.098
CTACGA	5.0	608.2	-0.098
CAGCAG	114.0	8017.3	-0.097
CCCTTG	58.0	3856.8	-0.097
CAGAAG	145.0	9216.6	-0.097
TGCGGC	20.0	1440.3	-0.097
AGAGTT	104.0	6714.6	-0.097
GGTCTC	43.0	3331.2	-0.097
CTACGT	9.0	785.9	-0.095
GAAACA	125.0	8034.4	-0.095
CGAGTT	16.0	1174.1	-0.094
GGCAGG	123.0	7903.0	-0.094
AAGTCC	46.0	3449.2	-0.094
CAGATC	58.0	3864.9	-0.094
TGCACC	46.0	3151.9	-0.094
GAGCGC	25.0	2033.0	-0.094
TAGTTC	41.0	3191.4	-0.094
TCGGAG	20.0	1445.2	-0.094
CGGCCG	21.0	1705.2	-0.094
ATATAA	156.0	9897.3	-0.093
CAATAT	65.0	4319.0	-0.093
GGCAAA	79.0	5228.2	-0.093
CTCATG	60.0	4418.2	-0.093
GTCAAG	44.0	3025.6	-0.092
ATAGGA	61.0	4343.1	-0.092
TTCTCC	88.0	5752.5	-0.092
CATTTC	105.0	6798.3	-0.092
TTCTCA	104.0	7110.6	-0.091
ACATCG	12.0	904.1	-0.091
CCGGAC	13.0	974.4	-0.091
ATAAGA	94.0	6148.0	-0.091
CTTCAA	78.0	5174.2	-0.090
AACTCT	78.0	5174.8	-0.090
GGAATT	85.0	5565.8	-0.090
CCCCGA	21.0	1519.3	-0.090
TTCTAA	76.0	6769.8	-0.089
AAGTGA	79.0	6909.6	-0.089
GTTATG	52.0	3557.0	-0.088
GAACAA	87.0	5700.0	-0.088
TTCCAA	85.0	5570.8	-0.088
CAACAG	69.0	4596.5	-0.088
AAAAGC	125.0	8062.6	-0.088
GGTCAT	47.0	3233.7	-0.087
AGGGTT	71.0	5259.2	-0.087
CAGGCG	28.0	1992.4	-0.086
TGTCCT	91.0	6484.7	-0.085
GCCAAC	33.0	2324.5	-0.085
ACAGAT	94.0	6170.7	-0.084
CTATGA	63.0	4219.1	-0.084
GCAGAC	56.0	3829.3	-0.084
GCCTTA	41.0	2852.5	-0.083
AAGGTC	50.0	3439.7	-0.083
CATTCT	90.0	5990.7	-0.083
TATATA	249.0	17399.1	-0.082
GGCTCC	39.0	4144.4	-0.082
TATCAG	50.0	3880.7	-0.082
TTGTGG	91.0	5984.8	-0.082
TTACAG	88.0	6016.4	-0.082
GATACT	40.0	2791.2	-0.082
ACAGGA	99.0	6445.6	-0.081
GACATA	47.0	3712.4	-0.081
CCTATG	38.0	3075.6	-0.081
ACGCCA	16.0	1196.8	-0.081
AAGAGG	124.0	8026.5	-0.081
GTAAGA	69.0	4647.2	-0.081
AATCTG	76.0	5076.2	-0.080
AGCAAA	119.0	8473.8	-0.080
CGGCAA	11.0	849.6	-0.080
CGAAGA	17.0	1266.7	-0.080
AGTAAT	73.0	4931.0	-0.079
ATTTGG	79.0	6246.3	-0.079
GGGCGC	34.0	2404.4	-0.079
CCGCTA	3.0	651.3	-0.079
AGAGTA	76.0	5084.5	-0.078
ACGGAG	13.0	1495.8	-0.078
TCACTG	72.0	5684.9	-0.078
CATAGA	77.0	5153.2	-0.077
AATTTA	151.0	9708.4	-0.077
CAATTT	60.0	6052.8	-0.077
ATTTCA	123.0	8291.7	-0.076
CCCAAT	31.0	2647.8	-0.076
ATTCTG	99.0	6468.3	-0.075
TTCGAG	25.0	1816.3	-0.075
GTTATA	61.0	4116.5	-0.075
CCCCAA	65.0	4378.0	-0.075
TATGTC	53.0	3660.3	-0.075
GCGCCA	16.0	1589.6	-0.075
TTCTGA	126.0	8728.1	-0.075
AGGAAC	56.0	4998.2	-0.075
CTGAGT	111.0	7263.9	-0.074
CGGGCT	27.0	1953.6	-0.074
CAACCC	30.0	2769.2	-0.074
GAAAAT	186.0	12949.8	-0.073
TCTTCG	15.0	1203.1	-0.073
TCTGCC	76.0	5934.8	-0.072
ATCACT	40.0	3870.8	-0.072
GGTGCC	43.0	3288.7	-0.071
AGGCTG	114.0	7679.3	-0.071
GCAGCC	73.0	5491.3	-0.071
TCTACA	78.0	5243.7	-0.071
CTGCCA	77.0	5180.1	-0.070
AGTCAA	56.0	3873.2	-0.070
CAACCG	9.0	721.2	-0.070
GGACTC	44.0	3087.9	-0.070
AACAGT	78.0	5246.4	-0.070
CCAGCT	73.0	5529.5	-0.070
ACTCAA	55.0	4298.0	-0.070
CTGTGA	116.0	7550.2	-0.069
CGCGGT	12.0	938.7	-0.069
CACTTC	57.0	3876.0	-0.069
AACCCC	42.0	3102.9	-0.069
GGGGCT	78.0	5251.6	-0.069
CCAGGG	95.0	6761.0	-0.069
GAACAT	78.0	5302.8	-0.068
GAATTA	75.0	5251.0	-0.068
CATAAA	91.0	8076.5	-0.067
AACCCT	63.0	4851.9	-0.067
TGGTCA	61.0	4268.5	-0.066
AAAGAT	149.0	9635.2	-0.066
ACCAAG	64.0	4347.4	-0.066
AGACTT	70.0	5733.5	-0.065
CAGGGA	105.0	6914.8	-0.064
ACCTGA	60.0	4367.6	-0.064
AGCTGA	86.0	6409.0	-0.063
CAGCTC	77.0	5209.8	-0.063
ACGGCG	10.0	806.4	-0.063
AGTTCT	99.0	6526.4	-0.063
GAACCC	36.0	3195.3	-0.062
GTCAAT	32.0	2601.7	-0.062
GAGAAC	78.0	5281.4	-0.062
GTCACC	39.0	2784.4	-0.062
GAGAAT	96.0	6402.9	-0.061
GCCGCT	15.0	1646.7	-0.061
CAAGAC	49.0	3583.6	-0.061
GGGCAC	46.0	3248.4	-0.061
CGCGGA	5.0	1088.1	-0.061
CAATTC	46.0	3254.2	-0.060
GTCTCA	66.0	4504.7	-0.059
GTTGTG	76.0	5164.8	-0.059
GATTAT	62.0	4244.3	-0.059
CAGGCA	91.0	6749.4	-0.058
TAAAAG	158.0	10243.2	-0.058
AGCCAC	71.0	4842.6	-0.057
CGGCGT	8.0	836.0	-0.057
AGATCT	63.0	5448.6	-0.057
GGGCAG	100.0	6623.2	-0.057
GTCCTG	77.0	5243.9	-0.056
GCTGCT	107.0	7093.1	-0.056
ACCGCT	10.0	945.5	-0.056
GCCGAT	7.0	597.5	-0.055
GGAGTA	46.0	3277.0	-0.054
TCGCAG	15.0	1185.1	-0.053
ATACAA	92.0	6211.8	-0.053
GTAAGG	43.0	3263.4	-0.053
TCAAGT	63.0	4338.1	-0.052
ATCAAC	36.0	2617.9	-0.052
ACTGGG	75.0	5131.8	-0.052
CCGAGC	15.0	1906.2	-0.052
ATCACA	70.0	4871.5	-0.052
AGTCCT	60.0	4142.3	-0.052
GGCAAG	65.0	4768.4	-0.052
GAAGAA	192.0	12963.9	-0.052
GGGTAC	20.0	2183.8	-0.052
TTATGA	80.0	6187.1	-0.052
TGAATT	115.0	8000.9	-0.051
CTCAGA	104.0	6922.3	-0.051
AGACGG	12.0	1289.1	-0.051
TTAGTT	88.0	6005.1	-0.051
GCTAGA	47.0	3528.5	-0.050
CCACAA	56.0	3952.5	-0.050
TGGCCT	83.0	6206.2	-0.050
CACCAG	66.0	4548.1	-0.050
TTCCAC	44.0	4146.5	-0.049
GTGACT	67.0	4617.3	-0.049
GAGCAA	75.0	5151.4	-0.048
TTCCTC	95.0	6411.8	-0.048
TGTGTC	104.0	6945.6	-0.047
GACTTG	62.0	4299.1	-0.047
TAGGGA	60.0	4388.4	-0.047
ACTGGA	69.0	5607.0	-0.047
ACGCTG	17.0	1612.9	-0.047
ACTCGG	20.0	1553.6	-0.046
TTCAAA	137.0	9025.8	-0.046
CCGGAG	31.0	2305.6	-0.046
TGATAT	83.0	5627.2	-0.046
CACTTG	72.0	4966.9	-0.046
AAGGAA	206.0	13267.0	-0.046
TCCAAG	62.0	4305.2	-0.046
CCTTGG	64.0	5264.7	-0.046
TCTCCT	95.0	6424.9	-0.046
AAACAT	151.0	9911.4	-0.045
GGAGAC	63.0	5002.5	-0.045
TCTATG	66.0	4751.9	-0.045
AGAACA	126.0	8369.2	-0.044
TAGGGT	45.0	3251.4	-0.044
GCAAAA	101.0	6769.9	-0.044
GGTCGC	14.0	1139.4	-0.044
GCAATT	42.0	3470.8	-0.043
CAGGGT	82.0	5583.2	-0.042
TCCTCC	85.0	5782.7	-0.042
CTTCCC	71.0	5502.7	-0.042
ACACCT	56.0	3993.9	-0.042
AAGACG	17.0	1357.8	-0.042
CGCTGC	32.0	2389.1	-0.042
AAAGAC	102.0	6850.3	-0.042
ATCCCC	39.0	2861.2	-0.042
CGGACG	3.0	649.9	-0.041
GGTCAC	39.0	2864.2	-0.041
CAGTCG	7.0	964.9	-0.041
TACTCA	50.0	3601.1	-0.041
CTCTGC	100.0	7043.1	-0.041
AAAACC	126.0	8421.0	-0.041
CCGCAG	28.0	2123.9	-0.041
AGCTTC	68.0	4733.3	-0.040
CAGGTC	46.0	3337.3	-0.040
CGTTTC	15.0	1300.3	-0.040
AACCCG	12.0	1064.3	-0.040
CCTCAG	83.0	5666.1	-0.040
GCGGGC	37.0	2737.8	-0.040
ACGGTT	7.0	812.7	-0.040
CTCCAC	53.0	3808.5	-0.040
ATATAT	267.0	18779.8	-0.039
TCCTTG	47.0	5554.1	-0.039
TGAGAA	120.0	9853.8	-0.039
GTGGCA	69.0	4919.5	-0.039
ACGACG	2.0	492.0	-0.039
AACTGA	89.0	6074.0	-0.039
GTTGTC	42.0	3077.9	-0.039
CAGACG	10.0	1411.8	-0.039
CAAGGC	48.0	4407.9	-0.039
CTCAAA	95.0	6476.0	-0.038
AAGTAA	106.0	7142.6	-0.038
TCCCAA	60.0	4511.1	-0.038
ATTCTA	62.0	5385.9	-0.038
CACGGA	15.0	1445.1	-0.038
GCTGAG	112.0	7554.8	-0.037
GCAGCT	82.0	5620.8	-0.037
AAACTC	77.0	5356.3	-0.037
CCTCCA	70.0	4891.8	-0.037
GGCCGC	29.0	2210.9	-0.036
CTAAGA	68.0	4888.7	-0.036
CCGAGA	18.0	1652.5	-0.036
CAAAAT	123.0	9620.0	-0.035
AAGAGC	74.0	6204.6	-0.035
ATATGT	121.0	10911.0	-0.035
CACCTC	40.0	3437.1	-0.035
TGAGTA	60.0	5221.1	-0.035
CGCGAG	10.0	1082.0	-0.035
CGCCTT	14.0	1540.3	-0.035
ACAGTA	60.0	4514.5	-0.035
CAGGAG	120.0	8048.9	-0.034
ATAGAA	119.0	7982.0	-0.034
AGTTCC	68.0	4774.7	-0.034
ACCGGA	11.0	951.1	-0.034
GGATCT	53.0	3845.6	-0.033
GTGCGC	14.0	2197.7	-0.033
GACGGT	8.0	820.1	-0.033
AGTCGC	9.0	801.4	-0.033
TCCTCG	18.0	1462.0	-0.033
ATTACA	82.0	5668.8	-0.033
AAGAAC	98.0	6723.1	-0.032
CAAGCC	48.0	3516.1	-0.032
CTTCCA	74.0	5699.8	-0.032
GAGTAT	48.0	3685.5	-0.032
AGAAAT	201.0	13065.4	-0.032
AGTCAT	66.0	4657.2	-0.032
TATGGG	46.0	4200.7	-0.032
CGATCA	6.0	622.4	-0.031
GCACCC	37.0	2782.9	-0.031
TTCCAG	117.0	7878.9	-0.031
TTTCTA	125.0	8722.4	-0.030
TACAAA	116.0	7816.5	-0.030
AGTTGT	75.0	5271.1	-0.030
TCAGGC	51.0	3732.9	-0.030
GATATT	82.0	5673.9	-0.030
AATCTT	83.0	6314.8	-0.030
AGAATA	100.0	7605.3	-0.029
TGAGTT	136.0	9115.5	-0.029
ACTCAT	55.0	4011.6	-0.029
GACTCC	40.0	3000.9	-0.029
GTGTGA	110.0	7496.5	-0.029
AATTCT	105.0	7328.1	-0.028
CAATTG	29.0	2988.2	-0.028
TCATAG	58.0	4154.6	-0.028
CCAGAC	32.0	3642.6	-0.028
GCTCTA	33.0	2910.4	-0.027
CGGCGC	21.0	1699.2	-0.027
AAATGT	200.0	13401.4	-0.027
GCGACA	10.0	900.0	-0.027
GGGTCC	41.0	3081.8	-0.027
AAGGCA	84.0	7029.3	-0.027
TTCCGC	5.0	947.1	-0.027
GCTCCT	62.0	4664.9	-0.026
GGCCTC	59.0	4234.3	-0.026
CAGGTA	59.0	4236.9	-0.026
AACTTC	61.0	4372.4	-0.026
ATTATG	81.0	5650.9	-0.025
TGATAA	88.0	6190.3	-0.025
AAGATG	120.0	8144.8	-0.025
CCAGGA	104.0	7132.0	-0.025
GTTCTA	51.0	3846.0	-0.025
TACTTC	42.0	3572.5	-0.025
TGCCCT	72.0	5120.7	-0.025
AATCTC	48.0	3917.3	-0.025
CAGGCC	58.0	4180.3	-0.025
TGGCCG	13.0	1703.4	-0.024
ACCGCG	8.0	754.3	-0.024
TACTCC	27.0	2138.2	-0.024
AGGGCT	77.0	5796.3	-0.023
GGACGT	13.0	1142.4	-0.023
GTTTGT	153.0	10214.3	-0.023
TAAAGA	134.0	10033.3	-0.023
ACAGTT	79.0	5608.7	-0.023
TTCGCC	10.0	916.4	-0.023
GGCACC	35.0	2701.7	-0.023
AGTCTC	57.0	4133.3	-0.022
AGGTAT	59.0	4270.1	-0.022
GTGCTG	112.0	7708.3	-0.022
CCACCA	77.0	5483.2	-0.022
TCAGGA	79.0	6539.8	-0.022
ATCAAG	54.0	4028.4	-0.022
ATCCCA	53.0	5222.7	-0.022
CAAAAG	109.0	7509.9	-0.022
GGGATT	62.0	5013.3	-0.022
GAGCTC	55.0	4072.4	-0.022
GCCACG	18.0	1519.9	-0.021
GGCGTC	14.0	1227.7	-0.021
GCAGAG	137.0	9286.4	-0.021
GGCATA	42.0	3260.8	-0.021
GCGCGC	13.0	3460.2	-0.021
GTATAT	114.0	8016.2	-0.021
GGACTT	62.0	4488.7	-0.021
GACTTC	49.0	3675.9	-0.021
AATCAC	48.0	3608.8	-0.021
GAGGAA	141.0	9499.5	-0.021
ACGTAA	12.0	1082.5	-0.020
GGCAGA	111.0	7666.3	-0.020
TGAGTC	56.0	4155.3	-0.020
CCCCAT	41.0	3487.0	-0.020
TCCAGG	93.0	6525.5	-0.020
GACTTA	42.0	3211.3	-0.019
CTAGAG	66.0	4774.7	-0.019
TGGACA	70.0	5051.9	-0.019
CACTCG	7.0	1236.1	-0.018
GTGTGG	112.0	7831.3	-0.018
ACTCAG	58.0	5993.6	-0.018
GAACAC	57.0	4176.9	-0.018
AGACTC	48.0	3757.8	-0.017
GGTACC	21.0	2046.7	-0.017
GTCAGG	56.0	4277.9	-0.017
TCTCTG	120.0	9328.7	-0.017
CACCGA	12.0	1146.4	-0.017
TCTCAG	94.0	6627.7	-0.017
GGGTCT	55.0	4125.0	-0.017
GGAAAA	175.0	11877.9	-0.017
GAGATT	72.0	5212.0	-0.017
CAGAGT	83.0	6372.7	-0.017
AGCAAC	58.0	4264.8	-0.016
GTGTCA	57.0	4197.4	-0.016
ATATGG	64.0	4674.5	-0.016
GCTCCA	53.0	3995.6	-0.016
GAGTAG	44.0	3674.1	-0.016
CGCGGG	26.0	2131.4	-0.016
TTCACA	80.0	5765.3	-0.016
TCTTTG	118.0	8585.7	-0.016
CCCGGG	43.0	3318.1	-0.016
GACGTC	10.0	956.3	-0.016
AATCCC	55.0	4211.2	-0.015
ATTGAG	68.0	4964.5	-0.015
GCTACT	37.0	2915.2	-0.015
AGCTGC	81.0	5785.6	-0.015
GGATTT	92.0	6536.5	-0.014
ACATCA	63.0	4635.8	-0.014
AGATCA	62.0	4571.0	-0.014
GTGAGC	61.0	5134.9	-0.014
CTGATA	47.0	4053.0	-0.013
GTTATT	70.0	5494.7	-0.013
GGCGAC	13.0	1261.6	-0.013
GTTCTG	78.0	5750.1	-0.012
CTCCTG	91.0	6507.8	-0.012
TGCCAC	50.0	3844.3	-0.012
CCATCA	41.0	4266.5	-0.012
GGTTCT	61.0	4533.6	-0.012
GAGGCA	114.0	8019.3	-0.012
GCTGGA	71.0	6544.8	-0.012
GAAAAC	115.0	8079.2	-0.012
ACAATT	55.0	5156.1	-0.012
TCAGGT	53.0	4369.8	-0.012
GATATA	61.0	4564.7	-0.012
CAGCAA	78.0	6459.5	-0.011
CGCCAT	13.0	1223.4	-0.011
AAACCC	75.0	5646.2	-0.011
CCAATC	23.0	2369.4	-0.011
TCAGGG	67.0	4962.0	-0.011
GACAGG	75.0	5508.8	-0.011
CAGATG	95.0	6806.3	-0.011
AGACAA	95.0	6809.6	-0.011
CCTCGG	24.0	2042.8	-0.011
GTCACT	46.0	3696.9	-0.011
TCCTCA	62.0	4873.9	-0.011
GTCGTT	8.0	830.1	-0.011
GCCACA	58.0	4352.8	-0.011
GGGAGT	66.0	5015.7	-0.011
TTGTTG	122.0	8528.9	-0.011
CATCCC	47.0	3833.3	-0.011
GACGGC	7.0	1145.8	-0.011
AAGGAC	60.0	4495.1	-0.010
GGTGTG	107.0	7578.0	-0.010
CGACGG	3.0	523.5	-0.010
CTCGAA	16.0	1464.0	-0.010
GTCACA	54.0	4157.6	-0.010
GGTACT	31.0	2554.1	-0.010
GATCCC	34.0	2772.3	-0.010
CGGCTG	15.0	2091.7	-0.010
CGCGAC	5.0	580.1	-0.010
CTCCGG	23.0	1988.0	-0.010
ATAAGG	41.0	3807.6	-0.009
AAAATG	213.0	16026.0	-0.009
CACGGC	14.0	1324.2	-0.009
CCAGGC	81.0	5896.2	-0.009
GCAGTC	41.0	3278.0	-0.009
TTTGAG	123.0	8646.0	-0.009
CTCATA	43.0	3714.0	-0.009
TCGTTG	9.0	932.7	-0.009
CAGGGC	79.0	6058.8	-0.009
GATATC	28.0	2396.7	-0.009
AGTAAA	113.0	8067.2	-0.009
CCCCCA	55.0	4572.9	-0.009
CCGCAA	6.0	680.5	-0.008
TCTGCG	18.0	1635.8	-0.008
TCCCGG	25.0	2152.6	-0.008
TATGTG	173.0	11800.6	-0.008
CACTGG	63.0	5225.5	-0.008
CAGACT	60.0	4552.5	-0.008
CTGCCG	12.0	1803.6	-0.008
GGGCTG	96.0	6962.8	-0.008
AGCGGC	15.0	1807.3	-0.008
CTTCTC	81.0	5960.7	-0.008
ACTGAG	89.0	6486.4	-0.008
GAGCTA	53.0	4147.0	-0.007
CCAAGA	73.0	5461.7	-0.007
AGAATT	121.0	8563.3	-0.007
AAATCA	94.0	8353.4	-0.007
ATAATA	124.0	9678.0	-0.007
GCTCTG	90.0	6572.3	-0.007
GCAACT	29.0	2768.0	-0.007
TCCGCC	17.0	1583.4	-0.007
TCTGAG	115.0	8168.7	-0.007
GGCCTT	56.0	4373.8	-0.007
CAGCTG	93.0	6790.1	-0.007
GCACCG	14.0	1358.8	-0.007
GCGGTG	12.0	2044.2	-0.007
CAATCA	42.0	3400.2	-0.007
ATCCTC	40.0	3346.4	-0.007
CCACGC	17.0	1591.0	-0.007
AGGACG	14.0	1609.9	-0.007
GAATAT	83.0	6107.6	-0.006
CCGCCA	15.0	1438.8	-0.006
CTGAGA	114.0	8110.6	-0.006
AACTCA	73.0	6782.3	-0.006
CTGGGA	108.0	8665.1	-0.006
GGCTGC	72.0	5707.0	-0.006
TGTGTG	781.0	56629.0	-0.006
AGGAGT	72.0	5440.2	-0.006
TGTGAG	132.0	9318.9	-0.006
TTCTAC	50.0	3982.6	-0.006
CGGGGC	39.0	3209.4	-0.006
AGGGAT	57.0	4764.2	-0.006
GAGACT	69.0	5238.6	-0.006
TCGCCG	6.0	829.3	-0.006
GCCTCA	52.0	4127.1	-0.006
GATATG	50.0	3989.3	-0.006
AGGGAC	54.0	4269.3	-0.006
TTCAGG	72.0	5451.5	-0.006
TATGGA	62.0	4760.2	-0.005
ACCAGG	63.0	4832.3	-0.005
CCCGCG	18.0	1689.3	-0.005
TGAGAT	94.0	6911.6	-0.005
GATTTT	134.0	9479.4	-0.005
ACTCGA	5.0	805.4	-0.005
CAACAA	83.0	6157.2	-0.005
CAATTA	51.0	4072.6	-0.005
ACATCC	40.0	3297.5	-0.005
CGAGTA	2.0	669.0	-0.005
CTCCTC	73.0	5585.7	-0.005
GCCTCC	63.0	4848.0	-0.005
AGCCCT	58.0	4852.4	-0.005
CCACGG	17.0	1623.5	-0.005
CCCCGG	25.0	2239.6	-0.005
CGGAGC	21.0	2446.0	-0.004
AAGACA	112.0	8520.9	-0.004
AGCTCC	55.0	4389.2	-0.004
ATAAAG	116.0	8356.3	-0.004
TGCGCG	11.0	1726.8	-0.004
TCGAGA	12.0	1333.2	-0.004
ATCTTC	62.0	4822.3	-0.004
CCATTA	39.0	3406.9	-0.004
AACAGG	64.0	4964.1	-0.004
GCGCTG	25.0	2258.0	-0.004
CTCCCA	67.0	5178.4	-0.004
TTGAGA	95.0	7853.6	-0.004
GGAGTC	36.0	3507.4	-0.004
ACATAA	95.0	7064.4	-0.004
GAAGTC	50.0	4061.9	-0.004
ATATCA	49.0	4740.2	-0.004
GAGTTT	93.0	6931.7	-0.004
GCAAAC	52.0	4206.0	-0.004
ACAAAG	111.0	8121.7	-0.004
GAATCT	43.0	4462.3	-0.004
AGGCGG	29.0	2565.9	-0.003
CTACAA	38.0	3845.3	-0.003
GCTGCC	66.0	5136.3	-0.003
TTGAGT	73.0	6115.4	-0.003
CTCAGG	79.0	6057.5	-0.003
TCTCCG	10.0	1405.6	-0.003
GGAGCT	71.0	5920.2	-0.003
AGGAAA	198.0	13769.5	-0.003
GCAACC	29.0	2594.9	-0.003
GCGGCT	20.0	1919.2	-0.003
CAGCTA	53.0	4327.5	-0.003
TCTGGA	90.0	6786.8	-0.003
GTTGTT	75.0	7219.5	-0.003
GACATC	35.0	3043.5	-0.003
CGCAGA	12.0	1705.8	-0.003
AGAAGG	114.0	8667.2	-0.003
TCAATT	56.0	4549.1	-0.003
CCCTGG	74.0	6327.9	-0.003
AGAGCT	86.0	6879.7	-0.003
TCCGCG	8.0	959.4	-0.003
CTAGGG	31.0	3254.7	-0.002
TCCGAG	14.0	1464.2	-0.002
GGACAT	47.0	3920.7	-0.002
AGGCAC	39.0	3772.0	-0.002
GGGACC	35.0	3488.9	-0.002
GGCATC	34.0	3434.4	-0.002
CTGCTG	119.0	8707.7	-0.002
AACAGC	59.0	4706.4	-0.002
AATATG	95.0	7170.9	-0.002
GGACCT	44.0	3716.0	-0.002
CGGCGG	29.0	2623.4	-0.002
TAACAG	49.0	4273.6	-0.002
GCGGAG	30.0	2782.2	-0.002
AGGCAA	77.0	6024.6	-0.002
AGATCC	45.0	3792.2	-0.002
CAGGAA	115.0	8448.1	-0.002
GCGGCC	21.0	2232.3	-0.002
TCCGGG	21.0	2028.7	-0.002
CATCAA	42.0	4232.8	-0.002
TCATAA	67.0	5470.5	-0.002
GCCGCA	10.0	1400.8	-0.002
TGCCGC	12.0	1386.4	-0.002
AGTTAT	66.0	5240.9	-0.002
AGTTTC	74.0	5806.3	-0.002
GCTCCG	19.0	2053.8	-0.002
CTCAAG	50.0	4176.0	-0.002
AAGATC	50.0	4382.3	-0.002
ACTTCT	69.0	5460.1	-0.002
ACTTCC	48.0	4042.0	-0.002
ACAGGG	71.0	5713.8	-0.002
GAGCTG	97.0	7375.7	-0.002
TATATG	131.0	10132.3	-0.002
AGATAT	82.0	6324.1	-0.002
GCGGCA	8.0	1434.1	-0.002
TCAAGA	57.0	5086.3	-0.002
AAACAG	104.0	8853.7	-0.002
TGTGGG	107.0	8120.4	-0.002
AGTAAG	56.0	4652.6	-0.001
TTGCGA	3.0	772.4	-0.001
TCGCGG	6.0	827.2	-0.001
CTCTGG	92.0	7091.3	-0.001
GGAGTT	62.0	5034.5	-0.001
GGTTGT	48.0	4343.2	-0.001
CGACTT	7.0	934.2	-0.001
AAAGGA	151.0	11053.9	-0.001
GTGTGT	725.0	52289.4	-0.001
CGGACT	5.0	899.8	-0.001
AACAGA	107.0	8119.9	-0.001
GAAATC	61.0	5278.4	-0.001
ATCAGG	41.0	3828.9	-0.001
ATATGA	80.0	6362.2	-0.001
CCGCGG	19.0	1966.6	-0.001
TCTGGG	89.0	6938.1	-0.001
AAAAGG	127.0	9504.3	-0.001
GAGTTG	55.0	4662.3	-0.001
GGAACT	59.0	5191.0	-0.001
GCGCGG	24.0	2382.0	-0.001
ACCACG	12.0	1415.4	-0.001
CCGAGT	8.0	1528.2	-0.001
GGCATT	49.0	4261.9	-0.001
CCACGA	9.0	1210.3	-0.001
ACAGCT	71.0	5784.1	-0.001
CCGCGA	5.0	783.6	-0.001
TGCGAC	4.0	679.9	-0.001
ACTCCT	35.0	3694.8	-0.001
CAAAGA	109.0	8395.0	-0.001
GAACTC	45.0	5189.7	-0.001
CCTTGA	51.0	4874.7	-0.001
GATTCT	52.0	4517.9	-0.001
GAGTTA	46.0	4287.0	-0.001
TCACGG	9.0	1192.2	-0.000
CTGCAA	54.0	4748.3	-0.000
CTAGAA	68.0	5643.0	-0.000
GAGTCT	43.0	4424.6	-0.000
GGAGAT	66.0	5510.9	-0.000
CACAAT	46.0	4238.2	-0.000
TGGAGA	115.0	9273.0	-0.000
TCACAG	74.0	6120.1	-0.000
CGCCAC	11.0	1402.4	-0.000
TGCGCC	11.0	1505.2	-0.000
TCAAAA	116.0	9271.5	-0.000
GTTTCT	108.0	8501.6	-0.000
CGCGCG	11.0	2706.4	-0.000
CCTCAA	36.0	3796.6	-0.000
CGAACA	4.0	799.0	-0.000
ATCAAA	84.0	6851.0	-0.000
AATTTC	82.0	6722.6	-0.000
CCGCTG	11.0	1951.3	-0.000
GCCACC	45.0	4169.8	-0.000
GCCATC	42.0	4061.3	-0.000
GAGATC	31.0	3900.7	-0.000
TCGAGT	1.0	936.6	-0.000
TCCCAG	81.0	7361.0	-0.000
CTGGAG	105.0	8732.0	-0.000
CTCGAG	9.0	1335.0	-0.000
CTGGAA	105.0	8502.3	-0.000
CCGGGA	19.0	2401.4	-0.000
CGGGAC	12.0	1630.7	-0.000
CCTGGA	75.0	7048.5	-0.000
TCCGCT	5.0	1047.2	-0.000
GGATAT	40.0	3990.9	-0.000
AAATGA	171.0	13309.8	-0.000
CTGGAC	38.0	3880.2	-0.000
GGGACT	44.0	4419.7	-0.000
TCCTGG	64.0	7143.4	-0.000
GAATTT	98.0	8414.1	-0.000
GGCGGC	26.0	3464.3	-0.000
CTCGGG	17.0	2301.8	-0.000
CTCCGC	8.0	1952.2	-0.000
CGCCGC	18.0	2391.9	-0.000
GCCGCG	14.0	2030.9	-0.000
CCGCGC	12.0	1861.5	-0.000
GTGAGT	76.0	7172.0	-0.000
CGCGGC	11.0	1843.1	-0.000
GCGGCG	22.0	2976.8	-0.000
GCGACT	2.0	919.2	-0.000
