OligoSequence	Target Occurences	Background Occurences	Enrichment(ln p, up to 2 mismatches)
AGCCTC	30005.0	11848.2	-4564.025
GCCTCC	40370.0	17276.7	-4540.854
TCAGCC	26865.0	10635.7	-4150.237
AGTAGC	20696.0	7629.8	-3993.894
CTCAGC	30656.0	12932.0	-3860.044
TTTTTT	347626.0	144303.0	-3792.806
CAGCCT	33915.0	14878.8	-3700.451
GTAGCT	20348.0	7924.4	-3436.516
TGCCTC	27315.0	12103.6	-3027.989
GCCTCA	23611.0	10091.0	-3007.011
CTCCTG	37117.0	17706.4	-2964.715
CCTCAG	27944.0	12577.4	-2928.424
CCTCCC	36173.0	17343.5	-2854.114
CCTCCG	5443.0	2798.4	-2677.847
CTCCCA	27080.0	12583.0	-2560.715
TAGCTG	19703.0	8482.5	-2524.669
CTCACT	26135.0	12136.4	-2493.618
GAGTAG	14399.0	5665.3	-2472.029
CCGCCT	8641.0	4849.7	-2371.935
GCCTCG	3399.0	2346.9	-2211.109
TCAACC	2999.0	1764.2	-2193.425
CGAGTA	5633.0	2219.2	-2118.452
AGCGTC	651.0	507.4	-2118.241
TCAAGC	14249.0	5959.6	-2068.928
CGCCTC	7504.0	4145.1	-2031.933
CGGCCT	4083.0	2816.3	-2013.230
GGTTCA	16201.0	7129.4	-1988.096
GGCTCA	20449.0	9560.4	-1984.342
AGTCGC	536.0	355.9	-1980.029
TCACTG	22125.0	10564.0	-1964.286
CTGCCT	28305.0	14280.2	-1926.688
ACTGCA	21645.0	10346.9	-1919.673
TTTTTG	51521.0	28545.7	-1878.331
CTCGGC	8796.0	4779.9	-1872.516
TCGGCC	3329.0	2147.5	-1825.584
GCTCAC	19267.0	9142.9	-1785.942
GCCGCC	1721.0	1333.5	-1695.880
GAGTGC	17844.0	8460.2	-1676.543
ATTCTC	17759.0	8420.9	-1669.494
CAACCT	15333.0	7089.4	-1606.136
CACTGC	21248.0	10588.9	-1603.909
AACCTC	15506.0	7203.3	-1595.115
TGCAAC	13251.0	5907.1	-1593.126
TCCGCC	6992.0	3870.4	-1590.360
CGTAGC	560.0	368.9	-1584.194
GTTCAA	14521.0	6667.1	-1567.564
GCCACC	11222.0	7877.6	-1565.948
TGAGTA	9882.0	4060.7	-1558.227
CAAGTA	8857.0	3525.7	-1534.496
GCAACC	12663.0	5640.2	-1533.865
AGCTGG	19762.0	9831.9	-1518.221
AGTGCA	18821.0	9295.5	-1499.828
CCTAAG	2291.0	1795.6	-1487.965
CCCAGG	25578.0	13491.6	-1453.477
AGGCTC	4258.0	2895.3	-1434.421
TGGAGT	23643.0	12346.0	-1428.993
TTCAAG	16592.0	8080.8	-1420.788
CTTTTT	39086.0	22034.8	-1417.691
CCTCGG	3460.0	2475.4	-1412.249
CTCCCG	11247.0	5297.8	-1404.061
GCATCC	2106.0	1746.3	-1398.848
GATTCT	13441.0	6276.5	-1377.963
GTGCAG	17228.0	8552.1	-1359.753
GCGTCC	649.0	596.9	-1355.582
TCCTGC	17534.0	8754.5	-1349.044
GGAGTG	18460.0	9318.4	-1346.901
ACCTCC	15324.0	7441.9	-1339.911
CCGAGT	6065.0	2544.7	-1319.010
CAGCGT	1018.0	793.0	-1315.935
CAGTGG	18718.0	9536.3	-1310.038
GGCCTC	8946.0	6361.9	-1309.615
CGGAGT	4527.0	2301.6	-1289.220
AAGTAG	9221.0	3962.0	-1282.555
CCTCCT	20860.0	10917.4	-1273.020
AGCGAT	6414.0	2452.4	-1255.022
TCCCAA	16633.0	8364.2	-1250.235
GCTGGA	20471.0	10748.8	-1234.329
AGCCGC	924.0	722.7	-1233.144
CCTCAC	3383.0	2997.7	-1201.102
AGTGAT	12026.0	5676.2	-1198.738
AAGCGA	6279.0	2432.3	-1191.468
CTCACG	961.0	973.8	-1157.694
TGCAGT	19652.0	10386.6	-1155.004
GCTGGG	23745.0	12972.6	-1147.105
TGCCAC	5745.0	4859.3	-1138.775
GTAGCG	496.0	338.5	-1124.246
GAGTAC	2829.0	1333.5	-1105.684
CTCAGT	5341.0	4231.1	-1097.742
TGCCGC	880.0	730.3	-1093.871
ATCCTC	8253.0	4043.5	-1084.090
GGAGTA	3693.0	2055.5	-1079.086
CGATTC	5448.0	2082.1	-1075.848
TCGAGT	940.0	581.8	-1074.510
GCGATT	5664.0	2198.4	-1073.872
GCAGTG	18784.0	9998.4	-1073.811
CAAGCG	6120.0	2445.2	-1071.645
GCGATC	4683.0	2163.9	-1053.218
CCCAAG	9697.0	4606.4	-1049.568
CCTGCC	20258.0	10986.2	-1043.338
GGGTTC	10968.0	5271.5	-1030.093
TTTTGA	27371.0	15564.4	-1028.808
CTCCGG	1231.0	937.5	-1023.147
CAAGCA	9114.0	4185.9	-1023.014
GCGTCA	557.0	438.0	-1021.918
AGTCTC	11886.0	6492.3	-1006.277
CTGCAA	15679.0	8187.0	-1004.670
ACCTCA	10181.0	5831.5	-1003.454
CTGGAG	20397.0	11164.4	-999.800
GACTCA	2855.0	2149.3	-999.260
GGATCA	2248.0	2144.5	-977.996
AGACTC	2469.0	2422.7	-972.582
CAGACT	3971.0	2779.8	-971.015
GCCTAC	1513.0	1144.9	-969.301
GCTCAG	4966.0	3833.1	-957.236
CATCCT	3962.0	3274.3	-952.613
CTCCGC	5835.0	3189.1	-942.314
AGTGGC	13167.0	6737.5	-941.749
GGCTCG	1128.0	736.9	-937.424
AAGTGA	11631.0	5807.8	-933.907
CCTACC	2604.0	1788.9	-932.479
GAGTGG	3231.0	2662.1	-914.395
GTAGCC	2252.0	1593.3	-912.901
TTGAGA	19245.0	10619.3	-910.969
CGCAGC	1042.0	807.9	-909.236
GTTTTT	28483.0	16607.3	-908.297
CGAGTG	759.0	612.1	-907.590
GCAGCC	7274.0	3934.0	-896.803
CAGGCT	25318.0	14577.3	-895.480
CAGTCT	6716.0	4275.7	-892.363
CCAAGT	9023.0	4305.4	-883.683
CCACCT	13537.0	7066.5	-882.639
TGAGAC	14250.0	7522.6	-876.835
CCGCAG	1046.0	866.4	-873.682
CTGCCA	4580.0	4338.3	-871.968
TGTAGC	3049.0	2109.6	-869.204
CTGAGT	10738.0	5360.5	-869.024
TCAAGT	10593.0	5282.7	-862.032
TTTGAG	21883.0	12452.2	-852.545
GGCTCC	2569.0	2474.1	-845.969
TCAGGC	4962.0	3551.0	-844.237
GAGTCG	653.0	439.9	-840.778
TGCGAC	491.0	343.2	-840.328
TAACTG	3216.0	2224.5	-839.505
CAAGTG	10349.0	5179.7	-831.243
TAGCGG	314.0	285.4	-822.301
GTGCAA	5818.0	3674.8	-818.295
TCCCGA	6274.0	2780.9	-809.971
CAGTGC	3655.0	3018.8	-809.783
CCCGAG	6130.0	2700.6	-808.385
TCCTCC	10519.0	6950.4	-807.714
GTGATC	12187.0	6358.2	-804.280
GTCTCC	5918.0	3677.5	-801.922
AAGTGG	3722.0	2817.1	-796.040
GAAGTG	4397.0	3171.7	-792.487
GCTCAA	7695.0	3666.5	-785.007
CACCTC	11258.0	5817.0	-781.555
CGCCCA	5726.0	3695.7	-777.540
GAGTCT	12904.0	6860.1	-774.854
TGGCTC	10112.0	6033.1	-773.155
ACCGCA	1555.0	990.3	-769.598
CCAGGC	23889.0	13998.8	-762.681
TGTTTT	32030.0	19408.8	-760.414
GAGACA	13148.0	7087.2	-735.761
ACCCTC	2364.0	2190.7	-735.169
CGACCT	1237.0	850.6	-733.982
CCTGAG	11727.0	6221.0	-717.550
CTGGGA	21826.0	12767.6	-715.950
CAGCCG	1035.0	962.8	-715.535
CTGCCG	1159.0	993.0	-715.483
CTCAAG	10231.0	5300.9	-707.389
CTGACT	3299.0	3086.8	-698.698
GGCTGG	23548.0	13959.7	-697.230
CAACCG	420.0	304.4	-694.974
CTAAGC	1490.0	1369.4	-694.067
CTCAAC	3189.0	2140.6	-687.661
CTCGTG	1975.0	1539.9	-687.331
TCGTGC	1154.0	721.9	-686.025
AGTAAC	2304.0	1516.6	-683.951
CTCACC	4508.0	3389.5	-679.379
CCCCAG	5213.0	4178.7	-677.007
GTGTAG	2684.0	1804.5	-658.599
TCAGAC	2385.0	1956.1	-658.411
GATCCT	6424.0	3051.2	-652.508
ACCTCG	2110.0	1793.8	-650.440
GCCGCA	747.0	529.5	-649.447
GAGCCT	3072.0	2830.4	-647.333
TCACGG	915.0	663.1	-644.340
CCGCCC	2234.0	2092.8	-633.419
TACCTC	3092.0	2190.0	-632.908
TGAGCC	11170.0	7184.7	-630.259
TTCTCC	18403.0	10739.7	-628.907
TTCGAG	1107.0	847.7	-627.001
GGGTCA	1888.0	1733.4	-623.921
CACCCT	3278.0	2863.4	-621.323
GACTCC	2142.0	2117.2	-615.862
AGAGTA	3135.0	2102.1	-614.273
CGCGAT	1705.0	1019.5	-608.611
GCTCGA	572.0	423.8	-606.974
AGTGGT	8787.0	4567.5	-605.912
TTGTTT	30220.0	18742.6	-605.169
GTGATT	8789.0	4570.2	-604.369
CGGTTC	777.0	563.4	-599.408
GTGCCG	835.0	652.9	-599.090
CTCCTA	4153.0	2912.6	-588.720
AGCCTA	2060.0	1763.4	-588.610
ATCTCG	6255.0	3036.3	-586.205
CACCGC	2613.0	1948.5	-583.177
GTCTCA	11703.0	6855.6	-582.404
TCGCTG	1523.0	920.2	-580.640
CCCGGG	5437.0	3094.4	-575.037
GTCACC	7816.0	4016.0	-571.560
TCACGC	1980.0	1597.9	-570.901
TGTCAC	8998.0	4762.8	-568.666
CCAGCC	6542.0	6154.2	-568.282
CAGTCG	611.0	433.0	-567.829
CACAGC	3871.0	3267.2	-564.869
CTCCAG	5191.0	5553.7	-564.634
AGACAG	13085.0	7401.8	-564.312
CCGGAG	1296.0	845.7	-563.330
TGACTC	2573.0	2358.5	-561.339
GTAGCA	2264.0	1639.8	-557.153
GAAGAA	7394.0	3778.8	-555.817
TCAGCG	689.0	616.2	-554.558
GGCGCA	1946.0	1290.7	-552.896
TCTGCC	12754.0	7766.7	-551.702
GCGTAG	371.0	289.4	-551.138
TCTCCT	18527.0	11039.2	-549.520
TCACCC	8158.0	4507.1	-547.511
TCAGTC	3712.0	2795.7	-546.622
TCCTGG	13736.0	7868.2	-546.443
GTAGTG	3212.0	1990.6	-544.714
TAGCCT	3760.0	2574.8	-543.798
ATTTTT	49752.0	32416.9	-540.487
CTCAGG	6997.0	5407.0	-540.012
ACTGGA	3708.0	2527.2	-539.162
GGGATC	2197.0	1634.2	-534.739
TGTCGC	4322.0	2151.4	-534.731
CGTCAG	690.0	557.1	-533.317
AGCATC	2390.0	2005.4	-531.747
CGCAGT	1076.0	776.0	-530.868
GTCGCT	683.0	501.6	-529.959
AAGTAA	4250.0	2743.8	-523.784
TAGCCG	497.0	495.7	-520.910
CCCACG	917.0	848.9	-519.922
CTGCGT	881.0	867.4	-517.370
CTCCGA	748.0	622.1	-515.477
CTACCT	3376.0	2474.4	-510.986
AGTAGT	3404.0	2284.3	-509.104
TCGGCT	6348.0	3202.7	-508.696
CGATTA	434.0	303.2	-505.884
GCCTCT	6324.0	4677.4	-505.158
GGCGTG	5923.0	3458.8	-503.848
CAAGCT	5153.0	3720.0	-500.359
CTTGGC	10568.0	5908.1	-496.539
GCTCGG	794.0	706.1	-496.510
GTCAGC	2117.0	1765.8	-496.281
TGGCGT	2545.0	1411.4	-496.198
GTAACT	2671.0	1790.3	-493.365
AGTATC	2006.0	1463.1	-489.712
TCTCGG	6514.0	3336.0	-488.198
CGCTGG	1000.0	912.0	-488.067
ACTGCC	2482.0	2221.3	-486.321
AGTACC	1579.0	1223.2	-486.125
TCACCG	1543.0	1324.7	-482.682
CGGCTC	6415.0	3284.4	-482.197
TTTGTT	30289.0	19292.1	-478.903
GTGGCA	8560.0	4648.9	-477.786
ACAGCC	2848.0	2506.5	-477.494
AGTAGA	5732.0	6169.4	-475.966
TACTGC	2912.0	1949.8	-475.106
CGTCCC	713.0	621.3	-474.146
CGAGTC	668.0	465.7	-472.865
GTCTCG	6238.0	4074.4	-469.294
GTGGAG	4478.0	3476.5	-460.283
CTTAGC	3047.0	2048.3	-457.878
TGATTC	7694.0	4133.2	-456.664
AGGCTG	24461.0	15376.3	-455.517
TGCATC	2414.0	2305.4	-455.112
AGCGCA	893.0	525.4	-453.606
CCACCC	4853.0	4080.6	-453.209
CAGTAG	3679.0	2482.3	-452.561
TTTTTC	28638.0	18278.3	-449.552
TAAGCC	2012.0	1624.3	-447.899
TGGGAT	15932.0	9590.3	-447.853
GTCGCC	4224.0	2113.4	-447.738
CGCTCA	867.0	756.9	-444.211
GATCAC	2543.0	2321.8	-443.778
TGAAGT	5089.0	3963.2	-443.117
GAGTGA	3310.0	2846.6	-439.153
TAGTGC	1899.0	1513.3	-436.013
TGCGAT	2254.0	1129.0	-434.042
CCTTAG	3063.0	2098.2	-433.469
GCCCCC	2548.0	2258.4	-432.936
CTCTGT	17466.0	10678.3	-431.936
ACGGCA	566.0	402.1	-431.722
TCATGC	3413.0	2836.3	-429.723
GCTCCC	2459.0	2575.6	-428.967
AGCCAC	10918.0	6291.9	-428.088
GAGCAG	3985.0	3126.9	-428.059
AAGCAA	8510.0	4713.7	-428.005
TGCGTC	585.0	545.7	-425.272
CCTCGC	1024.0	923.6	-424.874
GAGTAT	2382.0	1669.7	-420.989
TGCAGC	7829.0	4297.3	-415.524
AAGAAG	6819.0	3650.3	-415.024
TCTTGC	9791.0	5582.4	-413.530
TAGCTC	3125.0	2360.4	-412.975
AGCAAT	7630.0	4178.7	-410.725
TTTTTA	37347.0	24525.6	-409.751
TCTCAC	9417.0	5352.8	-405.830
CTTGAG	4326.0	3749.0	-402.732
GCAATC	5388.0	3067.2	-402.731
CTCGAG	1077.0	796.2	-401.167
TTAGCC	3445.0	3271.5	-400.410
GGATTA	14214.0	8576.4	-398.343
TTTTGT	34945.0	22909.9	-397.790
CGGGTT	4720.0	2368.7	-392.675
CTCACA	2875.0	3128.6	-392.608
CAACGT	560.0	484.0	-390.478
AGGTTC	6217.0	3310.0	-390.362
CTGGCT	7786.0	6584.3	-389.242
GCCTGC	4109.0	4165.4	-388.175
GGTACA	1843.0	1430.1	-387.246
AGCTCG	661.0	607.0	-386.274
CCCAGC	8817.0	8192.3	-385.329
AGTGGA	3695.0	2904.1	-384.026
GACTAG	1334.0	1039.7	-384.011
GCAAGC	3391.0	2471.0	-381.542
AGAAGA	7320.0	4035.9	-381.113
CTCGCA	552.0	473.6	-379.712
GGTGCA	4600.0	2980.9	-379.444
GTGGCG	5107.0	2628.4	-379.233
CCTCAA	5842.0	3955.7	-377.376
ACGCGA	173.0	141.6	-375.440
GCCTAA	1698.0	1452.8	-372.751
CGTTTT	2082.0	1615.1	-372.435
CTCCCT	5923.0	6112.7	-372.245
CTAGGC	3302.0	2082.6	-371.966
GATCTC	9985.0	5809.0	-371.510
GTCTTG	10456.0	6125.0	-370.104
CAGCCA	4564.0	3867.8	-368.920
CGCAAG	561.0	380.1	-367.246
TGAGTC	2936.0	2491.1	-366.630
AGCAGC	4297.0	3193.4	-366.580
GAAGTA	2860.0	1902.5	-364.155
GCGACC	522.0	375.3	-362.833
GCCCAA	2577.0	1855.5	-362.532
CCAAGG	3042.0	2733.7	-362.218
GCACTG	2773.0	2403.5	-362.060
GCCTTA	2777.0	1825.9	-360.413
TATATA	8277.0	4706.6	-359.586
TCTTTT	31307.0	20566.8	-358.154
AAGTGC	9770.0	5699.0	-357.665
TCATCC	2771.0	2360.1	-356.751
GCAGTC	3817.0	2052.4	-355.901
CTGTCA	8458.0	4834.9	-355.434
CACTGG	2911.0	2771.5	-354.141
GTCCTG	3047.0	2819.4	-353.840
AATAGC	2924.0	1969.4	-353.257
CGATCT	5820.0	3124.1	-352.524
CTCGCG	313.0	360.9	-351.701
CTACTG	2295.0	2005.6	-351.095
AGCTCA	9330.0	5423.4	-350.790
TCTCCC	7416.0	5855.1	-349.058
CTGAGC	3948.0	3605.5	-348.760
AGAGTC	6856.0	3800.3	-348.434
CCTCCA	8125.0	5596.7	-347.976
TAGTAG	5430.0	5787.8	-347.700
ACGTAG	524.0	351.5	-347.618
GACTGC	2231.0	1911.8	-345.564
CCCCGG	1184.0	1048.9	-344.911
AGAGTG	5173.0	3512.1	-344.431
CCTGCG	901.0	929.7	-344.041
CGAAGT	905.0	606.3	-343.450
ACTCAG	3508.0	3131.5	-340.251
AAAGTG	11516.0	6918.5	-340.058
AGTGCT	10669.0	6571.2	-339.059
TGTTGC	10868.0	6485.5	-338.450
AATCTC	5677.0	4123.5	-338.210
GTCGCA	361.0	289.1	-337.348
ATCAGC	2159.0	1985.1	-337.056
CTCTGC	10667.0	7186.6	-336.754
TCGCCT	1311.0	868.5	-336.274
GCAATT	6216.0	3411.6	-334.885
CCGAAG	859.0	613.8	-333.905
CCGGGT	4697.0	2443.3	-333.725
CCAGGT	8490.0	4905.5	-333.712
GAATAG	2698.0	2028.7	-331.777
GAGTAA	2435.0	1746.5	-329.702
GCGCAG	1265.0	852.2	-329.253
TCCCGG	5131.0	2800.9	-328.879
TCTGTC	13070.0	8010.2	-328.137
CGCACT	557.0	395.5	-327.755
CTCATG	3669.0	3296.3	-325.770
AGTGCC	2560.0	2213.4	-325.726
GCGTGA	5194.0	2775.8	-323.584
GGGATT	14895.0	9277.5	-323.089
CCAAGC	3101.0	2483.8	-320.820
TCTCGC	4615.0	2413.2	-320.442
AATGCA	3918.0	2962.6	-319.736
TCCCGC	1396.0	1146.4	-319.092
ACTAGC	1153.0	1005.5	-319.045
CAGAGT	9550.0	5760.0	-318.730
ATCTTG	8317.0	4829.1	-317.389
GACCTC	5740.0	4824.6	-315.015
ATCCTG	3312.0	3022.9	-313.327
GCCCAG	17081.0	10825.1	-312.854
CAACCA	2137.0	1766.4	-312.562
CAGGTT	8436.0	4925.1	-310.537
GAGCCA	10743.0	6488.7	-307.122
CAAAGT	10901.0	6598.0	-306.287
GAGCGA	869.0	726.3	-304.564
TCGCAC	546.0	368.9	-302.628
GGTTCG	575.0	361.0	-300.623
GTCGCG	285.0	180.0	-300.596
GTCGTG	597.0	407.4	-298.653
AGAAGC	3557.0	2999.5	-297.489
GGGCTC	6329.0	3560.2	-297.155
GACGAA	494.0	338.2	-296.039
GTTGCC	9225.0	5493.8	-295.397
CTCGCT	4701.0	2511.9	-294.715
CCACAG	4242.0	3552.7	-294.058
AGCGGT	642.0	517.6	-293.970
AGTGCG	1141.0	631.1	-293.951
AGTCGT	532.0	397.3	-292.565
ATATAT	8966.0	5328.6	-291.909
GATTAC	12727.0	7897.9	-289.870
CACCTG	6007.0	5306.2	-289.581
CCAAAG	10472.0	6359.2	-287.986
CCTAGG	3713.0	2528.8	-286.237
AGCAAC	2106.0	1731.4	-285.954
GTACCT	1903.0	1454.9	-285.180
AGTGAA	4069.0	3274.0	-283.702
AAGCTG	4302.0	3374.2	-283.309
GTTCGA	587.0	544.9	-283.171
ACGATC	2238.0	1010.6	-282.899
GTACAA	2032.0	1500.1	-281.273
CCCAAA	10830.0	6623.1	-281.245
AGGGTC	4859.0	2639.9	-280.033
TTTTAA	22973.0	15093.2	-279.771
TTGTTG	9352.0	7130.3	-279.614
TCCCAC	6725.0	3861.9	-279.311
CACGGC	952.0	720.9	-278.941
GACGGA	3928.0	2049.9	-277.811
TGGAGC	3297.0	2773.4	-276.763
CTGTCG	3849.0	2001.3	-276.430
TCCTGA	14157.0	8936.9	-275.240
TCGCGC	344.0	347.2	-273.383
GCCGGA	914.0	625.0	-273.099
AGCCTT	6419.0	4122.0	-273.024
TAGGCT	3947.0	2510.8	-272.464
AGCCCC	2780.0	2589.9	-272.359
ACAGTG	5499.0	3848.4	-269.568
CGCCTG	3164.0	2891.0	-269.351
CACCCA	10078.0	6146.1	-269.185
GCAGCG	1153.0	880.4	-265.515
GCATCA	2034.0	1687.6	-264.999
GCGCAA	1420.0	799.7	-264.906
CCGCGT	349.0	329.8	-264.508
TGATAC	2032.0	1487.2	-262.518
GTAACC	1653.0	1154.2	-261.229
TCGCCC	4286.0	2305.7	-260.601
GATCAA	1687.0	1299.7	-259.538
CAATTC	5711.0	3237.8	-258.082
CTGCAG	9474.0	6166.6	-257.930
GCAGTA	2607.0	1872.6	-257.228
CTGGAA	6155.0	4511.0	-256.179
GTGCGA	2101.0	961.8	-254.223
TCTTGG	9501.0	5797.1	-253.867
GCCACA	2872.0	2572.8	-252.747
CCGAGG	1247.0	1194.8	-252.350
TGATCC	7918.0	4728.6	-251.604
GGGTCT	6126.0	3526.1	-251.507
GATCTT	6732.0	3935.7	-249.640
AGTAGG	2311.0	1764.7	-249.473
CTACCG	482.0	330.8	-248.437
ACTACA	6184.0	4303.1	-248.407
CCCTCC	4399.0	5054.2	-248.055
CGTGAT	3067.0	1969.5	-247.950
CGATCC	1467.0	628.5	-247.739
AGTTGC	2323.0	1968.4	-247.581
TCCCAG	11420.0	7921.9	-247.520
AGTCTT	8758.0	5312.6	-246.685
ACGGAG	4023.0	2162.5	-246.565
ACCGCC	657.0	572.3	-246.314
TAGAGT	4027.0	2572.8	-246.299
TGGCGC	3746.0	2120.8	-245.454
ACTGCG	1440.0	1026.9	-244.810
CTGCGA	665.0	608.9	-243.769
TTTTAG	12733.0	11618.5	-243.753
ACCGAG	847.0	559.6	-241.791
GCATGA	6599.0	3865.6	-241.760
GTGCGG	1207.0	699.9	-240.987
GTGGTG	9228.0	5650.5	-240.595
AGCCTG	5042.0	5395.0	-240.089
ACTGTA	4115.0	2648.3	-238.710
CGCAAC	750.0	506.6	-237.742
CCTGGG	13155.0	8378.3	-237.658
TGGCAC	6425.0	3763.6	-235.643
AAGTAC	2307.0	1656.8	-235.133
ATTGCA	3994.0	3226.0	-231.977
TTGCCC	10250.0	6382.3	-231.704
CCTGGC	9869.0	7592.1	-231.633
AGCAGT	5726.0	3307.1	-231.115
TGAAAC	3648.0	3091.5	-231.052
AAGCCT	2919.0	2858.9	-230.148
AAAGTA	4411.0	3234.2	-229.460
CGTGGC	1106.0	810.6	-228.158
AACGTC	498.0	341.5	-227.881
CTAACT	2064.0	1848.9	-226.837
CTCGGT	838.0	720.7	-226.079
GGAGTC	7442.0	4474.2	-225.823
GCGGGA	1016.0	849.3	-225.682
TGGAAT	5936.0	4148.7	-224.456
AAGCAG	6000.0	3586.7	-222.677
AGTTCA	4265.0	3461.4	-222.614
TTTATT	27032.0	20349.7	-222.395
TGGGTT	9263.0	5731.9	-222.292
TGCAAT	6626.0	4546.5	-222.157
TCCACC	8633.0	5300.9	-221.440
GTTTTG	13800.0	9387.0	-221.145
ACCCAG	9748.0	6072.9	-220.317
TGATCT	9949.0	6212.5	-220.109
AGTGTC	2771.0	2323.2	-218.992
AACCGC	375.0	357.5	-217.336
GTGGCT	4492.0	4320.8	-217.164
GCAACG	457.0	358.5	-216.388
GCGGTG	1401.0	1074.1	-216.221
GTAGGT	2183.0	1713.7	-214.354
GCCGTG	1110.0	778.5	-213.221
CCTCAT	3276.0	3261.4	-212.281
ATACTC	1631.0	1251.7	-211.652
CCCCCA	3866.0	3190.9	-211.566
GGCATG	8529.0	5262.8	-210.781
TTTTCG	1612.0	1119.1	-209.792
TTATTT	28492.0	20974.6	-209.472
TGGGAC	7449.0	4526.2	-209.194
ATTACA	14455.0	9406.0	-209.180
CTAGCT	2261.0	2028.3	-208.556
TGGGGT	5282.0	4832.4	-207.651
AGTGTT	5415.0	3998.7	-206.696
GGTGTG	8123.0	4996.8	-206.490
ACCTCT	8046.0	4945.0	-206.187
GCGATA	264.0	240.1	-206.058
CACGCT	897.0	773.3	-205.516
GCTTAC	2308.0	1466.9	-205.212
TGGTGC	6219.0	3702.4	-205.016
TTAAAG	5481.0	4137.6	-204.952
CTCCAA	2993.0	2911.6	-204.510
GTCCCA	2219.0	2344.7	-204.202
AGCTTC	4142.0	3226.6	-203.819
TGGAAC	2888.0	2224.0	-203.160
GTGATG	3289.0	2935.4	-202.460
CAGGGT	7278.0	4592.3	-200.738
GTGTGA	7272.0	4430.7	-200.628
TGTAAC	2700.0	1921.5	-200.551
CAAACT	4805.0	3810.7	-200.135
TCCGAA	568.0	378.7	-200.088
GAGAAG	5255.0	3851.4	-199.148
AACGAT	646.0	412.2	-198.625
GCGCAC	567.0	599.8	-197.690
CAGTGT	4621.0	3787.1	-195.421
CTACCA	2378.0	1846.5	-195.031
CATCAG	2649.0	2441.4	-194.989
ACGTGA	1002.0	702.5	-193.341
TTTTAT	23932.0	16339.6	-193.143
CCGGCT	2219.0	2346.6	-191.799
TTTTGG	12872.0	9008.8	-191.310
GTGCTG	10457.0	6671.9	-189.988
GAGTCA	2528.0	2124.6	-188.489
GCAATG	4254.0	3118.9	-188.011
TCTCAG	10262.0	6813.3	-185.164
GTAGAT	2099.0	2066.4	-184.785
CTGCTG	5160.0	5199.7	-184.375
AACTGC	2313.0	2052.1	-184.052
CACTGT	7152.0	4400.9	-183.924
TGGGCT	7613.0	4717.4	-183.292
AGGAGT	3729.0	3499.8	-182.873
TTCTTT	30601.0	22633.2	-182.653
GATTAT	4591.0	3004.3	-182.557
TGCCTA	3077.0	2618.1	-181.140
TCGACC	792.0	460.8	-180.748
GGCTTA	2890.0	1976.6	-180.456
GCACGA	2090.0	1046.7	-180.389
TGAAGA	5792.0	3480.2	-179.432
GACAGA	7913.0	4940.0	-178.827
TCGCGG	288.0	227.2	-177.885
TTATTG	5207.0	4501.6	-177.840
ACTGAA	3815.0	2935.4	-176.216
GCCTGA	3163.0	2842.7	-175.668
CCGCAA	937.0	628.6	-175.491
GGATTC	2727.0	2268.5	-175.116
CAGCTT	5651.0	4611.5	-174.686
GACAGG	6600.0	4048.5	-173.880
CAATCT	6017.0	3890.0	-173.717
AGTAAT	3422.0	2551.0	-173.558
GGAATA	2610.0	2094.3	-173.267
AATTCT	8623.0	5453.8	-172.456
CGTGCC	2412.0	1570.7	-172.003
TGTGAC	2670.0	2467.4	-170.814
GTACAG	3377.0	2078.3	-170.719
ATAGCT	4306.0	2544.8	-170.369
GCGTGC	1034.0	861.1	-169.517
ATTAGC	1831.0	2282.1	-169.154
TCCAGC	3762.0	4487.9	-168.842
TTTTGC	10068.0	7785.2	-168.472
TTTCTT	30436.0	23061.5	-168.334
GCTGCA	3835.0	3519.8	-167.799
ATCAAG	2378.0	1821.1	-167.341
CCTCTG	10497.0	6790.3	-166.622
TGCCGT	822.0	628.7	-166.137
CACGAT	2232.0	1157.7	-165.329
TATTTT	34575.0	24302.1	-165.311
CAGGCG	5334.0	3978.8	-165.134
GGAGCG	1227.0	843.8	-165.068
ACAAGT	2566.0	2112.3	-164.249
AGTGTA	3257.0	2259.4	-163.228
CGGGCT	1575.0	999.8	-163.161
TTTTCT	29618.0	21782.9	-162.093
AGCCAT	4174.0	3061.3	-161.416
GCTCGC	865.0	656.0	-161.333
GCGCGA	1756.0	1078.0	-161.031
TACAGT	4528.0	2966.2	-160.897
AGCGGG	800.0	677.5	-159.631
CTGTAG	3828.0	3218.3	-159.292
GTTCAG	3337.0	2573.0	-158.778
GCCCAC	3289.0	2921.9	-158.429
TCCGGC	727.0	648.0	-157.454
GCTTCA	3799.0	2891.4	-157.258
ATGATC	4890.0	2928.0	-157.049
CGCAAT	1319.0	778.9	-156.356
CGATAC	232.0	173.7	-156.104
AGTACA	3670.0	2192.5	-155.287
TTACAG	14772.0	9885.5	-154.953
AAGCGG	730.0	539.7	-153.995
GCCTTC	4409.0	3524.4	-152.423
CGCGTA	91.0	79.0	-152.181
GCTGCC	3151.0	3014.4	-151.480
TAAGTA	3276.0	2238.9	-150.434
GTTCAC	3867.0	2791.0	-150.179
GTCAAG	1804.0	1609.5	-149.684
CGATCG	140.0	110.0	-149.506
TAAAGT	4116.0	3342.6	-149.182
GCTGTG	4962.0	4350.0	-148.262
GGTAGC	1870.0	1403.8	-147.823
GGTCAC	1652.0	1504.2	-147.623
CCACCG	3142.0	2109.5	-146.992
GCTCTG	10694.0	7014.6	-146.568
TGGACT	3100.0	2431.4	-146.558
TGCCCA	12775.0	8499.2	-146.236
CGAAGA	664.0	414.9	-146.026
AACTGG	3156.0	2295.1	-145.868
ACAGGC	11902.0	8642.1	-145.581
GGCCCA	3250.0	2458.5	-144.949
TGAAGC	3082.0	2651.3	-143.807
AGGGAT	3019.0	2491.6	-143.653
CGCAGG	831.0	732.3	-143.458
CTTTTG	8400.0	7854.6	-143.200
ATGCTC	1756.0	1983.4	-143.185
TTGGCT	9380.0	6098.6	-143.031
TCGCTC	4119.0	2444.0	-142.213
CCGGGC	1833.0	1554.2	-141.983
AAGAGA	6313.0	4087.9	-141.419
CCACGT	1148.0	974.9	-140.429
TGCAAG	3977.0	3238.6	-140.386
CTGAAG	4990.0	3698.0	-140.057
TTGAGT	4620.0	3663.4	-139.837
GCAAGT	2080.0	1902.8	-139.300
TGCTGG	11268.0	7457.5	-139.167
CCCAGT	3999.0	3417.0	-138.473
CAGCAT	3432.0	2970.4	-138.469
CAGCCC	3771.0	3483.3	-137.793
AAACGA	868.0	557.6	-136.167
TGCCCC	2801.0	2580.6	-135.560
CACACT	2701.0	2589.3	-134.337
GTCACT	3117.0	2467.6	-134.294
CTGGCG	886.0	804.3	-133.647
TAGATG	2522.0	2103.5	-133.613
CCCACC	8532.0	5539.3	-133.180
AGGAGC	3026.0	2701.7	-132.019
ACAAGC	2094.0	1664.8	-130.951
CGGGGT	2110.0	2091.1	-130.423
GGCACA	4774.0	3316.6	-129.964
GTTAAA	3244.0	2403.6	-129.464
CTCAAT	2181.0	2278.7	-129.389
CTAAGT	2370.0	1970.7	-128.432
GAAGAT	3970.0	2378.6	-128.378
TTGGAG	6185.0	4097.4	-127.509
TTAAGA	4843.0	3369.8	-127.481
TCACAG	4275.0	3507.1	-127.369
TACAGG	15814.0	10795.0	-126.541
GCTTCC	4601.0	3773.1	-126.155
CTTACT	4379.0	2667.0	-125.303
CCCCTG	3645.0	3079.4	-124.866
ACACTG	2876.0	2634.7	-124.616
CAAGAA	4048.0	2929.4	-123.344
ACTGGG	3442.0	2956.2	-123.164
TAGGTG	2869.0	2013.7	-123.055
GTGGGA	3509.0	3080.0	-122.820
TACAAG	2670.0	2005.7	-122.245
AACCAC	2437.0	1952.5	-121.830
GATTCA	3138.0	2431.7	-121.283
CTGGGT	8805.0	5946.7	-120.816
GGAATG	3724.0	2786.6	-120.703
TCAGTG	4196.0	3796.2	-120.571
TCGTGG	846.0	650.9	-120.280
TCAAGG	2986.0	2603.0	-120.226
CGTGAG	3690.0	2212.1	-119.231
TAAAGC	2487.0	1970.4	-119.079
TTCAGC	4842.0	3828.1	-118.952
CAATCG	308.0	291.4	-118.764
GCTGGC	2974.0	2696.4	-118.603
AAAGCG	661.0	597.8	-118.554
ACCACC	4460.0	3769.7	-117.636
AACCTA	1592.0	1341.9	-116.967
AGACGA	1008.0	621.4	-116.769
CTGGGC	8099.0	5881.4	-116.262
GTGTCG	784.0	463.8	-115.964
ATGGAG	6315.0	4840.5	-115.819
CCCCCC	2799.0	1798.6	-115.410
CAATGC	1481.0	1572.8	-114.361
GCTAGA	2845.0	1782.6	-114.349
CTCCTC	4061.0	5375.5	-114.163
GAATCT	3059.0	2535.9	-113.876
AGGCGT	4023.0	2454.3	-113.735
TTTAGA	6134.0	4827.5	-113.528
GGCGAT	760.0	480.9	-113.493
ATGCAA	2417.0	2156.2	-113.380
ATTGTT	5487.0	4251.7	-113.242
TGTAGT	4385.0	3438.3	-113.162
ATCTCA	8377.0	5518.6	-112.132
GCAGGG	3448.0	3100.5	-111.954
GATTTT	11471.0	8493.1	-111.446
CGCGAG	329.0	375.7	-111.424
GTGTTG	5122.0	3268.8	-111.145
TGGAGA	6143.0	4464.2	-110.957
TGCTGC	4223.0	3998.2	-110.861
GCTTGA	2605.0	2627.3	-110.454
CGTGCA	867.0	717.5	-109.650
CTCTTG	7400.0	5618.7	-108.951
GATACT	2009.0	1396.4	-108.865
TTGCTC	8403.0	5551.3	-108.856
AAGAAA	9825.0	6569.8	-108.813
TTTAAG	7370.0	5426.0	-107.105
CCAGAG	4597.0	3904.7	-107.105
GATTAG	1636.0	1455.7	-106.742
GAAGAG	5313.0	3373.4	-106.171
CATCCC	2197.0	2318.4	-105.353
CCGCCG	964.0	700.1	-104.491
AAGGGA	3801.0	3096.7	-104.245
GCTAAC	1165.0	1045.4	-103.895
CCAGGG	3569.0	3292.4	-103.317
TACTGG	2505.0	2004.4	-103.252
GCAGCT	3780.0	3110.4	-103.033
CTGCAT	3340.0	3371.3	-102.936
TTAGCT	3209.0	3204.3	-102.848
TGATTA	3308.0	2681.9	-102.423
CTTGCC	4311.0	3209.2	-102.227
ACGAAG	685.0	501.8	-101.285
CTGTTG	8111.0	5378.5	-101.097
CTTGCT	9127.0	6106.1	-101.033
GGTGCG	2371.0	1367.6	-100.971
CGACTC	659.0	443.9	-100.764
TGGTAC	1940.0	1532.2	-100.246
GCTGAA	3846.0	2962.3	-100.143
TGTTGT	7804.0	5670.8	-99.653
GGCTGA	4283.0	4189.5	-99.620
CGGATT	685.0	509.6	-99.230
CCCCCG	1274.0	1053.2	-98.469
TACCGG	326.0	248.7	-97.917
ATTCTT	8852.0	6193.2	-97.727
TCGAGC	569.0	482.8	-97.535
GTGACC	2000.0	1736.4	-97.415
CGCTGC	1209.0	991.7	-97.129
TCCTAC	2279.0	1806.3	-97.052
TCTTGT	7100.0	5641.6	-96.207
AGCGAC	424.0	364.7	-95.292
AAGCTA	2575.0	1887.7	-94.742
GGGTGC	1856.0	1927.6	-94.331
GAACCT	1946.0	1816.4	-94.059
CACAGG	3667.0	3148.0	-94.003
ACTTTT	12156.0	8337.4	-93.792
ACAGGT	7150.0	4726.8	-93.160
GGACTA	5151.0	3364.7	-92.966
GTGAGC	7794.0	5188.7	-92.901
GAGCGC	909.0	652.5	-92.666
AGACGG	5411.0	3726.6	-92.598
CGAGCA	694.0	504.0	-92.461
AAAGAG	4960.0	3717.5	-92.445
GGCGTA	448.0	299.7	-91.945
CCACTG	6665.0	5062.6	-91.713
TTCTTG	6928.0	5787.9	-91.459
ACCGAT	291.0	230.6	-91.332
GGAAGA	5476.0	3545.5	-90.776
CGCTCT	3914.0	2449.1	-90.586
TAGCTA	2922.0	2052.6	-90.243
TCCAAG	3046.0	2641.0	-90.220
AAGGAG	4305.0	3417.8	-90.016
TGGTTC	3228.0	2636.3	-89.700
CTAAAG	2733.0	2080.8	-89.363
CCGTGG	1052.0	786.0	-89.263
CGGCGT	320.0	270.2	-89.018
TGACAC	1951.0	1858.5	-88.779
TCTCCG	1201.0	1013.6	-88.466
AACCTT	3658.0	2742.9	-88.422
TCAGCT	8762.0	6004.0	-87.784
ACCCAA	2204.0	1958.6	-87.694
TTGAAG	4808.0	3727.6	-87.555
AGTCAC	2523.0	2124.2	-87.240
TCTAGC	1817.0	1600.3	-86.633
GGCACG	2655.0	1595.1	-85.874
GTACGA	384.0	201.4	-85.870
ACAGGG	6131.0	4031.3	-85.797
CTTGTT	6253.0	5229.6	-85.748
GATGGA	6003.0	4427.4	-84.541
GATTCG	409.0	345.1	-84.312
GGGAGT	2516.0	2350.9	-84.033
TCAAGA	3458.0	2973.8	-83.746
CAGGTA	3305.0	2473.1	-83.626
ATGCAG	3938.0	3027.7	-83.495
TACCGA	316.0	238.1	-83.332
TTGTGA	4590.0	4089.2	-83.317
GAGTCC	1821.0	1789.1	-82.982
GAGCAA	2692.0	2266.2	-82.874
GGTTCT	2699.0	2459.3	-82.869
TTAGAG	3861.0	3010.9	-82.685
CCCGGC	3842.0	3428.9	-82.065
CCCCAA	2928.0	2559.1	-81.055
CGCCCG	2314.0	2427.8	-81.055
GCGAGT	494.0	441.5	-80.566
TCCGGG	1037.0	809.8	-80.376
CTCAGA	3678.0	3757.0	-80.365
GGGTAG	1806.0	1535.9	-80.156
TAGCAG	2607.0	2154.1	-79.873
AGACTG	4416.0	3014.4	-79.808
TGGCAT	5580.0	3727.0	-79.789
ATCCGC	1584.0	1238.3	-79.771
ATTTTG	11516.0	9501.5	-79.374
GTGATA	2219.0	1793.7	-79.270
CTGGCA	3369.0	2994.7	-78.933
AGCTGA	4388.0	3586.3	-78.534
GCGTAC	204.0	187.1	-78.428
GATCGT	510.0	436.8	-78.271
CGAGCG	383.0	303.3	-78.009
AGTCAT	2969.0	2420.4	-77.971
GCGATG	592.0	459.6	-77.054
AAAGAA	8844.0	6031.5	-76.646
TCGCAA	350.0	291.4	-76.399
AAGTGT	4458.0	3455.1	-76.131
GTGAAG	3346.0	2562.1	-75.864
GACTAC	4528.0	3155.4	-75.796
TTAAGC	2778.0	1923.8	-75.586
GGATTG	2458.0	2250.1	-75.429
CGACTA	265.0	269.8	-75.358
GAAGCT	3028.0	2938.2	-75.180
GACTCT	2322.0	2352.2	-75.028
TATAGG	3442.0	2171.4	-74.910
ACCTGG	4768.0	3837.1	-74.768
CACGTA	513.0	439.3	-74.641
CTTCAG	5437.0	4249.2	-74.593
CACAAG	2099.0	1912.8	-74.587
TCTTGA	6748.0	5347.4	-74.521
CGCCGC	978.0	796.3	-74.250
GTTGTT	6588.0	5348.3	-73.885
TTCAAC	2267.0	2131.6	-73.189
GCTGGT	6568.0	5688.7	-72.670
TAAGTG	3126.0	2514.1	-72.647
AATTTT	24510.0	17624.3	-71.864
TGAGAA	4905.0	4330.6	-71.488
GGGGTG	3046.0	2693.0	-71.350
TCACTC	7611.0	5169.0	-70.805
TCCAGG	5068.0	4252.7	-70.665
CCTGAC	4723.0	4936.6	-70.071
CTCGGA	642.0	628.8	-69.942
ATCTGG	3004.0	2572.4	-69.881
GGGGTC	2429.0	1930.3	-69.688
TGGCTG	4992.0	4695.8	-69.656
CTCCCC	4221.0	4044.1	-69.654
TACAAC	1765.0	1247.6	-69.357
AGTTTT	12201.0	9876.5	-69.034
TAGAGA	8293.0	7714.0	-68.391
AAGACG	748.0	529.5	-68.198
AGTGAC	2778.0	2198.8	-67.881
GCCTTG	5993.0	4015.4	-67.671
GGTGGA	3441.0	2972.9	-67.667
ATCCCA	2825.0	3597.3	-67.083
AGGCAT	7049.0	4782.5	-66.918
GGCTTG	2923.0	2448.2	-66.773
TCCCCC	3428.0	2842.0	-66.708
CCCTGG	4171.0	3903.5	-66.524
TCTCGT	1594.0	925.2	-66.473
CGCCAT	2725.0	1699.8	-66.281
TTGAGC	3194.0	2988.1	-66.148
GCCCCA	2701.0	2578.5	-66.099
GGTACG	448.0	273.5	-65.850
AGGTGT	5998.0	4029.2	-65.627
TATTGT	4473.0	3584.7	-65.560
TAAGCG	523.0	343.5	-65.131
GCAACT	2380.0	1718.4	-65.108
AATCTT	5707.0	3860.2	-64.953
CGGTCT	884.0	632.8	-64.874
AGCAGG	3492.0	3130.7	-64.691
TGCAGG	3891.0	3494.4	-64.410
CGGGTC	540.0	450.9	-64.321
AAGTAT	3487.0	2541.2	-64.109
CGTCGC	307.0	211.5	-63.898
GAGAAA	5871.0	4534.3	-63.361
TTCGCC	1297.0	942.3	-63.186
ACAACC	2070.0	1531.9	-63.096
GTTATT	4100.0	3844.9	-63.068
AAGGTA	2868.0	1810.6	-62.753
GCTACC	1561.0	1164.4	-62.563
CGGGAT	841.0	662.6	-62.458
GTTGCG	438.0	365.7	-62.308
ATGAGC	4563.0	3013.6	-62.182
AACTAG	1766.0	1382.7	-61.884
AAGGAA	6045.0	4386.7	-60.996
GAGACT	3538.0	3202.3	-60.656
GAGCTG	3588.0	3573.8	-60.515
GACCGA	537.0	336.8	-60.118
AGGTGA	5803.0	3917.0	-59.983
ACTCAC	2408.0	2125.6	-59.957
CACAGT	4001.0	3282.3	-59.636
ATACAG	2836.0	2238.7	-59.287
CAGGCA	9290.0	6873.3	-59.278
TTTATG	5874.0	4955.1	-59.193
GAAAGA	5435.0	3815.6	-58.865
ACGATT	741.0	479.8	-58.779
CAAGAG	3429.0	2792.0	-58.453
ACTCCC	2423.0	2326.0	-58.043
AGCTAG	2703.0	1868.0	-57.939
TCGGAT	410.0	327.1	-57.937
AGAAAG	6224.0	4684.3	-57.725
TCCTCA	3861.0	3967.5	-57.663
TTACTG	4753.0	3360.9	-57.627
CCCATG	2612.0	2313.6	-56.789
GATAGA	2263.0	1571.4	-56.684
GAGTGT	3574.0	2610.8	-56.658
TTGGTT	6182.0	5411.1	-56.485
CTCGAC	1023.0	567.7	-56.446
ATTCGC	354.0	315.2	-56.365
GAGTTC	2988.0	3006.8	-55.999
GGCTAA	5055.0	4796.3	-55.810
TTGGGA	5469.0	4800.6	-55.549
CCCGAA	839.0	602.5	-55.103
TTGCGA	449.0	421.9	-54.785
CGGTGG	1418.0	1144.1	-54.701
ACAATC	3165.0	2048.2	-54.689
CCAGTG	3595.0	3200.2	-54.465
CGATCA	728.0	381.1	-54.463
GGACTG	2557.0	2143.5	-54.064
ACTCTG	7513.0	5195.5	-53.967
AGACCG	731.0	470.6	-53.942
GAAGCA	3357.0	2762.0	-53.777
ATCATA	3179.0	2062.5	-53.688
GCACAA	3430.0	2242.3	-53.398
ACAGAG	8565.0	5973.7	-53.138
CCCTAG	1960.0	1653.1	-52.683
GCGGGG	1391.0	1231.2	-51.944
CGGCAA	465.0	346.1	-51.577
CGGGTA	438.0	319.4	-51.521
GGTTAA	1847.0	1589.4	-51.319
ATGCGA	404.0	278.8	-51.137
GACGTA	300.0	221.8	-51.084
AGCGGC	798.0	668.9	-50.449
GTTGGA	3319.0	2439.6	-50.273
TAACCT	2856.0	2077.7	-50.228
AGGTAA	3379.0	2220.2	-49.813
CGAATA	524.0	284.2	-49.809
TAAGAC	2065.0	1516.1	-49.717
CAGGTG	9881.0	6970.9	-49.487
CAAGGA	3018.0	2585.5	-49.476
TTTGTG	8232.0	6860.9	-49.454
CGGACT	515.0	445.1	-49.368
GTAATC	2207.0	2559.1	-49.325
ATTATT	8929.0	7133.4	-49.303
GTAGTT	3411.0	2737.7	-49.235
CCGACT	533.0	509.5	-49.142
GAGACG	5653.0	3866.9	-49.033
ACAGCA	3441.0	2935.0	-48.728
TGTTAT	4073.0	3724.2	-48.343
ACAGTC	3065.0	2166.5	-48.167
TGGCCT	8427.0	5907.0	-47.951
AAGCTC	3852.0	3307.7	-47.742
CACCCG	2230.0	1840.5	-47.710
ATTATA	5347.0	3653.3	-47.303
GGTGGG	4126.0	3822.2	-46.705
TGGTGT	6065.0	4181.5	-46.674
CCCGCC	4038.0	3571.7	-46.653
CCCACT	3489.0	3156.4	-46.364
ACGCTG	746.0	703.8	-46.258
CAGCGG	961.0	778.1	-46.035
CGCTGT	1154.0	841.4	-45.995
TGATCA	3794.0	2535.4	-45.925
TCCTAA	3171.0	2588.5	-45.810
GTTGAA	3417.0	2617.7	-45.733
GTGAGA	3413.0	3382.4	-45.696
GGGACT	6139.0	4242.9	-45.488
TCGGTC	552.0	400.6	-45.220
CAGGAT	3934.0	3652.9	-44.974
GTGCTC	2030.0	2110.1	-44.872
TGTCTC	6637.0	5268.0	-44.824
CAGTGA	5062.0	4499.6	-44.794
GGCTAG	2913.0	1909.3	-44.674
GCTAGG	2770.0	1940.3	-44.531
CAAGTC	1913.0	1856.1	-44.416
ATCTCC	3898.0	3618.5	-44.411
AAGCGC	574.0	472.6	-44.224
CTGAGA	5274.0	4674.3	-43.901
GCAGGC	2840.0	2589.9	-43.870
ACTGCT	3135.0	2903.0	-43.579
GGTCCA	1367.0	1339.6	-43.476
AGGTGG	4503.0	3861.2	-43.406
TTTAAA	15230.0	11008.2	-43.220
ACGTAA	484.0	358.4	-43.109
TGCGGT	1185.0	772.9	-43.021
GCCATC	3575.0	2392.2	-42.822
CCGTAG	385.0	336.6	-42.625
TGCTCA	4246.0	3681.4	-42.076
GGTCAA	1450.0	1386.4	-41.840
TTTGAT	6662.0	5843.8	-41.814
CGCGTC	255.0	297.7	-41.211
AGAGCA	3765.0	3105.5	-40.939
GAGGAG	5283.0	3797.0	-40.514
CTTCAA	3122.0	2848.9	-40.495
AATGAT	4076.0	2982.1	-40.193
AGAGAT	6082.0	5330.0	-40.111
GCACCC	2671.0	2350.6	-40.089
TAGTGG	3100.0	2063.4	-39.882
CCCCCT	2797.0	2515.8	-39.764
ACCTAC	1270.0	1164.5	-39.711
CATAGC	2568.0	1684.7	-39.559
GGCGGG	1806.0	1684.8	-39.530
TGGCCC	3340.0	2719.2	-39.321
CCGTGC	1539.0	959.8	-39.215
CTCCAC	6210.0	4335.6	-39.178
GCAAAC	1891.0	1806.9	-39.042
GGACGA	486.0	316.7	-38.758
AGATGG	8210.0	6833.3	-38.601
CGTCCG	288.0	274.7	-38.296
TTTGGA	7487.0	5286.1	-38.059
CCTACG	325.0	297.7	-37.988
GTGCCA	4436.0	3563.6	-37.906
CTAGAG	3308.0	2244.4	-37.880
AGCGTA	380.0	294.8	-37.782
AGAGAC	6330.0	5845.4	-37.773
TTGTTA	4797.0	4104.3	-37.728
ATCGTC	364.0	309.5	-37.611
AGAAAA	9267.0	6613.3	-37.438
GAATAC	1758.0	1365.6	-37.376
GCGTAA	421.0	306.7	-37.099
AATCGA	396.0	330.1	-37.079
AAAAGA	7381.0	5216.9	-36.942
AACCGA	377.0	327.3	-36.682
TATTCT	5327.0	4644.4	-36.681
ACGCAA	381.0	313.1	-36.176
TGTTGA	4381.0	3922.4	-36.047
TCAGCA	3368.0	3241.8	-35.975
AAGCGT	661.0	531.7	-35.944
AGGATC	2489.0	2005.7	-35.666
CACTCT	7216.0	5104.9	-35.600
ACCTGC	3164.0	2933.9	-35.565
CAGTTG	3272.0	2693.2	-35.330
GAGGCA	4078.0	3902.9	-35.038
CGAGAC	947.0	917.9	-34.888
GCAGTT	4314.0	2971.7	-34.774
CACGCA	717.0	667.3	-34.589
TTATAG	4753.0	3294.8	-34.450
GATCAT	3254.0	2202.0	-34.376
CGTCTC	1387.0	1266.8	-34.296
TGTGAT	6359.0	4659.2	-34.214
TGCAGA	3771.0	3753.0	-34.082
TCTGGC	3486.0	3201.9	-34.059
AGCGAA	532.0	442.3	-33.956
TTGACC	3195.0	2161.2	-33.849
GAAAAA	7378.0	5240.1	-33.681
TCACCT	4264.0	3749.3	-33.420
GAGATA	3090.0	2469.1	-33.143
TTGTTC	4316.0	4160.6	-33.093
TATTGA	3490.0	3147.1	-33.048
CAAGTT	3164.0	3021.9	-32.908
TGATCG	588.0	436.5	-32.868
GGGTAC	970.0	955.6	-32.459
GCGACA	416.0	475.7	-32.437
AGGCTT	3614.0	3194.1	-32.430
CCTCGT	1282.0	1412.6	-32.408
TCCGAC	336.0	274.2	-32.405
GGTATG	2262.0	1495.2	-32.248
GGTAAG	2308.0	1529.2	-32.114
GGCGCG	2237.0	1637.3	-32.083
GTGAAC	2129.0	1610.0	-31.942
AAGTCG	452.0	371.0	-31.937
TCTTAC	3200.0	2175.4	-31.770
CGAAAG	589.0	406.5	-31.523
TACCGC	362.0	284.7	-31.461
GTTTTA	7550.0	6181.6	-31.417
TGGATT	4602.0	3943.5	-31.412
AACATC	2131.0	1836.4	-31.403
ACTTCA	3664.0	2837.9	-31.359
TGAATA	4026.0	3151.7	-31.267
GGTGAT	4798.0	3351.8	-30.988
AACTGA	3017.0	2601.3	-30.767
CCGAAA	601.0	441.2	-30.616
GATTAA	2117.0	1898.6	-30.613
GTCACG	640.0	475.0	-30.496
CTGGGG	4134.0	3972.9	-30.450
GTGGTA	2828.0	1912.5	-30.433
GACAGT	3330.0	2278.9	-30.198
GAGAGC	2580.0	2195.2	-30.115
GAAGCG	810.0	604.5	-30.099
GTGACA	2728.0	2466.8	-29.867
AGCCGG	933.0	972.2	-29.797
TCGGCG	272.0	264.5	-29.543
TAGTTG	2986.0	2159.7	-29.318
AGGCAG	5538.0	5271.1	-29.313
TTAAAA	11406.0	8296.5	-29.070
CCGATT	427.0	406.6	-28.936
CACTAC	2175.0	1556.4	-28.899
TCAATC	1622.0	1641.9	-28.883
CGCGGC	638.0	519.2	-28.876
TTACCG	467.0	350.6	-28.867
ATGTAG	2643.0	1895.6	-28.832
GACTGG	3285.0	2343.0	-28.770
TACTTT	7545.0	5406.1	-28.742
GAACGA	522.0	332.7	-28.693
AGATAG	3143.0	2161.0	-28.657
ATTATC	2327.0	2085.8	-28.646
GTCTTA	3045.0	2080.7	-28.605
GAACAA	2464.0	1964.5	-28.438
TTGCAG	4488.0	4198.6	-28.354
TGCGTA	385.0	387.2	-27.997
GATGAA	3712.0	2572.0	-27.868
CTGTTT	8300.0	7557.8	-27.621
GAAAAG	5437.0	3849.7	-27.437
AGTACG	376.0	259.3	-27.430
TCACAC	2739.0	2664.4	-27.291
GCTGAG	4918.0	5143.6	-27.126
CTGGAC	2658.0	2328.2	-27.068
GGCTCT	3009.0	3001.0	-26.935
GATTGC	2108.0	2230.2	-26.930
ACGCAG	675.0	601.6	-26.592
ACTCCT	7753.0	6058.9	-26.488
TATTTG	6160.0	5526.9	-26.187
CGACAG	555.0	544.6	-26.146
ATATTT	11388.0	8547.4	-26.140
TCGCGA	182.0	166.3	-25.953
CAGCTC	7568.0	5452.6	-25.633
AGATTC	3112.0	2531.0	-25.627
GATACA	1998.0	1569.8	-25.626
TTGAAA	6618.0	4952.1	-25.532
CATAGT	2443.0	1930.7	-25.412
GTGGAA	3365.0	2717.8	-25.398
GACAAG	2785.0	1909.1	-25.167
AGGCGG	1516.0	1482.5	-24.810
TCTGGG	4617.0	4260.5	-24.683
TTTCGA	938.0	646.2	-24.675
ACCGTA	428.0	274.6	-24.576
ATGTTT	7788.0	6446.5	-24.474
ACTGGC	2183.0	1939.2	-24.472
GTCCCG	558.0	544.5	-24.448
GACTAT	1914.0	1280.9	-24.393
AAATAG	4206.0	3093.7	-24.342
AAACAG	4548.0	3540.1	-24.314
ATGAGA	3349.0	2964.9	-24.174
GCTGCG	949.0	975.3	-24.149
ACGATA	296.0	253.0	-24.053
CCAACC	1859.0	1782.7	-23.893
GTTGGG	3718.0	2602.9	-23.881
TATGTT	5730.0	4728.7	-23.862
GGAGCT	2729.0	2777.6	-23.846
TTAGAC	1890.0	1648.3	-23.630
CACGGT	712.0	756.2	-23.597
TTACGG	521.0	373.4	-23.527
TCGAGA	931.0	808.8	-23.396
ATTTTA	14373.0	11181.4	-23.325
CGCCTA	681.0	439.7	-23.270
GTATGA	2251.0	1530.6	-23.253
ATGCCT	4988.0	4348.0	-23.195
CGGCGG	992.0	628.2	-23.133
TGACTA	1988.0	1439.4	-22.905
CTCATC	2459.0	2573.4	-22.862
AAGATA	3354.0	2375.3	-22.708
ACCAAG	2498.0	2123.1	-22.665
GGAGAC	3558.0	2493.8	-22.524
AAATGA	5912.0	4333.3	-22.413
CATGAG	4905.0	3495.5	-22.146
GTCGGC	520.0	380.2	-22.084
TTGCCT	6446.0	5162.7	-21.968
CGTAGT	474.0	356.3	-21.834
CATGAT	4910.0	3503.6	-21.631
CCCGCG	526.0	551.7	-21.521
CTTGGA	3230.0	2978.8	-21.430
AACGAA	510.0	420.6	-21.421
TTGGCG	576.0	566.2	-21.328
TACTAC	1477.0	979.2	-21.321
CCTAGT	2147.0	1723.2	-21.315
TGTTAC	3133.0	2188.2	-21.272
TCACTA	3025.0	2304.7	-21.254
GTACTG	1946.0	1523.4	-21.230
AGGCGA	970.0	645.9	-21.223
TTTTAC	7433.0	5586.7	-21.213
TCCAAC	1917.0	1937.8	-21.089
TGCTCT	8507.0	6206.0	-21.070
AGCCGT	627.0	545.8	-20.946
AGACAA	3897.0	2758.0	-20.709
GGCGTC	595.0	533.2	-20.688
GAAGGA	4505.0	3413.4	-20.655
GTGCAC	2393.0	1938.7	-20.590
CCCAGA	4988.0	3937.2	-20.579
GGTCTC	8291.0	6154.2	-20.481
CTAGTA	1997.0	1360.9	-20.420
TAAGAA	3996.0	3213.8	-20.288
ATATAG	2307.0	1785.4	-20.284
TGAACC	2430.0	2276.7	-20.281
AGAGAA	6440.0	4662.6	-20.024
CCCGGT	703.0	641.4	-19.828
GCCGAG	1256.0	1427.2	-19.739
TCTCAA	5543.0	5197.2	-19.653
GAAGAC	2590.0	1953.1	-19.611
GGTCTT	6268.0	4537.0	-19.555
ACCGAA	392.0	324.1	-19.417
TCGCCG	399.0	290.7	-19.345
AGTGGG	3137.0	2879.0	-19.265
CTTGAC	3170.0	2229.0	-19.123
ACGGAA	716.0	468.6	-19.120
ACGGTC	415.0	335.4	-18.982
CCTCGA	1229.0	811.1	-18.964
GACACA	2313.0	2184.6	-18.940
TGAGAT	8163.0	6375.0	-18.882
TACAGC	2250.0	1765.1	-18.874
GTGTCA	2986.0	2329.3	-18.802
GGAGAG	4276.0	3603.5	-18.698
CGCCAC	2039.0	2273.1	-18.674
AAACTG	3944.0	3216.2	-18.669
CAAGGT	3092.0	2542.1	-18.619
GAATGC	2731.0	2117.9	-18.504
ATACTT	3735.0	2655.6	-18.256
ATCGGC	333.0	305.2	-18.000
AAGAGG	4162.0	2976.5	-17.932
GCCGTA	317.0	264.1	-17.882
ACGCCA	1865.0	1277.5	-17.861
GTAATT	4038.0	2885.2	-17.844
CAATGG	3990.0	3068.0	-17.823
AGGCTA	3280.0	2340.1	-17.665
ATGAAG	4208.0	3049.0	-17.609
TACGGT	444.0	264.7	-17.608
CCACGC	2725.0	2556.2	-17.529
TTGTCG	972.0	634.4	-17.386
AGATGA	4730.0	3406.0	-17.356
AAGCAT	3202.0	2700.6	-17.309
AAGATG	4193.0	3005.4	-17.286
ATAGTG	2500.0	1922.0	-17.198
ACTGTT	4196.0	3008.8	-17.195
TTTGAA	8400.0	6742.5	-17.180
GCCGGG	1586.0	1579.1	-17.044
ATCTTA	2983.0	2263.3	-16.808
CTAGCG	227.0	269.4	-16.730
CATTTT	14678.0	11366.2	-16.618
GTTGTG	2808.0	2389.8	-16.468
GTCATC	2250.0	1737.9	-16.364
TACGAT	445.0	312.6	-16.360
CTGGTG	3555.0	3244.9	-16.334
GACGAT	401.0	298.7	-16.121
GTGGCC	3017.0	2386.4	-16.037
GGTTTT	10286.0	8010.2	-15.959
AGAAGG	4697.0	3395.2	-15.856
CTCTCG	1418.0	963.2	-15.795
CTGGTA	2314.0	2007.6	-15.757
CCGGGG	1052.0	879.5	-15.755
TTAATT	9722.0	7193.6	-15.632
TGTGCC	5929.0	4325.6	-15.529
GAAACA	4007.0	3083.7	-15.448
TCCGGA	728.0	542.1	-15.423
TCGTTT	1290.0	1255.2	-15.338
TTTATA	8037.0	6350.6	-15.249
CCTTGA	4242.0	3062.5	-15.106
TTCACC	5030.0	5391.3	-14.938
GTCCAG	2953.0	2665.4	-14.929
CCGGGA	1063.0	1060.6	-14.779
TTCTGC	5629.0	5216.9	-14.765
CCCTGC	3871.0	3923.2	-14.697
ACGAGA	639.0	408.0	-14.695
AAGAGT	3392.0	2658.9	-14.693
CTTATT	4890.0	4233.2	-14.632
ATCCCG	467.0	468.4	-14.622
CACCTA	2156.0	1663.7	-14.560
TTATGA	3347.0	2807.7	-14.521
GACGAG	799.0	522.3	-14.478
ATCGCG	196.0	212.4	-14.466
TTCCGA	782.0	510.3	-14.441
TATTAT	6693.0	5465.8	-14.420
CGGAAT	570.0	407.7	-14.403
AACGTA	469.0	373.1	-14.339
CCTGCA	2957.0	3383.5	-14.319
AGAAGT	4043.0	3356.0	-14.257
GCGGCG	1096.0	736.6	-14.235
AAGCCA	4278.0	3286.7	-14.139
TGATGC	2403.0	2236.8	-14.134
CCGGTT	639.0	500.3	-14.132
TACCTG	2833.0	2299.0	-14.119
GGGACA	2278.0	1969.6	-14.111
ACAGTA	2599.0	2021.9	-14.106
ATTCTA	3025.0	2705.7	-14.092
TAGCGT	426.0	367.5	-14.042
TCGGAC	290.0	269.9	-14.009
ACGTCC	461.0	454.9	-13.878
CGAGAA	704.0	528.7	-13.812
AAGACA	3946.0	3022.7	-13.786
ATCCAC	3668.0	2871.5	-13.743
GCCACT	5679.0	4157.7	-13.714
GTATTG	2406.0	1848.1	-13.696
TGACTG	2957.0	2715.2	-13.685
GCAGGA	3503.0	3327.3	-13.677
AAGAGC	2802.0	2310.4	-13.600
ACGAGT	486.0	374.0	-13.579
CGTCCT	708.0	678.7	-13.531
CCGGCC	2409.0	1953.7	-13.503
AGGTAG	2806.0	2140.2	-13.367
GTCGTC	559.0	357.0	-13.366
ACTATT	3104.0	2225.7	-13.322
TGCCGA	638.0	478.2	-13.314
TCATGG	3734.0	2697.6	-13.295
CTTAAG	2827.0	2088.9	-13.210
GATCGA	393.0	315.0	-13.155
AAATTT	10502.0	7825.7	-13.133
GCGTCT	671.0	697.0	-13.121
CATGCT	3223.0	2887.8	-13.087
AACTTC	3709.0	2739.2	-13.033
ACCCAC	2599.0	2351.4	-13.029
AGTACT	2480.0	1763.5	-12.932
GCCCGA	638.0	511.3	-12.905
GCGACT	365.0	330.4	-12.893
AGTCTA	1689.0	1681.7	-12.844
CCAAAT	3402.0	2954.6	-12.840
CTTCCG	1376.0	956.3	-12.693
GAACTA	1885.0	1443.9	-12.550
ATGGCT	3979.0	2889.3	-12.540
CCGAAT	542.0	368.7	-12.513
CTGTAA	4193.0	4246.9	-12.399
ATAGAG	2896.0	2079.4	-12.320
TCGCAG	496.0	542.1	-12.310
AGCTGT	3683.0	3315.0	-12.238
AAGAAC	3054.0	2219.0	-12.237
TATCGG	279.0	200.9	-12.107
AAATTG	4613.0	3373.0	-12.008
TAAAGA	4622.0	3379.4	-11.991
GGTTTA	2740.0	2420.5	-11.959
CCTTTT	12102.0	9067.9	-11.932
GTACTT	2688.0	1927.5	-11.834
TTAAAT	7751.0	5753.2	-11.786
GCGTTC	478.0	467.0	-11.747
ATAACT	2619.0	1877.4	-11.683
GACCGG	552.0	358.0	-11.629
AAAGCA	4595.0	3703.8	-11.583
AAAGGA	5151.0	3842.0	-11.565
TGGTTT	8004.0	7113.5	-11.471
TATACT	2667.0	1916.3	-11.351
CGGTCG	192.0	160.7	-11.273
CCCAAC	2108.0	1879.5	-11.270
ACTATA	2418.0	1730.4	-11.268
GGGTTA	1568.0	1336.6	-11.212
ATAGGC	2511.0	1800.8	-11.198
CATGGC	3379.0	2451.9	-11.157
ACTTAA	3197.0	2315.9	-11.134
GTAACG	287.0	265.0	-11.108
GAGAGA	5808.0	4288.5	-11.052
AGTCTG	3607.0	3125.8	-11.021
AACGGA	581.0	380.2	-10.994
GTACGG	268.0	193.3	-10.927
GACGAC	336.0	209.0	-10.862
TTGCGC	477.0	403.5	-10.835
ATTTTC	9726.0	8735.4	-10.827
AGACAT	3178.0	2550.2	-10.756
GTCCAA	1490.0	1342.0	-10.750
TATGAG	2352.0	1941.3	-10.714
GTAAGT	2707.0	1951.9	-10.712
TAGGCG	765.0	514.1	-10.520
CAGCTG	4704.0	4362.7	-10.513
GTATTA	2728.0	1969.4	-10.489
GTTGCT	3553.0	2852.4	-10.323
AATTGA	3475.0	2534.2	-10.190
GGCAGT	3027.0	2448.9	-10.078
TAGCTT	3235.0	2846.1	-10.053
AGGAAT	3581.0	3143.8	-9.917
ACCATA	2225.0	1597.5	-9.897
GCTGTA	2603.0	2062.5	-9.722
CCAGTC	2483.0	2427.6	-9.694
CATACT	2141.0	1536.4	-9.686
CTTTTA	7714.0	6764.2	-9.623
AAACCT	3231.0	2740.8	-9.609
GGCGGC	1456.0	1028.0	-9.581
TCAAAC	4323.0	3336.6	-9.530
TAAGAG	2939.0	2137.7	-9.519
TACCAA	1934.0	1602.6	-9.463
AGAGGA	4883.0	3608.3	-9.418
GCATTA	1968.0	1721.6	-9.349
AGAATA	3714.0	2835.1	-9.327
TATGTA	3843.0	2821.4	-9.295
GTGCTA	2441.0	1765.3	-9.210
TGTCGT	778.0	531.5	-8.949
GCCATT	5219.0	3870.3	-8.924
TATAGA	2798.0	2037.9	-8.912
AAACTA	3026.0	2210.5	-8.869
CAATCC	2598.0	1887.9	-8.840
ATTACG	498.0	382.7	-8.777
TATATT	7206.0	5388.3	-8.636
ATACTA	1937.0	1395.0	-8.540
GAATTA	3480.0	2556.2	-8.510
ACACAG	3321.0	3145.3	-8.482
ACGGTA	353.0	258.2	-8.424
GCTTTT	9112.0	7845.7	-8.240
CCGGAT	612.0	414.1	-8.228
GGATGA	2677.0	2179.8	-8.222
AGAAAT	6417.0	4794.7	-8.220
AGTATA	2752.0	2009.8	-8.215
GGTAAT	2222.0	1610.5	-8.153
GAAAGT	3472.0	2797.8	-8.103
ACCACA	5736.0	4277.1	-8.069
TCGTGA	1330.0	1274.8	-8.060
GTGACG	709.0	486.3	-8.028
AGTTGG	3466.0	2552.0	-7.999
TTTAAT	11119.0	8396.8	-7.980
GCTATC	1507.0	1077.3	-7.959
CGTAAG	499.0	350.1	-7.928
CAAACG	757.0	522.5	-7.871
CGAACT	1716.0	1467.9	-7.836
GATAGG	1896.0	1369.9	-7.835
GACACG	572.0	535.3	-7.769
ACTCCA	2785.0	3336.5	-7.763
GTCGTA	289.0	187.8	-7.763
CACCGT	1995.0	1444.6	-7.749
CGCGCT	348.0	377.0	-7.697
CGGCGC	566.0	590.5	-7.673
GCTCCT	2897.0	3368.9	-7.655
ATTAAA	5373.0	4103.8	-7.595
GAATGA	3014.0	2763.3	-7.589
CAGGAG	4792.0	5532.3	-7.530
AGCATA	2181.0	1587.4	-7.476
TGTGTT	8028.0	6312.6	-7.435
AAAAGG	4538.0	3374.5	-7.416
GTGCCT	4924.0	3674.7	-7.332
TGTTTG	9632.0	8202.9	-7.311
ATACTG	2565.0	1879.5	-7.236
AACTAT	2384.0	1742.4	-7.189
AAGGTG	3147.0	2563.6	-7.170
ATAGGT	2405.0	1760.1	-7.083
GTAAAA	3765.0	2791.7	-7.042
AACTCA	2773.0	2521.1	-7.011
GAAATT	4982.0	3719.8	-6.952
CCAAAA	4208.0	3129.9	-6.947
ACAGCG	681.0	606.3	-6.945
TGCTGT	5697.0	5046.1	-6.932
CGGGGA	884.0	787.6	-6.910
TGATTT	9128.0	7855.1	-6.870
ATCGAA	385.0	256.1	-6.720
GTATTT	11212.0	10367.5	-6.718
AAACTC	4449.0	3862.5	-6.711
GCCTAG	2716.0	2056.3	-6.685
ATGTCG	438.0	348.4	-6.557
AGGTGC	3482.0	3133.4	-6.496
AAACTT	5011.0	3749.4	-6.476
AACTTA	2624.0	1934.2	-6.277
GGACTC	2032.0	1750.7	-6.207
TTGTAT	9246.0	9030.9	-6.139
GATCCG	1430.0	1225.8	-6.135
AAGTTA	3093.0	2609.7	-6.132
CTAGTG	1707.0	1468.5	-6.050
CAAGGG	2309.0	1975.8	-6.039
TGCACC	3795.0	2933.2	-6.006
ACCGGG	613.0	491.4	-5.975
GGAATT	4078.0	3212.9	-5.972
AATCCG	423.0	288.0	-5.936
TTAATG	4288.0	3207.7	-5.931
TCATAG	3145.0	2336.6	-5.914
TAATAG	2708.0	2003.2	-5.913
CGTTCA	522.0	499.2	-5.907
CCGTCG	282.0	186.9	-5.878
CGGCAT	435.0	375.6	-5.864
GTATCG	286.0	189.4	-5.843
AGACTA	2115.0	1570.2	-5.809
TAGGAT	3148.0	2498.0	-5.793
GCAACA	2306.0	2087.7	-5.793
GTCGAC	204.0	175.3	-5.790
ACCGTG	1921.0	1408.8	-5.765
AGTAAA	3797.0	2835.8	-5.727
CATACC	1704.0	1244.3	-5.723
TCGTCC	617.0	510.3	-5.712
GATCTA	1344.0	1188.7	-5.694
CTAGGA	3200.0	2453.6	-5.692
GATACG	369.0	264.1	-5.681
CTGGAT	3408.0	3326.2	-5.670
ATCACT	2762.0	2730.5	-5.648
GAGGAA	5000.0	3756.6	-5.642
TTGATA	3384.0	2720.4	-5.602
TGCTCC	2443.0	2986.3	-5.592
GAATAT	3304.0	2487.8	-5.543
GAACCA	2548.0	1887.4	-5.493
ATTGTC	2530.0	2021.6	-5.488
GCGCTA	406.0	277.4	-5.436
TTATAT	6076.0	4614.8	-5.405
GAACGG	459.0	316.5	-5.397
ACTGTC	2583.0	1916.3	-5.328
GGACCA	2259.0	1669.2	-5.323
TCTGAC	2262.0	2393.7	-5.250
ACCGGA	358.0	257.8	-5.216
CACAAT	3663.0	2742.6	-5.187
GTAGTA	1865.0	1511.3	-5.165
CATGCC	6952.0	5431.0	-5.144
GCTCAT	3014.0	2770.6	-5.111
TGTTGG	6794.0	6035.7	-5.095
ACGTCA	498.0	432.7	-5.088
TACTTA	2757.0	2052.7	-5.056
CTACAG	5789.0	4517.9	-5.045
CTGCCC	4651.0	4360.9	-5.040
GACCCA	1714.0	1614.5	-4.980
CCTTCC	5817.0	5923.7	-4.960
TGGTAA	2895.0	2159.3	-4.954
CTTTGT	7331.0	6771.2	-4.947
TATAAC	1775.0	1308.5	-4.879
AAAATG	7210.0	5468.4	-4.879
CGAAAT	509.0	357.5	-4.831
CCAACT	2429.0	2135.9	-4.827
GTACTA	1265.0	922.9	-4.814
GACGTG	875.0	629.1	-4.807
CGCCTT	1522.0	1117.4	-4.778
TTAAAC	3523.0	2641.9	-4.766
CAAGGC	2262.0	2245.3	-4.755
AGAACG	640.0	454.9	-4.753
CCCTCA	2771.0	2901.6	-4.718
ATCTAG	1645.0	1486.5	-4.717
TACTGT	3567.0	2675.1	-4.715
AACGAG	583.0	412.0	-4.692
GTTACG	337.0	231.7	-4.677
GAGATT	4386.0	3539.1	-4.654
ACTGTG	5301.0	4008.9	-4.567
AGGTAT	2758.0	2061.0	-4.545
TGTTTA	5872.0	5293.9	-4.489
TACTCT	3260.0	2445.2	-4.480
CCTACT	1904.0	1781.2	-4.458
GCACAC	2129.0	2074.9	-4.437
TCGCCA	1373.0	1008.5	-4.434
GGAGTT	4811.0	4617.6	-4.434
AATGTA	3701.0	2783.6	-4.426
ATCTTT	7449.0	6155.5	-4.411
TGTACT	2877.0	2153.2	-4.410
AAAGGG	3064.0	2705.6	-4.398
TGGTCT	8037.0	7399.0	-4.390
TGTTAA	4144.0	3124.4	-4.358
AACTAA	2441.0	1821.5	-4.342
TGACCC	1922.0	1748.4	-4.337
CGCTAT	578.0	411.5	-4.284
TACGGG	461.0	324.8	-4.243
TACGGA	374.0	272.8	-4.231
TGAAAA	6515.0	4950.1	-4.184
ACCAGG	3019.0	2468.8	-4.164
AAACGG	776.0	560.1	-4.118
TTGATT	6014.0	5436.2	-4.102
GTTTAA	3986.0	3443.0	-4.098
AACGTG	766.0	695.3	-4.029
GAATAA	3123.0	2477.7	-3.997
AATATT	7017.0	5521.8	-3.968
GCCAAG	3044.0	2884.2	-3.968
GAAACG	846.0	615.4	-3.963
TTCTCG	1433.0	1058.6	-3.959
ACCTAA	1860.0	1472.0	-3.958
TACCGT	480.0	341.6	-3.946
GATAAC	1328.0	994.0	-3.938
CAACTC	2129.0	1970.7	-3.927
GATTGA	2157.0	1610.0	-3.907
AAAAAG	7224.0	5504.4	-3.899
ATAGTA	2388.0	1789.9	-3.797
GCAATA	1683.0	1457.9	-3.770
GAAAAT	5754.0	4375.6	-3.764
GTATAT	3444.0	2599.5	-3.739
CCTTGG	5715.0	4346.7	-3.730
GCACAG	3086.0	2666.0	-3.608
GCTTGG	2623.0	2689.4	-3.582
AACCAT	2532.0	1903.8	-3.515
GCCGAA	496.0	356.4	-3.501
TACGAG	335.0	236.3	-3.464
CAGTTC	3829.0	2901.0	-3.459
GAGTTG	2818.0	2332.8	-3.425
TAAAAG	4596.0	3491.0	-3.423
GATGAC	1865.0	1395.6	-3.407
CACCGA	526.0	452.1	-3.395
TACGAC	197.0	178.5	-3.394
GTTCTT	4807.0	4323.9	-3.392
TTAATA	4890.0	3719.6	-3.376
CGACGA	156.0	105.2	-3.369
ATGTAA	3482.0	2636.3	-3.355
ACCTAG	1991.0	1547.9	-3.333
TCGGGT	660.0	562.2	-3.284
TTATAA	4637.0	3816.1	-3.276
TAATGT	3893.0	2954.4	-3.266
TGTGAG	5994.0	4574.0	-3.261
TGTTCT	5586.0	5119.8	-3.254
ATTGGC	2223.0	1861.5	-3.229
AGATTA	3377.0	2696.0	-3.213
ACTACT	1838.0	1377.0	-3.209
AATTAA	4755.0	3619.4	-3.203
TAAAGG	2967.0	2349.5	-3.193
TAACAG	2513.0	1994.7	-3.181
TGTAGA	4486.0	3412.1	-3.181
GTCACA	2219.0	1905.2	-3.173
GGAACG	600.0	436.6	-3.166
AGAGAG	6039.0	4674.4	-3.162
CTCGCC	1295.0	965.0	-3.146
ATGGCG	1386.0	1033.7	-3.140
CGTGCG	380.0	287.9	-3.120
ACCTTA	2157.0	1683.4	-3.094
GGAAAA	5610.0	4282.6	-3.080
ACTACG	457.0	329.1	-3.063
GGGACG	720.0	528.2	-3.045
TGGGTC	2122.0	2154.9	-3.044
GGATCT	2689.0	2033.7	-3.042
ATATAA	3839.0	2918.3	-3.019
GTCGGA	383.0	274.1	-2.999
AAAGGT	3242.0	2459.8	-2.990
TAGTTT	6122.0	6199.3	-2.978
AATCAT	3495.0	2654.1	-2.966
AACAGG	2744.0	2243.2	-2.961
CTTCTG	7076.0	5419.0	-2.953
TTACGT	666.0	488.9	-2.953
AAGAAT	4595.0	3503.0	-2.917
ATCGTA	402.0	289.4	-2.892
CACGCG	311.0	312.7	-2.885
GGTTGG	3271.0	2484.3	-2.873
AGATAA	3541.0	2692.4	-2.870
AGCGTT	698.0	615.9	-2.860
GGTGTA	1844.0	1484.3	-2.836
GAAATA	4455.0	3397.1	-2.828
GGCAAC	1699.0	1684.4	-2.826
GAGGTA	2163.0	1633.2	-2.802
GTAAGA	2312.0	1810.6	-2.794
TACGAA	356.0	256.9	-2.788
TCCAGT	3504.0	3331.6	-2.787
CAAGCC	2692.0	2227.7	-2.765
AAGTCT	3585.0	3136.1	-2.765
ATGAAA	5085.0	3885.9	-2.762
ACCTGA	2643.0	2308.1	-2.735
GGGATA	1518.0	1293.1	-2.734
AAAACT	4839.0	3697.7	-2.720
GGTAAA	2420.0	1833.6	-2.667
CTACGG	372.0	269.2	-2.651
CCGATC	341.0	246.9	-2.613
GATATA	1959.0	1610.6	-2.606
ATACGG	338.0	244.6	-2.578
TTACTT	5893.0	4516.8	-2.574
TCAGGT	5275.0	4071.3	-2.573
GTAATA	2232.0	1691.6	-2.556
AGGAAA	6376.0	4890.0	-2.548
CAACTT	3631.0	2786.6	-2.545
TAGAGG	2827.0	2150.5	-2.511
AATTGT	4003.0	3057.9	-2.498
GTGTTA	2674.0	2563.7	-2.467
AATGGA	3560.0	2799.8	-2.429
TTATGT	4785.0	3907.6	-2.425
CGCCGT	363.0	264.5	-2.418
ATAAGA	2501.0	2139.2	-2.396
TAACTT	4217.0	3226.4	-2.391
CACTTC	3112.0	2837.2	-2.355
TCTTTG	6533.0	6730.5	-2.348
AACCGT	429.0	314.6	-2.310
GCGACG	214.0	177.5	-2.308
AACAGT	3186.0	2541.3	-2.305
TAAGCA	2714.0	2184.7	-2.294
GCAAGA	2699.0	2338.9	-2.276
GTTACC	1764.0	1336.4	-2.275
GTTAAC	1508.0	1140.9	-2.257
TCCTAG	2889.0	2512.6	-2.254
ACCGTT	506.0	374.6	-2.244
CTATGG	1545.0	1169.4	-2.239
TCCCCA	4497.0	4272.3	-2.222
GTCATA	1773.0	1344.4	-2.216
TTGACA	3241.0	2477.0	-2.208
CGGATC	375.0	400.3	-2.190
CGTAAA	447.0	329.0	-2.160
ATAGCG	287.0	296.9	-2.160
ATCATG	3616.0	2768.2	-2.156
GATTGT	2714.0	2169.2	-2.154
TTTCGC	1734.0	1316.6	-2.148
TCGGTT	702.0	613.8	-2.129
CATGCG	743.0	738.2	-2.129
TCTGAG	4281.0	4130.7	-2.128
TTGCTG	5825.0	5097.2	-2.111
TGACAG	3410.0	2975.4	-2.109
AATGAA	4994.0	3836.3	-2.099
CCGTAC	260.0	189.6	-2.073
CGGTGT	622.0	574.1	-2.047
TGCTAC	1809.0	1512.0	-2.040
CGAGGC	1036.0	1008.3	-2.036
GACAAA	2892.0	2212.7	-2.027
TATAGC	1701.0	1441.3	-2.006
TCTTAA	4421.0	3395.7	-1.994
TCGTCG	170.0	122.5	-1.982
GAAATG	4847.0	3726.4	-1.973
AATGGC	3837.0	3085.9	-1.968
TAGAAT	3650.0	2799.8	-1.965
ATACCG	292.0	214.0	-1.963
TGTGGC	3625.0	3248.0	-1.941
GTTATA	2113.0	1612.4	-1.933
ATATCG	322.0	237.6	-1.929
GCGGTC	500.0	402.2	-1.923
GGTATA	1683.0	1281.3	-1.912
CACTGA	3126.0	2864.7	-1.909
CGTCGT	168.0	121.7	-1.900
AATTAT	5229.0	4081.3	-1.890
TACCAC	2257.0	1725.5	-1.862
CGCCGA	317.0	234.9	-1.837
TCGTAA	389.0	288.7	-1.836
CGTGAA	880.0	664.2	-1.821
TCGTAC	264.0	194.9	-1.814
GTATAG	1706.0	1300.2	-1.812
GGCATA	1800.0	1377.7	-1.797
AATAGA	3295.0	2530.5	-1.795
GTGTTT	7439.0	6317.5	-1.787
TATGGT	2436.0	1866.8	-1.762
CAACAT	2682.0	2733.8	-1.725
ACGGCT	718.0	542.6	-1.688
AGTAAG	2506.0	1922.0	-1.679
ACGAAA	502.0	378.0	-1.677
ATAGAA	3367.0	2595.1	-1.663
CGTACT	302.0	270.5	-1.661
TAATGA	3327.0	2559.1	-1.660
TTTGTA	12774.0	11550.0	-1.650
GTAGAA	2941.0	2260.8	-1.630
CCTGGA	4459.0	4108.2	-1.621
ATTTAT	11100.0	9932.0	-1.616
AACGGG	510.0	385.0	-1.605
TATTAA	4239.0	3268.7	-1.604
GCGTCG	209.0	154.5	-1.600
CGCCAA	519.0	391.5	-1.597
GATCCA	3614.0	2784.1	-1.589
TATTTA	10642.0	9267.3	-1.579
GCTTAA	2299.0	1824.6	-1.574
AGACGT	776.0	589.6	-1.542
CGATGA	449.0	339.0	-1.541
GTATGC	1291.0	986.7	-1.539
TTCGAA	549.0	414.3	-1.538
AATCCT	4119.0	3177.3	-1.532
ACTGGT	2464.0	1975.5	-1.523
TCACGT	726.0	782.5	-1.520
GATCGG	364.0	273.9	-1.511
AATACT	3024.0	2329.3	-1.497
CCATAC	1481.0	1134.3	-1.482
AGTATT	4380.0	3382.5	-1.479
TATCGC	383.0	308.1	-1.473
GGAGAA	4586.0	4060.4	-1.453
ATGGGA	2943.0	2635.8	-1.449
CGGCTG	1086.0	944.0	-1.446
ATTGAA	3692.0	2851.0	-1.424
TCTGTT	10596.0	8511.4	-1.414
AAAAGT	5273.0	4214.1	-1.409
AACAGA	3963.0	3182.9	-1.378
TACGTA	475.0	360.5	-1.377
TTAACA	3644.0	2814.1	-1.375
CGTGCT	817.0	745.2	-1.373
GCGGTA	320.0	261.5	-1.370
ATGTGA	3701.0	2895.7	-1.370
AGTTAA	3184.0	2458.8	-1.366
GACTAA	1534.0	1178.2	-1.362
TTCAGG	4398.0	3800.9	-1.361
CTATAG	1939.0	1492.7	-1.360
GATGGG	4102.0	4170.4	-1.357
TAAAAC	3626.0	2801.3	-1.341
AGATAC	2113.0	1628.6	-1.327
TCGACT	540.0	410.4	-1.325
TAGGAC	1626.0	1250.5	-1.311
TCGAAT	479.0	364.4	-1.309
CTAGGT	2003.0	1764.8	-1.301
AATATA	4338.0	3358.0	-1.289
TCTACC	2243.0	1951.9	-1.277
TGAGTG	3548.0	3151.1	-1.270
AACTCC	7370.0	5716.9	-1.262
ACGACA	373.0	283.2	-1.243
TGCCAA	2922.0	2462.8	-1.230
GTATAC	1362.0	1048.2	-1.227
CCGCAC	890.0	683.9	-1.213
GCATTG	2271.0	1896.1	-1.209
GAAGGT	2667.0	2062.2	-1.206
CAACTA	1497.0	1153.3	-1.203
ACAAGG	2673.0	2066.9	-1.203
TTGTAC	2469.0	1908.1	-1.199
ACAAGA	2833.0	2192.0	-1.194
ATTGTA	3514.0	2722.9	-1.170
TTACGA	373.0	284.5	-1.164
ACCAAA	2885.0	2232.3	-1.162
ACAGTT	3914.0	3033.9	-1.162
GTAATG	2231.0	1725.6	-1.144
TGCCAT	4904.0	3805.7	-1.134
TGAGCA	3239.0	3118.7	-1.131
ATATAC	2364.0	1829.3	-1.123
ATGAAC	2259.0	1836.5	-1.114
AAAGAT	4448.0	3452.1	-1.084
TTAACT	3874.0	3006.3	-1.077
CGTCAT	557.0	427.8	-1.075
GTATCT	2672.0	2318.7	-1.075
CGTAAC	273.0	208.5	-1.073
CCGCCA	1617.0	1705.3	-1.073
CGTCGG	212.0	161.8	-1.071
ACCAGA	2443.0	1892.7	-1.067
TCTAGG	2214.0	2057.7	-1.066
CTTAAA	4266.0	3313.5	-1.036
GACCAC	2058.0	1594.7	-1.032
TCGTCA	529.0	407.8	-1.021
AGGTAC	1520.0	1177.4	-1.013
CTTACC	1839.0	1424.7	-1.010
TGACCG	513.0	395.9	-0.998
ATACCA	2157.0	1672.1	-0.994
GGGCTG	3797.0	3540.8	-0.979
ATACGA	314.0	241.3	-0.970
TATGGA	2413.0	1873.0	-0.968
GCGAGC	631.0	545.1	-0.953
AAACGT	833.0	644.9	-0.952
CAGCAA	3268.0	2972.5	-0.942
GGACCG	444.0	343.1	-0.907
CGGTAG	409.0	315.7	-0.896
CATATA	2813.0	2189.0	-0.886
ATAACA	2498.0	1943.8	-0.882
GTACCG	245.0	216.2	-0.878
CGTTCG	155.0	119.5	-0.876
GGAAAT	3955.0	3079.5	-0.867
ACGGAT	329.0	335.2	-0.866
GAAACC	2343.0	2465.4	-0.865
GCTGAC	1887.0	1626.9	-0.861
ACGGGT	490.0	380.8	-0.837
AACGGC	372.0	288.8	-0.836
CGTACC	318.0	254.5	-0.834
GTCGAA	289.0	224.5	-0.800
AGAACA	3596.0	2945.9	-0.800
CAGGGG	2529.0	2509.7	-0.796
AATCGT	457.0	387.6	-0.791
CGTACA	317.0	246.1	-0.787
GAGCTA	1940.0	1512.1	-0.785
ACGACG	146.0	113.0	-0.782
TCCGAG	888.0	721.7	-0.776
CCCGAT	432.0	336.1	-0.775
ATAGGG	1794.0	1399.0	-0.770
TAAATT	6720.0	5242.5	-0.769
TGACGA	379.0	328.5	-0.757
TCGTAG	507.0	396.0	-0.748
TAAGAT	2847.0	2221.7	-0.748
CATCCG	590.0	459.1	-0.746
CTTAAT	3381.0	2638.1	-0.746
ATGTAT	4262.0	3325.8	-0.744
CGAGGA	863.0	673.5	-0.733
GCCATA	1507.0	1176.7	-0.729
ATAGAC	1447.0	1130.0	-0.727
TTGTCC	3535.0	2759.3	-0.723
TAGTGT	2671.0	2085.9	-0.712
CGAGTT	824.0	643.0	-0.709
ACCATT	3593.0	2806.0	-0.704
TTCGGC	683.0	533.7	-0.696
CAGGCC	3622.0	3324.0	-0.696
TGTATT	10475.0	9640.1	-0.674
CTTACG	423.0	330.6	-0.672
AGCTTG	2568.0	2581.9	-0.669
CGTACG	79.0	62.9	-0.655
GTTTAT	4628.0	4296.8	-0.650
TAAAAT	7792.0	6090.8	-0.648
GTCTAG	1525.0	1322.8	-0.646
GTGGTC	2188.0	1881.7	-0.640
AGTCGG	570.0	446.9	-0.635
ACTCTC	2206.0	2353.9	-0.632
AATACG	450.0	353.9	-0.630
TAACTA	1879.0	1471.5	-0.620
GTCATG	2278.0	1798.8	-0.612
CGAATT	535.0	420.1	-0.610
AGCGGA	588.0	461.2	-0.599
CGTTGG	663.0	520.6	-0.597
TTAACC	2196.0	1720.8	-0.596
TGACGG	570.0	447.9	-0.595
TTACCC	2254.0	1765.6	-0.592
CCGTCA	566.0	444.9	-0.590
TTTAAC	4501.0	3523.3	-0.584
GAACAG	2826.0	2214.9	-0.583
CGTCAC	604.0	474.4	-0.581
GCGGAA	494.0	389.1	-0.565
AGCGTG	910.0	715.6	-0.561
CCCGTG	855.0	672.8	-0.558
TCTTAT	3683.0	3441.7	-0.555
AGTTGT	3462.0	2984.7	-0.552
ATAGTC	1555.0	1221.9	-0.548
AACTTG	3033.0	2377.9	-0.547
TGCGCC	1756.0	1404.9	-0.541
AACATT	4859.0	3807.9	-0.540
TGTCGG	554.0	436.9	-0.538
TGTTTC	6324.0	6185.2	-0.528
TTTGAC	3889.0	3049.4	-0.524
ACGGGA	631.0	498.8	-0.517
CCATAG	1699.0	1335.1	-0.514
TCGAAG	477.0	378.0	-0.513
TTAAGT	4327.0	3632.0	-0.502
CTCTCA	4351.0	3981.1	-0.499
ATGGAA	3990.0	3130.5	-0.498
GGACGG	653.0	516.7	-0.494
AGAATT	5333.0	4182.5	-0.491
TAGTAA	2581.0	2028.9	-0.487
GACATA	1633.0	1318.2	-0.485
GTAACA	1868.0	1469.1	-0.485
AAGGCT	2885.0	2641.5	-0.475
CGCAAA	468.0	371.6	-0.473
AAAGAC	3070.0	2412.6	-0.473
ACTAAT	2299.0	1807.4	-0.473
CGTTGC	657.0	520.2	-0.467
TGGAGG	4289.0	3948.9	-0.466
GCCGTC	507.0	402.3	-0.462
ATGATA	2547.0	2011.6	-0.455
AATGGT	3513.0	2760.9	-0.450
TAGTCT	2727.0	2330.9	-0.447
GATGCG	496.0	394.1	-0.440
CGGAAG	757.0	600.3	-0.434
TAGAAC	1953.0	1538.8	-0.433
CGTATC	298.0	238.4	-0.428
GGCCGT	603.0	479.9	-0.424
ACCGTC	442.0	352.9	-0.422
TTGTGT	6260.0	5196.4	-0.419
GGTTGA	2053.0	1666.0	-0.419
TGCCCG	2435.0	1918.8	-0.418
ACGGGC	557.0	442.1	-0.417
GACTTA	1793.0	1414.1	-0.410
AGTCGA	353.0	282.6	-0.406
ATCGTG	694.0	640.7	-0.401
TCGCTA	464.0	370.1	-0.400
CTATCG	340.0	272.7	-0.396
TTCACG	1709.0	1373.6	-0.395
CCAGAC	2954.0	2327.2	-0.391
ACAACT	2047.0	1616.9	-0.388
GTGCAT	2471.0	2334.0	-0.387
TATCGA	255.0	205.2	-0.385
CGATGC	321.0	346.6	-0.381
ACTTAC	1883.0	1487.9	-0.379
AAACAT	4510.0	3549.3	-0.378
CGGATA	256.0	206.3	-0.377
TAACAT	3087.0	2433.8	-0.374
CGCGTT	179.0	206.6	-0.372
CAACCC	1719.0	1546.1	-0.372
CGACGG	194.0	157.5	-0.367
AATACA	3515.0	3304.2	-0.366
ACGGCG	244.0	250.4	-0.366
ATCGAT	398.0	318.9	-0.364
GTAAAG	2468.0	1948.1	-0.363
CGGACA	384.0	307.1	-0.362
CATAAC	1349.0	1069.5	-0.359
CGTCGA	106.0	87.3	-0.357
GTACGT	404.0	323.5	-0.356
CCGTGT	1356.0	1225.9	-0.356
GCCTGG	8496.0	7709.1	-0.354
TTTTCA	11540.0	10197.0	-0.353
GCATAT	2228.0	1760.3	-0.351
GCTCCG	1758.0	1391.6	-0.350
ATGTAC	1907.0	1508.2	-0.350
CCAGTA	2570.0	2030.0	-0.349
TGTACC	2008.0	1588.2	-0.347
TAGACT	1949.0	1557.9	-0.342
GGAACC	1613.0	1402.9	-0.341
AATGTT	5556.0	4373.2	-0.341
ACCCGG	1342.0	1272.0	-0.339
GTACAT	2114.0	1672.4	-0.332
GTTAGA	2019.0	1597.8	-0.331
CTGTTA	3373.0	2661.3	-0.330
GACATG	2385.0	1885.6	-0.330
CGAAGG	539.0	431.2	-0.328
GTTCGT	505.0	405.8	-0.325
TGTCTT	6865.0	6309.7	-0.318
AGACAC	2287.0	2160.1	-0.314
GCATAC	1153.0	917.7	-0.309
TCGACG	95.0	79.0	-0.308
ACATAC	1889.0	1497.5	-0.303
TGAACT	5280.0	4161.0	-0.301
ACAGAC	2624.0	2075.1	-0.300
CGGTAT	320.0	259.4	-0.300
GGCCGG	1581.0	1264.2	-0.298
TATGAA	3511.0	2774.0	-0.296
GTATAA	2247.0	1780.6	-0.287
TATTGC	2768.0	2299.5	-0.287
CATTAA	2932.0	2320.0	-0.285
CCGAAC	293.0	238.5	-0.285
AACTCG	477.0	465.6	-0.285
AGGCAC	3514.0	3318.2	-0.284
CAGGGA	3418.0	3408.6	-0.281
CCTGCT	4568.0	4488.1	-0.280
TAAATA	5566.0	4496.4	-0.273
TTATAC	2307.0	1829.3	-0.272
TTAGAA	4499.0	3553.6	-0.263
CATCGA	391.0	316.9	-0.263
AACTGT	3158.0	2499.2	-0.261
ATCGTT	539.0	434.5	-0.258
CGGAAA	602.0	485.3	-0.257
ACTAGA	1828.0	1453.2	-0.251
GTCGAT	239.0	196.4	-0.251
GTTGAG	2507.0	2317.8	-0.250
TCGAAA	429.0	348.4	-0.245
CCATGC	5534.0	4368.9	-0.244
CCCCGA	796.0	639.6	-0.241
CTATAC	1174.0	938.0	-0.241
CGTTAC	296.0	243.0	-0.239
TAGACG	431.0	350.9	-0.235
ATCGGG	376.0	306.0	-0.235
ACTTCG	574.0	464.0	-0.233
TATACC	1559.0	1243.0	-0.233
TCTCGA	2623.0	2438.6	-0.233
CGGCCG	716.0	576.1	-0.231
ACTCGG	557.0	698.0	-0.228
GAACGT	516.0	419.0	-0.228
GCTAAA	2173.0	1728.0	-0.226
TAATCT	3287.0	2605.5	-0.224
GCGCTG	827.0	811.9	-0.223
CTGAAA	4785.0	3948.6	-0.223
TAGGTA	2098.0	1669.4	-0.221
GTTAAT	2893.0	2296.7	-0.219
CGACGT	147.0	123.5	-0.219
ACCTTG	3984.0	3155.7	-0.218
ATCCGT	460.0	374.7	-0.216
CGAAAA	529.0	429.7	-0.215
GACCGT	393.0	320.1	-0.208
CGTAAT	469.0	400.1	-0.207
ACATCG	408.0	332.3	-0.207
TAATTT	17648.0	13950.4	-0.203
TCGATC	875.0	825.6	-0.199
TATCTT	4905.0	4108.5	-0.197
TATATG	3216.0	2553.8	-0.197
TTATTC	4291.0	4101.8	-0.195
TAATAT	4236.0	3357.8	-0.192
TACGCC	382.0	312.9	-0.191
ATTAAC	2081.0	1660.7	-0.188
GTAAAC	1682.0	1345.8	-0.187
ACAAAG	3617.0	2871.4	-0.186
AAGATT	4062.0	3222.0	-0.186
ACAGAT	3628.0	2879.6	-0.185
GCGGCA	678.0	549.7	-0.181
CGAATC	275.0	279.5	-0.180
AACTAC	1686.0	1349.5	-0.180
TCGCGT	153.0	179.6	-0.179
AGCTAT	2634.0	2097.2	-0.179
TAATTG	3367.0	2675.2	-0.177
ATATGA	2851.0	2269.1	-0.177
CGGGGG	989.0	797.4	-0.176
CATGTA	2769.0	2204.6	-0.175
GGTCGT	402.0	329.9	-0.173
TAAACC	1895.0	1515.7	-0.172
GAACTC	5378.0	4259.1	-0.172
AAGGAT	3065.0	2439.7	-0.166
TACGTT	669.0	543.1	-0.165
ATTGAC	1773.0	1419.3	-0.163
TAGAAG	3118.0	2482.6	-0.161
AGCTTA	2436.0	1944.8	-0.160
AAAACG	810.0	656.2	-0.158
AAAGTC	2877.0	2610.4	-0.157
AACTTT	6694.0	5299.8	-0.151
GCAGAC	1638.0	1579.1	-0.151
AGATGT	3626.0	2883.4	-0.151
TTCGAT	450.0	370.5	-0.147
GGAACA	2485.0	1984.5	-0.147
GGGGGG	1966.0	1574.5	-0.145
TACAGA	4055.0	3223.8	-0.143
TACGTC	293.0	244.4	-0.142
CAGTTA	2767.0	2208.9	-0.138
TGTATA	3956.0	3146.4	-0.138
CCATTC	4725.0	3753.9	-0.133
TTGCCG	677.0	553.0	-0.133
ATCGGA	286.0	239.3	-0.130
ATGTTA	3631.0	2892.4	-0.129
AATAAC	2303.0	1843.0	-0.128
AGGATG	3667.0	3633.9	-0.127
ATCATC	1939.0	1715.1	-0.125
ACTGAT	2467.0	2175.7	-0.124
CGTAGG	340.0	283.8	-0.124
GAGATC	2287.0	2374.3	-0.122
GATGAT	3097.0	2472.3	-0.122
TGAACA	3187.0	2543.9	-0.121
CGACCA	341.0	284.2	-0.121
TACCTT	3224.0	2573.4	-0.119
GATAAA	2952.0	2359.7	-0.114
TTATTA	7025.0	6049.3	-0.113
CGGGAC	550.0	452.6	-0.113
GTCCGC	469.0	388.4	-0.111
AGTGAG	3977.0	4300.4	-0.111
CGATTG	376.0	313.3	-0.110
TGGGCC	2621.0	2564.9	-0.108
TGACGC	450.0	373.0	-0.108
CATCGT	625.0	514.5	-0.104
TGACGT	605.0	498.0	-0.104
GTGTGC	3537.0	2973.2	-0.102
CATAAT	2707.0	2168.2	-0.102
GATGTA	1946.0	1565.0	-0.101
ATCCGG	412.0	343.3	-0.101
ACGTCG	133.0	116.7	-0.100
AACGCA	438.0	364.9	-0.100
GTAGTC	1425.0	1347.0	-0.099
AATTGG	2642.0	2117.8	-0.098
CTGCGC	1399.0	1132.5	-0.098
CGGTAC	207.0	177.3	-0.096
TAGGCA	2755.0	2207.7	-0.094
TAGAAA	4910.0	3910.1	-0.094
AAATAT	7050.0	5597.4	-0.094
TGAACG	518.0	429.2	-0.094
GACGGT	508.0	421.9	-0.093
CGATTT	1119.0	910.7	-0.093
ATACCT	2370.0	1903.2	-0.092
TACTAT	2346.0	1885.8	-0.091
ATAACC	1369.0	1109.7	-0.091
ATTTGT	6769.0	6391.3	-0.091
GGATAC	1142.0	928.2	-0.090
GGACAG	2761.0	2214.6	-0.089
CGTATA	349.0	293.9	-0.089
TAACGG	249.0	212.1	-0.086
CCGTAT	414.0	347.0	-0.086
CGCGAC	178.0	154.8	-0.084
TAGAGC	1795.0	1449.5	-0.083
CACGTG	1134.0	1188.7	-0.082
AAATGT	6218.0	4947.1	-0.081
CAATCA	2474.0	1988.6	-0.080
TATAGT	2767.0	2221.6	-0.080
ACCCGA	418.0	397.9	-0.080
TTCCCG	1340.0	1088.3	-0.080
TGCTTC	4545.0	3955.7	-0.078
GTAGGA	1920.0	1551.0	-0.077
GCTACG	302.0	256.9	-0.076
ATAATG	3066.0	2459.5	-0.076
TAACAA	2465.0	1983.5	-0.075
GTCTGG	3389.0	2875.4	-0.074
TACCCA	2666.0	2143.9	-0.073
AAGTTG	3245.0	2801.4	-0.072
GCATCG	379.0	319.6	-0.072
TGGTCG	439.0	368.4	-0.070
CGGTCA	413.0	348.0	-0.069
TCCGTA	387.0	325.8	-0.069
TAAACA	3579.0	2868.7	-0.068
CCTAAA	2711.0	2180.3	-0.066
ATCGAC	214.0	186.0	-0.066
TTTGTC	5996.0	5587.7	-0.066
GGATAA	1874.0	1702.7	-0.066
AGATAT	2960.0	2704.1	-0.065
TTGGCC	7711.0	6131.3	-0.064
ACGGAC	298.0	255.0	-0.064
AGCTAA	4261.0	3757.6	-0.062
TGAAAT	5988.0	4816.8	-0.062
AGGAAG	5826.0	4646.3	-0.061
CGTGAC	602.0	501.7	-0.061
TCATAC	1621.0	1316.5	-0.061
CCCGGA	915.0	753.2	-0.060
GCGTTG	482.0	404.6	-0.060
GACGCA	430.0	362.3	-0.060
ATAGAT	2597.0	2092.5	-0.060
TCAGTA	3158.0	2537.6	-0.059
TCGGTA	312.0	266.5	-0.059
CTGTGA	3931.0	4066.9	-0.058
ATAATT	5557.0	4435.5	-0.058
AGAACT	3337.0	2680.4	-0.057
CCGTTA	286.0	245.1	-0.057
TCGATA	242.0	209.4	-0.056
CCATCT	5418.0	4326.6	-0.056
GGGAAT	2416.0	2158.1	-0.055
ACGTCT	633.0	527.8	-0.055
TCATCG	524.0	439.9	-0.054
CGGGAG	1239.0	1442.5	-0.054
TATCCT	2730.0	2517.3	-0.053
AACATA	2869.0	2311.8	-0.053
CCGTAA	388.0	328.6	-0.052
GAGCGT	526.0	441.2	-0.051
TATACG	301.0	258.0	-0.051
CAGTCC	2742.0	2211.3	-0.051
TGATAA	2888.0	2326.4	-0.051
CTGTAT	3566.0	2864.1	-0.049
CTGTAC	2041.0	1655.1	-0.047
ACAGAA	4514.0	3616.3	-0.047
GCGAGA	753.0	738.3	-0.047
CCCAAT	1668.0	1623.2	-0.046
ATTAAG	2580.0	2084.7	-0.046
CTAAAT	2912.0	2347.9	-0.046
CGAGAG	762.0	632.6	-0.046
TAACCA	1944.0	1577.3	-0.046
CAGTAC	1627.0	1325.2	-0.046
TCCTGT	5350.0	4614.7	-0.046
TAAACT	3346.0	2692.8	-0.045
ATTCTG	4675.0	4701.4	-0.045
GAGGCT	3444.0	4098.1	-0.044
TAGATA	2517.0	2035.6	-0.043
TATTGG	2614.0	2387.1	-0.043
GAACAT	2589.0	2092.0	-0.042
ATTAAT	4043.0	3247.5	-0.041
GGGTCG	478.0	404.4	-0.041
TAATAC	2055.0	1668.2	-0.040
CGCCAG	1114.0	917.8	-0.040
CGTTAA	388.0	330.4	-0.040
GGTTAT	2081.0	1690.1	-0.040
ATTGGA	2571.0	2080.3	-0.039
AGGCCG	1320.0	1224.0	-0.039
ACCGGT	289.0	251.0	-0.039
TATCGT	395.0	337.2	-0.038
ACGAGG	773.0	643.0	-0.037
ACAGGA	3504.0	2821.7	-0.037
GTCGGT	363.0	311.6	-0.037
GGCAAT	1896.0	1544.6	-0.036
GACCAA	1680.0	1371.2	-0.036
GTTCGC	331.0	285.0	-0.036
AACCTG	2636.0	2439.9	-0.035
ACATCC	1815.0	1734.2	-0.035
TGTACG	348.0	299.3	-0.035
TAAACG	480.0	408.0	-0.035
TTGACG	443.0	378.0	-0.034
CTCGGG	1072.0	1074.4	-0.034
TTGTAG	5136.0	4117.5	-0.034
GTACGC	196.0	174.5	-0.033
CAAAAT	4992.0	4004.6	-0.032
GTTCTA	1955.0	1825.7	-0.032
TTACTC	2882.0	2330.5	-0.032
AGAAAC	4043.0	3253.7	-0.031
TAACCG	251.0	220.1	-0.031
ACTTGT	2981.0	2410.8	-0.031
ACTAGT	1382.0	1135.4	-0.030
CCTGTC	4415.0	3549.2	-0.030
TGATGA	3886.0	3129.1	-0.030
CGGCTT	1097.0	934.9	-0.029
GTTTCG	1706.0	1395.8	-0.029
AAATGG	4413.0	3547.5	-0.029
TTTACG	580.0	490.2	-0.029
ATGCCA	3729.0	3006.7	-0.028
CAATTA	2104.0	2108.7	-0.028
TCGATG	369.0	318.2	-0.027
GACTCG	431.0	369.8	-0.027
AGTTAT	2984.0	2605.5	-0.026
GCTATG	2048.0	1670.4	-0.026
GGATCG	416.0	357.8	-0.026
GTTATG	1894.0	1548.8	-0.025
CGCACC	1122.0	929.1	-0.025
TATTAC	2375.0	1932.9	-0.024
AGACTT	3344.0	2940.4	-0.024
CTAAGA	2169.0	1768.9	-0.023
AGGGTA	1706.0	1526.7	-0.023
ATTCGA	355.0	308.4	-0.022
TACATA	2922.0	2370.9	-0.021
CGACAA	270.0	238.3	-0.021
CGACCG	161.0	147.6	-0.020
GACCAG	2492.0	2453.6	-0.020
TATGAT	2944.0	2389.7	-0.020
AATAGT	2865.0	2326.2	-0.019
GAGAGT	2695.0	2301.3	-0.019
ATACGC	243.0	216.4	-0.019
TAGTCG	267.0	236.3	-0.019
GTTGAC	1517.0	1276.5	-0.019
CGATGG	539.0	459.9	-0.019
TTGAGG	4613.0	3716.2	-0.019
CGTGTA	522.0	446.2	-0.019
TTCGTA	583.0	496.9	-0.019
TTCGCT	1264.0	1046.6	-0.018
ATCAGT	2844.0	2310.4	-0.018
TAAGGT	2080.0	1701.5	-0.018
TCCAAA	3781.0	3320.8	-0.018
CCGGAC	452.0	389.8	-0.018
CCGATA	233.0	208.5	-0.018
GTTGTC	2464.0	2008.4	-0.018
ATTGAG	2935.0	2488.0	-0.018
GTAGAC	1231.0	1021.9	-0.017
GGTGGT	3466.0	2807.2	-0.017
ACGCTA	272.0	241.0	-0.016
AGCTGC	3034.0	3036.3	-0.016
CTATTT	6289.0	5454.4	-0.016
CAGACG	810.0	682.3	-0.016
ATACGT	519.0	445.5	-0.015
CGTCAA	298.0	263.5	-0.015
GGTAAC	1233.0	1024.1	-0.015
CTTAAC	2004.0	1643.3	-0.015
TGAAAG	4148.0	3353.6	-0.014
CGATAA	271.0	241.8	-0.014
ATCGCC	546.0	467.1	-0.014
GGTAGA	2506.0	2045.5	-0.014
GCGAAC	254.0	227.9	-0.014
TCAATG	1720.0	1884.6	-0.014
GCGAAT	303.0	268.4	-0.013
ACTCTT	4609.0	3721.0	-0.013
TTCGCG	174.0	160.5	-0.013
GAACTT	3175.0	2580.1	-0.013
CGCTAA	274.0	244.7	-0.013
GTAGGG	1612.0	1331.2	-0.013
ACTACC	1229.0	1023.9	-0.012
GTGTAA	2396.0	1959.4	-0.012
GCGTAT	312.0	276.9	-0.012
TAAGGA	2702.0	2204.8	-0.012
AATAGG	2019.0	1765.3	-0.012
TTGGAC	2088.0	1713.2	-0.012
TCGGGC	576.0	494.0	-0.011
TAGTAT	2663.0	2174.7	-0.011
ATACAT	3221.0	2620.6	-0.011
ATTATG	3222.0	2621.5	-0.011
ATAGGA	2188.0	1795.4	-0.010
ATGGAC	1553.0	1286.9	-0.010
AGGGTG	2956.0	2503.3	-0.010
GTAGAG	6861.0	6592.8	-0.010
TAACGA	275.0	294.9	-0.010
GCGCCA	1539.0	1275.3	-0.010
TGTCGA	390.0	342.3	-0.010
TAGTAC	1348.0	1122.9	-0.010
GCCATG	3638.0	2955.8	-0.009
GCCAGG	6617.0	6920.7	-0.009
TCCGCT	945.0	796.3	-0.009
CATATT	4054.0	3287.1	-0.009
AGCGCG	375.0	331.0	-0.009
AGGCAA	3112.0	2537.9	-0.009
TATAAT	4029.0	3268.8	-0.009
AATATG	3298.0	2686.1	-0.008
CTTCCT	6911.0	7847.0	-0.008
TACGCT	307.0	274.6	-0.008
GCCCGT	596.0	513.7	-0.008
ATAAAC	2584.0	2117.5	-0.008
GATAGC	1155.0	968.6	-0.008
CGTAGA	417.0	366.1	-0.008
CATCGC	510.0	443.3	-0.007
CAACGG	330.0	294.0	-0.007
ATGACA	2561.0	2161.8	-0.007
ATAAAG	3495.0	2876.5	-0.007
TGTCAT	4087.0	3320.5	-0.006
GTTTGA	3787.0	3732.1	-0.006
ATATGT	3829.0	3114.7	-0.006
TTCCGG	801.0	683.1	-0.006
GGGACC	2107.0	1738.2	-0.006
GGCCGC	966.0	817.2	-0.006
CATACG	294.0	265.7	-0.006
TTTGGG	6139.0	5941.8	-0.006
CGATAT	301.0	271.6	-0.006
ACCCCC	1945.0	1653.4	-0.006
ACGAGC	374.0	332.7	-0.006
GTTCGG	320.0	287.3	-0.005
ATCTAA	2040.0	1686.3	-0.005
GTGTTC	2566.0	2168.7	-0.005
TGGTAT	3420.0	2791.0	-0.005
ACGTTA	465.0	408.6	-0.005
CGTTAT	436.0	384.8	-0.005
GGGGTA	1321.0	1106.8	-0.005
CGCGGG	564.0	490.3	-0.005
CACGAG	547.0	595.5	-0.005
GCCAAA	2643.0	2171.0	-0.005
TACGTG	593.0	514.7	-0.005
GGAGGA	4944.0	4007.1	-0.005
ATATTG	3483.0	3063.1	-0.005
CGAACG	108.0	107.7	-0.005
GACTGA	2440.0	2008.7	-0.005
TTGTGC	3373.0	2755.6	-0.005
TTATGG	2856.0	2342.7	-0.005
GTAAGC	1470.0	1229.9	-0.004
CTCGTA	353.0	316.1	-0.004
AACCAA	2494.0	2054.6	-0.004
AAAGTT	5057.0	4208.2	-0.004
GCGAAG	485.0	426.3	-0.004
CTGGCC	6256.0	5056.0	-0.004
GATAAT	2604.0	2143.5	-0.004
CGTGTC	667.0	576.7	-0.004
TTTCCG	944.0	803.9	-0.004
CAGAGG	3739.0	3842.8	-0.004
TGACAT	3009.0	2468.2	-0.004
AGTATG	2289.0	1891.4	-0.003
TCCGTC	1072.0	909.2	-0.003
GGGTCC	1455.0	1517.4	-0.003
GTGTAC	1572.0	1314.7	-0.003
TCGTGT	711.0	615.0	-0.003
CCGACG	165.0	158.1	-0.003
TGCACT	2835.0	3190.4	-0.003
CAGAAT	4221.0	3440.8	-0.003
CGCACG	256.0	236.7	-0.003
GACGCG	243.0	225.1	-0.003
AGCAGA	3980.0	3248.4	-0.003
GTCCGG	462.0	409.8	-0.003
ACGTAT	468.0	414.9	-0.003
CAGTAT	2865.0	2356.0	-0.003
CCGTTG	516.0	454.6	-0.003
TTCAAA	5407.0	4884.5	-0.003
CGGCGA	266.0	245.7	-0.003
ACTCGA	368.0	331.1	-0.003
AATTCG	424.0	378.6	-0.003
ACTATG	2475.0	2045.0	-0.003
CAACTG	2028.0	1793.3	-0.003
GTAAAT	3337.0	2737.0	-0.003
CAACGA	301.0	275.2	-0.002
CGGCAC	474.0	420.5	-0.002
TACTCC	1590.0	1512.4	-0.002
CTTAGT	2308.0	1912.7	-0.002
ATCACA	3396.0	2785.9	-0.002
GAATTG	2866.0	2361.2	-0.002
ACTCGC	355.0	321.2	-0.002
TGTCCG	526.0	464.1	-0.002
AAGATC	2384.0	1974.0	-0.002
CTACAA	2354.0	1950.2	-0.002
ATGGAT	2696.0	2225.6	-0.002
GGGCCG	916.0	786.2	-0.002
CTACGC	308.0	282.1	-0.002
ACCCGT	452.0	403.6	-0.002
CGGTAA	341.0	310.1	-0.002
GAAAAC	3411.0	2800.6	-0.002
GGAAAG	4164.0	3403.0	-0.002
TAGACA	2290.0	2029.2	-0.002
GGGAAA	4068.0	3326.2	-0.002
AAGCAC	2206.0	1833.8	-0.002
GGTCGA	286.0	264.1	-0.002
GCATAA	1799.0	1540.2	-0.002
GACCTA	1116.0	951.7	-0.002
TCGTAT	463.0	413.9	-0.002
TCGTTG	617.0	541.5	-0.002
AAAAAC	4865.0	3965.1	-0.002
GACCAT	1626.0	1365.5	-0.002
CGATAG	234.0	220.2	-0.002
ATGACG	372.0	338.1	-0.002
AACGAC	235.0	221.5	-0.002
AAGCCG	586.0	516.4	-0.002
TGGACC	1598.0	1343.2	-0.002
ACGCGT	131.0	131.6	-0.001
ATCGGT	291.0	269.9	-0.001
GTTACA	2276.0	1892.3	-0.001
TTCTTA	5435.0	4690.8	-0.001
CGCTAG	259.0	242.6	-0.001
ACGTAC	286.0	265.6	-0.001
GGCCTA	1727.0	1449.2	-0.001
CAGTAA	2776.0	2296.0	-0.001
CATTCT	6809.0	5683.2	-0.001
AGCCAG	4323.0	4535.9	-0.001
GCTCGT	502.0	447.6	-0.001
CAGATA	2763.0	2285.3	-0.001
ATGCCG	467.0	418.5	-0.001
GATACC	1159.0	988.9	-0.001
TATACA	2691.0	2228.2	-0.001
GGATAG	1378.0	1167.3	-0.001
TTTAGT	8438.0	9287.3	-0.001
ACGTTT	1105.0	944.2	-0.001
ACGGTG	774.0	743.6	-0.001
ATGACT	2569.0	2131.1	-0.001
AGTCCG	377.0	344.3	-0.001
AATTAC	2935.0	2425.5	-0.001
TTTGGT	7473.0	6437.6	-0.001
AGCAAA	3928.0	3231.3	-0.001
CACAAC	1862.0	1561.2	-0.001
TAGCAT	2484.0	2063.3	-0.001
TTAACG	415.0	401.0	-0.001
TACCCC	1313.0	1116.5	-0.001
TTTACT	6288.0	5108.9	-0.001
TCGTTC	646.0	568.2	-0.001
CGCGAA	115.0	118.1	-0.001
ACCAAT	1679.0	1413.6	-0.001
TTCCCA	5954.0	4843.8	-0.001
GGTACT	1350.0	1146.8	-0.001
ATATTA	3811.0	3130.4	-0.001
ATCTTC	3397.0	2798.6	-0.001
CCGTGA	685.0	601.0	-0.001
GACAGC	1989.0	1861.9	-0.001
AGTTGA	3021.0	2497.8	-0.001
CGGTTG	429.0	388.5	-0.001
ACATTA	2613.0	2170.0	-0.001
TACCAG	1976.0	1656.4	-0.001
CCGACA	334.0	308.4	-0.001
AGGTTA	2090.0	1748.0	-0.001
TCGTTA	406.0	369.9	-0.001
TCCGGT	419.0	380.9	-0.001
ACATAA	2553.0	2122.6	-0.001
ACAGCT	3572.0	2941.4	-0.001
ACAACG	329.0	305.0	-0.001
AATGAC	2226.0	1858.4	-0.001
GGTAGG	1913.0	1605.9	-0.001
GCGTGT	946.0	817.2	-0.001
CGATGT	416.0	378.2	-0.001
CGTATG	354.0	326.7	-0.001
TTAAGG	2837.0	2353.8	-0.001
TTCCGC	764.0	668.8	-0.001
GTTGTA	2339.0	1952.3	-0.001
GTACTC	1121.0	963.2	-0.001
CACTAT	2611.0	2172.4	-0.001
GGTCGG	496.0	446.0	-0.001
GATCTG	3522.0	3000.8	-0.001
TATAAA	4781.0	3982.4	-0.001
TTGGAA	4892.0	4003.0	-0.001
ATAACG	291.0	273.8	-0.001
TCCCGT	762.0	667.6	-0.001
ATAATC	2159.0	1807.9	-0.001
GGGTAA	1573.0	1332.5	-0.001
AACAAG	2607.0	2220.2	-0.001
TACCCG	373.0	344.2	-0.001
CCAACG	377.0	353.5	-0.001
GAGATG	8278.0	6708.1	-0.001
CTTCGG	712.0	627.7	-0.001
GCCGGT	508.0	457.2	-0.001
GTGGAC	1473.0	1251.3	-0.001
ACGTTG	708.0	624.9	-0.001
TAACGT	500.0	477.0	-0.001
GTACCC	1088.0	937.0	-0.001
GATCGC	417.0	517.3	-0.000
TAATGC	1919.0	1616.4	-0.000
GATTCC	2084.0	1932.1	-0.000
GGGGGA	2546.0	2123.8	-0.000
TGCGAG	495.0	447.4	-0.000
TTCGTT	1130.0	1064.1	-0.000
CCGCGG	612.0	545.3	-0.000
ATAATA	3681.0	3112.3	-0.000
CTCGTC	649.0	576.5	-0.000
CTTCGC	655.0	582.8	-0.000
TACTGA	2588.0	2158.1	-0.000
TATGAC	1494.0	1271.4	-0.000
TGTTCG	516.0	465.1	-0.000
ACTAAC	1118.0	964.6	-0.000
TCATAA	2559.0	2135.2	-0.000
GGGAAC	1753.0	1482.5	-0.000
CGCCGG	550.0	495.0	-0.000
GATAAG	1731.0	1471.1	-0.000
GGTCGC	392.0	361.1	-0.000
GCTAGT	1620.0	1374.7	-0.000
ACACTA	1445.0	1232.7	-0.000
CAGTCA	3032.0	2517.9	-0.000
CGTATT	661.0	587.8	-0.000
ACTGAG	3281.0	2968.5	-0.000
CAGCGA	715.0	632.5	-0.000
TCCGCG	272.0	326.0	-0.000
ACCCAT	2048.0	1724.9	-0.000
AGGATA	2210.0	1855.6	-0.000
CCGAGC	824.0	723.2	-0.000
TCGGAA	456.0	416.1	-0.000
ACATAG	2247.0	1889.2	-0.000
ATGGCA	3699.0	3057.8	-0.000
CAGCAG	4872.0	3999.2	-0.000
CAGATT	4021.0	3355.8	-0.000
CAGAAA	5278.0	4324.6	-0.000
TTTCTG	9126.0	9612.8	-0.000
CGGGAA	678.0	603.6	-0.000
CTTCGA	481.0	438.4	-0.000
CATCGG	370.0	345.5	-0.000
ATGTTG	7248.0	6371.7	-0.000
GACCGC	364.0	340.9	-0.000
GCACTA	1230.0	1059.3	-0.000
TAGCGC	265.0	276.2	-0.000
AGGACG	575.0	518.9	-0.000
CACGTC	617.0	584.9	-0.000
GGCTAT	1734.0	1473.4	-0.000
CTTTAT	5684.0	5471.0	-0.000
CTACGT	435.0	401.4	-0.000
TGGCGG	1029.0	897.4	-0.000
TGCTCG	639.0	573.6	-0.000
ATCGCA	424.0	392.2	-0.000
GGCCCG	920.0	807.7	-0.000
AGGAAC	2395.0	2012.3	-0.000
CGGAGA	751.0	667.5	-0.000
GTTAAG	1956.0	1657.5	-0.000
GGAATC	2076.0	1755.9	-0.000
TGTGGA	3806.0	3153.3	-0.000
AACCGG	304.0	290.0	-0.000
CAATTG	1756.0	1562.5	-0.000
CCATCG	584.0	528.8	-0.000
CGGTTA	312.0	297.2	-0.000
AGAATC	2749.0	2544.8	-0.000
GATATT	3431.0	3088.5	-0.000
ATGCGT	451.0	416.7	-0.000
CAATGT	2230.0	2203.6	-0.000
TGAGCG	686.0	614.0	-0.000
ACTATC	1247.0	1079.5	-0.000
AAATCT	4255.0	3622.4	-0.000
TGCAAA	3555.0	3711.3	-0.000
CTAGAA	2802.0	2345.7	-0.000
ACGGTT	474.0	436.7	-0.000
TACCAT	2706.0	2268.8	-0.000
ATTAGA	2878.0	2407.7	-0.000
GAAATC	2626.0	2203.9	-0.000
GAGCCG	994.0	1022.6	-0.000
TACGGC	219.0	217.3	-0.000
TACATC	1573.0	1347.1	-0.000
TGCGAA	376.0	354.5	-0.000
AAAATT	8817.0	7170.5	-0.000
CTCCGT	1331.0	1182.3	-0.000
CATTGC	3211.0	2764.3	-0.000
AAGACT	2880.0	2410.0	-0.000
ACGACT	321.0	306.8	-0.000
AAGTCA	2811.0	2859.2	-0.000
TACTTC	2444.0	2057.2	-0.000
CGCGCG	433.0	402.3	-0.000
GAATGT	3243.0	2704.8	-0.000
AACGGT	358.0	339.4	-0.000
TATTCG	331.0	315.4	-0.000
TAATGG	2462.0	2073.8	-0.000
GTTCTC	3695.0	3070.3	-0.000
CTGTCT	7063.0	5879.2	-0.000
ACACGA	404.0	378.0	-0.000
TAACTC	1895.0	1612.0	-0.000
ATCGAG	439.0	408.5	-0.000
CTACGA	260.0	254.3	-0.000
ACGATG	454.0	421.7	-0.000
TAAATG	4446.0	3677.7	-0.000
ATTACC	1684.0	1441.3	-0.000
ACCGCG	1069.0	936.2	-0.000
AATGCT	3443.0	3052.4	-0.000
GGCACC	2429.0	2328.0	-0.000
CGCATC	404.0	379.7	-0.000
CGTCTT	861.0	764.2	-0.000
ACAAAT	3568.0	2971.5	-0.000
TGGCCG	1073.0	940.1	-0.000
TCACAA	2353.0	2342.0	-0.000
TTATCC	2421.0	2255.7	-0.000
TAATTA	4098.0	3400.5	-0.000
ATATTC	3056.0	2558.1	-0.000
GGAACT	2612.0	2199.7	-0.000
GGTCCG	351.0	334.2	-0.000
CGCGCA	286.0	335.7	-0.000
GTCCGA	263.0	258.1	-0.000
CATTGG	2312.0	2028.4	-0.000
GAAAGG	3579.0	2982.8	-0.000
GTCGAG	397.0	374.1	-0.000
CGCATT	425.0	398.1	-0.000
TCAACT	2411.0	2222.2	-0.000
CCGGTA	288.0	280.1	-0.000
AGTCCA	2183.0	2146.7	-0.000
AGCCCG	773.0	692.6	-0.000
GGAGCA	2824.0	2373.5	-0.000
GCCGCG	619.0	563.9	-0.000
CAAATT	4212.0	3494.2	-0.000
AAACCG	456.0	425.9	-0.000
CGCTAC	315.0	304.9	-0.000
TAATCG	269.0	264.8	-0.000
CGACAC	285.0	278.3	-0.000
AGCACA	2971.0	2494.0	-0.000
GCGCCG	584.0	534.3	-0.000
GAAACT	3400.0	2840.7	-0.000
ATATCA	2342.0	1983.0	-0.000
GGCATT	2804.0	2569.4	-0.000
AACAAC	2041.0	1738.9	-0.000
TATGCG	248.0	246.2	-0.000
CCGGCG	528.0	488.8	-0.000
GGCGGT	568.0	521.7	-0.000
GCTTAT	2264.0	1920.8	-0.000
GAGCGG	819.0	732.3	-0.000
GTACAC	1088.0	956.7	-0.000
TGAGCT	4403.0	3880.4	-0.000
GTTTTC	6811.0	6814.3	-0.000
ATTCGT	507.0	470.3	-0.000
CGTTGA	405.0	383.0	-0.000
AAGGCG	665.0	605.0	-0.000
TTTCGG	846.0	757.8	-0.000
CGCTTA	312.0	303.9	-0.000
GGTATT	2809.0	2366.6	-0.000
AATGCG	365.0	350.6	-0.000
ACGACC	274.0	270.0	-0.000
ATAGCC	1418.0	1231.1	-0.000
TGCCGG	800.0	780.9	-0.000
CAAAGA	3841.0	3201.5	-0.000
GATATG	1926.0	1647.4	-0.000
TTAGGC	1749.0	1502.3	-0.000
TCTTAG	3097.0	2601.8	-0.000
TTCGTG	747.0	675.1	-0.000
TTGAAC	4884.0	4044.9	-0.000
TGCGCA	550.0	508.5	-0.000
CAGACA	3064.0	2748.6	-0.000
GAACCG	355.0	342.1	-0.000
CGACTT	470.0	440.5	-0.000
GTGAGT	2981.0	2578.2	-0.000
CGTGGG	904.0	806.8	-0.000
ATGCTG	3961.0	3460.5	-0.000
CTGACG	472.0	442.6	-0.000
ACGAAT	336.0	325.2	-0.000
ATTTGA	4926.0	4474.1	-0.000
TAGACC	1070.0	945.6	-0.000
ACGCAC	433.0	409.1	-0.000
CGAACC	259.0	258.9	-0.000
CCAGAT	2927.0	2466.4	-0.000
CTGTGT	6649.0	5466.2	-0.000
TAGCGA	305.0	302.5	-0.000
ACCTAT	1485.0	1288.7	-0.000
AAAAGC	3637.0	3042.4	-0.000
CTTCCA	5097.0	4220.5	-0.000
TTACCA	2702.0	2283.7	-0.000
GCTTCG	582.0	538.0	-0.000
TCGTCT	737.0	668.1	-0.000
GGCGAG	881.0	789.3	-0.000
TTATCG	360.0	349.0	-0.000
GCGTTA	295.0	330.9	-0.000
AGAGGC	3150.0	2914.6	-0.000
ACATAT	3057.0	2574.3	-0.000
ACCTTT	4746.0	3940.3	-0.000
CTATAT	2279.0	1942.9	-0.000
CCACCA	11294.0	9194.3	-0.000
TAAGCT	2200.0	1878.1	-0.000
GTAAGG	1587.0	1376.0	-0.000
GCAGCA	3590.0	3008.4	-0.000
TGGGTA	2375.0	2192.1	-0.000
GCAGAG	4326.0	3937.2	-0.000
TTCTGT	8132.0	7748.4	-0.000
GAATTT	6547.0	5393.8	-0.000
CGGCCA	1040.0	924.0	-0.000
AGATCT	3059.0	2579.9	-0.000
GACGGC	410.0	392.3	-0.000
CGCCCT	996.0	890.0	-0.000
ATAGTT	3336.0	3127.7	-0.000
AACCAG	2612.0	2220.7	-0.000
TACACG	330.0	373.8	-0.000
GTCGGG	561.0	522.7	-0.000
CGTGGA	712.0	650.9	-0.000
CCTTAA	2532.0	2152.3	-0.000
GCGGTT	516.0	485.9	-0.000
CGTCCA	638.0	589.2	-0.000
TGCCTT	6784.0	5588.2	-0.000
GATGTG	3088.0	2606.6	-0.000
GTATGG	1541.0	1341.1	-0.000
AGGGCG	679.0	623.9	-0.000
ATGAGT	2517.0	2404.9	-0.000
TATGCC	1940.0	1671.9	-0.000
GCCGAT	315.0	311.7	-0.000
GCGCAT	416.0	399.3	-0.000
AGTCCT	3324.0	2800.9	-0.000
AATCAG	2852.0	2417.6	-0.000
TCTTCG	646.0	597.6	-0.000
ATGTCA	2787.0	2364.6	-0.000
CAAATG	3714.0	3117.8	-0.000
TTGTAA	4505.0	3757.5	-0.000
CCGGTG	569.0	531.5	-0.000
TAAAAA	8955.0	7336.6	-0.000
ACACGT	625.0	579.8	-0.000
ATGATT	4231.0	3537.4	-0.000
ATATGG	2268.0	1942.4	-0.000
ACATTT	8016.0	6585.0	-0.000
GTTACT	2374.0	2029.8	-0.000
ACGCCG	265.0	268.3	-0.000
AACGTT	675.0	622.6	-0.000
TATGGC	1694.0	1472.0	-0.000
GACATC	1481.0	1295.7	-0.000
GGATAT	2211.0	1896.8	-0.000
ACGAAC	231.0	238.4	-0.000
GGCGAA	406.0	392.0	-0.000
GTCAAC	1052.0	984.5	-0.000
GCACCA	3378.0	2848.6	-0.000
AGCATT	3920.0	3649.1	-0.000
GGATCC	1566.0	1367.8	-0.000
CCAGGA	4337.0	4927.4	-0.000
TGGAAA	5233.0	4349.4	-0.000
CGACAT	288.0	289.4	-0.000
CGGAGC	803.0	731.5	-0.000
ACTCCG	739.0	744.1	-0.000
TTCGGA	460.0	439.5	-0.000
GTGCCC	3267.0	2758.2	-0.000
TGTACA	2756.0	2343.4	-0.000
GAACGC	371.0	363.3	-0.000
TTGGTA	3550.0	2989.6	-0.000
GACGGG	1977.0	1976.4	-0.000
AAACCA	3435.0	2896.2	-0.000
GGGGGT	2188.0	1879.4	-0.000
TTACCT	3232.0	2732.0	-0.000
TCAGAA	4260.0	3565.6	-0.000
ATGCTA	1988.0	1715.3	-0.000
CTTATA	2231.0	1915.4	-0.000
TCGAGG	585.0	547.5	-0.000
CGGACG	167.0	181.0	-0.000
ATGACC	1590.0	1389.8	-0.000
TCATTG	4161.0	3598.4	-0.000
TATCAC	1924.0	1664.1	-0.000
ATAAGG	1886.0	1633.3	-0.000
AATAAT	5077.0	4229.9	-0.000
TTCGTC	481.0	459.3	-0.000
AATGTG	3891.0	3270.7	-0.000
GATGAG	3083.0	2613.1	-0.000
AGATTG	2940.0	2497.2	-0.000
AGGAGG	5196.0	4326.4	-0.000
CAAAAG	3537.0	2984.2	-0.000
GAAAGC	2652.0	2263.8	-0.000
CATAAG	1637.0	1430.2	-0.000
TAGGGT	2057.0	1778.6	-0.000
GCTATA	1436.0	1264.1	-0.000
CTTGTG	3918.0	3293.2	-0.000
GCGGCC	955.0	863.1	-0.000
TCGACA	275.0	280.4	-0.000
TTACAC	1797.0	1563.7	-0.000
TTCGCA	345.0	343.3	-0.000
GACTTG	2233.0	2209.7	-0.000
TTGACT	3494.0	2953.9	-0.000
TTTTCC	12061.0	9982.7	-0.000
TTCGGT	540.0	512.9	-0.000
ATTTCG	731.0	676.8	-0.000
CCGGTC	423.0	411.0	-0.000
TCGCAT	292.0	296.3	-0.000
AGCTAC	2099.0	2125.2	-0.000
CCGCTT	860.0	785.1	-0.000
AGGGGG	2076.0	1796.9	-0.000
AACGCC	380.0	374.7	-0.000
GCCGAC	347.0	346.6	-0.000
AGGGAA	4013.0	3376.7	-0.000
ATAGCA	2305.0	1984.4	-0.000
AAATCA	4002.0	3368.9	-0.000
ATGATG	3412.0	2889.3	-0.000
CGCTCG	315.0	318.0	-0.000
GTATCA	1793.0	1563.3	-0.000
GGCATC	1741.0	1521.1	-0.000
GTTGGT	3319.0	2814.3	-0.000
ACTAAG	1504.0	1325.5	-0.000
ATGGTA	2518.0	2162.0	-0.000
TAATCA	2434.0	2092.4	-0.000
AACAGC	2434.0	2092.2	-0.000
AGGATT	4476.0	3756.6	-0.000
AATACC	1724.0	1509.7	-0.000
ACCGGC	416.0	407.3	-0.000
GGGTAT	1492.0	1317.4	-0.000
CCGGAA	546.0	520.3	-0.000
ATAAAA	6187.0	5140.9	-0.000
CGTCTA	328.0	331.0	-0.000
TGTAAA	4559.0	3825.7	-0.000
ACCCGC	1186.0	1063.9	-0.000
GGAGCC	2526.0	2393.2	-0.000
AGAATG	4016.0	3385.4	-0.000
TCCGCA	474.0	458.2	-0.000
TAAATC	2484.0	2136.9	-0.000
TATATC	2155.0	1865.5	-0.000
TTCCAG	5045.0	4741.5	-0.000
ATCAAC	1356.0	1205.7	-0.000
CGGGCC	832.0	766.9	-0.000
TAATAA	3942.0	3326.6	-0.000
ACGGCC	426.0	417.1	-0.000
CTAGCA	1640.0	1568.4	-0.000
ACGCAT	353.0	354.0	-0.000
TCGGAG	612.0	578.2	-0.000
CGGACC	302.0	309.0	-0.000
CCATAT	2342.0	2022.1	-0.000
GAGGTG	3865.0	3404.4	-0.000
CATCAT	3130.0	2667.5	-0.000
GCGGAC	323.0	327.8	-0.000
GCCCGG	3288.0	2796.9	-0.000
AGCGCC	652.0	614.8	-0.000
GACGTT	443.0	433.4	-0.000
TAATTC	3132.0	2670.3	-0.000
TACCTA	1730.0	1519.3	-0.000
ACCGAC	225.0	240.1	-0.000
CTCGTT	857.0	789.4	-0.000
GATGCT	2197.0	2342.4	-0.000
GTGAAA	3777.0	3402.9	-0.000
ACCATC	2386.0	2061.4	-0.000
GGGCTA	1282.0	1147.6	-0.000
TCGGGG	692.0	649.4	-0.000
ATACCC	1340.0	1196.0	-0.000
AGCGAG	896.0	824.6	-0.000
GCGAAA	390.0	388.1	-0.000
TTAGGT	2662.0	2290.6	-0.000
TTCTGA	5609.0	5063.4	-0.000
ACTTAT	2426.0	2096.9	-0.000
ATCCTT	3989.0	3374.8	-0.000
GGACAA	1833.0	1607.4	-0.000
TAGGTT	2993.0	2592.6	-0.000
TTAGTT	4262.0	4138.4	-0.000
AAGGTC	2186.0	1900.1	-0.000
CTTGAA	5873.0	4903.1	-0.000
AGCACG	541.0	521.8	-0.000
AAATCG	465.0	456.0	-0.000
TACTAG	1346.0	1204.9	-0.000
ATTGAT	3405.0	2936.8	-0.000
TACTTG	2581.0	2227.6	-0.000
TATCCG	259.0	273.9	-0.000
CGAACA	328.0	336.0	-0.000
ATCCTA	1773.0	1561.6	-0.000
ACGCTT	466.0	457.1	-0.000
TGTGAA	4486.0	3783.3	-0.000
CAAATA	3835.0	3260.2	-0.000
TGACCA	2439.0	2113.2	-0.000
AAGGTT	2896.0	2488.1	-0.000
TGGCGA	628.0	599.5	-0.000
CGCTTC	823.0	766.4	-0.000
GACTGT	2316.0	2012.5	-0.000
CGGATG	410.0	409.6	-0.000
CGACGC	120.0	145.8	-0.000
GTACCA	1647.0	1459.7	-0.000
TAACGC	194.0	215.4	-0.000
AAATGC	3731.0	3173.5	-0.000
TAGTGA	2686.0	2318.5	-0.000
ATTCAA	3429.0	2927.8	-0.000
GGCGCT	737.0	694.4	-0.000
ATAAAT	5181.0	4696.7	-0.000
AGGTTG	3682.0	3416.7	-0.000
ATGGTT	3087.0	2650.0	-0.000
TAACAC	1582.0	1407.9	-0.000
GTCCGT	352.0	360.0	-0.000
CCCGTA	325.0	335.8	-0.000
TTCAGA	4883.0	4114.8	-0.000
GCTCTA	1663.0	1475.1	-0.000
AGGGCA	2699.0	2547.7	-0.000
TTACGC	277.0	292.8	-0.000
CCCATA	1526.0	1361.1	-0.000
GCACGG	538.0	523.6	-0.000
CTATCT	2501.0	2169.7	-0.000
TCAAAT	4137.0	3508.2	-0.000
TGCTAG	2397.0	2084.7	-0.000
TGGCTA	4998.0	4209.8	-0.000
ACTTAG	2002.0	1759.0	-0.000
TTACTA	2538.0	2201.0	-0.000
AGATCA	2632.0	2521.3	-0.000
GACCCG	397.0	400.9	-0.000
ATCACG	813.0	762.5	-0.000
CGCATA	206.0	228.6	-0.000
GCATGT	3154.0	2708.2	-0.000
CGGCCC	1190.0	1082.7	-0.000
TGTAGG	2387.0	2078.0	-0.000
ACGTGC	766.0	775.4	-0.000
GTGACT	2527.0	2321.9	-0.000
GCATAG	1388.0	1249.0	-0.000
CTTGTC	3262.0	2797.0	-0.000
CGAGCC	678.0	646.8	-0.000
AACAAA	5204.0	4380.6	-0.000
GGAGAT	3013.0	2595.0	-0.000
ACCAGT	2236.0	1954.3	-0.000
ACACCG	432.0	432.7	-0.000
CGGAAC	285.0	301.1	-0.000
GGTTAG	1381.0	1243.0	-0.000
GCAGAA	3662.0	3264.1	-0.000
TATAAG	2219.0	1942.4	-0.000
CCGCTC	854.0	798.1	-0.000
ACGTGG	868.0	811.0	-0.000
TTAGAT	3150.0	2708.5	-0.000
TCCCTA	2451.0	2134.1	-0.000
CTAATA	2095.0	1839.2	-0.000
GTCGTT	432.0	433.3	-0.000
GTCCTC	2695.0	2336.9	-0.000
AGGTCG	474.0	470.1	-0.000
AGGAGA	4764.0	4324.4	-0.000
AGGTCT	3218.0	2765.6	-0.000
TTGTCT	5438.0	4995.5	-0.000
ATAAGC	1697.0	1510.3	-0.000
CCATAA	1760.0	1562.5	-0.000
TACGCG	69.0	97.0	-0.000
GCCGTT	480.0	477.5	-0.000
TGGACG	430.0	432.4	-0.000
TCCGTG	760.0	719.4	-0.000
GGCCAT	2089.0	1836.4	-0.000
GCACGC	719.0	685.9	-0.000
CGAATG	325.0	341.0	-0.000
TGACAA	2466.0	2150.2	-0.000
CCAGCT	6201.0	6804.1	-0.000
TTAGCG	308.0	324.5	-0.000
ATCCGA	276.0	295.6	-0.000
CAACGC	265.0	285.4	-0.000
GGTCAT	1849.0	1639.8	-0.000
AAAATC	4009.0	3419.0	-0.000
TGATAG	2221.0	1948.5	-0.000
GGATGG	3236.0	3307.0	-0.000
GTCTAC	1032.0	954.9	-0.000
ATCAAA	2782.0	2412.1	-0.000
ACATTG	2751.0	2388.0	-0.000
GAACAC	1730.0	1541.6	-0.000
CGGTCC	404.0	411.5	-0.000
GCGGGT	617.0	599.5	-0.000
ATTCCG	396.0	404.1	-0.000
TGAAGG	3417.0	2935.0	-0.000
CTATTA	2191.0	1925.1	-0.000
CACCAG	3173.0	2735.7	-0.000
ATTGCC	2488.0	2173.1	-0.000
AGTGTG	3923.0	3352.7	-0.000
CGCACA	499.0	497.3	-0.000
AGGGGC	2036.0	2080.7	-0.000
AGCAAG	3140.0	2802.7	-0.000
CGGCAG	812.0	769.4	-0.000
TACGCA	265.0	287.6	-0.000
CGGTGA	614.0	598.8	-0.000
AACAAT	2866.0	2533.6	-0.000
ATTCAC	2386.0	2209.0	-0.000
CCAGCG	888.0	835.6	-0.000
TCGGCA	386.0	397.8	-0.000
CCATTA	2155.0	1900.0	-0.000
TCCCAT	3353.0	3195.0	-0.000
GGGGAC	1734.0	1550.7	-0.000
ACTCGT	425.0	432.9	-0.000
CACCAT	8668.0	7207.6	-0.000
GGACGT	408.0	417.4	-0.000
CACCTT	4139.0	3533.7	-0.000
TGAGAG	3877.0	3408.0	-0.000
ATGAGG	3032.0	2625.9	-0.000
ATGAAT	3742.0	3209.6	-0.000
TCTACG	300.0	320.4	-0.000
TATCTG	2907.0	2522.6	-0.000
CCAAAC	2133.0	1883.4	-0.000
GGCAGG	4261.0	4248.5	-0.000
CTGCAC	3289.0	3477.0	-0.000
GCCCCG	1116.0	1080.9	-0.000
CCGATG	307.0	327.8	-0.000
CCGTCC	610.0	598.0	-0.000
TACCCT	1761.0	1574.0	-0.000
CGCGTG	382.0	395.0	-0.000
TGCTTT	8781.0	8202.5	-0.000
GTCCTA	1262.0	1155.0	-0.000
TTTGCG	717.0	715.5	-0.000
GACAAC	1153.0	1064.8	-0.000
TTACAA	3385.0	2920.6	-0.000
ACATCA	2350.0	2066.8	-0.000
TGTAAT	4576.0	4292.1	-0.000
CCAGAA	3777.0	3243.9	-0.000
CCGCTA	286.0	309.5	-0.000
ACACCT	2992.0	2931.7	-0.000
ACTAGG	1303.0	1192.1	-0.000
CTACCC	1406.0	1279.1	-0.000
GCCAGA	2993.0	2599.5	-0.000
ACTCAA	2366.0	2081.9	-0.000
CACGAC	343.0	362.1	-0.000
AGAGGT	3243.0	3033.6	-0.000
GCACCG	512.0	513.3	-0.000
TTCTGG	5115.0	5098.6	-0.000
AGGGTT	3912.0	3659.0	-0.000
TAGTCA	1869.0	1669.7	-0.000
CGAGCT	649.0	634.3	-0.000
CAATAC	1160.0	1073.8	-0.000
TCGAAC	1629.0	1469.5	-0.000
GTATCC	1253.0	1152.7	-0.000
TTGATC	2799.0	2532.4	-0.000
TACAAT	2516.0	2208.4	-0.000
ATAAGT	2292.0	2023.7	-0.000
ACCGCT	420.0	432.2	-0.000
GTAGGC	1226.0	1130.0	-0.000
GGTGAG	3310.0	2864.6	-0.000
TAGCAA	2254.0	1991.9	-0.000
GTCTTT	6193.0	5843.5	-0.000
CTAGAC	1168.0	1081.4	-0.000
GCCGCT	662.0	646.8	-0.000
AGAGCG	820.0	784.7	-0.000
CATTAG	1956.0	1745.8	-0.000
GCAGGT	2669.0	2594.6	-0.000
CTTCCC	5699.0	5181.8	-0.000
TACATT	4423.0	3782.2	-0.000
AATATC	2352.0	2076.7	-0.000
CACTCG	491.0	498.5	-0.000
GCCACG	910.0	863.4	-0.000
TCATAT	3126.0	2717.9	-0.000
TCAACG	292.0	318.8	-0.000
ATGCGC	596.0	591.2	-0.000
CATATC	1578.0	1432.0	-0.000
ATTTAA	6458.0	5443.6	-0.000
TAGGGG	1435.0	1311.6	-0.000
GTGCGC	710.0	793.9	-0.000
CCAATA	1609.0	1458.0	-0.000
CTCTTT	8407.0	8945.6	-0.000
TCTGGA	4109.0	3970.2	-0.000
ACCTTC	2782.0	2436.7	-0.000
CGAGGG	580.0	577.9	-0.000
CACGTT	922.0	875.7	-0.000
TTGGAT	3447.0	2991.7	-0.000
GAATTC	2710.0	2377.7	-0.000
AGCTCC	3834.0	3700.0	-0.000
CTTTCG	726.0	706.5	-0.000
CCGGCA	559.0	560.0	-0.000
AAAGCT	3494.0	3026.5	-0.000
CGACCC	366.0	388.6	-0.000
GAACTG	2505.0	2208.1	-0.000
CTGGTT	4160.0	3574.5	-0.000
AATTTA	5780.0	4899.6	-0.000
ATTGCG	373.0	395.7	-0.000
CGGTGC	560.0	561.7	-0.000
TGGAAG	4254.0	3652.9	-0.000
TGGTAG	2957.0	2584.9	-0.000
CGTGTT	1328.0	1224.5	-0.000
AGAGGG	3354.0	2985.4	-0.000
AGTTAC	2019.0	1805.6	-0.000
GGTAGT	1665.0	1509.2	-0.000
CACGAA	391.0	411.9	-0.000
TAACCC	1267.0	1173.3	-0.000
ACGCGC	249.0	281.0	-0.000
GAGGAC	1927.0	1730.0	-0.000
TGGCTT	5514.0	4947.7	-0.000
GTGTAT	3078.0	2687.1	-0.000
GCTAAG	1630.0	1481.0	-0.000
CAGAAG	4428.0	3799.5	-0.000
CCGCAT	432.0	449.0	-0.000
AATCTG	3193.0	2784.9	-0.000
GACATT	2899.0	2541.2	-0.000
TTGCCA	4502.0	3860.4	-0.000
TCCACG	630.0	626.0	-0.000
GGCAAA	2605.0	2298.5	-0.000
CCTGTG	4116.0	4107.6	-0.000
AGACGC	437.0	454.7	-0.000
CACCGG	494.0	507.0	-0.000
TTTCGT	1265.0	1174.4	-0.000
GTATTC	2001.0	1795.5	-0.000
TATCAT	2621.0	2312.2	-0.000
GGACCT	1656.0	1506.8	-0.000
AAACGC	419.0	438.8	-0.000
CCTGGT	3570.0	3231.1	-0.000
AATCGG	272.0	304.4	-0.000
CTTCGT	656.0	650.8	-0.000
ATTACT	2982.0	2612.4	-0.000
TCATGT	3720.0	3222.3	-0.000
AATCAA	2615.0	2308.6	-0.000
TTCCGT	747.0	730.4	-0.000
GCGCGG	685.0	676.0	-0.000
CCGTTC	469.0	485.5	-0.000
CGCGGA	237.0	272.4	-0.000
TAGCAC	1609.0	1469.8	-0.000
CTAATG	1997.0	1795.8	-0.000
TAGGGA	2208.0	1972.3	-0.000
TCTGAA	4161.0	3588.1	-0.000
CCTTAC	1511.0	1387.9	-0.000
AGAGTT	4509.0	3877.8	-0.000
TAGGAA	3089.0	2707.5	-0.000
AGATTT	6387.0	5412.6	-0.000
CACCAA	2426.0	2156.3	-0.000
GCGAGG	722.0	711.9	-0.000
CGTGTG	1228.0	1148.9	-0.000
TCTAAC	1494.0	1526.3	-0.000
GAATGG	2549.0	2260.6	-0.000
CGTTCT	874.0	845.0	-0.000
CGTCTG	821.0	798.9	-0.000
ATCCAA	1917.0	1732.9	-0.000
GCAAAG	2765.0	2441.1	-0.000
CGCTGA	527.0	540.2	-0.000
CGCTTT	1040.0	988.5	-0.000
GGGGAG	3532.0	3076.4	-0.000
GTTCAT	3061.0	2818.6	-0.000
TACACA	2327.0	2076.3	-0.000
CCACAA	2535.0	2250.0	-0.000
CGGCTA	1412.0	1677.0	-0.000
GTTAGG	1594.0	1461.7	-0.000
CGTTGT	604.0	609.5	-0.000
AAATTA	5896.0	5054.7	-0.000
TTTACC	3351.0	2928.3	-0.000
AACGCG	121.0	162.7	-0.000
AAAACA	6174.0	5245.0	-0.000
TTGCAA	3477.0	3382.1	-0.000
ACATGT	2998.0	2637.0	-0.000
GGAAAC	2591.0	2298.1	-0.000
GACGTC	315.0	349.4	-0.000
TGATAT	3102.0	2723.9	-0.000
CTAACG	224.0	263.6	-0.000
CTATCA	1783.0	1623.9	-0.000
CACATA	2308.0	2064.3	-0.000
AATAAG	2777.0	2454.1	-0.000
CTTATG	2061.0	1857.2	-0.000
TCATGA	2955.0	2913.5	-0.000
GTGCGT	616.0	622.6	-0.000
CGCAGA	535.0	550.7	-0.000
GGTGAA	2573.0	2432.3	-0.000
CTATTG	2216.0	1989.6	-0.000
GATCAG	1929.0	1748.3	-0.000
AAGGAC	1990.0	1800.5	-0.000
AATCTA	2085.0	1880.6	-0.000
TTTGCT	8140.0	7776.5	-0.000
GCTACA	1589.0	1462.2	-0.000
ATCATT	3785.0	3295.1	-0.000
CCGTCT	1358.0	1267.7	-0.000
AAATAA	7421.0	6272.4	-0.000
ATCTGA	2699.0	2395.6	-0.000
TTCTAG	3584.0	3385.3	-0.000
CTTCTT	6653.0	7048.7	-0.000
GCTCTC	2394.0	2650.0	-0.000
GAAGGC	2326.0	2085.7	-0.000
CATACA	2009.0	1820.5	-0.000
TGTATG	3299.0	2896.3	-0.000
GAGGGC	2228.0	2063.9	-0.000
GTTGGC	3786.0	3713.9	-0.000
CTAATC	1296.0	1216.9	-0.000
CCGCGC	1314.0	1232.5	-0.000
CATCTC	4575.0	3951.3	-0.000
CCTATA	1384.0	1292.0	-0.000
CGTGGT	944.0	988.3	-0.000
ACAATT	3243.0	2851.7	-0.000
GTATGT	3133.0	2760.3	-0.000
GGACAT	1901.0	1731.2	-0.000
TCCTCG	721.0	787.1	-0.000
TGCGGA	473.0	498.5	-0.000
CCCTCG	719.0	717.4	-0.000
CACCCC	2712.0	2478.7	-0.000
TGGTTG	3096.0	2731.3	-0.000
CGGTTT	811.0	798.5	-0.000
GTTATC	1515.0	1406.0	-0.000
TGGACA	2653.0	2363.7	-0.000
TGCTAA	2384.0	2138.2	-0.000
CTACTT	2983.0	2638.4	-0.000
CTTAGA	2348.0	2108.5	-0.000
CCTAAT	2141.0	1934.7	-0.000
TCCGAT	272.0	313.9	-0.000
CCATGG	2542.0	2271.4	-0.000
TGCGCT	568.0	585.1	-0.000
AACACT	2563.0	2290.2	-0.000
CTAGAT	1794.0	1643.4	-0.000
ACAACA	2390.0	2145.6	-0.000
CTTACA	2303.0	2072.7	-0.000
GGCTAC	1243.0	1175.6	-0.000
CATAGG	1553.0	1440.1	-0.000
CGAGGT	851.0	836.0	-0.000
TGAGTT	4393.0	4290.3	-0.000
AACTCT	3232.0	2995.1	-0.000
ATTCGG	315.0	356.3	-0.000
TGGCAG	4022.0	3505.7	-0.000
CGACTG	360.0	398.4	-0.000
GAATCA	2285.0	2060.9	-0.000
CATAGA	1923.0	1756.8	-0.000
TACACC	1231.0	1167.7	-0.000
TCGATT	499.0	525.6	-0.000
TAGGAG	2343.0	2110.1	-0.000
ATGGGC	1789.0	1642.4	-0.000
AATTGC	2512.0	2251.1	-0.000
CTAGCC	1484.0	1383.5	-0.000
TTCGAC	261.0	305.5	-0.000
AAAACC	3025.0	2681.7	-0.000
TACACT	1755.0	1615.4	-0.000
GTTGCA	2305.0	2417.7	-0.000
GAGCAC	1802.0	1655.4	-0.000
CTTGAT	3228.0	2850.4	-0.000
ATGCCC	3540.0	3109.4	-0.000
TAAGTT	3678.0	3223.4	-0.000
TGGATA	2615.0	2339.1	-0.000
TTGAAT	5112.0	4406.9	-0.000
ACGCGG	193.0	240.1	-0.000
AATTAG	2683.0	2992.6	-0.000
GTTCTG	3565.0	3411.0	-0.000
CATTCG	369.0	408.6	-0.000
CTAAAC	1480.0	1382.6	-0.000
TGAATT	5649.0	4850.6	-0.000
CTTGGT	3474.0	3215.9	-0.000
AAAATA	8482.0	7165.0	-0.000
CCTATT	2582.0	2315.3	-0.000
GCTGTC	2335.0	2108.5	-0.000
CACTAG	1224.0	1165.8	-0.000
CCTTCG	698.0	706.3	-0.000
TAGCCC	1502.0	1404.7	-0.000
GAGAAC	2226.0	2017.6	-0.000
CAGCGC	723.0	729.8	-0.000
CCACAC	4076.0	3560.9	-0.000
ATCCAG	2966.0	2639.5	-0.000
ACACCA	2868.0	2557.5	-0.000
CATTAC	1720.0	1591.9	-0.000
CACGGG	541.0	567.0	-0.000
GGCGTT	506.0	536.4	-0.000
CGCATG	463.0	497.9	-0.000
GGGGAA	3086.0	2740.3	-0.000
TTCGGG	517.0	547.0	-0.000
CTAACC	1092.0	1053.7	-0.000
CCGAGA	906.0	943.2	-0.000
AGAACC	1986.0	1819.9	-0.000
GCGGCT	743.0	749.1	-0.000
TGCGGG	719.0	728.6	-0.000
CCATGT	5920.0	5755.6	-0.000
CTGAAC	2130.0	1942.1	-0.000
CATCTT	4748.0	4121.2	-0.000
GAGGGA	3508.0	3095.9	-0.000
GTCCCC	2142.0	1953.1	-0.000
GTTTGT	8161.0	7210.1	-0.000
GGGGCG	1019.0	1058.1	-0.000
CTCTTA	2903.0	2593.6	-0.000
TTGTGG	4242.0	3705.6	-0.000
TACATG	2419.0	2187.5	-0.000
ACTAAA	2627.0	2514.6	-0.000
ATACAC	1621.0	1512.9	-0.000
GGGTTT	8218.0	8075.4	-0.000
TGCGTT	701.0	714.0	-0.000
CCCGTT	549.0	577.8	-0.000
TTAGTG	2930.0	2617.3	-0.000
TTATGC	2092.0	1913.8	-0.000
ATGCGG	394.0	436.9	-0.000
TCCGTT	676.0	693.4	-0.000
ACATGA	2550.0	2301.7	-0.000
TAGTTA	2303.0	2093.8	-0.000
ATCAGA	2745.0	2465.9	-0.000
ATTAGG	1815.0	1680.8	-0.000
CAAGAT	2714.0	2509.9	-0.000
TCATTA	3155.0	2808.5	-0.000
TGTGTA	4088.0	3584.6	-0.000
CAATGA	2136.0	1953.9	-0.000
CACTCC	2582.0	3095.9	-0.000
GTTCCG	383.0	427.9	-0.000
GATGTC	1666.0	1555.3	-0.000
ATTGGG	2016.0	1853.6	-0.000
ACTTCT	4127.0	3619.6	-0.000
GGCAAG	2451.0	2221.2	-0.000
GAGCTC	2971.0	2658.1	-0.000
CCACGA	516.0	551.4	-0.000
CATTAT	3301.0	2934.2	-0.000
GGGAGA	3757.0	3314.8	-0.000
ACGTGT	728.0	742.2	-0.000
TATGCA	2140.0	1960.1	-0.000
GGGATG	2513.0	2337.5	-0.000
AAGGGG	2387.0	2170.4	-0.000
CTGAAT	3681.0	3254.5	-0.000
TATCTA	2035.0	1873.9	-0.000
CAAAGG	2922.0	2713.9	-0.000
AAGTTC	2806.0	2701.7	-0.000
CCACGG	726.0	742.7	-0.000
ACACGC	519.0	556.6	-0.000
GTGGGG	3537.0	3136.8	-0.000
CCATCA	3016.0	2701.3	-0.000
CCAAGA	3058.0	2736.0	-0.000
GACCTG	2074.0	1909.8	-0.000
GCATGC	2704.0	2440.9	-0.000
GAGGCG	1405.0	1337.6	-0.000
ACGGGG	1804.0	1928.9	-0.000
TATGGG	1684.0	1579.0	-0.000
TGCCTG	7508.0	7129.9	-0.000
CATGGG	2226.0	2039.0	-0.000
CCTAAC	1236.0	1192.4	-0.000
CTAGTC	1372.0	1310.5	-0.000
CAGATC	2004.0	1852.7	-0.000
CCCTAT	1420.0	1353.7	-0.000
TAGCCA	2815.0	3007.5	-0.000
CTCGAA	1792.0	1671.2	-0.000
TGTATC	2451.0	2230.7	-0.000
AGCGCT	556.0	653.6	-0.000
CCGTTT	942.0	937.5	-0.000
GAGTTA	2037.0	1882.9	-0.000
ACACAA	2399.0	2189.5	-0.000
CCTTAT	2400.0	2190.1	-0.000
AGGACT	2648.0	2399.0	-0.000
GGAGGG	3984.0	3517.9	-0.000
GGGCGG	1285.0	1238.2	-0.000
TGAGGA	4161.0	3664.4	-0.000
GGTTAC	1295.0	1247.2	-0.000
AAGACC	2070.0	1913.0	-0.000
AACCCC	1973.0	2046.3	-0.000
TGATTG	3004.0	2699.6	-0.000
TGCTAT	3067.0	2753.7	-0.000
TCCAGA	3827.0	3518.1	-0.000
AGTTCT	4820.0	4213.0	-0.000
CATTGA	2652.0	2405.8	-0.000
CTGTGG	4411.0	4267.3	-0.000
GCCCTG	3646.0	3517.0	-0.000
CACGGA	483.0	529.6	-0.000
TTCTAA	4208.0	3707.7	-0.000
ACCCCT	2226.0	2049.9	-0.000
CCGCTG	801.0	845.2	-0.000
GATAGT	1676.0	1581.0	-0.000
TAAGGC	1512.0	1440.6	-0.000
CGAAGC	406.0	458.7	-0.000
TGAGGC	3827.0	3936.9	-0.000
GGATTT	5004.0	4375.0	-0.000
CACCAC	8838.0	7783.4	-0.000
TTACAT	4106.0	3628.0	-0.000
CGAGAT	809.0	827.2	-0.000
TGGTTA	2621.0	2387.6	-0.000
TTATCT	4224.0	3986.8	-0.000
ACCCTA	1260.0	1225.2	-0.000
CATGTC	2352.0	2160.8	-0.000
ATGCAC	1996.0	1858.6	-0.000
TAGGCC	1335.0	1289.2	-0.000
TAGGTC	1295.0	1254.4	-0.000
TCTAAT	2860.0	2589.7	-0.000
TTGCGT	573.0	615.4	-0.000
CATAAA	2999.0	2707.6	-0.000
TTGCTT	7307.0	6930.9	-0.000
GCGCGT	274.0	336.4	-0.000
AAATTC	3795.0	3374.1	-0.000
CTTGCG	435.0	488.3	-0.000
GACCTT	2608.0	2379.9	-0.000
AGGGGA	2905.0	2629.3	-0.000
TTGGTG	4030.0	3572.6	-0.000
ACGTTC	437.0	491.2	-0.000
TTGGCA	3326.0	2985.4	-0.000
ACAATA	2104.0	1955.6	-0.000
ACACCC	2627.0	2397.1	-0.000
TGGGAG	4537.0	5285.9	-0.000
CAAACC	1901.0	1783.0	-0.000
TGTGGT	4521.0	4292.4	-0.000
GCACAT	2298.0	2125.1	-0.000
TGATGT	3698.0	3355.5	-0.000
ACCAAC	1475.0	1416.0	-0.000
TAAGGG	1585.0	1513.3	-0.000
TCCTTA	2870.0	2605.4	-0.000
GCCCTA	1184.0	1167.4	-0.000
TTAGCA	2742.0	2499.6	-0.000
TGGGGG	3488.0	3125.6	-0.000
GGGGGC	1826.0	1719.7	-0.000
GGGGCA	2109.0	1965.5	-0.000
TCTATA	2229.0	2063.5	-0.000
GGCCTT	3531.0	3165.8	-0.000
TCTCTG	6677.0	6888.7	-0.000
GCTATT	3037.0	2747.4	-0.000
GCGGAG	1102.0	1091.5	-0.000
GTCTAA	1365.0	1322.2	-0.000
TCCCCG	1001.0	1002.9	-0.000
AATGGG	2531.0	2318.9	-0.000
ATATGC	1844.0	1736.0	-0.000
GACGCT	313.0	376.1	-0.000
GCGCTT	481.0	535.1	-0.000
AGGACC	1594.0	1520.1	-0.000
ATCTAC	1429.0	1378.6	-0.000
GGCGAC	427.0	485.8	-0.000
CCGACC	518.0	568.9	-0.000
GACGCC	360.0	421.6	-0.000
GACTTC	2273.0	2244.7	0.000
GATTTG	3521.0	3598.8	0.000
ATTTGC	3446.0	3950.5	0.000
TTTGCC	5818.0	5090.4	0.000
AGCATG	2700.0	2536.1	0.000
ACCATG	7297.0	6287.5	0.000
CCTGAT	2599.0	2579.5	0.000
CTGATG	2675.0	2960.8	0.000
GATGCC	1699.0	1681.4	0.000
TGCCAG	3696.0	3658.8	0.000
GAGTTT	6696.0	6221.0	0.000
TGGGAA	4348.0	3885.2	0.000
CCTAGC	1707.0	1643.1	0.000
CAAGAC	1901.0	2013.0	0.000
AGACCT	2192.0	2061.6	0.000
CCTTGT	3569.0	3376.4	0.000
GTCTCT	4366.0	4602.1	0.000
TCTCTA	2980.0	3938.7	0.000
CTCTAC	1977.0	2460.5	0.000
TCTACA	1955.0	2146.8	0.000
AAAAAT	9915.0	8726.6	0.000
AGCCAA	2932.0	2756.9	0.000
ATGTGG	3179.0	2892.5	0.000
TGGTGG	4882.0	4644.8	0.000
GGTGCC	2612.0	2560.4	0.000
GCCTGT	3559.0	4265.0	0.000
TCTCTC	6399.0	8328.8	0.000
CTCTCT	6694.0	8736.5	0.000
CTCTCC	3416.0	4912.5	0.000
TCCCTC	4048.0	4862.8	0.000
CCCTCT	3739.0	4212.0	0.000
CCTCTC	4875.0	5254.8	0.000
TCTCTT	8012.0	8129.5	0.000
CTGGTC	5768.0	5159.8	0.000
GGTGAC	1905.0	1848.9	0.000
GAAGCC	2436.0	2467.5	0.000
AAGTCC	1902.0	2027.1	0.000
CCTGTA	2863.0	3577.5	0.000
TGTAAG	2764.0	2560.8	0.000
TGGGGA	3763.0	3630.6	0.000
GGGAGG	4806.0	5758.0	0.000
GGGAAG	3903.0	3638.2	0.000
GGAAGG	3800.0	3655.0	0.000
GAAGGG	2970.0	2866.9	0.000
GGAGGT	2819.0	2911.9	0.000
ATGGGG	3710.0	3784.2	0.000
GGGGAT	1770.0	1831.3	0.000
GATTGG	1824.0	1750.2	0.000
TTGGGC	2452.0	2329.3	0.000
TGACCT	6408.0	5656.6	0.000
ACCAGC	2550.0	2747.6	0.000
CCAGCA	3890.0	4193.7	0.000
CAGCAC	2718.0	3406.9	0.000
AGCACT	2883.0	3263.4	0.000
CAGACC	1750.0	1727.7	0.000
CCTGAA	3760.0	3363.7	0.000
ACAATG	2209.0	2209.5	0.000
GATGGC	1998.0	1944.5	0.000
CACATT	3636.0	3384.9	0.000
TGTTCA	3639.0	3752.5	0.000
TCAGGG	2750.0	2900.5	0.000
ATGGTG	4031.0	3741.7	0.000
TGGTGA	3693.0	3669.5	0.000
GTGAAT	2795.0	2565.6	0.000
GTGTGG	3561.0	3252.4	0.000
GGCAGA	3808.0	3544.1	0.000
CGTTTA	538.0	632.7	0.000
TGCTGA	4228.0	3924.6	0.000
GCTGAT	2671.0	2501.7	0.000
ATGTCT	3531.0	3370.1	0.000
TGTCTG	4026.0	4296.8	0.000
GTCTGT	3407.0	3631.5	0.000
TCTGTG	5082.0	5290.1	0.000
TGTGTC	4037.0	3811.2	0.000
ATCCCT	2094.0	2396.5	0.000
CCTCTT	5292.0	5530.3	0.000
AATGTC	2476.0	2395.0	0.000
TTGTCA	4326.0	4012.4	0.000
TCACTT	5013.0	4759.5	0.000
CTTCTA	2762.0	2803.4	0.000
CCATGA	2237.0	2224.5	0.000
CATGAA	3050.0	2795.6	0.000
TGAATC	2217.0	2086.5	0.000
GAATCC	1610.0	1570.2	0.000
AATCCA	2481.0	2472.6	0.000
ACTGAC	1618.0	1565.5	0.000
TGGGCA	3299.0	3714.1	0.000
GGGCAA	2130.0	2193.1	0.000
AACATG	3014.0	2868.1	0.000
CATGTT	6824.0	6186.6	0.000
TATTCA	3398.0	3141.8	0.000
ATTCAG	3514.0	3212.8	0.000
TACAAA	3381.0	3450.8	0.000
ACAAAA	5160.0	4890.4	0.000
CAAAAA	5570.0	5561.5	0.000
ACTTGG	2890.0	2740.2	0.000
CTCAAA	5925.0	5160.8	0.000
TCAAAA	4397.0	4291.4	0.000
CCAACA	2304.0	2560.4	0.000
GGGCCC	1820.0	1789.6	0.000
ATTTAG	3610.0	3531.0	0.000
TTTAGC	3255.0	2977.7	0.000
CTGACC	4449.0	4643.6	0.000
ACTTTA	3878.0	3479.9	0.000
CTTTAG	2982.0	3207.9	0.000
TTTAGG	3846.0	3446.0	0.000
TTAGGA	2974.0	2764.1	0.000
GGGTGT	2265.0	2310.5	0.000
GGTGGC	3283.0	3219.8	0.000
GAGAAT	3306.0	3205.4	0.000
TTCTCA	5457.0	5466.6	0.000
ATGGGT	2105.0	2024.8	0.000
TCTCAT	4699.0	4441.2	0.000
CTCATA	1867.0	1841.7	0.000
TAGTCC	1298.0	1534.3	0.000
CCTAGA	1978.0	1859.9	0.000
GATTTA	3016.0	2817.3	0.000
TCCTAT	2217.0	2194.9	0.000
ATTTAC	3261.0	3127.7	0.000
ACTCTA	1710.0	1625.0	0.000
CTCTAT	2456.0	2493.5	0.000
TCTATC	1890.0	1919.8	0.000
TATCAA	2040.0	1915.7	0.000
TCAAAG	3323.0	3257.4	0.000
TTTATC	4516.0	4427.0	0.000
TTATCA	2988.0	2987.2	0.000
TATCAG	2338.0	2266.0	0.000
TATTTC	6093.0	6291.6	0.000
ATTTCT	8520.0	8858.0	0.000
TCCATA	2015.0	1916.6	0.000
TAATCC	2322.0	3049.1	0.000
TCCTTC	4790.0	5980.9	0.000
CCTTCT	5148.0	5459.1	0.000
CTATCC	1198.0	1250.2	0.000
TCCTCT	4722.0	5967.8	0.000
CTCTTC	3626.0	4758.9	0.000
TCTTCA	4148.0	4363.8	0.000
TCAACA	2166.0	2151.4	0.000
CAACAA	2396.0	2227.0	0.000
CAATAT	2358.0	2216.9	0.000
GACAAT	1653.0	1576.4	0.000
CCAATC	1185.0	1307.1	0.000
ATCAAT	1803.0	2000.5	0.000
TCAATA	1911.0	2078.0	0.000
TACTCA	2038.0	2056.5	0.000
ACTCAT	2167.0	2122.1	0.000
TCATCA	2843.0	2876.7	0.000
CAATAA	2313.0	2196.4	0.000
AATAAA	6658.0	5777.8	0.000
CCCCTT	3063.0	3186.1	0.000
CCCTTT	4805.0	5104.7	0.000
CCTTTC	4257.0	5571.0	0.000
CTTTCA	4423.0	4789.7	0.000
TTTCAC	7458.0	8159.4	0.000
TTCACT	5726.0	5492.2	0.000
AGTCCC	1905.0	2278.6	0.000
GAGGTT	2816.0	3161.7	0.000
AAGGCA	3100.0	2940.4	0.000
CCCCTC	2948.0	3373.1	0.000
CTCTGA	3355.0	4057.3	0.000
CTGACA	2285.0	2330.4	0.000
GGCCTG	3699.0	3573.3	0.000
CTGCTC	3626.0	3808.9	0.000
CTCCTT	4769.0	5319.9	0.000
CTTCTC	3976.0	4989.1	0.000
TCACAT	2865.0	2885.2	0.000
CACATG	2622.0	2621.9	0.000
TTAGGG	2008.0	2058.2	0.000
GGTGCT	2522.0	2402.2	0.000
GTGCTT	3217.0	3111.5	0.000
TGCTTA	2853.0	2616.3	0.000
GCTTAG	1641.0	1628.1	0.000
GCTGTT	3915.0	3726.8	0.000
TGTGGG	3469.0	3413.2	0.000
GTGGGT	2554.0	2497.7	0.000
TAAGTC	1636.0	1592.8	0.000
CCCATT	3000.0	3434.2	0.000
CCATTG	2719.0	2669.2	0.000
ATTGGT	2608.0	2471.3	0.000
TTGGTC	3145.0	2993.7	0.000
GGTCTA	1086.0	1207.0	0.000
TCTAGT	2413.0	2304.3	0.000
AAGGGC	1788.0	1838.1	0.000
AGGGCT	2509.0	2696.8	0.000
GGGCTT	2725.0	2666.5	0.000
CTGATT	3998.0	3815.2	0.000
TTCAGT	5459.0	4919.3	0.000
TCAGTT	4758.0	4430.2	0.000
GTTGAT	2453.0	2269.2	0.000
TTGATG	3590.0	3216.6	0.000
GATGCA	1993.0	1873.3	0.000
GGGGTT	4899.0	5105.3	0.000
TTTGCA	5312.0	5550.4	0.000
GTCCTT	2801.0	2868.4	0.000
CTGAGG	4029.0	4843.6	0.000
TGAGGG	2665.0	2671.8	0.000
GGCTTT	4327.0	4430.1	0.000
GCTTTG	4564.0	4460.8	0.000
CTTTGA	4722.0	4298.6	0.000
GCTCTT	4370.0	4533.6	0.000
GGTCTG	2605.0	2425.7	0.000
TCTGTA	4011.0	3683.8	0.000
AATTTC	4688.0	4758.9	0.000
TTTCTA	6569.0	6015.3	0.000
ATCGCT	443.0	705.9	0.000
TATCCC	1446.0	1496.7	0.000
ATCCCC	1683.0	1709.8	0.000
CCCCAC	2976.0	3079.9	0.000
GTCAAA	2014.0	1923.8	0.000
ACACTC	1490.0	1648.0	0.000
GGAAGC	2581.0	2674.3	0.000
ATCTGC	3463.0	3197.7	0.000
TCTGCT	5168.0	5157.8	0.000
GAGCCC	2191.0	2370.2	0.000
AGCCCT	2619.0	2983.8	0.000
CTTTTC	9536.0	9238.8	0.000
CATTGT	3737.0	3352.3	0.000
TATTAG	2479.0	2413.1	0.000
CATCAC	2486.0	2312.8	0.000
CTACAC	1126.0	1208.0	0.000
GCCTAT	1574.0	1617.4	0.000
CTATAA	2074.0	1978.4	0.000
ACTTTG	5134.0	4967.6	0.000
ATATCT	3052.0	2807.0	0.000
CATGGA	2556.0	2390.9	0.000
GGAGGC	3528.0	4578.3	0.000
GAGGCC	2625.0	3102.3	0.000
AGGCCA	3160.0	3097.4	0.000
GGGTTG	2095.0	2176.4	0.000
AGCTTT	5411.0	5291.1	0.000
CTTTGG	4678.0	5507.1	0.000
TTGGGG	3839.0	3437.7	0.000
ATTCCT	4044.0	3971.3	0.000
TTCCTT	9098.0	10083.5	0.000
TCCTTT	9295.0	9053.3	0.000
TGTCTA	2223.0	2099.7	0.000
TCTAGA	2398.0	2224.8	0.000
TAGATT	3336.0	3024.9	0.000
TTCTTC	7893.0	7606.6	0.000
ATGTGT	4263.0	4160.2	0.000
TGTGTG	8401.0	9509.2	0.000
GGGTGG	3544.0	3192.3	0.000
GGGCAT	1848.0	1868.8	0.000
CATCCA	2649.0	2538.5	0.000
ATCCAT	2360.0	2520.4	0.000
AGGTTT	5181.0	4697.3	0.000
TGGATG	2854.0	2649.2	0.000
GGATGC	1486.0	1553.2	0.000
CCCTAC	1274.0	1299.2	0.000
CACACA	4368.0	4340.7	0.000
ACACAT	2684.0	2460.6	0.000
ACATTC	2480.0	2387.2	0.000
GAACCC	1441.0	1725.0	0.000
AACCCG	389.0	551.4	0.000
AAAAAA	17874.0	18989.3	0.000
GAATCG	383.0	511.5	0.000
CAAAGC	2558.0	2448.9	0.000
GGTTTC	5955.0	6804.7	0.000
GTTTCA	7033.0	7591.3	0.000
TTTCAA	5922.0	5790.5	0.000
GCCAAC	1491.0	1584.5	0.000
ACCCCA	2573.0	2619.1	0.000
CCCCAT	2502.0	2838.0	0.000
ATGGCC	1839.0	1973.0	0.000
CTCCAT	3548.0	3789.3	0.000
TCCATG	2713.0	3059.3	0.000
CATGAC	1503.0	1501.4	0.000
TGACTT	4376.0	3998.1	0.000
GACTTT	4234.0	3762.2	0.000
CCATTT	6344.0	6103.1	0.000
CATTTC	4655.0	5248.5	0.000
ATTTCA	5823.0	5694.7	0.000
TTTCAT	8198.0	7690.1	0.000
TTCATA	3628.0	3265.8	0.000
TGTCAA	2302.0	2454.7	0.000
AAATCC	2479.0	2324.9	0.000
TTAATC	2615.0	2457.0	0.000
TCATTT	9066.0	8270.9	0.000
CACTCA	2757.0	2712.6	0.000
CTCATT	5176.0	4878.9	0.000
CATTTA	4938.0	5051.0	0.000
TTTACA	5075.0	4664.6	0.000
ATCTAT	2202.0	2218.1	0.000
TGGCCA	5842.0	5977.4	0.000
CCATCC	2705.0	2751.7	0.000
TCCCCT	3714.0	3809.3	0.000
CCCTTA	1692.0	1714.8	0.000
GCGGGC	861.0	897.7	0.000
CGGGCG	687.0	785.6	0.000
GGGCGC	774.0	949.2	0.000
GCTTTC	3074.0	3814.4	0.000
CTCTAA	2044.0	2315.3	0.000
TCTAAG	2166.0	2021.8	0.000
AATGCC	2130.0	2118.6	0.000
TGCCCT	3673.0	3564.2	0.000
AGCCCA	3254.0	3042.3	0.000
CCACTT	3623.0	3362.7	0.000
CACACC	4695.0	4176.2	0.000
CCTACA	1506.0	1546.6	0.000
CTTATC	1618.0	1639.0	0.000
GATGGT	2885.0	3321.4	0.000
AGGGGT	2098.0	2066.7	0.000
GTGGGC	2031.0	2219.6	0.000
CTAGGG	1415.0	1419.3	0.000
TAGGGC	1139.0	1149.0	0.000
GCATTT	5597.0	5500.6	0.000
AAAGCC	2608.0	2404.6	0.000
AATCAC	2257.0	2146.7	0.000
GCGCCC	2023.0	2065.0	0.000
GCCCGC	1898.0	2027.5	0.000
CCCGCT	776.0	862.3	0.000
TTGGGT	3557.0	3309.6	0.000
TGGGTG	3292.0	3690.4	0.000
GTGGTT	3494.0	3212.2	0.000
AATGAG	3125.0	2951.8	0.000
GTGAGG	2783.0	2810.5	0.000
GTTAGT	1738.0	1704.1	0.000
AAGGCC	2034.0	1995.4	0.000
GGCCAC	2071.0	2055.4	0.000
ACACAC	3526.0	3531.4	0.000
ACCTGT	2942.0	2863.7	0.000
CTGTCC	3039.0	2864.4	0.000
TGTCCA	3114.0	2843.4	0.000
AAAGGC	2567.0	2411.3	0.000
AGGCCT	3017.0	3194.7	0.000
GAAGTT	3402.0	3149.6	0.000
AAGTTT	6170.0	5497.1	0.000
GCCTTT	5062.0	4640.2	0.000
ACCACT	2630.0	2505.7	0.000
CCACTC	2308.0	2459.4	0.000
GGACAC	1404.0	1498.4	0.000
GACACT	1627.0	1667.1	0.000
GGCCCC	2028.0	2182.5	0.000
CAACAG	2450.0	2322.4	0.000
ATCACC	2248.0	2157.3	0.000
ACCCCG	648.0	765.7	0.000
CCCCGC	1349.0	1384.8	0.000
AATCCC	2024.0	2891.0	0.000
CCCCTA	1404.0	1376.6	0.000
GAAGTC	2289.0	2347.2	0.000
CATGTG	3872.0	3747.0	0.000
ATGTGC	3070.0	2917.8	0.000
CAGCTA	4352.0	4409.2	0.000
GCTAAT	6990.0	6686.4	0.000
CTAATT	8905.0	8156.3	0.000
TTAGTA	5760.0	6484.2	0.000
GTTTCT	6057.0	6498.8	0.000
TTTCTC	8364.0	10288.2	0.000
TTCTCT	8597.0	9480.6	0.000
CTGTGC	4454.0	3958.3	0.000
TGTGCT	4088.0	3955.0	0.000
TGGTCA	2894.0	2722.0	0.000
GGTCAG	2647.0	2962.4	0.000
GTCAGG	2762.0	3234.0	0.000
ATCTGT	3715.0	3412.8	0.000
GTCTGC	2041.0	2013.2	0.000
CTTAGG	2119.0	2019.8	0.000
GGTCCC	1443.0	1561.3	0.000
GTCCCT	2035.0	2279.8	0.000
ACTTGC	1820.0	2011.8	0.000
CTTGCA	2401.0	2559.4	0.000
TTGCAT	3827.0	3854.9	0.000
GCATCT	2432.0	2465.0	0.000
CATCTG	3229.0	3239.5	0.000
TGAGGT	3812.0	3711.6	0.000
TCGCTT	983.0	1025.9	0.000
TGTCCC	2901.0	2656.5	0.000
TCTCCA	4546.0	5031.6	0.000
CTATTC	2263.0	2180.5	0.000
CTTTGC	3826.0	4334.9	0.000
GGACCC	1201.0	1400.4	0.000
GACCCT	1815.0	1990.2	0.000
ACCCTG	3047.0	2970.8	0.000
CCCTGT	3838.0	3505.3	0.000
CATATG	2330.0	2173.7	0.000
CTGCTT	5636.0	5308.6	0.000
GCTTCT	3378.0	3642.7	0.000
TGTTCC	3022.0	3140.5	0.000
GTTCCT	2835.0	3047.1	0.000
TTCCTC	4716.0	5925.0	0.000
AGGCCC	2113.0	2179.7	0.000
GCCCCT	2301.0	2648.4	0.000
CCCTGA	2893.0	3004.2	0.000
GCACTC	1608.0	2149.3	0.000
GCATGG	2055.0	2203.3	0.000
GGGCGA	595.0	657.9	0.000
AGGACA	2573.0	2413.1	0.000
CGGAGG	950.0	971.6	0.000
GAGGGT	2105.0	2027.0	0.000
GGGTGA	2408.0	2296.0	0.000
TGAATG	3465.0	3343.9	0.000
ATGGTC	2151.0	2301.5	0.000
CTTGGG	3481.0	3470.6	0.000
GAGAGG	3888.0	3555.3	0.000
GGCCCT	2203.0	2329.8	0.000
CAGGAA	4012.0	3870.0	0.000
CAATTT	5251.0	5000.9	0.000
AGCTCT	3688.0	4063.0	0.000
GACACC	1416.0	1410.6	0.000
TGGGGC	2661.0	2731.0	0.000
GGGGCC	1908.0	1965.2	0.000
GGGCCT	2415.0	2627.4	0.000
TGCGTG	853.0	881.6	0.000
GCGTGG	898.0	1014.2	0.000
AAGGGT	1991.0	1936.9	0.000
GGACTT	2336.0	2237.1	0.000
ACTTCC	3171.0	2961.8	0.000
CAGAGC	3248.0	3481.9	0.000
AGAGCC	2641.0	2483.4	0.000
AGGGCC	1957.0	1943.5	0.000
GGGCCA	2148.0	2030.2	0.000
CCCATC	2802.0	2709.8	0.000
AGTTTG	4388.0	4932.1	0.000
TCCACA	2452.0	2606.4	0.000
GCGCCT	1478.0	1431.0	0.000
CTCTGG	3934.0	4008.1	0.000
TCTGGT	3205.0	3130.1	0.000
GTTTGG	3466.0	3357.1	0.000
TTTCCT	10618.0	11214.6	0.000
GGGCGT	602.0	704.1	0.000
GGCCAA	2542.0	2664.9	0.000
GGGCAC	1477.0	1663.1	0.000
GGCACT	2006.0	1907.4	0.000
GCACTT	2677.0	3137.3	0.000
CACTTG	2815.0	3040.8	0.000
CCTTCA	3119.0	3463.0	0.000
CTTTCT	10189.0	11795.7	0.000
TGTGCA	3629.0	3504.5	0.000
GCCAGT	2395.0	2509.5	0.000
GAGGAT	2681.0	2662.1	0.000
CTGTTC	3258.0	3700.6	0.000
TTCCTG	7289.0	6603.6	0.000
CATGGT	2931.0	2887.4	0.000
CGCGCC	1454.0	1427.4	0.000
TTCTAT	4088.0	3829.6	0.000
TCTATT	4213.0	4260.7	0.000
AGGGAC	1998.0	1947.7	0.000
TCCCTT	4097.0	4923.2	0.000
CCCTTC	2764.0	3582.9	0.000
GGCAGC	2653.0	2630.1	0.000
GGTATC	1248.0	1275.0	0.000
GGCTGT	3292.0	3041.9	0.000
CTTCAT	3766.0	3776.6	0.000
TTCATG	4207.0	3793.3	0.000
GACCCC	1402.0	1439.8	0.000
TCATCT	3733.0	3785.0	0.000
TCTTTC	9094.0	10503.0	0.000
CTTTCC	4429.0	6109.8	0.000
TTTCCC	6593.0	6502.3	0.000
GGCTGC	3172.0	3364.3	0.000
GCAAAT	2688.0	2465.6	0.000
CAAATC	2066.0	2025.9	0.000
CCCACA	2674.0	2672.2	0.000
GTCAGT	2152.0	2080.7	0.000
TCCTTG	3735.0	4021.3	0.000
GGCCAG	5417.0	5467.8	0.000
GCCAGC	2529.0	2529.2	0.000
GTGTCT	3660.0	3729.6	0.000
GTCTGA	2224.0	2158.1	0.000
CACAAA	3101.0	2812.1	0.000
TTTCAG	7270.0	6598.8	0.000
GCCCAT	2012.0	2051.9	0.000
ATGTTC	2586.0	2441.3	0.000
AGTTCC	2147.0	2330.0	0.000
GTTCCC	1916.0	2011.2	0.000
TTCCCT	4950.0	5876.6	0.000
TCCCTG	4419.0	4772.0	0.000
AAGCTT	3159.0	2973.5	0.000
CCTTTG	4286.0	4764.1	0.000
CAGGGC	2676.0	2765.0	0.000
CGTTCC	483.0	558.5	0.000
TCTGCA	3357.0	3977.8	0.000
GGCTTC	2855.0	2900.3	0.000
TCCAAT	1844.0	2033.5	0.000
CCAATG	1640.0	1593.2	0.000
CCTTTA	3328.0	3390.4	0.000
CTTTAC	2499.0	2439.7	0.000
TCACCA	5655.0	5319.2	0.000
AAGCCC	1984.0	2057.0	0.000
TGATGG	2994.0	3278.9	0.000
GGTTGT	2312.0	2398.8	0.000
GATGTT	3118.0	2860.3	0.000
CCAGTT	3474.0	3551.6	0.000
GCCCTC	2249.0	2437.4	0.000
CGGGGC	954.0	974.4	0.000
GGGGCT	2428.0	2520.6	0.000
GTTTAC	2087.0	2022.8	0.000
AAACCC	2047.0	2402.4	0.000
TGGGCG	873.0	1075.7	0.000
GGTTGC	1672.0	2159.8	0.000
CCTGTT	4290.0	4020.2	0.000
TCAGGA	3273.0	4048.2	0.000
GGATGT	2053.0	1973.2	0.000
TTCATT	7835.0	7417.5	0.000
CAGAGA	4461.0	4419.5	0.000
AGAGCT	3211.0	3075.7	0.000
GTCTTC	3091.0	2880.4	0.000
TCTTCC	5468.0	5538.0	0.000
GGTGTT	3022.0	2762.0	0.000
ACATGG	2747.0	2598.7	0.000
TCTTTA	5802.0	5845.9	0.000
CGCGGT	341.0	415.1	0.000
GGTGTC	1967.0	1861.5	0.000
GTGTCC	2024.0	2052.8	0.000
TGTCCT	3854.0	3710.4	0.000
CAGGTC	2000.0	1911.1	0.000
CCGCGA	210.0	277.7	0.000
GCTTTA	2853.0	2795.3	0.000
CGTTTG	716.0	800.2	0.000
AGCCGA	620.0	762.5	0.000
CAGTTT	6624.0	6192.7	0.000
TCGGGA	606.0	751.3	0.000
GGGAGC	2152.0	2167.6	0.000
CCACAT	2841.0	2748.1	0.000
CACATC	2124.0	2147.5	0.000
AACACA	2922.0	2696.1	0.000
ATTTCC	4083.0	4783.2	0.000
TCTTCT	7800.0	7534.4	0.000
CTGCTA	2168.0	2138.1	0.000
CGCCCC	1071.0	1171.9	0.000
CACGCC	4017.0	3637.7	0.000
AGGCGC	1639.0	1849.2	0.000
GGCGCC	1789.0	1859.9	0.000
ACCACG	2683.0	2503.1	0.000
ACGCCC	1584.0	1738.4	0.000
TGCATG	2857.0	2927.7	0.000
GATATC	1274.0	1247.5	0.000
AAACAC	2574.0	2460.7	0.000
GTGTGT	7312.0	8359.2	0.000
GCACCT	2693.0	2574.3	0.000
ACATGC	2143.0	2027.9	0.000
AGTTTC	5251.0	5665.9	0.000
TATGCT	2279.0	2186.1	0.000
ATGCTT	3467.0	3299.4	0.000
GTTTGC	2609.0	3062.6	0.000
AGCACC	1935.0	2088.8	0.000
TCGGTG	473.0	530.1	0.000
GCTGCT	3708.0	3884.7	0.000
CTTTAA	4721.0	4412.3	0.000
AATCGC	297.0	506.9	0.000
TGCTTG	3510.0	3867.5	0.000
GGCCGA	848.0	960.6	0.000
GTTTCC	3591.0	4136.0	0.000
CCCTAA	1652.0	1591.6	0.000
CGGGTG	781.0	846.6	0.000
GGACGC	343.0	414.1	0.000
GGGCAG	3388.0	3312.6	0.000
TCAGAT	3450.0	3308.9	0.000
CAGATG	3740.0	3457.0	0.000
TCCACT	2699.0	2885.8	0.000
CTAGTT	2476.0	2393.9	0.000
GCCAAT	1719.0	1636.3	0.000
CCAATT	2488.0	2358.9	0.000
AATTCC	2813.0	2614.8	0.000
ATTCCC	2534.0	2358.1	0.000
TATGTG	3359.0	3225.3	0.000
AATTCA	3547.0	3203.3	0.000
ATTCAT	3802.0	3609.2	0.000
TTCATC	3204.0	3450.5	0.000
TCTGAT	3209.0	3550.4	0.000
GTTTAG	2298.0	2256.4	0.000
TGGATC	1871.0	1857.4	0.000
CCCCGT	705.0	830.5	0.000
TATTCC	2595.0	2535.7	0.000
CACTTT	5954.0	5772.3	0.000
CAAACA	3178.0	3033.7	0.000
AAACAA	5361.0	4690.0	0.000
GCTTGT	2441.0	2484.7	0.000
AACCCA	2158.0	2182.8	0.000
AACACC	1584.0	1558.5	0.000
CATTTG	4819.0	4776.5	0.000
TGCATT	4567.0	4448.7	0.000
TTCTAC	2461.0	2410.1	0.000
TCTACT	2423.0	2778.7	0.000
AATTTG	5010.0	4942.7	0.000
GTCAAT	1173.0	1481.6	0.000
TCAATT	2811.0	3301.4	0.000
TTGCTA	3048.0	2882.7	0.000
CTAAGG	1559.0	1507.4	0.000
GCTCCA	2456.0	2649.8	0.000
TGGCAA	2944.0	2680.8	0.000
TCAGAG	3499.0	3717.0	0.000
CGCTTG	609.0	754.2	0.000
CGGGCA	728.0	820.5	0.000
AGGGAG	3916.0	3775.4	0.000
GAGGGG	2743.0	2587.0	0.000
ATTCCA	3145.0	3055.2	0.000
TTCCAT	4271.0	4481.9	0.000
TCCATT	4099.0	4283.9	0.000
GGTTTG	3259.0	3429.3	0.000
GCGGAT	372.0	457.6	0.000
GCAAAA	3211.0	2904.6	0.000
AGATCC	1778.0	1805.1	0.000
GCCGGC	839.0	864.9	0.000
GGCGGA	996.0	1022.7	0.000
TGGTCC	1897.0	1839.4	0.000
GGTCCT	1909.0	1981.5	0.000
GTGGAT	2359.0	2238.5	0.000
ATTTGG	4438.0	4061.3	0.000
TGCGGC	583.0	682.1	0.000
AGGTCA	2381.0	2701.6	0.000
AAATAC	3705.0	3384.6	0.000
ATACAA	2555.0	2551.2	0.000
GTCATT	3183.0	2922.6	0.000
GCGCTC	491.0	682.9	0.000
GAGGTC	1892.0	2303.1	0.000
CTATGA	1811.0	1763.2	0.000
GCCCTT	2383.0	2646.7	0.000
CCCGCA	527.0	650.1	0.000
CGCTCC	725.0	819.1	0.000
GGAAGT	2892.0	2658.9	0.000
TGTCAG	3173.0	3015.6	0.000
TTCACA	3727.0	3563.5	0.000
GCTTGC	1924.0	1863.5	0.000
GCTACT	2014.0	2220.4	0.000
CTACTC	1545.0	1925.0	0.000
TACTCG	308.0	452.7	0.000
AGGTCC	1309.0	1443.4	0.000
TTCCCC	4540.0	4228.0	0.000
TATCTC	2622.0	2798.8	0.000
CCACTA	1913.0	1829.2	0.000
TGTTAG	3153.0	3197.6	0.000
GTTAGC	1561.0	1995.6	0.000
ACGCCT	1428.0	1468.0	0.000
GAGCAT	2049.0	2048.6	0.000
CTATGT	3179.0	2917.8	0.000
TGCATA	2371.0	2269.9	0.000
TTCCAA	4181.0	3959.1	0.000
GCGTTT	828.0	869.7	0.000
TTTGGC	4394.0	4303.2	0.000
GGTACC	988.0	999.9	0.000
CAGGAC	1872.0	2050.0	0.000
CAATAG	1491.0	1467.6	0.000
CTCTAG	2070.0	1987.6	0.000
GGTTCC	1823.0	1800.5	0.000
CAACAC	1635.0	1662.1	0.000
AACACG	455.0	525.2	0.000
CATTCA	3001.0	3163.4	0.000
GATTTC	3684.0	3682.1	0.000
TTGCAC	2253.0	2313.7	0.000
ACCCTT	2171.0	2120.4	0.000
TTAGTC	1800.0	1876.8	0.000
GTCTAT	1411.0	1705.1	0.000
TCTAAA	3170.0	2907.3	0.000
ATCTCT	4353.0	4488.4	0.000
ATTGCT	3760.0	3752.6	0.000
GTCAGA	2264.0	2190.2	0.000
TCTGCG	564.0	712.0	0.000
CTGCGG	894.0	1020.1	0.000
AGTTCG	490.0	566.7	0.000
ACTTGA	2983.0	2707.7	0.000
ATCAGG	2047.0	2124.9	0.000
CACACG	700.0	741.2	0.000
ACACGG	513.0	652.6	0.000
CACAGA	3376.0	3194.4	0.000
GAGCTT	2495.0	2630.3	0.000
GAGACC	2716.0	2594.5	0.000
AGACCA	2852.0	2725.4	0.000
GCAAGG	1954.0	1936.0	0.000
TATCCA	2107.0	1970.2	0.000
CATGCA	2864.0	2613.0	0.000
TTTCCA	6040.0	6499.2	0.000
TCCATC	2938.0	3132.0	0.000
GTTCCA	2364.0	2345.9	0.000
AGTTTA	3808.0	3662.6	0.000
ATGTCC	1784.0	1972.0	0.000
GTCCAT	1551.0	1608.3	0.000
TCATTC	3626.0	3827.0	0.000
CATCTA	1811.0	1816.4	0.000
ACTTTC	3281.0	3503.4	0.000
TGTGCG	748.0	791.6	0.000
CCTTGC	2727.0	2878.2	0.000
GTCCAC	1302.0	1301.8	0.000
CCCGTC	791.0	831.4	0.000
TTCCTA	3340.0	3482.0	0.000
GCGCGC	627.0	687.1	0.000
TGCGCG	298.0	419.2	0.000
AGTCAG	2770.0	2736.9	0.000
CTCGAT	904.0	988.0	0.000
GCAGAT	2484.0	2298.4	0.000
AGATGC	2158.0	2149.0	0.000
ACATCT	2752.0	2513.0	0.000
AGTTAG	2024.0	1914.3	0.000
TATGTC	2033.0	1940.3	0.000
CCTCTA	2174.0	2226.4	0.000
AACCCT	1957.0	2054.6	0.000
CCCGAC	639.0	685.9	0.000
CACTTA	2309.0	2243.5	0.000
ACAAAC	2274.0	2130.6	0.000
CATTCC	2602.0	2688.3	0.000
CTTGTA	2706.0	2599.0	0.000
CTGATC	2208.0	2097.8	0.000
CGTTTC	840.0	977.1	0.000
TTCCAC	3185.0	2929.5	0.000
CCCTTG	2471.0	2471.3	0.000
CTTCAC	2453.0	2679.9	0.000
CTAAAA	3573.0	3501.6	0.000
AGTCAA	1997.0	1906.6	0.000
TTCAAT	2877.0	3138.6	0.000
AGATCG	528.0	636.8	0.000
TTGCGG	463.0	527.6	0.000
CAGAAC	2296.0	2133.8	0.000
GCATTC	1917.0	1958.7	0.000
CAAAAC	2910.0	2693.7	0.000
CACTAA	1612.0	1539.1	0.000
CCTATC	1168.0	1249.5	0.000
ATTAGT	2245.0	2246.3	0.000
CGTTAG	331.0	406.6	0.000
ATTGTG	3450.0	3201.9	0.000
TGCACA	2703.0	2793.4	0.000
ATATCC	1651.0	1605.7	0.000
TACTAA	1962.0	2054.1	0.000
CCTATG	1562.0	1571.3	0.000
TGCACG	593.0	663.3	0.000
GCACGT	688.0	757.6	0.000
AGACCC	1831.0	1913.3	0.000
CTGATA	2072.0	1935.6	0.000
TAGTTC	2076.0	1966.0	0.000
ACGCTC	352.0	425.9	0.000
CATCAA	1977.0	1923.1	0.000
CTACTA	1377.0	1586.6	0.000
GATCCC	1383.0	1463.2	0.000
CTACAT	1862.0	1776.2	0.000
GCTAGC	943.0	1003.5	0.000
TCTATG	1828.0	1983.5	0.000
ACACTT	2828.0	2662.9	0.000
CTATGC	1381.0	1417.3	0.000
TCACGA	506.0	563.6	0.000
CTAACA	1642.0	1579.0	0.000
TAGATC	1300.0	1340.0	0.000
ATGCAT	2561.0	2367.6	0.000
CGAAAC	297.0	366.1	0.000
AACGCT	313.0	403.9	0.000
