OligoSequence	Target Occurences	Background Occurences	Enrichment(ln p, up to 2 mismatches)
TGCATG	6110.0	4669.7	-2472.976
GCATGT	3783.0	3990.1	-891.224
GCATGC	3011.0	3060.8	-779.315
AGAAGA	4997.0	7142.0	-488.709
GAAGAA	5023.0	7202.0	-485.633
AAGAAG	4722.0	6671.2	-484.622
CGAAGA	587.0	890.8	-477.736
TGAAGA	3974.0	5811.8	-363.633
TTGCAT	2936.0	4005.1	-351.848
GACGAA	306.0	662.9	-345.333
TGACGA	399.0	721.7	-308.409
CGCATG	711.0	974.9	-298.892
GAAGAT	2794.0	3990.3	-286.440
GAAGAC	1887.0	3457.6	-253.055
GATGAA	2587.0	4007.1	-239.881
GACGAT	333.0	523.8	-237.271
CGATGA	460.0	704.8	-223.280
ATGCAT	2198.0	3170.3	-220.076
TGCACG	632.0	1375.1	-205.409
ACGAAG	418.0	858.5	-202.880
ATGAAG	2744.0	4746.4	-198.612
GTGCAT	2313.0	3467.5	-198.589
TGATGA	2832.0	4478.3	-190.709
AAGACG	507.0	1052.9	-185.187
TGGATG	2524.0	5392.8	-182.061
AGACGA	479.0	818.8	-179.638
AAGAAC	1831.0	3389.8	-176.758
CATGCT	2297.0	3548.6	-174.394
AGATGA	2719.0	4864.9	-173.910
TGAATG	2146.0	5061.4	-169.518
CTGCAT	2747.0	4432.9	-168.427
AGGTAA	2137.0	3295.5	-163.700
TGCATC	1304.0	2929.3	-159.631
CGACGA	220.0	328.1	-158.061
AAGATG	2642.0	4864.3	-148.726
GCATGA	1908.0	3723.9	-145.031
GGTAAG	1854.0	2864.5	-142.002
CATCGA	499.0	552.4	-141.581
GATGAT	2111.0	3357.2	-140.837
TGCGTG	1151.0	2290.4	-136.343
GAAGAG	3846.0	6809.3	-135.835
GAACAA	1479.0	2897.8	-134.309
GTATGC	741.0	1375.8	-133.086
AGCATG	2314.0	4103.1	-132.488
AGAAGC	2659.0	4921.9	-131.348
GTACGT	345.0	663.9	-131.146
AGCAGC	3387.0	6021.6	-129.579
GACGAG	720.0	1138.8	-126.164
TGCTTG	2202.0	5069.8	-124.959
GGACGA	636.0	1074.0	-123.383
TGCATA	987.0	2760.6	-122.818
GTAAGT	1687.0	2648.3	-120.906
CAAGAA	2488.0	4215.8	-118.759
AACAAG	1639.0	3194.3	-117.024
GGCATG	2065.0	5611.9	-115.089
CAGCAG	4158.0	7664.3	-109.615
GAAGCA	2272.0	4716.1	-105.089
GGGTGG	5915.0	11399.7	-102.696
GGTGGG	6522.0	12718.9	-99.481
GCATGG	2523.0	4609.3	-99.451
CAACGA	289.0	471.2	-99.162
AAGCAG	2773.0	5761.4	-98.576
CAGAAG	3163.0	6293.3	-98.035
AGGACC	1564.0	3322.4	-95.600
GATGAC	1299.0	2398.0	-95.469
TCCATG	1533.0	4150.9	-95.141
ATGACG	321.0	720.4	-94.102
GGACCG	706.0	1377.6	-91.901
AGTACG	294.0	425.9	-91.762
GCAAGT	1137.0	2768.9	-90.696
AACAGC	1561.0	3044.7	-89.503
GCAGCA	3133.0	5736.9	-89.294
GAGGAC	2047.0	4047.0	-88.921
CGAGGA	1091.0	1858.0	-88.667
CGACAA	253.0	418.9	-87.488
AGAACA	2078.0	4408.2	-86.563
CATCAA	1303.0	2306.1	-85.948
GATGAG	2274.0	4435.6	-85.666
GCACGT	622.0	1331.4	-85.347
GACGAC	381.0	614.4	-84.671
TTTTTC	5269.0	10253.3	-84.591
GGTACG	322.0	526.3	-83.801
AGCAGA	2723.0	5763.2	-83.556
GCATAC	455.0	1063.2	-82.712
GAAGTA	1378.0	2617.9	-82.189
ATGATG	2428.0	4353.5	-81.775
AGAGGA	3729.0	7291.4	-81.632
TGTATG	1880.0	4211.8	-81.308
GGGGGG	3292.0	6145.1	-80.362
CAGGTA	1927.0	3357.0	-79.717
GAGGAG	5467.0	10749.6	-78.563
AAGGTA	1720.0	2954.8	-77.737
GGAAGA	3968.0	7621.0	-76.826
GTGGGG	5916.0	11732.6	-76.814
CGTCGA	109.0	265.6	-74.444
ACGTAA	285.0	484.3	-73.081
GGCCGT	886.0	1588.1	-73.035
TGCAAG	1368.0	3631.7	-72.970
ATCGAC	245.0	303.0	-72.780
GCATCG	434.0	721.5	-72.738
TTCATG	1562.0	4207.0	-72.681
GCAGAA	2434.0	5235.0	-70.668
GCATCT	1509.0	3272.8	-69.558
CATCGG	379.0	667.8	-69.351
ACAAGA	1541.0	3080.2	-68.742
GACCGT	395.0	776.4	-68.410
AACAAC	1045.0	2123.9	-68.209
GGCGGC	2380.0	4368.0	-68.155
ATCAAC	823.0	1479.9	-67.194
TCGACG	97.0	214.5	-66.739
CCGCAT	501.0	714.7	-66.180
CAGCGG	1199.0	2445.6	-66.106
AGCGGC	1021.0	2012.8	-65.749
TGAGGA	3323.0	6682.1	-65.678
GGATGT	1640.0	3841.3	-65.601
TGCCTG	3755.0	9127.6	-65.175
GTGAGT	2683.0	5024.9	-65.114
GAATGT	1832.0	4095.8	-64.617
TAAGAA	1757.0	4080.0	-64.595
TAGAAG	1513.0	3444.6	-63.840
CAAGTA	1231.0	2482.5	-63.334
AGCATC	1332.0	2649.7	-63.126
GAGGAT	2140.0	4378.0	-62.918
TGAACA	1609.0	3563.0	-62.220
GGATGA	2251.0	4155.3	-61.921
ATCGTC	274.0	422.1	-61.789
CTGAAG	3033.0	5796.9	-61.257
GGAGCA	2638.0	5408.1	-60.506
CGAGTA	381.0	985.4	-59.246
TCATCG	474.0	656.4	-59.135
CCCCTA	872.0	1925.4	-57.547
ATCAAG	1359.0	2366.1	-57.546
GCGTGC	776.0	1744.4	-57.264
GGCCCT	2696.0	5130.0	-57.150
GGTCGG	796.0	1659.8	-57.008
GAGCAG	3318.0	7085.1	-56.915
AAGAGG	3095.0	5995.5	-56.891
TACGAC	164.0	292.9	-56.741
CGTATG	244.0	580.1	-55.688
AAGATC	1437.0	2545.7	-55.552
GAACAG	1832.0	3823.1	-55.210
CCGTAC	186.0	330.6	-55.141
GTACCG	221.0	443.8	-54.783
GAGCAT	1415.0	2928.0	-53.910
ATCGAG	474.0	815.6	-53.633
GAGGAA	3707.0	7461.5	-53.162
GCAGGT	2601.0	5539.8	-52.933
CGGCGG	1707.0	3111.3	-52.741
GGTGAG	3753.0	7427.0	-52.712
ACGAGG	760.0	1561.9	-52.355
ATCGAA	297.0	401.1	-52.268
ACCGAA	301.0	588.7	-51.982
CGGTGG	1243.0	3045.4	-51.844
ATGCTT	1869.0	3530.7	-51.691
CTGATG	2110.0	4465.6	-51.487
GTACGA	210.0	325.5	-51.396
CCGCAG	1158.0	2326.3	-51.309
CAACAG	1527.0	3139.1	-51.192
ACATCG	403.0	557.5	-50.897
CATCAG	1583.0	3409.0	-50.758
TGGACC	1536.0	2775.3	-50.677
CTGTCC	2513.0	4813.4	-50.508
ATGCGT	372.0	762.9	-50.440
CTTTTT	5495.0	11249.0	-49.074
GGGGTG	4909.0	9976.8	-48.982
ATTGAA	1829.0	3398.9	-48.742
TAGCAT	1089.0	2270.5	-48.428
AGAAGT	2206.0	4785.2	-48.380
CCTTTT	3184.0	6266.6	-48.223
GCTGTG	4157.0	8361.2	-48.091
GCTTGT	1581.0	3368.7	-48.056
TACGAG	321.0	423.0	-48.006
CCTGCA	2942.0	5753.8	-47.989
ACGAGC	371.0	685.4	-47.872
CATGCC	1835.0	4626.6	-47.777
CAACAA	1285.0	2700.5	-46.998
TCGTCA	357.0	679.1	-46.947
CATGCG	531.0	1032.0	-46.744
CCATCG	477.0	902.0	-46.568
ATGAAC	1155.0	2433.5	-46.485
TCCCCC	2189.0	4384.7	-46.462
ACCAGT	1239.0	2406.8	-46.382
TCGCAT	262.0	420.2	-46.199
TGTCCC	2363.0	4543.7	-46.122
GAACGT	446.0	860.8	-45.976
ACCAAC	924.0	1862.1	-45.567
TGCAGG	3299.0	7433.5	-45.538
GCCGTA	240.0	471.5	-45.268
TGGGGG	5472.0	11266.3	-45.219
GTGGAC	1569.0	3007.7	-45.155
AAGTAG	1385.0	3231.5	-45.131
GGGGGT	3301.0	6558.5	-45.112
GCCGCA	735.0	1412.5	-45.008
AAGAAT	2202.0	4739.7	-44.924
AGCAGG	3278.0	7102.9	-44.882
AAGCAT	1530.0	3139.1	-44.882
CCCCCC	1824.0	3423.7	-44.818
CATGCA	1827.0	3570.8	-44.613
AACGTA	263.0	454.0	-44.465
TTGCGT	373.0	776.9	-44.156
CGAGAA	714.0	1169.2	-44.100
GCCTGT	2710.0	6858.9	-43.964
AGGCCC	2565.0	4998.8	-43.917
AAGAGC	1780.0	3760.8	-43.815
AGTATG	1219.0	2390.7	-43.759
TACATG	1009.0	2825.1	-43.752
TTTTAA	4921.0	10094.9	-43.510
GTACGG	285.0	477.6	-43.481
TCGAAG	462.0	692.4	-43.335
ACGATG	379.0	749.5	-42.395
TCGTCG	190.0	354.1	-42.109
CGTCAA	279.0	396.1	-41.941
GGCCCC	2871.0	5910.4	-41.582
AGGAGC	2988.0	6029.2	-41.538
AGGACG	763.0	1540.4	-41.506
GTCAGT	1321.0	2914.5	-41.232
ACAGCA	2165.0	4400.4	-41.175
CATCCG	524.0	818.7	-41.114
GGGCCC	3026.0	6021.8	-41.003
GCCCTG	3886.0	7880.5	-40.995
GGAGGA	5236.0	10828.9	-40.914
CCCCCT	2148.0	4223.6	-40.869
CCCCTC	2800.0	5877.7	-40.737
ATCATC	1168.0	2102.0	-40.521
GCTGAC	1524.0	2838.9	-40.474
GGGGCG	2385.0	5790.8	-40.207
TTGCTT	2716.0	6445.6	-40.005
AGTACC	858.0	1478.1	-39.937
AAGACC	1377.0	3060.3	-39.707
CGTGCA	707.0	1430.4	-39.428
GTAGCA	1017.0	2114.1	-38.992
TCGACA	260.0	399.1	-38.938
ACAACG	268.0	580.7	-38.924
TGCGGA	601.0	1277.9	-38.902
GAAGCT	2293.0	4662.3	-38.740
TACCCC	879.0	1591.9	-38.648
GCAGAT	1684.0	3747.2	-38.634
AGAACC	1338.0	2915.0	-38.606
GTGGCC	2682.0	5316.3	-38.449
GTCGGT	416.0	730.8	-38.259
AAGCTG	2612.0	5169.3	-38.160
CCCTCA	2001.0	4121.8	-38.133
TGTCCG	543.0	1118.7	-38.124
CTTTTC	2955.0	6658.7	-37.988
GCTGTC	1758.0	3904.7	-37.961
GAACAT	1307.0	3088.0	-37.952
CTTCGA	426.0	720.4	-37.836
GCCGTC	565.0	1127.8	-37.417
CCTTCA	1820.0	3888.4	-37.417
CCGAAG	620.0	1217.7	-37.269
GTCGAC	149.0	312.8	-37.083
GTAGAA	1283.0	3013.8	-37.052
GAGAAG	3848.0	7862.5	-36.984
GTATGA	1046.0	2188.3	-36.938
GCTGCA	2746.0	6333.1	-36.796
CATCCA	1474.0	3109.5	-36.771
CATGTG	2883.0	5772.1	-36.671
GGGTCG	809.0	1604.0	-36.455
TACTGT	1353.0	2992.7	-36.426
GGGGGC	3789.0	8273.7	-36.407
GGACCC	1802.0	4045.8	-36.336
GACAAC	790.0	1531.8	-36.308
GCCCTA	816.0	1767.7	-36.287
TGATAA	1269.0	2823.4	-36.266
TCAACG	284.0	485.2	-36.216
ACTACC	587.0	1095.4	-36.192
GGGGCC	3715.0	7586.6	-36.124
CCACAG	2622.0	5219.0	-36.072
GCAGCT	2794.0	5598.7	-35.987
AGGGCC	2497.0	5230.7	-35.842
ATGCTG	2515.0	4993.7	-35.678
TACTAC	631.0	1055.9	-35.563
AACGAG	459.0	784.7	-35.446
TTTGCA	2791.0	5591.8	-35.432
GAATGC	1149.0	2709.8	-35.403
CAGTAC	895.0	1593.3	-35.306
TACCCT	888.0	1952.1	-35.303
CCCTAC	865.0	1790.8	-35.263
GCGGTA	264.0	593.9	-34.815
TGCCCC	2534.0	5047.1	-34.725
AAGTAT	1384.0	2819.1	-34.708
GAATAT	1310.0	2925.1	-34.689
ATGGAT	1467.0	3543.5	-34.681
GGGACC	2126.0	4484.3	-34.659
ACGGTA	252.0	466.4	-34.603
CATGTC	1530.0	2909.4	-34.424
AACATC	1173.0	2434.1	-34.422
GGACCA	1509.0	2893.5	-34.301
GGCAGC	3103.0	6456.0	-34.279
CATGGG	2378.0	4717.0	-34.231
CTGACC	1892.0	4647.9	-34.184
TGCGGC	826.0	1789.8	-33.881
CTGCTG	4582.0	9528.9	-33.857
ACCAAG	1532.0	2920.3	-33.728
CGGTAT	196.0	384.1	-33.702
TGCTGT	3397.0	6934.2	-33.603
GCTTGC	1287.0	2830.3	-33.544
ACCAGA	1507.0	2965.7	-33.508
CCGTCA	436.0	814.3	-33.397
GGGCCG	1843.0	3636.2	-33.373
GCAAGC	1090.0	2562.2	-33.373
ATCGGA	265.0	503.4	-33.222
AGCACC	1483.0	3295.4	-33.216
TTGATG	1805.0	3853.1	-33.164
CGTTTT	668.0	1554.0	-33.116
TTTTAC	1894.0	4031.5	-33.092
AGAACG	587.0	1067.8	-33.088
CTACCC	882.0	1876.2	-32.929
TACCGC	232.0	463.1	-32.890
CCGATG	355.0	700.4	-32.839
CCGTTG	373.0	761.2	-32.806
CCCTGC	3639.0	7479.0	-32.739
TGACCG	552.0	923.5	-32.695
CGGCAG	1157.0	2276.1	-32.653
TGCATT	1789.0	4718.0	-32.591
AGCTGA	2405.0	5279.9	-32.504
AAGCGG	659.0	1459.4	-32.425
ACGAGA	500.0	815.3	-32.233
GCGGCC	1425.0	3110.1	-32.226
CATGAA	1768.0	3884.9	-32.145
CGGTAC	205.0	396.4	-32.048
ACGATC	236.0	600.3	-31.979
TGCTGA	2790.0	5639.3	-31.950
GACGGC	585.0	1219.7	-31.920
CGTGGG	1418.0	3164.7	-31.768
TGAATA	1498.0	3537.6	-31.758
CGTAAG	312.0	549.3	-31.667
GGCGGT	927.0	1990.9	-31.615
GGGCGG	2953.0	6463.8	-31.550
TACCAG	1174.0	2190.5	-31.448
GCAGCG	1304.0	2660.6	-31.384
AAGCTT	1487.0	3278.1	-31.381
GCCATC	1454.0	2781.5	-31.317
CGGGTG	1196.0	2923.4	-31.309
CACCAA	1410.0	2688.2	-31.269
TCGTCT	488.0	797.8	-31.187
GCATCA	1082.0	2318.2	-31.176
CGTGTT	661.0	1429.3	-31.156
GGAGAA	3477.0	8566.7	-31.154
ACCAGC	1792.0	4197.7	-31.133
CATTGA	1485.0	2847.1	-31.104
CGGATG	497.0	1032.6	-31.066
TCTTCG	478.0	935.2	-31.062
TGTACG	317.0	635.5	-30.871
CTGCCC	3694.0	7631.2	-30.868
TGTTTT	6068.0	12875.4	-30.849
TGAAGC	1934.0	3969.7	-30.841
GAGCGG	1299.0	2458.2	-30.835
AGCAAG	1947.0	4496.3	-30.702
AGCTGT	2460.0	4945.8	-30.523
GTTTTT	4671.0	9789.5	-30.443
AGCGGA	619.0	1354.9	-30.333
TACGGC	287.0	420.6	-30.316
GTGGGT	3129.0	6404.2	-30.250
GTACCA	870.0	1834.7	-30.090
GAAGGT	2121.0	4502.6	-29.995
CCTGTT	2125.0	4509.4	-29.937
AGTACT	1002.0	1845.1	-29.924
TGCTGC	3294.0	6891.6	-29.890
ATGAAT	1877.0	4202.2	-29.832
ACGACC	270.0	480.4	-29.721
TTAACG	219.0	501.9	-29.649
CAGGCC	2973.0	6074.0	-29.645
GATGTA	956.0	2187.7	-29.634
CTGTTT	3099.0	6955.4	-29.618
CGGGGG	1993.0	4263.6	-29.612
CCCCTT	2180.0	4557.8	-29.607
GTCGAT	153.0	365.8	-29.574
TGATCG	400.0	636.7	-29.556
AGGAAC	1636.0	3663.9	-29.545
TCATCA	1537.0	3144.3	-29.384
CCAGAA	2278.0	5070.7	-29.278
TTCTTC	2783.0	6191.2	-29.239
TCCGCA	486.0	963.4	-29.154
GGGAGC	3199.0	6577.6	-29.109
GATCAA	941.0	1726.6	-29.061
GGTGGT	3019.0	6184.0	-29.024
CCGTAT	231.0	423.1	-29.021
AAAAGC	1816.0	3925.2	-28.945
TGGCGG	1369.0	2998.4	-28.910
GTCGTA	172.0	306.4	-28.901
GACCAA	1145.0	2296.3	-28.824
AACAGT	1442.0	3014.9	-28.678
GCTTTT	2808.0	5959.9	-28.662
GTCCGT	413.0	802.6	-28.589
GTATGT	1815.0	3893.8	-28.569
TGGCAG	3276.0	6756.9	-28.552
ACATCA	1324.0	2606.1	-28.479
CGTCGG	276.0	728.1	-28.352
TGGTGG	4282.0	9938.5	-28.335
TTTTCT	6160.0	13145.4	-28.234
GCCCCT	2516.0	5525.9	-28.197
GTTGAT	1309.0	2622.6	-28.181
CATGTA	1397.0	2985.9	-28.141
CAGTCC	1388.0	3249.1	-28.101
CAGCTG	3671.0	7633.0	-28.072
GTCCCC	2037.0	4125.2	-28.017
GACCCT	1718.0	3704.3	-27.994
GCCGAA	370.0	832.7	-27.952
CCCTTC	2282.0	4925.6	-27.890
GTAGGT	1082.0	2472.9	-27.866
TGGACG	664.0	1374.8	-27.853
ATTGAC	873.0	1744.4	-27.777
GTACTG	1047.0	1959.2	-27.744
GACATC	1046.0	1957.9	-27.732
CGGAAG	878.0	1777.2	-27.674
CGAGCA	554.0	948.3	-27.670
GCGGAC	420.0	1054.2	-27.594
CAAGCA	1636.0	3657.5	-27.553
GCATAT	883.0	2130.2	-27.470
CCGTCG	239.0	568.4	-27.356
GTTCGT	359.0	604.5	-27.309
AACGAC	198.0	400.4	-27.308
TGTTAA	1762.0	3589.3	-27.233
GGACCT	1683.0	3312.4	-27.231
TACGTC	171.0	398.2	-27.213
CAGTAT	1253.0	2398.1	-27.162
GTGCGT	790.0	1633.3	-27.144
ATGTTT	2970.0	6109.9	-27.084
CTTAAC	869.0	1732.4	-26.919
GCATCC	1291.0	2701.8	-26.919
CGAAGC	447.0	909.4	-26.883
GACCAG	1869.0	4426.6	-26.824
ATCCAG	1721.0	3399.7	-26.805
GGTATG	1295.0	2491.4	-26.800
ACCGGA	368.0	753.7	-26.787
TCGTAA	204.0	363.4	-26.759
TGTACC	966.0	2077.1	-26.731
ACAACC	835.0	1720.2	-26.731
GATGCT	1460.0	3599.6	-26.683
CCCGCA	870.0	1601.6	-26.646
CGGCAT	403.0	787.4	-26.612
ACGTAT	254.0	549.3	-26.506
GTGCTT	1888.0	4071.2	-26.445
TCCCCT	2581.0	5495.9	-26.422
AGAAGG	3396.0	7423.0	-26.403
GGAGCT	2942.0	6061.0	-26.345
ACCGAC	228.0	488.1	-26.335
TGTGGG	4248.0	8941.8	-26.303
AGCTGC	2773.0	5801.1	-26.255
TATGCA	1143.0	2572.5	-26.250
CGCAAG	464.0	779.6	-26.210
CAAGGA	2191.0	4422.3	-26.180
CGTACG	89.0	215.7	-26.174
CTACGA	287.0	437.5	-26.089
TATCGA	173.0	271.5	-26.064
AGTAAC	800.0	1798.8	-25.972
AGACCA	1755.0	4587.9	-25.903
AGAGCA	2314.0	5214.3	-25.896
GACCGG	642.0	1137.9	-25.887
GCCGTG	1192.0	2282.0	-25.884
GCGGCA	805.0	1595.1	-25.856
GAATAA	1262.0	3145.4	-25.846
GCCGCC	1723.0	3416.3	-25.834
ATAAGA	1040.0	2720.7	-25.741
GGTGCG	922.0	2235.4	-25.715
GATCGA	345.0	618.2	-25.712
GTGGAT	1835.0	3930.6	-25.710
GCGGCG	1685.0	3336.4	-25.654
TGTTGA	2121.0	4662.4	-25.632
ACGTAC	171.0	361.2	-25.520
ACCGGT	250.0	524.9	-25.498
TATGGA	1290.0	2496.8	-25.288
TATGAA	1529.0	3394.8	-25.275
GACAGC	1584.0	3386.5	-25.249
GGCCGC	1401.0	2932.3	-25.228
CCATCA	1576.0	3107.7	-25.207
TGCCCT	2730.0	5615.9	-25.108
GTGGTG	3879.0	9185.7	-24.992
ACCGTA	202.0	399.9	-24.865
AGGATC	1263.0	2756.8	-24.860
CAGATG	2387.0	5216.8	-24.824
CAGCAT	2059.0	4295.0	-24.800
ATGAGG	2151.0	4727.7	-24.694
CTATCC	657.0	1398.5	-24.688
AGAATA	1471.0	3434.4	-24.684
GCGGAA	562.0	1249.2	-24.676
AGCGGG	1332.0	2592.8	-24.622
ACAAGC	1123.0	2149.3	-24.619
GCGTGT	996.0	2070.7	-24.614
CATTCG	329.0	525.1	-24.575
CTACGG	352.0	568.6	-24.498
GACCTG	2090.0	4230.0	-24.491
TCCTCT	2526.0	5711.3	-24.481
ACGAAC	167.0	384.0	-24.477
TGTGGC	2773.0	5723.5	-24.458
CTTTTA	2370.0	5042.9	-24.434
CAAGAT	1483.0	3252.2	-24.397
TTCGTC	322.0	591.7	-24.373
CCCCTG	3064.0	6366.5	-24.292
ATGGCC	1527.0	3016.3	-24.137
TTTTCC	3653.0	7702.3	-24.104
AAAACT	2050.0	4147.5	-24.096
GTGAAG	2390.0	4888.6	-24.091
TGCGGG	1296.0	2767.8	-24.074
CCCCCA	2851.0	5899.4	-24.059
GTGTGG	3711.0	8512.6	-24.006
GAGTAC	785.0	1447.7	-23.963
AGGAAG	4420.0	10004.2	-23.838
TTAAGA	1551.0	3651.0	-23.803
TGGAGC	2672.0	5513.0	-23.747
CCGCTG	1005.0	2252.6	-23.746
GGAACA	1686.0	3611.4	-23.632
CAGAAC	1517.0	3500.4	-23.614
GAGCGT	603.0	1206.3	-23.541
TCGGTG	631.0	1372.2	-23.520
ACGGCC	567.0	1142.5	-23.518
CAGCTA	1238.0	4060.4	-23.504
CTGCTT	2623.0	5877.1	-23.368
CCTGCT	3180.0	6769.7	-23.356
CCCTTA	904.0	1975.7	-23.339
TTGAAG	2293.0	4690.3	-23.312
ATCCGT	295.0	571.6	-23.271
AACGAA	336.0	650.9	-23.268
TGGCCC	2471.0	5081.6	-23.232
CATGTT	2457.0	5089.8	-23.142
CCCGTG	1060.0	2032.0	-23.122
CAACGG	318.0	605.8	-23.121
TGGCCG	1218.0	2396.3	-23.113
ATACTG	1002.0	2288.8	-23.104
CGTACT	174.0	344.0	-22.991
CTTCAT	1781.0	3846.5	-22.954
CTGTTG	2489.0	5201.0	-22.907
TAAAGC	1097.0	2365.4	-22.890
CGAGCG	446.0	994.0	-22.866
TATGCT	1011.0	2238.2	-22.820
GCGGGT	967.0	2241.7	-22.782
TTGTAT	2022.0	5382.1	-22.775
CTGTTC	1856.0	4311.4	-22.741
TTGAAT	1870.0	4578.2	-22.723
AACCAG	1603.0	3296.6	-22.721
ACCGTT	268.0	526.8	-22.685
CGGTAA	289.0	553.7	-22.638
CTGAAT	1643.0	3875.4	-22.615
AAGGAC	1400.0	3279.2	-22.565
ATCAGC	1180.0	2546.9	-22.551
GTATGG	1029.0	2193.7	-22.540
CGATAC	161.0	220.6	-22.421
CCGTTC	391.0	768.5	-22.387
AAAGCT	1807.0	3702.1	-22.377
GAAGGA	3343.0	7745.4	-22.351
CTGTCG	575.0	1436.7	-22.229
CATGAT	1433.0	3511.4	-22.186
TCTTCA	2110.0	4422.1	-22.161
TGAAGG	2563.0	5573.6	-22.150
CGGTCC	448.0	1079.6	-22.136
AACGGC	372.0	677.3	-22.092
AACCGT	286.0	596.4	-22.048
CCTACA	884.0	1899.8	-22.042
GCCGCT	765.0	1741.1	-21.991
GATCAT	1032.0	2421.5	-21.963
GCCGGC	1152.0	2672.3	-21.959
CGTAAA	227.0	421.0	-21.874
TGGGGC	3877.0	8215.2	-21.857
ACGACG	187.0	366.1	-21.779
ATCGGG	399.0	783.4	-21.776
TGCTTT	3338.0	7262.5	-21.736
TAACGA	158.0	381.3	-21.730
ATCGTA	179.0	329.4	-21.705
CCCGTT	426.0	971.7	-21.680
TGTGGA	2982.0	6235.1	-21.669
AAGGCC	1779.0	3676.4	-21.668
CGTACC	203.0	377.5	-21.644
CTTCTT	2535.0	6052.2	-21.580
CCCTGA	2487.0	5143.7	-21.532
CCCTTT	2285.0	5008.4	-21.507
CGTTGA	286.0	602.9	-21.484
CACGTA	288.0	626.8	-21.467
AGGCCT	2518.0	5215.8	-21.436
CATCGT	491.0	862.8	-21.431
TAGGTA	900.0	2099.1	-21.430
TTAACA	1415.0	2809.4	-21.393
ATCGGT	237.0	421.8	-21.369
TGACCC	1635.0	3286.7	-21.342
ATGTCG	351.0	583.0	-21.292
ATGCCG	391.0	771.2	-21.249
GAAAAG	2798.0	6469.7	-21.186
CAGTGC	2085.0	4269.1	-21.158
TAGCTG	1691.0	4993.6	-21.129
GACAAG	1465.0	3030.3	-21.043
GGACAA	1366.0	2710.9	-20.996
GTAACG	218.0	409.5	-20.986
TCTTAA	1660.0	3347.9	-20.929
TAGCAG	1257.0	2767.9	-20.889
GGTCGT	379.0	869.1	-20.856
CATGGA	1913.0	4262.8	-20.855
GTGTCC	1909.0	4255.3	-20.773
CGTAAC	167.0	311.0	-20.758
AAGAAA	4544.0	9728.8	-20.705
AGTAGA	1268.0	4157.7	-20.701
GTATAC	532.0	1173.9	-20.682
CGGGCC	1427.0	2845.9	-20.673
TTCGTG	611.0	1114.4	-20.667
CAGCAA	2002.0	4097.7	-20.625
AAGCCG	592.0	1297.9	-20.611
TCGAGG	656.0	1345.9	-20.592
GCTGTT	2083.0	4671.6	-20.589
GCAACA	1161.0	3003.5	-20.587
GAACGA	403.0	692.9	-20.535
CGCATC	374.0	633.3	-20.531
CGGCCG	955.0	2208.9	-20.516
GCGGGC	1635.0	3508.0	-20.486
AAACTT	1918.0	3914.4	-20.474
AGCCGT	555.0	1116.2	-20.469
AAGGAG	3248.0	6984.9	-20.460
TTGTGG	2551.0	5304.6	-20.460
TTGACG	257.0	582.1	-20.440
CATCGC	416.0	738.2	-20.419
GATCGT	342.0	632.8	-20.373
AAAACG	493.0	982.3	-20.368
ACAGTA	1072.0	2262.9	-20.261
GGATGC	1423.0	3218.2	-20.214
ATTTTT	6257.0	15704.1	-20.197
TTTTCA	3217.0	7367.5	-20.197
GTGTGT	7455.0	19474.8	-20.197
TGTGTG	8664.0	21984.1	-20.197
GAGGGG	4307.0	9909.4	-20.197
GGTGTG	3542.0	8914.9	-20.197
GGCGGG	3145.0	7315.4	-20.197
GGGAGG	6925.0	17486.5	-20.197
AGGGGG	2821.0	6514.9	-20.197
CTTTCT	3452.0	8079.5	-20.197
TTCTTT	5359.0	12490.8	-20.197
GGGAAG	3890.0	9948.1	-20.197
GGGGGA	3201.0	7215.6	-20.197
GAGGTG	3634.0	8418.1	-20.197
GTGGAG	3570.0	8496.3	-20.197
TTTTTT	19692.0	46705.6	-20.197
GTCTTT	2326.0	5304.9	-20.197
TTTTTG	5501.0	13833.0	-20.197
TCTTCT	2856.0	6396.4	-20.197
TTCTGT	3343.0	7672.9	-20.197
TTTTGA	3346.0	8715.5	-20.197
GTTTGT	2638.0	6134.8	-20.197
TTTTAT	4233.0	9849.7	-20.197
TGAGGG	3068.0	7088.7	-20.197
GGTTTT	2881.0	6521.9	-20.197
GTTTTG	3046.0	7361.1	-20.197
TGGTTT	2942.0	6786.7	-20.197
TTTGCT	2918.0	6784.1	-20.197
GCGGGG	2776.0	6370.9	-20.197
TGTTGG	2594.0	6329.7	-20.197
TTTGTA	2756.0	7109.5	-20.197
TTGTCT	2219.0	5084.9	-20.197
TGTTGT	2496.0	5606.3	-20.197
TTTCCT	3928.0	8887.8	-20.197
TCTGTT	2861.0	6772.7	-20.197
TGTTTA	2286.0	5068.0	-20.197
TGTTCT	2575.0	5772.4	-20.197
TTGTTG	2529.0	6031.3	-20.197
ATGACC	1045.0	2152.5	-20.184
AGCAGT	2130.0	4384.1	-20.170
GTGCTG	3706.0	8396.0	-20.154
CATCCC	1731.0	3514.6	-20.054
TGGTAA	1460.0	2953.5	-20.034
GCTGAA	2131.0	4402.7	-20.000
GTACCT	963.0	1902.8	-20.000
TGCCAA	1569.0	3163.0	-19.949
TTGTTC	1666.0	3954.0	-19.935
AGTATT	1610.0	3251.9	-19.890
CGTATC	207.0	366.1	-19.854
TTCGAC	210.0	396.9	-19.833
CTTCGT	527.0	1021.3	-19.808
TTAATT	2543.0	5300.7	-19.780
GATCGG	387.0	665.3	-19.708
ACAACT	891.0	1935.0	-19.578
ACCGTC	306.0	683.1	-19.497
GTTGTT	1967.0	4756.1	-19.427
TTTCAG	2882.0	6057.0	-19.352
CTTAAT	1237.0	2610.0	-19.286
GGTACC	724.0	1630.6	-19.281
ACCCTT	1133.0	2622.7	-19.276
GGTTGG	2210.0	4829.5	-19.226
AGGAGG	5448.0	11794.9	-19.216
CCTTTC	2228.0	5115.1	-19.214
CCAGTG	2511.0	5238.1	-19.208
CCGTGC	834.0	1806.3	-19.118
TATCGT	182.0	365.6	-19.063
TCGATG	307.0	574.2	-19.035
CGTGTC	621.0	1249.2	-18.980
GTGGGC	2876.0	6106.1	-18.961
CAGATC	1328.0	2718.0	-18.960
CCGACA	348.0	684.8	-18.911
ATCGCC	371.0	637.3	-18.880
CGCCAA	442.0	781.4	-18.839
ACTACT	771.0	1463.5	-18.837
TGACAA	1357.0	2869.4	-18.836
GCCCTC	2109.0	4359.3	-18.829
GTGCGG	1019.0	2201.0	-18.819
GTTAGT	825.0	1843.3	-18.803
GGTCCT	1599.0	3787.8	-18.743
CGTGCT	722.0	1469.8	-18.741
TGTGCT	2780.0	5845.2	-18.701
TCGTTT	506.0	1178.4	-18.698
TGCAGC	2712.0	5970.4	-18.674
TGAACG	473.0	870.7	-18.634
TTAACT	1313.0	2790.2	-18.612
ATGATT	1587.0	3859.3	-18.608
TGTCGA	259.0	510.8	-18.539
CCTCTT	2225.0	4934.3	-18.536
TCCTAC	839.0	1837.0	-18.460
TCGTGT	522.0	1018.3	-18.452
GATAAG	831.0	2021.4	-18.416
CGTCCA	419.0	924.1	-18.378
TTCTTA	2008.0	4145.9	-18.366
GCCGTT	369.0	795.9	-18.254
AAGGTG	2464.0	5154.3	-18.188
ACGAAT	216.0	492.4	-18.171
TTTAAA	4168.0	8954.2	-18.123
AGGTGA	2974.0	6289.0	-18.112
TTTGAC	1461.0	2954.0	-18.075
GTAGCT	1399.0	3966.7	-18.063
TGCTTA	1373.0	2926.4	-18.041
ACGAGT	336.0	574.6	-18.036
TTTAAT	2905.0	6135.2	-18.036
CCTCAC	1766.0	3622.3	-17.985
AATGAA	2408.0	5445.5	-17.964
CCGGTG	759.0	1648.4	-17.846
AAGTAA	1709.0	3499.9	-17.842
AAGTAC	960.0	1893.5	-17.808
CTCCCC	3153.0	6693.0	-17.802
AGGTAC	948.0	1850.3	-17.779
GATGCA	1393.0	3006.6	-17.779
CTGGTG	3170.0	6732.5	-17.754
ACGCAT	314.0	560.8	-17.740
ACCATC	1228.0	2536.9	-17.729
GAAAAC	1823.0	3775.5	-17.699
TTTCAT	2439.0	6075.0	-17.694
AGTGGG	3075.0	6878.5	-17.694
GGTGGC	3157.0	7536.5	-17.694
CTTGTG	1944.0	4599.4	-17.694
GCAGGA	3030.0	7591.7	-17.694
AGGGGC	2968.0	6939.8	-17.694
TCTTTA	2047.0	4920.1	-17.694
TTGGTG	2354.0	5371.1	-17.694
AGGAGA	3589.0	8901.7	-17.694
GATGGG	2735.0	6895.4	-17.694
TTGGTT	2237.0	5249.5	-17.694
GCTGAG	3194.0	9189.4	-17.694
GGGTGC	2364.0	5461.1	-17.694
GAGTGG	2760.0	6356.7	-17.694
GGAGGT	3033.0	7450.6	-17.694
GGTGGA	3026.0	7153.1	-17.694
GGATGG	2743.0	6571.7	-17.694
ATGGGG	2780.0	6702.1	-17.694
TTTGTC	2064.0	4864.2	-17.694
TTGAGG	2101.0	5152.0	-17.694
TTTTGC	2589.0	5610.4	-17.694
TGTGGT	2777.0	6986.0	-17.694
TTTATA	2156.0	5046.7	-17.694
TGGTTG	1840.0	4258.4	-17.694
TGTATT	2324.0	6141.1	-17.694
GTATTT	2579.0	6485.8	-17.694
TCTTGT	1955.0	4495.4	-17.694
CTTGTT	2031.0	4449.9	-17.694
GGGTTG	2067.0	4753.1	-17.694
CCTGTG	3478.0	7815.6	-17.694
GTTGTG	1775.0	3935.1	-17.694
TCCTTT	3188.0	6858.5	-17.694
TTCCTT	3426.0	7839.4	-17.694
TTGCTG	2748.0	6430.0	-17.694
TCTTTC	2855.0	6748.1	-17.694
TATGTT	1702.0	4165.1	-17.694
GTTTTC	2583.0	5792.5	-17.694
TAATTT	3041.0	7758.9	-17.694
TCAAGA	1619.0	3732.7	-17.692
GAGTAT	974.0	1907.0	-17.670
CGTACA	192.0	349.9	-17.587
GATTGA	1182.0	2357.5	-17.577
TGAAAA	3020.0	6402.2	-17.564
GAACGG	556.0	1025.3	-17.535
TGTAGC	1056.0	2394.5	-17.510
CCATCC	1870.0	3857.6	-17.502
CGGACC	472.0	1049.4	-17.488
GCTGTA	1309.0	2632.7	-17.471
AAAGGT	1786.0	3673.2	-17.450
AGCGGT	457.0	1064.1	-17.293
GCTACG	311.0	529.5	-17.208
ATTCGT	318.0	543.4	-17.206
ACCGAT	201.0	342.5	-17.175
GATGCC	1414.0	2864.4	-17.164
GTCGTC	341.0	728.0	-17.148
AGATCC	1208.0	2420.0	-17.136
CAGCAC	1989.0	5267.1	-17.107
ATGCCT	1878.0	4503.1	-17.101
ACTGTT	1664.0	3412.1	-17.057
GTCCTT	1488.0	3820.0	-16.930
TACTGC	913.0	2043.1	-16.900
AACGGT	260.0	553.5	-16.898
TAGTGG	1271.0	2558.6	-16.898
GCAGCC	2907.0	6617.3	-16.894
CGTGGA	928.0	1916.3	-16.853
ACGGCA	465.0	844.1	-16.809
TCCCTT	2260.0	5059.5	-16.781
AGTAAG	1329.0	2685.8	-16.770
AGCCGA	584.0	1626.4	-16.755
GTCTTC	1576.0	3430.5	-16.746
ACCAAA	1420.0	2885.7	-16.679
CTTATC	782.0	1784.7	-16.678
TGTCGG	581.0	1086.8	-16.632
CTTGCA	1605.0	3367.6	-16.614
AGATGC	1544.0	3478.8	-16.607
CCCTGG	4048.0	8724.4	-16.607
ATACTT	1200.0	2451.7	-16.603
AGGTAT	1337.0	2706.2	-16.589
TACAGC	1070.0	2127.7	-16.568
AGTAGC	1305.0	3579.7	-16.542
GGCCCG	1412.0	2871.2	-16.513
GCCCCA	2502.0	5368.6	-16.497
GAAGCC	1978.0	4583.9	-16.461
GAGCTG	3654.0	7844.9	-16.459
TGTAGA	1554.0	3626.4	-16.437
CACCAG	1878.0	3894.4	-16.437
TGTCCT	2456.0	5472.0	-16.411
GCCCCC	2474.0	5213.8	-16.410
AAGTTG	1588.0	3558.5	-16.407
GCTGCT	3451.0	7390.1	-16.396
GTAAGA	1206.0	2620.8	-16.337
GGTAAC	741.0	1585.6	-16.326
GTTCGG	333.0	761.0	-16.312
AACGCA	346.0	603.2	-16.307
ACTAGT	561.0	1279.4	-16.260
TTCGAT	268.0	448.1	-16.257
CCGTGG	1284.0	2594.6	-16.250
GTTGAC	769.0	1710.1	-16.193
AAAGCA	2255.0	5090.5	-16.126
TCGTAC	143.0	231.8	-16.100
TGTGTT	3428.0	7349.2	-16.025
TCTGGT	1999.0	4169.1	-15.978
TTGGGG	3584.0	7700.1	-15.955
ATGCGG	447.0	945.5	-15.868
AGATCG	449.0	1158.4	-15.856
ATACCA	962.0	1905.2	-15.796
ATGTGG	2524.0	5336.9	-15.781
TGAGTG	2743.0	5824.4	-15.749
TTTATC	1491.0	3680.6	-15.713
ATTAAG	1012.0	2576.1	-15.711
ATACCG	187.0	300.8	-15.706
TTAAAT	2439.0	5149.8	-15.680
ACCTGC	1970.0	4111.7	-15.626
CTGCAG	4105.0	9412.1	-15.594
GGGGAC	2388.0	5415.2	-15.594
TGATGT	1903.0	4539.9	-15.594
AGCTGG	3957.0	9638.0	-15.594
GCTGGT	2286.0	6070.1	-15.594
TGGTGA	2748.0	6483.2	-15.594
TGATTG	1495.0	3561.5	-15.594
TAGGGG	1261.0	2984.5	-15.594
AAGGAA	3217.0	7862.1	-15.594
CTTCTG	2749.0	6627.3	-15.594
GTGCAG	2767.0	7652.0	-15.594
TATTTC	2015.0	5041.1	-15.594
TGTAGG	1340.0	3277.2	-15.594
TGCCTT	2479.0	5675.9	-15.594
GTTTAT	1675.0	3812.1	-15.594
GTTGGT	1615.0	3672.0	-15.594
ATGTTG	2033.0	5312.7	-15.594
CTTTAT	1967.0	4638.0	-15.594
GGCTGC	3296.0	7870.5	-15.594
TGATGG	2271.0	5434.5	-15.594
CAGGTG	3784.0	9009.5	-15.594
TATTGT	1501.0	3572.8	-15.594
TTATCT	1490.0	3612.6	-15.594
GTAGGG	1335.0	3118.5	-15.594
AAAGGA	2636.0	6309.7	-15.594
TTTAGT	1790.0	5023.6	-15.594
CTTTGG	2605.0	6917.2	-15.594
AGGAAA	3255.0	7927.0	-15.594
GGAAAA	2893.0	6651.4	-15.594
GGTTGT	1442.0	3478.4	-15.594
TTTGAA	2790.0	6571.1	-15.594
GTTTTA	2225.0	5088.2	-15.594
TTGTTA	1659.0	3819.1	-15.594
GCCGAC	385.0	870.3	-15.583
ACCCTG	2473.0	5229.7	-15.565
GTACGC	179.0	345.1	-15.538
CGGCCC	1229.0	2796.1	-15.522
CCGTTA	183.0	400.0	-15.519
AGGTGG	4255.0	9220.6	-15.492
GAAGCG	839.0	1693.0	-15.484
AGGATG	2580.0	5469.8	-15.465
ATTGAT	1422.0	2909.9	-15.402
AGCCCT	2246.0	5087.9	-15.362
GCAGTA	1109.0	2389.1	-15.352
CGGACA	413.0	866.0	-15.328
ATGCAG	1905.0	4407.3	-15.324
AGTTAA	1268.0	2845.5	-15.302
CATCAT	1439.0	2948.1	-15.286
AGACCG	489.0	904.9	-15.286
CCCCGT	840.0	2019.0	-15.283
GTACAT	960.0	2082.3	-15.259
ACTTCA	1518.0	3122.2	-15.189
TGAGCG	803.0	1569.4	-15.156
CGAGTG	674.0	1297.9	-15.099
GTATCC	694.0	1403.0	-15.060
TCCTTC	2294.0	5637.7	-15.058
CGTTAA	198.0	432.0	-15.048
GTTGAA	1611.0	3527.8	-15.048
CTTTGC	2314.0	4885.8	-15.017
TTAATG	1639.0	3393.5	-14.970
GCGCAT	385.0	793.5	-14.962
TCTTAG	1282.0	2609.6	-14.941
AACGAT	216.0	467.3	-14.933
AACTGT	1465.0	3246.5	-14.928
TACGGA	251.0	521.5	-14.865
TTGTCG	298.0	635.2	-14.834
GTCTGA	1594.0	3296.0	-14.829
TACCTT	1162.0	2420.6	-14.810
CCTGTC	2321.0	4908.4	-14.744
CTGTGC	2971.0	6359.8	-14.690
CTTCAG	2374.0	5027.7	-14.690
GAAAAA	3307.0	7111.0	-14.682
GTCGGC	451.0	1068.4	-14.634
TACATC	786.0	1541.9	-14.583
GTAACT	984.0	2005.0	-14.578
TAAGTA	1205.0	2448.2	-14.574
GACAGT	1481.0	3052.2	-14.528
CTCGTA	211.0	396.3	-14.527
CTGCGG	1351.0	3019.3	-14.511
CCCCAC	2584.0	5570.4	-14.407
TACCAC	850.0	1680.4	-14.388
TTCCCC	2409.0	5390.5	-14.362
ACAACA	1261.0	2573.6	-14.324
CGGACG	283.0	744.8	-14.324
GCGTGG	1327.0	3230.4	-14.317
TGGACA	1927.0	4042.6	-14.268
CGACAG	465.0	1169.4	-14.266
ATCCGG	431.0	793.4	-14.214
CGTCGT	162.0	395.5	-14.170
CTATTG	866.0	2121.5	-14.159
ATCAGA	1441.0	3225.4	-14.093
GCATTG	1267.0	2590.4	-14.066
GAACCT	1266.0	2931.0	-14.060
CTACCA	967.0	1939.7	-14.014
CCGCCG	1059.0	2137.6	-14.013
CTAGTG	919.0	1834.2	-13.996
GTCGGG	943.0	1987.8	-13.987
CCCCAG	3904.0	8473.2	-13.974
ACCCCT	1671.0	3481.2	-13.931
ACCGGG	709.0	1385.5	-13.843
TCAGCA	2072.0	4372.0	-13.831
GTAACA	938.0	2012.1	-13.817
GAAGTT	1718.0	3973.5	-13.817
TCAGCG	581.0	1246.6	-13.800
ACGGAA	448.0	833.3	-13.793
CAACCG	293.0	580.4	-13.781
GGGGTC	2142.0	5239.5	-13.780
AAGTGG	2058.0	5011.1	-13.780
TGTGCA	2601.0	5910.3	-13.780
GCTCTG	2791.0	7423.2	-13.780
GGAAGC	2338.0	5878.9	-13.780
GGGCCT	3108.0	7349.1	-13.780
TTGCAG	2369.0	5701.7	-13.780
GCAGTG	3220.0	8965.0	-13.780
GGTGCT	2235.0	4943.7	-13.780
ATGGTG	2266.0	6045.1	-13.780
GGTGAA	1864.0	4561.3	-13.780
GTTATT	1362.0	3377.9	-13.780
CAGTGG	3393.0	8151.8	-13.780
CTTCCT	3367.0	7897.8	-13.780
CTTATT	1546.0	3596.2	-13.780
TTGGAT	1591.0	3673.0	-13.780
TGCAGA	2704.0	5959.9	-13.780
GTGCCT	2098.0	5141.5	-13.780
AGTTGG	1710.0	4056.8	-13.780
TTAGTT	1424.0	3385.0	-13.780
GATGTT	1527.0	3779.3	-13.780
TTCTGC	2423.0	5544.2	-13.780
GCTTTG	2405.0	5280.1	-13.780
TTATTA	1771.0	4621.6	-13.780
GGGTAG	1350.0	3068.3	-13.780
GTTGGA	1565.0	3792.4	-13.780
TGTTGC	1944.0	4584.0	-13.780
TGGTGC	2068.0	4806.3	-13.780
AAGTTT	2081.0	5112.6	-13.780
CCTTTG	2388.0	5393.7	-13.780
AGTGGA	2232.0	5176.0	-13.780
AAAAGG	2310.0	5298.3	-13.780
CTTGCT	2076.0	5203.6	-13.780
GTGGAA	2194.0	5036.9	-13.780
CAGGAA	2821.0	7045.7	-13.780
TCTTAT	1294.0	3085.8	-13.780
GTGATG	2114.0	4855.5	-13.780
TTGCCT	2009.0	4839.8	-13.780
AGAATG	2249.0	5463.6	-13.780
TTGTGC	1499.0	3479.9	-13.780
GAGGTA	1390.0	2866.7	-13.759
TTCAGA	2260.0	4792.7	-13.739
ATGCCC	1408.0	3198.5	-13.722
GGTCAG	1971.0	5331.5	-13.660
CCGCAA	412.0	763.5	-13.643
TGGGTG	4276.0	9322.6	-13.642
GGATCG	427.0	793.9	-13.641
GCCACA	1730.0	3619.6	-13.568
AGTTGA	1451.0	3032.4	-13.533
ACAGCT	1756.0	3834.1	-13.520
ATCAGT	1236.0	2643.8	-13.518
TAGTAC	547.0	1042.5	-13.508
CTTTCC	2482.0	5829.4	-13.495
CTCTTA	1217.0	2630.7	-13.467
CCAGAT	1590.0	3312.3	-13.467
GGGGAG	5223.0	11469.6	-13.432
GGTACT	839.0	1668.1	-13.409
GAGAAC	1604.0	3495.8	-13.389
TCCGTT	346.0	792.8	-13.381
CTGGAC	1931.0	4068.6	-13.336
AAGATA	1400.0	3057.2	-13.325
CACCGA	434.0	867.6	-13.320
GTCCAT	1001.0	2189.8	-13.298
GCCCTT	1664.0	3793.4	-13.259
AGTGCC	1634.0	3412.4	-13.247
ATGATA	1127.0	2608.2	-13.241
TACTTC	1049.0	2127.3	-13.236
ATGAAA	2513.0	5368.9	-13.224
TACAAG	1075.0	2184.7	-13.221
CCGATC	234.0	400.9	-13.210
CCAAGA	1996.0	4216.4	-13.208
ATGTCC	1219.0	2783.4	-13.170
TATACT	853.0	1824.9	-13.151
TAACGT	249.0	573.7	-13.142
GTTCAT	1216.0	2991.7	-13.119
TAATGC	996.0	2014.7	-13.118
CCTCTC	2523.0	5393.9	-13.099
GTCCCT	1904.0	4266.3	-13.097
TGTTCC	1760.0	4129.1	-13.094
ATGATC	1115.0	2445.6	-13.086
CCTGTA	1588.0	5138.4	-13.077
CTCTTC	2290.0	4976.0	-13.053
GAAATT	2021.0	4274.7	-13.030
CTCGTC	479.0	905.7	-13.018
GAGTAG	1351.0	3736.6	-12.971
CAAGAC	1099.0	3034.9	-12.936
ATGTAG	1036.0	2557.0	-12.879
TCGAGC	391.0	722.0	-12.842
GCATTT	1901.0	5413.9	-12.840
ATGTAC	935.0	2058.1	-12.791
ACCTGT	1752.0	4287.1	-12.780
TCAGTG	2294.0	4891.1	-12.718
GTACCC	704.0	1387.8	-12.710
ACTGTC	1200.0	2625.5	-12.708
GTATTG	1062.0	2163.2	-12.693
CAGCGA	682.0	1341.3	-12.687
TGTCTT	2916.0	6285.9	-12.671
CGATCA	218.0	428.8	-12.648
CGTATT	323.0	584.2	-12.596
TACGTA	237.0	485.6	-12.592
CGTCAT	362.0	678.1	-12.592
TACCGT	201.0	451.1	-12.579
GTCGAA	226.0	388.5	-12.543
GGAGCC	2965.0	6399.2	-12.533
TAAACT	1330.0	2755.0	-12.492
TAGGGC	847.0	2111.4	-12.470
GATGGC	1578.0	3303.9	-12.453
AGCATA	906.0	1999.5	-12.432
CCTTAT	993.0	2253.9	-12.427
GTTAAG	892.0	2210.9	-12.426
TAACCG	188.0	367.7	-12.422
ACTGGA	1802.0	3801.0	-12.406
AGATAA	1404.0	3283.3	-12.398
GTGGTA	1302.0	2768.7	-12.368
TCGTTC	342.0	623.1	-12.361
CTTCAC	1420.0	2955.9	-12.357
TTTACC	1095.0	2545.4	-12.329
GGCCAT	1567.0	3281.1	-12.326
TCTTTT	4972.0	10942.7	-12.276
GCGGTG	1220.0	2991.5	-12.252
CCAACG	355.0	652.5	-12.233
TTACGA	205.0	348.0	-12.212
GTGCCC	1995.0	4788.5	-12.203
GTGGCA	2355.0	5492.9	-12.188
TGTCAG	1856.0	4402.1	-12.188
TCTGCA	2501.0	5516.2	-12.188
TGGGCG	1309.0	3372.4	-12.188
CCTTGT	1774.0	4228.1	-12.188
CCTTCT	2511.0	5869.4	-12.188
GCTTCT	2058.0	4814.3	-12.188
GCTGCC	2906.0	6470.4	-12.188
GATGGA	2195.0	5568.8	-12.188
TGTTCA	1753.0	4084.8	-12.188
ATGTCT	1704.0	4018.8	-12.188
TGACTG	1814.0	4036.0	-12.188
TTATTC	1554.0	3540.6	-12.188
TTTTCG	450.0	1023.2	-12.188
GGGGTA	1158.0	2543.2	-12.188
AGCTTT	2062.0	4626.2	-12.188
TTTCCA	2514.0	6295.3	-12.188
TCTCCT	2865.0	7419.3	-12.188
AGGTGC	1877.0	4543.2	-12.188
AAAGAT	1844.0	4428.7	-12.188
GTCTGC	1589.0	3539.0	-12.188
GGTGCC	1840.0	4803.9	-12.188
ACTGTG	2171.0	5315.4	-12.188
TTCCCT	2797.0	6192.0	-12.188
CGACAT	260.0	457.7	-12.171
AGTATC	761.0	1517.7	-12.138
AGCGTG	848.0	1705.4	-12.115
CAACCA	1062.0	2172.7	-12.078
ACATCC	1120.0	2344.7	-12.065
CTTAAA	1645.0	3460.1	-12.056
TATACC	612.0	1289.2	-12.023
TCGGGG	1227.0	2536.1	-12.001
ACCCCC	1572.0	3340.5	-11.979
TATTGA	1482.0	3099.2	-11.965
GGTTCG	406.0	762.3	-11.952
CCTGAA	2163.0	4617.7	-11.946
TTCAGC	1818.0	3845.7	-11.920
GGAACG	623.0	1222.9	-11.904
CCGTCC	699.0	1386.1	-11.877
GCCCGT	667.0	1317.9	-11.877
CTGGTA	1241.0	2568.6	-11.863
CCTATT	867.0	2172.8	-11.853
AATAAG	1186.0	3025.8	-11.824
GTATCA	796.0	1597.2	-11.814
ACACCA	1296.0	2693.0	-11.769
TATCAG	1065.0	2368.6	-11.753
GGTGAT	1608.0	4202.9	-11.742
CGTGTG	1421.0	2968.4	-11.733
TGGTAC	867.0	1860.8	-11.732
TTGATT	2186.0	4673.4	-11.728
GCAGAC	1368.0	3018.8	-11.715
CATGGT	1732.0	4734.0	-11.690
CTGTGG	3987.0	8733.7	-11.659
GATAAA	1292.0	2973.9	-11.647
TGTTAC	1070.0	2473.6	-11.644
TCGGAT	301.0	546.8	-11.615
TCGTTG	347.0	759.6	-11.597
CCTTAA	993.0	2387.9	-11.594
TCGGAG	684.0	1356.5	-11.589
CGAAAA	364.0	712.1	-11.588
GACCGC	488.0	937.6	-11.553
GACCGA	399.0	797.5	-11.530
ACTGAC	981.0	2111.1	-11.528
TGTAAC	1074.0	2208.6	-11.510
TTCGGT	312.0	750.1	-11.509
TAACTT	1321.0	2894.3	-11.488
CCAGTA	1077.0	2215.5	-11.485
CCAAGC	1537.0	3230.1	-11.464
TGACGG	532.0	1033.9	-11.446
ATCTTC	1439.0	3013.9	-11.442
GTATCG	177.0	296.4	-11.402
TCGTCC	375.0	809.8	-11.368
TCTCTT	2928.0	6348.7	-11.363
ACCTTT	1597.0	3555.0	-11.332
CTTTGT	2886.0	6256.9	-11.272
TGTTCG	371.0	762.9	-11.253
AGCAAC	1126.0	2385.1	-11.251
GGCCGG	2037.0	4350.6	-11.214
GATACC	629.0	1244.3	-11.202
GGAGCG	1323.0	2782.3	-11.192
AGCGTA	214.0	452.3	-11.173
TCGCCA	511.0	991.4	-11.169
CTCGGA	657.0	1304.3	-11.151
ATCAAA	1315.0	2745.3	-11.123
GGCCTG	4059.0	8913.7	-11.102
TTAAAG	1945.0	4148.0	-11.095
TACGAA	220.0	385.1	-11.092
CATACT	758.0	1556.3	-11.071
ACCTTC	1366.0	2860.4	-11.068
AAGCAA	1762.0	4600.8	-11.035
TCTTAC	965.0	2030.6	-11.031
AGCCGC	929.0	1898.9	-11.029
TACAAC	676.0	1348.3	-11.001
GCCAAG	2211.0	4745.9	-11.000
TTCCTC	2604.0	5629.1	-10.998
CGGAGC	1028.0	2515.9	-10.979
ATCGAT	228.0	402.1	-10.974
GATCAG	1218.0	2533.8	-10.972
GCGGAT	378.0	1069.3	-10.967
CGAACA	209.0	453.0	-10.964
ACAAGT	1174.0	2437.2	-10.963
TCGGTC	337.0	626.5	-10.962
CCAGCA	2847.0	6804.5	-10.956
AATGTA	1516.0	3431.0	-10.949
GCATTC	1016.0	2539.0	-10.948
GACGGT	442.0	884.2	-10.942
TGCTTC	2170.0	4655.2	-10.921
CCAAAG	1992.0	5563.9	-10.906
TAAGAT	1071.0	2542.5	-10.899
CTGTAT	1497.0	3152.3	-10.882
TAATGT	1482.0	3121.9	-10.814
CCCTAT	645.0	1523.7	-10.813
GTTGGG	2499.0	5396.9	-10.801
AACTAT	859.0	1889.6	-10.795
TAATGA	1363.0	3087.9	-10.777
CGAGGG	1102.0	2477.5	-10.775
GATTGT	1205.0	2773.1	-10.775
TCTGAA	2054.0	4764.1	-10.775
TTTCCC	2730.0	6322.5	-10.775
GATGGT	1603.0	4178.3	-10.775
CTGGCC	3297.0	7776.0	-10.775
GTGTAT	1569.0	4103.7	-10.775
TCTTCC	2636.0	5855.8	-10.775
TGAGCA	1996.0	4921.7	-10.775
CTGGAT	1916.0	4378.4	-10.775
AGTAGG	1170.0	2782.7	-10.775
GTAGGA	1180.0	2754.5	-10.775
GTGGCG	1186.0	3063.8	-10.775
TGACTT	1900.0	4491.9	-10.775
GAAAAT	2489.0	5631.6	-10.775
TACTCT	1065.0	2201.0	-10.751
ACCACC	1503.0	3170.6	-10.692
TGTGCG	1015.0	2091.8	-10.686
TCTCGT	473.0	916.2	-10.683
AATTGG	1307.0	2735.4	-10.679
TGGCTG	3864.0	8485.9	-10.666
CCTATC	633.0	1321.5	-10.628
GTAGTA	696.0	1508.0	-10.622
GTGTTT	3050.0	6645.6	-10.601
GCCTGC	2799.0	6079.9	-10.589
TCGTAT	217.0	415.9	-10.548
CACGAA	235.0	674.9	-10.540
CTTAAG	1069.0	2467.8	-10.518
AAATCG	328.0	611.5	-10.509
CGTGAA	582.0	1151.1	-10.490
TCCGTA	239.0	482.6	-10.479
GCCAAA	1380.0	2902.8	-10.461
TCCACA	1545.0	3269.3	-10.459
GGTAAA	1307.0	2740.0	-10.456
CCGCCA	895.0	1832.5	-10.447
ATGTAT	1772.0	3864.1	-10.433
TGATCA	1272.0	2663.3	-10.428
ACCAGG	1979.0	4239.4	-10.406
CGCAAA	292.0	537.2	-10.374
ATCCTT	1456.0	3461.5	-10.361
TTGTTT	5264.0	11682.9	-10.324
GGCCCA	2307.0	4979.6	-10.322
CCCCAT	1836.0	4080.2	-10.320
TCGTGG	761.0	1542.2	-10.296
AACCGA	285.0	608.7	-10.292
ATGCTA	965.0	2111.4	-10.262
GTCAAC	584.0	1369.7	-10.261
CCTACG	303.0	561.7	-10.241
CTCATC	1330.0	2960.0	-10.234
TACCTG	1450.0	3063.1	-10.232
GCACGC	545.0	1202.2	-10.222
GCGAAG	448.0	1128.6	-10.208
CCGTAG	301.0	596.2	-10.190
CCGATA	172.0	293.8	-10.189
GTTAAT	1164.0	2428.1	-10.124
ACTGAA	1754.0	3932.2	-10.117
ACGATA	146.0	294.4	-10.116
CATCAC	1200.0	2509.9	-10.114
GACCCC	1736.0	3702.8	-10.111
GTCTTA	985.0	2035.6	-10.110
CTGCCG	1004.0	2379.9	-10.091
CCTCAA	1332.0	3228.3	-10.059
CGGAAC	330.0	791.9	-10.058
GTGTAC	910.0	1891.7	-10.056
ACGCAA	219.0	390.3	-10.041
CCTGAT	1478.0	3151.0	-10.026
TCCTCA	2037.0	4379.6	-10.001
TACGTG	468.0	947.0	-9.953
GACGTA	162.0	406.5	-9.921
TACCGA	149.0	327.3	-9.921
TCAGAT	1641.0	3495.2	-9.919
TATTAA	1519.0	3331.5	-9.902
AAACGT	471.0	920.9	-9.900
GGGTCC	1882.0	4380.5	-9.870
ACAGCG	625.0	1252.9	-9.836
TGATGC	1450.0	3071.4	-9.821
GTACTT	1083.0	2255.2	-9.819
CCGGTA	236.0	550.1	-9.800
AGCTTA	935.0	1931.4	-9.791
ATCGGC	283.0	522.9	-9.788
GCGGCT	1116.0	2330.0	-9.764
CACCCT	1843.0	3950.9	-9.761
GTCGGA	390.0	787.1	-9.759
CACCCC	2124.0	4580.8	-9.749
CCTTCG	575.0	1250.6	-9.727
AGTCGA	248.0	450.4	-9.703
GTAAGG	1142.0	2388.6	-9.683
CAGCCG	1126.0	2367.4	-9.683
AACTTA	1051.0	2222.8	-9.675
CAGTTG	1581.0	3373.7	-9.669
TACTTT	1984.0	4269.4	-9.668
AAGACT	1499.0	3327.4	-9.668
TACCGG	257.0	469.3	-9.656
CGGAAA	532.0	1054.6	-9.651
GCCAGC	2268.0	4910.0	-9.643
TCTACG	268.0	492.0	-9.636
CTCTCC	2545.0	5534.9	-9.631
GTCCAC	966.0	2002.8	-9.624
TGAAAT	2534.0	5510.3	-9.603
CCGACG	271.0	533.0	-9.593
TATAGC	580.0	1306.4	-9.549
TGGATC	1169.0	2910.2	-9.531
GAGGGC	2749.0	5998.7	-9.521
GTCCTC	1533.0	3356.3	-9.515
AGTGGC	2213.0	5597.5	-9.515
TTAGTG	1281.0	2735.4	-9.515
GGGCAT	1657.0	3882.0	-9.515
CTGTAG	1623.0	4044.5	-9.515
CCTCCC	4534.0	12367.9	-9.515
AAGAGT	1618.0	3701.1	-9.515
GATTGG	1160.0	2825.5	-9.515
GTGAAT	1441.0	3628.2	-9.515
TTGTCA	1595.0	3738.6	-9.515
ATTTAA	2238.0	5157.2	-9.515
TTCTCC	2796.0	7104.1	-9.515
CTGATT	1577.0	3726.6	-9.515
AAGATT	1711.0	3755.7	-9.515
ATGAGT	1278.0	3268.7	-9.515
TCATGT	1468.0	3715.4	-9.515
GTTGGC	1322.0	3509.3	-9.515
TGAGTA	1485.0	3367.9	-9.515
GTTCCT	1749.0	3865.0	-9.515
TCTGAT	1671.0	3830.4	-9.515
TTTCGT	426.0	1055.3	-9.515
GTTCTT	1993.0	4292.4	-9.500
CTAAAG	1172.0	2458.2	-9.490
CATACC	618.0	1355.6	-9.487
ACGAAA	304.0	640.9	-9.483
GCTGGC	2703.0	5896.0	-9.462
GCTTAT	999.0	2076.6	-9.421
CCCTCT	2439.0	5300.0	-9.414
TTATAC	809.0	1659.5	-9.385
TTTACT	1845.0	3964.6	-9.384
TCGGTA	206.0	443.0	-9.376
CTGATC	1134.0	2378.7	-9.369
AAATTG	1842.0	3958.2	-9.351
CGGTCG	251.0	459.8	-9.342
CCCGTA	260.0	478.3	-9.306
GGTAGT	937.0	1941.5	-9.305
AAACTG	1955.0	4303.8	-9.275
TAAGGA	1356.0	3239.9	-9.258
TCCTCC	2989.0	6548.5	-9.257
AAGCTA	998.0	2077.2	-9.230
GGCATC	1320.0	2793.3	-9.229
TAACGG	187.0	405.2	-9.213
GCGAGT	486.0	1050.1	-9.185
CTCTTT	2862.0	6262.3	-9.176
TACTAT	853.0	1759.9	-9.175
CGACGG	322.0	624.7	-9.160
CTTACC	797.0	1717.9	-9.156
CCTTAC	753.0	1754.5	-9.139
AGATCA	1496.0	3325.0	-9.135
CGTTCG	162.0	298.3	-9.119
ATCTTA	997.0	2273.2	-9.116
AAACTA	1234.0	2605.9	-9.106
AACCAA	1245.0	2640.5	-9.083
CCCTAG	974.0	2251.3	-9.076
TCGAGT	371.0	714.1	-9.069
ACAGCC	1802.0	3874.6	-9.055
CCCTCC	3439.0	7694.5	-9.036
TAATTG	1282.0	2711.5	-9.034
TCCGTG	753.0	1608.2	-9.033
TTGATA	1215.0	2562.4	-9.029
ACTTCG	390.0	756.1	-9.024
ATTGGA	1341.0	2903.0	-9.010
TGCCGA	470.0	928.2	-8.990
CTGTAC	1084.0	2272.8	-8.972
GGGCTG	4832.0	10752.4	-8.963
ATCCAT	1054.0	2775.9	-8.958
TCGGGC	698.0	1423.0	-8.951
AGAAAC	2065.0	4468.1	-8.945
CCACCA	2260.0	5950.4	-8.937
AGTCGT	327.0	623.2	-8.932
TGGCTT	2672.0	5842.9	-8.926
TTACTT	1731.0	3719.3	-8.926
TCGGAA	417.0	815.2	-8.911
CTTCTA	1308.0	2825.1	-8.898
CTTATA	834.0	1925.3	-8.887
CGTCTG	740.0	1515.8	-8.886
CGGCAA	355.0	682.3	-8.862
TTTGAT	2236.0	4857.6	-8.850
GTCCGC	407.0	994.5	-8.838
CGTGCG	441.0	1075.5	-8.837
GCAAGA	1621.0	3681.3	-8.815
ATAGCA	982.0	2273.1	-8.810
ATCGTT	294.0	566.7	-8.800
TTCGTT	436.0	1002.0	-8.799
CCTACC	967.0	2018.1	-8.796
GGTAAT	977.0	2039.2	-8.796
CTACCT	1095.0	2301.5	-8.779
CCCCAA	1856.0	4003.2	-8.765
TAGGCC	835.0	1727.0	-8.760
GTCCTG	2498.0	5454.4	-8.742
CGTGGC	1057.0	2217.8	-8.699
CGTTGT	355.0	828.1	-8.685
GCCTTT	2089.0	4531.4	-8.671
GTCATC	1080.0	2271.6	-8.658
ACTTAA	1240.0	2626.7	-8.649
AATGCA	1680.0	3612.3	-8.649
GGCAGT	2030.0	4399.7	-8.643
AAACCA	1718.0	3696.7	-8.606
GCTTAA	918.0	1912.3	-8.588
ACTATT	989.0	2121.2	-8.567
TCAACA	1172.0	2516.0	-8.557
TACGAT	180.0	336.9	-8.551
ACCCTC	1300.0	3162.7	-8.538
ATACTC	597.0	1207.8	-8.535
ATCCCC	1243.0	2636.0	-8.534
TATCCG	200.0	361.4	-8.497
CTTCAA	1420.0	3031.4	-8.497
CGATCG	87.0	201.1	-8.468
CGAAAG	404.0	792.8	-8.461
TCCGAT	207.0	450.4	-8.459
ATGGAC	1115.0	2360.2	-8.450
TAACTA	744.0	1592.4	-8.442
TAGTGC	825.0	1710.4	-8.441
ACTGGT	1217.0	2784.3	-8.412
CTTTAC	975.0	2323.3	-8.404
GCTTCG	538.0	1098.6	-8.402
ATGCCA	1607.0	3454.5	-8.400
CGATAA	142.0	330.9	-8.393
ACCACA	1367.0	3525.6	-8.385
AGGACA	1956.0	4545.1	-8.385
CCCTTG	1756.0	4128.2	-8.385
CATCTT	1795.0	4298.1	-8.385
TGCCGG	780.0	1888.1	-8.385
TCAGTT	1829.0	4178.9	-8.385
GGGCGC	1309.0	3679.1	-8.385
GGACGG	942.0	2124.1	-8.385
GGCCTT	1992.0	4446.5	-8.385
CAAGAG	1717.0	4194.6	-8.385
GACTTT	1655.0	3974.6	-8.385
GATCTG	1531.0	3817.2	-8.385
GAATGA	1736.0	4497.1	-8.385
TAAAAG	1713.0	4206.3	-8.385
ACTGCC	1484.0	3178.1	-8.369
CCGTTT	466.0	1155.7	-8.362
CGCCAT	611.0	1241.7	-8.361
GACTAT	678.0	1389.7	-8.348
TGTTTC	2658.0	5827.2	-8.341
AGTCGG	548.0	1103.1	-8.326
CACAAG	1171.0	2575.1	-8.326
TCACAG	1957.0	4243.5	-8.319
GGTTAG	892.0	2007.0	-8.295
TTTTTA	5654.0	12660.1	-8.289
TACGTT	302.0	605.6	-8.286
AGCGCA	549.0	1107.0	-8.264
ACTATC	514.0	1031.7	-8.259
CCCAAC	1219.0	2587.6	-8.256
CTTTTG	2811.0	6178.0	-8.250
AGCTAA	1137.0	2659.5	-8.202
GATTTT	2909.0	6402.7	-8.196
CTATGG	979.0	2054.8	-8.196
TCCAGA	2152.0	4686.8	-8.158
GGATCC	1167.0	2473.6	-8.156
TCAGTA	1221.0	2594.3	-8.131
CCTCCA	2521.0	5524.2	-8.131
CATGGC	1833.0	3969.1	-8.126
ACAGTG	2247.0	4902.6	-8.124
TTCAGT	2108.0	4589.0	-8.114
TAAACG	286.0	544.8	-8.100
GAAACT	1702.0	3928.2	-8.098
ACCAAT	760.0	1743.5	-8.082
TTAAAA	3601.0	7982.0	-8.063
TATGGC	873.0	2004.6	-8.045
GGCTCG	797.0	1655.4	-8.025
ATCGTG	506.0	1017.6	-7.992
ATACTA	697.0	1435.8	-7.989
CAGCGT	746.0	1544.0	-7.987
CCAACA	1368.0	3404.0	-7.973
TAAAGA	1857.0	4026.3	-7.959
GCCAGT	1626.0	3508.2	-7.953
ACTAAC	569.0	1155.8	-7.945
GTCTAC	588.0	1198.2	-7.918
AGCACG	550.0	1128.3	-7.891
TTGGGT	2080.0	4531.2	-7.886
ACGACT	213.0	500.2	-7.868
TTGACA	1303.0	2785.4	-7.861
CTCAAC	919.0	1928.1	-7.852
CATTGG	1307.0	2792.8	-7.849
CGCAGA	602.0	1366.4	-7.846
CTTGTC	1447.0	3108.8	-7.835
AAGTCG	347.0	690.4	-7.825
TAAATT	2076.0	4526.6	-7.818
AACTTT	2044.0	4453.9	-7.811
CAAAGA	2059.0	4488.2	-7.804
ACCGCC	557.0	1193.4	-7.803
ATACGA	182.0	329.0	-7.802
CGAATG	243.0	653.2	-7.800
AGAACT	1808.0	3920.9	-7.790
TTTGTG	3316.0	7341.6	-7.782
AACTTG	1454.0	3125.9	-7.782
ACACCG	393.0	776.4	-7.775
CCAGGT	2823.0	6221.8	-7.763
ACAGAA	2340.0	5124.1	-7.759
TCGAAA	265.0	502.5	-7.730
AGCGAG	917.0	1926.4	-7.716
CGGTCA	369.0	724.3	-7.712
CCCTCG	848.0	1848.2	-7.710
TTTAAC	1394.0	2990.3	-7.704
GACTGT	1483.0	3191.6	-7.690
GTTAAC	624.0	1390.6	-7.664
ACGGAT	235.0	542.6	-7.660
CCATGT	1642.0	5244.3	-7.649
CTATCG	149.0	314.4	-7.623
ATGTAA	1521.0	3600.6	-7.622
CGACCA	298.0	612.8	-7.609
TTCATC	1499.0	3351.9	-7.604
GGAGGG	5809.0	13053.3	-7.586
TTACTA	923.0	1942.2	-7.571
AACGGA	378.0	746.2	-7.569
AGAAAA	4144.0	9241.7	-7.560
CGAGAG	735.0	1525.3	-7.531
AACGGG	510.0	1033.0	-7.516
GGTCCG	507.0	1186.5	-7.508
CGGTGT	614.0	1260.5	-7.497
AACCGG	369.0	777.8	-7.493
AAATTT	2802.0	6184.5	-7.462
TTGAAA	2556.0	5625.1	-7.456
GGCTTT	2251.0	4932.1	-7.449
CCCACA	1911.0	4163.1	-7.446
CAGATT	1604.0	3471.1	-7.434
AATCGA	228.0	479.3	-7.408
CGGGTA	363.0	768.4	-7.408
TGACCA	1468.0	3165.2	-7.406
TTGACT	1426.0	3071.7	-7.392
ACCCGT	352.0	691.3	-7.390
ACGACA	268.0	526.2	-7.381
GACCAT	987.0	2237.8	-7.380
CAGAGC	2725.0	6387.3	-7.369
GGTGAC	1557.0	3923.5	-7.369
GGGCGT	947.0	2457.6	-7.369
AAAGTA	1620.0	3884.9	-7.369
CTGTTA	1287.0	2903.7	-7.369
ATTGGT	1208.0	2791.2	-7.369
TTTACA	1670.0	4074.1	-7.369
AATCTT	1408.0	3261.3	-7.369
CATCTG	2016.0	4607.7	-7.369
CTTCCC	2908.0	6710.4	-7.369
TGGCAT	1761.0	4257.0	-7.369
TAAGAG	1225.0	2988.8	-7.369
GTGTTA	1181.0	2724.6	-7.369
AACAGG	1592.0	3671.8	-7.369
AACTAA	1023.0	2170.1	-7.346
GAACCA	1265.0	2710.6	-7.341
CGTCTA	232.0	438.7	-7.340
AATACT	1113.0	2369.3	-7.334
CTTCTC	2472.0	5438.1	-7.328
CTACAA	1013.0	2147.0	-7.327
CCTCAT	1566.0	3549.7	-7.305
ACCTAC	704.0	1487.6	-7.292
TCCCTC	2513.0	5535.0	-7.280
TAGTCG	181.0	331.3	-7.261
CAACTG	1118.0	2383.4	-7.248
TAATAT	1432.0	3089.6	-7.244
GAACTT	1525.0	3297.2	-7.241
TCCCCA	2896.0	6405.4	-7.233
CAGCCC	3154.0	6992.6	-7.230
GCTAAA	933.0	1972.2	-7.213
GATACT	780.0	1631.9	-7.210
GCCTAC	671.0	1391.5	-7.209
ACTACG	239.0	454.8	-7.202
CGCTAC	257.0	490.8	-7.200
TCGCCG	347.0	795.3	-7.174
CAGTTC	1480.0	3198.8	-7.148
CCTCGT	596.0	1512.6	-7.142
GTGGGA	3365.0	7478.6	-7.140
TATCTT	1567.0	3395.0	-7.140
TCGGCA	402.0	803.7	-7.137
GTACTA	522.0	1112.5	-7.133
CAGTCG	420.0	842.0	-7.131
CTCTAG	1107.0	2362.7	-7.130
TGTCGT	395.0	788.9	-7.122
ATCTGC	1317.0	3334.9	-7.115
ATTGCA	1595.0	3458.6	-7.095
TGGGGA	4467.0	10001.7	-7.065
GCGCAA	338.0	667.8	-7.032
CCGGGG	1887.0	4120.2	-7.028
ACCTAA	811.0	1730.3	-7.027
GGCGAG	1126.0	2407.2	-7.008
ACAGTT	1505.0	3258.4	-6.995
ATCCAA	998.0	2119.9	-6.994
GTTAAA	1341.0	2976.5	-6.991
TAACAG	1112.0	2454.9	-6.984
CTGACA	1471.0	3183.9	-6.979
GTAAAT	1401.0	3261.0	-6.978
GCGGGA	1425.0	3079.3	-6.957
AACTGG	1660.0	3611.5	-6.922
CCCCGA	810.0	1749.5	-6.915
CGGTGC	682.0	1709.2	-6.899
TCTACA	1037.0	2342.1	-6.898
GCACCA	1402.0	3331.4	-6.882
CCACTC	1404.0	3034.5	-6.865
TTGGCA	1756.0	3828.2	-6.859
ATACCT	903.0	2079.2	-6.836
TTATGC	887.0	1988.1	-6.825
CTCCTC	2675.0	5916.5	-6.824
GAATAC	748.0	1567.1	-6.812
AGGTCC	1248.0	3003.1	-6.798
GCCCGC	1090.0	2835.1	-6.795
TGCGTT	452.0	968.2	-6.793
AAACCG	346.0	830.3	-6.790
CTGCGT	800.0	1684.2	-6.788
GAACTG	1654.0	3763.0	-6.784
TCTTTG	2929.0	6498.9	-6.779
CGCTGT	699.0	1460.0	-6.774
GCTGCG	1322.0	2853.8	-6.769
AAACGA	360.0	759.8	-6.763
AAAAAG	3192.0	7098.5	-6.744
GTAGTG	1115.0	2387.2	-6.741
TGCTAC	827.0	1745.5	-6.733
CCAAGG	2297.0	5061.9	-6.713
TCTACC	930.0	1975.1	-6.712
GCTTGG	2196.0	4831.9	-6.691
CCTAAC	660.0	1497.5	-6.675
AGAGTA	1124.0	2646.0	-6.667
AACGTT	372.0	746.2	-6.663
CCGAAT	234.0	568.5	-6.659
GCGTCG	243.0	699.1	-6.653
CCCGAT	317.0	625.6	-6.652
CCATTG	1479.0	3244.1	-6.638
AATCCG	281.0	549.0	-6.617
TCCGGT	307.0	744.7	-6.615
TATGAC	734.0	1653.9	-6.575
TGCCGC	746.0	1567.9	-6.561
GGGTAC	702.0	1797.2	-6.541
TTCTCT	3449.0	7696.1	-6.522
AAAGAA	4037.0	9041.6	-6.519
CTCGTT	379.0	830.5	-6.506
TTGCGG	440.0	1144.4	-6.498
AACAGA	1978.0	4442.3	-6.497
CAGACC	1515.0	3293.8	-6.495
CTGAAC	1266.0	2835.6	-6.489
TCCAGG	3014.0	6705.1	-6.457
CAGGAC	1766.0	4134.5	-6.457
GTTGTA	1051.0	2327.2	-6.457
GCTGAT	1398.0	3150.8	-6.457
ATGTTA	1422.0	3233.5	-6.457
TGATTA	1209.0	2808.6	-6.457
CCTCAG	3395.0	8524.7	-6.457
AGCAAA	1939.0	4371.2	-6.457
GCGCTG	1080.0	2686.7	-6.457
TTCCAT	1845.0	4632.8	-6.457
ATAAAG	1538.0	3584.9	-6.457
GAGCAA	1459.0	3549.6	-6.457
TCATTG	1594.0	3641.5	-6.457
TGCCCG	1017.0	2638.2	-6.453
GTGCCG	727.0	1527.7	-6.432
AATTGA	1385.0	3003.3	-6.426
GGGGCT	3734.0	8352.4	-6.419
ACTGCA	2135.0	6280.1	-6.419
GGTTAT	943.0	2009.6	-6.409
CCTGGT	2485.0	5500.0	-6.392
GGGGCA	2900.0	6447.7	-6.386
ACGTCG	141.0	349.2	-6.379
AGGGTG	2962.0	6590.8	-6.346
AAGGAT	1643.0	3589.2	-6.344
ACTGAT	1149.0	2509.9	-6.343
CGGGAC	828.0	1755.5	-6.324
GAGGGT	2439.0	5396.8	-6.317
AAAACC	1496.0	3459.5	-6.313
ATTACG	201.0	382.2	-6.286
GTTACG	209.0	399.8	-6.277
TCAAGG	1568.0	3539.3	-6.271
TAACGC	148.0	321.3	-6.236
TCGTAG	257.0	530.2	-6.224
ATCCGA	259.0	504.5	-6.220
AACACC	947.0	2022.9	-6.215
ATGGCA	1647.0	3925.7	-6.198
ACATTG	1326.0	2877.4	-6.192
GTAATA	888.0	1892.8	-6.169
TTCCGT	471.0	1021.0	-6.164
AGCGCC	764.0	1714.6	-6.160
AGCCCC	2471.0	5476.6	-6.158
AATGCC	1243.0	2689.7	-6.149
TTAATA	1576.0	3441.4	-6.143
TTTCTT	5806.0	13125.4	-6.126
GAGGCC	3168.0	7070.5	-6.109
TAAGCT	831.0	2077.4	-6.107
TTGACC	1069.0	2299.7	-6.102
TACGCT	186.0	351.6	-6.099
ACCCTA	692.0	1537.6	-6.095
GTGGTC	1543.0	3369.2	-6.089
TTATCG	185.0	349.3	-6.086
TCAACC	828.0	1760.4	-6.069
CCACAC	1468.0	3475.3	-6.059
TCGACC	256.0	502.4	-6.055
CTCTAC	977.0	2950.3	-6.046
CGGTAG	271.0	724.9	-6.037
TCCTGT	2482.0	5506.7	-6.037
CTGACG	513.0	1061.3	-6.031
CGGCGA	365.0	854.2	-6.027
TACCAA	830.0	1766.1	-5.993
CCCTGT	2564.0	5696.0	-5.979
GGACGT	537.0	1116.2	-5.971
CAGCCA	2628.0	5840.5	-5.953
GTGTTG	2090.0	4616.8	-5.951
TTCAGG	2217.0	4905.6	-5.949
TACTGG	1154.0	2495.6	-5.934
CCAACT	1099.0	2372.0	-5.903
TGCGTC	468.0	964.5	-5.894
TCCCCG	1174.0	2540.6	-5.890
GCTCGT	379.0	769.5	-5.877
AGCGTC	481.0	994.3	-5.872
ATTGCC	1020.0	2348.8	-5.856
AGAATC	1289.0	3492.2	-5.854
TTCTAC	1037.0	2337.2	-5.851
CCATGG	2073.0	4580.6	-5.838
GTGTGC	2620.0	5828.6	-5.838
AACTTC	1365.0	2974.2	-5.834
ATTGTA	1219.0	2977.2	-5.828
CTACAT	777.0	1959.2	-5.819
CGTTTG	513.0	1167.9	-5.814
CTCCTA	1187.0	2571.6	-5.814
TAGTGT	1129.0	2442.5	-5.798
ACGGGA	608.0	1274.4	-5.797
AAAAAC	2059.0	4551.1	-5.784
CTTTGA	2100.0	4644.8	-5.782
TAGATC	626.0	1457.7	-5.781
ACCGCA	478.0	989.3	-5.766
GTAAAA	1597.0	3500.5	-5.765
CTAATG	1005.0	2163.5	-5.757
ACAAGG	1509.0	3303.5	-5.755
AACCTT	1188.0	2668.8	-5.749
AACGCC	359.0	726.9	-5.747
ATATTG	1356.0	2955.3	-5.742
TTCGTA	258.0	507.0	-5.740
AGATCT	1467.0	3207.1	-5.734
ATTTTA	3429.0	7687.0	-5.692
CAATTG	765.0	1626.9	-5.671
AATGTT	2116.0	4684.7	-5.669
TCTAGG	1259.0	2737.7	-5.665
TTCTAG	1623.0	3563.8	-5.659
CCGTGT	873.0	1868.5	-5.656
ATCTAG	706.0	1698.6	-5.652
ATTCAG	1716.0	3775.4	-5.646
AAGCGT	409.0	839.7	-5.645
CTGTCA	1786.0	4365.7	-5.635
TTAAGT	1410.0	3434.5	-5.635
CAGAAT	1744.0	4178.4	-5.635
GGATCT	1251.0	3003.0	-5.635
TACTTG	1150.0	2733.0	-5.635
ATTATG	1201.0	2911.2	-5.635
TTATAA	1462.0	3611.2	-5.635
AAGCAC	1184.0	2570.0	-5.630
CAAGCT	1415.0	3092.1	-5.600
CCCCCG	1235.0	2828.3	-5.592
CAGGGC	3204.0	7174.1	-5.586
GACAAA	1382.0	3019.7	-5.583
TCCAGT	1736.0	3821.9	-5.582
GACCCG	598.0	1484.1	-5.574
ATCACC	1037.0	2413.8	-5.572
GGGTAT	983.0	2118.2	-5.566
TATGAT	1142.0	2668.8	-5.561
CTGGCA	2374.0	5278.9	-5.544
ACTTGT	1315.0	2868.7	-5.532
CATCCT	1855.0	4343.7	-5.524
GCCGGT	553.0	1198.3	-5.519
CGTTGC	361.0	807.1	-5.518
TTGTCC	1445.0	3164.8	-5.490
CGTCCT	636.0	1344.6	-5.484
CACAGG	2416.0	5377.2	-5.437
CGAACG	116.0	267.0	-5.432
ATTCGC	199.0	386.9	-5.412
CTACGT	301.0	605.1	-5.411
ACACTG	1621.0	3566.8	-5.402
ACGCTG	664.0	1407.2	-5.395
AGTGAC	1476.0	3236.1	-5.384
GCGATG	488.0	1015.5	-5.381
ATTAAC	860.0	1846.0	-5.377
TAACAA	1107.0	2403.3	-5.366
CAGGTC	1586.0	3505.2	-5.360
AGAGCT	2207.0	4902.5	-5.357
GGATTT	2031.0	4502.2	-5.340
TACCTA	700.0	1591.2	-5.328
GTCAAA	1038.0	2248.7	-5.299
TTCGCA	269.0	537.6	-5.284
GGTAGG	1545.0	3398.9	-5.260
TTATCA	1146.0	2841.0	-5.256
TAGACC	554.0	1349.2	-5.254
CCAACC	1131.0	2460.8	-5.251
TGTATC	1149.0	2501.5	-5.233
AATCGT	236.0	475.5	-5.229
CAACGC	243.0	526.5	-5.222
GTGAGG	3136.0	7037.0	-5.202
GTCGAG	376.0	772.5	-5.188
CTGGGG	5277.0	11961.9	-5.183
CCAGCG	983.0	2127.4	-5.180
CGCCAG	806.0	1728.6	-5.179
CATCTA	943.0	2037.1	-5.175
CGGATC	340.0	891.7	-5.169
AACCAT	1092.0	2373.8	-5.167
AGTCCA	1269.0	2775.0	-5.161
TATCCC	739.0	1681.3	-5.153
GACACC	1043.0	2264.3	-5.148
CTTAGT	978.0	2117.9	-5.126
CACGCT	509.0	1067.8	-5.118
AACGTC	291.0	587.6	-5.110
AGTACA	1023.0	2220.8	-5.107
CCACAA	1175.0	2564.0	-5.107
TATCAA	867.0	1869.8	-5.097
ATCAGG	1299.0	2999.5	-5.090
AATACG	229.0	454.8	-5.074
CTACCG	242.0	480.7	-5.069
ATGGCT	1754.0	3879.8	-5.063
CTAACG	148.0	405.6	-5.062
CCCGTC	682.0	1782.6	-5.046
AATACC	797.0	1713.1	-5.041
TCGCTG	656.0	1396.7	-5.038
GGTATC	672.0	1432.3	-5.032
CTAAAC	711.0	1567.1	-5.012
ATCCCT	1416.0	3112.9	-5.008
ACTCTT	1413.0	3108.0	-4.989
TCCGAA	325.0	664.0	-4.986
CGAATA	145.0	359.4	-4.985
TGTTTG	3389.0	7627.4	-4.980
ATCTTT	2267.0	5055.5	-4.979
CCATAC	577.0	1222.5	-4.976
GGCCAC	1797.0	3982.6	-4.966
GGACAG	2429.0	5426.9	-4.964
TTTCGA	323.0	660.4	-4.958
CTACTA	680.0	2144.9	-4.953
AACTGA	1533.0	3397.2	-4.943
GGTGTT	1862.0	4132.8	-4.926
GCTTCA	1551.0	3423.1	-4.919
CTCACC	1688.0	3734.1	-4.914
TTCTAA	1582.0	3660.6	-4.897
CAAGTG	1642.0	4477.7	-4.897
AGGACT	1625.0	3718.5	-4.897
TCATGC	1069.0	3109.7	-4.896
CGCCGT	359.0	739.5	-4.883
CTAGGT	1013.0	2203.8	-4.880
TCCACG	538.0	1137.1	-4.869
TACCCG	246.0	546.3	-4.863
GCCTTC	1909.0	4241.0	-4.862
GTTGCA	1470.0	3241.3	-4.860
TATTCG	197.0	425.1	-4.856
GGCTAC	817.0	1761.1	-4.853
GTGTCG	451.0	943.9	-4.841
CTAACC	648.0	1381.1	-4.841
CCTTGC	1683.0	3725.1	-4.839
CTGATA	889.0	2060.6	-4.817
GCTACA	836.0	1806.8	-4.804
GCGTAT	226.0	463.6	-4.803
GTCCGA	317.0	649.8	-4.801
GCGCTA	252.0	505.9	-4.792
GACCTT	1297.0	3123.2	-4.789
ATAATG	1252.0	2889.5	-4.774
CTTATG	979.0	2128.6	-4.769
TGTACA	1335.0	2936.3	-4.751
GCCATA	629.0	1511.9	-4.747
TATAGT	973.0	2115.6	-4.746
TTAAGG	1188.0	2943.1	-4.739
TGGAAC	1473.0	3252.0	-4.724
GAGCCT	2233.0	4986.4	-4.722
GTCGCC	576.0	1458.3	-4.722
AGTGTC	1421.0	3134.0	-4.719
CCAAAA	1721.0	3817.5	-4.699
ACCTTA	770.0	1754.4	-4.692
GCTACC	705.0	1513.5	-4.689
GATGCG	428.0	949.0	-4.686
TGCCGT	564.0	1239.8	-4.675
TTGATC	1073.0	2344.5	-4.671
CGGTGA	690.0	1620.9	-4.664
CAAGTC	1084.0	2368.7	-4.660
TTTCTA	2295.0	5133.4	-4.653
TATACG	166.0	322.2	-4.651
GGACTG	1904.0	4237.5	-4.648
GGTCTG	2178.0	4864.6	-4.636
AACTAG	729.0	1736.5	-4.618
ACGCTT	291.0	682.6	-4.615
AGACCT	1436.0	3394.9	-4.594
CAAAGC	1460.0	3226.1	-4.573
AATCGG	268.0	557.8	-4.570
GAACCG	403.0	888.6	-4.556
TAACTC	761.0	1643.6	-4.551
CTAATA	820.0	1775.2	-4.541
CCGCGG	895.0	2371.9	-4.538
CCTACT	915.0	2021.4	-4.528
GGCTTG	1989.0	4438.0	-4.526
TTGTGT	2804.0	6306.9	-4.520
CACTAC	600.0	1280.3	-4.520
GAGAGC	2020.0	4507.5	-4.507
ACGGAC	316.0	655.9	-4.505
ATTCGA	228.0	498.7	-4.505
GTTTGC	1600.0	3549.9	-4.487
AGACTT	1556.0	3447.8	-4.483
CTTACG	240.0	485.9	-4.471
ACTTTT	2653.0	5960.9	-4.466
TACCTC	865.0	1920.7	-4.464
TCTGAC	1316.0	2903.8	-4.447
AGATTG	1518.0	3362.8	-4.441
AGTTGC	1104.0	2422.7	-4.422
CCTGAC	1693.0	4720.4	-4.420
GTATTA	910.0	1982.9	-4.378
GCGTAC	158.0	364.2	-4.376
ACGGCT	442.0	931.2	-4.372
ATAACC	594.0	1360.4	-4.359
GGGCAG	4376.0	9935.9	-4.357
CGAGTC	445.0	938.1	-4.355
TACAGA	1536.0	3406.6	-4.347
ATTGGG	1319.0	2913.8	-4.344
GCGAGC	674.0	1452.0	-4.341
CATACG	172.0	426.8	-4.328
CGACAC	235.0	476.6	-4.319
CCAAAC	1104.0	2425.7	-4.315
CCTAAA	1093.0	2399.3	-4.314
GTGTTC	1545.0	3430.0	-4.305
AAGGTC	1048.0	2772.9	-4.299
AGTATA	906.0	1975.6	-4.297
ACGTGT	661.0	1423.6	-4.281
ATAGTC	592.0	1267.4	-4.277
CCAATC	577.0	1647.7	-4.272
CCATGC	1427.0	3852.8	-4.271
TATCCT	1104.0	2494.9	-4.251
TACTTA	954.0	2086.9	-4.248
TGTCTG	3026.0	6828.4	-4.247
ACGCTA	129.0	326.9	-4.241
AATGAT	1557.0	3723.1	-4.235
TAGATT	1158.0	2779.6	-4.235
CTGCAC	1829.0	4887.5	-4.235
GATCCT	1343.0	2972.7	-4.233
GATCCG	405.0	1100.9	-4.225
TCTCTC	2625.0	5909.2	-4.216
GTAGAT	964.0	2317.6	-4.208
TCATCC	1303.0	2882.2	-4.206
CTTAGA	1107.0	2436.9	-4.205
TGATTT	2944.0	6642.8	-4.203
GTCAGC	1308.0	2892.5	-4.179
CGCTGC	1057.0	2504.9	-4.158
TCCAAA	1581.0	3517.2	-4.155
ACTAAT	821.0	1788.6	-4.141
TTACGC	164.0	323.7	-4.136
ACCGTG	629.0	1708.4	-4.130
TTGCCG	440.0	931.5	-4.123
GGCTGT	2748.0	6197.8	-4.116
AACCTA	749.0	1720.1	-4.106
CCCTAA	918.0	2009.2	-4.078
GCGAGG	1157.0	2554.5	-4.051
TGCTAA	1113.0	2452.5	-4.047
CTTACT	1092.0	2427.8	-4.046
GATAAC	600.0	1291.7	-4.042
AGCGAA	402.0	849.8	-4.034
TCTCCC	2637.0	5946.6	-4.020
CCAGTT	1615.0	3769.2	-4.013
TGGAGG	4290.0	9758.1	-4.010
GTTACT	981.0	2259.0	-4.000
TCGAAT	250.0	511.9	-3.991
CCGAAA	363.0	762.9	-3.982
ATCTGT	1854.0	4149.6	-3.968
AGTTGT	1543.0	3437.3	-3.967
TATTGC	963.0	2159.5	-3.964
GAACTA	719.0	1822.0	-3.961
ACAGTC	1051.0	2316.6	-3.960
AAAGCC	1575.0	3511.8	-3.949
TACGCC	193.0	390.0	-3.947
CTCCTT	2380.0	5358.5	-3.934
TCCCGT	570.0	1227.4	-3.934
CAAGCC	1358.0	3015.9	-3.926
CGATGT	312.0	651.9	-3.916
CAGAAA	2787.0	6296.1	-3.895
CGTTCA	315.0	658.4	-3.894
TACGGT	206.0	477.3	-3.872
TTACTC	897.0	1992.9	-3.871
GTTTGG	2186.0	4916.6	-3.866
TCATAC	599.0	1294.0	-3.849
ACGTTT	514.0	1102.4	-3.848
GCCATG	1957.0	4392.1	-3.822
GCTTTA	1228.0	2782.9	-3.821
CGTTAC	190.0	384.2	-3.820
ATGTTC	1377.0	3062.6	-3.814
GAACGC	398.0	844.7	-3.814
ATGCGA	252.0	518.3	-3.806
TACGGG	317.0	664.3	-3.797
AGGTAG	1532.0	3420.2	-3.772
CGGGGC	2108.0	4740.2	-3.764
TAAGCA	1083.0	2593.1	-3.757
CTAGCA	797.0	1921.5	-3.757
CTATGC	677.0	1574.3	-3.756
CACCTA	885.0	1943.2	-3.756
CGAAGG	601.0	1300.4	-3.739
CTCTCA	1641.0	3671.4	-3.735
TCAGAA	2151.0	4842.1	-3.699
TTACGT	296.0	618.3	-3.695
ACTGGC	1368.0	3048.2	-3.688
CGGATA	162.0	337.5	-3.686
TCGGGT	490.0	1175.5	-3.683
TAACCA	855.0	2020.8	-3.661
TGACCT	1840.0	5072.5	-3.659
GATTAT	1211.0	2689.0	-3.658
TGATAC	743.0	1624.1	-3.652
TGACTA	818.0	1794.3	-3.649
ACTTTA	1368.0	3178.3	-3.642
AACCTG	1705.0	3993.0	-3.642
AAATCT	1661.0	3848.7	-3.642
GGAACT	1397.0	3488.7	-3.642
AGCATT	1542.0	3881.1	-3.642
TTCCTA	1434.0	3421.3	-3.642
CATTGC	1319.0	2957.6	-3.635
TCCTAT	964.0	2127.0	-3.633
CGCCGC	1054.0	2334.0	-3.622
GACCTA	625.0	1358.5	-3.622
AAGCGC	482.0	1036.7	-3.619
TGTCCA	1720.0	3856.1	-3.610
GGTGTC	1626.0	3642.9	-3.598
CAATCG	175.0	353.1	-3.596
CTATCA	722.0	1594.3	-3.578
CCAATG	965.0	2133.7	-3.542
ACAGAT	1569.0	3515.0	-3.541
AGAGAA	3326.0	7560.1	-3.538
TAATCG	154.0	308.1	-3.533
TAGGTG	1310.0	2919.6	-3.532
AAACCT	1514.0	3389.2	-3.526
TAGTTG	1014.0	2244.0	-3.521
CGTCAG	461.0	1138.7	-3.520
CCAGTC	1464.0	3273.5	-3.518
ATACGC	135.0	267.7	-3.517
CGTCAC	378.0	864.4	-3.492
TTTGTT	5277.0	12078.0	-3.478
CCGAAC	225.0	543.6	-3.475
CGAATC	228.0	472.6	-3.474
ATTAAA	2003.0	4514.8	-3.465
AAGTTA	1244.0	2856.1	-3.459
AATGCT	1521.0	3672.7	-3.458
CCTCCT	3715.0	8464.4	-3.453
GCGTAA	176.0	357.8	-3.449
AAACGG	448.0	962.0	-3.449
AGAGCG	834.0	1837.9	-3.448
CGAATT	264.0	551.9	-3.440
AAACAG	2108.0	4755.8	-3.440
TCGATA	133.0	306.4	-3.440
CACAGT	1702.0	3822.7	-3.431
CAACCC	1025.0	2273.7	-3.430
AGCGAC	351.0	745.1	-3.423
CTACAG	1343.0	3211.8	-3.422
ATGGTA	1183.0	2693.0	-3.405
GATTAA	911.0	2230.3	-3.400
TGCGTA	266.0	618.3	-3.393
CAGACG	573.0	1319.2	-3.385
CTGTGT	3753.0	8558.4	-3.382
TCGTGC	457.0	1056.8	-3.368
CGGGAA	913.0	2018.6	-3.360
CCGTGA	630.0	1376.6	-3.349
TCGCCT	542.0	1176.5	-3.342
TTACCA	984.0	2230.5	-3.340
TGTCAA	1196.0	2666.4	-3.329
CTATGA	1006.0	2232.2	-3.320
ACCCGA	372.0	794.3	-3.320
TAAGGT	962.0	2133.1	-3.318
TCACCC	1642.0	3691.2	-3.307
GCCTCT	2367.0	5360.5	-3.304
ATGTGT	2855.0	6487.4	-3.298
GAGCAC	1300.0	2954.7	-3.291
TCTGCT	2527.0	5730.1	-3.287
CCACTG	2145.0	6119.5	-3.284
TATTCT	1767.0	3980.8	-3.283
TTTCTC	3294.0	7503.2	-3.283
TTACCT	1215.0	2711.7	-3.281
TCCCTG	3325.0	7573.8	-3.277
TCTAGA	1161.0	2587.9	-3.272
GTCCTA	725.0	1594.3	-3.272
CTGGTT	1925.0	4343.4	-3.271
GGATAC	604.0	1318.5	-3.269
GGCGAT	376.0	804.1	-3.267
GCCGAT	253.0	530.7	-3.256
CACAGC	2130.0	4816.8	-3.253
ACCGGC	490.0	1061.4	-3.240
TATATT	1944.0	4389.3	-3.238
CTTCGG	581.0	1268.3	-3.232
TCTAGT	956.0	2121.8	-3.231
CAACGT	365.0	780.4	-3.231
GCCAAC	941.0	2421.8	-3.217
AATAGT	1082.0	2409.1	-3.205
ACCGAG	541.0	1177.4	-3.203
CCTTCC	2929.0	6664.9	-3.192
TTTAGC	1129.0	2519.4	-3.190
TGGTAT	1333.0	2985.0	-3.187
GATGTG	2077.0	4698.5	-3.183
AGTCAG	1660.0	3738.6	-3.166
GGTTTG	2085.0	4716.7	-3.165
CTAAAT	1091.0	2432.6	-3.165
CCAAAT	1396.0	3131.6	-3.161
TTGGTA	1305.0	2921.6	-3.158
TACTCG	231.0	780.2	-3.154
TAGATG	1196.0	2673.2	-3.131
CCGGCA	686.0	1548.2	-3.129
TGTCGC	442.0	1219.9	-3.125
TAGGAC	686.0	1667.9	-3.123
TATTCA	1282.0	3165.8	-3.113
TCCTTA	1246.0	2973.4	-3.113
CAGTAG	1114.0	2738.9	-3.113
TGCTAT	1075.0	2890.3	-3.113
GGTCCC	1722.0	4082.6	-3.113
TTACAT	1277.0	3389.9	-3.113
CCTGCG	1158.0	2588.3	-3.112
ACTTAC	751.0	1658.5	-3.112
AAGCTC	1251.0	3026.0	-3.108
ATTACT	1077.0	2404.2	-3.083
CGACCG	177.0	440.0	-3.072
AGCACA	1624.0	3660.6	-3.062
TCATCT	1769.0	3993.7	-3.058
AGGCCA	2397.0	5443.3	-3.057
GTTATC	654.0	1438.4	-3.053
CTTCGC	450.0	1040.0	-3.048
CGACCC	457.0	992.4	-3.046
GAAACG	514.0	1121.9	-3.039
TAGAGC	915.0	2034.7	-3.026
ACGATT	235.0	500.7	-3.023
GTATTC	888.0	1973.9	-3.009
ATAACG	151.0	363.6	-3.001
CGTTCC	429.0	929.3	-2.988
CGTCTT	483.0	1051.5	-2.986
ACCGCT	371.0	801.9	-2.978
CCATAG	769.0	1702.4	-2.966
CGATGC	284.0	641.5	-2.965
TAGAAC	867.0	1929.0	-2.953
TAACCC	698.0	1541.7	-2.947
CGGTTA	201.0	420.4	-2.946
AGCTTG	1657.0	3742.8	-2.935
GAATTT	2167.0	4917.1	-2.933
GGTCGA	291.0	620.9	-2.923
GGTATT	1172.0	2627.8	-2.917
GCCCAA	1196.0	2682.4	-2.914
GGTTCT	1530.0	3451.6	-2.913
CTCCAA	1440.0	3243.2	-2.905
TTTACG	236.0	559.3	-2.900
GGTAGC	886.0	1973.0	-2.898
GACTTC	1319.0	2966.9	-2.879
GTTCGC	253.0	536.5	-2.861
TCGCTT	435.0	1263.5	-2.839
GCGTCT	603.0	1327.3	-2.836
TTTGCC	1999.0	4536.0	-2.829
ACCCCA	1961.0	4447.1	-2.823
TTCGGA	348.0	750.2	-2.818
CGTATA	156.0	328.1	-2.817
CGTTTA	286.0	730.4	-2.814
CACCGG	557.0	1337.0	-2.813
CCACCC	2558.0	5830.6	-2.812
CTGACT	1634.0	3695.3	-2.782
AGTGGT	1956.0	4439.0	-2.777
TTACCC	789.0	1873.7	-2.776
TCGTTA	210.0	491.8	-2.751
ACGTGG	927.0	2077.8	-2.749
TATAAC	577.0	1398.9	-2.747
TATGAG	1122.0	2520.0	-2.746
AAACGC	333.0	719.4	-2.741
GCAGTT	1576.0	3563.1	-2.736
TTGTAG	1657.0	3751.5	-2.734
CACGGA	533.0	1174.0	-2.728
AGGTCA	1551.0	4567.9	-2.716
GCAACG	311.0	670.7	-2.712
CAACTC	932.0	2085.0	-2.699
GGACAT	1280.0	3068.1	-2.688
TTCGAA	284.0	609.9	-2.672
CAGCTT	2094.0	4763.2	-2.667
AAAATC	1650.0	3737.3	-2.666
ATGGGT	1539.0	3482.2	-2.650
TAAACC	803.0	1790.7	-2.634
AGGCGA	585.0	1294.3	-2.628
TTCCGC	400.0	1062.2	-2.617
CGTGTA	347.0	752.5	-2.616
TGGTCG	395.0	1043.0	-2.596
CAGTAA	1210.0	2729.5	-2.589
TGCCAG	2466.0	5629.0	-2.576
CGGCTG	1249.0	2818.6	-2.574
GATTCG	260.0	557.1	-2.567
ACGGGC	593.0	1312.5	-2.558
CCCGCT	828.0	1852.3	-2.556
TTAAGC	785.0	2023.9	-2.555
TAAGTT	1333.0	3012.1	-2.542
ATGACT	1262.0	2895.7	-2.535
CCACCT	2558.0	5847.6	-2.531
TAACCT	956.0	2146.9	-2.529
GTGACG	470.0	1183.6	-2.517
ACCTGA	1556.0	3575.7	-2.499
ATACCC	600.0	1330.7	-2.490
GTCGTG	455.0	1002.0	-2.485
CAAGGT	1617.0	3672.0	-2.482
TAAATC	937.0	2152.8	-2.463
ACCTAT	685.0	1526.6	-2.459
GCACGA	318.0	915.5	-2.458
GAGTCG	470.0	1036.3	-2.453
TCCGAG	649.0	1444.7	-2.453
TATCGC	140.0	291.5	-2.445
TGGGGT	3746.0	8610.2	-2.443
TTGTAC	881.0	2128.0	-2.441
CGTAGA	266.0	573.6	-2.439
GACCAC	1022.0	2302.4	-2.433
CCGGTC	421.0	924.6	-2.430
GTCGTT	295.0	639.4	-2.414
GCCTGA	2021.0	4608.0	-2.410
CTATAC	430.0	945.3	-2.410
TAATAG	932.0	2096.9	-2.397
CCGGAA	584.0	1428.9	-2.396
TGTACT	1193.0	2696.7	-2.393
CAGCGC	865.0	1956.2	-2.389
CAGTTA	1118.0	2524.8	-2.388
CCAGGG	3589.0	8247.7	-2.388
TTAAAC	1164.0	2630.6	-2.377
GAGCGA	720.0	1610.2	-2.377
ATAGCC	598.0	1390.1	-2.365
TCCTCG	629.0	1406.8	-2.365
CCGGAT	352.0	769.8	-2.364
GTACAG	1094.0	2470.1	-2.362
TCGACT	223.0	479.3	-2.355
TAACTG	1119.0	2528.5	-2.347
CCTCGA	452.0	999.0	-2.339
ACGTCA	331.0	799.6	-2.337
CGCTGA	577.0	1286.7	-2.319
GTATCT	1114.0	2518.8	-2.311
AATATC	958.0	2191.5	-2.301
GTACAA	783.0	1757.4	-2.295
CTTAGG	1175.0	2660.7	-2.294
TCTAAT	1088.0	2458.3	-2.293
GCAACT	860.0	1935.9	-2.285
TAAAAC	1398.0	3175.8	-2.285
GTACTC	553.0	1230.7	-2.280
GCGTTG	430.0	991.0	-2.262
CTGCCA	2441.0	5593.3	-2.250
ACGGGT	396.0	873.3	-2.246
CACGCA	493.0	1093.2	-2.244
AATCTG	1481.0	3369.0	-2.242
ATTCGG	280.0	609.5	-2.228
CAAGTT	1305.0	3029.7	-2.227
AGTAGT	949.0	2224.7	-2.227
GAGCCG	1164.0	2896.4	-2.227
GCCCCG	1500.0	3638.5	-2.227
GGCGCC	1088.0	3142.8	-2.227
TGGATT	1878.0	4291.0	-2.217
CAGATA	1169.0	2650.0	-2.206
CCCAGT	2075.0	4748.8	-2.205
GTATAA	850.0	1914.4	-2.205
ACTTCC	1482.0	3621.6	-2.200
CTCTCG	572.0	1276.1	-2.200
CCGCTT	496.0	1204.7	-2.199
GGCAAC	928.0	2553.1	-2.198
AGGAAT	1961.0	4482.5	-2.195
TATCCA	976.0	2205.5	-2.189
AGAGCC	2072.0	4741.6	-2.188
TTTGGT	2507.0	5751.3	-2.184
CCTTAG	1058.0	2394.8	-2.176
GCACCT	1478.0	3685.3	-2.172
TCGGAC	261.0	626.4	-2.171
GGAACC	1321.0	3004.7	-2.159
TATGCC	773.0	1739.3	-2.157
CGCCCT	829.0	1959.7	-2.149
TTTGGC	1778.0	4063.9	-2.141
CTTCCA	2198.0	5037.9	-2.138
ACGTTA	227.0	501.1	-2.137
TAATGG	1088.0	2571.5	-2.136
TTTAGG	1559.0	3555.3	-2.134
TACTCC	711.0	1598.4	-2.126
TACCAT	921.0	2274.4	-2.125
ATCTAA	822.0	1854.7	-2.120
AATATA	1453.0	3312.7	-2.117
AAGTTC	1271.0	2890.2	-2.114
GTTCTG	2044.0	4681.5	-2.114
GTAATG	1029.0	2330.9	-2.113
GTAGAC	662.0	1486.9	-2.113
GCTCAG	2335.0	5357.2	-2.112
TTTGCG	415.0	921.9	-2.110
TACGCA	181.0	389.2	-2.106
GTGACC	1474.0	3361.3	-2.105
CCACAT	1293.0	3322.3	-2.099
GGTGCA	1971.0	4513.3	-2.096
CAATAC	539.0	1205.3	-2.091
TATTAC	767.0	1727.2	-2.082
AAGCCA	1919.0	4392.8	-2.081
CCTATG	884.0	1998.8	-2.081
GTTTGA	1865.0	4269.2	-2.078
ATTAAT	1433.0	3268.6	-2.077
CGTAGC	234.0	543.9	-2.075
GTTCAG	1432.0	3266.3	-2.071
ACTTGC	1078.0	2447.8	-2.067
AGGCCG	1272.0	2895.3	-2.059
TTTCCG	486.0	1238.8	-2.058
GTTCCC	1433.0	3269.2	-2.058
CGACTA	141.0	299.0	-2.058
ACCATT	1231.0	2801.7	-2.051
CATAGC	712.0	1676.8	-2.048
AGTTCC	1325.0	3020.3	-2.042
TGCTCG	486.0	1083.9	-2.040
GACTCT	1336.0	3045.4	-2.026
GACCCA	1370.0	3125.7	-2.016
TTGGAC	1046.0	2376.8	-2.007
CCGCTA	227.0	495.2	-1.999
GATAAT	1040.0	2444.0	-1.990
CACAGA	2098.0	4814.5	-1.988
GGGAAC	1582.0	3617.8	-1.986
TAGTAA	942.0	2137.0	-1.970
CAAACG	320.0	707.9	-1.969
TGCCAT	1814.0	4157.3	-1.966
AACGCT	273.0	671.3	-1.965
CAACTA	586.0	1317.9	-1.961
GCGTCA	348.0	770.4	-1.956
ACACGC	375.0	834.0	-1.946
TGGCCT	2849.0	6565.6	-1.946
AGTTAC	879.0	1991.3	-1.946
TGGTAG	1381.0	3154.6	-1.942
ATTGTC	1019.0	2317.9	-1.937
CCCAAG	2070.0	4753.8	-1.932
CGGAGA	786.0	1779.9	-1.923
TACACC	560.0	1287.6	-1.921
GAAAGC	1680.0	3850.1	-1.917
CGAGTT	382.0	850.6	-1.911
TAGACG	215.0	470.7	-1.893
AGCTAC	916.0	2952.4	-1.890
GTTGTC	1032.0	2348.3	-1.888
ACTCTC	1015.0	2309.8	-1.887
ATCATT	1432.0	3276.4	-1.882
GGCGAC	491.0	1392.3	-1.878
GGTCCA	1108.0	2526.7	-1.877
CCGTAA	217.0	475.4	-1.872
ACTCGT	258.0	567.1	-1.871
AACGTG	603.0	1358.4	-1.871
CACTCG	367.0	816.9	-1.863
GGGTGT	2693.0	6209.0	-1.863
TATTCC	1090.0	2483.5	-1.862
AATTCG	241.0	531.0	-1.852
CAGTCA	1387.0	3173.9	-1.848
GAAGGC	2054.0	4722.6	-1.840
CCCGGT	625.0	1411.6	-1.836
TAGGTC	703.0	1591.3	-1.821
CGCTTA	169.0	451.2	-1.808
CCCGAA	447.0	1002.3	-1.806
GAGCTC	1718.0	3943.4	-1.806
AATAAC	873.0	2249.9	-1.801
AATTAA	1708.0	3922.1	-1.790
CGATGG	465.0	1044.8	-1.787
AGTCCG	349.0	848.8	-1.787
ATAGTA	885.0	2013.1	-1.782
TAAAAT	2630.0	6066.7	-1.778
TACAGT	1245.0	2847.1	-1.776
TAGCGG	269.0	670.6	-1.776
TAGTAT	887.0	2018.5	-1.774
TTGCCA	1743.0	4004.8	-1.771
GGCTAT	803.0	1824.8	-1.755
GCCTTA	875.0	2090.2	-1.752
GAACAC	974.0	2232.3	-1.750
CTATAG	641.0	1450.8	-1.747
ATCTAC	644.0	1457.8	-1.745
AACCCT	1146.0	2932.2	-1.742
TGACTC	1333.0	3053.3	-1.742
GATCTT	1410.0	3233.3	-1.742
GTCTGT	2303.0	5309.7	-1.742
CAACAC	895.0	2039.1	-1.742
GTCCAA	817.0	1858.0	-1.741
GTAAAC	800.0	1820.8	-1.740
GAGCGC	788.0	1925.0	-1.740
CTCAGA	2116.0	4874.7	-1.738
ACTGTA	1255.0	2874.2	-1.725
TAACAC	716.0	1626.8	-1.723
AAAAGA	3165.0	7319.2	-1.712
TGGTCC	1362.0	3123.6	-1.708
CGAAAT	236.0	523.1	-1.706
ACTCGC	296.0	659.4	-1.704
GATACG	200.0	440.5	-1.702
TTGAAC	1248.0	3858.7	-1.698
ATCCAC	971.0	2478.4	-1.696
CGCCCC	1122.0	3313.9	-1.694
TCACCA	1589.0	4143.1	-1.690
ATTGAG	1420.0	3258.2	-1.688
AGATAC	909.0	2073.2	-1.680
AGGCTT	1785.0	4107.8	-1.673
CCAGAC	1506.0	3460.8	-1.668
GACTTG	1455.0	3340.5	-1.667
GACTTA	799.0	1821.4	-1.665
TAGCGT	200.0	527.1	-1.661
CGATTA	153.0	333.1	-1.660
AAGTCT	1459.0	3351.8	-1.656
CTTTAG	1284.0	2944.5	-1.648
CGAGCT	535.0	1211.1	-1.644
AATCAA	1160.0	2659.1	-1.642
GGGCCA	2351.0	5428.3	-1.641
AGTTTG	2314.0	5342.9	-1.636
ATTACC	662.0	1504.3	-1.635
CACGCG	323.0	723.5	-1.629
TTCCGA	357.0	800.0	-1.624
CGCCGA	346.0	775.7	-1.614
GTCGCG	284.0	633.8	-1.610
GAGTCC	1385.0	3183.7	-1.607
AATATT	2232.0	5153.8	-1.605
CACATC	1110.0	2604.7	-1.604
GCTTAC	609.0	1382.1	-1.603
CCTTTA	1384.0	3181.4	-1.602
ATATTT	2994.0	6933.8	-1.600
TAAGTC	763.0	1741.8	-1.595
CGCTTC	559.0	1268.0	-1.595
AAGCCC	1549.0	3565.2	-1.594
ATTGTT	1819.0	4192.9	-1.592
ATCTGA	1468.0	3377.1	-1.589
TTATGA	1320.0	3033.1	-1.586
CTCCCT	2997.0	6939.5	-1.584
CTTTAA	1803.0	4156.7	-1.578
TTCGGC	352.0	790.5	-1.575
GAATAG	941.0	2416.9	-1.574
AACCGC	287.0	682.3	-1.573
GGCTTA	1008.0	2309.6	-1.556
CGCGTG	505.0	1144.7	-1.555
TTAGAA	1700.0	3918.9	-1.546
ATAGCT	931.0	2133.2	-1.538
ATGGAA	2111.0	4877.7	-1.533
CGTAGG	303.0	732.4	-1.532
CGACGT	129.0	376.5	-1.532
GTCAAG	1013.0	2398.5	-1.527
TTAGCA	1132.0	2630.6	-1.524
CGTAAT	178.0	394.5	-1.512
TCCCTA	1016.0	2331.5	-1.510
GCACGG	639.0	1568.1	-1.510
GGTCGC	453.0	1026.2	-1.504
ACTATG	878.0	2010.6	-1.502
CTCAGT	1856.0	4286.5	-1.500
TCAAAG	1597.0	3682.2	-1.499
GAGCCC	2338.0	5409.6	-1.498
ACTTAT	852.0	2007.7	-1.497
TAAGGC	796.0	1822.1	-1.493
GACTGG	1834.0	4235.8	-1.486
ATTTTG	3232.0	7497.3	-1.485
GCCCGA	622.0	1418.0	-1.484
CACTAA	718.0	1641.8	-1.484
GTGTCA	1386.0	3193.6	-1.482
TCAATG	966.0	2217.8	-1.480
GCTAGC	520.0	1346.5	-1.478
TAATAC	695.0	1587.0	-1.476
AGACCC	1545.0	3693.1	-1.476
TTATAT	1677.0	3872.1	-1.473
CGCAGC	931.0	2170.8	-1.471
CCTAAT	841.0	1926.9	-1.469
CACCTC	1941.0	4488.8	-1.469
GCTCCT	2146.0	4966.2	-1.468
CCTCTA	974.0	2235.3	-1.467
GGCACC	1574.0	3631.9	-1.465
ATCCTC	1362.0	3165.7	-1.463
GCTTTC	1707.0	3942.2	-1.463
CCCACC	2837.0	6579.7	-1.461
TGACAC	1036.0	2380.0	-1.459
TGACAG	1908.0	4413.0	-1.450
GTGGTT	1924.0	4450.1	-1.437
TCAGGT	1831.0	4235.0	-1.436
TCCATT	1745.0	4033.9	-1.435
GTTGCT	1584.0	3658.5	-1.426
GAGTGT	1934.0	4474.3	-1.424
GTAACC	646.0	1475.5	-1.423
GAGTTG	1637.0	3782.5	-1.421
TAAAGT	1462.0	3374.1	-1.417
GTGTCT	2434.0	5643.4	-1.412
CCCATC	1713.0	3983.9	-1.409
AGCCAT	1512.0	3493.3	-1.402
ACATGC	981.0	2730.1	-1.399
CTGAGG	3598.0	9654.6	-1.386
CCATTC	1458.0	3367.4	-1.382
AAAGAC	1467.0	3389.5	-1.382
AATGTG	2063.0	4780.8	-1.380
CACGTG	993.0	2286.4	-1.379
GTTATG	908.0	2086.5	-1.376
AAATGC	1728.0	3998.6	-1.375
TTCTCG	492.0	1121.3	-1.371
TCATAG	881.0	2200.1	-1.371
CGTCGC	261.0	587.9	-1.365
ACAGGT	1830.0	4237.5	-1.364
CGATTG	198.0	501.1	-1.363
CGATAT	142.0	314.8	-1.361
TTTTGT	5475.0	13118.6	-1.361
CGGCCA	804.0	1845.2	-1.357
GTAGCC	787.0	1807.8	-1.352
CTGCTA	1126.0	2597.4	-1.348
CTGTCT	2804.0	6664.1	-1.346
ACGTTC	249.0	619.3	-1.342
ATAAAC	1043.0	2403.5	-1.341
TTTTAG	2642.0	6534.1	-1.341
TAGCTT	1101.0	2543.5	-1.337
AGATTA	1143.0	2636.1	-1.337
GAAACA	1851.0	4287.5	-1.330
CAATGC	815.0	1873.1	-1.330
CGCATT	251.0	565.1	-1.329
CGCTGG	1075.0	2479.1	-1.328
GAGTAA	921.0	2358.9	-1.323
GGAGTA	1061.0	2446.1	-1.318
TGCGCA	507.0	1158.5	-1.317
CCAAGT	1552.0	3593.6	-1.311
AACTAC	667.0	1531.5	-1.310
GTACAC	545.0	1279.5	-1.310
GGCGGA	1087.0	3047.6	-1.309
TGGAAG	2974.0	7213.7	-1.309
GCGGAG	1337.0	3430.1	-1.308
CTTTCA	1852.0	4422.3	-1.306
AATCAG	1295.0	3104.5	-1.306
AATAGC	851.0	1958.6	-1.301
TACTGA	1114.0	2570.7	-1.300
CGCACA	419.0	954.7	-1.297
GTCCGG	526.0	1354.5	-1.297
ATGGTT	1364.0	3453.9	-1.293
TTAATC	984.0	2269.5	-1.293
ATTCAT	1407.0	3804.9	-1.291
ATTTGA	1992.0	4620.4	-1.286
TGGATA	1261.0	2914.2	-1.283
CGTGGT	900.0	2147.0	-1.277
AGCCTT	1872.0	4341.0	-1.275
CCGACC	412.0	1098.9	-1.272
TGGTTA	1218.0	2932.8	-1.272
GTATAG	652.0	1497.5	-1.271
TAAGCG	242.0	546.1	-1.269
TTAACC	808.0	1860.9	-1.268
TTAGGC	757.0	1743.1	-1.265
CAGTGT	2183.0	5069.5	-1.265
AGGGCT	2434.0	5657.5	-1.262
CATTAA	1175.0	2716.8	-1.262
AGGTGT	2100.0	5452.3	-1.258
ATCCGC	429.0	980.3	-1.251
GGTATA	711.0	1636.9	-1.251
TAAAGG	1394.0	3228.0	-1.246
GTAGCG	268.0	607.5	-1.239
CTGCTC	2279.0	5539.1	-1.237
AACTGC	1173.0	2713.6	-1.237
TCTAAA	1307.0	3025.5	-1.234
TTATGG	1228.0	2842.1	-1.233
CAACTT	1159.0	2682.6	-1.231
TCATTA	1168.0	2702.3	-1.226
TTATTT	4859.0	11336.8	-1.226
GGGACG	992.0	2293.4	-1.220
AGGGCG	1163.0	2690.6	-1.216
TATTTG	2245.0	5218.1	-1.212
GGAAGT	2030.0	4941.6	-1.207
CGATCC	261.0	623.6	-1.200
CCGCTC	662.0	1525.0	-1.196
CTGGTC	1653.0	4858.6	-1.186
CTTGGA	1990.0	4628.9	-1.175
CAAACC	1042.0	2412.8	-1.173
CCCATT	1418.0	3504.6	-1.170
GTCTAG	716.0	1652.1	-1.167
AACTCA	1177.0	2728.3	-1.167
TTTTGG	3197.0	7452.3	-1.167
GACTAC	662.0	1727.7	-1.165
TCAGAC	1121.0	2597.0	-1.165
AGTCCC	1378.0	3907.2	-1.163
TATAAT	1331.0	3087.1	-1.160
GTAGTT	1128.0	2614.1	-1.155
AGGTCG	469.0	1078.1	-1.154
TCCAAG	1570.0	3648.1	-1.149
GTTATA	766.0	1768.1	-1.148
ACTTTG	2186.0	5543.1	-1.146
GTAAAG	1145.0	2799.6	-1.146
TCGGCG	352.0	805.2	-1.137
CTTACA	954.0	2209.3	-1.134
GGCGCT	762.0	2125.1	-1.133
AGTCTT	1721.0	4042.1	-1.131
CATCTC	1662.0	4172.4	-1.130
ATGGAG	2533.0	5904.5	-1.116
GTCCAG	1730.0	4025.0	-1.116
GATCCA	1123.0	2669.4	-1.114
GCTATG	965.0	2237.1	-1.113
TCCGAC	232.0	530.4	-1.111
TCACCG	457.0	1225.4	-1.107
CGAAAC	218.0	621.8	-1.101
GATAGC	518.0	1244.3	-1.098
GACAAT	784.0	1844.5	-1.094
CAGGAG	4070.0	11046.1	-1.093
GCTCGG	854.0	1978.7	-1.093
AACACT	1141.0	2648.1	-1.083
TTAGAC	644.0	1488.2	-1.082
TCGGTT	326.0	749.5	-1.082
GAGCTT	1514.0	3548.6	-1.081
CTCCAT	1606.0	4003.2	-1.078
GTTGCC	1285.0	3648.1	-1.071
CGCTAG	190.0	433.3	-1.066
AGGATA	1008.0	2339.4	-1.065
GCCGCG	907.0	2164.8	-1.064
CGTTGG	499.0	1151.3	-1.057
GAAAGT	1734.0	4128.3	-1.055
GCAAAG	1726.0	4020.4	-1.053
GCAGGG	3900.0	9114.1	-1.050
AGTGCT	2071.0	5630.5	-1.042
CTCCAC	1689.0	3934.8	-1.042
GATAGT	731.0	1748.5	-1.042
GAAGGG	2900.0	7847.2	-1.038
GCGATA	127.0	287.4	-1.032
CATTCA	1457.0	3682.0	-1.027
AAAGTT	1825.0	4415.2	-1.024
AACAAT	1127.0	2621.7	-1.022
TGGGCC	2683.0	6779.2	-1.016
GATTTG	1839.0	4288.8	-1.013
CAGAGG	3426.0	8007.3	-1.012
TCGATT	225.0	516.0	-1.011
TCAGAG	2295.0	5358.3	-1.005
GCTTAG	961.0	2235.8	-1.002
TGGGTA	1505.0	3508.5	-1.001
TGAATT	2121.0	4952.2	-1.000
TAGACT	739.0	1715.0	-0.999
GGACTT	1483.0	3456.4	-0.998
CCTGCC	4162.0	9737.5	-0.996
GTAAGC	738.0	1713.4	-0.993
AGTTCG	360.0	993.2	-0.990
CTAACT	765.0	1775.2	-0.990
TGGGCT	3071.0	7179.1	-0.989
TAGTCA	763.0	1773.8	-0.984
TCGCTA	173.0	396.0	-0.984
TATTAT	1605.0	4257.5	-0.981
ATGACA	1324.0	3087.0	-0.977
ATATCA	905.0	2104.1	-0.977
CTACTC	818.0	2349.0	-0.973
AATTTA	1897.0	4430.5	-0.969
AGTGTT	1931.0	4508.9	-0.966
CGATTT	346.0	798.4	-0.965
TATTTT	5435.0	12991.9	-0.963
ATGCTC	937.0	2427.3	-0.962
GGTACA	840.0	2099.2	-0.961
GCAGGC	2447.0	5720.5	-0.961
TTTATT	4775.0	11223.1	-0.957
TCCAAC	873.0	2031.8	-0.954
AATCTA	815.0	1982.5	-0.954
TCCTGC	3058.0	7152.2	-0.954
GGGTGA	2378.0	5733.7	-0.952
TTGGAA	2356.0	5507.8	-0.951
AGCTCA	1845.0	4309.7	-0.950
ACGTCT	362.0	837.6	-0.950
ACGGTT	250.0	596.2	-0.945
AGCGTT	419.0	969.8	-0.945
CCGAGA	819.0	1906.5	-0.943
CTTGTA	1206.0	2813.3	-0.943
GGCAAG	1720.0	4016.1	-0.943
ATACGT	236.0	545.6	-0.942
CTTGAT	1309.0	3053.5	-0.939
AGCTTC	1558.0	3844.4	-0.936
CCCACT	1784.0	4169.0	-0.933
TTTAAG	1957.0	4778.7	-0.931
TTGCCC	1723.0	4531.1	-0.930
TTCGCC	398.0	923.2	-0.930
TGCTGG	4081.0	9883.5	-0.925
GGGACA	2047.0	4786.1	-0.923
AGTAAT	1131.0	2639.1	-0.922
TACACT	709.0	1650.6	-0.920
ATACAG	1124.0	2622.5	-0.917
CTTGAA	1733.0	5251.2	-0.914
AAAATG	3036.0	7106.1	-0.914
ATGTGA	1929.0	4511.2	-0.913
CTAGAT	810.0	1887.0	-0.913
GTGGCT	2958.0	7217.9	-0.912
TTGGAG	2525.0	5907.3	-0.912
GGTCTT	1512.0	4175.8	-0.909
GCCGGA	770.0	1793.5	-0.907
ACTGCT	1474.0	3630.2	-0.904
CAGGAT	1774.0	4148.6	-0.897
CAGCTC	2348.0	5571.2	-0.894
TTAGGT	1130.0	2639.6	-0.892
ATTTGC	1628.0	3805.5	-0.889
AATTTG	2019.0	4725.3	-0.885
TTATTG	1722.0	4188.1	-0.884
TACGCG	103.0	235.9	-0.883
ATATCG	132.0	311.9	-0.883
TTACTG	1454.0	3400.1	-0.881
TTAGAT	1140.0	2663.0	-0.881
TCCTAG	1184.0	2767.9	-0.879
GCCAGA	1916.0	4482.6	-0.878
TGGCAA	1503.0	3516.0	-0.870
CCAGCT	2768.0	7777.2	-0.860
GTGACT	1536.0	3713.5	-0.860
CAAGCG	611.0	1424.3	-0.858
GGTCAT	1059.0	2474.5	-0.857
GGATAT	1016.0	2374.8	-0.855
TGACAT	1389.0	3250.5	-0.854
AGTGAA	2045.0	4789.8	-0.851
ATATTC	1092.0	2606.0	-0.848
ACCCGC	542.0	1425.4	-0.846
GCTCGC	518.0	1208.9	-0.837
GCGGTC	440.0	1025.3	-0.829
CGTTCT	434.0	1011.4	-0.828
TTCCAG	2685.0	6293.5	-0.828
CGGAGG	1445.0	3383.1	-0.826
TTCATT	2584.0	6184.1	-0.825
TTGTAA	1686.0	3949.0	-0.820
ATTATA	1339.0	3136.5	-0.814
CGTGCC	781.0	2011.9	-0.814
TGGACT	1543.0	3615.9	-0.810
TATCGG	147.0	340.2	-0.802
CGGTTG	362.0	844.5	-0.801
TGTAAA	1897.0	4602.0	-0.800
CCCCGG	1458.0	3416.0	-0.797
TTTAGA	1747.0	4097.1	-0.793
CGCTTT	488.0	1144.9	-0.792
ACGCCA	458.0	1109.4	-0.791
TCAGTC	1182.0	2770.1	-0.790
TAAACA	1294.0	3352.2	-0.788
CGTAGT	207.0	482.7	-0.787
GCACAA	914.0	2271.8	-0.784
CTACAC	570.0	1333.5	-0.782
CCAGAG	2836.0	6681.5	-0.781
GTAATT	1285.0	3011.8	-0.781
CTCGAG	511.0	1195.1	-0.780
ATAGAA	1323.0	3349.9	-0.779
AGTCAC	1114.0	2610.1	-0.779
AAAACA	2608.0	6120.8	-0.777
TTGAGT	1587.0	3723.2	-0.777
GATCCC	1030.0	2413.4	-0.776
CGGGCA	953.0	2254.0	-0.773
TTCGCT	331.0	883.6	-0.772
GTGAAC	1132.0	2655.0	-0.771
CAATGA	1116.0	2667.5	-0.765
CCAATA	699.0	1637.3	-0.764
TCTATA	876.0	2052.2	-0.764
ATACGG	213.0	497.8	-0.763
GCAAAA	1498.0	3514.2	-0.760
CGTCCC	701.0	1642.6	-0.760
CACCTG	2610.0	6816.6	-0.759
ACACTA	579.0	1357.4	-0.753
AATTGC	1083.0	2539.9	-0.751
CCGCAC	497.0	1163.5	-0.749
GACACT	1058.0	2481.3	-0.746
TCGCGT	159.0	371.8	-0.745
ATCATA	758.0	1981.4	-0.745
GTGCTC	1394.0	3271.9	-0.744
AGCCAA	1603.0	3765.0	-0.741
GGCCGA	963.0	2261.6	-0.736
GATGTC	1046.0	2496.5	-0.731
TCCCAC	1802.0	4232.6	-0.729
CAGACA	1735.0	4074.8	-0.728
AGACTA	779.0	1828.1	-0.728
ATAGGA	992.0	2417.0	-0.727
CACTGA	1607.0	3775.9	-0.727
CCTAGT	760.0	1785.1	-0.724
TTCCCG	756.0	1775.1	-0.718
AAATAG	1547.0	3635.3	-0.717
GTCAAT	633.0	1487.1	-0.717
TTCGAG	569.0	1336.9	-0.715
CAGTCT	1684.0	3957.8	-0.712
GGGCTT	2124.0	4991.3	-0.711
TAGCTA	737.0	1730.6	-0.710
TAGCTC	830.0	1950.1	-0.709
CATATT	1278.0	3004.7	-0.708
CAGACT	1448.0	3403.6	-0.708
ACGTGC	584.0	1372.6	-0.705
CCGGAC	489.0	1147.1	-0.704
GATATT	1292.0	3036.9	-0.704
GTCACG	407.0	956.2	-0.702
CATATC	627.0	1473.6	-0.701
CTCGCC	714.0	1678.2	-0.700
ATATAG	787.0	1849.8	-0.700
ATATCC	732.0	1719.5	-0.700
CGCCTT	545.0	1459.3	-0.698
GCCGGG	2167.0	5095.1	-0.696
CATTAC	634.0	1491.8	-0.694
TGCTCC	1784.0	4253.7	-0.693
AGTCCT	1545.0	3633.6	-0.693
TATCAT	996.0	2371.4	-0.693
TATTGG	1057.0	2593.3	-0.691
GATCTA	578.0	1359.8	-0.689
AGTCTG	1775.0	4174.6	-0.688
CCCATA	694.0	1631.6	-0.687
CCATTA	838.0	1990.4	-0.683
GTTCTA	901.0	2120.4	-0.678
GTCACT	1250.0	2941.3	-0.673
TGAGTT	1961.0	4614.5	-0.667
CGCCGG	719.0	1745.5	-0.667
CCCAAA	1826.0	5622.0	-0.666
AGCTCG	481.0	1133.8	-0.666
AAGGCG	643.0	1512.4	-0.665
ACTTCT	1627.0	3830.1	-0.662
AACATG	1485.0	4435.2	-0.662
GAGTGC	1809.0	4819.2	-0.661
TCAGGG	2401.0	5650.9	-0.660
CTCTCT	2841.0	6686.8	-0.659
ATAACT	875.0	2067.7	-0.659
CGGGGA	1500.0	3531.3	-0.656
CATTCC	1422.0	3348.8	-0.654
GTTTAA	1468.0	3471.9	-0.654
GGACAC	1252.0	3055.2	-0.652
CGCAGG	964.0	2271.3	-0.651
CGACTT	296.0	697.4	-0.650
ACTCGA	233.0	550.6	-0.648
TCTGTC	2400.0	5826.6	-0.647
GACGTG	642.0	1537.7	-0.646
CACCTT	1498.0	3527.3	-0.641
AGCGCG	422.0	1202.9	-0.638
GTCTGG	2225.0	5241.6	-0.636
GCTCGA	291.0	686.7	-0.635
GGTGTA	936.0	2390.5	-0.635
GTGCTA	824.0	2154.4	-0.631
TTATCC	935.0	2205.2	-0.630
TTCCAC	1375.0	3240.6	-0.628
GGCCAG	3196.0	8290.7	-0.626
AGGGTC	1696.0	3998.6	-0.621
ATAGTT	1114.0	2668.4	-0.620
CGATAG	135.0	318.1	-0.620
CGGCAC	444.0	1048.1	-0.618
GGATTG	1318.0	3107.8	-0.618
CTAGTC	552.0	1302.7	-0.616
TAGGTT	1118.0	2636.8	-0.616
GAATCT	1258.0	2967.9	-0.615
CTAGGG	1075.0	2709.4	-0.610
TCCCGC	817.0	1928.6	-0.609
ATTCTT	2177.0	5130.0	-0.608
AATAGG	939.0	2325.3	-0.608
GAATTG	1366.0	3509.9	-0.605
TTTCTG	3740.0	9068.6	-0.604
CGCATA	121.0	301.8	-0.602
CGTTTC	506.0	1195.7	-0.601
CTCGGT	542.0	1279.4	-0.595
ACAGAC	1277.0	3014.8	-0.592
TTTGGA	2611.0	6157.1	-0.588
GACGCC	487.0	1327.8	-0.588
TGGGTT	2432.0	5736.2	-0.587
ATGGGA	2145.0	5060.5	-0.586
GCTATA	553.0	1403.2	-0.582
AACTCG	291.0	689.9	-0.580
CTACGC	180.0	427.2	-0.580
TCTAAC	631.0	1601.6	-0.579
CGCGCG	714.0	1688.2	-0.578
ATTTTC	2669.0	6580.4	-0.578
CGTTAT	204.0	484.1	-0.575
TGGGTC	1789.0	4222.3	-0.575
ACGTAG	246.0	582.8	-0.574
AAATAT	2406.0	5677.1	-0.570
CGGGCG	1214.0	2867.8	-0.568
CTTGCC	1607.0	3796.4	-0.568
TTATAG	1156.0	2733.5	-0.562
TCTAGC	777.0	1838.8	-0.555
CTCGCT	737.0	1744.4	-0.555
GTTTAC	862.0	2040.4	-0.554
GTTCGA	358.0	918.2	-0.550
ATCCTG	1889.0	4462.2	-0.550
ACGTCC	334.0	822.7	-0.544
TTCGGG	567.0	1373.1	-0.543
AGTTCT	1858.0	4390.6	-0.541
TTCAAG	1868.0	5140.7	-0.539
CGCTAT	183.0	436.3	-0.539
CATTTG	2065.0	5283.3	-0.538
CTATTA	789.0	1869.0	-0.538
GGAGGC	4035.0	11047.1	-0.534
ACGCGT	142.0	338.3	-0.534
TGCGAG	522.0	1239.1	-0.533
GGGATC	1216.0	2877.0	-0.532
ATTCCG	275.0	654.1	-0.531
AGCTCT	1940.0	4586.9	-0.531
GCTATC	484.0	1200.2	-0.529
ACGGTC	235.0	581.1	-0.528
GCGTTA	170.0	406.6	-0.522
CCCAAT	742.0	1759.5	-0.521
TATCAC	640.0	1517.7	-0.518
CGCAAC	207.0	494.4	-0.517
CAAAAC	1366.0	3234.4	-0.514
ACCTCA	1673.0	4251.5	-0.512
GACACG	400.0	952.0	-0.509
AAGCCT	1592.0	3767.5	-0.506
GCTCTA	743.0	1763.9	-0.504
GTAGGC	766.0	1817.5	-0.504
TTAGTA	1102.0	3317.8	-0.501
AGTTTA	1411.0	3434.0	-0.498
AATTAT	1647.0	3898.8	-0.497
CTCTGA	2052.0	5191.8	-0.495
GCGACC	370.0	881.5	-0.495
GAATCG	294.0	1002.5	-0.494
AATTGT	1489.0	3528.6	-0.492
TCCATC	1405.0	3393.1	-0.492
CGCTAA	153.0	366.9	-0.492
GTTGCG	285.0	813.8	-0.492
GAGAAT	1736.0	5036.7	-0.487
AGATGT	1743.0	4128.1	-0.482
TGTGCC	2290.0	5643.4	-0.480
CCGGCG	770.0	1829.3	-0.480
ATATTA	1306.0	3096.3	-0.477
TCTGCC	2613.0	6642.1	-0.476
ATGCAC	838.0	2267.0	-0.474
AGACAA	1450.0	3439.9	-0.469
CTCCGA	479.0	1143.2	-0.468
GCCTAT	654.0	1761.7	-0.466
CCACGT	631.0	1503.5	-0.466
TCAGGC	1782.0	4224.0	-0.465
AAATTC	1483.0	3517.8	-0.463
ACTCTA	714.0	1700.6	-0.463
AATATG	1358.0	3222.2	-0.463
ACCTCT	1565.0	3796.4	-0.463
AAGGGC	1685.0	3996.0	-0.457
AGGTTA	907.0	2255.8	-0.453
GTTTCT	2626.0	6278.5	-0.452
ATGTGC	1612.0	3824.9	-0.444
TATGGT	1041.0	2475.3	-0.444
CCGGTT	316.0	758.6	-0.443
CACGGG	713.0	1701.0	-0.440
ATATAA	1256.0	2985.3	-0.440
CTCATA	791.0	1884.5	-0.440
ACGCGA	83.0	336.5	-0.437
TTCTAT	1389.0	3357.4	-0.436
AGTAAA	1526.0	3624.0	-0.436
TAGCCC	672.0	1798.9	-0.435
AATGTC	1195.0	3049.9	-0.434
AGGCTC	1703.0	4042.8	-0.427
AACTCT	1259.0	2994.9	-0.417
GTGAGC	2197.0	6353.3	-0.416
ACGGTG	621.0	1618.0	-0.416
ACGTGA	523.0	1252.8	-0.412
CCATAT	838.0	1998.5	-0.410
CCACCG	783.0	2205.9	-0.407
CACCAC	1661.0	4744.4	-0.403
AGAAAT	2716.0	6443.8	-0.403
CATAGG	753.0	2004.4	-0.398
ATCATG	1253.0	3222.7	-0.397
AATGGA	1825.0	4367.3	-0.397
GCAAGG	1653.0	3930.3	-0.397
ATAGGT	816.0	1948.1	-0.396
ACATGT	1377.0	3794.9	-0.393
CAAGGC	1527.0	3634.8	-0.388
GACATT	1301.0	3100.9	-0.384
ACGGCG	322.0	800.1	-0.380
GATACA	805.0	1923.4	-0.380
TACTAG	511.0	1227.4	-0.377
GCTAAG	881.0	2105.7	-0.375
TATGCG	157.0	388.8	-0.374
AAATGT	2597.0	6167.5	-0.373
TGCCCA	2528.0	6809.8	-0.373
TCCGTC	470.0	1133.8	-0.370
TATTTA	2417.0	5743.5	-0.370
TAAATG	1800.0	4465.9	-0.368
ACGCGC	288.0	696.9	-0.368
CTAGCT	872.0	2084.9	-0.366
AGTCAA	974.0	2337.2	-0.364
GACTGA	1352.0	3223.8	-0.363
CACAAC	742.0	1787.9	-0.363
TAATAA	1531.0	3649.4	-0.362
CAAATT	1383.0	3298.2	-0.358
CAAATC	957.0	2304.8	-0.357
CTTCCG	624.0	1576.1	-0.356
TCAACT	940.0	2247.3	-0.355
ACGCCG	293.0	709.2	-0.355
TGATTC	1342.0	3377.3	-0.354
TGCGCT	566.0	1361.0	-0.353
GCACTG	1743.0	4152.0	-0.353
CGCGGG	1021.0	2529.5	-0.350
CTTTCG	359.0	876.2	-0.348
GCACAG	1967.0	4870.9	-0.346
AACCAC	963.0	2305.7	-0.345
TGGGAC	2051.0	4882.7	-0.344
GGAATA	1150.0	2748.8	-0.344
GCATAG	646.0	1806.0	-0.343
ATTGTG	1678.0	4169.3	-0.339
AGCTAT	906.0	2169.8	-0.339
AGGGGA	3045.0	7558.5	-0.339
TAGCAA	932.0	2233.1	-0.337
CGTCCG	261.0	633.2	-0.337
ACAAAG	1623.0	3872.0	-0.335
TAATTA	1348.0	3221.8	-0.334
TGTGAA	2373.0	5773.2	-0.334
TGTCTA	1092.0	2612.5	-0.333
TGTTAT	1456.0	3479.0	-0.333
GTTCCG	371.0	897.5	-0.331
GGGCAC	1742.0	4154.9	-0.330
TATAGA	909.0	2178.9	-0.327
ATTCCT	1704.0	4065.7	-0.324
CTCGCA	322.0	782.4	-0.324
TCAGCT	2023.0	4821.4	-0.323
GTTAGA	882.0	2115.6	-0.322
CGCGGA	393.0	1105.5	-0.318
GTTAGG	909.0	2307.5	-0.317
TAGTTC	812.0	2065.9	-0.317
CTAACA	798.0	1972.7	-0.317
AGTGCA	2045.0	5257.8	-0.315
ACCCAT	953.0	2285.3	-0.314
TAATCA	879.0	2109.9	-0.314
CTCGGG	1195.0	2860.1	-0.314
CGGATT	271.0	660.5	-0.312
TAGCAC	653.0	1657.9	-0.311
TGGCCA	2668.0	7065.6	-0.308
TTATGT	1663.0	4072.1	-0.306
ATCCTA	744.0	1790.1	-0.305
ACATCT	1262.0	3021.8	-0.302
CTACTG	1024.0	2457.6	-0.301
AGGATT	1735.0	4143.8	-0.299
CGACCT	378.0	918.8	-0.298
GCCATT	1468.0	3512.3	-0.298
TAGTAG	854.0	3026.5	-0.297
TAACAT	1139.0	2730.8	-0.296
TACTAA	830.0	2592.8	-0.296
ACAATC	611.0	1474.2	-0.294
CGCGTA	75.0	188.5	-0.292
GTAGAG	1341.0	4566.8	-0.290
TAGTCT	870.0	2093.9	-0.289
TCGTGA	471.0	1142.8	-0.288
TAATCT	1065.0	2556.7	-0.287
GGGCTA	870.0	2094.1	-0.282
AGAGTG	2218.0	5292.2	-0.282
CTAGAC	559.0	1352.4	-0.282
CTAATC	540.0	1306.5	-0.280
AATGAC	1031.0	2660.8	-0.277
AGTCGC	298.0	728.2	-0.277
ATTCTG	2115.0	5081.8	-0.276
ATTTAC	1114.0	2748.7	-0.275
TGATAT	1196.0	2870.7	-0.273
CTCCAG	3012.0	7563.2	-0.271
ACCATG	1445.0	4657.7	-0.267
GATTTA	1183.0	2842.9	-0.265
AGTTTT	2897.0	7055.6	-0.265
GTTACC	633.0	1533.2	-0.262
AGGGCA	2394.0	5718.3	-0.260
AGCTCC	1869.0	4472.9	-0.259
ATAATT	1645.0	3943.0	-0.259
TAGGGT	958.0	2510.0	-0.258
GTCTCC	1742.0	4171.2	-0.258
TCCTAA	1099.0	2643.8	-0.258
ACCATA	690.0	1668.3	-0.257
GAGCTA	883.0	2129.2	-0.257
ATCAAT	774.0	1965.4	-0.255
CGAACC	215.0	532.3	-0.254
ACACGG	470.0	1144.4	-0.254
CTAAGC	699.0	1690.1	-0.254
CTAGGC	918.0	2213.0	-0.251
AAGACA	1759.0	4214.7	-0.250
GCGTTC	364.0	889.2	-0.249
AGTGTA	1114.0	2680.2	-0.249
CCATAA	652.0	1909.6	-0.249
GACCTC	1326.0	3974.3	-0.249
GCTCCA	1607.0	3856.0	-0.244
AAGGTT	1249.0	3092.5	-0.242
TTACGG	217.0	538.9	-0.241
TAGTTT	1912.0	4581.5	-0.240
TTCTCA	2160.0	5169.4	-0.239
GCCTTG	2022.0	5066.8	-0.238
GGCCAA	1647.0	4226.0	-0.237
GCACCG	578.0	1405.2	-0.236
AATCCA	1158.0	2789.8	-0.236
CCTAGC	832.0	2012.1	-0.236
ATAAGC	679.0	1717.4	-0.236
AGCCCA	2133.0	5107.7	-0.235
CCACTA	666.0	1616.1	-0.233
AGTGCG	489.0	1191.8	-0.233
CTGAAA	2171.0	5197.7	-0.231
TGAAGT	1981.0	4746.6	-0.229
ATAGAT	947.0	2287.9	-0.228
TCTCCA	2195.0	5255.2	-0.228
CTTGGT	1777.0	4262.4	-0.228
GCTAGA	841.0	2034.8	-0.226
ATCGCA	230.0	571.3	-0.225
TTCGCG	180.0	449.3	-0.225
AGGGAC	1814.0	4352.8	-0.224
CTATTC	790.0	1945.5	-0.224
GTATAT	1239.0	2984.0	-0.223
CACACG	508.0	1239.2	-0.223
CTCGAC	234.0	581.7	-0.222
CAAAAG	1578.0	3799.9	-0.221
GAAAGA	2633.0	6916.7	-0.221
AAATCC	1149.0	2770.9	-0.221
TAAGTG	1396.0	3358.6	-0.218
ACCTGG	2561.0	6127.6	-0.218
GGACTC	1263.0	3042.7	-0.218
CTTAGC	882.0	2134.5	-0.218
GCAGTC	1193.0	2875.7	-0.216
ACCCAA	1011.0	2459.7	-0.215
ACTCAC	907.0	2194.4	-0.214
GTCGCT	360.0	884.6	-0.213
AAAGTC	1256.0	3028.2	-0.213
TGTGTC	2515.0	6024.5	-0.212
TAGAGT	1010.0	2441.7	-0.211
AAGTCA	1463.0	3520.4	-0.211
CCTCTG	3180.0	7600.6	-0.209
CTCTGT	2935.0	7995.0	-0.208
AAATCA	1621.0	3898.2	-0.206
GTGTAG	1112.0	2685.5	-0.205
TTCCTG	3274.0	7825.6	-0.204
TTTATG	2011.0	4826.9	-0.203
TAGTTA	789.0	1949.2	-0.202
GCATAA	656.0	1815.9	-0.202
AATTAC	950.0	2300.0	-0.201
CGGTCT	358.0	881.4	-0.200
GCACAC	1149.0	2775.3	-0.199
CGGCGT	337.0	833.7	-0.199
TAATTC	1067.0	2580.1	-0.198
GGTTCC	1312.0	3164.5	-0.197
GAAATC	1209.0	2920.8	-0.196
GGCGTG	1359.0	4168.3	-0.195
CCGATT	215.0	552.3	-0.195
GGAATC	1053.0	2550.0	-0.194
GCGTTT	494.0	1209.7	-0.194
TCAAGT	1400.0	3543.6	-0.193
CTCATT	1645.0	3961.6	-0.191
TTGGTC	1210.0	2925.4	-0.190
TGTATA	1507.0	3632.5	-0.189
GCGAAT	185.0	465.2	-0.187
TCTACT	1008.0	3142.0	-0.187
CGAGCC	643.0	1568.7	-0.184
CACTGT	1993.0	4789.4	-0.183
TCCAGC	2241.0	6056.3	-0.183
GTCACC	1326.0	3340.1	-0.183
CCCGAC	511.0	1253.3	-0.182
AGTCTA	691.0	1684.4	-0.182
GAATCC	959.0	2327.3	-0.181
GCTTGA	1217.0	3604.3	-0.180
TTAGAG	1342.0	3242.6	-0.179
TGCGAC	261.0	650.3	-0.179
ACACCC	1099.0	2662.6	-0.178
GCGAGA	626.0	1531.1	-0.177
AGCGCT	552.0	1352.9	-0.176
AAAAGT	1998.0	5060.1	-0.175
GCCCAT	1169.0	2851.6	-0.174
CATGAC	888.0	2158.1	-0.174
TCCGGA	517.0	1269.8	-0.173
CTGCCT	4033.0	10408.7	-0.170
AAGGGG	2320.0	6003.7	-0.168
CAAAAT	1819.0	4381.5	-0.167
ACTTGA	1388.0	3435.3	-0.166
CACTGC	2300.0	6766.6	-0.165
ACGTTG	352.0	872.6	-0.164
TAGCGA	161.0	409.5	-0.164
TCATTT	2767.0	6639.4	-0.164
TTCTGG	2583.0	6713.7	-0.164
CACTGG	1981.0	4769.2	-0.163
GTCATT	1323.0	3202.8	-0.163
GAATTC	1239.0	3000.7	-0.162
GAGTCA	1276.0	3090.9	-0.162
GGATAA	946.0	2300.7	-0.161
ACACGA	208.0	600.3	-0.161
ATTCTA	1106.0	2835.0	-0.160
GACTCG	408.0	1010.3	-0.159
TGCTCT	2168.0	5565.8	-0.159
CATTCT	1787.0	4765.6	-0.158
GCGACG	284.0	709.8	-0.156
ATTGGC	955.0	2324.2	-0.156
ACCACT	1127.0	2736.6	-0.154
ATTATT	2218.0	5513.9	-0.154
ATTAGT	880.0	2144.2	-0.154
ACTCAA	866.0	2112.1	-0.153
GACTGC	1179.0	2861.1	-0.152
GGGATG	2451.0	5892.1	-0.152
CCACGG	728.0	1823.1	-0.151
GAAATA	1838.0	4433.6	-0.150
CGCTTG	449.0	1406.9	-0.150
ACCCAC	1230.0	2984.3	-0.149
CACGTC	377.0	937.0	-0.149
TGGTGT	2559.0	6157.5	-0.149
CTCGTG	636.0	1629.6	-0.149
TTCTGA	2286.0	5530.6	-0.148
TCTGGC	1936.0	4669.9	-0.145
CGTTAG	196.0	497.9	-0.144
CTGCGA	512.0	1263.6	-0.143
GAGAGT	1653.0	3996.1	-0.142
ATAGTG	1042.0	2536.4	-0.141
GGGTAA	1000.0	2435.8	-0.141
TCTGTA	1705.0	4120.1	-0.141
GTGACA	1591.0	3847.3	-0.140
ATCTGG	1676.0	4053.0	-0.140
ATATGA	1146.0	2786.3	-0.140
TAGGAG	1402.0	3466.2	-0.138
AAGAGA	2666.0	6411.0	-0.138
TCCTTG	2024.0	5018.7	-0.137
AAGTCC	1133.0	2758.0	-0.133
TGGAAA	2887.0	6940.4	-0.133
CAAAGG	1784.0	4314.2	-0.133
CGAAGT	319.0	799.7	-0.132
TCCGGG	969.0	2363.9	-0.132
CTGGCT	3175.0	7625.6	-0.132
GGCTCC	2200.0	5306.2	-0.129
GTCCCG	671.0	1677.8	-0.128
GTCAGA	1413.0	3430.8	-0.128
GTGCAC	1169.0	3108.4	-0.127
AGGTTC	1191.0	2897.7	-0.126
TACCCA	969.0	2366.4	-0.123
TGGTTC	1445.0	3508.9	-0.122
TTACAG	1829.0	5757.4	-0.121
TAGGAA	1520.0	3746.0	-0.120
TCAAAA	1753.0	4606.5	-0.119
TATCTG	1280.0	3115.4	-0.119
CGTGAC	435.0	1082.3	-0.119
GCCTAA	672.0	1656.5	-0.119
CCACGA	376.0	940.8	-0.117
GGCCTA	813.0	1995.0	-0.116
ACAATG	1104.0	2695.0	-0.116
TAAATA	1977.0	4780.9	-0.116
GCTCCC	1993.0	4818.1	-0.116
ACGCAG	505.0	1253.3	-0.114
AGCCCG	843.0	2068.0	-0.112
CAGTGA	2625.0	6504.2	-0.110
CAGGGG	3046.0	7331.8	-0.110
CTAGTA	550.0	1377.9	-0.110
CTAAGG	925.0	2267.9	-0.109
ACCTAG	758.0	1866.9	-0.109
TCCGCT	426.0	1083.0	-0.109
ACAAAC	1025.0	2630.8	-0.108
CCTAAG	905.0	2218.7	-0.107
CCGAGG	1353.0	3294.3	-0.105
TCTTGC	1630.0	4293.5	-0.104
AGGCAT	1537.0	4568.2	-0.104
CGACTG	340.0	857.8	-0.104
GCAGAG	3360.0	8084.1	-0.103
CAAGGG	1692.0	4107.7	-0.103
CTAGTT	845.0	2166.3	-0.102
CTTGCG	377.0	946.9	-0.102
AGATTC	1225.0	2990.8	-0.100
CTTGAC	949.0	2328.9	-0.099
GCTCTT	1684.0	4128.8	-0.098
AAGGCT	1641.0	3988.5	-0.098
ATTGCG	210.0	540.1	-0.097
TGCGAA	248.0	631.9	-0.097
CCGACT	326.0	824.3	-0.095
CGGTTC	326.0	824.8	-0.095
TCTGTG	3478.0	8372.3	-0.095
CGCGAG	378.0	1009.7	-0.094
CTCAAG	1604.0	4144.5	-0.094
CCGTCT	648.0	1957.1	-0.093
TCAAGC	1264.0	3240.0	-0.093
TCCACC	1727.0	4196.1	-0.093
AACACA	1378.0	3360.1	-0.093
CTCACA	1446.0	3524.5	-0.092
ACTAGC	442.0	1146.3	-0.091
TCGCAG	415.0	1088.3	-0.091
TCTATC	679.0	1739.8	-0.090
ATGTCA	1353.0	3301.9	-0.090
AGAGTC	1339.0	3269.8	-0.089
CATTGT	1545.0	3766.1	-0.089
GCTGGG	5936.0	15192.4	-0.089
TTACCG	189.0	489.5	-0.089
CCCATG	1589.0	3870.9	-0.088
GGAAAC	1658.0	4035.2	-0.087
GCACTA	493.0	1232.5	-0.086
GCCCAC	1603.0	3947.5	-0.086
TCTATT	1318.0	3355.1	-0.086
GTTCTC	1458.0	3556.4	-0.084
CAAATG	1602.0	3902.5	-0.084
CGGGTC	626.0	1556.2	-0.084
CCCAGA	2637.0	6378.8	-0.083
TATAGG	782.0	1933.6	-0.083
ACACCT	1211.0	3134.4	-0.083
ACAAAT	1406.0	3434.7	-0.082
CCAATT	814.0	2010.3	-0.082
ACAGGA	1933.0	4757.4	-0.082
GGCGTA	209.0	542.0	-0.081
TCGCAA	146.0	384.7	-0.081
ACGCAC	288.0	734.9	-0.080
TCCATA	818.0	2021.3	-0.079
GGCAAA	1382.0	3378.1	-0.078
AATTTT	3827.0	9458.5	-0.077
CTCTGC	2928.0	7077.5	-0.077
GTCGCA	228.0	589.9	-0.076
CGCGAA	111.0	359.0	-0.075
TGTGTA	2258.0	5480.0	-0.074
GCGCCG	790.0	1956.3	-0.074
TCGCGG	357.0	904.5	-0.074
CAATGG	1069.0	2892.1	-0.074
TATATC	710.0	1763.1	-0.074
TACATT	1330.0	3382.7	-0.073
TCGGCT	570.0	1945.0	-0.073
GATCGC	288.0	873.9	-0.073
GGATAG	781.0	1935.3	-0.073
AATGCG	242.0	623.0	-0.072
TTGCAA	1139.0	3291.8	-0.072
ATGAGA	1835.0	4467.7	-0.072
GAAGTC	1300.0	3187.0	-0.072
TCACCT	1690.0	4121.2	-0.071
TCTCCG	602.0	1502.3	-0.071
TCATGG	1586.0	3874.9	-0.069
TAGACA	887.0	2194.0	-0.069
TGTTAG	1261.0	3132.8	-0.068
ATTAGA	1082.0	2663.0	-0.068
GGGTTA	862.0	2134.2	-0.068
GGTAGA	1157.0	3049.3	-0.068
AAAATT	2928.0	7366.6	-0.067
TTGCTA	1081.0	2693.1	-0.067
TCCTGA	2454.0	6994.9	-0.067
ATTTGT	2422.0	5878.9	-0.067
CACCGT	522.0	1501.2	-0.066
TGGTCA	1489.0	3643.7	-0.066
TTGGGC	1531.0	3745.9	-0.066
TTCAAC	905.0	2237.5	-0.065
CGAGAT	472.0	1190.1	-0.065
TACAGG	1548.0	5693.7	-0.065
ACATAC	712.0	1772.1	-0.065
TGGGCA	3007.0	7535.4	-0.064
GGGCGA	864.0	2141.1	-0.063
GGATTC	1123.0	2765.1	-0.063
CGGACT	323.0	827.1	-0.063
CGCAAT	148.0	393.6	-0.062
GAGTGA	2062.0	5021.8	-0.062
CCGGGA	1336.0	3278.8	-0.061
TAGTGA	1136.0	2796.2	-0.061
GCGCTT	445.0	1125.2	-0.061
TTCATA	1206.0	2991.0	-0.060
GTTTAG	993.0	2454.7	-0.060
GCCACG	697.0	1738.5	-0.060
CACCCA	1927.0	5099.6	-0.060
CAGTTT	2344.0	5697.8	-0.060
ATGGCG	576.0	1586.3	-0.059
AATTCA	1404.0	3444.8	-0.058
AGACTG	1786.0	4360.9	-0.058
GGGGAT	1778.0	4349.2	-0.058
TCACGT	426.0	1079.7	-0.058
GTCTTG	1740.0	4770.3	-0.057
AAAGCG	405.0	1073.2	-0.057
ATAAGG	873.0	2225.8	-0.056
CTAAGA	946.0	2389.1	-0.056
CTGTGA	2560.0	6217.5	-0.056
GGAAGG	3827.0	10514.1	-0.056
CACACT	1206.0	2972.4	-0.054
AGTGTG	2495.0	6064.8	-0.054
ACGGGG	904.0	2545.0	-0.054
GGGGAA	2839.0	7084.3	-0.054
CTAGAG	1130.0	2789.1	-0.054
AGCTAG	897.0	2227.5	-0.053
GTGTAA	1072.0	2650.0	-0.053
CGCAGT	497.0	1255.5	-0.053
ACTGGG	2252.0	5484.8	-0.052
GATTTC	1411.0	3468.6	-0.052
GATTCA	1049.0	2595.1	-0.051
ACTTGG	1748.0	4278.2	-0.050
TGTGAC	1587.0	3892.8	-0.050
GACGTT	261.0	677.3	-0.050
CGGGAG	1830.0	4476.5	-0.050
GCACAT	1168.0	2883.6	-0.049
CTATAT	740.0	1848.8	-0.049
TGCCAC	1690.0	4491.8	-0.048
CACGGC	552.0	1392.4	-0.048
ATTCAC	902.0	2244.0	-0.048
ATTCCA	1505.0	3696.3	-0.048
CCATGA	1378.0	3401.0	-0.047
CCTTGG	2310.0	6020.4	-0.047
CTAGCC	728.0	1820.8	-0.047
TCCAAT	825.0	2056.4	-0.047
TCACGG	424.0	1080.0	-0.047
AGTTAT	1087.0	2689.8	-0.047
CCGAGC	743.0	1858.9	-0.046
GCGTCC	608.0	1530.2	-0.046
TGTCAC	1526.0	3750.0	-0.045
AGAATT	1975.0	4829.4	-0.045
ATGAGC	1306.0	3219.2	-0.045
AACACG	325.0	839.1	-0.045
AATCAT	1146.0	2834.3	-0.045
AACAAA	2231.0	5444.1	-0.044
ACGCGG	333.0	859.2	-0.044
TTGCGA	234.0	614.8	-0.044
TAGGCT	959.0	2384.5	-0.043
TCGCAC	223.0	587.8	-0.043
TAGAGG	1342.0	3309.9	-0.043
GCGCGT	363.0	984.3	-0.043
CTGGAG	4532.0	11707.3	-0.043
TGGAGA	3482.0	8724.9	-0.043
CATAAC	493.0	1295.2	-0.043
CACCAT	1591.0	4786.4	-0.041
GACTCA	1107.0	2744.4	-0.041
CCGCGT	366.0	941.4	-0.040
TGAGAA	2655.0	6535.2	-0.040
TGAAAG	2069.0	5159.0	-0.039
TATGTA	1398.0	3465.0	-0.039
AACATT	1598.0	3995.5	-0.039
GCTAGT	590.0	1492.9	-0.039
ACTTAG	850.0	2123.2	-0.038
CTACTT	1130.0	2803.5	-0.038
CCTAGG	1275.0	3153.5	-0.038
TTAGCG	202.0	537.6	-0.037
AAATAC	1444.0	4238.4	-0.036
TTTGGG	3231.0	8548.1	-0.036
ATTTGG	2136.0	5227.9	-0.035
CCGAGT	694.0	1747.5	-0.035
CGGGAT	496.0	1263.5	-0.035
GCGAAA	288.0	753.0	-0.034
TGCGAT	326.0	847.0	-0.034
TGGGAG	4483.0	11902.2	-0.034
CGAGGC	1036.0	2578.1	-0.034
TGTCAT	1539.0	3792.0	-0.034
CATTTT	3435.0	8600.6	-0.033
TCAAAT	1286.0	3220.7	-0.033
TTAGGA	1351.0	3339.7	-0.033
CGGAAT	270.0	707.5	-0.033
TGAGTC	1421.0	3510.7	-0.033
GGGCTC	2355.0	5757.4	-0.032
TTGGCT	2205.0	5396.0	-0.032
TTGGCC	1728.0	5034.3	-0.032
GCTAAC	504.0	1286.5	-0.031
CTATTT	1689.0	4198.5	-0.030
AGACAT	1311.0	3249.1	-0.029
CGCGTT	161.0	437.2	-0.029
CTATCT	784.0	1973.9	-0.028
GGATCA	1125.0	3165.7	-0.028
GCGTGA	760.0	2268.3	-0.028
TCTGCG	634.0	1608.0	-0.027
TTCTTG	2352.0	5758.3	-0.027
GTCATA	622.0	1579.9	-0.027
CCGGAG	1060.0	2643.1	-0.027
CCTCGC	711.0	1797.7	-0.026
AGATGG	2618.0	6903.9	-0.026
CCTAGA	973.0	2615.0	-0.026
CGCACT	283.0	745.4	-0.025
AAACAC	1196.0	2976.0	-0.025
ACTTTC	1350.0	3411.2	-0.025
TCGATC	203.0	546.3	-0.025
ACACGT	377.0	979.5	-0.025
CGCACG	265.0	700.1	-0.024
AAATGG	2090.0	5136.2	-0.024
TTTCAC	1459.0	4867.3	-0.024
TGGCGA	489.0	1255.1	-0.023
CGGCTT	553.0	1414.0	-0.023
CTAGCG	173.0	515.6	-0.022
GGCATT	1341.0	3332.6	-0.022
TAGATA	883.0	2220.4	-0.022
GCAATA	628.0	1599.4	-0.022
TTCACT	1593.0	3941.9	-0.022
CGAGGT	692.0	1856.1	-0.021
GATTCT	1708.0	4333.5	-0.021
ATCTAT	882.0	2220.0	-0.020
CTGAGC	2414.0	5921.4	-0.020
GCACCC	1338.0	3328.5	-0.020
GCCGAG	1353.0	3363.9	-0.020
ATTGCT	1517.0	3917.1	-0.020
GGAGAG	3796.0	9394.5	-0.020
ATTCCC	1161.0	2900.7	-0.019
CCAGGA	3248.0	7930.4	-0.019
CAGGTT	1775.0	4386.2	-0.019
AACGCG	147.0	407.4	-0.019
ATTTAG	1306.0	3253.0	-0.019
TGACGC	261.0	796.0	-0.018
ACTCAT	904.0	2279.6	-0.018
TACACG	192.0	523.5	-0.018
ATAGCG	144.0	400.8	-0.018
CCTTGA	1441.0	3813.3	-0.018
TATAAA	1667.0	4127.1	-0.018
TGCTAG	977.0	2458.0	-0.017
CACTAG	528.0	1463.3	-0.017
AAATGA	2384.0	6033.9	-0.017
TCTAAG	906.0	2417.5	-0.017
TAAGAC	688.0	1787.0	-0.017
TTACAA	1129.0	2828.2	-0.017
CTCTTG	1890.0	4670.7	-0.016
CTCCGT	631.0	1615.1	-0.016
CAGGGT	2487.0	6108.7	-0.016
ACTAGA	737.0	1873.3	-0.016
AGGGTA	1010.0	2608.5	-0.016
ATGCGC	289.0	768.5	-0.016
ACATGA	1183.0	3179.2	-0.016
TTAGGG	1168.0	2988.3	-0.016
AATGGC	1205.0	3138.9	-0.015
AAGCGA	548.0	1410.1	-0.015
GCTCTC	1434.0	3570.1	-0.015
GAAATG	2367.0	5823.3	-0.015
AATTTC	1620.0	4022.2	-0.015
GACGGG	966.0	2598.2	-0.015
GGTCTA	593.0	1521.3	-0.015
GATAGG	743.0	1892.0	-0.015
TAGGAT	1032.0	2595.4	-0.015
GGCTTC	1881.0	4654.3	-0.015
GACGTC	332.0	878.5	-0.014
GTTACA	867.0	2196.9	-0.014
CTGCAA	1643.0	5156.6	-0.014
AGACGC	416.0	1151.8	-0.014
AGAAAG	3255.0	8011.3	-0.014
CTCCGG	850.0	2153.6	-0.014
CATACA	796.0	2023.2	-0.014
CTTGGG	2633.0	6470.0	-0.014
TTCAAT	1062.0	2671.1	-0.013
ATTATC	830.0	2107.1	-0.013
ACTCAG	1589.0	3952.9	-0.013
TGCGCG	441.0	1224.6	-0.013
TTTCGG	381.0	1027.3	-0.013
GGACTA	745.0	2256.7	-0.013
TATTAG	892.0	2259.5	-0.013
AGATTT	2010.0	5050.4	-0.013
AGGGAT	1663.0	4133.6	-0.013
AGCCTA	837.0	2123.2	-0.013
GTCTAA	622.0	1598.1	-0.013
CACGTT	401.0	1054.0	-0.012
GGCGTT	427.0	1116.4	-0.012
CGGGGT	1199.0	3008.2	-0.012
GAATTA	1142.0	2869.7	-0.012
CCACTT	1431.0	3573.3	-0.012
ATATGC	786.0	2002.1	-0.012
AGCCGG	1101.0	2771.2	-0.012
TCAATC	544.0	1406.0	-0.012
AATGGT	1315.0	3295.0	-0.012
ACTAAA	1113.0	3248.6	-0.012
CCGCGA	286.0	795.4	-0.012
TGATAG	929.0	2370.9	-0.012
ATGGGC	1490.0	4165.8	-0.012
TAGCCT	964.0	2439.3	-0.011
TGGAAT	1936.0	4798.7	-0.011
ACACTC	759.0	1939.4	-0.011
CTAATT	1273.0	4029.1	-0.011
TTGGCG	421.0	1103.5	-0.011
ACTATA	607.0	1564.8	-0.011
GGTTTA	1006.0	2543.0	-0.010
TCTCAT	1576.0	3928.3	-0.010
GGGATA	918.0	2328.7	-0.010
CCTATA	559.0	1447.6	-0.010
AGGAGT	2154.0	5522.3	-0.010
TCAATA	760.0	1983.5	-0.010
ACAATT	1016.0	2569.4	-0.010
AATAAT	1730.0	4305.9	-0.010
CACCCG	735.0	1881.1	-0.010
CCCGAG	1064.0	2819.3	-0.010
TAGGGA	1326.0	3327.3	-0.009
CAACAT	1244.0	3607.9	-0.009
GGAGAC	1990.0	4937.1	-0.009
TTAGTC	668.0	1719.2	-0.009
TGAATC	1079.0	2727.6	-0.009
ATCTTG	1465.0	3856.5	-0.009
CATTAT	1115.0	2813.6	-0.009
GTTGAG	1315.0	3302.3	-0.008
TGAAAC	1518.0	4193.4	-0.008
GAGGTC	1391.0	4447.5	-0.008
TCAGGA	2217.0	6099.3	-0.008
AGTTCA	1406.0	3525.5	-0.008
TCCGGC	546.0	1419.1	-0.008
TATCTA	723.0	1859.7	-0.008
TCGAAC	184.0	893.1	-0.008
CAAACT	1256.0	3163.1	-0.008
GGTTGA	1138.0	2873.2	-0.008
AAAGAG	2368.0	5857.8	-0.008
GCCAAT	725.0	1863.3	-0.007
TTGCGC	246.0	671.4	-0.007
AGTCAT	1134.0	2867.3	-0.007
CATAGA	814.0	2119.6	-0.007
ATCGCG	156.0	442.1	-0.007
AGATAG	1016.0	2579.5	-0.007
ATCGCT	306.0	1003.5	-0.007
GTTCCA	1277.0	3216.5	-0.007
ATATAC	786.0	2016.2	-0.007
GGCTGG	5337.0	13954.0	-0.007
TGAACC	1173.0	3375.7	-0.007
TTACAC	611.0	1585.8	-0.007
ACTCTG	1908.0	4751.3	-0.007
CACACC	1449.0	3684.3	-0.007
CAATAA	926.0	2361.4	-0.007
ACTAAG	623.0	1721.5	-0.007
AGACAC	1159.0	2932.1	-0.006
ACACTT	1145.0	2896.6	-0.006
AATAAA	2715.0	6704.0	-0.006
TGCTCA	1720.0	4295.2	-0.006
GAAACC	1404.0	3985.3	-0.006
GCGAAC	155.0	441.1	-0.006
TCGAGA	510.0	1337.7	-0.006
TCATTC	1456.0	3655.9	-0.006
CTCAGG	2802.0	6915.2	-0.006
GTGCGC	690.0	1782.7	-0.006
CTGGCG	932.0	2379.7	-0.006
TCTCAG	2377.0	5889.3	-0.006
CACTCA	1127.0	2856.6	-0.006
CCCCGC	1529.0	3836.3	-0.006
CGCTCG	279.0	759.1	-0.006
GTGCGA	363.0	970.4	-0.006
ATCCCG	374.0	999.1	-0.006
GGCTCT	2014.0	5014.8	-0.006
AGACGT	364.0	1007.5	-0.006
GGCGTC	575.0	1501.3	-0.005
TCACTC	1292.0	3261.4	-0.005
TTTCGC	272.0	827.2	-0.005
AGCACT	1475.0	4378.4	-0.005
AGAGGT	2083.0	5184.8	-0.005
GGAATG	1919.0	4789.9	-0.005
TAGAAT	1294.0	3271.4	-0.005
GATATC	543.0	1423.2	-0.005
TAGGCG	278.0	760.5	-0.005
AAACAA	2162.0	5381.6	-0.005
TCATAT	997.0	2559.9	-0.005
TAAAAA	3307.0	8146.3	-0.005
CATTTA	1721.0	4589.7	-0.004
TATACA	922.0	2362.8	-0.004
AAGTGC	1531.0	4695.8	-0.004
TAGCCG	278.0	851.2	-0.004
ACCTCC	1848.0	4623.8	-0.004
CAATTA	739.0	1912.2	-0.004
CGCGCT	391.0	1048.5	-0.004
CGCCTA	226.0	630.3	-0.004
CATGAG	1573.0	4233.8	-0.004
GCGCGG	1011.0	2812.1	-0.004
GCCTCC	3431.0	10168.2	-0.004
TGGCAC	1576.0	4004.8	-0.004
GCCACC	2091.0	5897.6	-0.004
TATGTC	865.0	2226.0	-0.004
AGGTCT	1449.0	3655.8	-0.004
CCCGGA	834.0	2162.1	-0.004
GAATCA	1143.0	2951.5	-0.004
TAAGCC	743.0	1925.9	-0.004
ATTTCC	1772.0	4443.4	-0.004
TACTCA	860.0	2215.8	-0.003
CAAATA	1294.0	3279.8	-0.003
GGCAGA	2827.0	7002.7	-0.003
ATAATA	1307.0	3311.4	-0.003
ACACAG	1796.0	4505.3	-0.003
CACTTC	1290.0	3271.7	-0.003
TGACGT	367.0	991.9	-0.003
CAATAG	595.0	1604.0	-0.003
GCTTCC	2035.0	5092.9	-0.003
TGGCGC	645.0	2062.6	-0.003
ATAATC	769.0	1992.2	-0.003
CCTGAG	3174.0	7843.1	-0.003
ATATCT	1062.0	2715.5	-0.003
ACTAGG	614.0	1672.4	-0.003
CAATAT	851.0	2197.7	-0.003
TGCACC	1332.0	3562.1	-0.003
TCTGAG	2364.0	5888.4	-0.003
GCTATT	962.0	2473.2	-0.003
GCATTA	749.0	1947.5	-0.003
GTCACA	1063.0	2720.5	-0.003
AGAGGG	2980.0	7662.7	-0.003
GCGGTT	380.0	1027.7	-0.003
GACGCT	360.0	1027.3	-0.003
TTCACC	1330.0	3704.5	-0.003
TCAAAC	968.0	2487.4	-0.003
CGCTCC	684.0	1787.3	-0.002
AGGGGT	2098.0	5250.1	-0.002
CGGTTT	381.0	1031.2	-0.002
TCAATT	931.0	2518.7	-0.002
ACTCCG	423.0	1137.1	-0.002
CAATCA	759.0	1997.0	-0.002
AAGGGT	1392.0	3534.4	-0.002
ATAAGT	859.0	2351.0	-0.002
ATTTCG	257.0	716.7	-0.002
CGGGCT	938.0	2418.5	-0.002
TCTCGC	531.0	1411.1	-0.002
ACTCCC	1172.0	2996.7	-0.002
TTTCAA	1854.0	4827.5	-0.002
ATAACA	925.0	2440.7	-0.002
TCCACT	1195.0	3052.7	-0.002
ATGCAA	1111.0	2946.7	-0.002
ATAAAA	2369.0	5915.7	-0.002
AACATA	1057.0	2713.6	-0.002
ATAGGG	811.0	2107.1	-0.002
ATAGAC	528.0	1405.3	-0.002
TGTAGT	1480.0	3751.6	-0.002
TATGTG	1897.0	4889.9	-0.002
GGGTCA	1479.0	3750.0	-0.002
TTCCAA	1599.0	4044.6	-0.002
TACAAT	818.0	2126.3	-0.002
CTAGAA	1212.0	3097.5	-0.002
CTCTGG	2890.0	7184.8	-0.002
CTGCGC	921.0	2384.0	-0.002
CACTTA	887.0	2299.5	-0.002
TCACTG	2384.0	6258.5	-0.002
ACAATA	820.0	2135.0	-0.002
TTCAAA	1797.0	4531.6	-0.002
AAAGGC	1492.0	3787.6	-0.002
CAGGGA	3208.0	7957.4	-0.002
ACCTTG	1404.0	3572.7	-0.002
CATAGT	845.0	2197.8	-0.002
CGACTC	261.0	731.1	-0.002
GTCATG	1066.0	2743.6	-0.001
GGGACT	1920.0	4833.5	-0.001
GACATA	649.0	1711.8	-0.001
GATTCC	1034.0	2665.0	-0.001
TGGGAA	3173.0	7876.5	-0.001
TAAGGG	1016.0	2622.3	-0.001
TGTAAG	1281.0	3276.5	-0.001
GCGACA	333.0	920.1	-0.001
TTAGCT	1173.0	3010.1	-0.001
CCGGGT	950.0	2717.0	-0.001
GGGAGT	2088.0	5248.9	-0.001
GTGATT	1635.0	4143.4	-0.001
CGACGC	165.0	485.3	-0.001
GAATGG	1840.0	4657.5	-0.001
CAATCC	632.0	1674.7	-0.001
GGAATT	1559.0	3959.6	-0.001
TGAACT	1559.0	3961.9	-0.001
GACTAG	581.0	1548.8	-0.001
AAACTC	1235.0	3166.4	-0.001
TAGCGC	153.0	455.8	-0.001
GTCTAT	685.0	1807.3	-0.001
TCGCGA	109.0	337.3	-0.001
GTGCCA	1737.0	4399.4	-0.001
CCATTT	2094.0	5270.6	-0.001
AATTCC	1098.0	2833.9	-0.001
GTTCAC	891.0	2322.1	-0.001
GAGGGA	3463.0	8956.2	-0.001
GGTCAA	813.0	2129.2	-0.001
CACGAC	192.0	560.4	-0.001
AAATTA	2281.0	5819.4	-0.001
ACATTA	899.0	2343.3	-0.001
GCGCCA	623.0	1657.3	-0.001
GGCACT	1286.0	3297.5	-0.001
ATCTCG	511.0	1375.9	-0.001
CCTGGA	3433.0	8527.5	-0.001
TCGCCC	654.0	1734.4	-0.001
AGCCAG	2853.0	7122.1	-0.001
AACCCA	1270.0	3261.4	-0.001
ATCACA	1116.0	2881.7	-0.001
TCACTA	704.0	1861.6	-0.001
GTTTCC	1750.0	4749.9	-0.001
CATAAT	880.0	2299.8	-0.001
ACGCCC	510.0	1581.6	-0.001
TAGTCC	641.0	1962.0	-0.001
TGGTCT	2012.0	5833.9	-0.001
CTCTAT	840.0	2200.7	-0.001
TCGCGC	277.0	783.6	-0.001
GACGCA	305.0	856.1	-0.001
CCCACG	682.0	1810.5	-0.001
CGCTCA	368.0	1017.7	-0.001
GCTACT	961.0	3107.4	-0.001
GCTCAA	1107.0	2867.6	-0.001
GTGAAA	1888.0	5098.7	-0.001
GAGAAA	2971.0	7423.3	-0.001
AAGTGT	1726.0	4396.8	-0.001
GGGTCT	2085.0	5269.3	-0.001
CGTGAG	919.0	2404.2	-0.001
ATACAC	642.0	1712.5	-0.001
AATTCT	1784.0	4535.5	-0.001
ACACAT	1176.0	3041.6	-0.001
CTAAAA	1477.0	4187.3	-0.000
GCGCAG	913.0	2392.7	-0.000
TCTATG	928.0	2432.2	-0.000
CTCCTG	4086.0	11368.4	-0.000
TTTGAG	2827.0	7870.8	-0.000
AGAGGC	2341.0	5905.9	-0.000
ACATTC	1061.0	2763.2	-0.000
TTGCAC	1014.0	2647.1	-0.000
CAATGT	982.0	2569.0	-0.000
ACTGAG	1724.0	4398.1	-0.000
GATTGC	986.0	2581.0	-0.000
TCCGCC	773.0	2510.6	-0.000
AAAGTG	2135.0	6358.7	-0.000
CCGGGC	1615.0	4134.4	-0.000
TATGGG	1109.0	3346.1	-0.000
GCTCAT	1158.0	3010.9	-0.000
AGGGAA	2605.0	7509.8	-0.000
CTAGGA	1098.0	2969.2	-0.000
GCAAAC	844.0	2230.1	-0.000
GACTAA	559.0	1515.1	-0.000
TTGCTC	1547.0	3972.6	-0.000
GGCACG	682.0	1828.9	-0.000
GCGACT	273.0	785.6	-0.000
TTGAGC	1380.0	3563.6	-0.000
CACGAG	461.0	1272.1	-0.000
TGAGCT	2092.0	5319.7	-0.000
ACGCTC	248.0	722.4	-0.000
CGATTC	351.0	1017.3	-0.000
AGTTAG	874.0	2313.4	-0.000
ACTGCG	470.0	1298.4	-0.000
GCAAAT	1154.0	3012.5	-0.000
TAGAAA	1857.0	4745.1	-0.000
GATATA	690.0	1854.8	-0.000
TGCGGT	539.0	1474.7	-0.000
TCATAA	906.0	2395.6	-0.000
CTCTAA	906.0	2395.1	-0.000
ACCCCG	736.0	2008.2	-0.000
GAGTTA	953.0	2516.2	-0.000
CGAACT	193.0	1010.8	-0.000
CTGGGT	3252.0	8368.3	-0.000
AGGCGC	769.0	2242.1	-0.000
AATGGG	1735.0	4452.9	-0.000
CCTCGG	1163.0	3040.8	-0.000
CCGCCC	1404.0	3925.3	-0.000
GGCCTC	2634.0	6820.2	-0.000
AAACAT	1614.0	4156.2	-0.000
TGAGAG	2271.0	5772.5	-0.000
TCATGA	1193.0	3451.3	-0.000
TCTCAC	1430.0	3705.2	-0.000
CATATG	945.0	2618.9	-0.000
ATTCAA	1159.0	3034.5	-0.000
TCTGGA	2285.0	5806.6	-0.000
TGTCTC	2137.0	5670.6	-0.000
GTTTCG	333.0	953.5	-0.000
CTCACT	2128.0	5811.4	-0.000
TATAAG	786.0	2105.9	-0.000
GGAAAG	2725.0	7149.1	-0.000
CAGAGA	2770.0	6997.7	-0.000
TCAGCC	2558.0	6480.5	-0.000
CTCGAT	223.0	721.4	-0.000
ATTTAT	2553.0	6468.1	-0.000
CATTAG	735.0	1977.4	-0.000
GAGATG	2408.0	6619.2	-0.000
CACATG	1460.0	3785.0	-0.000
GGTCAC	1039.0	2742.0	-0.000
TGCCTC	2740.0	7322.7	-0.000
AGCGAT	443.0	1240.7	-0.000
GACATG	1247.0	3262.5	-0.000
TCGGGA	694.0	1879.4	-0.000
TGCCTA	1045.0	2761.9	-0.000
AGACTC	1168.0	3067.5	-0.000
TACATA	935.0	2488.4	-0.000
ATTTCT	2898.0	7323.7	-0.000
GGAAAT	1938.0	4972.5	-0.000
CGCGAC	164.0	511.8	-0.000
GCTCCG	790.0	2173.2	-0.000
GACGGA	563.0	1550.8	-0.000
AGGTTT	1875.0	4819.4	-0.000
CATAAG	653.0	1848.5	-0.000
TCCCAT	1455.0	3784.9	-0.000
GCTGGA	3489.0	8816.6	-0.000
CATAAA	1119.0	3203.2	-0.000
GCGTAG	203.0	619.3	-0.000
GAGAGG	3264.0	8716.0	-0.000
ACGGAG	723.0	1961.0	-0.000
TAGGCA	975.0	2592.5	-0.000
CTCAAT	733.0	1984.9	-0.000
ATTTCA	1950.0	5010.5	-0.000
CCTGGC	3763.0	9447.5	-0.000
TCCTGG	3777.0	9480.4	-0.000
TGTGAT	2066.0	5296.6	-0.000
GGTTGC	1210.0	3530.3	-0.000
AACCTC	1454.0	3788.2	-0.000
ATGGTC	867.0	2488.4	-0.000
GTTCAA	1202.0	3700.6	-0.000
TCTTGG	2208.0	5647.5	-0.000
TCTCGG	805.0	2168.5	-0.000
CGCGCA	299.0	921.6	-0.000
GCTAGG	953.0	2542.0	-0.000
GAAGTG	2140.0	5486.3	-0.000
CCATCT	1865.0	4811.1	-0.000
GAGGCG	1439.0	3934.4	-0.000
TCACTT	1673.0	4337.4	-0.000
TGCACA	1529.0	3983.7	-0.000
GGAGTG	2938.0	8254.4	-0.000
GGCACA	1626.0	4224.5	-0.000
TCCGCG	353.0	1019.5	-0.000
CACTCT	1387.0	3632.5	-0.000
TGCAGT	2439.0	7787.9	-0.000
GACACA	1186.0	3131.9	-0.000
TTCCCA	2277.0	5831.5	-0.000
TTCCGG	527.0	1497.3	-0.000
AGGCTA	862.0	2322.1	-0.000
ATACAT	1049.0	2792.6	-0.000
CGGCGC	724.0	1975.7	-0.000
CACCGC	701.0	1915.6	-0.000
CACTTG	1475.0	3853.5	-0.000
GGCATA	631.0	1740.9	-0.000
GTAGTC	639.0	1873.1	-0.000
GGTTAA	796.0	2158.4	-0.000
CATTTC	1843.0	4950.0	-0.000
CACGGT	451.0	1343.4	-0.000
AGCAAT	1131.0	3212.7	-0.000
CCGGCC	1308.0	3516.1	-0.000
ACGCCT	520.0	1698.1	-0.000
AATAGA	1149.0	3050.8	-0.000
CACAAA	1255.0	3317.4	-0.000
TGTGAG	2696.0	6878.8	-0.000
TTCACG	368.0	1067.6	-0.000
GCGCGA	323.0	951.5	-0.000
TTCACA	1390.0	3672.3	-0.000
GCAACC	936.0	2796.7	-0.000
GACTCC	1173.0	3115.0	-0.000
TCTCTG	2915.0	7656.7	-0.000
ATAGGC	607.0	1686.7	-0.000
GCGCGC	815.0	2216.7	-0.000
GAACCC	1105.0	3287.8	-0.000
GATAGA	858.0	2327.9	-0.000
CACTAT	600.0	1671.9	-0.000
AGAGTT	1600.0	4186.6	-0.000
CGCGGC	801.0	2197.7	-0.000
GCTAAT	889.0	3094.6	-0.000
GTCTCT	1967.0	5450.3	-0.000
CACATT	1357.0	3582.3	-0.000
CTGAGT	2060.0	5328.4	-0.000
GCCACT	1553.0	4382.4	-0.000
GTCCCA	1562.0	4096.1	-0.000
CAACCT	1352.0	3708.3	-0.000
GGGCAA	1472.0	3999.0	-0.000
CCTCCG	942.0	2652.1	-0.000
GAGACC	1783.0	4893.5	-0.000
AGGCAA	1412.0	3726.2	-0.000
GGCGCA	665.0	1844.4	-0.000
CGTGAT	448.0	1407.1	-0.000
GTTAGC	604.0	1688.8	-0.000
ACCCGG	676.0	2239.0	-0.000
GGCGAA	318.0	947.1	-0.000
AAATAA	2788.0	7131.1	-0.000
ACACAA	953.0	2579.0	-0.000
GGCAAT	716.0	1978.1	-0.000
CAAACA	1318.0	3496.4	-0.000
GGTTAC	552.0	1558.9	-0.000
AATGAG	1609.0	4470.1	-0.000
TGGCTA	1235.0	3510.4	-0.000
GGCTAG	842.0	2303.6	-0.000
ACATAA	926.0	2518.5	-0.000
GGACGC	581.0	1644.9	-0.000
AAGGCA	1809.0	4797.3	-0.000
GTGCAA	1069.0	2880.0	-0.000
GTGATA	901.0	2456.6	-0.000
ATTCTC	1664.0	4600.5	-0.000
ATTAGG	767.0	2186.9	-0.000
CGCGTC	285.0	865.3	-0.000
CGCGGT	379.0	1115.8	-0.000
GTGTGA	2361.0	6126.0	-0.000
CGCACC	425.0	1261.7	-0.000
GAAAGG	2408.0	6220.4	-0.000
AATCCT	1146.0	3079.8	-0.000
TACACA	892.0	2439.6	-0.000
GGCAGG	4438.0	11202.8	-0.000
ATCACG	312.0	941.8	-0.000
TAGCCA	1049.0	2838.4	-0.000
GGCTGA	2474.0	7365.9	-0.000
CTTGGC	2058.0	5442.0	-0.000
CGGGTT	619.0	1746.3	-0.000
GCGATT	364.0	1081.3	-0.000
CACGAT	263.0	812.5	-0.000
TCACAA	940.0	2567.4	-0.000
GATTAG	639.0	1799.7	-0.000
ACATTT	2298.0	6091.0	-0.000
TATCTC	884.0	2432.7	-0.000
ATCTCT	1616.0	4273.0	-0.000
CTGGAA	2628.0	6785.5	-0.000
ACCACG	495.0	1588.5	-0.000
ACTACA	945.0	2587.0	-0.000
ACATAG	826.0	2285.7	-0.000
TGTAAT	1681.0	5400.8	-0.000
GCGCCT	779.0	2318.4	-0.000
AACCCG	370.0	1236.3	-0.000
GAGACT	1608.0	4262.8	-0.000
CACGCC	742.0	2668.6	-0.000
CTATAA	797.0	2216.1	-0.000
CAATTC	729.0	2234.6	-0.000
GGATTA	1225.0	4820.9	-0.000
CCCGGG	1950.0	5405.4	-0.000
GGGGTT	2138.0	5662.1	-0.000
CCCGCG	658.0	2077.7	-0.000
ACTCCA	1413.0	4120.1	-0.000
GCGCCC	963.0	3004.1	-0.000
CACTCC	1460.0	3904.8	-0.000
CCTGGG	5612.0	14163.4	-0.000
ACTCCT	1602.0	4373.7	-0.000
GCCTCG	945.0	2609.8	-0.000
CATATA	845.0	2355.0	-0.000
ATCTCC	1223.0	3318.0	-0.000
ACCCAG	2344.0	6122.4	-0.000
CACTTT	1877.0	5412.1	-0.000
TGAGGC	2453.0	6798.3	-0.000
ACATGG	1665.0	4621.2	-0.000
CAAAGT	1636.0	5114.0	-0.000
CCCAGC	3856.0	11160.9	-0.000
CTCGCG	278.0	875.0	-0.000
GGAGAT	2039.0	5601.6	-0.000
GGGAAT	1518.0	4067.0	-0.000
TCGCTC	462.0	1465.4	-0.000
CAGAGT	1993.0	5259.0	-0.000
GGAGTC	1552.0	4161.3	-0.000
GACGCG	273.0	865.7	-0.000
CGCTCT	532.0	1730.3	-0.000
CGCCAC	623.0	1854.3	-0.000
AGGGAG	4128.0	10562.6	-0.000
AAGTGA	2007.0	5573.0	-0.000
AGGCAC	1398.0	3782.2	-0.000
AGGGTT	1618.0	4347.7	-0.000
CGGCTA	301.0	947.5	-0.000
ATACAA	997.0	3240.8	-0.000
GGGTTC	1558.0	4192.2	-0.000
TCACAC	1024.0	2842.5	-0.000
GCCTCA	2340.0	6161.6	-0.000
TTGTGA	1866.0	4974.4	-0.000
TGGCGT	622.0	1807.0	-0.000
AGGTTG	1713.0	4877.6	-0.000
GCCTGG	4903.0	13320.0	-0.000
CTAAGT	739.0	2114.0	-0.000
AAAGGG	1980.0	5264.6	-0.000
ATATGG	1071.0	3222.6	-0.000
TGCGCC	639.0	1855.0	-0.000
GAGTCT	1616.0	4562.1	-0.000
CACAAT	813.0	2308.1	-0.000
TGCAAA	1613.0	4496.2	-0.000
CTCAGC	2930.0	7642.2	-0.000
TGATCT	1586.0	4285.0	-0.000
CTCCGC	801.0	2540.8	-0.000
ACCTCG	500.0	1494.8	-0.000
CCCAGG	4819.0	12565.7	-0.000
ACTCGG	510.0	1523.6	-0.000
AGTGAG	2617.0	7266.3	-0.000
TATATG	1154.0	3196.1	-0.000
TGAGGT	2137.0	5989.9	-0.000
ACATAT	984.0	2761.9	-0.000
GCGCAC	381.0	1183.3	-0.000
AGTGAT	1706.0	4599.2	-0.000
GGGTTT	2321.0	6391.8	-0.000
CTCCCA	2955.0	8845.7	-0.000
TGATCC	1268.0	3635.9	-0.000
TCTCTA	1410.0	4202.1	-0.000
GAGTTC	1382.0	3787.2	-0.000
AGGCTG	3915.0	13371.4	-0.000
GCAATG	937.0	2942.5	-0.000
GAGATC	1229.0	3402.1	-0.000
GCCCGG	1624.0	4409.1	-0.000
GTCAGG	1913.0	5404.7	-0.000
AATCGC	221.0	754.5	-0.000
CTATGT	995.0	2841.9	-0.000
ATAGAG	926.0	2638.2	-0.000
GCCCAG	3840.0	9970.2	-0.000
GGGAGA	3444.0	9085.3	-0.000
CGGCTC	907.0	2589.5	-0.000
TTGGGA	2483.0	7376.1	-0.000
TGGCTC	2331.0	6291.5	-0.000
TCTGGG	3154.0	8534.3	-0.000
CGCGAT	145.0	543.2	-0.000
ATCACT	1077.0	3040.8	-0.000
AGTTTC	1612.0	4728.7	-0.000
CCACGC	679.0	2005.7	-0.000
GAGTTT	1903.0	5148.3	-0.000
ATAAAT	1842.0	5075.5	-0.000
GGAGTT	1936.0	5595.2	-0.000
AATTAG	1200.0	3701.0	-0.000
ATTAGC	742.0	2743.4	-0.000
AACCCC	1206.0	3398.9	-0.000
TCACGA	253.0	859.8	-0.000
GATTAC	955.0	3858.2	-0.000
TATATA	1664.0	4557.2	-0.000
CTCATG	1436.0	3974.1	-0.000
CAGGCA	2659.0	7551.4	-0.000
CGATCT	423.0	1336.1	-0.000
TCCCAG	3297.0	10276.9	-0.000
CGTCTC	639.0	1917.7	-0.000
AGCCAC	1960.0	5322.4	-0.000
GCAATC	581.0	1765.6	-0.000
GGCGCG	937.0	2849.1	-0.000
TCGGCC	698.0	2078.0	-0.000
AGGCGG	1494.0	4143.6	-0.000
GCCTAG	928.0	2684.4	-0.000
GCGATC	314.0	1042.6	-0.000
CAATTT	1347.0	3772.0	-0.000
AGTCTC	1456.0	4052.1	-0.000
AGACGG	758.0	2464.6	-0.000
CTGGGC	4172.0	10884.0	-0.000
TAATCC	956.0	3818.7	-0.000
GATCTC	1206.0	3418.0	-0.000
CCAGCC	3543.0	9609.4	-0.000
GCTCAC	1638.0	5107.5	-0.000
TGCAAC	1008.0	2976.7	-0.000
CCGGCT	877.0	2565.5	-0.000
ATATGT	1398.0	3929.3	-0.000
GATATG	947.0	2915.9	-0.000
AAGGGA	2203.0	6291.8	-0.000
ACCGCG	299.0	1012.0	-0.000
AGCCTC	2674.0	7164.9	-0.000
ACAGGG	2035.0	5550.7	-0.000
TCACAT	1096.0	3144.9	-0.000
ACACAC	1495.0	4178.8	-0.000
CGCCTC	1041.0	3006.9	-0.000
CACACA	1962.0	5373.0	-0.000
AACTCC	1264.0	4010.0	-0.000
CCCGCC	1614.0	4488.3	-0.000
GCAATT	822.0	2436.5	-0.000
AAAATA	3067.0	8169.5	-0.000
CGCCTG	1348.0	3825.4	-0.000
CTGTAA	1658.0	5298.9	-0.000
ACAGAG	2411.0	6539.0	-0.000
CCGCCT	1308.0	3718.5	-0.000
TCTTGA	1661.0	4630.7	-0.000
CGGAGT	541.0	1696.7	-0.000
GACAGA	1991.0	5526.7	-0.000
AATCAC	786.0	2356.6	-0.000
AGCCTG	3292.0	8973.4	-0.000
CACATA	802.0	2408.0	-0.000
GAGCCA	2334.0	6644.5	-0.000
GCGCTC	494.0	1579.2	-0.000
TGGAGT	2711.0	8015.8	-0.000
TCCCGG	1104.0	3208.7	-0.000
GAGATT	1419.0	4027.4	-0.000
CGGCCT	1011.0	3006.7	-0.000
TACAAA	1364.0	4317.5	-0.000
GGGAAA	2536.0	6885.9	-0.000
CTCACG	486.0	1561.7	-0.000
TCACGC	468.0	1514.5	-0.000
CTGAGA	2356.0	6433.2	-0.000
CAATCT	749.0	2278.4	-0.000
GCCAGG	3517.0	9902.8	-0.000
CTCGAA	350.0	1195.5	-0.000
GTTTCA	1628.0	5025.9	-0.000
AAACCC	1170.0	3730.3	-0.000
GACAGG	2023.0	5614.1	-0.000
CAGCCT	3901.0	11379.0	-0.000
CTTGAG	1721.0	4841.1	-0.000
CGAGAC	528.0	1699.0	-0.000
AATACA	1285.0	4057.3	-0.000
TCCCGA	545.0	1749.5	-0.000
AATCTC	1026.0	3045.4	-0.000
CGCCCA	843.0	2564.6	-0.000
ATCTCA	1423.0	4093.4	-0.000
AGATAT	1122.0	3657.9	-0.000
CTCAAA	1451.0	4477.0	-0.000
GTGATC	1198.0	4049.8	-0.000
GTAATC	759.0	3244.4	-0.000
AAAAAA	6864.0	21635.0	-0.000
CTGGGA	4212.0	12182.1	-0.000
GAGGCA	2479.0	7264.6	-0.000
AGGCGT	656.0	2229.5	-0.000
GAGGTT	1537.0	4736.4	-0.000
GGTTTC	1557.0	5269.5	-0.000
GATCAC	912.0	2894.4	-0.000
ACAAAA	2187.0	6164.9	0.000
TGAGAC	1689.0	5467.3	0.000
TAGAGA	1467.0	5441.1	0.000
AGAGAG	3082.0	9103.3	0.000
CCCGGC	1447.0	4306.5	0.000
CTCGGC	938.0	3257.9	0.000
GGCTCA	2307.0	6692.9	0.000
AGGCAG	3582.0	10119.2	0.000
GAGGCT	2783.0	8023.7	0.000
ACAGGC	1769.0	5835.1	0.000
CCAGGC	3671.0	11010.2	0.000
TCTCAA	1409.0	4333.3	0.000
CTCCCG	1225.0	3654.0	0.000
GAGATA	1000.0	3663.5	0.000
TGGGAT	2475.0	7439.1	0.000
GGGATT	1813.0	6096.0	0.000
TGCAAT	966.0	3151.9	0.000
CAAAAA	2386.0	6686.2	0.000
AAAAAT	3751.0	10308.7	0.000
GTGAGA	1968.0	5581.5	0.000
TGAGAT	1784.0	5497.2	0.000
TTGAGA	2228.0	6814.4	0.000
GGTCTC	1623.0	5084.7	0.000
GTCTCA	1571.0	4927.8	0.000
CGCCCG	734.0	2397.4	0.000
GGTTCA	1264.0	4024.9	0.000
CAGGCT	2903.0	9434.9	0.000
CAGGCG	1141.0	3703.4	0.000
TGCACT	1355.0	3993.7	0.000
GTCTCG	578.0	2168.4	0.000
GAGAGA	2952.0	8616.2	0.000
ATCCCA	1563.0	5047.4	0.000
GAGACG	724.0	2599.5	0.000
CGCGCC	661.0	2226.5	0.000
GCACTT	1278.0	4036.7	0.000
AGAGAC	1706.0	5405.8	0.000
AGACAG	2270.0	6585.1	0.000
TTAGCC	855.0	2895.0	0.000
TCCCAA	1787.0	5559.1	0.000
TGAGCC	2401.0	7232.7	0.000
GAGACA	1802.0	5726.5	0.000
CCGCGC	677.0	2182.0	0.000
GAACTC	1058.0	3527.6	0.000
GGCTAA	805.0	2969.2	0.000
AATCCC	1106.0	4195.2	0.000
GCACTC	878.0	2992.5	0.000
ATATAT	1821.0	5201.1	0.000
ATTACA	1363.0	5075.8	0.000
TCTCGA	343.0	1443.8	0.000
AGAGAT	1754.0	5434.0	0.000
