OligoSequence	Target Occurences	Background Occurences	Enrichment(ln p, up to 2 mismatches)
AGCCTC	52704.0	20010.7	-7833.244
AGTAGC	37727.0	12997.6	-7640.297
GTAGCT	38079.0	13572.8	-7118.597
TCAGCC	46881.0	17985.3	-6981.741
GCCTCC	70852.0	30407.0	-6741.285
CAGCCT	59449.0	24679.5	-6649.901
CTCAGC	53865.0	21940.6	-6558.623
TAGCTG	37113.0	14458.9	-5570.150
CCTCAG	48715.0	21186.2	-4967.947
GAGTAG	25557.0	9249.3	-4903.606
GCCTCA	41195.0	17371.8	-4816.587
CTCCTG	65512.0	31182.8	-4422.400
CTCCCA	47264.0	21335.5	-4275.164
CCTCCC	63553.0	30361.9	-4269.792
TGCCTC	47261.0	21451.7	-4192.053
TTTTTT	486598.0	213062.6	-4100.530
AGCTGG	37578.0	16400.7	-4006.935
AGCGTC	912.0	620.2	-3950.701
CCTCCG	8721.0	4447.9	-3669.589
GCTGGG	46847.0	22093.1	-3608.607
GCCTCG	5750.0	3548.2	-3588.914
CGAGTA	10079.0	3692.6	-3577.055
AGTCGC	685.0	544.5	-3540.774
CGGCCT	7180.0	4708.8	-3425.103
TCAACC	4559.0	2720.7	-3364.348
CCGCCT	14102.0	8038.3	-3331.058
CTCACT	44095.0	20994.8	-3317.798
TGAGTA	16887.0	6237.2	-3218.404
CGTAGC	778.0	514.9	-3155.220
GGCTCA	34887.0	16036.4	-3146.616
TTTTTG	79466.0	42057.8	-3072.297
CTGCCT	49597.0	24787.6	-2956.506
TCAAGC	23474.0	9946.3	-2955.007
CCTAAG	3247.0	2371.5	-2911.102
ACTGCA	35729.0	16912.8	-2869.526
GAGTGC	30488.0	13969.8	-2844.778
AACCTC	25146.0	11600.1	-2817.440
CTCGGC	14642.0	8670.7	-2782.482
CGGAGT	7813.0	3755.8	-2759.743
TGGAGT	40949.0	20145.5	-2733.353
TCGGCC	5816.0	3791.3	-2718.277
TCACTG	36576.0	17640.6	-2713.120
CCGAGT	10838.0	4375.3	-2697.979
TTTTGA	42334.0	21047.6	-2679.764
CAAGTA	14630.0	5525.9	-2665.880
CTGGGA	43211.0	21591.7	-2663.594
CAACCT	25059.0	11512.4	-2612.368
AGTGCA	31413.0	14833.8	-2603.574
CAGCGT	1468.0	1078.5	-2586.034
GGTTCA	26990.0	12343.9	-2580.201
ATTCTC	29980.0	14055.0	-2573.377
GCTCAC	32878.0	15728.0	-2568.989
CGCCTC	12183.0	7007.3	-2552.671
TCCCAA	29054.0	13571.6	-2540.902
GCTGGA	35396.0	17287.5	-2506.710
CCCAGG	43976.0	22341.0	-2501.955
AGGCTC	6897.0	4426.3	-2494.231
GTGCAG	28807.0	13589.8	-2428.564
CTTTTT	57357.0	30536.5	-2411.863
GGAGTG	31476.0	15179.3	-2397.253
CACTGC	35506.0	17578.8	-2370.972
TTTGAG	35687.0	17692.7	-2366.498
CAGTGG	31205.0	15157.0	-2310.296
TGCAGT	32512.0	15942.4	-2297.057
CCTCGG	5774.0	4049.7	-2269.351
GTTCAA	23919.0	11021.7	-2259.668
TCCGCC	11260.0	6618.5	-2239.611
TTGAGA	31392.0	15386.1	-2235.031
GCGTCC	908.0	741.8	-2183.264
GCAGTG	31167.0	15343.2	-2180.264
GATTCT	22033.0	10068.8	-2166.822
GAGTAC	4325.0	2124.6	-2166.366
TCGAGT	1352.0	815.3	-2142.793
GGCCTC	16153.0	10638.2	-2130.253
TTCAAG	26708.0	12834.7	-2114.537
GCCGCC	1713.0	1465.6	-2113.257
AAGTAG	14591.0	5999.1	-2104.449
GCATCC	2955.0	2579.9	-2093.495
TCCTGC	30444.0	15075.5	-2083.752
GCCACC	18814.0	13470.2	-2081.649
CAGACT	5876.0	3968.2	-2031.446
ACCTCC	25222.0	12107.0	-2020.913
CCTCCT	36065.0	18550.8	-2014.659
GCAACC	20350.0	9306.2	-2011.916
CTGAGT	18731.0	8392.8	-2009.025
TGCAAC	21208.0	9821.0	-1993.791
GTAGCC	3389.0	2264.6	-1982.367
CTCACG	1835.0	1534.7	-1974.753
AGCCGC	1047.0	987.3	-1962.544
AGACTC	3546.0	3104.1	-1960.570
CTCCCG	19464.0	8942.8	-1948.983
CTGGAG	34800.0	17916.3	-1948.163
GGAGTA	5630.0	3034.7	-1919.412
AGTGAT	19295.0	8857.8	-1892.111
CCCAAG	16450.0	7418.3	-1890.923
AGTCTC	20188.0	10519.4	-1890.859
GTAGCG	697.0	500.8	-1878.797
CTCAGT	8187.0	6302.6	-1865.431
CAGGCT	45171.0	24436.4	-1853.368
TAGCGG	439.0	407.2	-1823.301
ATCCTC	14446.0	6343.3	-1804.824
GCTCAG	7819.0	5668.6	-1804.155
GAGCCT	4627.0	4192.8	-1767.074
CCCGAG	10868.0	4323.3	-1757.324
TGAGAC	23620.0	11569.3	-1754.107
GACTCA	4229.0	3066.0	-1752.759
TGTAGC	4599.0	3057.9	-1752.347
CCAGGC	42360.0	22986.5	-1733.392
AGCGAT	10822.0	4323.0	-1731.066
CAGTCT	10812.0	6307.1	-1726.405
GGCTCG	1754.0	1131.3	-1723.899
GCCTAC	2177.0	1698.3	-1723.271
GCGTCA	782.0	613.2	-1682.397
ACCTCA	17409.0	9131.3	-1679.533
GCTCAA	12922.0	5514.6	-1678.291
CCTGCC	35199.0	18749.9	-1654.521
TCCCGA	11291.0	4655.7	-1642.815
TCAGGC	8034.0	5706.0	-1641.579
GCGATC	7799.0	3683.7	-1624.901
GGCTGG	42949.0	23617.2	-1623.103
TAACTG	4234.0	2899.9	-1622.352
GTTTTT	39051.0	21213.0	-1615.781
TGCGAC	652.0	435.6	-1611.882
GCGATT	9505.0	3910.7	-1606.716
CCACCT	23120.0	11518.3	-1599.501
CCAAGT	15255.0	6924.9	-1590.287
TGCCAC	9340.0	8059.0	-1589.027
CTCCGG	1787.0	1320.1	-1585.203
CATCCT	6179.0	4907.6	-1583.337
GAGTCG	734.0	654.2	-1580.747
GAGTCT	22234.0	11024.2	-1577.700
CTAAGC	2040.0	1683.2	-1559.306
CCTCAC	5170.0	4774.2	-1546.244
GGATCA	3701.0	2848.0	-1530.502
CTCAAG	17268.0	8187.2	-1513.169
CCTGAG	20345.0	10018.9	-1501.981
CGCAGC	1101.0	1052.0	-1492.980
GAGTGG	4304.0	3649.1	-1488.032
CGATTC	9150.0	3646.4	-1485.308
TGGGAT	29911.0	15853.6	-1483.167
AGTGGC	21457.0	10801.4	-1466.862
CGAGTG	1048.0	849.0	-1465.806
TCAAGT	17307.0	8303.0	-1446.774
TGAGCC	19232.0	10756.5	-1439.883
AAGTGA	18061.0	8770.8	-1430.678
CAAGCA	14120.0	6482.1	-1421.559
AAGCGA	10155.0	4258.7	-1412.538
CGCTGG	1490.0	1344.8	-1406.608
AGCCTA	2989.0	2483.5	-1405.434
GTGCAA	9232.0	5772.6	-1400.141
TGTTTT	44412.0	25119.8	-1399.903
CAGTGC	5355.0	4188.2	-1397.014
TAGCCG	759.0	683.3	-1396.417
GCTCGG	1095.0	990.0	-1387.275
CTCAAC	4982.0	3095.9	-1387.104
TCAGAC	3230.0	2750.2	-1386.691
GTCGCT	1004.0	665.7	-1371.176
CTGCAA	25470.0	13383.9	-1350.857
GGGTTC	18392.0	9106.0	-1339.926
TGCCGC	1167.0	1047.4	-1332.725
TTCGAG	1697.0	1206.3	-1332.256
AGTAAC	3071.0	1912.2	-1331.813
CACCTC	19234.0	9630.4	-1327.644
CCCGGG	8800.0	4775.2	-1325.265
GAGACA	21023.0	10718.6	-1322.462
CCGGAG	1695.0	1191.1	-1320.634
GCTCGA	809.0	609.1	-1314.927
CTTGAG	7182.0	5048.7	-1308.250
GATCCT	10694.0	4701.6	-1275.342
CCGCAG	1168.0	1135.1	-1273.617
TAGCCT	6178.0	3737.2	-1263.838
GCAGCC	11186.0	6003.1	-1258.680
CGCCCA	9554.0	6031.3	-1253.454
TAAGCC	2725.0	2093.3	-1243.207
TAGCTC	5020.0	3285.4	-1243.059
AGTATC	2701.0	1863.0	-1229.806
GGCTCC	4048.0	3924.5	-1211.506
TCGTGC	1822.0	1048.9	-1207.100
CCTACC	4135.0	2676.2	-1206.242
CAAGCG	9857.0	4308.7	-1203.906
GCGTAG	488.0	382.6	-1200.639
GTGATC	20368.0	10541.0	-1196.691
CAAGTG	16876.0	8430.1	-1190.991
GTGTAG	3658.0	2527.0	-1190.869
CCCCAG	7894.0	6281.9	-1182.842
TCAGCG	897.0	747.3	-1179.059
CTCCGC	9448.0	5236.1	-1178.707
CGATTA	616.0	506.8	-1164.678
AGGCTG	43535.0	25256.1	-1160.607
CTCGTG	2976.0	2458.0	-1157.944
ATATAT	12019.0	5600.7	-1157.691
TATATA	10990.0	5011.0	-1152.520
TGGCTC	17664.0	9801.6	-1150.250
GGGTCA	2797.0	2530.7	-1143.478
TGCGAT	3664.0	1774.3	-1135.069
CTGCCA	7101.0	6885.4	-1124.048
GAAGTG	5617.0	4138.1	-1118.915
AGCAAT	12058.0	5681.9	-1111.936
GGGATC	3539.0	2404.0	-1111.853
TCGCTG	2241.0	1423.4	-1111.442
CTCAGG	11315.0	8444.4	-1108.168
GTCTCA	20000.0	10848.3	-1106.670
CTGACT	4920.0	4546.3	-1096.369
TGGCGT	3903.0	2213.9	-1091.931
AAGTGG	4657.0	3652.5	-1090.008
GTAACT	3694.0	2397.8	-1088.509
CAGCCG	1347.0	1210.0	-1087.954
CTGAGC	6184.0	5168.6	-1086.558
AGTGGT	14038.0	6888.6	-1086.462
GTAGCA	2810.0	2082.2	-1078.666
TTGTTT	42372.0	24764.6	-1076.889
GAGTAT	3045.0	2017.3	-1072.817
AGACAG	20628.0	10945.5	-1066.504
CTGCCG	1599.0	1423.6	-1061.036
CTGCGT	1450.0	1356.0	-1057.506
TTAGCC	5453.0	5049.3	-1056.293
AGCCAC	18406.0	9593.6	-1054.721
CGACCT	1979.0	1267.0	-1054.485
GTCTCC	9695.0	6173.4	-1043.992
ACCGCA	2413.0	1481.1	-1039.566
ATTTTT	74614.0	45960.1	-1039.268
CCAGCC	10942.0	9363.1	-1037.807
CAGTCG	803.0	635.6	-1036.950
CTCGAG	1645.0	1068.0	-1032.167
GTCAGC	3151.0	2632.5	-1020.131
CGCAGT	1607.0	1009.5	-1001.540
AGCATC	3046.0	2720.1	-997.426
TGGGAC	15071.0	7654.7	-995.984
CGAGTC	842.0	731.3	-991.688
TCAGTC	5684.0	3991.5	-981.221
CTCCGA	1093.0	870.7	-975.183
GGGTCT	11414.0	5491.4	-972.404
AGCTCG	893.0	784.2	-968.871
TCACGC	3612.0	2709.1	-968.397
GACTCC	3121.0	2995.5	-965.616
CGTCAG	952.0	753.6	-964.342
TGAGTC	4559.0	3664.1	-964.132
TTTTAA	29979.0	17098.8	-963.729
CGTTTT	3012.0	2235.6	-963.287
GGCGTG	9837.0	5493.4	-963.161
GTGCCG	1133.0	904.8	-962.137
CTTAGC	4844.0	3232.8	-955.479
CACAGC	5664.0	4671.7	-953.608
ACCCTC	3573.0	3369.0	-951.357
AGTACC	1982.0	1682.5	-950.086
CCTTAG	4680.0	3068.9	-943.075
GGGATT	27110.0	15318.0	-940.242
TCACGG	1432.0	985.0	-939.779
CTAGGC	5373.0	3035.0	-933.126
TGTCAC	15003.0	7731.2	-925.516
AGCCTT	10190.0	6149.3	-917.421
TGAAGT	6617.0	5009.2	-916.463
GTCTTG	18358.0	9828.0	-916.350
GAGCCA	17903.0	9543.1	-915.566
TGACTC	3706.0	3414.7	-912.575
CTGCGA	948.0	858.8	-911.914
GTCACC	13290.0	6720.4	-904.229
TCCTCC	18080.0	11159.6	-903.341
CTCGCA	903.0	620.6	-902.024
ACTAGC	1477.0	1269.0	-901.375
GTGATT	13737.0	6997.7	-901.180
TTTTTC	40452.0	24088.6	-900.956
ACCTCG	3412.0	2907.4	-898.395
GGATTA	24935.0	14035.9	-896.728
CTCCTA	6674.0	4417.0	-896.005
AGTAGT	4440.0	2909.5	-893.460
CTCACC	7137.0	5387.6	-885.621
GCCGCA	757.0	710.7	-885.035
CCCACG	1423.0	1120.6	-882.468
CAAGCT	8217.0	5725.4	-878.696
CACCCT	5112.0	4328.3	-878.301
AGGGTC	8462.0	3890.0	-873.472
TTCTCC	30778.0	17876.4	-868.855
CTCCAG	7717.0	8207.2	-858.857
TACCTC	4881.0	3184.5	-855.227
GTAGTG	4409.0	2785.3	-846.092
ACTGGA	4828.0	3495.7	-843.489
AATAGC	3844.0	2383.6	-840.799
TCTTGC	16557.0	8863.3	-833.694
GTCTCG	11050.0	6724.2	-833.278
AAGCAA	12148.0	6142.2	-831.655
GCAATC	9423.0	4776.6	-830.638
TTTGTT	42464.0	25664.3	-829.181
GCAGTC	5821.0	2986.0	-829.143
CTCTGT	30593.0	17880.8	-826.382
CCGCCC	3017.0	2875.1	-824.174
GCACTG	4170.0	3477.1	-822.101
TGTCGC	7513.0	3408.8	-817.219
GCCTCT	10565.0	7681.2	-817.029
CTGGAA	9500.0	6340.2	-816.588
TAGTGC	2558.0	2088.8	-805.198
AGCTCA	15578.0	8311.9	-803.120
GCCTTA	4151.0	2642.6	-801.637
TCTGCC	21934.0	13412.6	-801.292
CCTGGG	23051.0	13472.7	-797.043
GGCGCA	3150.0	1849.1	-786.536
CTTGGC	18151.0	9966.4	-785.981
AGAGTA	3681.0	2504.8	-784.409
AGTGCT	17842.0	10138.3	-773.345
TCACCC	13666.0	7357.2	-770.870
CAACGT	826.0	588.0	-769.659
CAGAGT	14794.0	8086.1	-768.217
TCCTGG	23800.0	13637.8	-765.878
TTTTAG	17265.0	16502.7	-765.751
GTGGCA	13572.0	7139.8	-761.383
GCAATT	9796.0	4828.1	-760.447
CGCTCA	1348.0	1059.3	-758.944
CTGGCT	14287.0	10943.0	-758.518
TGGAAT	8749.0	5506.6	-758.017
GCATGA	11276.0	5735.0	-755.511
GTCCTG	4698.0	4275.2	-751.025
TCATCC	4302.0	3550.8	-750.654
TCATGC	5685.0	4050.6	-745.664
CCTCAA	9529.0	6150.4	-744.800
CAACCG	470.0	432.5	-744.270
CAAAGT	17793.0	9853.5	-734.352
GCCTGC	6704.0	6403.3	-734.282
CCTGCG	1293.0	1297.4	-733.783
TCTCGC	8101.0	3860.6	-730.344
ACAGCC	3691.0	3365.5	-729.404
AGCGCA	1072.0	696.0	-727.814
CTCACA	4310.0	4218.1	-727.458
AATCTC	9057.0	6280.4	-722.349
TTATTT	43050.0	26463.6	-722.285
CACCGC	4135.0	2886.6	-720.685
TCGCAC	746.0	530.0	-720.223
TGTTGC	18135.0	10105.6	-719.305
AAGTGC	16198.0	8873.8	-718.846
TTTTGG	21084.0	12015.1	-713.880
GATCAC	4435.0	3184.2	-710.972
AAGCCT	3910.0	3754.7	-705.009
CTAGCT	3372.0	3003.7	-703.656
CCTAGG	5851.0	3652.4	-703.266
TGCAAT	10641.0	6929.3	-702.743
CGTCCC	943.0	856.4	-701.375
TCTCAC	15672.0	8578.1	-700.399
GTTGCC	15660.0	8577.6	-697.095
GCCCAA	3517.0	2779.7	-696.264
ACTCAG	4832.0	4299.3	-693.216
TTTTTA	51092.0	31973.0	-692.712
TGATTC	12224.0	6427.3	-692.234
ATCAGC	2801.0	2570.3	-691.617
AGCCTG	8125.0	7719.2	-690.619
TACTGC	4300.0	2820.0	-689.248
TGCATC	3595.0	3324.9	-687.638
GTCGCA	482.0	374.0	-683.005
TTTTAT	32819.0	19817.4	-679.023
GTCGCC	7166.0	3439.6	-678.485
GTACCT	2750.0	2022.6	-678.461
GCGCAG	1691.0	1079.0	-678.093
GACTAG	1872.0	1383.0	-677.765
CTCATG	6043.0	4754.4	-677.667
TGGGGT	9349.0	7462.0	-674.301
CCCAGC	14893.0	12804.7	-674.038
CTCGCG	363.0	401.2	-673.430
ATCCTG	4739.0	4193.7	-672.249
TAGGCT	6094.0	3568.7	-670.042
GCTGTG	8147.0	6612.4	-665.662
AAAGTG	18042.0	10172.2	-665.132
CTACCT	5348.0	3548.1	-663.721
CCTCGC	1556.0	1320.9	-660.817
CCCCGG	1672.0	1322.0	-658.767
CCGGGC	2929.0	1841.0	-658.242
GTGGCT	8020.0	6313.3	-655.691
CTGGGC	14652.0	9246.4	-655.271
CAGTAG	5195.0	3544.7	-653.763
GCCTGA	4845.0	4267.4	-652.347
AATGCA	5225.0	3741.5	-646.958
GCCCAG	28960.0	17371.8	-645.782
ATAGCT	6510.0	3513.6	-644.298
CGAAGT	1187.0	822.6	-641.434
CGCGAT	2629.0	1833.1	-639.775
GGAGTC	13139.0	7245.6	-637.205
TCCCAC	11492.0	6076.5	-634.883
GCCTAA	2399.0	1843.3	-629.357
AGTTGC	3185.0	2557.0	-627.863
ACTGGG	5500.0	4219.6	-623.351
TCTGTC	22698.0	13318.4	-620.896
AGAGTC	10544.0	5512.8	-620.836
GGTGCA	7719.0	4716.1	-619.563
GTTTTG	20183.0	12423.6	-619.341
CGCACT	838.0	566.7	-614.068
ATCTTG	13255.0	7232.2	-611.137
GCGTGA	8434.0	4233.5	-609.360
GGGCTC	10918.0	5768.1	-607.108
ACTGCC	3696.0	3389.9	-606.833
GATTAC	22193.0	13032.4	-605.139
TATTTT	50984.0	32318.3	-605.013
CCAAGG	4098.0	3729.7	-604.144
CTGTCG	6858.0	3293.8	-603.594
TCCTGA	24301.0	14429.3	-601.912
TGCGTC	906.0	775.9	-596.756
TCTTTT	45505.0	28653.6	-596.629
CTGGGT	15089.0	9454.5	-595.461
TTATTG	6668.0	5749.3	-594.637
GACTGC	3234.0	2734.0	-591.119
GAGTGA	4184.0	3762.6	-587.434
TTGGGA	9495.0	6722.7	-585.427
CTACTG	3319.0	2854.7	-582.219
ATTAGC	2333.0	2817.8	-582.111
ACAGTG	7726.0	5168.2	-582.084
CGCAAG	555.0	460.5	-580.105
TCACCG	2345.0	2000.1	-578.613
GCTGGC	4962.0	4283.6	-577.839
CTCGCT	8149.0	4109.9	-577.456
CACTGG	4589.0	3965.7	-576.257
CCCAAA	17657.0	10148.6	-574.647
CCGAGG	1828.0	1548.1	-574.418
CGCCTG	5482.0	4570.8	-571.734
ATTGCA	5660.0	4314.7	-571.506
CGGTTC	1186.0	844.1	-569.402
GTGGAG	6371.0	4848.3	-566.576
CACCTG	10453.0	8347.0	-565.453
TGCAGC	12126.0	6611.2	-565.060
GCCGGA	1133.0	763.7	-560.808
TAGTAG	8283.0	9306.8	-560.125
CCAAAG	16787.0	9623.9	-558.757
AGTGCG	1704.0	901.9	-557.341
TTTTCG	2438.0	1635.8	-557.108
TGATAC	2528.0	1800.7	-550.695
GCGGGG	1647.0	1388.8	-545.652
CAGCCA	6172.0	5543.6	-545.580
TCGCGC	404.0	436.9	-542.424
CGGGTT	7838.0	3974.1	-542.293
AAGCTG	5892.0	4571.0	-542.113
GCCGTG	1676.0	1135.8	-541.611
TTTTGC	15611.0	10896.4	-540.765
ACGTAG	662.0	552.8	-539.170
GGCTTA	4551.0	2930.5	-535.283
GCATCA	2694.0	2318.6	-534.926
CTGTCA	14223.0	8021.0	-534.639
TTGCCC	17538.0	10176.5	-534.536
TTGAGT	6698.0	4719.0	-534.401
CCACCC	7413.0	6342.6	-534.276
CAATTC	9108.0	4773.3	-533.468
AGTCGT	680.0	514.9	-533.212
TCCCGG	8405.0	4530.1	-532.279
CCACAG	6103.0	5129.1	-530.364
GCTTGA	4105.0	3587.6	-528.385
ATACTC	2001.0	1604.8	-527.938
GATTAT	6385.0	3885.7	-527.823
AGTTCA	6368.0	4779.0	-527.082
GACGGA	6674.0	3291.0	-526.541
TCCCAG	19115.0	12286.5	-526.058
CGGGCT	2523.0	1390.4	-525.659
GGTAGC	2767.0	1866.9	-521.643
CCAAGC	4474.0	3657.7	-521.152
ACTGCG	2316.0	1531.5	-520.853
GTGGGA	4870.0	4263.9	-520.646
CCTGGC	18314.0	12807.1	-519.080
GTAACC	2367.0	1535.2	-519.001
CTGAGA	8414.0	6642.5	-518.916
AGCCCC	3950.0	3722.4	-515.047
TGGAGC	4770.0	4000.4	-514.494
ACGGCA	744.0	682.1	-513.898
GCCCCC	3828.0	3284.1	-513.220
TTGTTG	13842.0	9858.3	-512.451
GCTCCC	3784.0	4123.0	-511.878
ACGGAG	6842.0	3421.9	-507.717
TTGGAG	9208.0	5850.9	-507.544
TTTATT	40283.0	25528.2	-507.479
GCGACC	650.0	515.0	-507.177
TCTCCT	31268.0	19420.4	-506.485
AGTCTT	13682.0	7740.7	-505.695
CGTGGC	1579.0	1213.7	-503.350
GCAGGG	5139.0	4415.2	-502.614
GTGCGG	1706.0	1025.1	-501.910
AGCGGG	880.0	807.7	-500.259
TGGACT	4522.0	3710.9	-499.862
AGTGCC	3693.0	3239.2	-498.716
CCGGGT	7811.0	4032.2	-496.605
AATTCT	12987.0	7313.2	-495.740
ACCGAG	1016.0	847.1	-493.970
CCGCGT	458.0	435.5	-487.393
CACTGT	11497.0	6693.1	-485.489
CTCGGA	826.0	833.6	-485.226
GGCTTG	4990.0	3768.4	-484.302
GGCATG	14792.0	8517.8	-482.800
GCGGTG	2048.0	1480.1	-480.174
GTCGTG	847.0	659.6	-479.538
TGAAAC	4972.0	3775.7	-476.704
CACGCT	1386.0	1246.8	-472.656
GTGCTG	17633.0	10418.0	-470.656
ATTACA	24121.0	14749.3	-468.585
TGTGAC	4087.0	3310.0	-467.035
TGGGCT	13493.0	7713.9	-465.889
AGTGTT	7527.0	5182.5	-464.770
GCAAGC	5148.0	3773.6	-464.632
GACCTC	9663.0	7668.5	-461.852
CCTCAT	4781.0	4977.8	-461.632
TCCCGC	2115.0	1703.7	-459.620
TGCTGG	19601.0	12194.7	-459.545
TCTCAG	16847.0	10544.3	-459.171
GAGTCA	3588.0	3082.7	-458.785
AGGTTC	9738.0	5314.9	-457.443
CAGGGT	12071.0	7254.7	-456.890
CAGTGT	6453.0	5127.5	-455.001
TTGAGC	4954.0	3958.0	-452.883
CGCGTA	134.0	125.9	-452.527
TTTAGA	7693.0	5716.2	-451.463
GATTTT	15606.0	10476.5	-450.575
CTTTTG	13045.0	10294.1	-448.572
CTCTGC	17740.0	11956.7	-447.424
CAATCT	9824.0	6080.2	-445.493
TTAGCT	4421.0	4244.2	-445.469
TCTTGG	15525.0	9101.6	-444.140
GGTACA	2374.0	1805.6	-443.664
TGGAAC	4129.0	3061.4	-441.899
TTGTGA	6346.0	5384.6	-439.794
TTTTGT	50178.0	32663.6	-439.002
TTAAAG	6298.0	4617.7	-437.911
CCTCCA	12796.0	8725.4	-437.190
TGGCGC	5774.0	3505.7	-435.710
CAGCTT	8736.0	6449.1	-434.858
AAGTAA	4429.0	2977.8	-428.686
GATCTT	10478.0	5853.7	-426.889
GCCGGG	2313.0	1891.8	-425.833
TTGCGA	574.0	549.3	-422.053
GTCCCA	3321.0	3431.1	-420.202
TGGCAC	10416.0	5978.4	-418.533
AGTGTC	3973.0	3253.5	-417.942
ACTACA	9882.0	6980.3	-417.101
GCTAGG	4843.0	2786.5	-416.995
ACTTTT	17695.0	10632.2	-413.276
CTGGCA	5128.0	4431.3	-412.966
GTTCGA	966.0	738.8	-411.977
GTCGCG	289.0	179.0	-411.543
CTCGGT	1281.0	1058.1	-410.925
TTTAAG	9697.0	6176.6	-410.038
TAGAGT	5492.0	3458.0	-408.125
CAAACT	7429.0	5532.5	-400.447
AGCTTC	6470.0	4727.2	-399.086
TGATTA	4013.0	3145.4	-396.121
GTGGTG	14672.0	8678.8	-394.716
TCTTGA	10798.0	7875.2	-393.088
ACTGTA	5724.0	3456.7	-392.135
CTGGCG	1224.0	1182.8	-391.798
TGATCC	12944.0	7547.2	-391.131
GCTTAC	3720.0	2003.2	-390.892
CACCCA	16890.0	10170.5	-389.270
TGCCTA	4601.0	3644.9	-387.002
GCCACA	4022.0	3650.2	-385.980
TCGCCC	7239.0	3874.2	-384.550
TCCGAA	671.0	551.6	-384.091
TCGCAA	470.0	405.4	-383.277
GCGGGA	1154.0	990.3	-382.716
TGATCT	16495.0	9928.5	-382.338
CTGGGG	7190.0	6025.4	-380.891
AATTTT	35991.0	24218.3	-378.926
TGGGTT	15047.0	8976.6	-377.958
GAGCAG	4838.0	4145.0	-377.823
CGATCC	2410.0	1045.9	-376.106
TGTAAC	3612.0	2432.6	-376.040
TGGCTG	8694.0	7436.4	-374.971
GTGGCG	7781.0	4236.3	-374.778
ACCTGG	7922.0	6099.8	-372.006
CCAGGT	13282.0	7824.3	-371.309
CAGGTT	12953.0	7608.3	-370.380
ATTATT	12986.0	8691.3	-368.760
TCGCCT	2088.0	1337.0	-368.485
GTGCGA	3320.0	1509.7	-368.157
GATCAA	1820.0	1610.1	-367.719
GTTCAG	4551.0	3489.7	-367.470
CTCCAA	4096.0	3944.6	-364.981
CTACCG	678.0	445.1	-363.912
GAGTAA	3000.0	2057.1	-363.529
GGATTC	3969.0	3293.2	-363.262
GGGAGT	3783.0	3247.1	-358.741
CACGGC	1510.0	1143.2	-355.031
TGGTGC	10121.0	5789.5	-354.757
ATCTCG	10045.0	5739.2	-354.709
TGGCAT	9036.0	5582.6	-353.695
TGCCGT	1414.0	1059.5	-353.326
AGTGGA	4857.0	3810.0	-352.201
ACGATC	3625.0	1707.3	-351.834
CAGGCG	8885.0	6271.7	-351.636
TAGCTA	4554.0	2877.1	-351.397
GCAATG	6454.0	4647.2	-351.130
AACTGG	3946.0	3225.4	-350.871
ACCCAG	16123.0	9781.7	-350.401
TCTGGG	7954.0	6588.2	-349.457
GGTCAC	2606.0	2279.2	-349.158
AGAGTG	6885.0	4634.0	-347.199
CTGCAG	14676.0	9094.8	-347.045
CTGTAG	5561.0	4475.3	-345.819
CGGGGT	3503.0	3415.5	-345.538
ATTTTG	16445.0	11860.2	-344.451
GACAGA	11584.0	6777.4	-344.012
GGCCCA	4857.0	3716.0	-343.594
TGCCCA	21589.0	13508.6	-342.722
CTCAAT	3209.0	3220.5	-339.190
CCCAGT	6051.0	5134.4	-337.289
AACGTC	634.0	427.5	-337.287
CTTGCT	15415.0	9349.3	-337.106
CGGCTC	10187.0	5952.7	-334.520
GCGCAC	860.0	770.0	-334.125
GGTGTG	13442.0	8040.5	-333.484
GTTATT	5311.0	4596.5	-332.839
ATTGTT	7281.0	5384.6	-332.188
AGCGGT	877.0	667.3	-331.915
GCTAGA	4097.0	2350.0	-330.865
AGTAAT	3985.0	2719.2	-329.581
TCGGCT	10217.0	5915.8	-329.457
AGCAGC	4735.0	4323.0	-329.128
GCTCTG	18937.0	11760.2	-327.974
CCGAAG	976.0	744.3	-326.068
TCTCGG	10496.0	6108.1	-325.577
GCGTGC	1577.0	1355.3	-325.270
AGCCAT	5862.0	4183.4	-325.257
CGTGAG	6115.0	3281.4	-322.512
CGGATT	1010.0	665.4	-322.452
GGTTCG	740.0	584.2	-321.361
GCAGCG	1338.0	1094.6	-320.383
GGGGTC	4422.0	2931.6	-318.824
TTTATG	7604.0	6175.7	-318.428
TACAGT	6395.0	3990.0	-317.518
TCTCCC	11855.0	9766.0	-317.468
CCGGCT	3605.0	3968.2	-317.232
CGTGAT	4592.0	3171.7	-314.850
TAAAGT	4878.0	3872.4	-314.510
CTGTTG	13232.0	7957.8	-314.467
CTAACT	2780.0	2564.8	-313.477
CTTGGA	4536.0	4037.5	-309.883
CAGCAT	4694.0	4168.6	-309.297
GAGTCC	2520.0	2414.0	-309.056
GTGTGA	11781.0	7012.9	-306.899
GCTTGG	4209.0	3770.3	-306.264
CGTGCC	3995.0	2642.1	-306.207
CGATCT	9429.0	5542.4	-306.129
ATCTCA	13459.0	8141.6	-304.556
CTCTTG	11884.0	8534.2	-303.348
CGCAAT	2038.0	1191.4	-302.270
TCAGCT	14780.0	9038.7	-302.230
TCGCTC	7122.0	3965.7	-302.025
GTGAGC	12941.0	7807.1	-300.215
GAATCT	4197.0	3309.4	-300.096
AGTAGA	7818.0	9660.2	-299.497
TAGATG	3009.0	2577.2	-297.010
CTAAGT	3412.0	2447.4	-296.856
TCACAG	6010.0	4824.0	-294.902
CTCCCT	10017.0	10860.3	-294.856
TTACAG	24165.0	15479.5	-294.632
AATCTT	8061.0	5035.7	-292.806
TTGCTC	14179.0	8666.8	-291.909
TAGGTG	3964.0	2928.0	-291.719
TTTAAA	19196.0	12082.5	-290.718
ACCTCT	13063.0	7919.2	-290.691
GATTAG	2027.0	1805.9	-289.662
CTGCTG	8103.0	8192.5	-289.567
GCCTTG	10341.0	6105.7	-288.946
GCTGCG	1183.0	1195.3	-287.410
CTTGCC	7047.0	5067.8	-287.163
GTGTTG	8243.0	4981.8	-286.907
AGTGTA	4102.0	2801.2	-285.737
GTAGGT	2603.0	2380.3	-285.411
AGGGAT	4143.0	3383.5	-285.279
GCGCAA	2075.0	1177.7	-285.205
GCTGAG	8302.0	7371.2	-284.474
GCTGCA	5599.0	5224.5	-283.656
GCTGGT	12087.0	9838.9	-283.153
GTTCAC	6306.0	4358.5	-282.910
TCCACC	14071.0	8626.9	-282.281
CCGGGA	1312.0	1335.3	-281.615
GCAGTA	3358.0	2410.8	-279.201
ATGCTC	2519.0	2650.6	-278.615
GCTTCA	5760.0	4179.0	-278.140
ATATTT	14800.0	9798.1	-276.461
CTCAGA	4909.0	5020.9	-275.465
GTAGAT	2521.0	2395.8	-274.380
TAGCTT	4477.0	3682.1	-271.935
TTCAGC	7216.0	5265.3	-271.296
CATCAG	3438.0	3339.1	-269.665
ATTCTT	12979.0	8339.4	-268.556
AACCTT	4966.0	3473.5	-267.915
ATGAGC	7443.0	4252.4	-267.495
GAGACT	5085.0	4116.4	-266.682
TCCAGC	5522.0	6713.4	-266.480
CAGCCC	5459.0	5217.4	-266.429
GACAGG	10686.0	6401.1	-266.275
ATGATC	7669.0	4403.2	-266.108
AGGAGT	5467.0	4737.6	-264.441
CCACGT	1884.0	1445.0	-263.362
GATCTC	15981.0	9997.1	-262.340
AGGCTT	5411.0	4383.4	-262.117
GGTGGG	6344.0	5463.0	-262.015
AGTGAA	4307.0	3704.0	-261.346
AGCCGG	1242.0	1198.3	-261.111
AGGCGT	6850.0	3885.1	-259.060
GCCCAC	5109.0	4619.6	-256.882
ACAGGC	20222.0	14188.0	-256.447
CAATGC	1918.0	2071.2	-255.198
TTGAAA	8038.0	5419.0	-254.820
GTACAA	2474.0	1722.2	-254.145
CCAGGG	5593.0	5006.4	-253.026
AACTGC	3259.0	2749.8	-252.736
AAGTAC	2644.0	1803.2	-252.448
ACGCGA	210.0	175.7	-250.819
TGAGAT	13389.0	8656.1	-250.551
GGCTGA	7020.0	6041.6	-250.207
GGGACT	11464.0	6974.4	-249.873
AGTTTT	16423.0	11861.1	-249.195
ATCTGG	4466.0	3635.0	-248.710
TTAAGA	6118.0	3809.6	-247.973
GTCACT	4733.0	3503.3	-246.634
AGCAGT	7627.0	4424.1	-246.586
GTGATG	4426.0	4095.5	-244.024
TTAAGC	3563.0	2398.6	-243.560
CCCACC	14340.0	8951.8	-242.653
CCCGGC	6299.0	5494.2	-239.030
ACACTG	3828.0	3570.7	-238.306
GCGATA	389.0	289.9	-237.753
TTTGAT	8294.0	7270.7	-235.581
AGCAAC	2302.0	2115.7	-235.261
ATTATC	2958.0	2534.4	-234.098
ATCCCA	4442.0	4873.5	-233.275
CAACCA	2415.0	2344.7	-231.265
TCAGTG	5781.0	5229.5	-230.851
GAGCTG	4909.0	5095.9	-230.282
CGCAGG	1011.0	981.1	-229.786
GATACT	2388.0	1697.1	-229.481
TGTGAT	9454.0	6706.0	-229.311
TGTAGT	5939.0	4665.2	-229.278
GGAATG	5124.0	3741.9	-229.105
TAAGTA	3691.0	2465.3	-228.997
TATTAT	9759.0	6606.6	-228.906
TGGTAC	2699.0	2114.4	-228.294
CGTGCA	1262.0	1044.6	-228.281
TTGGCT	15467.0	9783.8	-227.642
CACGAT	3618.0	1883.6	-227.349
AGGCAT	11510.0	7081.9	-227.329
GTTAAA	3625.0	2684.5	-226.658
CTGCAT	5075.0	4955.3	-226.444
CTTCAG	7869.0	6289.9	-226.413
TGCGGT	1776.0	1096.0	-224.532
ACAAGT	3197.0	2502.1	-223.567
AGACTG	6030.0	4299.3	-220.008
GCCTTC	7173.0	5333.4	-219.770
GCACGA	3406.0	1764.5	-219.423
CACACT	3975.0	3715.6	-218.847
AGTCAC	3513.0	2830.9	-217.605
TCTCAA	8959.0	7458.8	-217.300
TTCTTG	10153.0	8241.4	-215.534
CTACCA	3385.0	2624.8	-214.905
GGGGTG	4695.0	4010.5	-214.703
CTTACT	6602.0	3835.1	-213.037
TCGGAT	532.0	444.4	-212.755
TACAGG	26802.0	17751.5	-211.199
TTCTTT	43792.0	31798.6	-209.936
TCCGGC	979.0	926.2	-209.170
GAATAG	3233.0	2470.7	-209.154
CGCGAG	290.0	334.9	-208.393
AGCTAG	4090.0	2608.6	-208.023
CCGTGG	1520.0	1203.0	-208.008
AACCGC	440.0	427.1	-205.917
CGATAC	272.0	203.9	-205.915
GACTCT	3340.0	3237.9	-205.653
TCCAAG	4025.0	3715.8	-202.911
GGCGGG	2249.0	2034.0	-202.745
TCCGGG	1464.0	1064.3	-202.629
GAGTTC	4844.0	4181.9	-202.357
TCTAGC	2592.0	2243.5	-201.261
CGGTCT	1382.0	886.2	-198.449
GTGACC	2922.0	2481.0	-198.313
TACTGG	3414.0	2627.3	-197.356
CCAGAG	6267.0	5305.7	-196.352
GGGTAG	2495.0	1959.8	-196.140
TTTCTT	42754.0	32193.5	-195.145
ACTGAA	4312.0	3637.3	-194.960
TGCAAG	6004.0	4745.1	-194.822
GCTCGC	1215.0	884.5	-194.749
CATGAG	8102.0	4885.4	-194.627
TATTGA	4076.0	3680.5	-194.611
GTAGTT	4450.0	3642.4	-194.551
GGCGTA	652.0	373.9	-194.234
ACCGCC	730.0	779.8	-192.323
TTAGAG	4902.0	3712.2	-191.598
GCAAGT	2556.0	2373.9	-191.092
TCAAGG	4008.0	3286.0	-190.200
TGTTAT	5273.0	4384.7	-189.602
AGGTGT	9765.0	6026.3	-189.393
TTTGAA	10933.0	7579.2	-189.347
ACGTGA	1275.0	920.5	-187.134
CCCCTG	5639.0	4890.8	-186.089
TCTGGC	6078.0	5040.1	-186.074
GAGCGA	896.0	889.2	-185.962
GCAGCT	5251.0	4701.0	-185.836
TTTCGA	1315.0	938.7	-185.528
TTAAAA	13776.0	8795.5	-185.107
GTTGCT	5335.0	4212.0	-184.705
CCTCTG	17472.0	11366.4	-184.262
TTATAT	7514.0	5220.3	-183.846
TGGCCT	15131.0	9749.2	-181.493
TGTTGT	11272.0	7845.9	-180.955
ATTTTA	18850.0	12401.8	-180.665
CCACCG	5057.0	3211.2	-180.289
TGCTGC	6353.0	6191.2	-180.285
TTTTCT	42019.0	29449.4	-180.244
AGTCAT	4047.0	3199.4	-179.056
ACTCTG	12650.0	8043.8	-179.041
GAGCGC	993.0	837.5	-178.987
TGACAC	2790.0	2396.6	-178.479
GGATTG	3566.0	2960.3	-178.447
CTTGTT	9339.0	7232.1	-177.329
GGGTGC	3218.0	2804.1	-175.038
GGCACA	7629.0	4958.8	-174.376
ACGCTG	1072.0	1038.2	-174.137
CCCCCA	5647.0	4676.9	-173.373
TTTGGG	10518.0	8076.1	-173.336
GATTCA	4235.0	3430.4	-173.203
CCCTCC	6753.0	8538.5	-172.976
GTCAAG	2252.0	1974.4	-172.564
GGTTCT	4071.0	3580.6	-172.458
ATCAAG	2481.0	2209.6	-172.174
TCCTAA	4494.0	3460.0	-171.334
CGGACT	670.0	593.7	-171.281
CATCCC	3150.0	3459.0	-170.884
TATTTG	7965.0	7024.8	-170.683
CACAGG	5508.0	4721.3	-169.384
AGCTTG	3669.0	3447.6	-169.078
ATTATA	7092.0	4344.7	-168.938
TGGTTC	4956.0	4094.9	-168.722
GCTTCC	7534.0	5843.9	-166.844
CGGGTC	735.0	610.4	-166.333
GGACTA	9130.0	5789.5	-165.325
TATTCT	7094.0	5890.6	-165.028
GTACAG	4763.0	3093.0	-164.505
TCGACC	1272.0	597.9	-163.322
GGACTG	3730.0	3012.9	-163.301
CCCTGG	6972.0	6064.0	-163.035
CGCTCT	6762.0	4082.0	-162.816
TTCAAC	3044.0	2798.2	-162.697
GCTGAA	4813.0	3820.3	-162.444
GGCTAG	4834.0	2861.3	-162.293
CCTGAC	7743.0	7956.0	-162.040
ATCATA	4410.0	2520.0	-162.014
ACAGGG	10091.0	6350.7	-161.782
AAGTGT	5950.0	4494.2	-160.747
TATATT	9096.0	6030.3	-160.510
GTTTTA	9445.0	7605.6	-159.693
CGGGGA	979.0	1022.3	-159.668
AACGAT	933.0	524.7	-159.596
TTTGTG	12095.0	9345.7	-159.462
ATGCAA	3007.0	2649.6	-159.432
TTTATA	9597.0	7266.8	-158.953
TCCTCA	5634.0	6000.4	-158.279
GTTGGA	4562.0	3371.9	-157.697
TGGATT	6543.0	5399.8	-156.171
TATTGT	5586.0	4442.5	-155.918
CTGGAC	3973.0	3419.7	-155.666
AGTACA	4986.0	2965.1	-155.476
TCGTGG	1160.0	1016.6	-155.295
GGAGAC	5475.0	3241.1	-155.186
GTTGCG	567.0	523.0	-154.958
GGTGCG	3817.0	2151.6	-154.127
CACAGT	5628.0	4340.3	-153.874
GGAATA	3034.0	2411.4	-153.830
CATTTT	20765.0	14070.5	-152.749
GCTGCC	4891.0	4860.5	-151.876
CTGAAG	6120.0	4948.1	-150.970
CGGGAT	1163.0	953.6	-149.662
GGCTAA	8483.0	7904.8	-149.538
CTGGTA	3149.0	2890.6	-148.832
TCGAGC	802.0	597.1	-148.167
CGAGCA	835.0	637.5	-146.656
TCTTGT	10827.0	7984.1	-146.493
TCCTAC	3622.0	2609.7	-146.269
GAAGCT	3722.0	3879.6	-144.811
AGTCTG	5494.0	4328.8	-143.805
TGCCCC	4296.0	4116.2	-143.801
ACAGAG	12397.0	8024.5	-143.443
CTAGGA	5167.0	3380.1	-143.394
CAAGTC	2593.0	2540.2	-143.109
CGGCGT	340.0	357.1	-142.666
GAACCT	2490.0	2360.9	-142.544
AACCAC	3284.0	2561.7	-142.261
TCACTC	13000.0	8452.1	-141.933
CGAGAC	1609.0	1190.4	-141.925
ACAGGT	11412.0	7347.2	-141.504
GGTGGA	4701.0	4132.0	-141.264
AGCTGA	6197.0	4942.0	-141.179
TGCGTA	519.0	466.4	-141.177
TGCTCA	6733.0	5411.7	-140.913
AAAGTA	4578.0	3431.0	-140.913
GGTCTT	11012.0	7075.0	-140.542
CTCGAC	1635.0	799.9	-140.515
TTATGA	3933.0	3295.6	-139.931
ATTCTA	3580.0	3354.4	-139.312
GCGCGA	2600.0	1858.2	-139.156
CAATCG	410.0	334.6	-138.986
GTAATC	3808.0	3373.9	-138.222
TGCAGG	5426.0	5091.2	-138.202
TGTTGA	5997.0	5154.4	-137.352
GACTGG	4822.0	3501.9	-136.998
TTACTG	6549.0	4469.4	-136.785
AAATTT	13706.0	8975.9	-136.234
GCAACG	611.0	491.6	-134.984
GATCAT	4836.0	2871.4	-134.892
CGCAAC	1037.0	754.8	-134.196
CTTATT	6865.0	5529.0	-133.859
TGGAGA	8842.0	5791.3	-133.819
GGAGCG	1327.0	951.6	-133.263
GCCGAG	1730.0	1791.6	-133.260
TACCTG	4155.0	3209.1	-132.411
GTGCTC	3000.0	3093.1	-131.202
ATTTTC	13625.0	10814.9	-130.345
CCACTG	11079.0	7549.2	-129.492
GTGATA	2617.0	2191.5	-128.800
GTTGTT	9416.0	6961.6	-128.747
TCTGAG	6701.0	5897.0	-128.513
ATGTTT	10426.0	7777.6	-127.915
TTGCCT	10043.0	7614.8	-127.601
ATTTAT	17100.0	12637.1	-127.149
CGATCA	1068.0	481.1	-126.089
CTAAAG	3151.0	2550.7	-126.072
AATTAT	6357.0	4535.5	-125.734
CCCCCG	1755.0	1325.5	-125.652
GTGTCG	1083.0	638.4	-125.109
CAAGTT	4353.0	3630.3	-125.075
TTGTTA	6042.0	4906.9	-124.832
GCAGGC	4290.0	3881.9	-124.740
AGCTGT	5208.0	4730.5	-124.668
CGAGGC	1563.0	1311.1	-123.924
ATGCCT	8468.0	6656.3	-123.830
TCCAGG	7837.0	6275.9	-123.791
CATAGC	3998.0	2343.6	-123.525
AGCGAC	506.0	480.1	-123.322
TAGTTG	3969.0	2813.2	-123.256
CGCTGT	1814.0	1295.5	-123.040
TACAAG	3262.0	2493.4	-122.728
TTTTAC	9686.0	6653.7	-121.976
CATAGT	3206.0	2521.8	-121.705
TGGGTC	3387.0	3295.4	-121.569
CACGTA	766.0	658.9	-121.549
CCAGTG	5044.0	4561.0	-121.040
TACCGG	406.0	418.1	-120.919
TATGTT	7775.0	6026.8	-119.374
GTGGCC	4660.0	3599.1	-119.309
CCGGGG	1345.0	1117.4	-119.059
TACCGA	357.0	337.3	-118.789
AGTAGG	2901.0	2436.7	-118.698
GTTGGG	6045.0	3964.8	-118.531
GAGTGT	5308.0	3726.5	-117.497
GTCTTA	4307.0	2748.9	-117.454
TTGCGC	672.0	566.8	-117.086
TCCGGA	1046.0	789.3	-116.508
TGATTT	12389.0	9812.2	-116.118
AAGTAT	3881.0	2827.0	-115.815
TTGAAG	5652.0	4281.3	-115.811
TTGGTT	8407.0	7079.4	-115.525
CCCCAA	3737.0	3640.7	-114.934
TAACCT	4032.0	2758.3	-114.923
CGGTGG	2116.0	1537.2	-114.678
CACTCT	12358.0	8141.2	-114.528
TTTGGA	10562.0	6886.7	-113.364
CGCCCG	3356.0	3781.4	-113.012
GCGTAC	278.0	227.7	-112.844
ATCTTA	3811.0	2675.1	-112.633
TATGAG	2802.0	2452.9	-111.709
GATTGC	3061.0	2846.0	-111.706
CCCTAG	3038.0	2379.8	-111.275
CTGTGA	5971.0	5414.8	-110.855
GGAGCT	3840.0	4231.0	-110.206
AACCTA	1913.0	1583.6	-109.181
GGCGTC	772.0	758.1	-108.568
CAGGCA	15229.0	11073.2	-107.842
TATAGG	4970.0	3044.1	-107.189
TTGATT	7632.0	6833.9	-106.853
CGAATA	700.0	471.6	-106.843
TAAGAC	2608.0	1781.3	-106.318
TCAGCA	4443.0	4633.3	-106.110
AATATT	8368.0	6133.5	-105.367
GCTAAC	1628.0	1460.2	-105.164
GTCACG	869.0	694.8	-104.340
TTATAA	5116.0	4191.0	-103.414
CACGGT	1196.0	1055.0	-103.120
ACAAGC	2584.0	2301.2	-102.943
ACCACC	6809.0	5739.9	-102.534
GCCTGG	15427.0	12094.3	-102.494
CCCATG	3980.0	3536.5	-102.401
AGGCTA	4915.0	3069.4	-102.391
CCTTGA	6730.0	4268.4	-102.352
TGGGCC	4438.0	3866.0	-102.143
TGGCCC	5423.0	4208.4	-101.691
ACAATC	4754.0	2920.0	-100.431
ACTTCA	4970.0	3755.0	-100.248
TTGCAG	6249.0	5805.1	-100.209
ATCCGC	2380.0	2084.0	-100.016
AAGCTC	5981.0	5000.4	-99.646
CAGGTG	16397.0	11091.8	-99.628
TAATTT	25547.0	19822.0	-99.563
GGCTCT	5070.0	4863.1	-99.159
CAGGAT	5435.0	5413.1	-98.996
TCACAC	4077.0	3658.3	-97.837
TGATCA	5455.0	3408.2	-97.603
ACGATT	1044.0	651.6	-97.555
GACTAC	7515.0	5362.1	-97.413
AGGTGG	6411.0	5215.3	-97.132
GCCTAG	4251.0	3078.0	-96.936
GTGCAC	4014.0	3086.7	-96.130
TCGAGA	1415.0	1062.2	-96.013
TTGCTG	8950.0	7538.9	-95.662
TCGCGG	286.0	276.7	-95.160
GCGTCT	1010.0	909.2	-94.679
CCCGAA	1155.0	845.3	-94.582
GGGCTG	6522.0	5468.9	-94.497
GCGACT	511.0	457.5	-93.877
GCCACT	9577.0	6297.9	-92.833
GGTCAA	1892.0	1795.4	-92.475
TGGTGT	9224.0	6352.0	-92.194
TCAATC	2211.0	2321.1	-91.804
GTATTT	16059.0	15227.7	-91.372
GAGGCT	5679.0	5772.7	-91.200
TCAAGA	4373.0	3606.7	-91.034
CATGCT	4841.0	4333.0	-90.845
TGACTA	2453.0	2030.5	-90.813
CCTTTT	17940.0	12256.8	-90.795
GCAACT	3211.0	2465.7	-90.724
ATGGAG	10095.0	6795.6	-90.696
GGACTC	3056.0	2612.5	-90.493
TGAGAA	5675.0	5253.6	-90.483
CGATCG	194.0	126.1	-90.420
GAGATT	6081.0	4534.7	-89.617
CCGCCG	669.0	637.6	-89.145
ATGCAG	5093.0	4073.2	-89.059
AAGCAG	7097.0	4582.1	-88.153
AGTGAC	3917.0	2940.0	-88.071
CTTCAA	4117.0	3721.0	-87.680
CCTCGA	2029.0	1137.3	-87.317
TATTTA	15929.0	11421.7	-86.379
CCGCAA	1170.0	937.3	-85.242
AAGTCT	4713.0	3966.6	-84.947
GGTCTC	14951.0	10176.6	-82.541
GGCACG	4401.0	2741.1	-81.967
CTTTTA	10191.0	8123.5	-81.219
TTGTTC	6328.0	5765.4	-81.202
TGAAGC	3919.0	3567.6	-80.916
GTGAGA	4375.0	4343.1	-80.786
TCGGTC	704.0	585.4	-80.196
GCATTA	2426.0	2116.2	-80.189
GCATTG	3116.0	2619.0	-78.854
CCGATT	607.0	583.7	-78.606
CGACTA	361.0	302.2	-78.258
GCTTTT	13141.0	10113.1	-78.127
ATGGGA	3827.0	3540.1	-77.664
TAGCAG	3080.0	2768.6	-77.340
GAGTTG	3699.0	3241.4	-77.203
GTCTGG	5865.0	4255.9	-76.852
AACTTT	9110.0	6054.7	-76.596
TCACCT	6876.0	5709.9	-76.216
CAACTT	4880.0	3816.6	-76.025
CTTAAG	3770.0	2610.2	-75.645
TTCGCC	1982.0	1497.5	-75.505
GGCCGG	2199.0	1594.5	-75.279
GTTGTG	3862.0	3378.8	-74.979
AATGAT	5076.0	3556.0	-74.768
ATCACT	4011.0	3584.9	-74.702
CAGTGA	6724.0	5849.9	-74.671
TAAGTG	3904.0	3089.0	-74.474
CCGGCC	3848.0	2651.1	-74.422
ACTCCC	3802.0	3638.6	-74.404
GAGGCA	5919.0	5334.3	-74.390
CCCGCG	528.0	557.5	-74.348
TTATTC	5516.0	4933.3	-73.690
TACAAC	2300.0	1632.5	-73.578
ACTGCT	4522.0	4046.2	-73.374
AGAAGC	3378.0	3589.4	-73.279
ACCCAA	2724.0	2419.6	-72.778
AGTCTA	2320.0	1982.9	-72.573
TTCTGC	9239.0	7857.9	-72.329
TCTCGT	2390.0	1411.4	-71.827
TGTCTC	10458.0	8507.6	-71.248
GGTTTT	14483.0	11040.8	-70.926
GTGCCA	6852.0	5726.1	-70.475
CCTGGA	6862.0	6305.5	-70.446
ACAGTC	4574.0	2904.9	-70.339
TTTGCG	994.0	944.0	-70.336
GTTGAA	3972.0	3153.4	-69.947
CTCATC	3626.0	3862.9	-69.300
GTTTAA	4800.0	3943.4	-69.268
AGATTC	4019.0	3339.5	-69.064
CGTCGC	294.0	247.1	-68.910
GCGTAA	554.0	362.7	-68.897
GCGATG	773.0	683.7	-68.689
CAATCC	4332.0	2745.0	-68.335
GATGGA	9526.0	6401.8	-67.782
AGTTGG	4780.0	3599.1	-67.645
ATAGGC	3792.0	2376.1	-67.192
CACAAG	2610.0	2495.0	-66.564
GATGGG	6882.0	6637.4	-65.618
GTTTAT	5853.0	5249.3	-65.497
CCCCCC	4064.0	2571.2	-65.457
GATCGT	635.0	641.9	-65.435
ACCTGC	5073.0	4510.0	-65.360
TGAGCT	7072.0	5519.8	-64.520
CACCCG	3617.0	2824.8	-64.393
AGACGG	9419.0	6346.6	-64.351
TTGGCG	867.0	751.3	-64.080
GTCCCG	813.0	743.8	-63.894
GAGACG	9637.0	6505.7	-63.725
CTAGAG	4682.0	3008.0	-63.484
GCCCCA	4028.0	3914.2	-63.454
AGGAGC	3402.0	3706.6	-62.922
CTCCTC	6358.0	8737.4	-62.110
TTAATT	12676.0	8694.4	-61.948
TAAAGC	2698.0	2245.4	-61.052
GCGAGT	545.0	606.8	-60.875
AAGCTA	2924.0	2218.4	-60.595
CTGTTT	12173.0	10428.8	-60.244
GATTCG	498.0	501.3	-60.082
TAAGCG	710.0	480.0	-59.843
GCACAA	4887.0	3169.4	-59.146
GCAAAC	2420.0	2219.6	-58.961
CTGGTG	5357.0	5005.1	-58.927
TGTTTA	7535.0	6478.8	-58.756
AACTTC	5044.0	3911.6	-58.576
TACTTT	10227.0	6962.2	-58.372
GGCGAT	1093.0	662.2	-58.169
TTGACA	3959.0	3063.8	-58.034
GTCCAG	4488.0	3688.4	-57.933
CCCACT	5425.0	5017.1	-57.846
AGATGG	13534.0	10414.7	-57.845
TCACTA	4516.0	3260.8	-57.505
TCGGAC	344.0	349.9	-57.342
TCCGAC	449.0	473.1	-56.888
CAGTTG	4459.0	3601.5	-56.856
AGGCGG	2118.0	1897.7	-56.606
AACTCA	3690.0	3247.1	-56.548
TGAACC	3327.0	3159.2	-56.261
AGACCG	901.0	672.9	-56.189
CTGTAA	6377.0	5693.1	-56.076
GAAGTA	2740.0	2158.3	-55.766
ACTCAC	3646.0	3068.5	-55.625
ATCTTT	10279.0	7976.9	-55.359
TTAAAT	9478.0	6454.0	-54.405
GGTCCA	1970.0	1909.9	-53.975
TGTGGC	5701.0	4853.7	-53.311
GAATGC	3963.0	2885.1	-52.886
TCGCGA	201.0	193.8	-52.707
CAAGGC	3130.0	2951.4	-52.585
TGTTAC	4285.0	2928.5	-52.365
ATACTT	4829.0	3161.7	-52.126
TCATAG	4570.0	2981.4	-51.780
GTATCT	3649.0	3158.0	-51.409
TGTTGG	11249.0	9573.2	-50.862
TTAGAC	2397.0	2006.2	-50.187
GCCATC	5527.0	3664.5	-50.154
GTGCCT	8156.0	5699.3	-49.300
CATGAT	7408.0	5006.3	-49.251
GAATAC	2118.0	1607.8	-49.046
GGAATT	5676.0	3969.1	-49.012
AATCCT	6284.0	4207.0	-48.958
ATCCAC	5676.0	4347.3	-48.666
CCAGTC	3692.0	3699.5	-48.453
ATTAAA	5767.0	4413.4	-48.218
GCGTTC	620.0	752.2	-48.035
ACTCCT	13540.0	9890.7	-47.631
TGCCGA	852.0	692.6	-47.355
TTGATA	4072.0	3077.9	-47.164
GTGACA	3729.0	3247.8	-46.979
GCAGTT	5945.0	3981.2	-46.394
GGAGTT	7726.0	6414.5	-46.264
TTATTA	10305.0	7261.5	-46.168
CCACGC	4391.0	4412.9	-45.735
TTTAAT	14030.0	9898.3	-45.170
AAACTT	6283.0	4231.3	-44.926
CGCTGC	1576.0	1457.3	-44.765
GGGTAC	1331.0	1245.2	-44.732
ATTCGC	419.0	438.7	-44.556
CCTACG	388.0	403.7	-44.115
CCCGCC	5954.0	5431.1	-44.037
GTCTAG	2220.0	1826.6	-43.903
TCTTAC	4503.0	2974.2	-43.682
GTGTCA	4525.0	3406.8	-43.536
TTTTCA	15640.0	12148.5	-43.268
GTGAAC	2777.0	2140.2	-43.024
CTCCAC	9891.0	6837.1	-42.826
GCTTAA	3117.0	2324.7	-42.673
TCGTGA	1776.0	1943.1	-42.435
ACCGAT	301.0	315.8	-42.416
TTATAG	6390.0	4324.9	-42.194
CGACTC	910.0	669.9	-41.740
ACTGTG	8356.0	5738.9	-41.714
CAGCTC	12349.0	8627.6	-41.630
CGCCAT	4231.0	2792.5	-41.591
ACGGTC	587.0	438.2	-41.298
TTACCG	602.0	510.6	-41.246
CCTAGT	3248.0	2454.1	-40.787
TTGACC	5048.0	3378.7	-40.357
CAGCTG	6960.0	6559.2	-40.329
TGCCAA	3623.0	3172.9	-40.079
TGCTGT	8648.0	7335.2	-39.863
ACTGGC	3084.0	2764.0	-39.583
TGTATT	15050.0	14171.1	-39.568
TCAAAC	6895.0	4787.9	-39.552
AAACTC	7028.0	5405.6	-39.222
CCCAGA	7051.0	5465.7	-39.086
TAGGAT	4231.0	3252.2	-39.050
GTCATC	3328.0	2586.7	-38.908
TAGTGG	4384.0	2917.4	-38.555
GTCACA	3074.0	2640.0	-38.399
TGCTCT	14074.0	9914.6	-38.393
ATACAG	3280.0	2663.9	-38.239
AAGCGT	844.0	630.0	-37.941
TGGTTT	11243.0	9977.1	-37.845
GTGCTA	3546.0	2329.6	-37.642
TCGTTT	1839.0	1603.3	-37.327
GCTGTA	3492.0	2821.0	-37.292
TGAATA	5054.0	3703.5	-37.237
AAGGCT	3786.0	3370.2	-37.090
GGTTTA	3646.0	3082.1	-37.014
TTGTCG	1432.0	866.0	-36.996
TATTAA	4764.0	3697.4	-36.723
ATCGTC	412.0	453.5	-36.673
CAAGGT	4079.0	3304.6	-36.655
CTAGTA	2801.0	1811.1	-36.543
CACAAT	5453.0	3691.8	-36.392
TAGTTT	7410.0	7762.8	-36.047
AGTACT	3207.0	2170.4	-35.910
TGAACT	8367.0	5794.9	-35.520
GTGGTA	3769.0	2497.4	-35.510
TGGTCT	14273.0	12324.2	-35.303
TGTGAG	9575.0	6674.4	-34.910
CCGAAT	761.0	623.9	-34.907
TTATGT	5940.0	5024.9	-34.834
TCATGG	5585.0	3797.1	-34.613
CCGACT	800.0	712.3	-34.157
CCTCGT	1874.0	2175.8	-34.122
CCTGCA	4400.0	4984.6	-33.769
GGCAGT	4461.0	3342.7	-33.527
GCTACC	2284.0	1778.3	-33.381
AGTTAT	3445.0	2954.0	-33.316
TTACGG	733.0	492.3	-33.290
AAACCT	3764.0	3366.9	-33.238
CAGGCC	5510.0	4888.2	-32.975
CTTGAC	5049.0	3425.9	-32.744
ACTATA	3292.0	2175.6	-32.636
TGAAAT	7211.0	5342.7	-32.575
TTCACC	7983.0	8685.1	-32.430
TAGCGT	537.0	487.8	-32.004
AAATAT	7936.0	5740.8	-31.811
GGCGCG	3197.0	2509.0	-31.746
GGTTAA	2389.0	1991.8	-31.419
TGCACT	4327.0	4284.1	-31.052
TCCGAG	1310.0	875.0	-30.947
AGGCAG	8133.0	7241.9	-30.870
GGCATT	3951.0	3460.8	-30.494
CGGAAT	689.0	569.6	-29.303
TGTTTG	14481.0	11576.6	-29.285
CACCTA	3105.0	2428.5	-29.182
TTCAAA	6805.0	5868.4	-29.006
CTTCCG	2083.0	1343.1	-28.708
TCTCGA	4426.0	4103.0	-28.432
CGGGTA	585.0	416.7	-28.343
ATGCGA	540.0	390.1	-28.309
GTTACC	2584.0	1697.8	-28.239
CCGTGC	2407.0	1573.3	-27.987
AGGCCG	2020.0	1646.8	-27.925
ATCTCC	5747.0	5820.9	-27.397
CATGCC	12177.0	8649.6	-27.339
TTGAGG	6982.0	4859.3	-27.327
CGCCTA	1087.0	726.3	-27.088
GCGACA	435.0	567.8	-27.027
TACGAT	588.0	413.6	-26.290
ACCTAC	1702.0	1525.0	-26.241
CTTCTG	11537.0	8609.5	-26.237
TCTTAT	5078.0	4328.7	-25.909
TCTCCG	1697.0	1486.2	-25.796
CTTTGT	10785.0	9377.8	-25.730
AACATC	2586.0	2275.0	-25.700
AATATA	4849.0	3410.5	-25.691
CACTAC	3301.0	2348.1	-25.497
TCACGT	1102.0	1020.5	-25.056
AATACT	3751.0	2616.2	-25.053
CGTAGT	587.0	482.3	-24.799
TCCTAG	4242.0	3600.9	-24.784
GACCGA	562.0	433.8	-24.596
GGGTTA	2359.0	1858.3	-24.552
TTTGAC	5283.0	3950.5	-24.548
CGCGCT	402.0	416.4	-23.663
GCAATA	1931.0	1627.1	-23.660
ATTCTG	6544.0	6011.8	-23.634
TATTGC	3632.0	3117.2	-23.608
GCTCAT	5039.0	3922.3	-23.264
GCACCC	4183.0	3750.2	-23.247
TGTCGT	1161.0	726.0	-23.080
TAGGAC	2616.0	1748.8	-22.717
GTATTG	2886.0	2315.7	-22.628
CCCAAC	2831.0	2767.7	-22.358
GTTTGA	5199.0	4657.8	-22.288
CATGGC	5393.0	3751.1	-22.118
ATTTAA	7632.0	5942.7	-21.853
ATTGAG	3434.0	3167.7	-21.850
AACTCC	12974.0	9303.0	-21.826
TAGAGA	12579.0	12150.4	-21.559
GAGCAA	2858.0	2672.0	-21.475
TCCAAC	2518.0	2524.5	-21.222
CTCCCC	6386.0	6646.1	-21.120
TAAATA	6235.0	4697.7	-21.114
ATTTGA	6068.0	5289.7	-20.847
AGCGTT	872.0	784.1	-20.837
GTGCAT	3864.0	3282.9	-20.746
CTGGAT	5067.0	4885.9	-20.744
CTATTT	8500.0	7173.1	-20.491
CGGTCG	152.0	136.7	-20.440
AAGTCG	411.0	410.5	-20.285
TTGGCC	13806.0	10047.9	-20.246
GACAGT	4357.0	3015.7	-20.209
GTATAT	4232.0	2926.7	-20.057
CTAGCG	328.0	401.1	-19.879
AACTAG	1750.0	1676.5	-19.829
TAAAAT	9077.0	6464.5	-19.790
TGACTG	4212.0	3775.8	-19.583
TTGTAT	13425.0	13157.2	-19.551
CCAAAT	4318.0	3571.9	-19.407
CAGCGG	1140.0	1006.1	-19.247
TGAGTT	6109.0	5588.5	-18.894
AGACAT	4002.0	3108.0	-18.769
TGATGC	3173.0	3192.0	-18.728
CCTTGG	9616.0	6875.1	-18.577
ATATAG	2513.0	1914.0	-18.330
CGTGCT	1168.0	1051.1	-18.185
CGTCCT	986.0	935.8	-17.996
CAGGGA	4641.0	4753.2	-17.911
CGAGCC	873.0	850.3	-17.748
ATTACG	660.0	466.2	-17.678
TTCAGG	5911.0	5172.7	-17.664
TATTAC	2979.0	2333.2	-17.518
TCTGAC	3434.0	3435.9	-17.181
TTCTGG	8254.0	7178.5	-17.089
GTACGA	461.0	269.4	-17.062
ACCTTA	2851.0	2014.1	-17.018
AGCAGG	4190.0	4190.1	-16.944
TTACTT	7896.0	5632.5	-16.861
GATTAA	2449.0	2103.9	-16.769
GAATTA	4182.0	2918.9	-16.621
AGCCGT	889.0	663.3	-16.569
TGTGTT	11668.0	8993.9	-16.556
TCTGTT	16775.0	12195.6	-16.544
TTGGAC	2685.0	2445.2	-16.518
ACCTGA	3716.0	3049.9	-16.514
ATCCCG	660.0	650.2	-16.458
TCGCAG	692.0	681.0	-16.214
AGTTGT	4351.0	3709.1	-16.157
CTCTCG	2245.0	1523.1	-15.925
ACTTAA	3722.0	2590.5	-15.876
TACCAA	2248.0	1867.0	-15.742
AATTGT	4750.0	3903.3	-15.530
AGACTT	4325.0	3572.6	-15.393
CTGGCC	11514.0	8320.5	-15.365
TGCAGA	4768.0	4941.9	-15.356
GTACTG	2673.0	1962.2	-15.222
ATAACT	3091.0	2138.6	-15.214
GATACA	2323.0	1796.2	-15.133
GTCGTC	732.0	459.7	-15.057
GCGGTC	619.0	475.4	-15.024
TGAGCA	4481.0	4011.1	-14.925
TCGCCG	392.0	394.8	-14.919
ACTGTT	5560.0	3940.5	-14.902
ATGAGA	3756.0	3540.9	-14.877
GGTGAT	7200.0	5144.7	-14.854
TCTTTG	9513.0	9247.3	-14.737
ACTATT	3673.0	2824.1	-14.695
TTCCGA	1111.0	724.6	-14.648
ATAATT	6743.0	4811.8	-14.573
TATCGC	534.0	431.0	-14.274
AGTGGG	4251.0	3896.6	-14.228
CGAGCG	322.0	257.5	-14.182
GGCATA	2639.0	1820.8	-14.086
GAGATC	3013.0	2858.8	-14.052
ACCGGG	823.0	631.3	-14.022
TCCCCC	5202.0	4138.9	-13.765
GCCATT	7963.0	5721.3	-13.711
GGGGGG	3053.0	2122.8	-13.663
CAATTA	2496.0	2478.2	-13.611
AAAGCG	773.0	751.3	-13.500
TCCAGT	4796.0	4749.5	-13.496
GAACTC	9345.0	6745.6	-13.458
TTAAAC	4272.0	3051.2	-13.281
CGGGAG	1463.0	1695.9	-13.164
CCCGGT	1057.0	848.0	-13.151
TATTGG	3479.0	3234.0	-13.078
AGGATC	3507.0	2656.9	-13.010
CGCCTT	2352.0	1620.3	-13.003
GCCAGG	11188.0	10701.9	-12.974
TGTGCC	9810.0	7097.0	-12.971
AGGCGA	1178.0	780.4	-12.800
CCAACC	2391.0	2485.4	-12.736
GTCCAA	1848.0	1792.7	-12.616
ACTGAG	4448.0	3907.4	-12.567
AATGCT	4609.0	3857.0	-12.528
TATGTA	4616.0	3277.1	-12.236
CACTTC	4858.0	4113.6	-12.164
TCCAAA	4902.0	4200.9	-12.058
TTCTGA	8340.0	6889.2	-11.848
TTGTCC	5302.0	4028.9	-11.626
ACTCCA	3746.0	4526.6	-11.292
GCGCTG	1070.0	1115.3	-11.285
ATATTA	4178.0	3325.6	-11.243
TACTAC	1863.0	1280.3	-11.223
AATGTT	6726.0	5036.0	-11.029
TATCTT	6661.0	5145.8	-11.007
CGGCTG	1549.0	1405.5	-10.947
CGTTCA	760.0	745.2	-10.896
ACAACC	2819.0	2085.2	-10.821
ACGAGT	525.0	448.8	-10.789
GTATGA	2704.0	1894.1	-10.614
TAGGCG	1187.0	799.8	-10.599
TCGCCA	2093.0	1451.7	-10.526
ACGCAG	780.0	780.1	-10.416
TAGTCT	3877.0	3236.1	-10.279
CAGGGG	3760.0	3742.9	-10.277
ATGTAG	3055.0	2330.1	-10.225
ATGTAT	5226.0	3748.7	-10.217
CTTGGG	5689.0	5061.0	-10.184
GACTAT	2541.0	1780.8	-10.139
TGAGTG	4849.0	4468.9	-10.065
GGGACA	3184.0	2856.0	-10.002
GAGAGC	2996.0	2818.0	-9.988
ATGGCT	6093.0	4393.4	-9.882
CGAACT	3135.0	2616.7	-9.862
AAGCCA	5291.0	4251.2	-9.527
CAGGTA	3847.0	3410.5	-9.460
TGGCTT	9123.0	7416.4	-9.457
CGGCAT	593.0	612.8	-9.454
AATAAT	5922.0	4275.8	-9.281
TGACCC	2750.0	2617.7	-9.254
CAATGG	5893.0	4686.4	-8.970
GTGACG	913.0	612.1	-8.921
TGTTCT	7957.0	7309.8	-8.909
GTTCTT	6782.0	6065.8	-8.881
TATATG	4048.0	2898.1	-8.874
ATTGTC	3437.0	2729.2	-8.767
TACAGC	2733.0	2441.6	-8.742
TGCGCC	2861.0	2179.6	-8.641
GTTGAG	3653.0	3028.4	-8.625
TCAGGT	7674.0	6167.7	-8.619
TGGGAG	7568.0	7634.1	-8.546
GTAGTC	1974.0	1851.0	-8.517
ACCCAC	3892.0	3688.0	-8.464
AGTATT	5214.0	4204.0	-8.413
ATTGGC	3051.0	2731.6	-8.405
GTCATG	3299.0	2566.8	-8.377
CCCTGC	6010.0	6361.3	-8.368
ATTTGT	8710.0	7575.7	-8.249
CCAACT	3403.0	3028.6	-8.160
ATAGTG	3010.0	2409.2	-8.079
CGGTGT	900.0	824.7	-8.053
ACGTCA	646.0	549.3	-7.988
CAACTC	3260.0	2859.4	-7.964
AGACTA	2690.0	1962.2	-7.913
TCGACT	780.0	523.5	-7.906
TAATGT	4572.0	3298.1	-7.849
TCAACT	3324.0	2955.7	-7.627
ACCACA	9440.0	6917.3	-7.611
ACGTCC	650.0	601.2	-7.602
ATATAA	4186.0	3016.6	-7.541
CATGCG	1127.0	1124.0	-7.494
GATTGT	3615.0	2973.2	-7.440
ACCTAA	2063.0	1683.4	-7.397
AAGCAT	3980.0	3065.4	-7.382
GCTCCT	4477.0	5399.4	-7.330
AAATGA	6679.0	4868.4	-7.302
TACTTA	3465.0	2489.8	-7.189
AATTAA	5298.0	3846.2	-7.113
AGATTA	4406.0	3186.4	-7.048
TAAAAA	10140.0	7451.7	-7.034
TATAAC	1993.0	1408.2	-7.006
TTGCCG	1158.0	801.1	-6.952
ATACTA	2045.0	1447.9	-6.941
GTGGTC	3355.0	2700.1	-6.859
GGTACG	531.0	352.0	-6.848
AGATAG	3671.0	2645.5	-6.829
AAATCT	5172.0	4351.3	-6.748
CGGCAA	568.0	550.5	-6.674
AAAGTT	5987.0	4486.2	-6.656
AATGTA	4056.0	2933.3	-6.600
AAAATT	10721.0	7895.3	-6.567
TTGAAC	7690.0	5637.5	-6.436
GTCGGC	691.0	539.8	-6.422
TTAATA	5824.0	4249.9	-6.400
ACGCAA	415.0	333.5	-6.375
GGGTCC	2245.0	2200.3	-6.330
GTGTTT	10319.0	8317.2	-6.298
TAACTT	5374.0	3918.2	-6.198
ATAATG	3561.0	2573.7	-6.184
CTTAAA	5087.0	3704.7	-6.181
TCTTAA	5584.0	4074.9	-6.154
CGTGCG	453.0	366.6	-6.121
CTTTAT	7517.0	6802.2	-6.060
GCTATC	2119.0	1511.7	-6.012
ATCATG	5129.0	3740.5	-5.923
GTGTGC	5538.0	4887.3	-5.916
CACGCA	977.0	929.3	-5.784
CATAAT	3427.0	2480.9	-5.771
TGATCG	701.0	692.3	-5.637
CATTCT	10749.0	8471.9	-5.529
CAATGT	3012.0	2796.4	-5.414
AATCAT	4442.0	3239.4	-5.386
AAGCGG	720.0	646.2	-5.305
GAGATG	13679.0	10146.3	-5.228
TCCCCA	6467.0	6306.6	-5.204
GACCAC	3179.0	2305.7	-5.124
TGTAGA	6152.0	4517.4	-5.112
CACGTG	1788.0	1681.1	-5.099
GGTATG	2739.0	1979.1	-5.087
ACGTTG	1116.0	784.3	-5.072
TTATCC	3175.0	2892.7	-5.036
TAAGCA	3405.0	2475.7	-5.034
TTTGTC	8432.0	7703.1	-5.017
TCCTGT	7993.0	6786.5	-5.004
CCCCCT	4250.0	3974.7	-4.848
CCTACT	2782.0	2660.9	-4.835
TCTAGG	3044.0	2888.3	-4.770
TCGTCC	911.0	723.2	-4.732
TATAAT	4791.0	3511.3	-4.710
CATACT	2680.0	1942.7	-4.700
GCCAAG	3858.0	3836.5	-4.687
GATCCA	5235.0	4128.4	-4.622
TATCCT	3860.0	3198.9	-4.612
CTAGGT	2688.0	2426.0	-4.593
GACACA	2987.0	2863.4	-4.477
GGGACC	3574.0	2611.4	-4.358
GAATTT	8377.0	6199.9	-4.341
CCGCAC	1421.0	1016.0	-4.300
TTTCAA	7579.0	6820.3	-4.228
GTGAAG	3404.0	3279.3	-4.135
CGTAAT	579.0	402.6	-4.095
TAATAT	4968.0	3791.6	-4.061
TTCCCA	9470.0	7104.1	-4.017
GATATA	2179.0	1675.2	-3.978
GGGATA	1876.0	1694.9	-3.954
AAAATG	8097.0	6002.2	-3.923
TGGTAT	4413.0	3611.1	-3.884
GTCATA	2298.0	1672.8	-3.719
TGAGGC	6174.0	5505.3	-3.711
TTTGTA	18808.0	16996.5	-3.651
TAAATT	8266.0	6137.7	-3.633
ATGATT	5413.0	4102.4	-3.621
AAGCGC	611.0	659.5	-3.605
TTCACG	2878.0	2193.5	-3.576
TGCACC	6318.0	4678.7	-3.558
GCACAC	3360.0	3087.4	-3.531
TATAAA	5238.0	4307.2	-3.521
TCGGTT	1000.0	870.0	-3.461
CTGAAA	5808.0	4665.1	-3.457
AGACAA	4337.0	3198.5	-3.419
GGACGG	825.0	588.0	-3.380
GGACCA	3299.0	2425.6	-3.317
GAGATA	3850.0	3061.7	-3.203
GAATAT	3721.0	2744.6	-3.125
CCCAAT	2096.0	2026.2	-3.092
GGGACG	913.0	654.8	-3.083
CATTGG	3094.0	2712.4	-3.076
GGGTTT	13159.0	12744.1	-2.994
GTAATT	4771.0	3534.0	-2.980
ACCTAG	2821.0	2075.5	-2.958
GACTTG	3116.0	2914.7	-2.916
CGTCTC	2026.0	1918.9	-2.860
TTTAGT	11423.0	13288.0	-2.850
GGGAAT	3017.0	2692.2	-2.840
ACATAT	3800.0	2811.7	-2.800
CACTAT	3832.0	2917.8	-2.784
TTTCGG	1228.0	1067.0	-2.731
AACGTT	845.0	699.3	-2.710
ACTGTC	3478.0	2879.9	-2.593
TTAACT	4806.0	3571.8	-2.540
AAACTG	4392.0	3923.4	-2.517
TGTATA	4821.0	3584.4	-2.513
CACGAG	844.0	888.6	-2.494
GTATTA	3093.0	2389.3	-2.462
TGCTCC	3723.0	4513.8	-2.443
GATAGG	2359.0	1741.4	-2.408
TAAAAC	3998.0	2968.2	-2.407
TTCTCG	2074.0	1529.4	-2.315
CGACAG	550.0	698.8	-2.312
TACCTT	4369.0	3252.2	-2.267
CATATA	3335.0	2476.6	-2.252
CCAGAC	4367.0	3251.4	-2.249
GGTGTA	2519.0	1990.0	-2.226
GACGTA	345.0	338.3	-2.215
ACGGCT	1094.0	800.9	-2.214
GGATCT	3986.0	2965.8	-2.206
GACCCA	2290.0	2197.3	-2.143
ACGTTT	1474.0	1281.0	-2.138
GTGTTA	3483.0	3387.6	-2.137
TACCGT	592.0	428.2	-2.136
TACGGA	450.0	323.6	-2.112
AAACGA	1020.0	746.7	-2.065
CTTGAA	8956.0	6712.3	-2.052
CTGCCC	7569.0	7237.0	-2.047
GTTGTC	3608.0	2686.2	-2.032
TCTGGA	6439.0	5505.7	-2.007
TAGGCA	3849.0	2869.0	-1.978
GAAATT	5406.0	4089.8	-1.973
AGTCCA	2708.0	2673.7	-1.967
ATCATC	2660.0	2350.6	-1.961
ATAATA	4302.0	3307.8	-1.947
TTAGTT	5040.0	5081.1	-1.926
CGTAAC	365.0	262.7	-1.923
TGCCTT	11053.0	8365.9	-1.915
ATATGT	4800.0	3587.2	-1.901
ACCCGG	2181.0	1802.1	-1.898
GCATAC	1524.0	1126.2	-1.891
CGATTT	1626.0	1209.3	-1.872
CGCTAT	880.0	646.1	-1.792
GTGGAA	3917.0	3220.2	-1.791
AAAACT	5221.0	3909.5	-1.761
GTCGTA	282.0	203.4	-1.661
AGAGAT	8481.0	7514.7	-1.657
AAAGTC	3439.0	3114.6	-1.643
AACATT	5690.0	4268.5	-1.624
CACTGA	4044.0	3992.4	-1.615
TACCAC	3256.0	2434.6	-1.588
GGTTGA	2716.0	2301.4	-1.584
TAAGAT	3311.0	2477.2	-1.578
ATCACA	4808.0	3605.8	-1.560
TACTGT	4633.0	3473.4	-1.560
CGTTGG	1048.0	775.2	-1.553
TATCTG	4044.0	3611.4	-1.519
CTCTCA	6877.0	6112.4	-1.509
ATGCCA	5427.0	4075.6	-1.498
AAATAG	4497.0	3377.5	-1.395
CGAGTT	1170.0	936.1	-1.384
ACTCTT	6970.0	5246.7	-1.379
CAAGCC	3827.0	3155.8	-1.352
TTGTGC	5175.0	3891.2	-1.339
CCGGAT	801.0	594.1	-1.338
CCGTCG	298.0	219.0	-1.328
TACATA	3503.0	2629.4	-1.320
TCGGGT	1000.0	744.8	-1.320
ATATAC	2743.0	2056.1	-1.313
TGATAT	3802.0	3155.1	-1.291
ACACAG	4188.0	4161.4	-1.278
TGCCTG	13403.0	11365.6	-1.270
ATCCTA	2375.0	1995.8	-1.233
TACGTT	877.0	653.4	-1.230
CTGTGG	6997.0	6253.1	-1.223
GGGTCG	551.0	500.9	-1.222
TAAGCT	2907.0	2308.1	-1.189
GATAAC	1545.0	1258.8	-1.180
GATATT	4019.0	3569.7	-1.150
TAAGAG	3386.0	2548.0	-1.146
ACTCGG	811.0	989.4	-1.132
GCGTTG	667.0	497.3	-1.110
GAGCTA	2648.0	1993.2	-1.089
TGAAAA	6719.0	5072.3	-1.087
ATGTTG	11295.0	9902.8	-1.075
TGTTAA	4761.0	3591.4	-1.054
GTTTTC	9797.0	9060.0	-1.040
GTTCTG	5396.0	4829.3	-1.023
GCGAAC	316.0	235.9	-1.019
TAATTA	5141.0	3882.2	-1.008
AACTCT	4897.0	3978.5	-1.007
AGTATA	2947.0	2222.7	-0.989
TTTTCC	17764.0	13576.9	-0.982
AAATGT	7261.0	5489.2	-0.969
TTAAGT	5363.0	4077.4	-0.947
ACAGCA	3849.0	3766.4	-0.930
GGCAGG	6831.0	6189.9	-0.929
ACGCCA	2967.0	2240.3	-0.918
GGAATC	2853.0	2319.5	-0.913
ATAGGT	2930.0	2213.9	-0.912
TAATCT	4362.0	3297.1	-0.902
AATCGT	564.0	424.5	-0.897
ACCGCG	1682.0	1270.8	-0.872
GTTAAC	1855.0	1401.1	-0.862
AATACA	4073.0	3808.6	-0.856
TATGCC	2794.0	2113.8	-0.842
TGTTTC	8956.0	8163.8	-0.825
TCAATG	2131.0	2499.9	-0.814
ACCGTA	530.0	426.3	-0.811
GCCCGA	881.0	679.0	-0.805
TTGGAT	4674.0	3913.5	-0.804
TAACTA	2173.0	1645.8	-0.790
TTTAAC	5329.0	4037.3	-0.789
ACATTT	10431.0	7905.6	-0.788
ACTACT	2343.0	1774.5	-0.785
TATACT	3045.0	2306.3	-0.774
ATATTG	4277.0	3639.2	-0.769
GGTTGG	4836.0	3665.5	-0.763
AATTAC	3693.0	2798.1	-0.761
TAACAT	3673.0	2783.4	-0.758
CCGATC	493.0	372.2	-0.756
TAGACT	2493.0	1974.7	-0.747
TAATAC	2495.0	1890.9	-0.743
CCCGTG	1211.0	1083.9	-0.738
TGTCGG	823.0	623.4	-0.737
TACGGT	499.0	377.4	-0.734
TAATAG	3123.0	2367.9	-0.730
TATAGA	3080.0	2335.4	-0.728
GGAGCC	3458.0	3346.4	-0.707
GTACTA	1470.0	1115.6	-0.686
ATGTCG	640.0	486.5	-0.686
GCTCCG	2809.0	2132.3	-0.662
GGTAGA	3312.0	2516.8	-0.647
GATCTA	1819.0	1382.4	-0.644
AGCTAT	3453.0	2740.9	-0.632
CTGCGC	2156.0	1639.0	-0.630
GTGACT	3641.0	3163.4	-0.627
ATGCTG	5596.0	5101.7	-0.614
CTCGCC	1950.0	1484.3	-0.598
CATTGC	4879.0	3794.2	-0.562
ATAGGG	2465.0	1877.3	-0.559
TACGGG	634.0	485.2	-0.549
GTACTT	3452.0	2628.5	-0.540
ATTGAA	3966.0	3019.8	-0.539
GTGTAA	2936.0	2236.9	-0.539
CACCGT	3153.0	2401.9	-0.533
CTCAAA	9272.0	7299.1	-0.529
ACCTTT	6650.0	5060.1	-0.527
CGCACC	1767.0	1348.7	-0.517
ATCGTA	470.0	360.1	-0.511
ATACAT	3863.0	2944.7	-0.508
GTTTCG	2608.0	1990.3	-0.497
AGCTGC	4182.0	4560.5	-0.472
CGCGTC	284.0	303.3	-0.468
GTATAA	2462.0	1881.0	-0.467
ACAGCG	856.0	794.8	-0.466
TCGCTA	659.0	506.3	-0.460
AGCGGC	763.0	790.8	-0.460
GACTTA	2199.0	1681.1	-0.456
GACAAG	3163.0	2415.9	-0.452
TTAACC	2770.0	2116.7	-0.442
CGTAAG	517.0	399.4	-0.436
TGGAGG	5893.0	5442.8	-0.431
TCGATA	303.0	235.8	-0.431
AATCGA	392.0	338.3	-0.422
CGTCCA	972.0	747.9	-0.420
ACCGTG	2995.0	2290.9	-0.410
TGTCTT	9924.0	8771.1	-0.399
CCGAAA	650.0	560.2	-0.385
AACTAT	2606.0	1996.9	-0.383
CTAGTG	2152.0	1889.8	-0.382
TACTCC	2161.0	2111.9	-0.380
TGACAG	4306.0	3913.2	-0.380
ATACCT	3124.0	2391.1	-0.374
CGATAA	305.0	238.9	-0.372
AATAAC	2657.0	2037.0	-0.361
TACTAT	2851.0	2185.4	-0.350
GTATCC	2001.0	1537.6	-0.348
AGCATA	2523.0	1935.4	-0.346
AAGATT	4504.0	3446.6	-0.343
TGCCGG	1099.0	919.1	-0.339
TTATCT	5654.0	5314.2	-0.335
AGCATT	5154.0	4504.3	-0.335
CGGCTT	1715.0	1401.5	-0.329
GCCCGG	5067.0	4422.5	-0.328
CCTGCT	7439.0	7328.1	-0.322
ACCTTG	6185.0	4730.2	-0.315
CAATTT	7240.0	5897.5	-0.311
TATACC	1941.0	1495.0	-0.306
AACATA	3397.0	2608.5	-0.287
CTATAG	2680.0	2061.4	-0.284
GACGGT	601.0	469.6	-0.284
ACCAGG	4388.0	3681.9	-0.282
GATCCG	2142.0	1972.2	-0.280
GTAATA	2414.0	1858.1	-0.278
CTCGTA	472.0	369.6	-0.276
GACATA	2004.0	1545.3	-0.273
TCGCGT	146.0	172.0	-0.270
TGCTTC	6973.0	6026.6	-0.267
TACAAT	3307.0	2542.3	-0.264
GTTGGC	6619.0	5947.0	-0.264
TCGTAG	640.0	500.5	-0.263
GACACG	805.0	710.7	-0.260
GACATG	3209.0	2557.4	-0.259
TCACAA	3142.0	2941.5	-0.253
CCGGTT	864.0	800.6	-0.247
CGGGGG	1286.0	998.0	-0.243
CTACAG	9041.0	7061.9	-0.230
ATGAGT	3370.0	3073.2	-0.219
CAACAT	3971.0	3433.4	-0.218
CCTTCC	9166.0	10089.1	-0.214
TGGGAA	5441.0	4971.3	-0.214
TTCAGA	5862.0	5123.5	-0.209
TACTCT	4488.0	3451.6	-0.209
CCTGTG	6549.0	6089.8	-0.205
TACCGC	488.0	385.3	-0.198
CGCCGC	633.0	704.7	-0.196
CGCCAC	3020.0	3930.1	-0.195
ATACGG	430.0	341.8	-0.195
AACTGA	3415.0	3046.2	-0.193
TTCTTA	7139.0	5887.1	-0.188
ACGTAT	628.0	495.6	-0.186
TTGGAA	6032.0	4634.1	-0.185
ACCATA	2956.0	2283.5	-0.184
TATGAT	3637.0	2806.0	-0.176
CGTGGG	1313.0	1143.5	-0.176
TTCCCG	1990.0	1544.9	-0.173
CGATTG	544.0	431.1	-0.170
GCAGGA	4331.0	4550.2	-0.169
GTATGC	1611.0	1254.2	-0.169
AACCTG	3358.0	3330.5	-0.163
GTCGAC	229.0	186.9	-0.159
GGGCTA	2090.0	1622.7	-0.158
CAAGAG	3919.0	3429.4	-0.157
CATATT	5371.0	4136.6	-0.153
TACGGC	318.0	256.0	-0.153
TAAACT	4094.0	3240.9	-0.152
ACTGGT	3271.0	2844.4	-0.150
CGTGAC	731.0	578.9	-0.144
TTTCTG	13977.0	13044.2	-0.143
GGCCTA	2637.0	2091.9	-0.141
GTACGG	327.0	264.4	-0.136
TCGTAA	421.0	338.4	-0.128
CTTAAT	4140.0	3199.8	-0.127
CGCGTT	229.0	290.2	-0.126
TTAATG	4944.0	3816.5	-0.124
ATTACT	3767.0	2915.2	-0.124
AAACAT	4972.0	3838.7	-0.123
TTGGCA	4966.0	3991.8	-0.122
TGACGG	718.0	570.3	-0.121
TGGGTA	3316.0	2833.1	-0.120
CATACC	2364.0	1839.6	-0.116
TTTCGC	2634.0	2047.2	-0.115
CAATCA	3378.0	2618.2	-0.114
GATACG	449.0	361.9	-0.113
AGGGTG	4120.0	3739.4	-0.109
TAATAA	4396.0	3400.3	-0.108
CACCTT	6527.0	5032.8	-0.107
TGTACT	3690.0	2862.9	-0.098
ACTATC	1568.0	1231.0	-0.098
ATTAAT	4851.0	3752.9	-0.097
ACGGGT	716.0	571.9	-0.096
ATACGT	668.0	533.8	-0.093
AATGGT	4489.0	3476.5	-0.093
AAGTTA	3318.0	2731.4	-0.091
AACGTA	491.0	396.5	-0.091
TACATT	5610.0	4338.3	-0.083
ATACTG	3037.0	2364.3	-0.083
CGTACC	416.0	338.1	-0.081
TCATAC	2109.0	1652.7	-0.074
TTACAT	5279.0	4088.8	-0.073
AGACGT	984.0	782.5	-0.072
TGCCAT	7718.0	5957.9	-0.072
ATATCG	375.0	307.5	-0.070
GGTCTA	1583.0	1770.0	-0.070
TCGTAC	291.0	244.8	-0.067
CCTAAA	3241.0	2695.4	-0.064
AGACAC	2838.0	2923.1	-0.064
ATCTAG	2224.0	1754.0	-0.063
AGCCAG	5549.0	6497.0	-0.062
ACAATT	4118.0	3203.1	-0.059
ACAGTA	2920.0	2282.1	-0.057
TTAACG	580.0	471.0	-0.057
GACGTG	1133.0	902.2	-0.053
AATGAA	5106.0	3964.4	-0.053
ATAACA	2909.0	2275.6	-0.052
CCCGAT	654.0	528.3	-0.052
CAGTCC	4151.0	3232.1	-0.049
TACGTA	544.0	443.4	-0.049
GAAATG	5471.0	4247.3	-0.049
TATCGG	354.0	293.9	-0.049
GCTAAA	2475.0	1943.4	-0.047
TCGGCG	251.0	249.2	-0.046
TATGGA	2729.0	2140.5	-0.043
AGGCAC	5538.0	5313.9	-0.043
TTGCAA	4786.0	4189.2	-0.042
ATTGAT	3949.0	3547.4	-0.041
CTCGGG	1457.0	1552.2	-0.041
GAACGT	580.0	473.5	-0.040
GAATAA	3354.0	2624.5	-0.038
CCGCGC	1822.0	1441.3	-0.038
CGGTAC	244.0	207.7	-0.038
TCATGA	4013.0	3740.7	-0.038
GTGTTC	3515.0	3207.9	-0.037
GCACTA	1777.0	1407.4	-0.035
GTGTAC	2084.0	1645.2	-0.035
CTTGGT	5139.0	4431.9	-0.035
AGGTGC	5212.0	4904.0	-0.035
ATAAAT	5798.0	5293.2	-0.034
CGTTAA	465.0	383.5	-0.033
CTACAA	3202.0	2511.6	-0.032
TTGTAC	3149.0	2470.2	-0.032
AACTAA	2490.0	1961.8	-0.031
CCGTAC	350.0	293.2	-0.031
TTTGGT	10742.0	8636.1	-0.030
ATTGTA	4137.0	3233.4	-0.030
CATTAT	4266.0	3634.6	-0.030
CTTAAC	2672.0	2104.2	-0.028
CAAAAT	5967.0	4642.6	-0.028
TAGAGG	3630.0	2844.8	-0.027
CGCGCA	307.0	366.1	-0.027
GCATAA	2370.0	1876.3	-0.027
GGTCGC	454.0	446.5	-0.027
ACCATT	4696.0	3667.7	-0.025
CTATCG	450.0	374.2	-0.025
CGGCCC	1537.0	1226.2	-0.024
ACATAA	2997.0	2358.3	-0.024
ATCGAT	447.0	372.5	-0.023
AGAGAC	9541.0	8820.1	-0.023
GCATAT	2816.0	2219.2	-0.022
AGCTTA	3251.0	2555.5	-0.022
CAATTG	2082.0	1968.1	-0.021
AATTGA	3543.0	2790.8	-0.021
GAGACC	4367.0	3419.5	-0.020
CATAAC	1708.0	1361.9	-0.020
GTATCG	323.0	321.0	-0.020
TTTGGC	7223.0	5978.7	-0.020
TTACGT	832.0	677.4	-0.020
CGTCCG	362.0	351.8	-0.019
AGTACG	396.0	333.7	-0.018
GTCCTC	4405.0	3450.1	-0.018
TGCTTT	12923.0	10953.2	-0.018
CGTTGC	914.0	743.1	-0.017
TTTGCT	12119.0	10987.9	-0.017
ATAAGC	2189.0	1738.5	-0.017
GGTCTG	4396.0	3570.5	-0.016
ATCACG	1316.0	1059.5	-0.016
ATAGTA	2693.0	2129.8	-0.016
ACGATA	313.0	276.7	-0.016
AACGTG	913.0	807.6	-0.015
CGAACA	372.0	315.9	-0.015
GGCCCG	1138.0	920.1	-0.015
CACGTC	955.0	840.1	-0.015
CACGCG	389.0	430.8	-0.014
ACGGTG	1158.0	937.2	-0.013
GCTGAC	2518.0	2482.3	-0.013
CTACGG	409.0	346.5	-0.012
GGTATT	3448.0	3130.0	-0.012
TCCCAT	4985.0	4751.5	-0.012
AATTTA	6900.0	5399.5	-0.012
CAAACG	915.0	747.9	-0.012
GTAATG	2557.0	2029.2	-0.012
AGACGA	1099.0	893.7	-0.012
AACTTA	2840.0	2249.7	-0.011
AAATTG	5010.0	3927.6	-0.011
TTACTC	4107.0	3231.0	-0.011
GACTCG	547.0	509.3	-0.011
ATCGCG	225.0	303.6	-0.010
ATGAAA	5026.0	3941.5	-0.010
GATTCC	2787.0	2675.2	-0.010
TTGATC	3846.0	3614.1	-0.010
GGGCCT	4091.0	3951.1	-0.010
CGTACT	398.0	339.9	-0.009
CCTAAT	2908.0	2306.0	-0.009
TAATGG	3020.0	2392.7	-0.009
TGAACG	599.0	500.2	-0.009
GAACTT	4066.0	3203.2	-0.009
GCCCCG	1349.0	1359.6	-0.008
CGATAT	391.0	334.1	-0.008
AGGTGA	7451.0	5817.5	-0.008
ATCCTT	5715.0	4479.3	-0.008
CGTCAT	752.0	623.8	-0.007
ACGTAA	497.0	421.0	-0.007
AGAATA	3625.0	2865.5	-0.007
GCGAGC	652.0	680.5	-0.007
CCATAG	2150.0	1755.3	-0.007
AGATTT	7853.0	6129.8	-0.007
TGACAT	4018.0	3170.2	-0.007
GTAAGC	1914.0	1537.1	-0.007
GAACCA	3087.0	2449.1	-0.007
CAGATT	5149.0	4175.9	-0.006
CCGTAA	456.0	387.3	-0.006
CTGTTA	4433.0	3493.3	-0.006
TATCAC	2529.0	2108.7	-0.006
TAACGT	617.0	517.1	-0.006
CGTATC	406.0	348.5	-0.006
ATGTAA	3783.0	2990.8	-0.006
CGTCAC	839.0	695.0	-0.006
TTATAC	2756.0	2194.4	-0.006
TAGTCG	318.0	277.8	-0.006
CGTCTG	1349.0	1096.1	-0.006
TTACTA	3139.0	2492.4	-0.006
ACTTTA	4948.0	3893.2	-0.005
CTTACG	567.0	478.4	-0.005
CTAAAT	3413.0	2706.6	-0.005
ACATAG	2849.0	2268.4	-0.005
CGAACG	108.0	105.0	-0.005
GTTAAT	3523.0	2793.7	-0.005
AACTAC	2114.0	1697.7	-0.005
AATATG	3654.0	2895.5	-0.005
TAGAAT	4187.0	3308.3	-0.005
CCGTAG	479.0	450.3	-0.004
TTGAAT	6497.0	5096.0	-0.004
ATAGCG	376.0	326.6	-0.004
ACGGAA	688.0	577.9	-0.004
ACGAAC	319.0	280.4	-0.004
AAGACG	754.0	630.8	-0.004
GAACGC	454.0	389.2	-0.003
GCCATA	2012.0	1621.7	-0.003
GGCAAT	2626.0	2102.6	-0.003
GCACAG	4503.0	3759.9	-0.003
CGCATA	290.0	257.3	-0.003
AAGATA	3001.0	2393.8	-0.003
CACGTT	1438.0	1171.8	-0.003
CCGAGC	989.0	818.1	-0.003
TAACGG	319.0	281.5	-0.003
AGGAAT	4312.0	3652.5	-0.003
CGTATA	397.0	345.3	-0.003
CCGGTC	609.0	516.9	-0.003
TGAATT	7164.0	5620.4	-0.003
TTGACG	596.0	506.8	-0.003
ATAACG	351.0	308.4	-0.003
TAGAAC	2148.0	1731.3	-0.003
CCGTGT	2109.0	1902.7	-0.003
CAAATA	4588.0	3629.9	-0.002
CCATGC	9149.0	7153.7	-0.002
ACCGTT	628.0	532.0	-0.002
CCCCGA	1035.0	877.2	-0.002
GCCACG	1399.0	1144.2	-0.002
CTTGCG	632.0	628.0	-0.002
GTACAT	2531.0	2031.5	-0.002
CGTCGA	87.0	88.8	-0.002
CTGTGT	10613.0	8659.4	-0.002
CTTCCT	10766.0	12840.3	-0.002
TCGAAT	608.0	517.1	-0.002
TGGCCG	1500.0	1225.5	-0.002
GTATAC	1542.0	1259.4	-0.002
AATACG	493.0	425.3	-0.002
TTGTAG	7423.0	5828.3	-0.002
AAGTTT	7819.0	6133.6	-0.002
TTTACT	8220.0	6444.5	-0.002
AAACTA	2946.0	2359.6	-0.002
GTTATA	2438.0	1963.3	-0.002
TTATCG	472.0	409.1	-0.002
GTTGAC	2118.0	1713.8	-0.002
ACTTGT	3920.0	3118.1	-0.002
GGGATG	3650.0	3365.8	-0.001
TGTACC	2841.0	2280.2	-0.001
GCGCTA	519.0	448.7	-0.001
ACTCGA	467.0	406.5	-0.001
ATCGCA	486.0	517.7	-0.001
AACGGA	619.0	529.9	-0.001
ATACCA	2565.0	2066.8	-0.001
ACCCGA	541.0	514.8	-0.001
CGGGAC	618.0	568.6	-0.001
GACGAA	525.0	454.5	-0.001
ACACCT	4898.0	4234.8	-0.001
TCGGGC	743.0	630.0	-0.001
CGCCGT	414.0	364.0	-0.001
TTGTGT	8702.0	7513.1	-0.001
TACCCG	549.0	474.6	-0.001
TTCCAG	7201.0	6910.2	-0.001
CCCTCA	3853.0	4648.3	-0.001
GAACTA	2193.0	1827.7	-0.001
GAAATA	4460.0	3547.6	-0.001
CGCAAA	498.0	449.9	-0.001
TATACG	343.0	308.0	-0.001
CCGTCA	808.0	683.3	-0.001
ATAGTT	3960.0	3627.9	-0.001
CCGTTA	368.0	329.0	-0.001
GGAACG	564.0	488.9	-0.001
ACGGAC	359.0	321.8	-0.001
GGTCGG	624.0	538.0	-0.001
AGCGCT	758.0	937.0	-0.001
TGCTAC	2497.0	2102.4	-0.001
TAATGA	3688.0	2952.5	-0.001
TAGCGA	458.0	403.5	-0.001
ACGGTA	369.0	330.7	-0.001
AAAAGT	5526.0	4382.0	-0.001
CCAAAA	4793.0	3813.5	-0.001
GGCATC	2508.0	2307.7	-0.001
TAATCG	326.0	295.4	-0.001
TAAACG	516.0	451.5	-0.000
TACGAG	334.0	302.3	-0.000
CGGCCA	1596.0	1315.7	-0.000
TCCGTC	1510.0	1246.2	-0.000
TTTGCC	9456.0	7429.8	-0.000
ACGTCG	153.0	150.8	-0.000
GTAGTA	2077.0	1695.7	-0.000
ACGTTA	548.0	478.1	-0.000
GATAGA	2422.0	1966.2	-0.000
CGTACA	378.0	339.7	-0.000
GGATAC	1384.0	1148.5	-0.000
GACTGA	3181.0	2563.2	-0.000
ATGTGA	4626.0	3691.3	-0.000
TGTGCA	5545.0	5162.6	-0.000
TGCCCG	4095.0	3279.4	-0.000
CGTCGG	197.0	189.8	-0.000
CTTGTG	6043.0	4794.8	-0.000
TTACCT	4372.0	3495.1	-0.000
TACATC	1892.0	1553.9	-0.000
CGCGGG	500.0	441.1	-0.000
CAGAAT	4910.0	3916.6	-0.000
GTTCTA	2476.0	2241.6	-0.000
ACATCC	2486.0	2465.9	-0.000
AACCAT	2981.0	2411.9	-0.000
GCCGTA	385.0	348.0	-0.000
GATCGA	432.0	386.7	-0.000
CAAGGA	3121.0	3109.2	-0.000
CCATAC	1997.0	1638.3	-0.000
ATATGC	2447.0	1993.5	-0.000
ACGGCG	251.0	236.1	-0.000
GTCGGA	384.0	347.8	-0.000
GAGCCG	1140.0	1293.1	-0.000
TTAAGG	3394.0	2737.9	-0.000
TTACGA	394.0	356.9	-0.000
TGATAA	3345.0	2700.7	-0.000
ACTCTC	3243.0	3450.8	-0.000
ATGTAC	2361.0	1928.7	-0.000
AGGTTG	4963.0	4548.3	-0.000
AGTTAA	3473.0	2801.3	-0.000
ATCGAA	315.0	291.5	-0.000
TAAACA	4027.0	3235.8	-0.000
TTACCC	3202.0	2590.3	-0.000
ATCGGA	310.0	287.9	-0.000
GACCGG	586.0	515.4	-0.000
CCATTC	7484.0	5926.5	-0.000
ATAGAA	3287.0	2657.1	-0.000
TCTACC	3305.0	2768.0	-0.000
GAAAAT	5673.0	4522.8	-0.000
ACGGGC	720.0	625.5	-0.000
TAGCAC	2232.0	1830.8	-0.000
TCAAAT	5426.0	4330.9	-0.000
TACGAC	182.0	199.5	-0.000
ACTCCG	1001.0	970.4	-0.000
TGCTAG	3493.0	2822.6	-0.000
ATAAAA	6341.0	5043.6	-0.000
TAACGC	295.0	276.8	-0.000
CGATAG	276.0	260.4	-0.000
CGTCGT	181.0	179.1	-0.000
GGCTAC	1876.0	1551.0	-0.000
CTCCGT	1924.0	1590.9	-0.000
AGGTCT	4881.0	3910.4	-0.000
ACTATG	3272.0	2652.5	-0.000
GTAAAT	3755.0	3032.2	-0.000
ATCGTT	664.0	583.7	-0.000
GTTACG	386.0	354.2	-0.000
TCATAT	4077.0	3286.2	-0.000
TAACTC	2565.0	2212.1	-0.000
TCGTCG	139.0	144.4	-0.000
ACTTAC	2292.0	1885.6	-0.000
CGAATT	681.0	598.4	-0.000
AATGGC	5520.0	4514.5	-0.000
TGCGCT	803.0	829.4	-0.000
GACGCG	267.0	255.8	-0.000
TCATTG	6016.0	4912.3	-0.000
GGTAAT	2468.0	2026.6	-0.000
CCTGGT	5767.0	5288.8	-0.000
CGTGTA	716.0	636.9	-0.000
CCGATA	243.0	235.7	-0.000
CATACG	414.0	379.5	-0.000
TAAAGA	4725.0	3798.2	-0.000
TTCCGG	1131.0	963.3	-0.000
CGGTCA	525.0	538.6	-0.000
ATAGAC	1631.0	1365.0	-0.000
CGCCGA	246.0	238.5	-0.000
TAAATG	5227.0	4192.1	-0.000
GACTTT	6010.0	4803.6	-0.000
TATAGC	2060.0	1706.8	-0.000
TTTCAG	9687.0	8194.0	-0.000
TATCGT	451.0	412.6	-0.000
TAGACG	575.0	514.8	-0.000
CACTTT	9549.0	7558.3	-0.000
TACAGA	5052.0	4060.5	-0.000
AACGCA	444.0	408.0	-0.000
GTACAC	1421.0	1200.8	-0.000
TTCGAC	335.0	315.7	-0.000
TTATGG	3728.0	3024.3	-0.000
CGTGAA	983.0	848.9	-0.000
GCGGTA	333.0	314.3	-0.000
CTATAT	2897.0	2372.5	-0.000
AGGGTT	5761.0	5570.9	-0.000
TCATTT	12670.0	10789.6	-0.000
ACTAGA	2047.0	1700.8	-0.000
CAAATG	4847.0	3904.5	-0.000
CAAATT	5248.0	4217.1	-0.000
TCGATC	1125.0	1427.3	-0.000
CGATGC	417.0	482.4	-0.000
TACCTA	2187.0	1812.2	-0.000
CGACGG	150.0	157.6	-0.000
AACTGT	3778.0	3068.4	-0.000
AAGAGA	5741.0	4604.4	-0.000
GTTAGA	2096.0	1741.6	-0.000
TTCGGC	980.0	858.3	-0.000
TCGAAA	446.0	411.1	-0.000
AAATGC	4740.0	3823.5	-0.000
TGTCAT	5932.0	4755.8	-0.000
CCTTAA	3199.0	2614.5	-0.000
GACATT	3771.0	3064.3	-0.000
CGTTGT	802.0	704.2	-0.000
GAGCTC	4667.0	3954.1	-0.000
GTTCGG	389.0	363.8	-0.000
GTTTCA	10707.0	11243.4	-0.000
CGGATC	599.0	544.0	-0.000
ATACCG	300.0	288.3	-0.000
CCCGGA	1130.0	971.0	-0.000
GTTACA	2938.0	2411.2	-0.000
TCCGCT	1405.0	1193.4	-0.000
ATGATA	2806.0	2307.6	-0.000
GAAAAA	6208.0	4977.8	-0.000
CGAAAT	502.0	459.6	-0.000
TTCGAA	682.0	608.6	-0.000
TACCCA	3740.0	3045.6	-0.000
TACACG	498.0	540.2	-0.000
TTTCGT	1859.0	1558.8	-0.000
AGAGCA	4133.0	3828.7	-0.000
GTTCAT	4435.0	3793.5	-0.000
TCGTAT	581.0	525.7	-0.000
CCGGAC	529.0	482.9	-0.000
ATAATC	2606.0	2152.7	-0.000
GTAACA	2056.0	1715.5	-0.000
CATGTA	3550.0	2898.1	-0.000
TCCGCG	265.0	275.0	-0.000
TATACA	3137.0	2573.7	-0.000
CAGTTC	5374.0	4330.6	-0.000
GTGAGT	3701.0	3776.9	-0.000
TCGGTA	348.0	331.1	-0.000
TGTACG	426.0	398.7	-0.000
GATCGG	359.0	341.3	-0.000
TGTAAT	6458.0	5641.7	-0.000
ATACGA	314.0	303.5	-0.000
CTATAC	1389.0	1185.5	-0.000
TCGCAT	426.0	399.6	-0.000
TGACGC	576.0	524.1	-0.000
ATTAAC	2312.0	1925.1	-0.000
GTCGGG	735.0	656.1	-0.000
AGTATG	2553.0	2117.8	-0.000
CGCATC	556.0	508.6	-0.000
CGAATC	300.0	375.9	-0.000
GACGAG	792.0	703.2	-0.000
AACGGC	383.0	363.2	-0.000
TAGATA	2619.0	2169.7	-0.000
GTCCGC	564.0	515.1	-0.000
AGGTAG	3173.0	2609.0	-0.000
GAGAAG	4681.0	4573.0	-0.000
ACATGA	3320.0	2725.4	-0.000
CTAACG	311.0	302.0	-0.000
GCGTTA	387.0	444.8	-0.000
TTCTCA	8154.0	7637.3	-0.000
ACGCGT	164.0	174.0	-0.000
AGATAT	3204.0	2846.1	-0.000
GTACTC	1494.0	1274.1	-0.000
GTAGAC	1551.0	1320.9	-0.000
CGAAAG	582.0	531.8	-0.000
TACGAA	344.0	332.0	-0.000
ACTTAT	3041.0	2638.1	-0.000
AGCGTA	404.0	393.5	-0.000
GAAGCG	746.0	667.2	-0.000
TTAACA	4045.0	3301.5	-0.000
TATATC	2664.0	2210.5	-0.000
ACATAC	2210.0	1849.4	-0.000
TAACCA	2340.0	1953.5	-0.000
AACTTG	3646.0	2987.6	-0.000
TTAGAA	4730.0	3841.1	-0.000
AGCGTG	1229.0	1063.5	-0.000
CGGTAA	346.0	334.7	-0.000
TTGGTA	4824.0	3917.8	-0.000
AGTAAA	3844.0	3145.1	-0.000
ATCGGC	421.0	421.8	-0.000
ATGAAC	2732.0	2266.3	-0.000
GGCAAC	2480.0	2251.0	-0.000
ATGGCA	5116.0	4147.4	-0.000
TAGTAC	1623.0	1383.6	-0.000
AAAAAC	4845.0	3936.5	-0.000
TTGACT	4871.0	3956.3	-0.000
TATCGA	283.0	281.1	-0.000
ACAATA	2465.0	2056.5	-0.000
TCCGTA	493.0	460.8	-0.000
CGTAAA	476.0	446.7	-0.000
TCTAAC	1958.0	2147.5	-0.000
ACGGAT	444.0	420.0	-0.000
GGGGGT	3405.0	2805.3	-0.000
AGATAC	2281.0	1912.2	-0.000
CGTATT	852.0	759.9	-0.000
AAGGTC	3070.0	2540.3	-0.000
CGCGAA	121.0	138.7	-0.000
ATAGAT	2713.0	2349.1	-0.000
TCATAA	3082.0	2552.3	-0.000
TAATTG	3884.0	3187.2	-0.000
ATTCAC	3065.0	2856.9	-0.000
GCCGTT	715.0	648.7	-0.000
CGTTCT	1260.0	1095.3	-0.000
CCGCGG	487.0	458.4	-0.000
AAACGT	850.0	760.4	-0.000
ATAGAG	3431.0	2830.9	-0.000
GCCGGT	642.0	588.0	-0.000
GCGTCG	171.0	189.7	-0.000
GCGACG	169.0	183.2	-0.000
ATAACC	1563.0	1341.5	-0.000
ATCGCC	708.0	643.3	-0.000
TATCCG	319.0	316.0	-0.000
CCTGTC	6984.0	5625.1	-0.000
CCAACG	429.0	456.0	-0.000
TCGTTC	924.0	822.1	-0.000
GGGGGA	3328.0	2751.0	-0.000
CATAAG	2088.0	1763.1	-0.000
ACATTG	3491.0	2881.0	-0.000
ACAACT	2493.0	2087.1	-0.000
GATAGC	1386.0	1200.1	-0.000
GGCCGT	771.0	698.9	-0.000
AGGATT	6013.0	4869.5	-0.000
CGTTGA	557.0	519.9	-0.000
AACAAT	3393.0	2855.0	-0.000
CAGGAG	7009.0	7700.6	-0.000
TCACTT	7560.0	6320.8	-0.000
GGGTGG	5286.0	4830.5	-0.000
ATGGCG	1911.0	1625.6	-0.000
CAATAT	2890.0	2407.8	-0.000
TACTGA	3241.0	2731.9	-0.000
AAGTTC	3663.0	3419.5	-0.000
TATGAC	1754.0	1500.2	-0.000
AGGTAT	2971.0	2690.0	-0.000
TCCCGT	1083.0	956.4	-0.000
GGGTAT	1997.0	1696.4	-0.000
GCTAGT	2374.0	1998.4	-0.000
CGTAGG	438.0	421.2	-0.000
AACCGT	479.0	455.2	-0.000
TTTATC	5942.0	5625.3	-0.000
ACAGAT	4282.0	3513.5	-0.000
AACCGA	339.0	423.9	-0.000
ATGAAT	4396.0	3603.6	-0.000
ATGCCG	638.0	590.9	-0.000
TGCAAA	4673.0	4482.2	-0.000
GGGCCG	1010.0	898.2	-0.000
CGGCAC	646.0	596.1	-0.000
ATACGC	284.0	288.3	-0.000
GTCAAC	1366.0	1273.4	-0.000
TTACCA	3643.0	3009.6	-0.000
TTTACG	732.0	668.7	-0.000
TGCGAA	479.0	456.3	-0.000
TACACT	2275.0	1921.7	-0.000
TTGGGC	4131.0	3397.3	-0.000
GTCGGT	406.0	394.2	-0.000
TGACGT	832.0	752.3	-0.000
CGCCAG	1424.0	1237.6	-0.000
GCCGTC	709.0	650.5	-0.000
GCCGAT	389.0	380.8	-0.000
TTACAA	4271.0	3514.2	-0.000
ACATTA	2889.0	2414.1	-0.000
CCAGTA	3497.0	2974.0	-0.000
ACATCT	3813.0	3147.6	-0.000
CGCGAC	178.0	195.7	-0.000
ATTAAG	2772.0	2321.6	-0.000
ACACGA	547.0	515.6	-0.000
TAGTAA	2702.0	2266.9	-0.000
AGAATT	6004.0	4877.7	-0.000
GATGCG	632.0	588.1	-0.000
TAAGAA	3946.0	3255.2	-0.000
ACCGTC	520.0	493.7	-0.000
CAACTG	2647.0	2359.9	-0.000
ATATGA	3043.0	2540.7	-0.000
ACGAAG	649.0	602.3	-0.000
CCATCG	746.0	683.6	-0.000
ACGGCC	549.0	518.8	-0.000
TGTCCG	747.0	685.3	-0.000
GTACGC	210.0	225.5	-0.000
GCGGTT	715.0	658.0	-0.000
ACTACC	1586.0	1373.3	-0.000
CTTACC	2567.0	2162.6	-0.000
CCACGG	1037.0	925.6	-0.000
CGGCGC	441.0	463.0	-0.000
TATGGT	2938.0	2459.8	-0.000
CGCCCT	1515.0	1316.9	-0.000
CACCGG	638.0	595.8	-0.000
AGTTCG	778.0	712.1	-0.000
ACTACG	550.0	520.1	-0.000
GGATGG	4474.0	4764.3	-0.000
TTCCTG	11510.0	10246.5	-0.000
GCGAAT	360.0	359.0	-0.000
AATAGT	3165.0	2642.7	-0.000
GACCAT	2158.0	1837.0	-0.000
GGTGTC	3223.0	2688.9	-0.000
GTCGAT	279.0	288.7	-0.000
GGTATA	1813.0	1560.5	-0.000
AGTCGA	337.0	339.2	-0.000
CCGTGA	874.0	794.6	-0.000
ACGTGC	1095.0	1132.9	-0.000
GGATCC	2299.0	1952.6	-0.000
CGCGGC	466.0	498.5	-0.000
TGGTAG	4117.0	3402.0	-0.000
CATCGC	606.0	571.7	-0.000
TCTACG	389.0	385.3	-0.000
TAAAAG	4581.0	3771.3	-0.000
CTTCCA	7480.0	6383.6	-0.000
GGATCG	511.0	490.0	-0.000
CGACTG	512.0	492.0	-0.000
TCGAAG	458.0	445.5	-0.000
CGAGAA	585.0	553.4	-0.000
ATCGTG	860.0	824.0	-0.000
GTAAAA	3663.0	3044.0	-0.000
TTCTGT	11754.0	10619.9	-0.000
GAACGA	368.0	368.2	-0.000
GATCTG	5470.0	4636.7	-0.000
GTCCGG	625.0	589.3	-0.000
CTGTCT	11187.0	9243.9	-0.000
CGGCCG	685.0	639.0	-0.000
ATCCGT	550.0	525.6	-0.000
ACCGGC	538.0	516.0	-0.000
CGCGGT	477.0	463.6	-0.000
ACGTAC	360.0	362.9	-0.000
GCTATA	1801.0	1558.0	-0.000
CTATAA	2698.0	2279.4	-0.000
AAGGTT	3521.0	2936.6	-0.000
CGGTGC	764.0	707.3	-0.000
TAGAGC	2135.0	1827.5	-0.000
CGCTCG	356.0	359.9	-0.000
TGCGTT	1054.0	1062.8	-0.000
ACGCAT	453.0	444.9	-0.000
AGATGT	4411.0	3644.9	-0.000
GTATCA	2106.0	1804.9	-0.000
ATCGGG	388.0	387.1	-0.000
CGGTCC	462.0	451.3	-0.000
GTACGT	440.0	433.2	-0.000
CGTTAT	558.0	533.0	-0.000
ACTTCG	636.0	600.9	-0.000
GAATTC	3633.0	3027.4	-0.000
TTCAAT	3509.0	3667.4	-0.000
GCCGAA	506.0	489.5	-0.000
GTCTTT	8848.0	7901.7	-0.000
TGGGGC	4421.0	4077.5	-0.000
CTAGCA	2118.0	2096.0	-0.000
TTGTGG	6284.0	5127.6	-0.000
CCAGGA	6139.0	7069.4	-0.000
CGTGTC	980.0	890.0	-0.000
GGCCTT	5641.0	4620.7	-0.000
CGGACG	159.0	184.8	-0.000
CGGTAT	339.0	346.5	-0.000
GTCGAA	306.0	317.7	-0.000
ATGCGT	626.0	594.9	-0.000
AAGAGT	3535.0	2954.1	-0.000
CGCTTT	1627.0	1421.2	-0.000
TTGCCA	6885.0	5604.2	-0.000
AACAGT	3619.0	3021.6	-0.000
GATAAT	3003.0	2530.5	-0.000
AGTTGA	3529.0	2950.7	-0.000
ATTATG	3731.0	3111.9	-0.000
CGTAGA	460.0	452.7	-0.000
GAAAGT	3734.0	3114.4	-0.000
TAACGA	315.0	326.6	-0.000
TTCCGC	1048.0	947.1	-0.000
CGTACG	84.0	113.8	-0.000
CCGTTG	705.0	661.6	-0.000
ATCGAC	212.0	234.3	-0.000
TGTTCA	4908.0	4806.7	-0.000
ACCCGT	578.0	554.9	-0.000
ACCAAG	2937.0	2751.9	-0.000
TTGTAA	5218.0	4525.3	-0.000
ACGTCT	859.0	792.8	-0.000
AGTCCT	5033.0	4149.7	-0.000
AAATGG	5069.0	4179.6	-0.000
ACAAAT	4006.0	3336.5	-0.000
TCGACA	287.0	303.9	-0.000
GGGGTA	1709.0	1493.5	-0.000
CGCTTA	412.0	414.8	-0.000
ATATCA	2641.0	2247.1	-0.000
TGGAAA	6023.0	4935.7	-0.000
CAGTTT	8695.0	8130.8	-0.000
GCCGCG	509.0	497.1	-0.000
GAAACT	3873.0	3232.8	-0.000
CTAATA	2400.0	2053.3	-0.000
ATCTAA	2286.0	1961.5	-0.000
TTGCTT	10690.0	9256.7	-0.000
TATGCG	326.0	338.0	-0.000
GTATGG	1804.0	1571.3	-0.000
AGCGGA	505.0	494.7	-0.000
GGACCG	416.0	418.2	-0.000
CTGGTC	11000.0	8845.2	-0.000
TGGCAA	3928.0	3277.3	-0.000
GACGCA	485.0	477.3	-0.000
AGTTAC	2401.0	2055.1	-0.000
GAACGG	411.0	414.1	-0.000
TAGTGA	3144.0	2652.2	-0.000
GCGTAT	381.0	387.3	-0.000
GCTATG	2862.0	2427.8	-0.000
CTAGAA	3343.0	2813.3	-0.000
CGACCA	431.0	432.8	-0.000
TAATGC	2368.0	2030.0	-0.000
TAATCA	2788.0	2368.1	-0.000
TCTATT	5718.0	5555.8	-0.000
TCGACG	75.0	106.8	-0.000
ACGCGG	199.0	225.3	-0.000
GTTATC	1911.0	1661.2	-0.000
GATTGA	2424.0	2076.5	-0.000
AGCACG	762.0	715.4	-0.000
CGCATT	592.0	571.8	-0.000
TGGTAA	3321.0	2796.1	-0.000
GTTGCA	3076.0	3023.6	-0.000
GGGCTT	4504.0	3986.4	-0.000
GGGGAT	2639.0	2609.4	-0.000
ACTTTG	7787.0	6333.9	-0.000
GCCCGT	833.0	775.8	-0.000
AGGACT	3813.0	3191.7	-0.000
TTGGGT	5281.0	4450.1	-0.000
ATGTCA	3729.0	3124.6	-0.000
GGGGTT	8426.0	8306.5	-0.000
CGCCGG	505.0	498.0	-0.000
TCCGAT	399.0	406.4	-0.000
GAGGGC	3149.0	3030.4	-0.000
GTCTGA	3139.0	2868.9	-0.000
AGAAAT	6297.0	5164.3	-0.000
AATATC	2718.0	2318.0	-0.000
TACTTG	3519.0	2960.3	-0.000
CGCTAG	304.0	322.6	-0.000
CTCTGG	6547.0	6581.6	-0.000
GCGGAA	440.0	443.6	-0.000
ATCTTC	4845.0	4019.0	-0.000
CACGGG	746.0	705.2	-0.000
ACTAAG	1735.0	1523.3	-0.000
CGACAT	327.0	343.9	-0.000
TGAAAG	4468.0	3719.8	-0.000
AATGGA	3904.0	3270.5	-0.000
AAGTTG	3758.0	3154.1	-0.000
TGTCGA	521.0	514.0	-0.000
AATCCG	438.0	442.1	-0.000
TGTATG	4205.0	3511.8	-0.000
AGGGCA	3750.0	3542.6	-0.000
ATCAAA	2915.0	2480.6	-0.000
CGATGT	589.0	574.0	-0.000
GCTACG	336.0	352.1	-0.000
CGTCTA	379.0	390.2	-0.000
CAAGAA	3368.0	3179.3	-0.000
GTACCC	1467.0	1306.2	-0.000
AAGGGA	4398.0	3816.2	-0.000
GAAACA	4146.0	3467.8	-0.000
GTCGTT	572.0	559.9	-0.000
GACCGT	465.0	466.9	-0.000
ACAAGG	3190.0	2704.3	-0.000
GATACC	1328.0	1194.5	-0.000
CCATCT	8363.0	6805.1	-0.000
AACGGT	406.0	416.1	-0.000
TAGACA	2773.0	2369.1	-0.000
ATATCT	4031.0	3378.3	-0.000
AACCGG	332.0	350.5	-0.000
TGACCT	10479.0	9160.6	-0.000
ATAGCA	2559.0	2198.4	-0.000
CACATA	2899.0	2472.4	-0.000
GCGCCG	475.0	476.7	-0.000
TCAACG	352.0	368.7	-0.000
CATTAC	2166.0	1881.4	-0.000
GATGTA	2177.0	1890.8	-0.000
TAGGGT	2942.0	2640.6	-0.000
AGTCCG	479.0	480.7	-0.000
AAATAA	7701.0	6288.4	-0.000
ACTCAA	3181.0	2701.2	-0.000
AGAGTT	5796.0	4784.4	-0.000
ACACGT	863.0	809.0	-0.000
ACGAGC	401.0	413.3	-0.000
GGCCTG	6231.0	5475.0	-0.000
CGGCGG	543.0	536.8	-0.000
ACGGGA	704.0	674.6	-0.000
AAGCCG	630.0	612.5	-0.000
ATGGAA	4374.0	3656.4	-0.000
TACCAT	3632.0	3064.7	-0.000
GGACGA	406.0	418.8	-0.000
AATTGG	2958.0	2523.0	-0.000
ACACTA	1649.0	1461.4	-0.000
ACTAAC	1218.0	1106.4	-0.000
CCGGTG	709.0	679.7	-0.000
TACGCC	550.0	543.4	-0.000
ACAGTT	4827.0	4028.1	-0.000
CAAGGG	3224.0	2807.1	-0.000
CTAGAC	1564.0	1395.0	-0.000
TATAAG	2490.0	2148.3	-0.000
GTGCGC	1032.0	1023.0	-0.000
AACGCG	127.0	163.8	-0.000
TTCGTA	706.0	678.6	-0.000
GGAACC	2049.0	1908.1	-0.000
TAATTC	3876.0	3264.8	-0.000
TGTTCG	669.0	647.1	-0.000
ATTGCG	450.0	459.0	-0.000
ACGTTC	587.0	578.9	-0.000
CGCCAA	500.0	502.8	-0.000
TACGCT	395.0	411.3	-0.000
CGGCGA	177.0	212.1	-0.000
TTGGGG	5961.0	4926.1	-0.000
CCGTAT	495.0	498.8	-0.000
CATAGG	1999.0	1753.8	-0.000
CTCGAA	3187.0	2714.8	-0.000
CGTATG	440.0	451.3	-0.000
TCGAAC	2983.0	2551.5	-0.000
ATTGCT	5108.0	4709.5	-0.000
ACCGAA	367.0	386.4	-0.000
TAACCG	279.0	307.0	-0.000
AAAATA	9005.0	7334.5	-0.000
ATATTC	3697.0	3127.9	-0.000
AATACC	2057.0	1802.7	-0.000
ACTAAT	2741.0	2358.7	-0.000
GCATCG	435.0	448.9	-0.000
CCGCAT	633.0	620.7	-0.000
ATGACA	3061.0	2617.3	-0.000
TTTACA	6243.0	5536.6	-0.000
CAGTCA	4018.0	3387.7	-0.000
TTGCAC	3317.0	3104.6	-0.000
AATGCG	434.0	448.2	-0.000
CCCGTA	376.0	397.1	-0.000
CGAACC	320.0	346.2	-0.000
AATAGA	3295.0	2809.4	-0.000
GAGCGG	730.0	705.5	-0.000
CCGAAC	313.0	340.6	-0.000
ACGTGT	1030.0	958.8	-0.000
ACTCGT	605.0	598.7	-0.000
TAGCCA	3695.0	4494.2	-0.000
TAACAC	1880.0	1662.9	-0.000
CGGTAG	426.0	442.5	-0.000
TCAATT	3672.0	4005.1	-0.000
TTCGTT	1588.0	1427.3	-0.000
TCGTGT	999.0	934.9	-0.000
TAGTGT	3190.0	2727.4	-0.000
GCTACA	2066.0	1817.0	-0.000
GCGGCA	686.0	668.3	-0.000
GTTCGC	391.0	412.5	-0.000
GCTTCG	790.0	757.5	-0.000
GAGTTT	9933.0	8079.7	-0.000
CTTCGA	533.0	536.7	-0.000
CAGTAT	3388.0	2887.2	-0.000
GCATGT	4703.0	3941.2	-0.000
ATAGCC	1808.0	1606.6	-0.000
CGACCG	126.0	166.5	-0.000
CATCCG	737.0	713.5	-0.000
GTAAAC	1907.0	1688.4	-0.000
AACTCG	681.0	675.2	-0.000
CGCACA	686.0	669.4	-0.000
CTAAGA	2483.0	2158.1	-0.000
GAACAT	3063.0	2627.6	-0.000
ATCCGG	442.0	458.1	-0.000
AGAACG	540.0	543.6	-0.000
GGTGGC	5304.0	4422.8	-0.000
TAGGTT	3643.0	3323.4	-0.000
TGTACA	3437.0	2929.5	-0.000
TCGTTG	839.0	801.8	-0.000
TGGCTA	8299.0	6796.9	-0.000
CTACGT	527.0	532.8	-0.000
GAAACG	854.0	814.8	-0.000
GGCCGC	972.0	914.9	-0.000
CGAGCT	810.0	776.8	-0.000
AGACCA	4199.0	3543.7	-0.000
GCCCTG	5963.0	5379.9	-0.000
AAAATC	4334.0	3651.4	-0.000
AAATTA	6428.0	5407.5	-0.000
GACTAA	1772.0	1579.4	-0.000
CCATAA	2078.0	1831.7	-0.000
GTAACG	290.0	322.3	-0.000
CAACTA	1673.0	1500.9	-0.000
ACACTT	4042.0	3420.0	-0.000
CGGGTG	1228.0	1130.8	-0.000
TGGCGA	987.0	928.1	-0.000
TCAGTA	3829.0	3248.4	-0.000
CATATG	3106.0	2667.5	-0.000
CGACTT	653.0	643.7	-0.000
GAACCG	369.0	395.9	-0.000
TAGCGC	388.0	412.8	-0.000
GTCCGT	494.0	505.2	-0.000
CTTACA	2788.0	2411.0	-0.000
ACTGAT	3183.0	2796.4	-0.000
AATGTG	4542.0	3821.8	-0.000
TTGTCT	7898.0	7273.9	-0.000
AAAGAT	4318.0	3643.5	-0.000
ATATGG	2674.0	2319.8	-0.000
ATGGTT	4097.0	3467.9	-0.000
ATCGGT	311.0	343.6	-0.000
GGCGAG	1048.0	982.4	-0.000
TACGTG	730.0	712.3	-0.000
TCGCTT	1523.0	1380.0	-0.000
TGCATT	6556.0	6043.3	-0.000
TGAACA	3740.0	3183.9	-0.000
AGTCGG	574.0	578.7	-0.000
TTTCCG	1276.0	1174.7	-0.000
CAATAC	1481.0	1345.4	-0.000
GATCGC	570.0	747.0	-0.000
TAGCAT	3049.0	2627.1	-0.000
CTTAGT	3002.0	2694.7	-0.000
ATAGTC	1876.0	1671.4	-0.000
CGGACC	345.0	375.1	-0.000
GCGGGT	813.0	784.0	-0.000
AAGACA	4204.0	3558.0	-0.000
CTAATG	2547.0	2221.5	-0.000
GTCTAA	1761.0	1577.4	-0.000
ACGAGA	504.0	517.3	-0.000
CATTGT	5242.0	4389.1	-0.000
AATAAG	2856.0	2472.7	-0.000
ATGCTA	2398.0	2101.8	-0.000
ACTAGT	1552.0	1406.4	-0.000
GGGGAC	2516.0	2197.9	-0.000
CGGATG	501.0	515.9	-0.000
CTACGC	450.0	471.8	-0.000
AAACAG	4747.0	3995.4	-0.000
ACGACA	347.0	378.9	-0.000
ATAAGT	2526.0	2207.3	-0.000
GTCCGA	305.0	340.8	-0.000
TTCGGG	705.0	694.9	-0.000
TCTCAT	7091.0	6208.1	-0.000
GGTCCG	401.0	429.0	-0.000
ATAAGA	2466.0	2158.9	-0.000
GCGGCG	621.0	622.3	-0.000
ATGCAT	3431.0	2941.2	-0.000
TGCTCG	820.0	951.0	-0.000
CATACA	2394.0	2101.7	-0.000
TCCGTG	1025.0	968.3	-0.000
CATCGT	757.0	740.8	-0.000
CTTGTC	5146.0	4318.5	-0.000
CTGTGC	7439.0	6143.1	-0.000
CGAAGA	429.0	454.5	-0.000
TTACAC	2237.0	1973.0	-0.000
TTCGCG	158.0	203.9	-0.000
GACGAC	262.0	302.4	-0.000
AAACGG	767.0	750.6	-0.000
TTTACC	4592.0	3879.1	-0.000
GTCCTA	1730.0	1559.0	-0.000
ATTTCT	11580.0	11473.0	-0.000
CACCGA	656.0	654.8	-0.000
CAGTAA	3057.0	2644.5	-0.000
GCTTAT	3147.0	2717.8	-0.000
ACGACC	326.0	362.2	-0.000
GGATGA	2887.0	2940.4	-0.000
ATTCAA	4249.0	3621.2	-0.000
AGATAA	3449.0	2963.4	-0.000
TCGTCT	1005.0	955.7	-0.000
GTGCCC	5366.0	4503.6	-0.000
CGCACG	300.0	339.7	-0.000
GACAAC	1385.0	1275.1	-0.000
TGTGGT	6716.0	6048.2	-0.000
TAGCCC	2214.0	2108.0	-0.000
CTGTAC	2774.0	2419.6	-0.000
CGCGCC	2033.0	1814.8	-0.000
GGTACT	1764.0	1592.3	-0.000
TTAGGC	2327.0	2055.8	-0.000
CACGGA	595.0	605.2	-0.000
ACGCCG	263.0	306.7	-0.000
TTCGAT	496.0	517.5	-0.000
ACACGG	805.0	786.2	-0.000
GACGAT	341.0	378.0	-0.000
TCGGAA	489.0	511.7	-0.000
ACGTGG	1172.0	1099.7	-0.000
GGTCGA	306.0	346.4	-0.000
TGTGTA	5328.0	4478.5	-0.000
AAATCG	472.0	496.3	-0.000
TGACTT	6270.0	5230.0	-0.000
TCCGTT	993.0	948.6	-0.000
TAGAAA	4955.0	4181.8	-0.000
TACTTC	3181.0	2753.4	-0.000
CGATGG	686.0	685.9	-0.000
GCGCAT	632.0	638.1	-0.000
CGGGCG	839.0	817.0	-0.000
GGAACT	3635.0	3120.4	-0.000
CGGTTA	326.0	365.0	-0.000
CGGAAG	682.0	681.1	-0.000
GGCTAT	2317.0	2049.4	-0.000
TCTTAG	4092.0	3490.3	-0.000
TACGCA	317.0	358.0	-0.000
CCAGCT	9644.0	10474.0	-0.000
CTGAAT	4976.0	4290.1	-0.000
GACCCG	477.0	502.5	-0.000
CGTTAC	369.0	406.9	-0.000
ATAGGA	2338.0	2069.6	-0.000
CTGCAC	5387.0	5058.3	-0.000
TACACC	1645.0	1498.4	-0.000
CACACC	8104.0	6695.1	-0.000
TACGCG	73.0	120.0	-0.000
TATCAT	3278.0	2837.8	-0.000
TTCGCT	1743.0	1580.1	-0.000
CTACGA	271.0	316.3	-0.000
CTGTAT	4563.0	3875.1	-0.000
GTTATG	2130.0	1902.1	-0.000
AGAACT	3647.0	3137.8	-0.000
CCGAGA	1136.0	1089.0	-0.000
GATAAA	2930.0	2556.2	-0.000
ATGACT	3201.0	2777.4	-0.000
CGACGA	66.0	113.7	-0.000
GCGGAT	568.0	587.0	-0.000
AACGAG	423.0	457.4	-0.000
AAAACA	6286.0	5255.7	-0.000
CACGAC	473.0	501.5	-0.000
TAGTAT	3061.0	2664.5	-0.000
GAGCAC	2454.0	2168.2	-0.000
GTTAAG	2119.0	1894.1	-0.000
CCGCTT	1322.0	1232.4	-0.000
AAAGGT	3207.0	2784.5	-0.000
ATGGAT	3160.0	2745.8	-0.000
CTCGTT	1287.0	1203.1	-0.000
TGGTCG	567.0	586.9	-0.000
CAGACG	1022.0	979.5	-0.000
CAACGG	368.0	408.4	-0.000
TCCTCG	1121.0	1154.9	-0.000
CATCTC	7036.0	5856.2	-0.000
ATTTCG	997.0	958.4	-0.000
TGAGAG	5042.0	4453.7	-0.000
TCGTTA	521.0	545.5	-0.000
CTTTGA	6557.0	5502.4	-0.000
GTTACT	3047.0	2656.1	-0.000
TTATGC	2650.0	2334.6	-0.000
TAAGGC	1859.0	1684.8	-0.000
GCACGT	1099.0	1049.6	-0.000
TTCATG	5944.0	4994.4	-0.000
CCGATG	397.0	437.6	-0.000
TGAGCG	742.0	896.0	-0.000
AAAAAT	11307.0	9250.8	-0.000
AAGAAT	4362.0	3726.6	-0.000
TAAAGG	3174.0	2772.6	-0.000
CGATGA	413.0	452.4	-0.000
TACGTC	331.0	376.5	-0.000
GCAACA	2873.0	2664.3	-0.000
GTTGTA	2739.0	2411.5	-0.000
GGCACC	3778.0	3872.3	-0.000
TGGGGG	5413.0	4572.9	-0.000
GTAGGG	2196.0	1966.4	-0.000
ATTGGA	2938.0	2575.5	-0.000
TTCATA	4570.0	3896.3	-0.000
CCGCGA	204.0	257.4	-0.000
TCTATA	2719.0	2396.4	-0.000
CTATCT	3610.0	3122.6	-0.000
TACTAG	1521.0	1407.5	-0.000
AATCTA	2360.0	2103.4	-0.000
ACATCG	370.0	414.6	-0.000
GACGGG	3415.0	3355.1	-0.000
GAATGA	3590.0	3108.1	-0.000
TAAATC	2819.0	2481.3	-0.000
TAGACC	1320.0	1240.0	-0.000
TTCGCA	460.0	496.6	-0.000
CGACGT	129.0	184.1	-0.000
CGCGGA	181.0	236.0	-0.000
AATCGG	321.0	369.4	-0.000
GAAACC	3218.0	3094.1	-0.000
ATCGAG	470.0	506.6	-0.000
TTCGTG	1025.0	991.4	-0.000
GGAAAT	4207.0	3611.8	-0.000
CGTCTT	1163.0	1109.4	-0.000
AATCAC	2980.0	2616.6	-0.000
CGACCC	448.0	487.3	-0.000
GGCGTT	737.0	743.5	-0.000
AAGGTA	2315.0	2071.1	-0.000
GGTTAC	1875.0	1708.9	-0.000
TAAGTT	4119.0	3542.1	-0.000
GACCAG	3918.0	3474.1	-0.000
ACCCGC	1784.0	1631.1	-0.000
GCATAG	1851.0	1689.5	-0.000
CTTCGC	881.0	868.3	-0.000
GGCGAA	442.0	483.7	-0.000
TTACGC	390.0	435.5	-0.000
AGCTAC	2869.0	2993.0	-0.000
ACGGTT	586.0	612.1	-0.000
CGTTAG	436.0	477.2	-0.000
TCGATT	659.0	678.4	-0.000
CTATCA	2271.0	2039.7	-0.000
CTCTTT	12265.0	12964.6	-0.000
TATGAA	3692.0	3204.4	-0.000
ATAAAC	2635.0	2339.7	-0.000
TAAACC	2000.0	1817.0	-0.000
TTAGAT	3589.0	3117.9	-0.000
CGACAC	309.0	361.6	-0.000
TTCCGT	1041.0	1008.6	-0.000
GCGCGG	656.0	675.4	-0.000
GACTGT	3181.0	2787.1	-0.000
TGCGCA	744.0	751.2	-0.000
CCGCTC	1135.0	1090.3	-0.000
TTCGTC	623.0	645.7	-0.000
CCGTCT	2036.0	1845.0	-0.000
ACCGGT	310.0	362.0	-0.000
CATCGG	395.0	443.8	-0.000
GTATAG	1774.0	1629.9	-0.000
CCGGTA	308.0	361.7	-0.000
ACGAAA	419.0	463.4	-0.000
TTGCGG	651.0	671.9	-0.000
GGTCGT	401.0	448.8	-0.000
CGTTCG	141.0	199.2	-0.000
TCGGGG	814.0	907.3	0.000
TATGGG	2243.0	2069.9	0.000
ATGGGC	2434.0	2504.0	0.000
GGGCCC	2594.0	2611.8	0.000
ATTTAG	4030.0	4015.0	0.000
TTTAGC	4252.0	3974.6	0.000
CTGACC	7156.0	7556.4	0.000
GACCTT	3744.0	3650.6	0.000
CCTTAC	1961.0	2017.3	0.000
CTTTAG	3838.0	3912.2	0.000
TTTAGG	4598.0	4268.2	0.000
TTAGGA	3543.0	3268.5	0.000
AGGATG	4267.0	5127.7	0.000
ATGGGG	6138.0	5862.0	0.000
GGGTGT	3590.0	3376.6	0.000
TGATAG	2475.0	2320.9	0.000
GCACGG	778.0	820.9	0.000
CGGAGA	671.0	747.1	0.000
GGAGAA	4332.0	4820.0	0.000
GAGAAT	3674.0	3958.8	0.000
TCAGGG	3799.0	3998.3	0.000
ATGGGT	2864.0	2832.0	0.000
CTCATA	2506.0	2389.5	0.000
TAGTCC	1761.0	2159.4	0.000
CCTAGA	2527.0	2420.9	0.000
ATAAGG	2026.0	1885.9	0.000
TAAGGG	1901.0	1846.5	0.000
AAGGGG	2649.0	2863.6	0.000
AGGGGA	3508.0	3392.3	0.000
GGATTT	6857.0	5934.1	0.000
GATTTA	3778.0	3279.8	0.000
TCCTAT	2932.0	2940.0	0.000
CCTATT	3553.0	3195.6	0.000
CTATTA	2668.0	2393.5	0.000
ATTTAC	4125.0	3687.2	0.000
ACTCTA	2239.0	2029.3	0.000
CTCTAT	3554.0	3325.3	0.000
TCTATC	2655.0	2675.1	0.000
TATCAA	2279.0	2059.2	0.000
TCAAAG	4124.0	3938.9	0.000
TTATCA	3792.0	3540.9	0.000
TATCAG	2765.0	2645.1	0.000
ATCAGA	2926.0	2926.8	0.000
CAGACA	3793.0	3574.2	0.000
TATTTC	7671.0	7908.1	0.000
CTTAGG	2835.0	2715.4	0.000
TTAGGT	3051.0	3043.9	0.000
AGGTTT	6867.0	6039.5	0.000
GGTTTG	4632.0	4856.7	0.000
TGAGGG	3688.0	3741.0	0.000
GAGGGG	3789.0	3525.0	0.000
AGGGGG	2712.0	2485.6	0.000
TTTCTA	8251.0	7626.4	0.000
TTCTAG	4525.0	4311.4	0.000
CTATGA	2160.0	2236.1	0.000
AGAATC	3238.0	3122.8	0.000
GAATCG	431.0	630.2	0.000
GAACCC	1816.0	2333.7	0.000
AACCCA	2541.0	2880.7	0.000
ACCCAT	2699.0	2405.4	0.000
CCCATC	4145.0	4129.4	0.000
CCATCC	4125.0	4092.2	0.000
ATCCCT	2972.0	3440.1	0.000
TCCCTG	7176.0	7581.9	0.000
CCCTGA	4167.0	4317.1	0.000
GAATCC	1925.0	2089.0	0.000
AATCCA	3052.0	2999.4	0.000
ATCCAA	2162.0	2225.5	0.000
AAATTC	4626.0	4047.8	0.000
ACCTAT	1916.0	1774.2	0.000
CCTATC	1653.0	1795.3	0.000
ACACCC	4131.0	3740.6	0.000
CACCCC	3774.0	3883.7	0.000
ACCCCA	3379.0	3596.8	0.000
CCCCAT	3578.0	3939.1	0.000
AGTAAG	2328.0	2166.5	0.000
GTAAGG	1563.0	1715.4	0.000
TAAGGT	2375.0	2140.7	0.000
AGGTCA	3609.0	3679.5	0.000
GGTCAG	4269.0	4370.3	0.000
CAGCTA	6396.0	6748.2	0.000
AGCTAA	6011.0	5469.1	0.000
CGGGCC	897.0	901.5	0.000
GCCCAT	2987.0	2913.5	0.000
CCCATA	1838.0	1760.0	0.000
ATACCC	1714.0	1623.5	0.000
TACCCC	1582.0	1620.3	0.000
ACCCCG	926.0	1087.0	0.000
CGAAAA	449.0	502.0	0.000
GTTGGT	4627.0	4309.2	0.000
TGGTTA	3318.0	3126.8	0.000
GGTTAT	2471.0	2217.0	0.000
ATATCC	1993.0	1996.4	0.000
TCCTTC	7026.0	10134.7	0.000
CTTCCC	9166.0	8222.3	0.000
TACTAA	2242.0	2264.1	0.000
CTAATT	14188.0	13100.2	0.000
TTAATC	3173.0	2898.3	0.000
TAATCC	3839.0	4004.1	0.000
AATCCC	3267.0	3955.5	0.000
ATCCCC	2326.0	2420.7	0.000
TCCCCT	5293.0	6186.0	0.000
CAACCC	2188.0	2291.3	0.000
AACCCG	430.0	722.4	0.000
CCCGTC	1200.0	1175.6	0.000
TCATCT	5479.0	5320.0	0.000
CATCTA	2317.0	2273.1	0.000
ATCTAC	1825.0	1722.7	0.000
TCTACT	3307.0	3777.7	0.000
CTACTC	2025.0	2726.6	0.000
CTCTAC	3108.0	3442.3	0.000
ACCATC	3365.0	2989.5	0.000
CATCTT	6919.0	5806.8	0.000
CTTTGC	5861.0	6357.8	0.000
TTTGCA	7363.0	7315.3	0.000
ACACTC	2017.0	2195.7	0.000
CACTCA	4051.0	4031.9	0.000
CCTTCT	7909.0	8576.9	0.000
CTTCTA	3731.0	3889.8	0.000
TTCTAA	5125.0	4620.8	0.000
TCTAAT	3513.0	3098.4	0.000
CTATCC	1674.0	1673.7	0.000
TCCTCT	7570.0	9180.8	0.000
CCTCTT	8131.0	8414.3	0.000
CTCTTC	5198.0	7514.2	0.000
TCTTCA	5592.0	5845.8	0.000
TCAACA	2532.0	2639.4	0.000
CAACAA	2370.0	2567.3	0.000
CTCTCC	5174.0	8317.8	0.000
CGGACA	363.0	415.7	0.000
GGACAA	2024.0	2117.8	0.000
GACAAT	1874.0	1797.5	0.000
ACAATG	2741.0	2725.5	0.000
CAATGA	2388.0	2379.6	0.000
AACCAA	2418.0	2330.3	0.000
ACCAAT	1813.0	1734.6	0.000
CCAATA	1847.0	1743.1	0.000
CCACCA	18474.0	15649.5	0.000
CACCAA	2874.0	3020.1	0.000
CCAATC	1458.0	1746.7	0.000
AATCAA	2594.0	2544.3	0.000
ATCAAT	2070.0	2353.5	0.000
TCAATA	2255.0	2286.6	0.000
TACTCA	2589.0	2681.7	0.000
ACTCAT	2956.0	2965.6	0.000
TCATCA	3682.0	3936.6	0.000
CATCAT	4340.0	3735.0	0.000
ATCATT	4741.0	4059.6	0.000
TCATTA	3810.0	3519.4	0.000
CATTAA	3123.0	2759.6	0.000
TAGCAA	2386.0	2284.0	0.000
CAATAA	2523.0	2349.9	0.000
AATAAA	6612.0	5880.4	0.000
ACTAGG	1634.0	1601.9	0.000
TAGGAA	3212.0	3012.0	0.000
CCCCTT	4316.0	4951.4	0.000
CCCTTT	7145.0	7724.8	0.000
CCTTTC	5913.0	8247.9	0.000
CTTTCA	6002.0	6445.7	0.000
TTTCAC	11682.0	12165.8	0.000
TTCACT	8752.0	7628.7	0.000
ACTTCT	6093.0	5236.3	0.000
AGTCCC	2725.0	3308.0	0.000
CAGAGG	4659.0	5088.7	0.000
AGAGGT	3734.0	3903.4	0.000
GAGGTT	3760.0	4193.3	0.000
AGGTTA	2377.0	2186.9	0.000
AAGGCA	3755.0	3457.9	0.000
ACCCCT	3012.0	3108.1	0.000
CCCCTC	4155.0	5511.0	0.000
CCCTCT	5603.0	7150.7	0.000
CTCTGA	4933.0	5849.3	0.000
CTGACA	3036.0	3087.8	0.000
GACATC	1886.0	1768.7	0.000
CTGCTC	5634.0	6336.1	0.000
CTCCTT	6985.0	8870.7	0.000
CTTCTC	5658.0	8107.7	0.000
TCACAT	4052.0	3790.4	0.000
CACATG	3868.0	3748.5	0.000
CATGAC	2258.0	2107.1	0.000
GCCCTT	3593.0	4020.7	0.000
CCCTTA	2157.0	2350.5	0.000
CCACAC	6834.0	5904.1	0.000
TATCTC	3760.0	3884.2	0.000
TATGCT	2990.0	2667.3	0.000
TGCTAA	3081.0	2720.0	0.000
GCTAAT	11668.0	11180.5	0.000
CTTATA	2595.0	2346.9	0.000
AAATAC	4258.0	3793.5	0.000
ACAGAC	3296.0	2911.6	0.000
CAGACC	2267.0	2445.1	0.000
GACCAA	1851.0	1807.4	0.000
CCAAGA	3331.0	3415.3	0.000
AAGAGC	2766.0	2830.0	0.000
AGAGCC	3416.0	3390.5	0.000
CCTTCA	4180.0	5156.9	0.000
CAAAGC	2999.0	3154.2	0.000
AAAGCC	2821.0	3086.7	0.000
AAGCCC	2400.0	2841.3	0.000
AGCCCT	3801.0	4252.2	0.000
GCCCTC	3224.0	3807.8	0.000
GTAAGT	2267.0	2310.7	0.000
AATTTC	6179.0	5702.8	0.000
TCTGCA	4892.0	5422.3	0.000
CAACAG	2633.0	2921.1	0.000
AACAGC	2499.0	2530.6	0.000
ACAGCT	4864.0	4181.0	0.000
GCTAAG	2086.0	1890.8	0.000
CTAAGG	1843.0	1956.8	0.000
TAAGGA	2710.0	2651.2	0.000
AAGGAC	2166.0	2221.3	0.000
GCAAAA	3364.0	3059.8	0.000
CAAAAC	3168.0	3100.6	0.000
AAAACC	3047.0	3037.7	0.000
AAACCC	2712.0	3123.8	0.000
AACCCC	2710.0	2809.8	0.000
CCCCAC	4312.0	4614.0	0.000
CCACTC	3459.0	3982.3	0.000
CATCAA	2086.0	2328.0	0.000
ATCAAC	1351.0	1502.3	0.000
CTGAAC	2786.0	2619.6	0.000
GCAAAT	3318.0	2988.7	0.000
CAAATC	2451.0	2477.2	0.000
AAATCA	4089.0	3705.8	0.000
AATCAG	2939.0	2828.2	0.000
CCACTT	5604.0	4774.3	0.000
CTTTAA	5721.0	5172.7	0.000
GTGCTT	4737.0	4336.1	0.000
TGCTTA	3927.0	3555.9	0.000
GCTTAG	2176.0	2378.3	0.000
GCTGTT	5688.0	5279.6	0.000
GTTTGT	12057.0	10054.9	0.000
TGTGGG	5249.0	5169.4	0.000
GTGGGT	3691.0	3645.9	0.000
TAAGTC	1905.0	1956.4	0.000
AAGTCC	2473.0	2792.7	0.000
CCCATT	4311.0	4586.7	0.000
CCATTG	3763.0	3529.4	0.000
ATTGGT	3230.0	3139.7	0.000
TTGGTC	4839.0	4596.8	0.000
TCTAGT	2961.0	2809.0	0.000
AAGGGC	2321.0	2454.2	0.000
AGGGCT	4012.0	3923.7	0.000
GCTGAT	3783.0	3563.9	0.000
CTGATT	5616.0	5284.5	0.000
GATTTG	4491.0	4528.7	0.000
ATTTGC	4594.0	5303.0	0.000
TTGCGT	752.0	783.6	0.000
TTCAGT	7193.0	6433.5	0.000
TCAGTT	6239.0	6055.3	0.000
GTTGAT	3101.0	3025.4	0.000
TTGATG	4356.0	4384.6	0.000
GATGCA	2512.0	2392.6	0.000
GCAGAG	5468.0	5209.9	0.000
GTGGGG	5250.0	4613.7	0.000
GTCCTT	3960.0	4208.5	0.000
TCCTTA	3762.0	3676.0	0.000
GCAGAA	3379.0	3818.1	0.000
CAGAAA	4961.0	4879.8	0.000
CTGAGG	6166.0	7013.7	0.000
GGCTTT	6589.0	6111.8	0.000
GCTTTG	7017.0	6047.7	0.000
TGAAGG	3861.0	3566.2	0.000
GAAGGC	2639.0	2524.3	0.000
GCTCTT	6442.0	6497.7	0.000
GTCTGT	5275.0	5305.4	0.000
TCTGTA	5370.0	5024.1	0.000
TTCTAT	5270.0	5067.6	0.000
CCTATA	1848.0	1766.3	0.000
TGACAA	2686.0	2545.5	0.000
GACAAA	2844.0	2644.7	0.000
ACAAAG	3656.0	3468.0	0.000
AAAAAG	6103.0	5418.8	0.000
AAGTCA	3250.0	3368.8	0.000
CATGGA	3213.0	3085.1	0.000
GGAGGC	5521.0	6281.3	0.000
GAGGCC	4210.0	4306.7	0.000
AGGCCA	4653.0	4157.2	0.000
GGCCAT	3101.0	2858.8	0.000
GCCATG	5470.0	4797.4	0.000
CCATGG	3573.0	3486.3	0.000
CATGGG	3159.0	3022.0	0.000
GGGTTG	3233.0	3046.4	0.000
AAACCA	3585.0	3292.1	0.000
AACCAG	2756.0	2762.1	0.000
ACCAGC	3844.0	3796.6	0.000
AGCTTT	7233.0	6601.3	0.000
CTTTGG	7614.0	7379.6	0.000
ATTCCT	5745.0	5554.1	0.000
TTCCTT	12905.0	14819.2	0.000
TCCTTT	13144.0	12628.1	0.000
TGTCTA	3003.0	2803.3	0.000
TCTAGA	3176.0	2824.9	0.000
CTAGAT	2255.0	2090.8	0.000
TAGATT	3887.0	3522.9	0.000
TTCTTC	11681.0	11203.0	0.000
TCTTCG	810.0	862.1	0.000
CGAATG	412.0	472.2	0.000
GAATGT	3790.0	3293.5	0.000
ATGTGT	5737.0	5701.4	0.000
TGTGTG	13192.0	15143.9	0.000
GTGTGG	5222.0	5019.5	0.000
GGTAGG	2183.0	2110.8	0.000
GGGGGC	2699.0	2491.3	0.000
GGGGCA	3094.0	2921.4	0.000
GGGCAT	2780.0	2805.0	0.000
CATCCA	3843.0	3598.2	0.000
ATCCAT	3289.0	3255.8	0.000
TCCATA	2503.0	2428.3	0.000
CCATAT	3087.0	2878.2	0.000
TATAGT	3245.0	2842.1	0.000
TAGTCA	2161.0	2091.2	0.000
CACTCC	3800.0	4587.7	0.000
ATTGCC	3422.0	3117.9	0.000
CCACAA	3295.0	3069.4	0.000
CACAAC	2400.0	2259.9	0.000
CTAACC	1468.0	1561.7	0.000
CTCATT	7746.0	7001.2	0.000
CATTTA	6161.0	6114.7	0.000
ACACCA	3995.0	3488.7	0.000
ACCAAC	1822.0	1914.5	0.000
TATCTA	2529.0	2312.0	0.000
ATCTAT	2722.0	2638.1	0.000
CCTAGC	2700.0	2593.2	0.000
CTAGCC	2212.0	2085.6	0.000
ATGGCC	2540.0	2800.8	0.000
TGGCCA	10269.0	9581.2	0.000
CCTTAT	3101.0	2990.4	0.000
CTTATG	2713.0	2493.5	0.000
GCGGGC	896.0	1093.4	0.000
GGGCGC	1045.0	1153.6	0.000
GCTTTC	4606.0	5357.0	0.000
CTTTCG	986.0	1034.6	0.000
GCTCTA	2355.0	2118.0	0.000
CTCTAA	2760.0	2908.6	0.000
TCTAAG	2725.0	2437.5	0.000
AATGCC	2730.0	2778.5	0.000
ATGCCC	5345.0	4667.1	0.000
TGCCCT	5814.0	5678.1	0.000
GCCCTA	1660.0	1635.3	0.000
AGCCCA	4652.0	4416.4	0.000
CTTCTT	10095.0	10476.8	0.000
CCTACA	1852.0	1968.8	0.000
CTACAC	1529.0	1620.8	0.000
CTTATC	2214.0	2312.0	0.000
TATCCC	1962.0	1981.8	0.000
TCCCTA	3823.0	3333.0	0.000
CCCTAT	2008.0	2047.9	0.000
CATGTG	5828.0	5528.4	0.000
ATGTGC	4461.0	4052.1	0.000
CACCAT	14080.0	11968.9	0.000
ACCATG	11824.0	10335.2	0.000
TTAGTA	8107.0	10023.1	0.000
GTAGAG	10826.0	10767.9	0.000
GGTTTC	9670.0	10876.6	0.000
GTTTCT	8860.0	8948.9	0.000
TTTCTC	12364.0	14624.9	0.000
TTCTCT	12664.0	14357.5	0.000
TCTCTG	10728.0	11075.3	0.000
TCTGTG	7997.0	8018.3	0.000
TGTGCT	6141.0	5575.2	0.000
TGGTCA	4402.0	4068.4	0.000
GTCAGG	4416.0	4872.5	0.000
CTGGTT	6261.0	5740.9	0.000
ATCTGT	5150.0	4702.0	0.000
TGTCTG	6384.0	6551.6	0.000
GTCTGC	3352.0	3126.5	0.000
CCATTT	8867.0	8022.8	0.000
TTAGGG	2503.0	2734.0	0.000
TAGGGG	1869.0	1825.3	0.000
AGGGGT	2997.0	3093.5	0.000
GGTCCC	2281.0	2315.9	0.000
GTCCCT	3047.0	3711.7	0.000
TCCCTC	6100.0	8715.2	0.000
CTCTTA	3930.0	3579.3	0.000
ACTTGC	2648.0	2670.5	0.000
CTTGCA	3499.0	3529.3	0.000
TTGCAT	5286.0	5096.9	0.000
GCATCT	3624.0	3518.5	0.000
CATCTG	5045.0	4862.3	0.000
TGTAAG	3250.0	2987.6	0.000
AGGTCG	517.0	555.1	0.000
CCTTGT	5428.0	5157.8	0.000
TGAGGT	5831.0	5003.7	0.000
GAGGTG	5023.0	4648.3	0.000
ATCCAG	3839.0	3515.4	0.000
TGGCAG	5370.0	4864.5	0.000
AATGTC	3372.0	3073.0	0.000
ATGTCT	4957.0	4357.7	0.000
TGCGAG	568.0	646.9	0.000
GCGAGA	799.0	893.7	0.000
GGCAGC	3480.0	3541.0	0.000
TCCAGA	5123.0	4583.9	0.000
CCAGAT	3703.0	3487.0	0.000
CAGATG	4629.0	4767.3	0.000
GATGTC	2299.0	2272.9	0.000
GTCTCT	6885.0	7340.3	0.000
TCTCTA	4364.0	5315.5	0.000
CAGAGC	4327.0	4821.6	0.000
CCTTGC	4359.0	4346.5	0.000
CCGTCC	792.0	825.1	0.000
GTCCCC	3121.0	2856.5	0.000
GGCAAG	2980.0	2790.6	0.000
GCAAGA	2708.0	2788.5	0.000
CAAGAT	3102.0	2903.0	0.000
AAGATC	2390.0	2327.6	0.000
AGATCT	3724.0	3426.8	0.000
AGAGCT	3920.0	4087.6	0.000
GAGCTT	3422.0	3588.2	0.000
CTTTTC	13816.0	12868.4	0.000
TCTTCC	8026.0	8533.1	0.000
CCAGCA	5827.0	5861.2	0.000
CAGCAC	4233.0	4768.7	0.000
AGCACT	4774.0	4433.6	0.000
GCACTC	2458.0	2901.1	0.000
TGAAGA	4517.0	4028.4	0.000
GAAGAA	4228.0	4081.7	0.000
AAGAAA	7259.0	6502.4	0.000
AGAAAG	4919.0	5134.4	0.000
ATTGGG	2643.0	2398.4	0.000
GGGCCA	3208.0	2940.2	0.000
GGCCAG	9362.0	8537.2	0.000
AGGCCC	2931.0	3204.9	0.000
CACGCC	6995.0	6535.0	0.000
ACGCCT	2745.0	2583.9	0.000
GCCTTT	7506.0	6676.7	0.000
CCTTTA	4194.0	4622.2	0.000
GCATTT	7914.0	7155.8	0.000
GGGAGG	7047.0	7859.6	0.000
GAGGCG	1791.0	1699.8	0.000
GGCGGA	1255.0	1260.3	0.000
GCGGAG	1146.0	1176.1	0.000
CGGAGG	994.0	1122.1	0.000
GGAAGT	3348.0	3228.3	0.000
TGGGTG	5215.0	5294.0	0.000
GTGGAT	3282.0	3180.1	0.000
TGGATC	2853.0	2667.8	0.000
CACTTG	4432.0	4182.3	0.000
ACTTGA	4025.0	3524.0	0.000
TCAGGA	4730.0	5216.1	0.000
CAGGAA	4341.0	4680.5	0.000
AATTCC	3843.0	3545.6	0.000
ATTCCA	3936.0	3949.6	0.000
CTAGTT	3207.0	3140.9	0.000
AGTTTG	5664.0	6161.3	0.000
GTTTGG	4803.0	4802.3	0.000
TGGGCA	5382.0	5258.1	0.000
GGGCAA	2903.0	2862.9	0.000
AACATG	4055.0	3559.8	0.000
ACATGG	3979.0	3515.5	0.000
CATGGT	4633.0	4102.4	0.000
ATGGTG	5885.0	5270.6	0.000
TGGTGG	7147.0	6623.3	0.000
AACCCT	2554.0	2876.0	0.000
ACCCTT	3061.0	3069.2	0.000
CTTTCT	14738.0	17608.3	0.000
TCTACA	2502.0	2672.8	0.000
TACAAA	4074.0	4006.2	0.000
ACAAAA	5306.0	5422.5	0.000
CAAAAA	5685.0	6163.1	0.000
ATACAA	2959.0	2921.3	0.000
AAAAAA	20875.0	19489.9	0.000
AATTAG	2922.0	3476.8	0.000
TGGACA	3273.0	3186.0	0.000
GGACAT	2493.0	2307.8	0.000
AGTGTG	5345.0	4839.7	0.000
GCGCCT	2143.0	1986.3	0.000
TTTCCT	15449.0	15651.8	0.000
TCTCCA	6695.0	7471.9	0.000
TGCCAG	5558.0	5072.6	0.000
GCCAGA	3728.0	3412.6	0.000
CACCAC	14891.0	13067.0	0.000
TGTCCC	4353.0	4264.5	0.000
GCTATT	4135.0	3678.9	0.000
CTATTC	3052.0	2981.6	0.000
TCTCTC	9793.0	14614.3	0.000
CCGCCA	1931.0	2721.4	0.000
CACCAG	4307.0	3991.4	0.000
AGGCCT	4465.0	4442.0	0.000
TGGATA	3084.0	2995.9	0.000
GGATAA	2101.0	2068.5	0.000
ACGGGG	3111.0	3166.4	0.000
AGTGAG	5058.0	5543.5	0.000
TCCACA	3232.0	3539.4	0.000
AGCGCC	689.0	788.5	0.000
TGCGTG	1361.0	1456.0	0.000
GCGTGG	1408.0	1450.7	0.000
GTGGGC	3323.0	3180.6	0.000
TCTGGT	4663.0	4540.7	0.000
GGTAAA	2463.0	2254.7	0.000
CGAGAT	1000.0	1055.2	0.000
ACCTTC	3972.0	3615.4	0.000
AGGGAG	4794.0	4911.0	0.000
TCGGGA	734.0	1009.1	0.000
TGGAAG	4772.0	4340.6	0.000
GGAAGG	4108.0	4399.4	0.000
GAAGGA	3855.0	3972.6	0.000
AAGGAG	3902.0	4001.0	0.000
AGGAGG	5060.0	5646.5	0.000
GGAGGA	4915.0	5073.8	0.000
GAGGAG	4587.0	4933.9	0.000
TGAGGA	4517.0	4631.3	0.000
GAGGAT	3342.0	3299.2	0.000
TGGGGA	5277.0	5288.0	0.000
CCTATG	2187.0	2341.7	0.000
CTATGT	4714.0	4104.7	0.000
ACGATG	522.0	569.8	0.000
GATGCT	2839.0	3122.3	0.000
ACTTCC	4671.0	4305.3	0.000
TTCCCC	6539.0	6088.4	0.000
TCCTTG	5713.0	5995.1	0.000
CTTGTA	3498.0	3409.6	0.000
ACCTGT	4199.0	4036.7	0.000
CCTGTT	6446.0	5874.7	0.000
TGTAAA	5032.0	4361.0	0.000
AAAAGG	3874.0	3629.4	0.000
AAAGGG	3203.0	3321.5	0.000
GGGAGC	3050.0	3127.7	0.000
GCACCA	5077.0	4340.0	0.000
CCTTTG	6441.0	6985.2	0.000
AGCATG	3842.0	3382.4	0.000
CCATGA	2878.0	3104.7	0.000
ACCAGA	2585.0	2540.7	0.000
GAGCCC	3329.0	3259.4	0.000
CCCCGC	1694.0	1723.0	0.000
GCGCCC	3017.0	2986.7	0.000
GCCCGC	2699.0	3124.9	0.000
CCCGCT	1170.0	1288.1	0.000
CCGCTG	1144.0	1288.2	0.000
GATATG	2102.0	1982.7	0.000
GGAGGG	5198.0	4797.9	0.000
GAGGGA	3979.0	3967.9	0.000
AGGGAC	2695.0	2683.7	0.000
TCCCTT	6067.0	7520.5	0.000
CCCTTC	3963.0	5727.1	0.000
GCAGAC	2045.0	2059.8	0.000
AGACCT	2912.0	2750.8	0.000
GACCTA	1305.0	1244.1	0.000
CGAGGG	771.0	863.8	0.000
ATGGAC	1780.0	1740.2	0.000
GGACAG	3511.0	3118.8	0.000
GCGAGG	765.0	844.1	0.000
CGAGGT	1207.0	1163.7	0.000
CGTGGA	903.0	932.5	0.000
GGTATC	1738.0	1671.8	0.000
GGCTGT	5330.0	4750.0	0.000
CTTCAT	4993.0	5012.4	0.000
TCATGT	5198.0	4479.3	0.000
GACCCC	1879.0	2057.9	0.000
TCTTTC	12957.0	15683.7	0.000
CTTTCC	6335.0	8796.0	0.000
TTTCCC	9734.0	9071.9	0.000
AGAGCG	783.0	994.8	0.000
GCGGCT	833.0	949.9	0.000
GGCTGC	4955.0	5144.9	0.000
AAATCC	2862.0	2754.4	0.000
CCCACA	3707.0	3897.4	0.000
GTCAGT	2887.0	2926.6	0.000
GTGAAA	4456.0	3907.2	0.000
TCAGAA	4518.0	4200.7	0.000
AGAATG	4286.0	4037.5	0.000
AATGAC	2551.0	2328.7	0.000
ATGACC	1897.0	2030.9	0.000
TGACCA	3282.0	3048.6	0.000
AGGGGC	2866.0	2992.9	0.000
GGGGCC	2787.0	2734.1	0.000
GCCAGC	3541.0	3650.5	0.000
GCCAGT	3359.0	3526.4	0.000
GTGTCT	5683.0	5710.2	0.000
GGCGGT	583.0	706.5	0.000
CGGTTG	527.0	596.5	0.000
AGGAGA	4520.0	5233.0	0.000
AGAAGT	4077.0	3885.5	0.000
GGACAC	1849.0	2047.8	0.000
GACACC	1847.0	1914.5	0.000
GATGGC	2537.0	2658.3	0.000
TGTGTC	6209.0	6229.1	0.000
TATGCA	2633.0	2375.1	0.000
AAGAGG	3327.0	3468.6	0.000
GGCGCT	917.0	1009.2	0.000
CACAGA	4011.0	4148.1	0.000
ACAGAA	4397.0	4049.5	0.000
CAGAAG	4103.0	4565.3	0.000
AGAAGA	4211.0	4138.8	0.000
GAAGAG	3835.0	3736.2	0.000
CAGGGC	4151.0	4040.1	0.000
AGGGCC	2804.0	2887.2	0.000
GGGGCT	3998.0	3824.8	0.000
CATCGA	332.0	399.7	0.000
TCGAGG	677.0	798.0	0.000
CGAGGA	690.0	820.7	0.000
GAGGAC	2063.0	2192.5	0.000
AGGACA	3025.0	3123.4	0.000
CAAAGG	3138.0	3343.9	0.000
GGCCCT	3356.0	3578.9	0.000
GCAAGG	2219.0	2440.5	0.000
AAGGTG	3430.0	3288.0	0.000
GGGAAG	4469.0	4527.3	0.000
GGAAGC	3062.0	3284.0	0.000
GAAGCC	2828.0	3135.1	0.000
CGGGAA	625.0	793.2	0.000
CGCAGA	607.0	634.4	0.000
CAGAGA	4900.0	5292.6	0.000
AGAGAA	5112.0	5133.3	0.000
AGAAGG	4016.0	4143.9	0.000
AAGGCG	638.0	780.3	0.000
AGGCGC	2331.0	2980.3	0.000
GGCGCC	2300.0	2735.3	0.000
GCGCCA	2190.0	2054.1	0.000
GGAAGA	4144.0	3901.7	0.000
AAGAAG	3890.0	3925.0	0.000
GGCGGC	1073.0	1042.4	0.000
GGCACT	3118.0	2805.7	0.000
ACTGAC	1964.0	2004.2	0.000
CTGACG	567.0	668.2	0.000
GACGGC	424.0	481.2	0.000
TCGGAG	671.0	732.0	0.000
GCTGCT	5394.0	6087.8	0.000
TGCTGA	5738.0	5490.4	0.000
AGGACC	1931.0	2051.7	0.000
GGTGTT	4295.0	3863.3	0.000
TGTTCC	4247.0	4756.5	0.000
GTTCCT	3861.0	4555.0	0.000
GCACCG	648.0	698.6	0.000
TCTCTT	11694.0	12376.4	0.000
GGACCT	2278.0	2202.7	0.000
GACCTG	2993.0	2811.4	0.000
GGTGCT	3674.0	3460.5	0.000
AGAGGA	4097.0	4056.7	0.000
GGGGAG	4492.0	4192.6	0.000
GGGAGA	4442.0	4233.4	0.000
GGAGAT	3829.0	3403.9	0.000
GCTCCA	3720.0	3924.7	0.000
CTCCAT	5286.0	5661.9	0.000
TCCATT	5579.0	5862.0	0.000
GGGTGA	3156.0	3160.0	0.000
GGTGAA	3213.0	3068.5	0.000
GAAAGC	2807.0	2681.7	0.000
GCCTGT	6078.0	6309.6	0.000
TGTGGA	5023.0	4331.9	0.000
TCTTCT	11723.0	11731.3	0.000
AGATGA	4629.0	4178.9	0.000
GATGAG	3439.0	3458.7	0.000
ATGAGG	3487.0	3374.4	0.000
GAGGTC	3233.0	3136.5	0.000
GGTCAT	2577.0	2376.6	0.000
CTTCGT	883.0	931.4	0.000
CGTGGT	1473.0	1489.1	0.000
TGGTCC	2960.0	2709.5	0.000
CACAAA	3511.0	3311.1	0.000
AGGTCC	1807.0	2017.3	0.000
GCTTCT	5209.0	5509.4	0.000
GGCCCC	3021.0	3044.2	0.000
GTCTTC	4351.0	4243.8	0.000
TTGGTG	5728.0	4963.4	0.000
GGAACA	2576.0	2489.2	0.000
GAACAA	2260.0	2285.6	0.000
AACAAG	2503.0	2492.2	0.000
GCCCCT	3298.0	3961.6	0.000
CCCTCG	881.0	1062.1	0.000
AGCTCC	6094.0	6091.0	0.000
TCCCCG	1445.0	1407.9	0.000
CCCCGT	1068.0	1264.8	0.000
GTGAGG	3536.0	3625.2	0.000
ACCACG	4335.0	4328.5	0.000
ACGCCC	2458.0	3015.6	0.000
TGTGAA	5629.0	4819.1	0.000
GAAGGG	3342.0	3572.4	0.000
GGGCAC	2395.0	2482.2	0.000
AGGGCG	702.0	813.4	0.000
GGGCGG	1388.0	1430.7	0.000
TCCATC	4304.0	4728.1	0.000
CCATCA	4126.0	3922.6	0.000
CATCAC	3393.0	3307.5	0.000
ATCACC	3216.0	2953.7	0.000
ATCAGG	2503.0	2585.9	0.000
TCCACT	4027.0	4060.2	0.000
CCACTA	2712.0	2505.8	0.000
CACTAG	1568.0	1523.6	0.000
AAACAA	5633.0	4806.6	0.000
AATTGC	3066.0	2816.6	0.000
CTAGTC	1986.0	1840.3	0.000
CCTGTA	4684.0	5139.5	0.000
CCACAT	4098.0	3886.2	0.000
CACATC	3026.0	2938.6	0.000
AGAAAA	7233.0	6532.8	0.000
CGGATA	235.0	317.6	0.000
GGATAG	1596.0	1491.6	0.000
CGTGTT	2027.0	1875.9	0.000
GGACTT	3273.0	3057.7	0.000
CTGCTT	9036.0	7963.8	0.000
ATCAGT	3219.0	2841.4	0.000
AACACA	3320.0	3225.5	0.000
ACACAC	3849.0	4814.4	0.000
CACACA	5044.0	5993.9	0.000
ACACAT	3385.0	3111.3	0.000
CACATT	4981.0	4458.9	0.000
CATTTC	6638.0	7392.7	0.000
ATTTCC	5504.0	6426.4	0.000
TTCCTC	7011.0	8973.3	0.000
TCACCA	8761.0	8631.8	0.000
AGGCAA	3545.0	3102.6	0.000
GGCAAA	2885.0	2642.9	0.000
CAAACC	2282.0	2333.8	0.000
TTTCAT	10930.0	9675.2	0.000
TCTGCT	8484.0	8132.9	0.000
CTGCTA	3142.0	3145.0	0.000
CTACCC	1921.0	1978.4	0.000
CTGTTC	4658.0	5383.9	0.000
GTTCTC	5458.0	4652.1	0.000
CGCCCC	1274.0	1625.7	0.000
TGCATG	4412.0	4025.0	0.000
GATATC	1581.0	1497.5	0.000
TCAAAA	4925.0	4850.8	0.000
AAACAC	2975.0	2789.1	0.000
ATTTCA	7384.0	7025.3	0.000
AATGGG	2982.0	3041.9	0.000
GGATGT	2744.0	2835.5	0.000
GATGTG	4227.0	3647.6	0.000
ATGTGG	4156.0	3978.0	0.000
GTAGGC	1618.0	1572.1	0.000
GAGAAA	5010.0	4869.9	0.000
GAAAAG	4244.0	4061.2	0.000
AAAAGA	5798.0	5235.6	0.000
GAAAGG	3501.0	3375.4	0.000
AAAGGA	4408.0	4085.3	0.000
AAGGAA	4968.0	4804.4	0.000
AGGAAA	5435.0	5216.2	0.000
GTCCAC	1862.0	1848.1	0.000
AGGATA	2302.0	2102.7	0.000
GGTGAG	3768.0	4030.9	0.000
CGGAGC	876.0	895.2	0.000
CCCTTG	3790.0	3826.0	0.000
GGCCAC	3175.0	2965.2	0.000
GCTCTC	3637.0	4167.0	0.000
CTCTCT	10368.0	15307.2	0.000
AAAAGC	3452.0	3267.4	0.000
CCTCTC	7962.0	9054.6	0.000
GCAGGT	3671.0	3574.1	0.000
GGAGAG	4876.0	4521.4	0.000
GAGAGA	5256.0	5136.3	0.000
AAGCTT	3959.0	3583.2	0.000
GCTTGT	3796.0	3512.5	0.000
TGGATG	3725.0	3669.8	0.000
TGCGCG	296.0	396.7	0.000
GCTGTC	3650.0	3395.3	0.000
CTGTCC	4575.0	4614.1	0.000
TGTCCA	4623.0	4216.2	0.000
GTCCAT	2087.0	2222.3	0.000
TCCATG	4115.0	4461.4	0.000
CATGAA	3763.0	3307.5	0.000
ACTTTC	4528.0	4537.2	0.000
CTGCGG	1080.0	1240.0	0.000
TGCGGC	740.0	819.0	0.000
GCGGCC	908.0	917.1	0.000
CACTTA	3036.0	2942.0	0.000
ACTTAG	2519.0	2260.6	0.000
AGACCC	2488.0	2486.2	0.000
GCACTT	4650.0	4287.9	0.000
GAATTG	3312.0	2950.1	0.000
GTGAAT	3497.0	3115.8	0.000
TATGGC	2217.0	2043.8	0.000
GGCAGA	4784.0	4668.2	0.000
TGTTAG	3862.0	4560.1	0.000
GTTAGC	2076.0	2916.1	0.000
ATCTGC	5735.0	5104.1	0.000
TGTCCT	5875.0	5698.1	0.000
GGGGAA	3452.0	3424.4	0.000
GGGAAA	4090.0	4042.0	0.000
GGACGT	486.0	563.3	0.000
AGGAAG	4697.0	5236.8	0.000
GGAAAC	2935.0	2783.4	0.000
GCACAT	3237.0	2845.6	0.000
ACATGC	3042.0	2930.1	0.000
CCTGAT	3725.0	3643.2	0.000
CCATGT	9779.0	9367.7	0.000
CATGTT	10621.0	9641.0	0.000
ACCCCC	2616.0	2569.0	0.000
AGGTAA	2566.0	2646.0	0.000
AATCTG	4155.0	3619.8	0.000
GATGTT	3950.0	3840.3	0.000
AGGGAA	4118.0	4112.7	0.000
GGGAAC	2058.0	2032.5	0.000
ATGCTT	4789.0	4109.9	0.000
GTTTGC	3800.0	4108.1	0.000
GTGTGT	11294.0	12981.1	0.000
AATCGC	366.0	634.6	0.000
GCCAAC	2223.0	2104.9	0.000
CAGCAG	5298.0	5398.4	0.000
GATGAT	3297.0	3101.5	0.000
TGCTTG	5474.0	5193.5	0.000
GTGTCC	3104.0	3293.6	0.000
AGCACC	2430.0	2897.1	0.000
GCACCT	4329.0	3979.4	0.000
TCGGTG	602.0	740.2	0.000
CGGTGA	732.0	786.9	0.000
GCTTTA	3662.0	3614.2	0.000
AGTTTC	7567.0	7851.2	0.000
TTCCAC	4634.0	4148.5	0.000
TCCAAT	2360.0	2700.6	0.000
CCAATT	3202.0	3072.4	0.000
TAGGCC	1986.0	1822.9	0.000
CCAACA	3149.0	3346.1	0.000
ACATTC	3300.0	2969.8	0.000
TCTGAA	5395.0	4651.7	0.000
GTATTC	2572.0	2318.8	0.000
TATTCA	4027.0	3751.4	0.000
TCCACG	840.0	917.6	0.000
CAGGTC	2907.0	2777.5	0.000
CAGTAC	1964.0	1837.6	0.000
AAGCAC	2666.0	2514.1	0.000
GATGGT	3747.0	4865.4	0.000
ATGGTC	2981.0	3561.4	0.000
GACTTC	3223.0	3120.3	0.000
TCAGAT	4258.0	4171.6	0.000
CCGGCA	753.0	813.5	0.000
AAAGAA	6533.0	6102.0	0.000
GAAGTC	2883.0	2935.8	0.000
GCCAAT	2112.0	2152.5	0.000
GACACT	2153.0	2240.0	0.000
AGTTCT	6763.0	5774.8	0.000
CGGCTA	2273.0	2878.9	0.000
ATTCCC	3474.0	3402.6	0.000
ACAAGA	2581.0	2368.5	0.000
GGCCAA	3925.0	3599.7	0.000
GCCAAA	2938.0	2677.0	0.000
GTGCGT	1001.0	1033.3	0.000
GCCTAT	2386.0	2339.7	0.000
ATTTGG	5453.0	5376.5	0.000
GGAGGT	3377.0	3910.4	0.000
AGGACG	487.0	649.0	0.000
GGACGC	389.0	552.6	0.000
GACGCT	352.0	542.1	0.000
ACGCTT	678.0	721.2	0.000
CGCTTG	982.0	1127.3	0.000
TGATTG	3949.0	3815.7	0.000
TATGTG	4357.0	4378.9	0.000
AATTCA	4118.0	3733.1	0.000
ATTCAT	5080.0	4611.7	0.000
TTCATC	4360.0	4614.6	0.000
CAAACA	3762.0	3453.8	0.000
AACAAC	2068.0	1992.3	0.000
ACAACG	347.0	439.7	0.000
GCATGG	3274.0	3151.7	0.000
GGGCAG	5159.0	4673.5	0.000
TCTGAT	4354.0	4949.3	0.000
CTGATG	3559.0	4251.3	0.000
TGATGG	3982.0	4720.1	0.000
ACATGT	3866.0	3454.9	0.000
TGTATC	3222.0	2933.6	0.000
GTTTAG	2749.0	2848.1	0.000
TTCTAC	3199.0	3129.9	0.000
CTACTT	4141.0	3742.4	0.000
ACTTGG	4152.0	3735.0	0.000
AATTTG	5879.0	5631.0	0.000
CCTGAA	5145.0	4427.6	0.000
TGTCAA	3032.0	2985.7	0.000
GTCAAT	1438.0	1850.0	0.000
GGCCGA	1229.0	1211.9	0.000
TCACGA	764.0	774.8	0.000
ACGAGG	970.0	970.3	0.000
AGATCG	581.0	797.1	0.000
CTAACA	1897.0	2017.5	0.000
AACACG	616.0	665.8	0.000
CCAGAA	4141.0	3985.8	0.000
GAAAGA	4052.0	4147.5	0.000
AAAGAC	3061.0	2858.5	0.000
ACATCA	2753.0	2518.5	0.000
GGTAAC	1364.0	1364.6	0.000
AACACC	2003.0	1978.1	0.000
CATTTG	6431.0	6320.0	0.000
GGCTTC	4633.0	4392.0	0.000
GTATGT	3837.0	3356.4	0.000
TTGCTA	4203.0	3788.8	0.000
TTGTCA	6054.0	5303.6	0.000
GTCAAA	2276.0	2285.9	0.000
ATGAAG	3679.0	3654.2	0.000
GGTGCC	4087.0	3882.1	0.000
TCAGAG	4516.0	4748.7	0.000
GCGCTT	661.0	766.3	0.000
ACTCGC	494.0	532.2	0.000
CGGGCA	1012.0	1081.5	0.000
AGCTCT	5466.0	5670.0	0.000
GAGGGT	2977.0	2859.0	0.000
GAAGGT	2636.0	2601.1	0.000
CAGCGA	803.0	842.9	0.000
AGCGAG	862.0	1060.7	0.000
TTCCAT	5777.0	6358.7	0.000
CAAAGA	3467.0	3591.7	0.000
TGGGCG	1241.0	1490.5	0.000
GCGCTC	621.0	860.1	0.000
CGCTCC	907.0	1032.1	0.000
CACTCG	733.0	756.1	0.000
TCCGGT	498.0	563.8	0.000
GGGGCG	1228.0	1210.8	0.000
CGGTTT	1125.0	1135.1	0.000
GAGCAT	2785.0	2679.2	0.000
TGTCAG	4605.0	4399.9	0.000
AGGTAC	1740.0	1607.3	0.000
AGTTTA	4276.0	4254.5	0.000
AGAGAG	5400.0	5636.9	0.000
TACCAG	2523.0	2417.9	0.000
TGGTGA	5167.0	5195.1	0.000
GGTACC	1314.0	1439.4	0.000
GTCAGA	2795.0	2818.6	0.000
CTGATC	3300.0	3014.8	0.000
TAGGAG	2931.0	2679.4	0.000
GGAGCA	3476.0	3196.6	0.000
TTAGCA	3241.0	3150.9	0.000
GGTTGT	3157.0	3155.4	0.000
ATCTGA	3425.0	3323.4	0.000
TGATGA	3986.0	3945.2	0.000
GATGAA	3213.0	2991.2	0.000
CATAGA	2237.0	2085.8	0.000
ATACAC	1881.0	1751.1	0.000
GCAAAG	2730.0	2916.4	0.000
TCTTTA	7310.0	7257.6	0.000
TGCTAT	4244.0	3722.6	0.000
TGCATA	3097.0	2885.9	0.000
TTCACA	5062.0	4735.2	0.000
AAAGGC	2917.0	2922.6	0.000
AAGACT	3197.0	2893.3	0.000
GGTGAC	2450.0	2683.0	0.000
GGTGGT	4590.0	4177.2	0.000
TTCCAA	5641.0	5186.3	0.000
ACAGGA	4074.0	3823.3	0.000
CAGGAC	2502.0	2852.2	0.000
CAATAG	1641.0	1624.1	0.000
CTTAGA	2823.0	2527.7	0.000
CGTTTA	689.0	833.2	0.000
CTCTAG	2790.0	2884.5	0.000
GAAGAC	2354.0	2112.5	0.000
AAGACC	2535.0	2334.7	0.000
GGTTCC	2642.0	2814.4	0.000
GTTCCC	2686.0	3137.3	0.000
TACATG	3067.0	2753.9	0.000
AACGAC	203.0	318.8	0.000
GACAGC	2375.0	2459.6	0.000
CCTTCG	926.0	983.0	0.000
ACCGAC	238.0	303.7	0.000
CCGACG	129.0	190.8	0.000
GACGTC	395.0	446.9	0.000
GTTCCA	3255.0	3337.7	0.000
AAAGCA	4523.0	4098.1	0.000
CCATTA	2543.0	2374.3	0.000
GTAAAG	2546.0	2435.7	0.000
CAACAC	2091.0	2266.4	0.000
CATTCA	3983.0	4171.1	0.000
ATTCAG	4033.0	3994.4	0.000
CTATGG	1903.0	1776.6	0.000
GATTTC	4913.0	4862.3	0.000
CAAAAG	3644.0	3262.5	0.000
GCGTTT	1222.0	1187.5	0.000
TTAGTG	3694.0	3264.1	0.000
GGAAAA	4893.0	4380.4	0.000
CCCGTT	776.0	877.4	0.000
ACCAGT	2701.0	2624.9	0.000
CCAGTT	4648.0	4819.9	0.000
GAATCA	2674.0	2503.0	0.000
CATAAA	3348.0	3021.4	0.000
ATAAAG	3424.0	3090.8	0.000
AAAGCT	3879.0	3431.2	0.000
TTAGTC	2262.0	2391.6	0.000
GTCTAT	1952.0	2236.2	0.000
TCTAAA	3781.0	3389.0	0.000
AGAGGC	4326.0	4024.7	0.000
TGTAGG	3032.0	2935.2	0.000
GTAGGA	2121.0	1977.5	0.000
GAAATC	2939.0	2697.9	0.000
ATCTCT	6611.0	6319.9	0.000
ATGTTA	4164.0	3711.9	0.000
TTCCCT	7118.0	9104.8	0.000
CTCGTC	884.0	894.5	0.000
TCTGCG	865.0	1073.5	0.000
TGCGGG	888.0	981.1	0.000
GTTCGT	592.0	621.2	0.000
ATTAGA	2955.0	2716.1	0.000
ACACCG	556.0	605.2	0.000
TGAATG	4373.0	4069.0	0.000
GCACGC	1057.0	1135.3	0.000
GCTTGC	3000.0	2676.6	0.000
CACACG	988.0	1087.4	0.000
GATGCC	2227.0	2450.2	0.000
CAGCAA	3530.0	3632.6	0.000
ATGTTC	3236.0	3157.2	0.000
TTCATT	10650.0	9596.7	0.000
TATCCA	2721.0	2613.0	0.000
AGATTG	3303.0	3048.6	0.000
CATGCA	4117.0	3827.2	0.000
CCAGCG	1152.0	1213.6	0.000
AACAAA	5030.0	4739.7	0.000
GTTTCC	5279.0	5988.8	0.000
TTTCCA	8510.0	8958.9	0.000
GCATGC	4440.0	3833.1	0.000
ATGCGC	872.0	930.4	0.000
GGGTAA	1827.0	1816.0	0.000
TCGTCA	603.0	645.7	0.000
ATGCAC	2962.0	2712.7	0.000
GAATGG	2886.0	3034.5	0.000
CAGTTA	3184.0	2839.3	0.000
CTATTG	2893.0	2737.6	0.000
ATTGAC	1984.0	1820.5	0.000
CAGCGC	847.0	914.5	0.000
TCATTC	5139.0	5564.8	0.000
AACAGG	3029.0	2897.0	0.000
GGAAAG	4070.0	3925.3	0.000
AGCCAA	3179.0	3502.9	0.000
GGCGAC	430.0	617.0	0.000
CACGAA	462.0	507.1	0.000
CGAAGG	448.0	541.6	0.000
AAGGAT	3110.0	2800.7	0.000
CTTGAT	4521.0	4057.8	0.000
TAGATC	1588.0	1683.6	0.000
AGATCA	3149.0	3025.5	0.000
TGTGCG	1094.0	1173.9	0.000
GTTCCG	461.0	583.5	0.000
CAGATC	2539.0	2609.8	0.000
ACCACT	3850.0	3396.8	0.000
CCCTGT	6375.0	5586.3	0.000
GATGAC	1986.0	1961.8	0.000
ATGACG	400.0	478.5	0.000
ACGCAC	571.0	612.1	0.000
TGACCG	542.0	613.2	0.000
GACCGC	369.0	461.0	0.000
CGCATG	709.0	766.1	0.000
AAGATG	3796.0	3465.4	0.000
ATGATG	3635.0	3668.5	0.000
TGATGT	4885.0	4544.9	0.000
AAACCG	472.0	526.9	0.000
CAACGC	291.0	426.1	0.000
AACGCC	455.0	498.8	0.000
GAAGAT	2912.0	2599.5	0.000
TAGGGA	2698.0	2545.5	0.000
GAAGCA	3518.0	3244.0	0.000
AGCAGA	3846.0	3961.4	0.000
GCAGAT	3142.0	3110.8	0.000
CAGATA	3094.0	2733.0	0.000
AACAGA	3703.0	3537.6	0.000
GTGGTT	5036.0	4721.4	0.000
TAACCC	1534.0	1536.5	0.000
AGAGGG	4213.0	3957.7	0.000
GATAGT	1864.0	1809.3	0.000
CCGACA	338.0	428.6	0.000
GCGTGT	1417.0	1441.6	0.000
GAGAGG	4728.0	4511.0	0.000
ACACGC	684.0	883.1	0.000
CTCGAT	1270.0	1667.2	0.000
CTTTAC	3103.0	3519.4	0.000
GCAGCA	3645.0	3716.6	0.000
ACGCGC	282.0	397.7	0.000
CCCGAC	981.0	1011.4	0.000
CCGACC	746.0	876.0	0.000
CTAAAC	1800.0	1663.5	0.000
AGTTAG	2135.0	2264.3	0.000
GGTTAG	1653.0	1608.7	0.000
GTTAGT	1967.0	2205.7	0.000
GTACCA	2052.0	2075.8	0.000
TACACA	2671.0	2586.9	0.000
TATGTC	2625.0	2420.3	0.000
GAGAAC	2377.0	2377.9	0.000
AGAACA	3419.0	3436.7	0.000
GAACAG	2742.0	2630.5	0.000
CATATC	2025.0	1901.9	0.000
TAGAAG	2977.0	2678.1	0.000
GAGGAA	4277.0	4132.0	0.000
ACCCTG	4741.0	4462.8	0.000
CCAAAC	2501.0	2587.4	0.000
TCATCG	546.0	609.9	0.000
ATGGTA	2854.0	2627.6	0.000
GAAAAC	3239.0	2950.7	0.000
CCACGA	671.0	737.4	0.000
AGTTCC	2761.0	3262.4	0.000
CCTCTA	3266.0	3103.4	0.000
AGGAAC	2407.0	2531.5	0.000
AAAACG	730.0	763.6	0.000
GACGTT	562.0	595.7	0.000
TATTCC	3373.0	3281.9	0.000
GAGAGT	3047.0	2910.2	0.000
GAAGTT	4017.0	3742.2	0.000
AGCACA	3602.0	3239.2	0.000
ACAAAC	2531.0	2470.0	0.000
CATTCC	3628.0	3925.2	0.000
CCGGCG	384.0	467.1	0.000
CTTCAC	3575.0	3877.1	0.000
ATTCGA	390.0	442.7	0.000
CGCTGA	639.0	769.3	0.000
ATGTCC	2595.0	2923.4	0.000
AATGAG	3686.0	3461.1	0.000
GGATGC	2049.0	2164.1	0.000
GGACCC	1736.0	2010.1	0.000
TGCACA	4077.0	4014.8	0.000
ACACAA	2616.0	2589.8	0.000
ACAACA	2523.0	2544.3	0.000
GATTGG	2299.0	2363.8	0.000
AAGGGT	2358.0	2392.0	0.000
GTTTAC	2824.0	2632.1	0.000
AAGGCC	2382.0	2468.6	0.000
GGGCGA	662.0	829.6	0.000
TGGTTG	4329.0	3828.9	0.000
GTGGAC	1932.0	1929.1	0.000
TTCCTA	4463.0	4606.1	0.000
CCCGCA	680.0	860.6	0.000
CGTGTG	1826.0	1835.9	0.000
AGATCC	2118.0	2241.5	0.000
TAGGTA	2110.0	2096.2	0.000
GTAGAA	2877.0	2583.6	0.000
GGTCCT	2856.0	2719.3	0.000
GACCCT	2775.0	2851.9	0.000
GTCGAG	430.0	490.3	0.000
AGATGC	2555.0	2715.4	0.000
ATGCGG	470.0	591.9	0.000
TGAATC	2825.0	2705.1	0.000
ACCGCT	568.0	638.9	0.000
CGTTTC	1235.0	1334.6	0.000
CGTCAA	301.0	414.8	0.000
GCCGGC	909.0	962.7	0.000
CGGCAG	863.0	947.7	0.000
GCATTC	2812.0	2669.8	0.000
CATTCG	451.0	577.7	0.000
CATGTC	3583.0	3146.4	0.000
GCCGCT	831.0	974.8	0.000
TAGTTC	2737.0	2595.2	0.000
CTGATA	2603.0	2389.2	0.000
ATTACC	2043.0	1856.1	0.000
CGTTTG	1026.0	1020.9	0.000
GGGCGT	914.0	917.3	0.000
TATTAG	2817.0	2759.4	0.000
ATTAGT	2680.0	2606.1	0.000
ACCAAA	2822.0	2639.4	0.000
CCCTAC	1659.0	1871.5	0.000
AGTCAG	3412.0	3717.4	0.000
TCTATG	2448.0	2632.0	0.000
ACGCTA	310.0	369.6	0.000
CGCTAA	316.0	389.9	0.000
CAGAAC	2501.0	2678.0	0.000
AAAGAG	4177.0	4133.3	0.000
AATAGG	2207.0	2019.1	0.000
AAGAAC	2610.0	2460.2	0.000
GAACAC	2076.0	1909.0	0.000
CCAATG	1861.0	2063.1	0.000
GTCATT	4413.0	4122.3	0.000
CGGGGC	1149.0	1113.5	0.000
CTAAAA	3902.0	3792.9	0.000
AGTCAA	2090.0	2194.4	0.000
AACGGG	459.0	540.5	0.000
GGATAT	2431.0	2399.2	0.000
AGCGCG	323.0	399.2	0.000
TAACAG	2711.0	2457.2	0.000
CCGTTT	1422.0	1340.8	0.000
CGCGTG	434.0	481.7	0.000
GCCGAC	347.0	432.6	0.000
CGACGC	115.0	180.2	0.000
TAACAA	2684.0	2409.3	0.000
GCTACT	2891.0	3165.4	0.000
GCGAAA	414.0	519.4	0.000
GGTAGT	1936.0	1914.8	0.000
GCGAAG	403.0	480.3	0.000
CTAATC	1692.0	1567.6	0.000
TGGCGG	1113.0	1181.1	0.000
TGGACC	2036.0	2016.7	0.000
CGTTCC	601.0	785.7	0.000
CTAGGG	1981.0	2073.3	0.000
ATCCGA	318.0	374.6	0.000
GCTCGT	702.0	756.8	0.000
CACTAA	1947.0	1857.0	0.000
ACTAAA	2735.0	2692.5	0.000
TAGGGC	1634.0	1609.1	0.000
CCGTTC	627.0	678.6	0.000
CAAGAC	2649.0	2661.0	0.000
CATTAG	2170.0	2153.3	0.000
AACACT	3114.0	2764.0	0.000
CATTGA	3215.0	3023.4	0.000
ATTGTG	4397.0	4393.7	0.000
TACCCT	2465.0	2360.1	0.000
ACCCTA	1532.0	1545.2	0.000
TAGTTA	2583.0	2318.3	0.000
CCCCTA	1785.0	1874.8	0.000
AGCAAA	3754.0	3593.1	0.000
AGGGTA	2029.0	1964.9	0.000
GAACTG	3166.0	2884.2	0.000
CCCTAA	2094.0	2105.6	0.000
AGCAAG	3092.0	3363.6	0.000
AGAAAC	3813.0	3585.9	0.000
CCTAAC	1651.0	1727.7	0.000
AGCCCG	924.0	1031.6	0.000
CCGGAA	560.0	627.4	0.000
CGGAAA	494.0	533.0	0.000
AACGAA	418.0	469.0	0.000
CGAAAC	397.0	450.3	0.000
ACGCTC	496.0	609.0	0.000
CGCTTC	1173.0	1137.4	0.000
ATTCGG	367.0	540.6	0.000
TTCGGT	655.0	719.5	0.000
GAGTTA	2341.0	2202.7	0.000
CTTCGG	870.0	871.1	0.000
AGAACC	2066.0	2135.0	0.000
GATCCC	2002.0	1986.7	0.000
GAGCGT	569.0	670.6	0.000
TTAGCG	431.0	485.8	0.000
GTGTAT	4014.0	3491.8	0.000
GACGCC	449.0	587.5	0.000
GATAAG	1740.0	1615.3	0.000
GCGCGT	315.0	418.3	0.000
GATCAG	2284.0	2094.2	0.000
CGAAGC	421.0	471.5	0.000
GTAAGA	2155.0	1947.4	0.000
ATTAGG	2007.0	2080.6	0.000
CTATGC	2017.0	1914.9	0.000
GGTAAG	1774.0	1954.5	0.000
CTACTA	1822.0	2056.0	0.000
TAGGTC	1589.0	1684.1	0.000
ATCGCT	660.0	922.6	0.000
CGAGAG	662.0	767.0	0.000
TCGGCA	489.0	538.1	0.000
TGGACG	553.0	608.6	0.000
CTACAT	2336.0	2209.5	0.000
GCGCGC	582.0	790.4	0.000
GGTTGC	2385.0	2905.3	0.000
TCGATG	409.0	504.0	0.000
GTTAGG	1945.0	2030.5	0.000
CCGCTA	374.0	494.2	0.000
AGCCGA	675.0	948.4	0.000
AACGCT	417.0	538.4	0.000
AGCGAA	455.0	522.4	0.000
ACGACT	355.0	424.1	0.000
GAGGTA	2150.0	1977.1	0.000
CGGAAC	311.0	371.3	0.000
GCTAGC	1288.0	1448.9	0.000
ATTCGT	594.0	626.9	0.000
GCGGAC	300.0	413.8	0.000
ATTCCG	505.0	546.6	0.000
CGCTAC	358.0	461.5	0.000
GTACCG	261.0	332.1	0.000
TGCACG	893.0	976.0	0.000
AGACGC	473.0	604.3	0.000
ACGACG	92.0	156.0	0.000
TTCGGA	520.0	557.5	0.000
GTCTAC	1356.0	1292.4	0.000
TGCGGA	502.0	628.7	0.000
ACCGGA	284.0	367.7	0.000
TACTCG	408.0	584.9	0.000
TATTCG	398.0	456.7	0.000
TGACGA	355.0	417.9	0.000
CGCGCG	338.0	454.2	0.000
TCCGCA	554.0	673.5	0.000
CGACAA	225.0	283.8	0.000
ACGAAT	365.0	418.0	0.000
CAACGA	258.0	332.7	0.000
AAACGC	401.0	517.8	0.000
AATTCG	414.0	517.5	0.000
