OligoSequence	Target Occurences	Background Occurences	Enrichment(ln p, up to 2 mismatches)
TGCATG	1232.0	8197.0	-707.854
GCATGT	703.0	6479.9	-293.581
GCATGA	513.0	3826.4	-292.538
AAAAAA	3588.0	58321.7	-270.427
CGCATG	110.0	1242.3	-250.143
GCATGC	469.0	4700.5	-215.263
GGCATG	238.0	4487.1	-187.851
GGGGGG	667.0	8175.4	-172.417
GTGCAT	510.0	5622.2	-166.210
GCATGG	378.0	4444.5	-156.042
CGAAAG	189.0	1107.8	-150.303
ATGCAT	603.0	7586.1	-150.178
AGCATG	478.0	5542.1	-143.243
TGCACG	80.0	1687.5	-136.932
ACGATC	127.0	565.7	-130.595
AACGAT	147.0	904.4	-112.177
AGAGAG	814.0	13037.8	-107.190
TTGCAT	444.0	6159.7	-104.374
CTCGCT	198.0	1678.0	-102.910
ACCGAT	113.0	602.6	-99.243
ATACCG	109.0	584.1	-96.669
GAACGA	154.0	1142.6	-96.248
CGAATG	84.0	1038.8	-92.972
GAGAGA	768.0	12719.1	-92.245
CCGATA	95.0	466.6	-90.846
GAATGC	315.0	3830.6	-89.043
GCACGT	54.0	1446.6	-87.412
GCGGTA	111.0	675.2	-85.828
CATGCG	92.0	1330.6	-84.122
TGCATC	149.0	3987.9	-79.078
ATGCGT	60.0	1068.5	-77.975
TGAATG	356.0	7292.1	-74.925
GCACGA	83.0	900.7	-72.355
CGGTAA	103.0	705.9	-71.605
GCCCGT	133.0	1166.8	-67.956
AGTCGG	148.0	1413.1	-66.367
AAGCGT	120.0	1004.3	-64.887
TCCATG	167.0	4542.7	-64.459
TGCATA	197.0	5820.2	-62.808
GCGTAA	32.0	441.5	-62.113
ACGCGA	78.0	475.8	-60.843
CGTGCA	103.0	1777.4	-59.895
CGAACG	53.0	421.4	-59.698
CTGCAT	294.0	5439.6	-59.430
CGTTAA	43.0	802.6	-59.362
TGCCTG	315.0	6926.6	-59.074
TGCATT	280.0	6807.0	-58.765
AAGACG	138.0	1389.0	-56.979
TGCTTG	320.0	6204.5	-56.710
CATGAC	235.0	3129.0	-56.200
AGCGAA	113.0	1006.9	-56.119
CATGCA	398.0	6450.6	-55.530
AAAGCG	134.0	1362.8	-55.356
ACGCAT	28.0	865.0	-54.361
GGCGTT	122.0	1189.1	-53.509
GTTCCG	122.0	1190.8	-53.441
CATGTC	165.0	3496.9	-53.207
TCGCTT	116.0	1101.8	-52.778
GCGTTA	80.0	589.5	-51.049
TCGCAT	27.0	636.9	-50.236
ACGGGC	59.0	1209.8	-50.196
CCGGGG	238.0	3372.2	-49.550
ACGGAC	93.0	799.4	-49.240
CGCCGG	165.0	2003.3	-49.152
GACCGA	86.0	1041.6	-48.674
AAACGA	144.0	1647.3	-48.196
GAATGG	214.0	4869.9	-47.246
TGCAAG	121.0	4513.6	-46.845
ATGTGC	323.0	5192.2	-46.809
GGAATG	304.0	4810.9	-46.412
TAAACG	109.0	1103.7	-46.006
TCCGAT	40.0	699.0	-45.980
CATGTT	360.0	6028.5	-45.622
CGATCG	24.0	343.0	-44.938
AACGCG	57.0	627.1	-44.672
GCCTGT	157.0	4609.3	-44.414
TGCAGG	179.0	5973.4	-44.225
GTCGGA	95.0	898.8	-44.168
CGATAC	44.0	409.8	-43.980
AATGCG	75.0	862.8	-43.876
GTATGC	142.0	3027.8	-43.837
CATTCG	91.0	842.6	-43.606
CCGTCG	50.0	645.1	-43.124
GCGCAA	90.0	836.9	-42.887
ATTCGT	100.0	1003.7	-42.648
CGGCGT	101.0	1024.1	-42.432
TGGATG	210.0	6514.2	-42.370
GCTTGC	190.0	4184.0	-42.257
AATGCA	368.0	6385.5	-41.940
AGAGCG	81.0	2009.7	-41.726
GGTTCC	221.0	3269.6	-41.473
GAATGA	246.0	5946.0	-40.993
TTCATG	258.0	6226.2	-40.926
TACCGT	78.0	673.6	-40.915
TTCCGG	145.0	1819.4	-40.879
GGGTTC	221.0	3293.7	-40.714
GGCACG	123.0	1426.4	-40.658
GCGAAA	84.0	771.7	-40.615
GTGGAG	350.0	6069.1	-40.176
CCGTGG	166.0	2249.8	-39.537
CTGGCG	162.0	2175.2	-39.253
AACGAA	127.0	1530.0	-39.212
GCGATA	8.0	441.2	-38.976
CGTTAT	82.0	769.4	-38.454
AACGAG	111.0	1252.0	-38.407
CTTAAT	278.0	4596.5	-37.953
CGTTCG	14.0	466.5	-37.836
TCTCGC	107.0	1213.6	-37.519
CCGGCG	137.0	1919.8	-37.458
CCGGTA	77.0	720.9	-37.394
CGTAAT	18.0	690.2	-37.277
CCGAAA	95.0	1005.5	-37.251
TACATG	193.0	6025.7	-37.227
CCGTTG	96.0	1025.4	-37.142
ATGCAG	323.0	5595.2	-37.039
CGATAG	47.0	511.2	-36.988
TTGACT	262.0	4302.9	-36.495
CGAGAG	58.0	1854.9	-36.206
AAGCAT	336.0	5961.9	-35.547
GCTTGT	180.0	4416.8	-35.476
CATGCC	181.0	3653.3	-35.417
TACGCA	47.0	620.2	-35.290
TAACGA	84.0	852.3	-35.133
AGTGCA	186.0	4053.8	-34.761
CGATCA	67.0	599.7	-34.649
AAACCG	64.0	1250.9	-34.643
GGGCAT	138.0	4017.2	-34.443
GATTGC	114.0	2847.7	-34.117
GCGTTC	103.0	1223.8	-33.244
TACGCG	50.0	365.0	-33.164
TGGCGC	145.0	2014.5	-32.970
TGTGCA	429.0	8230.5	-32.800
CGACTG	96.0	1107.5	-32.632
CCCGAC	40.0	1119.7	-32.403
GCGTGC	56.0	2580.9	-32.367
CGACCG	26.0	716.7	-32.049
CTCTCG	112.0	1401.6	-31.998
TGGAGC	295.0	5227.9	-31.735
ATTCCG	75.0	775.2	-31.456
CGTGAA	102.0	1556.7	-31.398
ATGCTT	264.0	6368.4	-31.261
ACCGTT	70.0	825.3	-31.173
GTAACG	65.0	615.8	-31.118
GCAAGT	150.0	3576.6	-30.588
TAGCGT	35.0	656.5	-30.420
TATGCA	322.0	5916.7	-30.411
TCCGGG	168.0	2557.9	-30.361
CGTGGA	144.0	2072.6	-30.150
CCCGTC	93.0	1103.7	-30.055
TCCGAA	86.0	977.6	-29.925
CATGTA	301.0	6272.4	-29.755
ACGAGA	101.0	1260.6	-29.736
GAGCGA	109.0	1660.4	-29.497
GAAACC	267.0	4721.5	-29.474
TGAACG	93.0	1181.8	-29.423
CGTGTA	56.0	1332.8	-29.414
CGCGAC	71.0	741.3	-29.373
AAGTCG	85.0	970.3	-29.347
CGCGAA	26.0	544.0	-29.309
TTTGCA	394.0	7615.0	-29.302
GAGCAT	201.0	4360.6	-29.301
ATAACG	69.0	711.9	-29.080
CGTTCA	77.0	852.0	-29.027
GGTGAA	226.0	4093.8	-29.021
CGCTAA	47.0	647.7	-29.017
ATGACC	188.0	3027.8	-28.952
ATGCAC	160.0	4123.8	-28.839
TGACGC	43.0	946.6	-28.808
ATGCGG	88.0	1038.8	-28.688
TTTGAC	250.0	4372.7	-28.637
ACGATA	54.0	618.0	-28.621
GATGGG	257.0	4545.9	-28.561
CGATGC	84.0	967.1	-28.561
GCGTGA	52.0	1362.0	-28.546
TAAGCG	23.0	738.6	-28.516
TAACGC	57.0	524.0	-28.512
TAGCAT	262.0	4651.7	-28.387
CTAAGG	198.0	3254.7	-28.384
CATGGC	242.0	4218.2	-28.333
GTACGC	59.0	559.8	-28.201
GCGCAT	72.0	1178.5	-28.144
GGGGCG	115.0	4958.7	-28.080
ATGCCG	82.0	941.9	-28.040
CCGTTA	41.0	615.9	-28.025
GTGAAG	287.0	5237.1	-27.988
ACGACC	38.0	816.7	-27.819
GCAGGT	148.0	4511.6	-27.788
GCTTGA	141.0	3293.0	-27.735
CCGATG	45.0	976.9	-27.667
ACCGAA	39.0	1096.6	-27.667
TTGACG	71.0	770.3	-27.633
TTGCGT	38.0	1062.6	-27.554
TACCGA	31.0	682.1	-27.533
AGCTTG	189.0	4496.3	-27.415
GGTGCA	140.0	3617.4	-27.368
GGCGCC	164.0	2572.4	-27.322
CCGGTG	107.0	1859.2	-27.288
GTTGCA	168.0	3111.4	-27.172
TAATCA	227.0	3936.2	-27.155
GTGATG	275.0	5007.2	-27.134
CGTCGG	11.0	743.2	-26.911
GTGCAG	131.0	4864.9	-26.827
ACCGAC	13.0	742.9	-26.570
CATGTG	430.0	8776.6	-26.383
TTCGTA	71.0	792.6	-26.380
CATGGG	202.0	4398.4	-26.377
AATCCG	46.0	873.7	-26.345
AGACCG	92.0	1163.3	-26.337
CACGAT	29.0	824.4	-26.312
TCCCGT	46.0	1331.8	-26.196
ATAGCG	38.0	606.1	-26.110
GACGGA	88.0	1096.0	-25.905
CGCCCG	130.0	1927.8	-25.828
TGGCGT	104.0	1413.7	-25.754
GTACGA	30.0	470.6	-25.722
ATGCCT	204.0	4518.0	-25.720
CGGACA	79.0	934.5	-25.620
CGAAAC	59.0	812.1	-25.608
TCGATG	77.0	915.7	-25.607
GGCGTA	35.0	601.8	-25.532
ACGAAC	35.0	670.5	-25.506
CGGGGG	186.0	3120.1	-25.372
AGCGTT	94.0	1225.5	-25.344
GTAATG	137.0	3754.8	-25.194
ACCGGT	33.0	745.4	-25.116
CATGAG	258.0	4740.9	-25.064
CGGCAT	41.0	859.0	-24.955
AAAAAC	418.0	12671.4	-24.937
GCCGTT	68.0	860.7	-24.887
ACGAAA	101.0	1381.6	-24.681
TTCCGT	97.0	1301.8	-24.652
GTCGTA	39.0	489.8	-24.535
ACGATT	37.0	841.0	-24.518
TTCGAA	80.0	977.1	-24.430
GTGCAA	125.0	3249.3	-24.360
GATAAC	159.0	2568.1	-24.332
ATTGCA	237.0	4296.2	-24.091
GACTGG	220.0	3935.2	-24.033
CGATCT	68.0	783.5	-23.981
TCCGAC	64.0	712.7	-23.930
CCGTAG	32.0	864.9	-23.882
CGTTGT	86.0	1105.3	-23.856
GTGCAC	95.0	3938.0	-23.815
GCTTAA	186.0	3187.4	-23.743
CTCGAT	63.0	699.7	-23.676
TAATGC	162.0	3176.2	-23.609
CGATAA	51.0	577.7	-23.531
ACAAAA	416.0	14314.7	-23.475
GGTAAC	133.0	2067.6	-23.461
GGGGGT	171.0	4553.9	-23.368
ATAGCT	216.0	3870.5	-23.365
GCGCCG	138.0	2159.7	-23.321
CATGAT	227.0	4692.5	-23.253
CTTGCA	179.0	4334.3	-23.240
ATGCGC	42.0	1160.5	-23.138
AATTCG	48.0	874.2	-23.123
GACGGG	21.0	1540.1	-23.070
GCATAA	104.0	3174.7	-22.971
GATTGA	186.0	3232.7	-22.709
GATAGC	149.0	2428.8	-22.663
GCATCT	139.0	4477.4	-22.632
GCGCTA	61.0	683.9	-22.611
GATTAG	151.0	2477.9	-22.548
TGCGTG	88.0	2930.8	-22.515
CGATTG	43.0	814.1	-22.492
ATCGAT	33.0	899.1	-22.365
CATGGT	271.0	5164.0	-22.346
AAACAA	559.0	16730.1	-22.340
CGGTCG	59.0	653.5	-22.325
CATCTA	211.0	3807.5	-22.157
GTTCCA	226.0	4152.6	-22.100
CGGTAC	53.0	554.4	-22.002
CCATGT	138.0	5280.3	-21.944
AGCGTG	45.0	1816.4	-21.792
ATCTAG	164.0	2782.5	-21.763
GTTAAC	91.0	2452.4	-21.745
GGTTCG	73.0	925.8	-21.591
GGTCGG	96.0	1362.7	-21.587
CTAATC	80.0	1950.3	-21.531
CATGCT	223.0	4921.4	-21.453
ATGGCC	198.0	3554.4	-21.387
CCTTTT	375.0	7721.8	-21.249
GAAGGG	304.0	6007.3	-21.224
GGTTAA	174.0	3224.7	-21.142
GGGCGC	172.0	3011.8	-20.783
CCGATC	51.0	592.9	-20.763
GTCGAA	28.0	623.9	-20.731
TGAAGC	234.0	4805.4	-20.730
TTTGTA	441.0	9354.6	-20.713
TTAAGC	120.0	3036.1	-20.674
ATGGCG	40.0	1743.4	-20.640
GAATGT	292.0	5786.8	-20.602
TAGAGG	211.0	3885.3	-20.590
CCCGTA	14.0	652.7	-20.589
TGACCC	174.0	3045.5	-20.545
GCTCTT	264.0	5121.1	-20.478
CCCGTG	124.0	1973.4	-20.476
GTATGA	146.0	3789.2	-20.402
CACGAG	90.0	1273.6	-20.379
TTGTAT	369.0	7623.9	-20.362
ATTCGC	35.0	621.1	-20.275
GTGAAA	309.0	6203.1	-20.254
AACAAA	503.0	16457.8	-20.169
GTATTG	186.0	3358.2	-19.954
GTGAAT	159.0	4896.6	-19.928
ATGACT	187.0	4723.3	-19.907
CGGCCC	94.0	2155.7	-19.893
AGCGTA	50.0	539.4	-19.830
TTCGCA	26.0	727.7	-19.814
AGCGAG	53.0	2267.3	-19.799
CCATGC	128.0	3793.2	-19.779
CCGGTC	7.0	1146.2	-19.658
GACGAT	64.0	797.8	-19.658
TCGCTC	85.0	1191.6	-19.656
GTAGTT	201.0	3714.3	-19.638
TGTACA	287.0	5717.5	-19.638
CATGAA	289.0	6484.1	-19.630
TCATGC	107.0	3203.0	-19.599
CGCCGT	33.0	890.8	-19.467
GTTGAA	250.0	4849.3	-19.459
CGAAGC	73.0	1469.2	-19.438
ATCCGT	24.0	899.0	-19.276
ATGACG	29.0	923.8	-19.233
ACACGA	38.0	1030.1	-19.203
CCCGGC	163.0	2872.1	-19.148
CTCAAC	148.0	2545.4	-19.146
GGCTAA	118.0	2737.2	-19.146
CGCTAC	54.0	624.7	-19.087
GCCGGT	58.0	1323.5	-19.039
AGAGTG	181.0	5442.6	-19.025
GTTAAG	148.0	3598.8	-18.970
TGTAGC	161.0	4432.7	-18.942
TAATCC	96.0	3066.6	-18.836
GCGTAT	50.0	557.9	-18.808
TTTTTT	2279.0	57008.0	-18.794
ACAAGT	216.0	4108.5	-18.735
GCATTG	133.0	4024.8	-18.719
TTCCGA	80.0	1157.8	-18.677
GGCCCA	180.0	3278.2	-18.635
TAAGCA	251.0	4926.4	-18.612
TCCGTC	36.0	904.1	-18.601
GATACC	102.0	1858.8	-18.528
CCCCCC	256.0	5068.5	-18.418
TTTCCC	318.0	6546.8	-18.395
GACCCG	103.0	1608.4	-18.376
GTACCG	37.0	684.8	-18.356
ATTTGC	271.0	5412.1	-18.312
TAACCA	117.0	3669.2	-18.273
CTAACG	29.0	757.6	-18.252
TGAAGG	291.0	5917.3	-18.230
TATCCG	52.0	605.1	-18.202
ACCGGC	82.0	1170.5	-18.180
AGGGGG	158.0	5032.6	-18.122
CGCGAT	13.0	499.9	-18.042
GGCGAT	51.0	980.0	-17.972
TCGTGA	75.0	1055.0	-17.963
ACACCG	76.0	1080.0	-17.779
GAACGG	42.0	1195.4	-17.770
CGAAGG	59.0	1425.9	-17.752
TAGCTG	228.0	4445.0	-17.732
CCGACT	77.0	1107.5	-17.531
ATCCGG	74.0	1046.1	-17.514
TAACTA	197.0	3732.9	-17.458
GCATTA	104.0	3211.4	-17.421
TTAACG	48.0	833.6	-17.332
CTGGTG	275.0	5585.0	-17.309
CAAAAA	407.0	12385.5	-17.288
CGGAAA	43.0	1451.4	-17.253
TCAGAT	241.0	4786.0	-17.187
AGAGGT	251.0	5021.9	-17.135
ACGTGC	94.0	1457.2	-17.098
ACGGAA	88.0	1329.0	-17.087
TAGTGC	103.0	2243.0	-17.028
CGGTGG	52.0	2525.1	-17.012
CGTAAG	34.0	777.3	-16.998
AATCCT	212.0	4110.8	-16.972
AGAGGG	317.0	6626.5	-16.968
CGATGA	33.0	1057.5	-16.926
ATGGGC	180.0	3369.3	-16.875
GCGTTT	60.0	1569.5	-16.846
TCGAAG	71.0	1004.1	-16.800
CCGTTC	68.0	946.7	-16.726
TGGCCC	189.0	3602.9	-16.664
GTGCTT	238.0	5375.3	-16.488
GTCCAT	83.0	3014.1	-16.463
AGGCCC	184.0	3492.6	-16.425
TGGTCG	71.0	1017.0	-16.361
GCGAAT	56.0	718.2	-16.357
ACTTAA	263.0	5365.2	-16.301
GCCGAA	68.0	958.8	-16.273
TGCTTA	221.0	4840.9	-16.253
ATGTTT	494.0	11081.3	-16.252
AAGCCG	46.0	1541.0	-16.243
GCATAT	167.0	4724.9	-16.186
GGGTAA	151.0	2869.2	-16.164
AAAACA	528.0	16922.7	-16.110
GGCCCG	137.0	2424.0	-16.055
GTGGGG	357.0	7695.3	-16.018
AGTACG	52.0	652.0	-15.965
AAATCG	67.0	1064.2	-15.942
GCCGGG	204.0	3995.6	-15.929
AAGGGC	203.0	3971.0	-15.927
TGCCGT	44.0	1130.1	-15.920
GGGTGG	370.0	8013.5	-15.909
CCGACC	59.0	1024.7	-15.904
TTCGTG	94.0	1500.0	-15.881
CGGTAT	29.0	608.2	-15.861
GCTAGT	59.0	2174.5	-15.853
GATGCA	180.0	3992.5	-15.831
CGCTCG	60.0	1117.1	-15.747
CGCACG	58.0	1250.0	-15.636
ATGTGA	311.0	6595.2	-15.636
TGTGAA	357.0	7733.9	-15.578
GGTGGT	256.0	5259.0	-15.569
TTGTGC	146.0	4264.7	-15.515
GCCCAA	141.0	2547.9	-15.460
AGACGA	79.0	1191.9	-15.410
TTGAAT	248.0	7195.9	-15.379
CCGACG	31.0	622.8	-15.366
AATCGG	44.0	740.3	-15.364
GGTAAA	226.0	4545.9	-15.320
CTTAAC	69.0	3162.2	-15.278
CCGAAG	100.0	1654.0	-15.255
GCCGTA	24.0	596.1	-15.240
CCTACC	127.0	2252.1	-15.212
GGGCGG	127.0	5958.8	-15.212
AAGCTT	151.0	4953.9	-15.206
GGGGGA	271.0	5892.3	-15.181
TTAATC	204.0	4042.4	-15.162
ATGGGT	222.0	4455.4	-15.113
ATACGC	27.0	448.3	-15.108
ATTGGA	223.0	4491.6	-14.963
AAGTTG	259.0	5363.0	-14.875
TCTCGT	47.0	1027.2	-14.868
CATGGA	182.0	5259.1	-14.806
CGAGGC	137.0	2488.9	-14.706
ACGGTA	27.0	647.0	-14.648
GTGGTG	219.0	7033.6	-14.467
GACTGA	146.0	3975.1	-14.438
GAGTGA	145.0	4669.3	-14.435
AGCTTA	112.0	3266.4	-14.420
CTACAC	148.0	2768.1	-14.412
TAATCG	42.0	506.6	-14.382
GTAGTA	87.0	3084.7	-14.355
GCCAAG	203.0	4071.1	-14.318
CGGTCA	11.0	851.2	-14.309
ACCGTA	38.0	636.5	-14.300
CGTTGA	52.0	943.6	-14.272
GGATCG	33.0	1020.0	-14.163
CGTACG	33.0	342.6	-14.128
GAAGCC	229.0	4705.4	-14.117
AAGCCT	207.0	4596.3	-14.093
TAGCGG	24.0	809.6	-14.019
TCGTAC	30.0	394.3	-14.016
GCCGAC	67.0	1002.6	-14.006
CGGAGA	112.0	1957.5	-13.999
GCATTC	124.0	3286.9	-13.969
TCGGAC	8.0	646.7	-13.942
AAGAGT	151.0	5336.7	-13.892
GGAGAG	262.0	8126.5	-13.892
GAGAGG	243.0	7224.3	-13.892
GAGGGG	228.0	7013.2	-13.892
CATTCA	173.0	5076.5	-13.892
ATTCAT	216.0	7075.4	-13.892
AAAAAT	632.0	20707.8	-13.892
CATATA	229.0	6796.9	-13.892
CAGAGA	291.0	9013.9	-13.892
ATCATG	126.0	4709.3	-13.892
AAGGAT	141.0	5150.4	-13.892
AGGATG	161.0	5854.5	-13.892
GGATGA	182.0	4551.6	-13.892
TTTTTA	740.0	20852.0	-13.892
TTAAGG	168.0	4558.6	-13.892
ATGTAC	176.0	4140.4	-13.892
TGTACT	167.0	4542.5	-13.892
GTGGAT	119.0	4347.1	-13.892
CATTTG	267.0	7965.9	-13.892
TGTATA	317.0	9136.4	-13.892
GTATAA	162.0	4230.9	-13.892
TTTTCT	632.0	17840.0	-13.892
AGTTAA	189.0	5835.2	-13.892
TTTTGT	639.0	19671.7	-13.892
TGTTAA	245.0	6596.8	-13.892
GTTAAA	212.0	5943.0	-13.892
TTAGCA	164.0	4339.8	-13.892
GAAAGA	421.0	12855.6	-13.892
AAAGAA	628.0	21521.2	-13.892
AAGAAA	635.0	22253.8	-13.892
GCTGTT	203.0	5206.1	-13.892
TCTTTT	511.0	14645.2	-13.892
CTTTTA	291.0	9568.3	-13.892
TTTAGC	120.0	3815.8	-13.892
CATACA	150.0	6146.0	-13.892
ATGAAG	260.0	7210.2	-13.892
TGAAGT	196.0	6522.8	-13.892
ATAGAG	140.0	4089.8	-13.892
CCTGTT	179.0	4850.3	-13.892
ATCTTT	253.0	8380.9	-13.892
TAATTG	178.0	5264.2	-13.892
AAATGC	192.0	7270.6	-13.892
GGGGTG	193.0	6658.8	-13.892
GTACAT	143.0	4385.8	-13.892
GCATTT	300.0	7613.9	-13.892
CATTTT	428.0	13220.9	-13.892
ATAAAA	554.0	18107.0	-13.892
TAAAAA	641.0	20635.5	-13.892
AAAATA	559.0	20122.7	-13.892
GAAAAA	504.0	15380.5	-13.892
AAAAAG	488.0	15082.8	-13.892
AAAAGA	494.0	16014.7	-13.892
AGAAAA	602.0	19410.3	-13.892
AAAGAG	229.0	8795.6	-13.892
AGAGAC	150.0	5435.4	-13.892
GAGACA	165.0	6336.6	-13.892
AATGTA	295.0	8333.7	-13.892
ATGTAT	388.0	11825.2	-13.892
TGTATG	419.0	11859.6	-13.892
TGGCTT	219.0	7194.0	-13.892
CTTGTA	176.0	4415.9	-13.892
TTGTAC	150.0	3467.6	-13.892
GTTTGC	201.0	4635.1	-13.892
ACTATA	143.0	3733.0	-13.892
ATTGAA	204.0	6992.6	-13.892
AAATAA	552.0	20161.9	-13.892
TTTTTG	514.0	16184.5	-13.892
TTTTGC	256.0	7117.5	-13.892
TTGCAG	209.0	5255.5	-13.892
ATGTCT	219.0	6013.1	-13.892
TTAAAG	342.0	9658.3	-13.892
AATGCT	222.0	6223.4	-13.892
ATTGCT	176.0	5762.9	-13.892
TGCTTT	357.0	10586.5	-13.892
TGGTGT	171.0	6432.9	-13.892
GGTGTA	118.0	2968.8	-13.892
ACATGT	203.0	6965.0	-13.892
TTGGCA	163.0	4670.5	-13.892
AAGTTT	294.0	8387.6	-13.892
GTTTGG	181.0	6140.4	-13.892
TTACAT	200.0	6871.2	-13.892
TCATGA	166.0	5120.5	-13.892
ATGAGT	205.0	5286.3	-13.892
TTTACC	112.0	3729.9	-13.892
TTAATG	233.0	6755.4	-13.892
TAATGG	131.0	4267.1	-13.892
AATGGT	143.0	4640.2	-13.892
ATGTTC	157.0	4843.7	-13.892
TGTTTT	711.0	21945.5	-13.892
GTTTTT	474.0	15428.0	-13.892
TTAAAC	217.0	5444.1	-13.892
TAAACA	276.0	7621.5	-13.892
CTTTGA	240.0	7655.0	-13.892
TTGAAC	172.0	4516.4	-13.892
AGACTG	165.0	4969.2	-13.892
GTTGGA	144.0	4241.9	-13.892
TTGGAG	182.0	6029.6	-13.892
TGGTGA	237.0	5766.6	-13.892
GTGATT	166.0	4791.0	-13.892
TGATTC	88.0	3788.0	-13.892
CTTAAG	135.0	3878.3	-13.892
GCTTTA	120.0	4893.7	-13.892
ATTAAC	114.0	3659.4	-13.892
TTAACT	152.0	5286.8	-13.892
CTAATT	151.0	4641.0	-13.892
CTGTAT	200.0	5388.5	-13.892
ATTGTA	217.0	5629.3	-13.892
AATAAA	593.0	20431.2	-13.892
CTTGAA	200.0	6069.9	-13.892
GAAGCA	172.0	6106.3	-13.892
AATGTG	297.0	7535.1	-13.892
ATGTAG	203.0	5299.5	-13.892
TGGTTA	156.0	4205.1	-13.892
GGATGG	205.0	5990.4	-13.892
ATGGGA	175.0	5346.5	-13.892
GGGAGA	231.0	7054.0	-13.892
GACTGT	125.0	4074.8	-13.892
CCTGTG	218.0	6646.5	-13.892
AGCTTT	232.0	6529.5	-13.892
CTGTAA	212.0	5755.8	-13.892
GTAAGT	121.0	4192.5	-13.892
AGTGAG	182.0	6210.8	-13.892
TTAGTG	167.0	4532.7	-13.892
TAACTG	163.0	4103.5	-13.892
ATGCAA	179.0	5425.4	-13.892
TGCAAT	154.0	4081.8	-13.892
TTGTCA	155.0	5149.9	-13.892
TAAAGC	155.0	4519.0	-13.892
ATGGTG	232.0	5985.6	-13.892
TGAATA	211.0	6724.2	-13.892
AGACAG	241.0	7889.1	-13.892
GCTTAT	122.0	3160.3	-13.892
CTTATG	111.0	3496.1	-13.892
TTATGC	138.0	3503.3	-13.892
TATGCT	152.0	4469.2	-13.892
AGCATA	160.0	4040.1	-13.892
CTTGTG	240.0	5496.6	-13.892
GTGTTA	144.0	4046.3	-13.892
CAAGTT	180.0	4684.0	-13.892
TGAACT	178.0	5826.8	-13.892
CTTTGC	173.0	5318.1	-13.892
ATTAGT	116.0	4080.2	-13.892
TAGTGT	153.0	4347.7	-13.892
AGTGTT	217.0	6392.9	-13.892
TTGTTT	579.0	22660.9	-13.892
ATATGC	166.0	4803.8	-13.892
GCAATT	103.0	3300.6	-13.892
TTTTCC	362.0	9090.1	-13.892
GCAAGA	152.0	4654.3	-13.892
AATGAC	131.0	4464.9	-13.892
CTGAAT	189.0	5030.8	-13.892
TCCTTA	143.0	4280.6	-13.892
CTTCAT	189.0	5625.1	-13.892
TGCGTT	50.0	1352.6	-13.892
AGTCTG	146.0	4747.4	-13.892
ATGCTG	194.0	6138.8	-13.892
ATAGTG	137.0	3914.0	-13.892
AAGACT	168.0	5002.1	-13.892
GTTCAT	166.0	4501.5	-13.892
TCATGT	211.0	5864.9	-13.892
ATGTGG	209.0	6815.9	-13.892
TGTGGA	218.0	6755.1	-13.892
CTTAGT	135.0	3892.9	-13.892
TAGTTG	136.0	3478.8	-13.892
TGGCAT	207.0	4932.3	-13.892
CTGCTT	229.0	6635.4	-13.892
TGTTCA	205.0	5898.7	-13.892
CTTGCT	223.0	6111.4	-13.892
TGGGGG	277.0	7416.3	-13.892
TTGGCT	180.0	5566.5	-13.892
TGAAAG	207.0	7800.6	-13.892
TAAGTA	185.0	5248.5	-13.892
AAGTAG	128.0	4749.5	-13.892
GATTAA	196.0	4546.3	-13.892
CCTTTG	239.0	6278.9	-13.892
TAACTT	193.0	5624.4	-13.892
CATCTT	194.0	6054.1	-13.892
TTAACA	207.0	5574.2	-13.892
AGGGAG	246.0	7713.6	-13.892
TAGTAT	137.0	3938.2	-13.892
CTCTTG	164.0	5003.0	-13.892
TCTTGC	138.0	4245.2	-13.892
TTTGGA	199.0	7623.3	-13.892
ACTTTT	322.0	9519.4	-13.892
TTTTAC	245.0	6752.1	-13.892
TGATTG	141.0	5040.4	-13.892
GGGAAG	213.0	7840.6	-13.892
GTTTAA	229.0	6054.1	-13.892
GAGTGG	165.0	5229.1	-13.892
GATTGT	104.0	3800.0	-13.892
TTTTCG	63.0	1611.8	-13.892
CCTTGT	135.0	4552.9	-13.892
TACTTA	148.0	4726.8	-13.892
CTTACT	146.0	3730.9	-13.892
AAGAGC	103.0	5336.0	-13.892
CTTTAT	245.0	7657.2	-13.892
TTGCAA	189.0	5083.3	-13.892
GGTATG	96.0	3380.8	-13.892
ATGGAG	131.0	5899.4	-13.892
AGTGGG	203.0	5970.9	-13.892
AAAGGG	174.0	6496.2	-13.892
ATGGAT	177.0	6074.9	-13.892
ATGAAC	187.0	4626.8	-13.892
ACTTAT	137.0	4248.1	-13.892
TATACA	182.0	6587.4	-13.892
ATGAAT	316.0	8394.3	-13.892
AAGGCA	154.0	6161.0	-13.892
AGCATT	218.0	6322.9	-13.892
CTAAAG	150.0	4554.2	-13.892
AAGTAT	179.0	5713.1	-13.892
GATGTA	137.0	3885.9	-13.892
TGTAAA	351.0	9270.1	-13.892
AGAGAT	172.0	6735.7	-13.892
TTTCCA	253.0	8318.3	-13.892
ACTCTT	139.0	4531.8	-13.892
TTCCTA	182.0	4997.5	-13.892
AGTTTA	192.0	6024.2	-13.892
AACCAT	171.0	4723.6	-13.892
TTGGTA	133.0	4451.2	-13.892
CTATTG	84.0	3212.4	-13.892
GTGTTC	143.0	4662.3	-13.892
AGGCAT	191.0	4773.7	-13.892
GATGGA	112.0	6143.5	-13.892
TTGATG	166.0	6168.7	-13.892
GAGGGA	232.0	7036.3	-13.892
ATAGTT	150.0	5098.6	-13.892
TTGTAA	273.0	7105.6	-13.892
GGGAGG	326.0	10102.3	-13.892
GGAGGG	257.0	8985.0	-13.892
GTGGAA	218.0	5576.5	-13.892
GGGGAA	228.0	6468.6	-13.892
TTGCCT	195.0	5549.4	-13.892
GAAGTG	186.0	5519.8	-13.892
TGGAGG	207.0	7252.6	-13.892
GGATGT	115.0	4406.6	-13.892
TAATCT	145.0	4100.1	-13.892
AAAGCT	231.0	6387.5	-13.892
CTTGGT	110.0	5009.1	-13.892
ACATGA	129.0	5821.5	-13.892
TGAAGA	310.0	8840.4	-13.892
ATTGGT	96.0	4165.2	-13.892
AGTGAA	231.0	6062.6	-13.892
AATGGA	249.0	6987.5	-13.892
GAAGGT	131.0	4706.8	-13.892
TGAATC	106.0	3505.0	-13.892
TGATGG	164.0	5915.4	-13.892
AAACTA	208.0	6035.4	-13.892
TAGAGA	151.0	5628.4	-13.892
TGTAAT	245.0	6620.7	-13.892
CAGTAA	133.0	4508.0	-13.892
GAATAG	108.0	3566.4	-13.892
AACTTG	160.0	5304.4	-13.892
AACTAT	161.0	4330.0	-13.892
GTGAGA	147.0	5381.3	-13.892
AGGTTG	106.0	3977.8	-13.892
GATGAG	119.0	4421.2	-13.892
ACTGTA	181.0	4873.2	-13.892
GTGTAG	168.0	4112.2	-13.892
CGTTTT	84.0	2163.8	-13.892
AGATAG	127.0	5101.6	-13.892
GATAGA	121.0	4775.9	-13.892
GTAAAG	174.0	4815.2	-13.892
GGGTGA	119.0	4259.4	-13.892
TTTCGT	58.0	1508.9	-13.892
CGAAAA	42.0	1485.7	-13.892
TTCCCA	284.0	6061.1	-13.832
GCGGTT	52.0	1126.9	-13.820
TCGGAG	94.0	1576.3	-13.809
ACCACC	169.0	3294.7	-13.799
GTAAAC	163.0	3146.9	-13.786
CGGGTT	86.0	1399.8	-13.767
ATTCCC	170.0	3321.7	-13.764
GTTGAC	93.0	2351.8	-13.754
GCTCGC	107.0	1876.4	-13.729
ATTGAC	145.0	2732.5	-13.719
CGGGAA	118.0	2112.1	-13.656
AAACCT	256.0	5402.3	-13.639
GAATCC	101.0	2737.8	-13.587
GCGAGT	78.0	1230.5	-13.570
GCTCGT	65.0	974.3	-13.560
ATTGGC	76.0	3116.7	-13.539
CTCGTT	28.0	995.8	-13.514
GTGGCG	135.0	2501.2	-13.505
CGTACC	22.0	468.2	-13.474
CCTACT	143.0	2696.2	-13.465
GCCCCT	185.0	3694.6	-13.437
CTTAAA	337.0	7425.6	-13.407
CCCGTT	46.0	988.1	-13.396
CAATGC	110.0	2924.4	-13.358
AACCTC	156.0	2997.8	-13.350
GTTCGA	68.0	1052.5	-13.346
TAACCG	31.0	683.3	-13.341
GCTAAT	153.0	2949.7	-13.337
CAGCAT	203.0	5150.8	-13.299
AAATCC	235.0	4898.9	-13.280
GGAACG	74.0	1496.9	-13.250
GCAGTT	209.0	4277.8	-13.178
TCGTAG	48.0	704.6	-13.170
CGGTTC	45.0	1102.0	-13.161
CGTCGT	38.0	511.8	-13.151
TCGTTC	33.0	834.9	-13.137
GGCGAA	41.0	1106.6	-13.130
GTTGTA	188.0	3795.5	-13.054
AGCGAT	36.0	885.6	-13.053
GTAGCT	147.0	3592.0	-13.042
TGCAGT	247.0	5209.0	-13.039
ACCCGT	44.0	817.6	-13.036
TTAATT	474.0	10933.3	-13.002
TCGTAT	38.0	733.5	-12.986
ACGGCC	68.0	1057.6	-12.949
GTGTAA	210.0	4322.4	-12.906
GAACGC	49.0	1193.3	-12.856
ACGCCC	23.0	1390.9	-12.838
TAATTC	223.0	4643.4	-12.807
TGGTGG	349.0	7798.1	-12.763
CGCTCT	94.0	1620.0	-12.758
TAAACC	132.0	3386.1	-12.698
GCTAAC	75.0	1885.5	-12.672
GACACG	74.0	1197.3	-12.662
TAGCTT	206.0	4237.5	-12.639
CTAGTG	131.0	2736.1	-12.619
CGACAC	34.0	720.2	-12.602
GGCGCT	116.0	2118.8	-12.541
TCGTAA	47.0	635.9	-12.533
CAAAGC	233.0	4929.7	-12.531
CGTCCG	53.0	765.4	-12.514
TGTGAT	293.0	6393.1	-12.514
GTCCGC	66.0	1029.8	-12.509
GGCCCC	169.0	3373.3	-12.508
ACTGGC	175.0	3501.3	-12.487
AGTGCC	163.0	3224.5	-12.467
GGTAAT	133.0	2848.0	-12.464
GTGAAC	158.0	3100.0	-12.453
ATCCAT	196.0	4420.0	-12.448
TCGATC	7.0	571.1	-12.447
ACGCAC	69.0	1095.0	-12.445
ACTAAT	183.0	3709.5	-12.434
TTACCC	79.0	2100.5	-12.408
TATAGC	82.0	2962.6	-12.406
TCTCTT	347.0	7777.1	-12.401
CGTAAA	56.0	872.0	-12.396
ATCAGA	232.0	4915.3	-12.367
GGATTG	168.0	3359.1	-12.340
AAAGTC	228.0	4812.4	-12.321
GAGTCG	76.0	1254.1	-12.313
TAGACG	21.0	688.6	-12.303
GTTACG	44.0	582.5	-12.262
GGTGGA	238.0	5057.7	-12.257
TGCGGT	79.0	1301.8	-12.226
CCGTAC	21.0	533.9	-12.221
ACGAAT	29.0	872.0	-12.220
GATTGG	140.0	3334.7	-12.207
AACACG	65.0	1239.2	-12.170
AATCGA	55.0	807.3	-12.163
AGGCGT	58.0	1570.4	-12.145
GTCGGT	41.0	985.2	-12.111
TTGTAG	235.0	4990.6	-12.090
CGTAGT	39.0	712.8	-12.065
GGCTTA	148.0	2901.5	-12.028
TACCGG	47.0	648.6	-12.024
TGACTC	173.0	3506.1	-12.019
CGCAAA	57.0	854.9	-12.005
CGAGAC	77.0	1288.3	-11.989
TAACGG	48.0	669.5	-11.984
TCCGGT	68.0	1247.0	-11.965
GAAACG	73.0	1592.2	-11.946
CAAGAA	307.0	6807.7	-11.944
ATGTCG	53.0	774.5	-11.885
AAGCGA	52.0	1132.5	-11.882
GATCGC	23.0	783.0	-11.840
ATAGGC	115.0	2131.5	-11.819
TGACTG	234.0	4987.1	-11.797
GCCCGA	71.0	1395.2	-11.796
ATGCGA	40.0	797.2	-11.789
GCTTAG	81.0	2967.7	-11.777
CGGGTG	125.0	2375.5	-11.761
CCATCT	248.0	5343.6	-11.721
GAGTGC	142.0	3649.9	-11.702
TGCCTA	154.0	3516.5	-11.702
GGCATT	154.0	4196.7	-11.702
GACAGT	129.0	4024.8	-11.702
ACTGAT	109.0	3711.5	-11.702
AAGGGG	165.0	5162.8	-11.702
GGGGTT	163.0	4057.6	-11.702
TGTCCA	136.0	4167.2	-11.702
ACTGCA	157.0	4265.0	-11.702
GAGTTG	116.0	4434.8	-11.702
ATAAGC	134.0	3132.5	-11.702
AGCCTG	250.0	6420.3	-11.702
AATCCA	183.0	4469.9	-11.702
GGCTTG	167.0	4373.6	-11.702
CAGGTT	126.0	4277.0	-11.702
ATACCT	86.0	3546.2	-11.702
GTCTTA	128.0	3613.7	-11.702
CTTGTC	117.0	3865.9	-11.702
AGTTGG	185.0	4710.1	-11.702
CCTTAA	132.0	3962.9	-11.702
GGTTGG	123.0	4550.4	-11.702
TTCCCT	191.0	6198.1	-11.702
CAAGCA	156.0	4697.6	-11.702
TACCTG	103.0	3578.4	-11.702
GGTGAT	129.0	3706.7	-11.702
TAAGTC	85.0	2729.6	-11.702
TAGACT	112.0	3369.4	-11.702
CAATTC	87.0	3174.2	-11.702
CAAGTG	148.0	4601.8	-11.702
GTTGGG	137.0	4791.6	-11.702
GGATTA	80.0	3666.3	-11.702
GAGCTT	122.0	4207.3	-11.702
ATGAGC	129.0	3695.1	-11.702
TAGTGG	128.0	3506.8	-11.702
ATAGCA	153.0	4547.4	-11.702
CTCTTA	167.0	4382.5	-11.702
TCATTC	152.0	4279.3	-11.702
TGGTAG	144.0	3997.2	-11.702
AAAGCC	142.0	5113.3	-11.702
CTAAGT	138.0	3639.4	-11.702
ATGGCA	168.0	4754.1	-11.702
AGTTGC	101.0	3056.0	-11.702
ACATAC	122.0	5079.2	-11.702
CCCTTT	179.0	5542.0	-11.702
CCTTTC	163.0	5883.9	-11.702
GATGGT	171.0	4637.3	-11.702
TTAGAC	92.0	2637.7	-11.702
GACAAG	138.0	3723.6	-11.702
GGTAAG	124.0	3597.1	-11.702
GTAAGG	83.0	3182.1	-11.702
TCCCTT	158.0	5205.7	-11.702
TCCTAT	111.0	3283.9	-11.702
TGACTA	126.0	3493.2	-11.702
CACTTA	118.0	3554.8	-11.702
TAGGTG	119.0	3388.3	-11.702
CTGCCT	291.0	8027.9	-11.702
CGTGTT	52.0	1678.6	-11.702
CATAGT	96.0	3684.9	-11.702
ACTAGA	84.0	3366.8	-11.702
CTAACT	124.0	3035.0	-11.702
AACTAG	137.0	3141.1	-11.702
CTAGTT	109.0	3179.3	-11.702
TGTTCC	149.0	4498.4	-11.702
AGTAGG	97.0	3190.5	-11.702
GCTAAA	173.0	3898.7	-11.702
CTCTCT	313.0	8830.3	-11.702
GGAGTT	149.0	4678.8	-11.702
TGGGCA	155.0	5545.0	-11.702
AGTGGT	136.0	4515.8	-11.702
TTTGCC	156.0	4988.5	-11.702
ATAGGT	63.0	3002.8	-11.702
CCTATT	106.0	2992.9	-11.702
GGTTGA	89.0	3054.8	-11.702
GTCTGA	104.0	4149.8	-11.702
GCAGGA	184.0	5824.4	-11.702
TGATGC	170.0	3874.7	-11.702
AAACGT	73.0	1781.6	-11.702
ATACTG	119.0	3938.8	-11.702
TAAGCT	104.0	3196.8	-11.702
TGATCA	114.0	3892.5	-11.702
AACCTT	139.0	4267.5	-11.702
GTAGAG	125.0	3742.6	-11.702
TATGAC	111.0	2968.5	-11.702
TTAGTC	70.0	2807.5	-11.702
CTGACT	172.0	4642.3	-11.702
GTTTCC	173.0	5115.5	-11.702
AACTGG	149.0	4398.3	-11.702
GAAGGC	138.0	4564.0	-11.702
GTCATG	142.0	3577.2	-11.702
CAGGTG	203.0	5763.7	-11.702
ATGATC	109.0	3201.9	-11.702
AACCAG	119.0	4191.1	-11.702
GGATGC	103.0	3849.5	-11.702
AGTAAC	109.0	3115.6	-11.702
ACCTGT	151.0	4199.3	-11.702
GCATAG	102.0	2895.3	-11.702
GAGAGC	155.0	4897.3	-11.702
TGTTCG	31.0	1085.0	-11.702
CCTCTT	175.0	5565.5	-11.702
CATTAG	70.0	3268.8	-11.702
GCAGAT	99.0	4263.2	-11.702
CCTAAA	162.0	4455.2	-11.702
GGTTTC	120.0	4894.1	-11.702
TCGAAA	31.0	1133.4	-11.702
CGTTTG	47.0	1572.5	-11.702
TGGTGC	191.0	4084.5	-11.695
CCAAAG	233.0	4996.6	-11.680
GCACGC	92.0	1794.6	-11.667
CGATGT	62.0	971.0	-11.661
TCCGGC	42.0	1482.7	-11.654
CCCATG	185.0	3817.5	-11.603
GTCCGA	46.0	810.6	-11.602
CTCTTT	332.0	7490.3	-11.591
ATCGGA	9.0	718.4	-11.521
CGAAGT	61.0	955.3	-11.502
GCGAGA	50.0	1616.3	-11.469
AATACG	52.0	876.2	-11.461
ACGAGT	54.0	887.5	-11.456
GACCGT	34.0	887.9	-11.446
TACTTG	199.0	4171.2	-11.388
GTCGGG	94.0	1679.3	-11.387
TGGTAA	216.0	4594.2	-11.386
GAAGCG	91.0	1749.1	-11.373
TTGTGA	316.0	7092.6	-11.324
GTGCGG	110.0	2037.5	-11.321
CACGGG	99.0	1799.7	-11.318
AACCTA	161.0	3248.8	-11.302
CGCTTA	15.0	573.0	-11.294
TCGATT	53.0	792.8	-11.276
CCGACA	17.0	826.7	-11.274
GCGGAA	32.0	1442.0	-11.224
GAAAGT	285.0	6321.6	-11.197
GGTGGG	365.0	8366.6	-11.171
GACTAA	144.0	2854.3	-11.169
GCATAC	91.0	2384.0	-11.111
CGGGCA	103.0	1961.6	-11.097
GGACGA	21.0	1269.6	-11.093
AGATTG	191.0	3985.4	-11.086
GTGACG	51.0	1220.2	-11.073
GTTGGT	204.0	4328.2	-11.060
CGGTTA	12.0	723.5	-11.044
CTAAGC	119.0	2712.7	-11.034
ACTAGC	72.0	1817.7	-10.997
GTATCG	12.0	406.5	-10.997
ACCCCA	179.0	3706.9	-10.994
GCCTAA	76.0	2163.5	-10.994
TTAACC	99.0	3010.6	-10.956
CGATCC	35.0	778.3	-10.949
CGTGAT	48.0	1079.0	-10.949
CCCTAC	108.0	2032.5	-10.936
AACTTA	228.0	4924.8	-10.931
TGCGAA	27.0	835.8	-10.930
ACCCGA	61.0	1100.2	-10.922
GGGCAC	154.0	3123.9	-10.898
GTGCCT	204.0	4344.6	-10.859
ATCGTA	21.0	562.2	-10.846
AACCCG	71.0	1199.6	-10.832
GGGAAA	350.0	8028.6	-10.830
TGTACG	52.0	955.8	-10.809
CGATTT	67.0	1111.4	-10.805
TGGGTT	278.0	6193.5	-10.794
CGTACA	31.0	727.7	-10.782
GATTAC	40.0	2318.7	-10.749
GGTCGC	72.0	1225.9	-10.734
CGTATA	51.0	767.9	-10.730
GAGTTC	237.0	5159.8	-10.714
AACGTA	19.0	1000.3	-10.698
TGTGCT	308.0	6960.1	-10.683
CCATGA	202.0	4308.4	-10.643
AGCACG	25.0	1442.1	-10.627
AGCGGG	126.0	2465.1	-10.612
AGAATG	319.0	7253.9	-10.586
GGACAG	249.0	5469.2	-10.584
GCGATG	58.0	1153.1	-10.526
TGCTAA	213.0	4586.8	-10.492
ACGGGT	51.0	975.2	-10.463
TGACCG	24.0	1114.0	-10.456
CGTTCC	66.0	1213.8	-10.451
CAGTGC	210.0	4513.3	-10.404
TTGAAG	302.0	6850.2	-10.377
CGCTTG	44.0	1275.5	-10.375
AAGTGC	195.0	4146.9	-10.350
CGCAAT	37.0	492.1	-10.348
TCGGCA	60.0	974.7	-10.323
AGCGGT	53.0	1136.3	-10.308
TGATTA	221.0	4793.4	-10.262
CGGAAT	54.0	847.7	-10.236
ATTCGG	11.0	920.0	-10.187
CGGCTC	111.0	2123.6	-10.161
GGGGTA	70.0	2438.3	-10.157
TCCCTC	221.0	4805.8	-10.127
CTAATG	169.0	3535.1	-10.127
CGGGCG	142.0	2871.7	-10.105
ATGCCC	100.0	3447.4	-10.088
GTTAGG	144.0	2924.9	-10.073
AGTATG	196.0	4196.8	-10.064
GCCCAT	80.0	2915.6	-10.061
TACCGC	45.0	680.2	-10.034
GGCGGG	131.0	6002.8	-10.030
CTACCT	149.0	3056.5	-9.993
AATCGT	22.0	768.4	-9.978
ACTGTT	238.0	5252.9	-9.973
ACCGCC	78.0	1371.7	-9.972
CGGACC	70.0	1211.2	-9.972
CTTTTT	583.0	14211.6	-9.962
AAGGCG	57.0	1942.5	-9.923
CATAAC	87.0	2592.5	-9.915
GGGGCA	149.0	4305.5	-9.915
AGAACG	62.0	1605.5	-9.915
GTGGCA	129.0	4620.3	-9.915
CTGGCT	207.0	6966.7	-9.915
ATAACC	113.0	2634.1	-9.915
TAGCTA	110.0	3013.0	-9.915
TGCCAT	111.0	4592.8	-9.915
ACCTTA	108.0	2960.8	-9.915
GTATAC	64.0	2479.5	-9.915
GCCTGG	240.0	6921.2	-9.915
ATCCAG	145.0	4011.0	-9.915
GGCAGT	141.0	4214.8	-9.915
CATTGC	112.0	3721.6	-9.915
ATTGCC	65.0	2719.7	-9.915
CCTGCA	129.0	5069.9	-9.915
TATGCC	81.0	2808.1	-9.915
TCTGAC	102.0	3715.7	-9.915
AATGCC	111.0	3727.5	-9.915
CTGTAC	94.0	3052.1	-9.915
GCACTT	129.0	3618.4	-9.915
CAAGAC	80.0	3278.0	-9.915
ATGGAC	107.0	3297.9	-9.915
ATGTCC	117.0	3263.8	-9.915
ACCAAT	86.0	3062.6	-9.915
GTACTG	117.0	3148.4	-9.915
TTGGAC	97.0	2869.0	-9.915
GGGCAA	122.0	3489.0	-9.915
GATAGG	65.0	2505.6	-9.915
CGCTTT	53.0	1438.9	-9.915
GGTTCA	97.0	3057.9	-9.915
ACGTGT	63.0	2069.1	-9.915
TAACCT	124.0	3048.8	-9.915
AATGGC	151.0	4245.1	-9.915
ATCGTT	33.0	863.9	-9.915
CCTATA	92.0	2547.8	-9.915
GGGGGC	178.0	5131.1	-9.915
GCCTGA	158.0	3926.4	-9.915
GTAATC	75.0	2151.0	-9.915
TGGGGC	161.0	5115.4	-9.915
TACCAT	82.0	3579.3	-9.915
ACCAGA	161.0	4483.7	-9.915
TGACCA	136.0	3966.6	-9.915
ACCATG	117.0	5128.2	-9.915
CGAAAT	25.0	885.2	-9.915
AAGACC	114.0	3686.3	-9.915
TAACTC	65.0	3110.6	-9.915
GCAAGC	94.0	3816.2	-9.915
GCAGTA	132.0	3049.7	-9.915
GTAGGG	84.0	3114.0	-9.915
TGCGTA	23.0	808.8	-9.915
GCGTGG	80.0	2867.5	-9.915
AGGTGC	106.0	3729.5	-9.915
CAACTA	90.0	2479.0	-9.915
GTCAAG	83.0	2982.7	-9.915
GGGTAG	69.0	3421.9	-9.915
AACGTT	37.0	1275.8	-9.915
GATCTA	64.0	2260.1	-9.915
TACGAA	26.0	738.7	-9.915
GGACTG	102.0	4095.4	-9.915
ACTTGC	108.0	3385.8	-9.915
ACCTAA	110.0	3517.4	-9.915
CTTTCG	32.0	1176.3	-9.915
ATCTCG	56.0	901.2	-9.911
GCTAAG	159.0	3300.9	-9.909
TTGACC	93.0	2721.5	-9.908
AGTCCG	36.0	1021.2	-9.906
AGACGG	65.0	1429.4	-9.864
TACGGT	10.0	637.8	-9.822
CTAGCT	146.0	3234.4	-9.816
CCGTCC	55.0	1321.5	-9.815
CTCGTC	55.0	883.6	-9.808
ATCGCA	44.0	649.6	-9.790
AGTACC	114.0	2218.4	-9.776
GTCGGC	63.0	1061.6	-9.776
GGCGGT	60.0	1905.1	-9.761
TTAAGA	311.0	7144.1	-9.748
CCTCAC	155.0	3229.9	-9.729
GCTTGG	206.0	4464.9	-9.721
GATCTC	141.0	2878.1	-9.618
TAGAGC	143.0	2931.6	-9.590
CTTTAA	392.0	9261.0	-9.579
TCGGAT	50.0	783.2	-9.566
ACGACA	54.0	870.3	-9.563
TATTCT	277.0	6292.6	-9.524
CAGTAT	171.0	3633.7	-9.518
CTTTTG	354.0	8267.9	-9.514
ACGTAC	32.0	669.3	-9.485
TTCGGG	23.0	1435.5	-9.481
GGGGAG	344.0	8013.9	-9.449
GCGGGT	107.0	2091.1	-9.429
GATTCG	21.0	934.2	-9.424
AACCGA	41.0	1109.6	-9.415
TCTTAG	214.0	4706.2	-9.407
AGCTAA	188.0	4069.6	-9.349
GCGGGG	95.0	5173.3	-9.333
GATCGA	41.0	775.6	-9.316
GGCCGA	95.0	1805.4	-9.314
CGGCGA	23.0	1088.9	-9.304
GCATCA	102.0	3416.1	-9.300
ACGCGT	35.0	496.3	-9.279
CTTTGG	283.0	6459.8	-9.273
GTGGTA	174.0	3706.1	-9.268
TACCAC	126.0	2548.5	-9.263
CTTATC	124.0	2500.2	-9.235
ACCTAT	130.0	2651.4	-9.229
GTCCGG	30.0	1440.5	-9.107
CCGTAT	18.0	590.8	-9.107
TCGAAC	52.0	843.6	-9.102
CGTCAT	51.0	821.2	-9.083
ACCATA	153.0	3224.1	-9.080
TCGATA	18.0	674.0	-9.053
AAACTT	336.0	7858.5	-9.044
GAACGT	36.0	1189.6	-9.016
ACGCTA	14.0	598.5	-9.008
TGCAGC	223.0	4960.5	-9.007
GTTGCG	7.0	855.6	-8.971
ATGATT	271.0	6185.5	-8.947
CACACA	616.0	15228.1	-8.923
CTTCCG	103.0	2023.2	-8.905
CGGTGA	87.0	1635.1	-8.901
GTTAAT	203.0	4488.1	-8.834
ACTGGT	160.0	3400.2	-8.823
GTATGG	154.0	3273.4	-8.778
TGGTTC	182.0	3958.1	-8.774
AGGGCA	227.0	5093.4	-8.766
TCGGAA	66.0	1171.8	-8.758
TAAACT	237.0	5342.8	-8.754
TTCTTA	310.0	7229.3	-8.750
CCGTAA	40.0	712.6	-8.746
GACGAA	22.0	850.1	-8.744
TTCCAT	278.0	6407.6	-8.712
AAGATT	283.0	6520.2	-8.711
TCTAAG	189.0	4151.8	-8.691
GACTCT	168.0	3624.7	-8.646
AACGGG	55.0	1104.3	-8.617
GAGGCC	221.0	4944.0	-8.613
GTTCAA	180.0	3922.0	-8.580
CGTGAC	14.0	1197.8	-8.576
ATCGGC	7.0	667.9	-8.558
CCTGCC	253.0	5782.0	-8.527
ACACGG	73.0	1346.1	-8.509
CTAACC	75.0	2086.3	-8.501
CATAGC	108.0	2907.9	-8.493
GGAGTA	135.0	2804.4	-8.492
CACGAA	21.0	969.3	-8.454
ATCGGG	50.0	822.9	-8.451
AGTCGT	26.0	899.0	-8.422
CTCACT	163.0	4554.0	-8.411
GCCATT	113.0	4220.5	-8.411
CTATAC	84.0	2297.1	-8.411
ATGGTC	93.0	2710.6	-8.411
TTCGCT	45.0	1046.0	-8.411
ATTACC	82.0	2193.6	-8.411
AGCATC	148.0	4251.1	-8.411
CATTCC	105.0	3570.0	-8.411
CCATGG	175.0	4695.6	-8.411
CGTTCT	65.0	1396.0	-8.411
CTGCGT	40.0	1740.7	-8.411
ACCCAA	101.0	3661.5	-8.411
ACTAGT	103.0	2172.1	-8.411
TTTCCG	37.0	1602.0	-8.411
CTAGTA	81.0	2302.7	-8.411
ACCCTT	98.0	3326.8	-8.411
GATGGC	144.0	4535.1	-8.411
CAAACC	121.0	3794.2	-8.411
AACGTG	74.0	1708.6	-8.411
CAGTTC	104.0	4013.7	-8.411
TCGTTA	25.0	837.3	-8.411
TAGCCT	97.0	3314.9	-8.411
CCAATG	116.0	3295.6	-8.411
TTCGGT	30.0	1162.8	-8.411
CCTAAT	88.0	3099.7	-8.411
ACACCA	154.0	3993.8	-8.411
CGTATG	38.0	791.3	-8.411
GGTCAA	54.0	2421.2	-8.411
GTGCTA	96.0	3040.4	-8.411
TATTCG	18.0	693.3	-8.411
TACGTG	44.0	1290.9	-8.411
AAACGG	62.0	1357.3	-8.411
GTTCGT	32.0	946.5	-8.411
CCCTTG	116.0	3891.8	-8.411
ACGTAA	18.0	1038.9	-8.411
TGTACC	62.0	2972.6	-8.411
CTTGAC	120.0	3102.2	-8.411
GCCAAA	111.0	3877.9	-8.411
TCGAAT	17.0	846.0	-8.411
TCCGTT	54.0	1196.2	-8.411
CCGTTT	32.0	1304.8	-8.411
ATACGG	40.0	609.2	-8.398
TGTTGA	272.0	6274.9	-8.388
CTACTA	111.0	2229.3	-8.376
ACTTTA	278.0	6445.3	-8.375
GATGAC	149.0	3176.7	-8.357
TAACGT	21.0	877.1	-8.348
CACTTT	246.0	5634.3	-8.340
CGACCC	60.0	1052.5	-8.339
GGAAAC	225.0	5081.7	-8.328
GCGACC	62.0	1101.2	-8.278
GGCCGT	72.0	1334.5	-8.276
TACGAT	38.0	569.7	-8.270
TGAAAC	244.0	5586.8	-8.267
GCGAAG	58.0	1377.6	-8.225
GCTTTT	345.0	8195.3	-8.220
CAAATC	168.0	3665.2	-8.158
GTAGCG	29.0	737.1	-8.157
ATTAGA	220.0	4989.8	-8.151
CTCGGC	104.0	2094.0	-8.150
CAAGTC	145.0	3088.3	-8.139
CTATGC	124.0	2575.1	-8.120
GGTCGT	34.0	834.6	-8.103
ATGGTT	238.0	5436.6	-8.101
CCACAC	174.0	3803.1	-8.100
GCGCGA	26.0	1239.4	-8.088
ACCCGC	74.0	1392.2	-8.065
ACGCAG	75.0	1417.3	-8.034
CTAAAC	147.0	3150.2	-8.024
TGGCGA	31.0	1555.7	-7.983
TTGAGC	157.0	3392.6	-7.949
GACGTT	26.0	902.3	-7.940
GCCTTT	256.0	5934.3	-7.894
TATTGC	145.0	3108.1	-7.889
GAGAGT	199.0	4469.1	-7.879
CTATTC	128.0	2697.1	-7.853
CGTTAC	8.0	574.6	-7.834
TCCATA	161.0	3511.9	-7.781
TGACGG	58.0	1031.1	-7.773
GACAGA	259.0	6005.5	-7.767
TGCCGA	63.0	1147.8	-7.763
GGCGCA	92.0	1822.2	-7.742
CGCAAG	64.0	1172.6	-7.722
GCGGTC	63.0	1149.3	-7.720
CCGCCG	128.0	2707.5	-7.714
GTCCGT	24.0	950.6	-7.712
TCCTAC	114.0	2350.9	-7.693
TACGGG	43.0	696.7	-7.686
TTGCAC	135.0	2866.4	-7.662
AGAACT	267.0	6246.7	-7.645
TGACAC	154.0	3365.4	-7.642
TTTTCA	448.0	10991.5	-7.640
AGTAGC	139.0	2972.8	-7.628
TAAGGC	131.0	2793.0	-7.606
CGCAGT	71.0	1344.2	-7.603
CCATTC	161.0	3527.0	-7.600
CCATAA	156.0	3395.3	-7.598
ATTCTC	199.0	4498.2	-7.588
CCTACG	33.0	700.7	-7.586
GATGTG	231.0	5326.7	-7.577
ATGACA	220.0	5050.1	-7.555
AGCCGG	67.0	2488.5	-7.552
AACGGT	28.0	810.1	-7.518
CGTATT	52.0	904.5	-7.517
GCGCCC	115.0	2389.2	-7.513
TACGTA	55.0	974.6	-7.492
ACGAGC	39.0	920.9	-7.490
TGTTGC	197.0	4454.0	-7.484
CTCTTC	262.0	6124.8	-7.472
CCCGAG	127.0	2700.8	-7.469
CTTGCG	29.0	1221.6	-7.456
CGCTTC	78.0	1497.2	-7.450
CAACAC	139.0	2990.9	-7.408
TAATTA	322.0	7717.1	-7.407
CATTGT	242.0	5625.3	-7.397
ACTCGC	18.0	927.8	-7.389
TCAACA	184.0	4137.7	-7.385
GATGCG	49.0	1148.3	-7.380
ACACAC	532.0	13270.0	-7.366
AACCGG	20.0	1063.0	-7.363
TGCCTT	271.0	6366.9	-7.351
TTTAAC	234.0	5407.8	-7.349
GAAAGC	233.0	5414.4	-7.282
AGCGCA	29.0	1365.2	-7.254
AACCGT	44.0	809.3	-7.253
TGTAGG	179.0	4017.1	-7.222
CCCCCG	103.0	2132.4	-7.193
GCTTAC	107.0	2236.2	-7.146
CATTAA	238.0	5542.6	-7.142
CTGTTG	233.0	5430.6	-7.140
GATTTC	212.0	4875.0	-7.139
GTTAGC	62.0	2240.9	-7.127
GACTGC	108.0	3144.7	-7.127
GTCTAG	63.0	2429.2	-7.127
GATTCC	106.0	2902.6	-7.127
CCTGGC	133.0	5846.1	-7.127
CATACC	91.0	2227.3	-7.127
GTACTA	63.0	2197.9	-7.127
CCAAGT	141.0	4061.5	-7.127
GCCTTA	87.0	2750.2	-7.127
ACCAGT	98.0	3045.4	-7.127
TTTCGC	19.0	756.6	-7.127
CGAGTG	63.0	1649.4	-7.127
GATGCC	119.0	3211.5	-7.127
AAGTCC	107.0	3460.0	-7.127
ACCACA	172.0	4522.5	-7.127
TACTAG	64.0	2134.2	-7.127
GCCTAT	54.0	2274.2	-7.127
TCGGTT	42.0	1232.9	-7.127
AACGGA	47.0	1212.3	-7.127
GCCCTT	120.0	3691.3	-7.127
ACGTGA	43.0	1786.8	-7.127
TGTCGA	27.0	746.2	-7.127
TATGCG	15.0	744.1	-7.127
GTCGTT	30.0	869.7	-7.127
GTTTTC	321.0	7727.1	-7.120
GTACGG	31.0	649.3	-7.119
AAAGCA	375.0	9153.9	-7.115
GGTCGA	22.0	640.4	-7.099
CACGTG	92.0	2784.9	-7.097
TACCCG	26.0	684.2	-7.090
CGGCGC	110.0	2292.4	-7.083
ACGTTG	52.0	1102.2	-7.081
TTAGAG	208.0	4770.4	-7.075
ATCCCG	55.0	1205.9	-6.995
GTCTAA	124.0	2659.1	-6.985
CGATTC	43.0	723.0	-6.985
GCAGCT	228.0	5313.4	-6.940
CCCCCT	158.0	3506.4	-6.938
AGATTA	200.0	4594.3	-6.919
ACGATG	58.0	1071.3	-6.900
AACGCA	51.0	908.6	-6.894
TTTTTC	549.0	13815.3	-6.864
GCGCTT	32.0	1413.1	-6.859
ATTCGA	32.0	805.9	-6.832
TCGTCC	51.0	911.3	-6.826
TTCTCG	70.0	1362.1	-6.816
AATCAA	238.0	5580.0	-6.813
ATCCGA	27.0	778.8	-6.811
GTAACA	153.0	3412.5	-6.806
TAGTAG	137.0	2989.2	-6.789
GTTCGC	36.0	711.4	-6.763
GGTACG	14.0	681.4	-6.751
GACCCC	123.0	2652.6	-6.749
AGGAAT	245.0	5792.4	-6.699
CTGTTC	194.0	4454.5	-6.675
ACCTAC	103.0	2169.2	-6.670
ATAACT	202.0	4676.7	-6.666
CGGGGA	132.0	2895.8	-6.659
GTGCCG	37.0	1347.0	-6.658
CTCCCT	234.0	5489.9	-6.637
CGAAGA	70.0	1372.7	-6.636
TCGGGC	73.0	1446.6	-6.635
GCGATT	47.0	830.6	-6.591
GGCTCG	96.0	1997.2	-6.589
TAGATG	196.0	4520.6	-6.579
GCAATA	140.0	3086.7	-6.579
AAGCGG	69.0	1501.3	-6.570
TAAGTG	207.0	4797.8	-6.569
TCGGCG	57.0	1064.1	-6.565
GTAACC	82.0	1987.0	-6.543
CACCAC	169.0	3841.5	-6.529
GTTCGG	22.0	944.2	-6.527
CGTAGA	36.0	805.2	-6.523
CATCCG	61.0	1162.5	-6.506
TTATTC	237.0	5592.2	-6.481
AAGTCT	211.0	4919.7	-6.476
CACGTT	65.0	1315.1	-6.410
ACCGGG	19.0	1577.0	-6.401
CTAGCG	31.0	772.5	-6.383
CTACCG	32.0	747.5	-6.378
GTAATT	223.0	5241.8	-6.359
AATAGC	149.0	3347.7	-6.349
CCTAGC	120.0	2608.0	-6.346
ACTAAA	246.0	5868.9	-6.317
AGTCTT	218.0	5133.6	-6.317
TCCTAA	180.0	4136.3	-6.315
GAAGAC	206.0	4800.7	-6.305
CTTTTC	328.0	8022.4	-6.300
TAGTGA	181.0	4165.7	-6.297
TGTAAC	171.0	3920.1	-6.291
CCCCTT	170.0	3894.0	-6.281
CCGCTA	38.0	639.5	-6.260
CGATGG	58.0	1105.8	-6.240
AACGAC	21.0	741.3	-6.230
TTACGG	14.0	728.5	-6.193
CATCCA	179.0	4124.9	-6.166
ACGGTC	21.0	772.8	-6.157
GCGCTC	55.0	2012.4	-6.154
GGGAAT	188.0	4373.3	-6.152
AACGGC	48.0	873.1	-6.143
GATCGG	27.0	835.7	-6.142
CTGACC	152.0	3448.4	-6.136
CCCCTC	190.0	4432.2	-6.119
TTTGAA	466.0	11755.7	-6.115
CGCGTT	18.0	628.4	-6.107
TATAAC	147.0	3317.3	-6.102
GCACGG	61.0	1669.6	-6.067
TTACGA	34.0	659.4	-6.066
GCAATG	157.0	3565.1	-6.048
CCGAAT	28.0	771.5	-6.037
ACGCAA	35.0	740.2	-6.020
TAAGCC	102.0	2614.0	-6.020
TGTCGG	35.0	1133.5	-6.020
GCATCC	125.0	3368.2	-6.020
TTGCCC	77.0	3041.7	-6.020
CCCTTC	142.0	4209.8	-6.020
TCTCCC	187.0	4867.0	-6.020
TCGGTG	37.0	1573.7	-6.020
TCACCA	120.0	3793.5	-6.020
TACCCA	116.0	3292.7	-6.020
CGTGGT	51.0	1873.0	-6.020
CCATAG	116.0	2855.1	-6.020
TGCCCA	157.0	4579.9	-6.020
TGGCAC	89.0	3615.1	-6.020
GCTCAA	73.0	2791.1	-6.020
AGCCTA	83.0	2832.6	-6.020
TTAGGC	92.0	2336.3	-6.020
GTCCAA	56.0	2253.7	-6.020
GAGCGT	34.0	1456.3	-6.020
GATCCA	85.0	2820.8	-6.020
CCTTAC	71.0	2249.2	-6.020
CTTACC	82.0	2259.7	-6.020
TGACGA	27.0	943.6	-6.020
ACGTTA	21.0	844.4	-6.020
TTGCGG	18.0	1126.1	-6.020
ACCCGG	89.0	1861.6	-6.002
ATTGCG	35.0	583.1	-5.957
ACCAAA	253.0	6087.3	-5.956
TGTAGA	251.0	6030.2	-5.953
GGGCGA	86.0	1789.2	-5.939
CACACC	163.0	3739.8	-5.935
TTGCTT	373.0	9281.9	-5.934
TATTGT	263.0	6350.9	-5.924
GCCGAT	41.0	724.0	-5.882
ACTGAC	140.0	3151.7	-5.878
GTTCCC	89.0	3413.4	-5.877
CATACG	39.0	678.0	-5.872
CCCGAT	35.0	720.6	-5.870
TACGAC	14.0	406.6	-5.865
GTTTCG	52.0	981.9	-5.860
GTGCTC	166.0	3830.3	-5.848
GACACC	92.0	2654.4	-5.839
ACACGC	67.0	1346.9	-5.837
CGGGCC	120.0	2650.6	-5.836
TCACCC	118.0	2597.6	-5.835
GCGTCC	73.0	1495.4	-5.824
TGCACT	160.0	3670.5	-5.813
CATATT	239.0	5734.5	-5.810
TACTGT	199.0	4695.0	-5.778
GTATAG	138.0	3107.5	-5.774
ATCCTA	138.0	3107.2	-5.774
CCCCGT	54.0	1400.3	-5.753
GTTCTC	177.0	4115.8	-5.750
TGACCT	189.0	4449.5	-5.728
ACGCCG	45.0	822.2	-5.725
ACCCCC	122.0	2790.6	-5.710
ACCTTT	222.0	5295.5	-5.692
CGCGGT	62.0	1232.4	-5.686
TCGAGG	75.0	1556.2	-5.671
TCCGTA	36.0	827.1	-5.642
GTGTAC	153.0	3525.6	-5.639
AGTGTA	196.0	4629.9	-5.617
CACGAC	38.0	878.8	-5.606
AAATAG	293.0	7184.9	-5.599
GGATAG	128.0	2884.0	-5.598
ATGGCT	237.0	5708.1	-5.583
TCCATC	171.0	4000.1	-5.541
AGTTGT	214.0	5116.5	-5.541
GTCAAC	88.0	1871.8	-5.515
CCGTGA	34.0	1367.4	-5.501
TTAAAT	476.0	12130.6	-5.492
TCAACC	99.0	2156.8	-5.489
TTCTCT	391.0	9852.3	-5.466
GATCAG	125.0	2819.6	-5.430
AGTGGA	214.0	5132.6	-5.417
GAATCG	29.0	825.7	-5.391
TGGAAT	258.0	6310.5	-5.389
AAGTGG	220.0	5307.5	-5.385
GTCGCT	54.0	1056.1	-5.362
GTCGTG	17.0	1174.6	-5.323
ATGTTG	246.0	6002.2	-5.323
TCTCAA	211.0	5060.7	-5.320
TGAACA	241.0	5859.2	-5.313
TAGGCA	153.0	3560.0	-5.305
TTATCC	128.0	2914.4	-5.285
CCCATA	85.0	2732.3	-5.282
TGATCT	179.0	4226.9	-5.264
GTCGCG	45.0	846.6	-5.251
GACCAG	165.0	3870.1	-5.237
ATTAGC	119.0	2678.4	-5.236
CAAGTA	161.0	3760.2	-5.235
CCGTCT	57.0	1137.4	-5.227
ATAAGT	193.0	4594.2	-5.225
AAGAAC	252.0	6161.0	-5.222
GGGGAT	166.0	3900.9	-5.213
TCCCAT	177.0	4177.8	-5.212
CAACCT	131.0	3003.7	-5.199
GTAGTG	134.0	3084.3	-5.188
CCCAAA	205.0	4936.9	-5.187
CTGATC	119.0	2684.2	-5.171
TCGACG	10.0	307.5	-5.167
TACAGA	262.0	6431.1	-5.162
TATAGA	208.0	4996.6	-5.158
AACAAG	225.0	5453.9	-5.142
ATCGGT	36.0	640.1	-5.139
TTACGC	26.0	414.6	-5.134
GCTCTC	163.0	3827.4	-5.131
GATCCG	10.0	945.9	-5.126
GGGGTC	140.0	3226.9	-5.121
CCAAAT	195.0	4665.7	-5.102
CCCTCG	78.0	1647.3	-5.087
CCCGAA	57.0	1146.8	-5.076
CCATAC	86.0	2173.9	-5.063
CGCTGT	22.0	1633.5	-5.063
TAGCAC	66.0	2550.2	-5.063
ATAGCC	76.0	2612.4	-5.063
GACTAG	66.0	2313.2	-5.063
TGCCGG	39.0	1778.6	-5.063
TGACGT	53.0	1281.5	-5.063
ACGTGG	53.0	1948.5	-5.063
GAGACG	25.0	1558.5	-5.063
TCGTGG	40.0	1695.1	-5.063
TTGGCG	45.0	1279.2	-5.063
GACGGT	48.0	929.3	-5.043
CAGCTT	223.0	5411.9	-5.037
CGACGC	21.0	710.4	-5.029
TGATGT	259.0	6364.6	-5.027
ACAGAG	308.0	7697.2	-4.981
TCCTGT	245.0	6027.4	-4.956
CTACCC	98.0	2176.2	-4.947
GCGTAC	21.0	499.6	-4.940
ACCGTC	33.0	720.5	-4.935
GACCGG	51.0	1482.2	-4.933
AATGGG	208.0	5028.2	-4.920
AACCGC	33.0	927.9	-4.890
CGGCTT	78.0	1663.8	-4.883
GACTCG	21.0	1207.3	-4.876
TCTAGC	121.0	2771.1	-4.830
CGTAAC	29.0	493.4	-4.825
TTGTGT	388.0	9882.3	-4.821
TAGTCG	14.0	597.9	-4.814
TCGCTA	33.0	601.9	-4.781
CTACGC	33.0	588.0	-4.777
GGCTCT	186.0	4485.9	-4.758
GTTTGA	233.0	5738.7	-4.756
ACTCGT	28.0	750.1	-4.754
TTCGAT	45.0	872.0	-4.754
TCTGGC	180.0	4320.5	-4.734
AACTTT	326.0	8221.1	-4.731
CGTACT	18.0	555.2	-4.724
TCGGGT	55.0	1195.7	-4.696
TTTTGA	432.0	11094.5	-4.696
CCCACC	120.0	4742.2	-4.690
ACGCGC	58.0	1196.4	-4.683
ATCGAG	47.0	924.6	-4.682
GAATAA	251.0	6215.9	-4.676
ACTACC	71.0	1746.4	-4.662
GTACCA	38.0	2536.6	-4.660
CAGTGA	234.0	5756.4	-4.643
CCTAAG	131.0	3061.1	-4.642
TACGGC	20.0	542.3	-4.634
TACCTA	133.0	3116.3	-4.628
TAAGAC	146.0	3445.8	-4.626
AGATGT	246.0	6107.8	-4.619
ATAATC	147.0	3475.0	-4.602
TTTCGA	60.0	1252.3	-4.598
TATTCC	150.0	3558.6	-4.596
CCGATT	38.0	712.1	-4.595
CCCTTA	108.0	2474.6	-4.585
TTGGGT	220.0	5419.1	-4.579
AGTGCG	70.0	1507.1	-4.575
CACGCA	75.0	1636.0	-4.575
CCCTAA	60.0	2929.6	-4.565
CCGGCC	96.0	2560.4	-4.561
TTGGTG	224.0	5510.6	-4.550
CGTGCC	69.0	1483.6	-4.547
TCCTTC	235.0	5801.7	-4.538
TAACAC	125.0	2915.1	-4.487
TGAAAT	392.0	10075.1	-4.486
GTTTAC	138.0	3244.1	-4.463
TTGGAT	209.0	5122.8	-4.460
TCTGGT	210.0	5151.7	-4.452
CCGCCC	155.0	3716.2	-4.436
ATCCGC	44.0	866.8	-4.429
TTTAAG	316.0	8005.9	-4.428
AAGCTA	164.0	3942.6	-4.409
GTACAA	129.0	3033.3	-4.402
GGAGCC	209.0	5131.8	-4.395
CGCTAT	16.0	577.9	-4.384
GGGACA	182.0	4423.1	-4.380
GGCGCG	108.0	2806.0	-4.378
CGTTTA	55.0	1141.1	-4.377
TCGCGC	9.0	997.4	-4.371
ACTTGT	194.0	4738.8	-4.351
ATTAAT	306.0	7751.3	-4.340
AGGTCT	161.0	3867.0	-4.336
AAAACG	91.0	2048.0	-4.332
TCGCTG	77.0	1707.3	-4.319
TATCGC	5.0	440.3	-4.313
ATAAAC	229.0	5693.8	-4.302
AGGGCC	111.0	3750.2	-4.291
CCTCTC	193.0	4720.3	-4.278
CACCCG	68.0	1667.8	-4.262
TGATCG	40.0	778.3	-4.262
AACTAC	117.0	2723.0	-4.259
CTTGGA	216.0	5356.7	-4.240
ACACTT	188.0	4612.9	-4.236
TGCGCA	73.0	1881.2	-4.233
GGTTAC	71.0	1968.0	-4.233
TAGGGC	31.0	2272.9	-4.233
CGCCTG	54.0	2314.7	-4.233
CCCAAG	124.0	4392.0	-4.233
CCTCCC	227.0	6633.2	-4.233
ATACCC	66.0	2162.7	-4.233
AGTTCG	40.0	1172.7	-4.233
GGCCAA	117.0	3324.9	-4.233
ATCGTG	30.0	1049.5	-4.233
TGCGCT	31.0	1487.5	-4.233
GCACTA	73.0	2131.9	-4.233
CTGTCG	10.0	1224.2	-4.233
ACACGT	42.0	1530.9	-4.233
CGATAT	32.0	696.3	-4.233
ATATCG	20.0	588.4	-4.233
AGTTTG	281.0	7117.5	-4.211
ATTAAG	203.0	5016.0	-4.209
AGCGTC	52.0	1077.4	-4.207
CTGGCA	200.0	4931.5	-4.203
GGCCAT	149.0	3579.4	-4.197
ACTTTG	264.0	6646.5	-4.196
AAGTAC	149.0	3581.0	-4.189
GCTGAA	194.0	4762.3	-4.182
GACGCG	40.0	1204.7	-4.177
CCAGAG	256.0	6445.8	-4.165
TCTAGA	174.0	4227.2	-4.161
AGGGCG	109.0	2545.3	-4.149
CGAGAT	55.0	1157.7	-4.139
GACCTA	80.0	2084.9	-4.137
TTACCG	25.0	664.0	-4.135
CCGGCA	64.0	1388.3	-4.120
TGCGGC	85.0	1911.5	-4.090
CGTCTG	64.0	1391.9	-4.081
GGACCA	131.0	3126.7	-4.067
CCGGAG	90.0	2871.8	-4.059
GGTCCG	40.0	1212.9	-4.048
TCGCGT	8.0	541.1	-4.042
CTACTG	137.0	3267.9	-4.038
GTGGAC	127.0	3020.1	-4.033
CTCCAT	175.0	4278.3	-4.002
TCGAGC	10.0	1063.5	-3.997
TAGGAC	105.0	2454.5	-3.986
CTTAGC	124.0	2943.6	-3.985
CCTGTA	155.0	3777.8	-3.964
TGGGGA	294.0	7492.7	-3.963
GACATT	187.0	4624.5	-3.961
ACATGC	188.0	4654.6	-3.954
GGGTTA	117.0	2756.6	-3.950
CAGATC	137.0	3282.2	-3.920
AGTGCT	229.0	5757.5	-3.908
CTTACG	23.0	694.6	-3.907
TGAGCA	224.0	5611.2	-3.907
TCAAGA	188.0	4661.4	-3.905
GGTAGT	112.0	2627.8	-3.888
CCATTG	175.0	4294.1	-3.884
AACTAA	210.0	5238.5	-3.884
GAGACC	146.0	3536.5	-3.879
GCCTGC	209.0	5211.6	-3.876
CTTGGG	228.0	5733.5	-3.875
TAGCCA	153.0	3735.0	-3.866
GGGCTC	139.0	4100.5	-3.863
CAGGTC	137.0	3290.2	-3.854
AGAGTT	238.0	6000.2	-3.853
CCCGCC	144.0	3723.1	-3.840
GCTAGC	89.0	2337.6	-3.840
GGAAAG	335.0	8639.6	-3.833
ACAAGA	211.0	5277.1	-3.826
AAGGTG	205.0	5133.7	-3.820
TGTTTA	370.0	9599.4	-3.812
AATCAG	175.0	4310.4	-3.776
TCGCCC	55.0	1190.2	-3.762
AGTCGA	12.0	709.5	-3.759
CCCGGA	101.0	2371.5	-3.756
ATCGCT	14.0	818.3	-3.751
CGACCT	46.0	959.9	-3.728
CAGTTG	168.0	4148.0	-3.727
AACTGT	212.0	5322.8	-3.724
CCACCA	201.0	5035.1	-3.717
TCTGCA	241.0	6113.3	-3.713
TCAACT	131.0	3169.9	-3.712
ACGTTC	17.0	919.2	-3.696
AGCTCT	202.0	5068.6	-3.692
AAGAAT	337.0	8734.0	-3.681
TCAACG	25.0	718.1	-3.680
CACTGA	204.0	5130.9	-3.662
TCCCGA	66.0	1477.4	-3.655
GTTACC	86.0	1979.5	-3.651
CGATTA	20.0	542.6	-3.645
CCAGTG	192.0	4788.3	-3.641
ACGCGG	13.0	1244.0	-3.619
ATCGCG	5.0	546.6	-3.618
TGCCAA	162.0	3994.2	-3.613
GTCTGG	170.0	4222.6	-3.606
TCGGCT	62.0	1378.4	-3.602
GCCTAC	76.0	1933.5	-3.599
CCTGTC	183.0	4566.1	-3.593
TTCGAC	12.0	578.8	-3.579
TTTCAT	380.0	9936.4	-3.566
TGAGGC	188.0	4715.6	-3.558
ATTGTG	233.0	5935.2	-3.554
ACCTCA	147.0	3608.1	-3.553
GTAGAT	151.0	3721.5	-3.551
TAACCC	98.0	2312.4	-3.550
GCACCA	133.0	3248.3	-3.531
TCGTGC	28.0	1001.2	-3.522
CGGGGT	56.0	2177.7	-3.515
ACGGTT	17.0	856.6	-3.515
CTAGTC	74.0	2074.0	-3.515
TAGCGA	23.0	775.5	-3.515
CCTAAC	44.0	2134.9	-3.515
ATTACG	17.0	683.7	-3.514
GCCCCC	142.0	3474.9	-3.513
CGAGGT	31.0	1399.5	-3.500
ACGGGA	59.0	1308.3	-3.496
TACGAG	21.0	681.9	-3.491
CTCGTA	32.0	627.5	-3.486
CGACAG	28.0	1195.8	-3.486
GTACTT	153.0	3788.7	-3.477
ACCCCG	35.0	1632.4	-3.477
TAGGCC	86.0	1998.2	-3.470
TACTGC	118.0	2842.9	-3.460
GTAGCA	136.0	3314.5	-3.458
TCGGGG	67.0	2132.1	-3.457
TTCCCC	190.0	4789.0	-3.456
TGTATT	336.0	8754.7	-3.448
TCCGTG	74.0	1707.7	-3.437
TCTCGA	51.0	1148.6	-3.435
ACCTAG	107.0	2571.2	-3.434
GCTGGT	170.0	4250.9	-3.421
AGGTGT	196.0	4939.4	-3.420
TGTCAA	177.0	4422.9	-3.420
TTCGGC	47.0	1006.4	-3.411
GTAAGA	173.0	4337.5	-3.410
CCACTT	159.0	3940.9	-3.407
ATAGAC	122.0	2960.1	-3.401
GATCCC	109.0	2629.9	-3.401
CTCTGA	235.0	5994.3	-3.394
GTCGAT	14.0	477.4	-3.392
ATCAGT	146.0	3603.7	-3.392
CCCGGG	127.0	3954.5	-3.389
TGGCAA	182.0	4571.5	-3.380
TTCCCG	84.0	1955.6	-3.367
GAGGGC	189.0	4776.7	-3.359
GAACTA	130.0	3189.1	-3.349
CGGTAG	40.0	834.3	-3.349
GTATTA	156.0	3865.5	-3.336
ATCTCA	183.0	4608.3	-3.330
TATATA	568.0	15199.3	-3.320
CTAGCC	102.0	2448.6	-3.315
TGATTT	363.0	9528.6	-3.315
TGTAGT	198.0	5015.2	-3.312
AGCAGA	254.0	6548.3	-3.291
CACCGC	72.0	1669.8	-3.289
GCCATA	101.0	2424.7	-3.284
AACCAA	232.0	5958.3	-3.275
AATTCC	176.0	4416.9	-3.275
TTGGAA	296.0	7695.0	-3.270
CCTTCG	37.0	1326.0	-3.264
TATTTT	776.0	21028.8	-3.261
TTAGCG	11.0	721.2	-3.261
GAGGTT	155.0	3877.5	-3.260
GATGAA	229.0	5874.0	-3.255
CTCGGA	66.0	1514.6	-3.246
ATATAC	207.0	5262.9	-3.234
TCTTAC	140.0	3457.8	-3.233
AGGTTA	133.0	3290.3	-3.227
CGGGTA	31.0	890.5	-3.207
CGGACG	3.0	898.6	-3.200
GATGTC	130.0	3214.4	-3.169
AGAAGC	233.0	6008.6	-3.167
CTCATC	119.0	2911.5	-3.139
GACGTA	31.0	623.4	-3.132
CCATAT	140.0	3473.4	-3.126
GGCCCT	107.0	3533.1	-3.125
TCATGG	177.0	4470.3	-3.124
CGCCCC	110.0	3181.3	-3.123
TTCGGA	47.0	1029.7	-3.117
AGCTGT	233.0	6019.4	-3.112
AGTTGA	179.0	4532.4	-3.097
GTAGGA	130.0	3224.1	-3.096
CCCGGT	48.0	1499.1	-3.087
CGACGT	22.0	406.7	-3.085
CCTTAT	125.0	3086.3	-3.082
CGGATA	16.0	545.1	-3.066
GGATAA	139.0	3457.4	-3.042
GGGATG	199.0	5093.3	-3.041
TATACG	33.0	678.5	-3.041
AAGCAG	263.0	6841.3	-3.031
GGGAGT	175.0	4429.4	-3.027
ATGGGG	184.0	4690.7	-3.023
CTGGTC	150.0	3773.5	-3.012
GTCACG	40.0	1384.7	-3.006
AAGAGG	259.0	6727.3	-3.002
CCTATC	81.0	1914.6	-2.997
CACTCC	121.0	2988.9	-2.987
GCAAAT	197.0	5045.5	-2.984
GGCCTA	64.0	2125.7	-2.983
TCATTA	200.0	5133.5	-2.981
TAGTCT	143.0	3581.1	-2.971
TATACT	162.0	4095.9	-2.966
GGACTA	90.0	2163.7	-2.960
AATGTC	180.0	4585.7	-2.960
TCCCCC	137.0	3854.1	-2.947
ATGAGA	241.0	6261.9	-2.945
ACATAT	282.0	7373.1	-2.943
TGTCGC	16.0	1035.8	-2.937
AGTGAT	182.0	4650.0	-2.923
TTACGT	49.0	1096.4	-2.920
TTCAAG	206.0	5292.8	-2.917
TCGACT	19.0	705.3	-2.909
TGAACC	128.0	3196.5	-2.903
AGATAC	136.0	3394.4	-2.902
TACTAA	156.0	3936.0	-2.898
CAGACC	127.0	3169.5	-2.895
CCATCC	117.0	4040.2	-2.895
GGGCCA	148.0	3880.1	-2.895
TACACG	26.0	986.8	-2.895
CGGAGT	57.0	1473.4	-2.895
CACGTA	14.0	1022.9	-2.895
CGTCGA	3.0	315.4	-2.894
CTTATT	215.0	5561.1	-2.891
TCGGTA	10.0	676.1	-2.887
TCTCTC	317.0	8364.4	-2.886
TCCAGT	170.0	4340.5	-2.878
TCCATT	233.0	6067.0	-2.875
GGACCG	66.0	1672.7	-2.872
AGGTCG	30.0	892.4	-2.866
CGTCTA	31.0	640.3	-2.857
TCCCGG	106.0	2617.4	-2.851
CTAGAG	153.0	3886.6	-2.843
GATCTT	167.0	4264.6	-2.817
AGGCGC	50.0	1984.2	-2.808
CAATAC	92.0	2236.0	-2.805
ATACCA	140.0	3523.4	-2.801
TTCATT	374.0	9978.0	-2.795
GAAGCT	195.0	5023.4	-2.793
GTAAGC	105.0	2601.9	-2.768
CTCGCA	11.0	1019.2	-2.763
GTTCAG	155.0	3958.3	-2.761
CAATAA	208.0	5382.8	-2.756
ACGGCA	20.0	996.5	-2.756
CTGTTT	339.0	9019.8	-2.744
GTACAG	137.0	3447.3	-2.744
AGGATT	186.0	4799.3	-2.740
CTCGTG	62.0	1457.6	-2.740
GATAGT	107.0	2661.1	-2.731
GTAGGT	119.0	2970.0	-2.729
GCCATG	178.0	4571.8	-2.716
TTTCGG	52.0	1194.4	-2.711
TCTAGT	136.0	3424.6	-2.710
CGGTGT	64.0	1514.1	-2.708
AATTGG	163.0	4168.9	-2.706
TCAAAC	152.0	3881.1	-2.705
ACGGCG	15.0	972.0	-2.698
ACACAA	226.0	5897.8	-2.698
CCCTCC	219.0	5719.2	-2.696
GCCGGC	69.0	2553.4	-2.692
GGCGTG	122.0	3059.1	-2.691
TTTGGC	173.0	4461.9	-2.688
TCGTGT	61.0	1435.8	-2.688
GTCAGA	162.0	4143.0	-2.686
TACCCC	68.0	1791.4	-2.674
CTCACC	124.0	3119.7	-2.673
TAATGT	243.0	6380.2	-2.670
GGAGCG	115.0	2868.2	-2.656
CGCAAC	6.0	597.0	-2.655
ATTTCG	42.0	938.0	-2.651
GTCTTT	264.0	6956.2	-2.651
TGTTGG	233.0	6116.2	-2.650
CTCCGA	61.0	1440.4	-2.648
CCCCGG	114.0	2842.9	-2.641
GTCTTG	162.0	4152.0	-2.639
GATAAG	120.0	3012.1	-2.634
CGTTGC	37.0	955.6	-2.633
GTGTTG	202.0	5261.0	-2.629
AATCGC	31.0	656.0	-2.616
ATCGAA	36.0	784.4	-2.615
CACGTC	22.0	1050.2	-2.610
GTTGCT	189.0	4914.6	-2.603
GTAACT	141.0	3586.8	-2.594
TTGATA	200.0	5210.1	-2.591
TCCCCA	193.0	5007.9	-2.577
GGCAAT	106.0	2656.2	-2.571
GGAGCA	203.0	5304.5	-2.561
AAACCA	285.0	7557.1	-2.555
CAGAGC	222.0	5809.3	-2.554
GGGTCG	63.0	1504.6	-2.551
TTCTGC	221.0	5781.9	-2.546
CACGCG	37.0	1206.9	-2.544
CTTGGC	160.0	4114.6	-2.530
ATCCAC	113.0	2832.0	-2.529
AAAGTT	319.0	8518.9	-2.527
GTGTGC	284.0	7535.7	-2.521
GGCTAT	115.0	2889.8	-2.519
GTCGTC	36.0	792.9	-2.510
ATGTCA	188.0	4904.3	-2.505
GTGCCA	138.0	3517.5	-2.495
CCGGGC	144.0	3689.3	-2.492
TGTTAG	178.0	4617.6	-2.481
ACTCCA	146.0	3748.1	-2.480
ACGTTT	71.0	1730.5	-2.471
CGTTAG	34.0	744.6	-2.468
CTGCAC	148.0	3809.1	-2.463
GCGGGC	141.0	3608.0	-2.460
AGGCGA	61.0	1460.5	-2.458
CCTCCG	90.0	2229.3	-2.439
CAGTCG	24.0	1095.7	-2.433
CTCGCC	35.0	1734.4	-2.432
CGAACT	28.0	947.6	-2.430
ACCGCA	48.0	1185.6	-2.421
CTAGCA	121.0	3075.5	-2.413
GTCCTA	90.0	2234.5	-2.402
AAATAC	286.0	7629.9	-2.394
TACGCC	24.0	494.9	-2.389
AATTGC	143.0	3680.5	-2.378
AGCCTT	192.0	5020.8	-2.374
CCGCAC	16.0	1252.2	-2.366
TACACC	81.0	1990.1	-2.363
GACCCT	64.0	3124.3	-2.361
TACGGA	33.0	844.1	-2.361
TCGCAA	20.0	581.3	-2.361
CACCAG	162.0	4205.1	-2.354
CGCGCA	58.0	1391.7	-2.349
ACTATC	77.0	1911.6	-2.340
TGACTT	230.0	6098.7	-2.338
GCATCG	31.0	1069.3	-2.338
TTGCTG	265.0	7065.5	-2.334
GGCAAG	168.0	4386.2	-2.322
CGTCGC	33.0	730.1	-2.317
GGTTGC	118.0	3008.2	-2.305
AAAGTG	265.0	7074.9	-2.300
CTTAGG	131.0	3379.8	-2.299
TCAGTC	129.0	3323.7	-2.293
TTTGTG	392.0	10641.8	-2.276
AGCTTC	172.0	4513.4	-2.270
CTGGTT	184.0	4837.0	-2.268
AGTTAC	134.0	3471.4	-2.267
CCCCAC	161.0	4194.0	-2.266
TCGGTC	36.0	812.8	-2.264
GAAATA	311.0	8377.2	-2.256
TGTGTT	405.0	11001.2	-2.256
TCGCAC	31.0	683.8	-2.246
CAGATA	160.0	4168.8	-2.246
CCTAGT	99.0	2510.2	-2.238
AACACC	122.0	3133.3	-2.237
TCTTGT	238.0	6335.0	-2.231
AAGCGC	44.0	1253.0	-2.230
AGGATC	121.0	3106.9	-2.228
CCAACT	118.0	3021.2	-2.225
TCTCGG	68.0	1679.4	-2.217
ACCCTA	94.0	2374.6	-2.208
AGATGG	256.0	6856.1	-2.204
AGGTGG	219.0	5832.7	-2.198
ACCGTG	58.0	1408.3	-2.196
GAGATG	241.0	6434.3	-2.193
GCTATT	136.0	3517.9	-2.175
ATATAT	594.0	16366.1	-2.170
ACGAGG	59.0	1438.0	-2.168
TTCTAG	197.0	5214.8	-2.164
ATGCTA	165.0	4333.2	-2.153
TGAGAG	237.0	6324.6	-2.151
GCTGGC	218.0	5815.6	-2.146
CCTGCG	96.0	2440.9	-2.146
ATTATA	285.0	7669.3	-2.139
CAGTAC	105.0	2698.2	-2.124
TATCGT	28.0	616.9	-2.112
TTTGCT	322.0	8732.3	-2.111
TCGTCA	34.0	773.7	-2.110
TTAGCC	99.0	2531.3	-2.108
ATACGA	29.0	643.2	-2.097
AGCTGG	238.0	6368.3	-2.097
GTACCT	100.0	2561.7	-2.091
CACTAC	59.0	1899.5	-2.084
TTCCGC	16.0	1319.0	-2.080
GTCTGT	226.0	6042.8	-2.078
GAAACT	221.0	5892.8	-2.077
GCGTCG	19.0	809.9	-2.076
GAGGAT	162.0	4262.4	-2.076
CAAATT	235.0	6283.0	-2.075
GAACTG	181.0	4791.0	-2.074
GAGTTT	247.0	6618.4	-2.071
CAAAGT	204.0	5445.5	-2.068
TGGCTC	189.0	5031.1	-2.057
CATATC	103.0	2652.1	-2.056
TTAGCT	154.0	4062.3	-2.053
GAATCA	135.0	3513.3	-2.046
TCACGA	37.0	859.5	-2.040
GCGAAC	9.0	644.8	-2.032
TAATAG	159.0	4184.7	-2.029
CACACG	55.0	1837.5	-2.020
TATACC	92.0	2347.5	-2.019
TACGCT	24.0	519.2	-2.018
CTGTCA	173.0	4600.0	-2.012
AGACTA	130.0	3404.9	-2.009
TAGCTC	118.0	3060.1	-2.008
AAGCCC	137.0	3578.4	-2.006
GCGATC	7.0	767.7	-2.002
CCCCAA	153.0	4045.4	-1.999
TAAATA	497.0	13688.6	-1.994
CCCACG	68.0	1708.4	-1.992
TCTGTT	299.0	8115.9	-1.989
CGAACC	25.0	743.1	-1.978
TACCCT	96.0	2468.4	-1.973
GCTGTA	143.0	3759.4	-1.973
CTAAAT	196.0	5231.5	-1.968
CGCGCT	34.0	1574.9	-1.968
CCAGTA	119.0	3097.4	-1.962
AGGGGC	167.0	4436.3	-1.949
CGACGA	22.0	473.1	-1.943
AAAATC	304.0	8254.8	-1.943
TCTCCA	208.0	5569.5	-1.932
AGCTCG	48.0	1450.5	-1.932
CACCCC	140.0	3709.0	-1.932
ATCTTA	176.0	4677.8	-1.929
TAAAGG	226.0	6087.4	-1.907
AACTCG	42.0	1047.0	-1.906
ACACTG	197.0	5277.2	-1.904
CGAATC	16.0	713.8	-1.894
CAGGAT	174.0	4626.2	-1.893
AATTAG	181.0	4835.0	-1.884
CAGACA	219.0	5912.9	-1.884
CCACCC	148.0	4619.9	-1.880
AAGTGT	228.0	6156.3	-1.877
GCCCCG	103.0	3245.2	-1.876
CGTAGC	32.0	848.7	-1.869
AGGCTA	124.0	3259.9	-1.869
GCGTCA	41.0	984.4	-1.862
TGTCTG	287.0	7814.7	-1.859
TCACCT	139.0	3668.9	-1.852
CGGAAG	90.0	2319.8	-1.849
TTGACA	178.0	4759.5	-1.832
ATCAAG	137.0	3615.0	-1.828
GAATTG	177.0	4732.7	-1.823
GTCCCG	59.0	1872.1	-1.811
CGCCCT	79.0	2015.7	-1.806
TCTTTG	326.0	8928.0	-1.801
GTTTAG	157.0	4178.6	-1.795
GCCCGG	127.0	3361.2	-1.794
TTTATC	216.0	5847.4	-1.792
AGATAA	227.0	6150.2	-1.788
ACAGAC	168.0	4504.5	-1.787
CGTCCC	62.0	1571.2	-1.782
TGTCAT	193.0	5190.0	-1.778
ATAGTC	97.0	2531.8	-1.774
GAGGTA	129.0	3425.6	-1.763
GGACAC	126.0	3339.1	-1.760
AGGGGT	145.0	3864.2	-1.754
AATGTT	325.0	8914.1	-1.749
CTTCGG	62.0	1576.3	-1.746
CGTATC	6.0	461.2	-1.746
CGCTAG	29.0	673.3	-1.743
CGAGCC	46.0	1890.7	-1.743
TCGCGG	46.0	1134.3	-1.742
GTGATA	134.0	3575.3	-1.742
GCCCGC	37.0	2561.9	-1.740
ATACTA	136.0	3605.6	-1.737
TGCTGA	232.0	6319.7	-1.729
GGCGAG	92.0	2397.7	-1.726
ACTCTG	192.0	5174.1	-1.725
GGGCCC	127.0	3375.9	-1.725
ACTAAC	90.0	2340.8	-1.724
GTCCAC	85.0	2200.4	-1.716
TTTGGT	308.0	8454.6	-1.714
TCGTCG	6.0	471.1	-1.713
GGACAA	127.0	3378.1	-1.710
CCGTGC	54.0	1623.3	-1.707
TTATCA	184.0	4970.1	-1.705
ATACAG	176.0	4732.9	-1.705
AAATGG	292.0	8021.9	-1.703
CATTAC	104.0	2745.8	-1.699
ACGTCG	9.0	385.4	-1.696
CGACTA	12.0	535.3	-1.694
GACACT	131.0	3499.8	-1.690
CAAGGT	145.0	3883.7	-1.672
TCTGAT	192.0	5189.6	-1.670
GACGCC	9.0	1316.6	-1.666
AGGAGT	164.0	4416.4	-1.662
AAGGCC	143.0	3828.8	-1.659
TAGCGC	26.0	602.1	-1.649
CTATTT	247.0	6742.6	-1.643
CGGCAC	44.0	1092.2	-1.632
AAATTG	280.0	7703.8	-1.631
TTGAAA	401.0	11104.9	-1.627
CCGAGG	96.0	2910.9	-1.622
CACCGG	47.0	1497.2	-1.622
AGTCAA	135.0	3602.6	-1.621
TGACAT	191.0	5174.0	-1.619
GTTAGT	122.0	3255.4	-1.610
TATGGC	104.0	2763.7	-1.610
AGTCCT	150.0	4047.4	-1.604
GATTTG	191.0	5177.6	-1.604
TGAAAA	456.0	12690.2	-1.603
CCTTCC	223.0	6084.2	-1.601
TTTTGG	332.0	9192.4	-1.593
CGTGCG	17.0	1685.1	-1.580
AGCTAG	123.0	3291.8	-1.578
CGGCCG	91.0	2396.3	-1.576
AGGCCG	53.0	2054.0	-1.575
TCAGAC	128.0	3438.3	-1.574
AATAGG	121.0	3234.5	-1.573
CACAAG	144.0	3879.3	-1.567
TTTGTC	226.0	6186.1	-1.566
ACCTCG	44.0	1102.9	-1.560
GCGGCG	153.0	4146.6	-1.560
CCAACG	22.0	864.6	-1.559
ATTGAT	201.0	5491.2	-1.558
TTTACG	38.0	937.9	-1.557
TGCAAA	254.0	6987.8	-1.552
ATACTC	89.0	2343.6	-1.551
TAACAA	197.0	5373.4	-1.550
GGTGTT	172.0	4684.3	-1.546
TAAGGA	185.0	5043.2	-1.546
ACAGGA	199.0	5436.3	-1.538
GCACAT	165.0	4480.3	-1.532
CAGTTA	147.0	3976.6	-1.531
TGCGGG	97.0	2578.3	-1.525
GTGTTT	354.0	9826.8	-1.519
GGCGTC	61.0	1582.1	-1.518
GGACGG	63.0	1639.3	-1.514
AGTTTT	372.0	10343.9	-1.513
CCCCTG	155.0	4221.0	-1.500
GACTCA	117.0	3134.0	-1.497
CCCAAC	103.0	2757.9	-1.495
ACGTAT	41.0	1028.5	-1.489
CTAATA	155.0	4224.6	-1.488
TCCGCC	70.0	1842.9	-1.484
ATCCTT	169.0	4613.5	-1.482
ACCAGG	159.0	4315.2	-1.479
GTAAAA	276.0	7633.2	-1.476
TCGACC	6.0	605.0	-1.472
TCATCT	189.0	5186.2	-1.466
CTTTGT	313.0	8673.8	-1.460
TACTCT	127.0	3435.6	-1.458
CCGCGA	41.0	1032.2	-1.457
CCAAGG	164.0	4470.8	-1.457
ACGACG	3.0	512.1	-1.457
CCTTAG	118.0	3173.1	-1.457
AAGGAG	249.0	6866.2	-1.455
AGTTCC	163.0	4442.1	-1.452
TCACGC	10.0	943.0	-1.450
GAGGTC	122.0	3292.6	-1.446
CAATGT	162.0	4416.6	-1.436
GACTAC	67.0	1766.9	-1.434
GACAAT	114.0	3062.6	-1.432
CTGCTA	127.0	3443.3	-1.428
CGACCA	33.0	814.8	-1.427
TTACTG	178.0	4869.1	-1.420
GTTCTA	132.0	3592.9	-1.420
ACGGTG	55.0	1429.7	-1.414
GCTAGG	106.0	2864.4	-1.405
CAGTCC	117.0	3157.9	-1.399
TCTTAT	188.0	5177.1	-1.398
CTATAG	104.0	2808.3	-1.395
GATATA	150.0	4101.7	-1.393
AAAAGC	259.0	7167.8	-1.389
TTCGCC	39.0	985.8	-1.388
TGCTCT	209.0	6547.6	-1.386
AGACGT	32.0	1235.9	-1.384
ATACGT	43.0	1097.9	-1.382
CAATGA	162.0	4433.0	-1.380
CATTGA	160.0	4851.9	-1.379
GACCAT	108.0	2928.8	-1.379
GGGGCC	156.0	4256.5	-1.372
CCATTT	204.0	7050.8	-1.371
TGTAAG	176.0	5621.9	-1.370
CCCTCT	160.0	4812.8	-1.368
ATACAC	132.0	4364.7	-1.363
GAGAAA	359.0	11639.2	-1.355
GGTCAG	133.0	3881.5	-1.350
TTAAGT	204.0	5771.0	-1.346
CATTTA	290.0	8090.4	-1.342
AGCAGG	201.0	6175.3	-1.337
TACCTT	142.0	3880.9	-1.333
CGGTTG	28.0	1086.1	-1.330
CTGTAG	185.0	5108.5	-1.328
CTTGAT	158.0	4328.3	-1.327
ATCACC	80.0	2392.1	-1.325
AACAGC	151.0	4151.2	-1.318
GTAGAA	167.0	4897.9	-1.316
TCGTCT	38.0	967.6	-1.315
ACTACA	126.0	3442.9	-1.315
TAAGGG	117.0	3179.0	-1.313
ACGAAG	31.0	1180.9	-1.307
AATTCA	239.0	6641.7	-1.304
CAGTAG	124.0	3386.1	-1.304
GTAATA	136.0	4069.5	-1.304
GCTTCG	60.0	1589.7	-1.304
TAGACC	86.0	2307.0	-1.304
ACACCC	107.0	2917.3	-1.303
CAGAGG	275.0	7667.9	-1.303
AGAAAC	289.0	8076.8	-1.299
CTCTCA	151.0	4159.2	-1.293
CGCATT	6.0	794.3	-1.288
CGTGCT	44.0	1703.4	-1.284
CTAGGA	131.0	3598.5	-1.282
AGATCG	18.0	934.8	-1.279
AGTCGC	14.0	894.3	-1.277
TGATGA	204.0	6172.5	-1.274
GAGATA	113.0	4212.2	-1.272
AGCCCG	80.0	2224.0	-1.268
GGGCGT	79.0	2421.3	-1.268
ACAAGC	102.0	3324.5	-1.264
TTCAAC	120.0	3278.5	-1.263
TTCCTT	342.0	9583.8	-1.263
GCTCAT	101.0	3306.9	-1.261
AAGGTA	170.0	4707.5	-1.260
CGAGCA	23.0	1482.3	-1.257
CGGGAT	52.0	1370.2	-1.254
GGTTAG	99.0	2695.0	-1.251
TACACT	118.0	3491.9	-1.250
AAAGGT	209.0	5803.1	-1.247
GAATTC	156.0	4292.2	-1.245
ACTGTG	174.0	6038.4	-1.242
AATAGA	223.0	6203.3	-1.242
CCAGCC	218.0	6080.9	-1.241
TATTCA	150.0	5783.5	-1.240
AAGCAC	115.0	4245.2	-1.239
GCAGTG	197.0	5471.1	-1.238
GTCAGT	132.0	3640.6	-1.237
CAGATT	160.0	4767.6	-1.236
CTTGCC	130.0	3769.6	-1.232
TCTTAA	235.0	6545.1	-1.231
TCCAAT	115.0	3140.5	-1.228
CACGGT	31.0	1310.1	-1.227
TTCTGT	359.0	10117.8	-1.222
CGGGAG	48.0	3623.5	-1.219
TCTTCC	227.0	6335.9	-1.216
CCACGG	65.0	1748.2	-1.215
CATCTC	162.0	4482.3	-1.213
GAAAAG	343.0	9638.8	-1.213
CGCACT	37.0	1021.6	-1.212
TCTCAT	155.0	4859.2	-1.211
ACCCAT	116.0	3175.8	-1.209
GTACAC	102.0	2795.0	-1.207
ATTCAA	196.0	5454.1	-1.200
GTCTGC	129.0	3562.3	-1.199
GGTTCT	155.0	4307.4	-1.197
AATGAT	238.0	6651.8	-1.196
GGCTTT	187.0	6075.2	-1.195
TTACCA	126.0	3474.6	-1.194
GAATAC	75.0	3052.3	-1.193
GTAGAC	79.0	2772.7	-1.193
CACCGT	46.0	1222.4	-1.193
ATTCTG	220.0	6160.6	-1.191
TGGCGG	99.0	2710.2	-1.190
TCGGCC	40.0	1426.4	-1.190
TATATT	362.0	10201.7	-1.183
TGTCTT	275.0	8754.4	-1.183
TTAGGG	125.0	3448.6	-1.181
GTAAAT	209.0	6740.6	-1.176
TGGCTA	157.0	4344.6	-1.175
TCACTT	155.0	5015.0	-1.173
ACAGTA	151.0	4195.2	-1.173
TGGGAT	164.0	6155.6	-1.172
ACGGAT	12.0	829.5	-1.172
TGATAG	140.0	3866.7	-1.171
GTCAAA	140.0	3866.2	-1.171
TGGACA	142.0	4572.8	-1.167
GGTAGG	115.0	3525.6	-1.166
CACCTT	138.0	3809.7	-1.164
ATGTTA	181.0	6122.0	-1.162
GCCGTG	54.0	1912.9	-1.162
AGCCCC	148.0	4108.8	-1.161
TGCAGA	188.0	6627.4	-1.161
GGAATT	190.0	5315.8	-1.160
ATTCAG	124.0	4909.2	-1.160
CAATAG	106.0	2924.5	-1.156
GTCGAC	15.0	456.0	-1.156
TAAATC	168.0	4683.3	-1.148
GTCTCG	33.0	1389.5	-1.145
AGTTCA	183.0	5109.8	-1.142
CGGTCC	50.0	1333.0	-1.140
TATCGA	20.0	554.9	-1.138
GGTGGC	133.0	5498.0	-1.138
TTAGTA	153.0	4266.6	-1.136
ATTTTT	744.0	21198.0	-1.132
AGAGCT	203.0	5692.5	-1.131
GGAGAA	268.0	7550.3	-1.130
CCGAGA	44.0	1895.8	-1.130
ATCGTC	24.0	601.8	-1.125
GTGAGG	177.0	5297.9	-1.114
CCGCGG	87.0	2709.2	-1.114
TTCACG	24.0	1157.4	-1.112
GACCAC	68.0	2412.0	-1.112
AATTTG	268.0	7558.7	-1.110
GACCAA	100.0	3094.3	-1.110
GACGCA	33.0	943.1	-1.109
CCGAAC	26.0	757.8	-1.105
CCGGTT	15.0	1091.0	-1.104
TCACAC	114.0	3513.7	-1.104
ACGCTC	36.0	941.1	-1.104
CGCTCA	36.0	1207.9	-1.103
TATAGT	145.0	4302.1	-1.102
TGCCCT	173.0	4851.5	-1.098
GAGCCT	152.0	4249.9	-1.095
TATCCA	123.0	3414.1	-1.093
CACGGA	53.0	1427.4	-1.092
GATCGT	23.0	686.7	-1.090
AGGTAA	145.0	4864.4	-1.089
TAGACA	150.0	4191.4	-1.088
ATATTG	192.0	5372.6	-1.085
TTACAA	195.0	5464.8	-1.085
GTCTCC	136.0	3773.9	-1.084
AAACGC	23.0	1117.5	-1.084
GAAAGG	206.0	7603.7	-1.083
TAAAAG	333.0	9412.4	-1.081
CCCCGA	63.0	1719.7	-1.075
CCATTA	71.0	3323.5	-1.073
TCCTTT	304.0	8586.9	-1.073
AATGAG	193.0	6504.2	-1.071
GGAGTG	156.0	5016.9	-1.069
CGAGTC	47.0	1261.0	-1.068
GCTTCC	170.0	4771.2	-1.068
TACCTC	90.0	2477.0	-1.067
AGACCT	133.0	3719.0	-1.067
CACTTG	158.0	4410.8	-1.063
GACGCT	25.0	1157.8	-1.061
TTTCAC	138.0	4684.3	-1.059
CGCCGC	106.0	2950.2	-1.059
CGTTGG	35.0	1057.6	-1.058
GGGCCG	111.0	3070.0	-1.056
ATCATT	195.0	5478.8	-1.048
GAGCTC	141.0	3934.8	-1.048
GCTGAC	116.0	3219.4	-1.047
TTTGGG	268.0	7587.1	-1.046
CAACGA	23.0	795.9	-1.046
TGGAAA	350.0	10325.5	-1.045
GTCACC	104.0	2895.3	-1.044
AGTAGT	128.0	3577.1	-1.044
AGGGGA	164.0	6453.0	-1.042
TTCCAA	193.0	5420.3	-1.039
GCGTTG	38.0	1011.5	-1.039
CTCGGT	15.0	1502.3	-1.038
CTCGCG	20.0	1280.6	-1.033
TTCTTT	561.0	18179.8	-1.030
ACACTA	88.0	3096.0	-1.029
TCATCC	107.0	2988.5	-1.028
CCTGAG	210.0	5917.7	-1.024
AACGTC	17.0	839.7	-1.022
AAGTGA	162.0	6387.3	-1.019
CGGATT	36.0	954.8	-1.019
CCCATC	86.0	3157.4	-1.016
TTGGCC	117.0	3259.9	-1.014
CCTGAC	125.0	3501.9	-1.013
TTTAAT	407.0	13262.9	-1.012
CGGTTT	41.0	1380.0	-1.012
CGGATC	11.0	876.8	-1.009
CTCTCC	194.0	5463.8	-1.008
GCACAC	155.0	4369.9	-1.007
GAACCG	34.0	1208.9	-1.004
CTTAGA	155.0	4370.0	-1.004
TGTGGT	211.0	7582.3	-1.004
GAGTAT	126.0	3530.3	-1.003
GGAATC	104.0	2907.1	-0.999
TAGAAG	140.0	5418.2	-0.994
GAAACA	258.0	7328.2	-0.994
AGCCAC	158.0	4434.6	-0.993
GGTGCT	128.0	4781.8	-0.989
GCCCAG	192.0	5410.5	-0.988
TTATAC	114.0	3649.0	-0.987
ATCTAA	155.0	4376.6	-0.986
CCTTCA	152.0	4286.1	-0.986
GGCGGA	69.0	2707.3	-0.984
AGCACA	191.0	5381.5	-0.983
GTATTC	82.0	3086.0	-0.982
CTGATT	131.0	4735.3	-0.982
CAACTT	133.0	4089.3	-0.981
TTTTAA	727.0	22108.3	-0.980
GTTTTG	390.0	11298.7	-0.980
ATTTGA	269.0	8466.1	-0.977
TTGTCT	232.0	6748.0	-0.977
GCAGAC	126.0	3539.2	-0.976
GAGTAA	125.0	3660.6	-0.976
AAATTC	253.0	7180.1	-0.975
CCGGAC	47.0	1277.7	-0.974
AGCAAG	160.0	6005.0	-0.972
GAAAAC	213.0	7355.3	-0.970
GGTATT	125.0	3782.8	-0.969
TACATC	103.0	2887.4	-0.968
TACAGC	110.0	3065.0	-0.968
TAAGAG	181.0	5112.7	-0.967
TCCACT	132.0	3721.9	-0.967
AACGCT	9.0	1075.4	-0.965
TCGCGA	18.0	515.8	-0.964
GCCAGT	120.0	3556.5	-0.964
GGTAGC	51.0	2359.8	-0.963
TTATCG	23.0	593.6	-0.962
CTCCGT	54.0	1482.5	-0.959
ACAGTT	154.0	5204.2	-0.948
TTCCTG	224.0	7916.0	-0.948
CACGGC	37.0	1458.1	-0.942
GGTTTT	329.0	9389.9	-0.941
GAGAAG	275.0	7826.9	-0.939
CCGTCA	30.0	795.6	-0.938
ACTGCC	111.0	3458.1	-0.937
AGTTCT	180.0	6281.6	-0.936
TACTAT	138.0	3882.1	-0.935
CTGAAC	125.0	3802.3	-0.934
AGTCAG	169.0	4790.2	-0.934
AACTCC	116.0	3255.0	-0.931
TGGGAA	246.0	8088.6	-0.930
TCCCCT	152.0	4651.3	-0.929
AATAAC	174.0	4914.5	-0.928
CAAGAG	175.0	4945.5	-0.928
ATATTT	514.0	14719.2	-0.927
CCCCTA	59.0	2162.1	-0.925
CCAACC	95.0	2662.2	-0.924
AGACCA	135.0	4403.8	-0.923
TAGTTA	156.0	4400.9	-0.922
CACTAA	123.0	3467.6	-0.921
GAACTT	182.0	5161.1	-0.921
TCGTTT	60.0	1666.9	-0.918
AGGTAG	145.0	4099.8	-0.918
TTACTT	239.0	6801.6	-0.917
ACTTGG	175.0	4949.6	-0.917
GGGCAG	220.0	6273.0	-0.917
TCTAAC	82.0	2781.4	-0.916
TTGCTA	174.0	4919.3	-0.915
GTGCGA	10.0	1042.4	-0.913
ATCTTG	163.0	4712.9	-0.912
TGAGTC	137.0	3861.7	-0.908
GGGTTG	130.0	4191.7	-0.908
GCTACC	69.0	1932.9	-0.903
TACTTT	239.0	7740.3	-0.901
AGTAAT	178.0	5047.1	-0.900
CTCCTA	103.0	2907.5	-0.899
TGGATA	154.0	4379.1	-0.898
AGTGGC	141.0	3986.1	-0.897
ACGACT	11.0	775.3	-0.893
CCGCTC	59.0	1642.7	-0.893
GAAGTT	183.0	5639.8	-0.892
CATACT	102.0	3168.8	-0.889
CAGTGT	173.0	6253.9	-0.888
CTTCCT	284.0	8106.7	-0.887
TGGATC	114.0	3209.6	-0.887
CACCAT	155.0	4413.9	-0.886
CCCTGT	176.0	4992.9	-0.885
TGCCCG	23.0	1893.1	-0.883
AAGCTC	118.0	3330.4	-0.881
CACGCT	34.0	1240.9	-0.880
TATAGG	106.0	3004.0	-0.876
TACTGG	122.0	3452.7	-0.875
GACGAC	33.0	944.9	-0.875
ACCAGC	119.0	3363.3	-0.874
TAATTT	427.0	12249.8	-0.874
TGGGGT	192.0	5775.8	-0.871
CTAGGC	68.0	2752.4	-0.871
TTCAGC	136.0	3845.2	-0.871
CAGTGG	182.0	5552.7	-0.869
TCCCAA	95.0	4299.2	-0.868
GACAAC	89.0	2502.5	-0.866
CCACGA	19.0	1157.9	-0.865
AACACT	167.0	4757.1	-0.862
CTAGAC	77.0	2178.3	-0.862
TAGGGT	108.0	3070.0	-0.859
GGCCAG	170.0	5528.1	-0.855
TGGGTG	249.0	7113.4	-0.854
AAGGGT	106.0	3949.1	-0.854
GCCTAG	101.0	2862.7	-0.854
AGTACT	105.0	3627.4	-0.852
CTATCC	69.0	2135.6	-0.852
AAGTAA	251.0	7178.3	-0.850
ACCTGC	130.0	3716.4	-0.849
ATTAAA	444.0	12770.3	-0.847
ATTGTT	264.0	7560.6	-0.843
GACCTG	136.0	3855.8	-0.842
CAACTC	97.0	2747.2	-0.840
CGCGTG	18.0	1468.4	-0.840
TTTACA	225.0	7423.7	-0.839
CTTCTG	273.0	7815.4	-0.838
TGGTTG	182.0	5891.5	-0.837
GGGTCA	113.0	3196.3	-0.835
CCTTTA	187.0	5458.4	-0.834
TACAGT	160.0	4555.2	-0.834
GTTGAT	124.0	3527.1	-0.833
ATTTTG	395.0	11348.6	-0.829
ACGTCT	37.0	1015.2	-0.829
CATCGT	36.0	1001.9	-0.828
CACACT	142.0	4176.7	-0.827
TAAGAA	276.0	7917.0	-0.825
CGTGGG	88.0	2753.1	-0.825
GTTATC	54.0	2175.8	-0.823
AATGAA	370.0	11530.4	-0.822
GCTTTC	176.0	5298.4	-0.821
GAGGAA	279.0	8015.3	-0.821
CCTGGT	164.0	4684.8	-0.817
AATCTA	138.0	4114.4	-0.815
TGTGTA	411.0	11822.8	-0.815
TGGGCG	98.0	2785.3	-0.813
CTATCT	110.0	4020.1	-0.812
TCAGTG	209.0	5980.7	-0.809
CGCGAG	53.0	1486.9	-0.809
GCTTTG	180.0	6251.8	-0.805
TGTGGC	195.0	5581.2	-0.802
AGCCGA	32.0	1400.8	-0.800
TTCAGT	202.0	6406.2	-0.798
GGATCA	92.0	2612.5	-0.796
GTTATT	205.0	5894.2	-0.796
GAAGAT	206.0	5895.8	-0.793
GCAAAG	162.0	5293.3	-0.791
GACCTT	130.0	3723.5	-0.791
CGCACC	40.0	1111.6	-0.789
TGCTAG	109.0	3537.5	-0.788
TATCCC	53.0	2257.6	-0.784
TGTTCT	276.0	7940.9	-0.784
GTCAGG	136.0	3878.3	-0.782
GTTCAC	61.0	2506.6	-0.780
TTGGGG	224.0	6431.8	-0.779
CCTCGG	80.0	2261.6	-0.778
ACTCAA	133.0	3928.7	-0.777
CCAAAC	94.0	3914.1	-0.775
TAGGAT	116.0	3626.3	-0.775
ACATTG	168.0	4826.5	-0.772
GCCCAC	105.0	3010.8	-0.768
TTCTTG	276.0	7953.8	-0.762
GACTTA	106.0	3042.7	-0.761
TAGTTC	109.0	3146.5	-0.761
AAGGAA	399.0	11531.4	-0.756
CTGGGG	155.0	7000.1	-0.754
TCAGAG	159.0	6238.1	-0.753
ATCTAC	78.0	2643.2	-0.751
GCTCAG	188.0	5420.2	-0.750
TGTCTA	153.0	4408.5	-0.749
CCAGAT	131.0	3770.5	-0.748
ATCGAC	12.0	526.0	-0.746
TTTCTG	401.0	11573.5	-0.743
GACTTG	126.0	4131.8	-0.742
GTTAGA	91.0	3543.6	-0.742
ATGGTA	153.0	4411.8	-0.742
GTGGTT	183.0	5384.6	-0.738
AAGGGA	223.0	6425.7	-0.731
TGAATT	243.0	7987.5	-0.728
AGGCCT	143.0	4115.7	-0.722
CAAACT	175.0	5034.9	-0.721
TATGAA	217.0	7542.3	-0.721
ACCGCG	34.0	950.1	-0.718
CTCAAT	103.0	3039.6	-0.715
TCCCTA	83.0	3048.3	-0.714
TGGATT	144.0	5983.6	-0.713
GTTGAG	127.0	4045.3	-0.712
CAACGT	15.0	974.8	-0.711
AGAGGC	183.0	5975.7	-0.710
TGTGAC	154.0	4735.3	-0.709
ATTTAT	480.0	13926.4	-0.707
AGCTAT	105.0	3715.1	-0.706
TTACAC	62.0	3066.1	-0.705
TGGACG	47.0	1335.1	-0.705
ACCTCC	105.0	3033.5	-0.704
CCTTCT	165.0	5824.5	-0.703
AGGTGA	188.0	5444.6	-0.702
AGAAAG	416.0	14657.2	-0.702
TTATTA	257.0	9956.7	-0.701
TAGGAA	198.0	5724.9	-0.701
TAAATG	307.0	9351.1	-0.700
GTCGAG	6.0	846.5	-0.697
GAACAT	174.0	5017.1	-0.692
CAATCC	79.0	2258.5	-0.692
ATGTAA	248.0	8232.1	-0.690
TCTTGA	187.0	5420.1	-0.687
CATCAC	91.0	3189.2	-0.684
CGAGAA	46.0	1743.5	-0.684
GAGTCA	130.0	3766.9	-0.684
TCTTTC	308.0	8930.8	-0.684
TAGCAG	121.0	3730.6	-0.683
TATCAT	166.0	4806.8	-0.682
GTATTT	284.0	8926.7	-0.682
ATCTCC	115.0	3313.9	-0.681
GTAGCC	71.0	2974.9	-0.681
TGGACC	87.0	2928.2	-0.680
AGAAGT	153.0	6406.1	-0.679
AATACC	113.0	3388.8	-0.674
CGGAAC	41.0	1165.5	-0.674
TTTACT	243.0	7054.8	-0.673
GTACCC	62.0	1788.5	-0.671
TACTCG	12.0	590.6	-0.669
TGCGAT	20.0	832.2	-0.669
CGTGTG	114.0	3288.9	-0.668
AGGACT	146.0	4230.2	-0.668
CAAGCG	37.0	1049.6	-0.667
GCACTG	148.0	4293.1	-0.664
TTCACT	138.0	4743.9	-0.663
ACAGTG	201.0	5837.5	-0.663
TCAGGG	154.0	4477.5	-0.663
AAGCTG	207.0	6166.6	-0.662
TCTACG	23.0	638.2	-0.661
CTTACA	144.0	4173.1	-0.660
CCCCAT	102.0	3335.7	-0.657
TCTTGG	201.0	5840.0	-0.657
GGAAGT	189.0	5498.8	-0.657
CTCGAC	9.0	721.5	-0.655
CTGGCC	140.0	5402.6	-0.654
AATTCT	253.0	7351.7	-0.653
GCCAAT	67.0	2700.4	-0.653
TTTAAA	777.0	22611.2	-0.649
ATTCCT	157.0	5359.3	-0.647
AGGTTT	188.0	6162.0	-0.646
TTCATC	144.0	4230.8	-0.643
ATTACA	150.0	5418.0	-0.643
ATCAAC	86.0	2484.8	-0.643
AGGGTT	133.0	5013.3	-0.641
ACCATT	138.0	3999.6	-0.638
GTCATT	135.0	4349.1	-0.638
TTGATC	98.0	3208.4	-0.635
TCCGCA	40.0	1145.4	-0.635
ACCCAC	80.0	3592.7	-0.633
GTTGTG	176.0	5109.0	-0.631
AACAGG	153.0	4463.7	-0.629
TCACTC	86.0	3090.9	-0.629
CTATCA	93.0	2700.2	-0.629
TATTGA	151.0	5572.6	-0.627
AGTCCC	77.0	3442.8	-0.626
TGCGAG	50.0	1445.2	-0.624
CGAGTT	42.0	1232.5	-0.624
CAGGAG	234.0	6801.9	-0.623
CATTAT	130.0	5163.0	-0.622
TTTCAA	241.0	8318.3	-0.622
ATTGTC	87.0	3221.9	-0.622
GTTCTG	148.0	5487.1	-0.621
TTTCTC	315.0	9309.0	-0.621
TTGCGC	31.0	882.8	-0.620
CTGTGA	214.0	6698.2	-0.620
AATTGT	192.0	6571.4	-0.620
CTTGTT	214.0	6236.6	-0.620
CCTTGC	124.0	3612.3	-0.620
AGCCGC	73.0	2133.6	-0.618
TCAAAT	185.0	6616.1	-0.617
GTACGT	32.0	951.2	-0.614
ACCATC	108.0	3316.3	-0.614
TGAGAC	159.0	4624.3	-0.614
AAGGAC	119.0	4181.3	-0.614
AATAGT	173.0	5057.4	-0.613
GGAGGT	162.0	4718.1	-0.611
GTGGTC	78.0	3078.5	-0.611
CGGTCT	8.0	1041.1	-0.610
AGGGCT	130.0	5168.2	-0.610
CAGTTT	243.0	7093.1	-0.609
GTATCT	126.0	3677.4	-0.609
AGTAAG	147.0	4289.8	-0.608
AGTATA	151.0	4412.8	-0.607
TAATAC	117.0	3433.9	-0.607
ACTCCC	94.0	2739.8	-0.605
GCAGGC	158.0	5205.4	-0.605
AGAATC	138.0	4015.9	-0.604
CCCACT	122.0	3694.9	-0.604
CCCGCG	43.0	2487.8	-0.603
GCTACA	132.0	3863.5	-0.602
CGCACA	37.0	1429.2	-0.602
CTCCAA	135.0	3926.8	-0.599
TTTGCG	26.0	1184.7	-0.596
CAGGCG	66.0	2283.3	-0.591
GAAATT	277.0	8093.1	-0.591
ATACAT	236.0	8290.4	-0.590
GGTCTT	141.0	4150.7	-0.587
GTGTCA	133.0	3902.6	-0.585
CCTACA	97.0	2838.1	-0.584
ACTGAA	215.0	6291.5	-0.582
TATCGG	16.0	445.8	-0.581
TTTTAT	605.0	19111.0	-0.579
TTCACC	99.0	2902.0	-0.578
AGGCCA	179.0	5231.8	-0.578
CCCAGT	143.0	4182.2	-0.577
GAACAG	160.0	4675.5	-0.576
GCCGGA	30.0	1859.7	-0.576
ATAGAT	210.0	6137.7	-0.576
CAGCGT	53.0	1548.6	-0.575
ATCACA	148.0	4336.5	-0.575
GGAATA	147.0	4309.0	-0.570
ATAACA	184.0	5391.6	-0.570
TAGTTT	248.0	7245.3	-0.570
TCTGTG	320.0	9368.2	-0.570
TGCTTC	207.0	6047.9	-0.569
ATCACG	31.0	894.5	-0.566
GTTCCT	160.0	4680.4	-0.566
AACTGC	123.0	3680.8	-0.565
CGCTGA	54.0	1583.0	-0.563
ATGCTC	128.0	3761.0	-0.563
GATGTT	185.0	5465.6	-0.562
CTTCCC	173.0	5712.5	-0.561
ACTTGA	168.0	4931.4	-0.560
TTGGGC	98.0	3380.6	-0.560
CTAGAT	84.0	2801.8	-0.560
GCAGCA	199.0	5834.9	-0.560
ATACTT	158.0	5349.5	-0.558
TTACCT	133.0	3916.4	-0.557
GCCCCA	69.0	3858.5	-0.556
TAGTAA	121.0	4752.3	-0.554
TAGGCT	104.0	3064.6	-0.553
ACTGCG	44.0	1286.4	-0.552
ACATGG	162.0	5401.7	-0.550
TGGCCA	165.0	4844.8	-0.549
TTTATT	668.0	21139.8	-0.549
TTACTC	99.0	2914.4	-0.549
GATGAT	128.0	5153.9	-0.546
ACACCT	120.0	3524.2	-0.545
CTCCCC	172.0	5065.2	-0.542
AGCAGT	160.0	5267.2	-0.541
CACATC	107.0	3161.8	-0.539
TGGTCC	104.0	3070.1	-0.539
TTAATA	286.0	8388.2	-0.538
CGGCGG	125.0	3681.5	-0.536
TAGGGG	100.0	2950.8	-0.535
TGACAG	156.0	5128.6	-0.532
GTCCTG	172.0	5073.5	-0.529
TTCGTT	52.0	1533.5	-0.528
AGCAAT	167.0	4918.4	-0.528
GGCAGG	235.0	6895.0	-0.528
ACAAAT	258.0	7595.9	-0.527
GGCCTT	116.0	4252.9	-0.527
TCAATA	143.0	4236.9	-0.525
AGCCCA	151.0	4455.6	-0.525
AATACA	233.0	6864.3	-0.525
CCATCG	17.0	1061.3	-0.522
AAAACT	279.0	9189.3	-0.522
GCCGCG	85.0	2501.8	-0.522
AGAGAA	401.0	11754.8	-0.520
CTGAGA	237.0	6963.8	-0.520
GACAGC	145.0	4581.3	-0.519
TATCCT	91.0	3636.0	-0.518
ACTACT	95.0	2806.7	-0.517
GCTCAC	107.0	3172.7	-0.516
ACTTAG	126.0	3722.5	-0.516
AAGGCT	173.0	5113.1	-0.514
CCAAGC	106.0	3142.3	-0.513
TTTCTT	622.0	18777.0	-0.513
TGTATC	132.0	3908.2	-0.512
TTAGAT	150.0	4949.5	-0.511
TGAGTG	233.0	6874.7	-0.511
CGTCAG	39.0	1148.1	-0.510
CGCCAA	33.0	968.5	-0.510
TCTGAA	210.0	7238.3	-0.509
AATTAA	357.0	10501.8	-0.508
GTTGCC	88.0	2597.7	-0.508
TATAAA	382.0	11232.9	-0.507
TAGGCG	4.0	853.5	-0.507
ACCAAC	90.0	2659.4	-0.505
CACCCT	112.0	3299.1	-0.505
GGAAGG	276.0	8626.0	-0.504
GGAAAA	310.0	10720.4	-0.504
ACGCTT	16.0	948.0	-0.503
GCCGAG	39.0	2665.1	-0.502
AAGATG	229.0	7530.4	-0.502
TAGATT	170.0	5028.3	-0.500
TACACA	220.0	6503.6	-0.498
ACTCTC	100.0	2969.9	-0.493
CCACCT	95.0	4050.7	-0.492
GCGTGT	84.0	2483.2	-0.491
GTATCA	90.0	2666.0	-0.491
GCGGAT	22.0	1063.9	-0.491
CAGGGG	141.0	4635.7	-0.489
TTAAAA	732.0	21495.2	-0.486
CATTGG	109.0	4033.9	-0.486
TATTAC	118.0	3493.6	-0.485
CGTCCA	32.0	945.0	-0.485
GAGAAT	157.0	5623.2	-0.481
GGGATA	85.0	3229.5	-0.481
GCTGCA	179.0	5290.0	-0.481
CGACTC	7.0	944.3	-0.480
TCTATT	188.0	5572.5	-0.480
GAGTTA	87.0	3916.9	-0.478
GGATCT	119.0	3528.9	-0.476
AAAACC	221.0	7490.2	-0.475
TTCTAA	145.0	6754.1	-0.475
CGCATA	18.0	524.7	-0.474
CGTGGC	57.0	2079.4	-0.474
AGAAGA	380.0	11198.0	-0.474
TAAAAC	264.0	7832.7	-0.472
CATAAT	164.0	4859.9	-0.472
CCGCTT	24.0	1316.7	-0.472
ACACAG	225.0	6650.4	-0.470
GCTATG	116.0	3440.7	-0.470
CTACGT	26.0	768.6	-0.468
TTTGTT	538.0	22603.2	-0.467
AAGAGA	326.0	9618.2	-0.466
TAACAG	131.0	3903.6	-0.465
GCCCTA	65.0	2026.9	-0.465
CTTCGT	40.0	1205.6	-0.465
TGGCTG	212.0	7649.4	-0.464
TGGACT	136.0	4028.4	-0.463
TAGTCA	105.0	3137.2	-0.462
CCAGTC	87.0	3088.9	-0.461
TTCTCA	196.0	6720.2	-0.461
GCTCGA	18.0	953.5	-0.461
GGAAAT	252.0	7456.2	-0.458
CTGACA	130.0	4208.2	-0.457
GAGCCC	100.0	4039.1	-0.454
TAAATT	298.0	10035.0	-0.454
GAACAA	132.0	5219.1	-0.453
TATGTA	275.0	11000.9	-0.453
GGTGCC	85.0	3137.5	-0.452
GACTTT	170.0	5916.7	-0.451
CGCCAG	37.0	1931.8	-0.450
AAGGTC	66.0	3229.1	-0.449
GTCTAC	80.0	2380.7	-0.449
GGTACT	82.0	2442.4	-0.447
TGCACA	211.0	6256.4	-0.447
GCGCAC	57.0	1771.2	-0.447
GAGCCA	183.0	5438.8	-0.447
TATCTT	185.0	5998.9	-0.446
ACTTCA	159.0	4721.0	-0.444
ATATTA	265.0	7853.7	-0.443
CTGGTA	90.0	3291.2	-0.442
TATTTC	254.0	7535.7	-0.442
CATTCT	192.0	5693.4	-0.441
CCGGAA	41.0	1858.2	-0.441
CGTCTT	35.0	1199.5	-0.440
TTATTT	671.0	20797.1	-0.440
TGCTGC	213.0	6324.3	-0.440
GTGACA	129.0	4438.5	-0.439
TACTGA	108.0	4232.6	-0.438
TCTCCT	202.0	6011.4	-0.437
ATAGTA	140.0	4167.1	-0.437
CAACGG	26.0	776.3	-0.436
AGTGAC	129.0	4058.6	-0.436
GTCCCC	111.0	3304.4	-0.436
TTGCTC	100.0	4259.9	-0.435
GCACAA	97.0	3394.1	-0.435
TTATAG	153.0	4733.5	-0.434
GGTGCG	60.0	1809.7	-0.433
TAATGA	203.0	6567.1	-0.432
TCTAAA	131.0	6009.8	-0.432
TGACAA	153.0	4780.2	-0.432
GTGACC	84.0	3381.7	-0.432
TGCTGT	257.0	7638.6	-0.431
TTACTA	111.0	4179.3	-0.429
ATCTGC	119.0	3733.1	-0.429
TTCTCC	190.0	5671.9	-0.427
ATTTAC	146.0	5431.8	-0.427
ACTATT	138.0	4552.6	-0.427
TGGGCT	183.0	5452.2	-0.426
GAGTGT	183.0	5452.9	-0.426
CTGCCC	174.0	5170.6	-0.426
CTACTT	120.0	4201.3	-0.424
TGAGCC	118.0	4813.1	-0.423
AACCAC	92.0	3706.6	-0.423
GACCCA	105.0	3160.3	-0.419
ATTCTT	264.0	7842.8	-0.418
GATACG	15.0	560.7	-0.418
AGCCAA	137.0	4613.0	-0.417
GATCAC	66.0	2057.3	-0.417
TCAGCA	140.0	5109.6	-0.417
ATATTC	145.0	4978.9	-0.415
ACCGCT	25.0	1052.5	-0.415
CACATA	202.0	6028.4	-0.414
AACCTG	144.0	4351.2	-0.413
CTGTTA	152.0	4556.0	-0.412
CTGTGC	175.0	5516.6	-0.412
CTATAA	150.0	4494.3	-0.410
AGCCAG	226.0	6731.1	-0.407
GTGGGA	196.0	5844.7	-0.406
TGGGTA	169.0	5059.4	-0.406
TTATAA	294.0	8727.3	-0.405
GGCCTG	144.0	4999.7	-0.405
TACGTC	18.0	539.2	-0.405
ACAGCG	48.0	1536.7	-0.404
ACAGAT	172.0	5372.7	-0.403
CGCCGA	24.0	989.8	-0.402
AAAGAT	301.0	8959.4	-0.401
CTTTCA	178.0	6080.6	-0.401
CTGATG	157.0	4879.9	-0.400
TCTGCT	207.0	6166.6	-0.399
TATCAC	82.0	2466.1	-0.398
GTTATG	114.0	3578.3	-0.397
TTTAGG	140.0	5276.2	-0.393
CACCAA	120.0	3607.7	-0.392
GGGCTT	142.0	4259.4	-0.391
CGCTCC	44.0	1847.2	-0.391
GCCAGC	168.0	5039.2	-0.391
CAGCCA	201.0	6015.0	-0.390
CTGCGA	42.0	1278.7	-0.390
TACAAG	126.0	3794.3	-0.389
TAGTCC	33.0	2115.8	-0.389
GCAACA	109.0	3300.3	-0.389
GAGCTA	116.0	3485.1	-0.389
TCAAGT	126.0	4373.5	-0.387
CAAGAT	142.0	4437.4	-0.386
ACGTAG	29.0	882.2	-0.386
TGTCAG	165.0	4949.6	-0.386
GAAGGA	268.0	8116.7	-0.383
AGAGCA	199.0	6795.6	-0.382
TCACGG	18.0	1229.0	-0.381
AAAAGT	320.0	9536.5	-0.381
GACTAT	81.0	2669.1	-0.381
CGCGTA	10.0	296.1	-0.379
AGTTAG	106.0	3900.4	-0.379
CATCTG	164.0	5429.1	-0.379
ACAATC	76.0	2323.7	-0.378
ACTGGA	122.0	4948.0	-0.377
TCAGTA	129.0	3896.6	-0.376
CTTTAG	124.0	4696.6	-0.376
GCCGCT	61.0	2069.8	-0.376
CGGCTA	24.0	732.4	-0.375
TGTTTG	442.0	13128.7	-0.375
ACGGCT	36.0	1101.8	-0.373
AATCAT	136.0	5140.5	-0.373
CGTCCT	43.0	1316.6	-0.372
ACCTGG	158.0	4740.4	-0.371
TTTAGA	237.0	7210.7	-0.370
GGGTTT	190.0	6410.2	-0.370
GGCAGC	181.0	5432.3	-0.369
TAAAGA	258.0	9263.8	-0.366
GTTGGC	93.0	3081.7	-0.363
TTGTCG	25.0	891.6	-0.361
AGACAA	194.0	5818.8	-0.361
TCCAAG	132.0	3999.7	-0.361
TCAATC	60.0	2066.6	-0.361
CCTTGG	135.0	4931.2	-0.357
TGGAGT	147.0	5479.0	-0.357
ATTGAG	150.0	4532.7	-0.357
CTGAGT	209.0	6265.5	-0.357
TCCAAC	78.0	2628.3	-0.355
TCACGT	51.0	1568.7	-0.354
TGGTCA	107.0	4003.0	-0.353
TTTATA	367.0	11710.9	-0.352
TCTTCG	40.0	1231.5	-0.352
GTTCTT	217.0	6706.3	-0.350
TTCATA	175.0	6725.9	-0.350
TTAGAA	255.0	7758.6	-0.349
CTACAT	133.0	4039.4	-0.348
ACATAA	212.0	6368.6	-0.348
GTTTTA	313.0	9344.4	-0.346
TAAGTT	180.0	5420.7	-0.345
CTGAAA	254.0	7621.7	-0.345
ACTGTC	112.0	3439.3	-0.343
ACATTA	167.0	5045.7	-0.342
TTATCT	177.0	5696.1	-0.341
GACCTC	95.0	2898.3	-0.340
TCACAT	160.0	4827.1	-0.340
GTAGGC	73.0	2251.8	-0.340
TAGCCC	84.0	2722.1	-0.339
AATTGA	203.0	6122.2	-0.339
GGCTCA	137.0	4140.7	-0.339
TATGGT	136.0	4110.4	-0.338
GAACCA	105.0	3549.3	-0.337
AGGCAG	286.0	8569.7	-0.336
GGTCTA	80.0	2439.0	-0.336
TCAAGC	83.0	2530.4	-0.335
CACTCG	20.0	1247.8	-0.333
AGTCAT	103.0	4279.7	-0.331
GCCTCT	178.0	5369.9	-0.331
TTTATG	310.0	9295.7	-0.331
CCTCGA	41.0	1271.4	-0.330
TGTTGT	220.0	9264.1	-0.329
AGACAC	133.0	4709.0	-0.326
TAAAGT	234.0	7030.3	-0.324
AAACTG	221.0	6658.4	-0.324
AGACCC	112.0	3404.2	-0.323
ATTACT	149.0	4527.6	-0.323
CAAGGC	87.0	4012.6	-0.323
TGAGGG	121.0	5272.1	-0.322
TTGTGG	188.0	5931.5	-0.321
GTGTCG	14.0	1107.6	-0.321
AGCTAC	79.0	3132.3	-0.320
CTATCG	15.0	467.8	-0.320
CCTCGC	34.0	1701.1	-0.319
AGTATT	192.0	5793.5	-0.317
GGTCTG	132.0	4032.1	-0.316
CATCCT	122.0	4464.8	-0.316
AACAGA	203.0	6840.8	-0.314
GAAATG	298.0	8955.5	-0.313
GCGCGT	20.0	1287.1	-0.313
AAGGTT	128.0	4648.1	-0.311
ATTCCA	135.0	4983.5	-0.309
CAGCTA	101.0	3784.4	-0.309
TATTGG	87.0	3728.6	-0.309
CGGGTC	26.0	1549.7	-0.308
TGTGCC	132.0	4640.5	-0.306
AGAAGG	214.0	7447.5	-0.306
AAAAGG	275.0	8279.6	-0.305
ATATAG	148.0	4603.8	-0.300
CAAGCT	111.0	3785.7	-0.300
CGAGCG	48.0	1501.7	-0.300
TCGAGA	41.0	1285.0	-0.300
AGGACA	193.0	5841.1	-0.299
TGCTAT	155.0	4735.4	-0.299
GGGCTA	90.0	2968.3	-0.297
GATCAA	97.0	2988.2	-0.297
GATTTA	179.0	5432.3	-0.296
TGATCC	72.0	2648.6	-0.295
GAGACT	145.0	4425.9	-0.295
ATAATT	300.0	9042.4	-0.295
TGGCCT	167.0	5711.5	-0.295
CCAGGT	141.0	4301.7	-0.293
TGCTCA	162.0	4931.4	-0.292
TCTCAC	97.0	3517.0	-0.292
ATGTGT	462.0	13828.2	-0.292
ATTTGT	316.0	9510.3	-0.289
ATTTCT	362.0	10873.4	-0.289
AGCCGT	28.0	1197.9	-0.287
TTTCCT	305.0	10515.5	-0.287
GAGGAC	111.0	4074.6	-0.286
AATACT	169.0	5224.2	-0.284
GTGACT	144.0	4403.4	-0.284
GCAAGG	120.0	4029.7	-0.283
GTGATC	79.0	2460.3	-0.283
GGTCCA	69.0	2406.1	-0.282
ATTATC	119.0	3653.5	-0.281
TACTAC	64.0	2252.3	-0.280
CAGCGG	79.0	2442.6	-0.278
CTTATA	124.0	4079.5	-0.278
GAATTA	121.0	5116.4	-0.278
CTTTCT	344.0	11034.9	-0.276
CACCTA	78.0	2455.6	-0.275
AGTCAC	115.0	3533.6	-0.275
AGGAGC	176.0	5360.0	-0.274
ATTTCC	168.0	6077.1	-0.274
TCATAC	83.0	2570.9	-0.273
TTGGTC	117.0	3598.4	-0.273
TCTACT	99.0	3523.0	-0.271
AACCCC	85.0	2817.3	-0.271
AGGATA	125.0	3850.1	-0.271
CAGGTA	80.0	3821.3	-0.270
TTCAAT	155.0	5270.5	-0.270
AACATT	264.0	7998.4	-0.268
GGATCC	92.0	2853.4	-0.267
TTGTCC	108.0	3545.3	-0.267
TTTTAG	262.0	8477.4	-0.267
ACTGCT	150.0	4607.9	-0.267
GTTTCA	123.0	5160.9	-0.266
GGTATA	80.0	3060.3	-0.265
GCGGCT	81.0	2514.0	-0.265
GGCACT	99.0	3074.6	-0.264
CTGTGT	317.0	9576.5	-0.264
CACCTC	75.0	3229.5	-0.262
GAAGTC	100.0	3901.8	-0.262
CCCTAT	65.0	2049.3	-0.262
CCATCA	67.0	3773.8	-0.261
ATGCCA	109.0	4492.2	-0.261
GCTTCT	202.0	6168.8	-0.260
CCAGTT	136.0	4172.6	-0.260
TGAGCT	177.0	5407.0	-0.259
AAAGAC	201.0	6138.7	-0.259
TGCCTC	151.0	5640.6	-0.258
GCTATA	88.0	2917.2	-0.258
CACGCC	49.0	1836.4	-0.256
AAAATT	495.0	14861.4	-0.256
GAGCGG	82.0	2551.6	-0.255
CTCATG	135.0	4147.6	-0.253
CGGCAG	73.0	2303.1	-0.253
CGGTGC	25.0	1809.8	-0.253
GAGATT	138.0	4561.1	-0.253
CTGTCT	254.0	7725.7	-0.252
ACCCTC	63.0	2842.7	-0.252
GTCTCT	170.0	5223.2	-0.252
GGTATC	62.0	1963.6	-0.250
GGTTTA	128.0	4006.9	-0.250
GGTCAT	97.0	3023.2	-0.249
CAGGCA	179.0	5966.7	-0.249
AGTAGA	112.0	4458.7	-0.249
TAGATA	174.0	5711.6	-0.248
ACTAAG	115.0	3566.8	-0.247
CGCCAT	44.0	1404.0	-0.246
GACATG	124.0	4230.5	-0.246
GATACA	115.0	3558.8	-0.245
ACAATG	158.0	4849.7	-0.245
ACTCGA	12.0	848.2	-0.245
TGAGTT	262.0	8248.3	-0.244
GTTACT	85.0	3485.7	-0.244
TCCAGA	176.0	5390.7	-0.244
AGTATC	73.0	2425.8	-0.244
AAACAC	215.0	6573.1	-0.243
TTCGTC	15.0	840.3	-0.242
TTGATT	244.0	7446.0	-0.242
TCGCCG	18.0	1133.5	-0.241
TTCGAG	56.0	1784.1	-0.239
AGACAT	181.0	5556.4	-0.237
TCATCA	132.0	4100.4	-0.237
CACCTG	155.0	4795.2	-0.236
TGGTTT	330.0	10015.1	-0.236
AAACTC	146.0	4916.5	-0.236
GATAAA	180.0	6272.7	-0.232
CAACGC	20.0	847.3	-0.232
TGCGGA	35.0	1448.0	-0.231
ATCTAT	158.0	4866.3	-0.229
GTCGCA	16.0	797.6	-0.229
TTCTGA	233.0	8011.5	-0.228
ATTGGG	107.0	3520.5	-0.227
TACGTT	34.0	1101.5	-0.227
TGGTAC	61.0	2812.0	-0.226
TTCTTC	208.0	8125.9	-0.225
AAGTTA	191.0	5858.5	-0.224
CCTATG	79.0	2818.6	-0.223
AAACCC	137.0	5201.1	-0.223
TTTCAG	248.0	7569.6	-0.222
AGGCTT	150.0	4961.7	-0.220
AAGAAG	318.0	9954.7	-0.220
CGCTGG	71.0	2265.3	-0.219
CAATCT	93.0	2923.4	-0.219
TATAAG	143.0	4433.1	-0.219
ATTCAC	110.0	3425.5	-0.219
CCAGCA	200.0	6153.1	-0.219
GGTGTC	105.0	3300.7	-0.218
TTGCGA	9.0	767.3	-0.218
CTGAAG	180.0	6829.2	-0.218
ACATCT	153.0	4752.4	-0.218
GCGCCA	50.0	1878.3	-0.217
CCAGAC	67.0	3273.6	-0.217
CACTGT	171.0	5537.6	-0.214
AAATTA	386.0	11698.0	-0.214
TGGTAT	127.0	4467.0	-0.213
CTACGG	19.0	734.7	-0.213
TCAATG	118.0	3806.9	-0.213
CATCAA	76.0	3881.2	-0.212
GGCATA	89.0	2804.3	-0.212
AGAGGA	234.0	7874.6	-0.211
TAGTAC	67.0	2164.7	-0.210
CCAAAA	217.0	6679.1	-0.210
GGAGCT	137.0	5473.3	-0.210
TTGAGT	174.0	6095.0	-0.210
CTCCCG	69.0	2474.9	-0.209
CCCTCA	109.0	3434.9	-0.209
CCTCGT	37.0	1206.0	-0.209
TCCAAA	174.0	5366.5	-0.209
AATTAC	137.0	4255.9	-0.208
CCGTGT	55.0	1773.2	-0.207
GTCATC	85.0	2683.8	-0.207
CATCGA	13.0	999.6	-0.205
GAGAAC	147.0	4576.4	-0.205
GGGATC	89.0	2810.6	-0.205
GCCCTG	185.0	5722.5	-0.205
CGGATG	34.0	1335.1	-0.205
TTGCCA	134.0	4337.8	-0.205
AATCTG	153.0	4767.5	-0.204
TTTGAG	233.0	8169.7	-0.204
GAGGAG	203.0	8388.0	-0.204
GGAGGA	260.0	8375.0	-0.204
AGGAAG	338.0	10302.6	-0.203
TGTTTC	243.0	7875.7	-0.202
ACCGAG	14.0	1657.7	-0.202
TGCTCG	42.0	1466.7	-0.202
TGGAAC	141.0	4572.5	-0.201
ATCCCC	81.0	2762.9	-0.201
ACACTC	81.0	2959.0	-0.200
TCGCCA	26.0	1224.8	-0.200
ACTTCG	28.0	924.2	-0.199
AGACTT	153.0	5273.3	-0.197
TGTCCC	132.0	4143.2	-0.195
AGGTAC	76.0	2443.7	-0.194
GTGGGC	109.0	4679.0	-0.193
ACAGGT	132.0	4147.4	-0.192
CAGAGT	177.0	5485.1	-0.190
GCAGAA	197.0	6095.6	-0.190
GGCACC	88.0	2794.8	-0.189
ACAGCA	186.0	5776.5	-0.189
TTCAGA	228.0	7034.9	-0.189
GGAGTC	103.0	3267.4	-0.188
ATCCAA	113.0	3551.5	-0.188
GACACA	152.0	4758.6	-0.185
GGTTAT	76.0	3070.0	-0.185
CCAATA	85.0	2703.3	-0.185
ACACAT	232.0	7669.5	-0.184
GGGTGC	90.0	3708.1	-0.184
GCTGTG	230.0	7110.8	-0.181
AAACAG	249.0	7664.4	-0.181
AACTGA	173.0	5405.5	-0.179
GAGGTG	182.0	5663.4	-0.178
AGCCAT	174.0	5407.9	-0.178
TACCAG	93.0	2962.6	-0.177
CTTCGA	33.0	1097.2	-0.176
AGCCTC	130.0	4102.5	-0.176
ACCTTG	121.0	3817.6	-0.176
ATAAGA	133.0	5625.5	-0.176
TGCCAG	161.0	5026.7	-0.175
GGTGAG	164.0	5813.8	-0.175
GCCTTG	150.0	4707.9	-0.175
CATCAT	141.0	4422.7	-0.175
CTACAG	135.0	4232.0	-0.174
TACATA	231.0	7645.1	-0.174
TCTGTC	178.0	5541.8	-0.173
TCTACC	90.0	2872.2	-0.173
AATCCC	71.0	3511.5	-0.173
TCTTCT	275.0	9124.7	-0.172
TCGTTG	25.0	931.3	-0.171
AGGGAA	242.0	7486.8	-0.170
GTCCTT	132.0	4380.8	-0.169
TGCGCC	51.0	1675.2	-0.169
TACAGG	84.0	3796.7	-0.169
TACCAA	85.0	3244.8	-0.168
CAGTCA	131.0	4145.2	-0.167
GAACCT	86.0	3403.0	-0.167
GAGGCT	163.0	5103.7	-0.166
CCCACA	140.0	4401.4	-0.166
ATTTTC	301.0	10025.0	-0.166
TGTCCG	37.0	1232.0	-0.166
GCCAAC	69.0	2248.7	-0.166
TACATT	185.0	7028.7	-0.165
CCCATT	123.0	3894.7	-0.165
CAATTA	126.0	3989.3	-0.165
TTCTGG	229.0	7104.8	-0.165
TCCTTG	117.0	5363.2	-0.164
CGTGTC	44.0	1457.4	-0.164
AGTTTC	188.0	5878.3	-0.163
TGATAA	172.0	5992.6	-0.163
CCCAGA	177.0	5527.2	-0.161
CCAGGA	208.0	6462.1	-0.161
CGAGTA	6.0	681.6	-0.161
CGACTT	12.0	1021.5	-0.160
TATTAA	278.0	8588.2	-0.159
TGGGTC	111.0	3766.4	-0.159
AACACA	226.0	7018.1	-0.158
GATTCA	87.0	3366.9	-0.157
ATAGGA	119.0	3777.4	-0.157
TACTTC	84.0	3490.2	-0.156
ACAACT	112.0	3612.0	-0.156
TAGAGT	121.0	4021.2	-0.155
AGGCTG	229.0	7123.5	-0.154
TCTTTA	269.0	8525.6	-0.154
GGTAGA	121.0	3845.4	-0.154
AAACAT	266.0	9245.2	-0.152
ACGTCC	12.0	854.2	-0.151
GAGGGT	105.0	4300.8	-0.150
CGAGGA	67.0	2200.0	-0.150
CCACTA	72.0	2360.9	-0.148
ATGAAA	341.0	11196.7	-0.148
GACATA	93.0	3338.0	-0.147
TAGAAA	312.0	9641.1	-0.147
GAAATC	104.0	4774.9	-0.147
CAAAAG	185.0	6850.6	-0.147
TAGCCG	12.0	783.1	-0.146
CGCGGA	17.0	1434.4	-0.146
ATCAGC	55.0	2809.2	-0.144
ACAGGC	79.0	3816.4	-0.144
GGGTAT	95.0	3065.3	-0.143
TTAGGA	149.0	4903.6	-0.142
TCAAGG	110.0	4080.2	-0.142
GGGTCT	124.0	3957.1	-0.142
TTTGAT	223.0	8665.0	-0.141
ACTGGG	148.0	4694.9	-0.140
TTCCAG	211.0	7101.5	-0.140
AGATGC	146.0	4656.5	-0.139
TCATTT	338.0	10432.1	-0.139
ACAGCC	134.0	4280.4	-0.139
GGTGAC	108.0	3483.9	-0.138
ACGGAG	26.0	1624.1	-0.137
TGTTAC	108.0	3852.1	-0.136
CGCGCC	68.0	2284.4	-0.136
CTTGAG	126.0	4801.2	-0.135
TAGCAA	124.0	4362.6	-0.135
AATCTT	177.0	6095.4	-0.135
TTCGCG	11.0	510.3	-0.135
TCAGTT	164.0	5565.2	-0.135
GGGATT	135.0	4676.0	-0.134
ACCTCT	120.0	3840.9	-0.134
TGAGTA	123.0	4896.5	-0.133
AGCGCT	47.0	1579.9	-0.133
AACGCC	31.0	1064.3	-0.132
ACTTAC	76.0	2910.1	-0.131
AACCCT	120.0	4447.7	-0.130
AGGACC	111.0	3560.0	-0.129
GACCGC	36.0	1272.4	-0.129
CAGCCC	160.0	5065.6	-0.128
TTATAT	324.0	10021.7	-0.128
GTGCTG	206.0	6979.9	-0.128
AAGCAA	238.0	7852.9	-0.126
CTAGGT	84.0	2736.9	-0.126
ACGGGG	49.0	1650.5	-0.125
CAAGGA	159.0	5039.4	-0.125
CTGAGG	201.0	6333.0	-0.125
GAGCAA	136.0	4619.0	-0.124
AGGTTC	99.0	3218.3	-0.123
CTCCTT	151.0	5497.8	-0.123
CACAGT	157.0	4980.9	-0.122
ATTTAA	384.0	11870.3	-0.121
CACATT	171.0	5434.1	-0.120
CATAAG	104.0	3381.2	-0.120
CCCAAT	60.0	2477.0	-0.119
CACTCT	111.0	3855.4	-0.117
CCAAGA	152.0	4861.7	-0.117
CGGCCA	32.0	1747.2	-0.117
CGTAGG	14.0	831.2	-0.117
CTAAGA	140.0	4476.2	-0.116
TCTATC	80.0	3451.4	-0.116
TTTAGT	212.0	6676.6	-0.116
AATATT	363.0	11236.9	-0.116
TTGAGA	157.0	6935.9	-0.115
TATCTA	140.0	4479.7	-0.115
TCCCCG	72.0	2400.7	-0.114
CAGATG	188.0	5966.3	-0.114
TATTTA	401.0	13634.2	-0.113
GAGTCC	93.0	3203.9	-0.112
TAGAAC	109.0	3625.8	-0.112
CTGGGT	184.0	5839.9	-0.112
CACTAT	89.0	2915.1	-0.112
TTACAG	168.0	5419.2	-0.112
ATAGGG	76.0	2532.6	-0.111
ATAATG	200.0	6328.4	-0.111
GTATCC	44.0	1996.2	-0.111
AGATCT	115.0	4753.8	-0.110
TAGGTT	116.0	3830.8	-0.109
GATTAT	132.0	4264.7	-0.109
GCTCTA	76.0	2535.6	-0.109
CTGTGG	235.0	7380.9	-0.109
AAGTTC	116.0	4675.8	-0.108
GAAGAA	337.0	10825.1	-0.108
TCTGTA	211.0	6937.4	-0.107
CAAGCC	80.0	3291.6	-0.107
CTGTCC	143.0	4912.2	-0.107
TGTCCT	180.0	6095.3	-0.107
GGCATC	95.0	3115.2	-0.106
AACAGT	152.0	4906.3	-0.106
AGGGAC	121.0	3919.0	-0.105
GAGCAC	115.0	3725.4	-0.105
AGGTCA	127.0	4111.5	-0.105
GTCATA	82.0	2701.5	-0.105
TGCCCC	70.0	3609.5	-0.104
CTTTAC	92.0	3711.4	-0.103
ACATCC	95.0	3120.1	-0.103
GACGTG	43.0	1481.0	-0.103
CCCCGC	83.0	3467.2	-0.103
CAATCG	14.0	565.2	-0.102
GTTACA	105.0	3806.5	-0.102
TATCAG	113.0	3669.7	-0.101
CCGGGA	81.0	3034.4	-0.101
AGGCGG	48.0	3077.0	-0.100
TATTAG	125.0	4309.4	-0.099
TATATC	108.0	3545.1	-0.099
TAAAAT	543.0	16685.3	-0.099
ACATTC	126.0	4092.3	-0.098
GGTACA	88.0	2905.0	-0.098
GCGGAC	19.0	1318.3	-0.098
TCAGGC	104.0	3419.2	-0.097
ATTATT	267.0	10587.5	-0.097
CTGCGC	75.0	2521.3	-0.096
AGCGGA	28.0	1451.7	-0.094
CTTTCC	211.0	6697.8	-0.093
ATGATG	196.0	6239.1	-0.093
CAGCCT	195.0	6207.3	-0.093
ACGCCA	22.0	1121.5	-0.093
TCACTA	90.0	2977.2	-0.093
GATGCT	155.0	5007.2	-0.092
AGAGCC	139.0	4490.2	-0.092
GAAGTA	129.0	4321.1	-0.092
CCTCAG	161.0	5171.0	-0.092
CGTTTC	40.0	1400.1	-0.091
GCGCCT	22.0	1989.0	-0.091
GCACCT	92.0	3045.8	-0.091
CAGAAT	189.0	6053.2	-0.089
CCTGAT	83.0	3717.2	-0.089
CACCGA	23.0	1270.8	-0.089
CAGGCC	107.0	4122.5	-0.088
AGGGTA	77.0	3127.9	-0.087
TCAGCT	102.0	4630.9	-0.087
GCCAGG	185.0	6087.8	-0.087
CTCTAA	111.0	3707.5	-0.086
AACAAT	185.0	5940.0	-0.086
CACTTC	109.0	3601.2	-0.086
CAATGG	114.0	3731.5	-0.086
GCAGAG	239.0	7573.1	-0.086
CAGACG	22.0	1417.9	-0.085
AGCTCA	137.0	4442.1	-0.085
TCTAAT	132.0	4567.4	-0.085
GTCAGC	76.0	3110.0	-0.085
GAAGAG	258.0	8172.0	-0.085
GGCAAA	124.0	4907.3	-0.084
AGTACA	103.0	4331.1	-0.084
TTCTAT	170.0	6453.5	-0.084
CCAATC	58.0	2244.5	-0.084
ATCTGA	137.0	4941.7	-0.084
GGTTTG	171.0	5667.2	-0.084
ACTATG	110.0	3607.1	-0.083
TGGGAG	237.0	7518.0	-0.082
ATCTGT	187.0	6007.9	-0.082
ACAATA	151.0	4903.9	-0.081
TGGTCT	156.0	5035.0	-0.081
GCCAGA	126.0	4512.0	-0.081
GATCAT	95.0	3258.4	-0.080
GAGTAC	52.0	2378.4	-0.080
AAAGTA	232.0	7910.5	-0.080
AATTAT	283.0	8923.3	-0.079
CAACCG	12.0	764.0	-0.078
CTACTC	50.0	2211.1	-0.078
TGAGGA	197.0	6315.3	-0.077
CCGCAG	74.0	2521.8	-0.077
GGGAAC	83.0	3915.9	-0.077
AACATG	181.0	5825.4	-0.077
GCGACG	21.0	866.2	-0.077
CATAAA	231.0	7369.3	-0.077
AACTCT	114.0	4837.5	-0.076
AGTTAT	152.0	4949.7	-0.076
CCACTG	128.0	4670.2	-0.075
TCAGCG	41.0	1451.7	-0.075
GAGCCG	76.0	2590.5	-0.075
TTAGTT	196.0	6290.0	-0.075
CTTCAG	182.0	5865.2	-0.075
CCCTGC	156.0	5050.0	-0.075
CTGGAT	115.0	4528.0	-0.074
CCCTGA	139.0	4533.6	-0.074
GGTACC	40.0	1918.7	-0.074
ATAAAT	391.0	13646.1	-0.073
GAGGCA	202.0	6493.8	-0.073
CAAATA	223.0	7119.0	-0.072
CATCCC	84.0	3764.2	-0.072
TCTATA	140.0	4570.2	-0.072
TAACAT	155.0	5449.7	-0.072
GCCACG	43.0	1786.2	-0.072
GTCGCC	19.0	1204.2	-0.071
AGGAAC	109.0	4624.6	-0.071
TTGTTC	168.0	5452.3	-0.071
GTGGCT	155.0	5962.2	-0.070
AGAGTA	128.0	4232.2	-0.070
GCAACT	50.0	2752.7	-0.070
CCACGT	46.0	1623.8	-0.070
AGATTT	250.0	8430.1	-0.070
ATGAGG	121.0	4643.9	-0.070
TTGCCG	28.0	1142.6	-0.069
GACGGC	33.0	1256.8	-0.069
CAGAAG	248.0	7892.1	-0.069
CACAAA	207.0	6637.4	-0.069
GTTATA	105.0	3693.9	-0.068
TTGTTA	216.0	6936.7	-0.068
CTTCTT	249.0	8161.1	-0.068
ACAGCT	153.0	5005.1	-0.068
GGTCTC	98.0	3286.6	-0.067
TCCTAG	104.0	3482.0	-0.067
GGCTAG	78.0	2903.3	-0.066
ATTTGG	148.0	6308.8	-0.066
CGTCAA	8.0	672.2	-0.066
TGCGTC	29.0	1065.3	-0.066
GGGTCC	57.0	3234.0	-0.065
TAGATC	57.0	2358.3	-0.065
CCCCCA	137.0	4492.5	-0.065
TCATAT	143.0	5104.6	-0.065
AGCTGA	171.0	5574.5	-0.065
ACATTT	346.0	11132.4	-0.065
GAGGCG	89.0	3000.0	-0.065
TGAGAA	220.0	8633.0	-0.064
CATTTC	201.0	6943.0	-0.064
CCGGGT	54.0	1970.1	-0.064
GCAATC	63.0	2189.5	-0.064
CCACTC	84.0	3103.3	-0.064
CGCGTC	20.0	954.9	-0.064
CGGACT	15.0	994.5	-0.064
GGGGCT	162.0	5277.9	-0.064
AGTCTA	88.0	3125.6	-0.063
TGATAC	79.0	2906.7	-0.063
TCGACA	13.0	662.3	-0.062
CTATAT	126.0	4175.5	-0.062
TAGAAT	186.0	6180.5	-0.062
CTCTGT	243.0	7785.6	-0.062
GCACTC	82.0	2780.7	-0.062
ATCATC	100.0	3366.1	-0.061
TCTTCA	179.0	6679.6	-0.061
TATGTG	343.0	10819.6	-0.061
TTGGGA	198.0	6401.9	-0.061
AAAGGA	300.0	9531.4	-0.061
CCGAGT	21.0	1697.3	-0.060
ATTTTA	488.0	16659.0	-0.059
CTCTAT	86.0	3471.9	-0.059
AAATAT	458.0	14345.1	-0.057
CTCATT	135.0	5095.5	-0.057
GACATC	83.0	2824.7	-0.057
AGGCTC	79.0	3746.3	-0.057
AACTTC	128.0	4255.8	-0.057
AAAGGC	170.0	5676.1	-0.057
CAGCCG	66.0	2303.3	-0.057
TCCGAG	24.0	1791.2	-0.056
TATTTG	282.0	8978.4	-0.056
CTGATA	71.0	3774.5	-0.055
GTTGTC	90.0	3060.2	-0.055
GGCTGA	146.0	4816.4	-0.055
ATCAAT	114.0	3883.0	-0.055
CAACAA	174.0	5668.7	-0.055
GAGTAG	90.0	3058.0	-0.055
CCCGCT	35.0	1618.6	-0.055
TTATGA	183.0	6038.2	-0.055
GTATAT	236.0	7583.1	-0.054
ACTCTA	91.0	3092.8	-0.054
AGGAAA	383.0	12092.3	-0.054
CGGCCT	40.0	1775.7	-0.053
GCGCTG	78.0	2671.7	-0.053
GTGTCC	117.0	3910.6	-0.053
TAGGAG	109.0	3683.1	-0.053
ATCGCC	17.0	816.0	-0.053
CAGAAA	325.0	10317.5	-0.052
CATAGG	79.0	2707.9	-0.052
GGAGAT	139.0	4599.2	-0.052
AACATA	185.0	6043.5	-0.051
AGACGC	32.0	1190.4	-0.051
TGGCAG	180.0	5880.5	-0.051
AACCCA	116.0	4630.0	-0.051
TCAAAG	177.0	5782.1	-0.050
CCACCG	49.0	1758.3	-0.050
GGCAGA	200.0	6508.2	-0.050
TCTACA	118.0	4475.4	-0.050
GAGCGC	43.0	2416.4	-0.049
ACTCAC	91.0	3624.5	-0.049
GACAGG	142.0	5075.1	-0.049
TAGGTC	56.0	1992.4	-0.049
CATCGG	14.0	836.3	-0.049
CCTGAA	124.0	4963.3	-0.049
TGGAGA	208.0	7905.6	-0.049
CTTCGC	32.0	1195.9	-0.048
ACTCGG	36.0	1567.9	-0.048
ACCTTC	93.0	3597.7	-0.048
AGAACC	97.0	3858.0	-0.047
CGAATA	16.0	658.9	-0.047
GGACAT	97.0	3572.9	-0.047
GTCCCT	112.0	3767.9	-0.047
CGCCCA	27.0	1576.2	-0.047
GCGGCC	51.0	3038.5	-0.046
TATGAG	126.0	4226.7	-0.046
TCACCG	33.0	1232.0	-0.046
AGACTC	99.0	3379.9	-0.045
TAAGGT	85.0	3324.9	-0.045
GGCTGT	173.0	5706.3	-0.045
TCATCG	24.0	928.6	-0.045
CACATG	180.0	6741.2	-0.044
TGTCGT	24.0	1086.6	-0.044
CATATG	166.0	5480.4	-0.044
GTACTC	41.0	2030.4	-0.044
TATGGG	97.0	3893.3	-0.044
AGCAAC	109.0	3715.2	-0.043
TCCGGA	31.0	1622.2	-0.043
ACCCCT	82.0	2832.9	-0.043
GCCACT	96.0	3291.5	-0.043
AAGTCA	156.0	5159.6	-0.042
ATGATA	143.0	5698.5	-0.042
AATTTT	442.0	15125.7	-0.042
GCTCGG	56.0	2216.5	-0.041
ATCCTG	133.0	4477.1	-0.041
ACAACC	88.0	3036.1	-0.041
GCCGTC	31.0	1177.5	-0.040
CGACAT	17.0	690.2	-0.040
AGTGTG	218.0	7119.1	-0.040
GGCTAC	80.0	2775.1	-0.040
CAGCAG	224.0	7289.1	-0.039
GCGGTG	27.0	2611.1	-0.039
AATTTA	304.0	9746.5	-0.039
CAACCC	73.0	2631.8	-0.039
AATATA	299.0	9611.9	-0.039
GGTCAC	75.0	2824.6	-0.038
CTGCCG	19.0	2290.5	-0.038
AGGAGA	210.0	7870.3	-0.038
AATAAG	169.0	5867.1	-0.038
ACCCAG	142.0	4758.9	-0.036
GGCCTC	128.0	4331.5	-0.036
CTACCA	81.0	2820.7	-0.036
TCGAGT	4.0	1016.0	-0.036
TTAGGT	119.0	4042.0	-0.035
CTCCAC	81.0	3647.2	-0.035
GATCCT	87.0	3023.6	-0.035
ACCGGA	30.0	1197.9	-0.035
TGCAAC	56.0	2617.4	-0.034
ATTTAG	166.0	5641.2	-0.033
CGGCAA	25.0	986.8	-0.033
CTCACA	140.0	4709.3	-0.033
CTTCTC	156.0	5698.4	-0.033
CAGGAA	204.0	7538.8	-0.033
CCTAGA	93.0	3231.0	-0.033
GATAAT	127.0	4318.0	-0.032
GGCGAC	19.0	1401.4	-0.032
AATAAT	339.0	10888.6	-0.032
ATTCTA	129.0	5125.7	-0.032
CTCAGG	162.0	5407.6	-0.032
TGAGAT	167.0	5950.7	-0.032
ACAAAC	204.0	6733.9	-0.032
AAGATA	196.0	6468.7	-0.032
GTGTGA	193.0	6369.5	-0.032
GCAGGG	175.0	5905.7	-0.032
CTTCAC	101.0	3500.7	-0.031
CTGACG	29.0	1285.8	-0.031
CGTCAC	28.0	1096.3	-0.031
AGATCC	90.0	3140.5	-0.031
ACATAG	100.0	4223.3	-0.030
GATATT	154.0	5799.8	-0.030
TTCAAA	269.0	8758.0	-0.030
TAATAT	245.0	8018.5	-0.030
AGCAAA	217.0	7761.6	-0.030
GTTGTT	184.0	8058.8	-0.030
CATAGA	130.0	4430.2	-0.030
GAGTCT	91.0	3847.5	-0.029
GAACCC	84.0	2949.5	-0.029
TAAGAT	151.0	5149.4	-0.029
ATCCTC	70.0	3039.7	-0.029
TCAGCC	116.0	3973.8	-0.029
TCCACC	94.0	3281.6	-0.029
CGAATT	13.0	800.0	-0.029
CAACCA	109.0	3776.3	-0.029
TTTCTA	244.0	8804.8	-0.029
GGCACA	68.0	4089.4	-0.029
AGTCCA	83.0	3437.6	-0.028
TCAGGT	122.0	4174.1	-0.028
CCTTGA	109.0	4648.8	-0.028
ACAGAA	269.0	8772.3	-0.028
AGGTAT	110.0	4063.8	-0.028
GCTGTC	107.0	4906.8	-0.028
GTGTAT	247.0	8813.1	-0.028
ATATAA	294.0	9530.1	-0.027
TCCTCT	185.0	6339.2	-0.027
TATCTC	96.0	3358.3	-0.026
ACGCTG	23.0	1519.7	-0.026
ATTTCA	253.0	8282.5	-0.026
CATCAG	113.0	4006.9	-0.026
CGCGGG	72.0	2903.3	-0.026
TCACAG	156.0	5248.6	-0.026
TGCTAC	81.0	2866.9	-0.026
TCAGAA	235.0	7717.0	-0.026
GGTCCT	107.0	3727.0	-0.025
AATCAC	96.0	3364.1	-0.025
AGATGA	203.0	6856.1	-0.025
ACTACG	15.0	648.6	-0.025
GAGCAG	195.0	6482.5	-0.025
CGCAGG	51.0	2410.5	-0.025
GTTTAT	221.0	7286.6	-0.025
CACTAG	53.0	2286.2	-0.025
CAAAGG	149.0	5527.0	-0.025
ACTCAT	108.0	3767.3	-0.024
TGCTGG	198.0	8024.3	-0.024
TCTCTA	112.0	4732.2	-0.024
GTCTAT	89.0	3139.2	-0.024
TGCACC	89.0	3139.9	-0.024
AGCGCC	44.0	1863.7	-0.024
CACTGC	115.0	3968.4	-0.024
GGAGAC	94.0	4526.6	-0.024
CGGAGC	50.0	2880.3	-0.024
AAATTT	390.0	12728.8	-0.023
CAATTG	64.0	2862.0	-0.023
AAGCCA	163.0	6011.0	-0.023
TTGAGG	147.0	5119.1	-0.023
CCAATT	68.0	3169.4	-0.023
GTCCAG	99.0	3480.6	-0.022
CCGCAT	16.0	851.4	-0.022
CAAATG	206.0	6838.6	-0.022
TCATTG	149.0	5076.9	-0.022
GCTAGA	85.0	3020.5	-0.022
AGGCAA	123.0	5246.9	-0.022
CAAAAC	233.0	7775.0	-0.021
TCTGAG	209.0	6948.8	-0.021
AGCAGC	184.0	6337.5	-0.021
AAATGT	398.0	12808.0	-0.021
GACTTC	104.0	3656.6	-0.021
AGATTC	108.0	3878.2	-0.021
AGGGTG	144.0	4918.6	-0.021
AGTAAA	190.0	7642.0	-0.021
CAAACG	28.0	1137.7	-0.020
GACGAG	31.0	1295.1	-0.020
GGTTGT	117.0	4509.6	-0.020
ACAGTC	91.0	3233.4	-0.020
CAACAT	117.0	4066.7	-0.019
GCAAAC	101.0	3794.2	-0.019
GGGGAC	127.0	4401.4	-0.019
TATCAA	109.0	3854.2	-0.019
CACTCA	82.0	3843.2	-0.019
ATATCC	73.0	2885.0	-0.019
ATCAAA	188.0	6339.5	-0.018
GCTGAT	94.0	3438.0	-0.018
ATGGAA	226.0	7516.7	-0.018
GCTCTG	185.0	6243.5	-0.018
GCGAGC	62.0	2307.1	-0.018
CAGAAC	124.0	4755.4	-0.017
GTAGTC	54.0	2040.1	-0.017
CACAAC	78.0	2967.7	-0.017
GGCGGC	140.0	4816.3	-0.017
CCGGCT	59.0	2211.0	-0.017
TATCTG	139.0	4785.4	-0.017
TACTCA	94.0	3353.2	-0.017
GCTACT	80.0	2886.2	-0.017
GGATTT	185.0	6256.5	-0.017
CTGCTC	110.0	5273.0	-0.017
AGGAGG	244.0	8108.2	-0.017
CACCCA	101.0	4132.3	-0.016
TATGTC	103.0	3658.6	-0.016
AGGGAT	125.0	4357.8	-0.016
TGTCTC	176.0	5960.5	-0.016
CCCTAG	69.0	2605.8	-0.016
CTCAGT	149.0	5127.8	-0.016
CAACAG	117.0	4094.5	-0.016
TCGGGA	27.0	1791.8	-0.016
AGTGTC	109.0	4059.1	-0.016
GCAGCC	152.0	5231.8	-0.016
GTCAAT	64.0	2415.0	-0.016
AAATCT	225.0	7517.5	-0.015
CTATGG	82.0	3211.2	-0.015
CAGGAC	130.0	4535.3	-0.015
GGGTAC	33.0	2136.4	-0.015
CACAAT	109.0	3872.7	-0.015
CAGACT	121.0	4240.6	-0.015
AGCCCT	105.0	4606.3	-0.014
CTAAAA	218.0	7327.1	-0.014
CAACTG	90.0	3243.9	-0.014
TTATGT	240.0	8233.1	-0.014
ACATCA	120.0	4214.8	-0.014
CTCACG	22.0	1164.8	-0.014
CCACAA	100.0	3580.5	-0.014
ATCTGG	119.0	4183.2	-0.014
TCCACA	116.0	4201.4	-0.013
CACAGG	147.0	5089.7	-0.013
CTATTA	111.0	3986.8	-0.013
AACAAC	144.0	5133.8	-0.013
CTATGA	89.0	3760.9	-0.013
GGAAGA	249.0	8291.9	-0.013
TGTCAC	114.0	4022.9	-0.013
CTCTAC	64.0	2716.7	-0.013
GTGCGC	35.0	2292.0	-0.013
CGAACA	15.0	794.0	-0.012
TCCAGC	131.0	4822.8	-0.012
GCCTTC	111.0	3928.9	-0.012
TCTGCC	162.0	5677.6	-0.012
AATATG	204.0	6914.2	-0.012
CATCGC	21.0	955.1	-0.012
GAACAC	100.0	3681.8	-0.012
AGAGTC	101.0	3676.0	-0.012
GCTACG	12.0	731.1	-0.012
GATATC	41.0	2139.2	-0.012
GCAGCG	64.0	2760.8	-0.012
GTATGT	306.0	10117.8	-0.012
AGGACG	13.0	1613.3	-0.012
GATCTG	108.0	3882.5	-0.011
CGTCTC	31.0	1282.5	-0.011
ACTGAG	162.0	5586.5	-0.011
GGACTC	83.0	3035.4	-0.011
GATTTT	282.0	9852.4	-0.011
ATCTTC	131.0	4617.2	-0.011
TATTAT	267.0	9267.7	-0.011
GCAGTC	78.0	3226.5	-0.011
CGAGGG	57.0	2228.7	-0.011
CAATCA	70.0	3073.4	-0.011
ATCATA	114.0	4057.8	-0.010
GGAAGC	145.0	5319.4	-0.010
TGAGGT	142.0	5115.0	-0.010
CCTGGA	198.0	6752.8	-0.010
TGATAT	159.0	5506.0	-0.010
TATGTT	206.0	7662.8	-0.010
AGGCAC	92.0	3553.9	-0.010
ACAATT	145.0	5072.2	-0.010
TGTTAT	164.0	6582.0	-0.009
CGCCTT	21.0	1647.5	-0.009
TACAAA	214.0	7270.4	-0.009
ACGTCA	22.0	1181.8	-0.009
CTGCGG	82.0	3023.2	-0.009
CCAACA	104.0	3767.1	-0.009
TGAGCG	24.0	1713.3	-0.009
TGTGTC	192.0	6566.8	-0.009
TCTATG	99.0	4324.9	-0.009
ATCTCT	135.0	5528.8	-0.009
GACGTC	23.0	1012.6	-0.009
ACCACT	91.0	3335.6	-0.009
TCCTGC	144.0	5054.7	-0.009
CTAACA	66.0	3272.3	-0.009
AGCGGC	47.0	2250.2	-0.009
TACAAC	58.0	2512.3	-0.009
GCGACA	8.0	968.1	-0.009
TCCCAC	102.0	3766.1	-0.008
TGGGCC	104.0	3778.8	-0.008
GTTTGT	330.0	10930.4	-0.008
CCAGAA	185.0	6410.5	-0.008
GCTTCA	118.0	4220.9	-0.008
GCAAAA	185.0	6382.3	-0.008
TAATAA	267.0	10319.9	-0.008
TACAAT	120.0	4291.8	-0.008
CTCAAA	167.0	5902.9	-0.007
AGATCA	111.0	3995.2	-0.007
GGACCC	47.0	3055.6	-0.007
CGCCAC	19.0	1661.5	-0.007
CCTGCT	165.0	5754.2	-0.007
TCGCCT	12.0	1193.7	-0.007
CTCTAG	94.0	3462.4	-0.007
AGCACT	139.0	5071.1	-0.007
CAGGGA	181.0	6267.5	-0.007
CTGCCA	139.0	4919.3	-0.007
CGCGGC	56.0	2615.5	-0.007
CTCGAA	27.0	1430.5	-0.007
TAGGTA	96.0	3540.6	-0.006
CAATTT	154.0	6007.4	-0.006
TCAATT	113.0	4500.3	-0.006
GCGGGA	82.0	3065.1	-0.006
GCCTCA	107.0	3915.4	-0.006
CCAGCG	42.0	2010.1	-0.006
GATACT	72.0	2759.5	-0.006
CTACGA	6.0	620.8	-0.006
ATCAGG	94.0	3477.1	-0.006
TGGAAG	213.0	7309.1	-0.006
GGCTGG	179.0	7871.5	-0.006
GGCAAC	52.0	2344.8	-0.006
CCCCAG	157.0	5521.3	-0.006
CGCATC	7.0	972.5	-0.006
CTCCAG	170.0	5964.3	-0.006
GTCTTC	113.0	4541.0	-0.006
ACTCCG	17.0	1222.7	-0.005
TTCACA	150.0	5322.1	-0.005
ACTTCT	147.0	5225.0	-0.005
ACCCTG	133.0	4785.4	-0.005
CAAGGG	100.0	3820.8	-0.005
CAGCAC	137.0	4889.6	-0.005
GAATCT	99.0	4078.2	-0.005
ATCCCA	90.0	4434.9	-0.005
AGTCTC	104.0	3842.5	-0.005
TTGGTT	246.0	8407.2	-0.005
GCTGAG	198.0	6868.7	-0.005
GTGGGT	184.0	6429.8	-0.005
CCGCAA	18.0	959.3	-0.005
CGGGGC	76.0	4125.0	-0.005
AGCTCC	112.0	4088.4	-0.005
ATTATG	136.0	5686.8	-0.005
CAGCAA	157.0	5549.3	-0.005
GCGTAG	15.0	749.1	-0.005
TGTGAG	229.0	7876.4	-0.004
GCGGCA	41.0	1896.2	-0.004
TCTAGG	92.0	3490.0	-0.004
CTCCGG	59.0	2584.3	-0.004
CCACAT	104.0	4389.1	-0.004
TCTCTG	243.0	8577.8	-0.004
CCAGCT	131.0	5252.2	-0.004
TCGCAG	19.0	1290.9	-0.004
TATATG	243.0	9174.3	-0.004
TTCTAC	101.0	3766.3	-0.004
GTGTCT	184.0	6462.7	-0.004
GCTATC	50.0	2046.4	-0.004
ACCAAG	106.0	4075.4	-0.004
AAAATG	394.0	15152.1	-0.004
GCACAG	93.0	4904.2	-0.004
GTCACA	99.0	3714.5	-0.003
TTGTTG	238.0	9397.8	-0.003
TAGGGA	99.0	3756.4	-0.003
GCACCC	49.0	2691.7	-0.003
CCTCTG	202.0	7067.0	-0.003
GGTCCC	57.0	3215.5	-0.003
GCAACG	19.0	924.2	-0.003
AACTCA	134.0	6362.7	-0.003
CTTCAA	135.0	4893.8	-0.003
CTGAGC	139.0	5779.5	-0.003
ATAGAA	207.0	7221.0	-0.003
ACAACA	150.0	5583.3	-0.003
GCGCGC	105.0	3939.0	-0.003
TCACTG	137.0	5159.3	-0.003
CCGCCA	35.0	1732.2	-0.003
TGCCGC	20.0	1667.9	-0.003
GCGCAG	30.0	2686.6	-0.003
GCCCTC	93.0	3544.1	-0.003
GCGAGG	60.0	2424.1	-0.003
AGCACC	81.0	3511.0	-0.003
ACAACG	18.0	896.9	-0.003
GGGACG	46.0	1932.5	-0.003
TGGCCG	45.0	2106.4	-0.003
AGGTCC	64.0	2935.8	-0.003
AGAATT	212.0	8335.6	-0.003
ATAAAG	209.0	7868.9	-0.003
GAAAAT	345.0	11943.6	-0.003
GTGGCC	108.0	4058.3	-0.003
CTGCTG	233.0	8108.2	-0.002
TCCCGC	47.0	2086.3	-0.002
CACAGC	114.0	4798.3	-0.002
GGCCAC	85.0	3272.9	-0.002
TTCAGG	138.0	5026.2	-0.002
CGGAGG	67.0	2983.8	-0.002
GCGTCT	29.0	1399.7	-0.002
TATAAT	230.0	8025.6	-0.002
CACAGA	197.0	7068.3	-0.002
CAGGGC	151.0	5512.8	-0.002
GCTCCT	120.0	4462.5	-0.002
CCTCTA	76.0	3012.4	-0.002
AAGACA	215.0	7560.0	-0.002
CGTGAG	38.0	1726.2	-0.002
GGGAGC	145.0	5295.1	-0.002
CACTGG	113.0	4748.9	-0.002
CTTCCA	150.0	5471.2	-0.002
TCAAAA	247.0	8575.5	-0.002
GCCACC	109.0	4131.7	-0.002
CCTCAT	89.0	3441.1	-0.002
GTCACT	90.0	3477.1	-0.002
TCCGCT	18.0	1193.8	-0.002
GACTCC	57.0	2909.0	-0.002
CAGTCT	115.0	4469.2	-0.002
ATACAA	136.0	5770.0	-0.002
CCACAG	140.0	5141.5	-0.002
GGCCGG	89.0	3450.2	-0.002
CCAGGG	143.0	6088.3	-0.002
ATATCT	142.0	5230.1	-0.002
GACAAA	147.0	5417.8	-0.002
CTGGAA	219.0	7734.7	-0.002
CGACAA	13.0	725.5	-0.002
TCCTCA	117.0	4393.5	-0.002
ACTTCC	91.0	4116.9	-0.002
ACTAGG	61.0	2515.0	-0.001
GCGACT	20.0	1010.4	-0.001
TATGAT	123.0	4815.4	-0.001
TTATTG	186.0	6807.2	-0.001
CGCAGC	57.0	2392.0	-0.001
GGCCGC	45.0	3028.8	-0.001
AGCGCG	20.0	1580.8	-0.001
CCCAGC	173.0	6299.8	-0.001
ACATCG	12.0	700.5	-0.001
CTCCTC	144.0	5338.5	-0.001
CTCTGC	176.0	6603.1	-0.001
GTCCTC	89.0	3501.1	-0.001
CCGCCT	57.0	2406.6	-0.001
CTTCTA	110.0	4682.5	-0.001
CTGCAA	91.0	4442.5	-0.001
GTGAGT	171.0	6247.4	-0.001
CGAGCT	38.0	1722.4	-0.001
ATCACT	74.0	3471.8	-0.001
GGAACA	110.0	4555.6	-0.001
GGACTT	114.0	4354.3	-0.001
TCATAG	95.0	3728.4	-0.001
AATCTC	92.0	3629.4	-0.001
AGCGAC	17.0	1037.9	-0.001
TTATGG	113.0	4330.3	-0.001
ACCTGA	100.0	3916.1	-0.001
CAGCGA	35.0	1634.7	-0.001
AGAATA	194.0	7013.0	-0.001
TCCCTG	166.0	6113.9	-0.001
GAATTT	204.0	8293.7	-0.001
ACGCCT	22.0	1388.1	-0.001
AGAACA	205.0	7402.1	-0.001
CTGCAG	175.0	7064.9	-0.001
TTCCAC	85.0	3985.7	-0.001
CAGCTC	124.0	4753.2	-0.001
TCCGCG	16.0	1302.3	-0.001
GGGTGT	134.0	5086.6	-0.001
CTCAAG	82.0	3749.5	-0.001
GCACCG	29.0	1568.1	-0.001
CCCTGG	170.0	6284.1	-0.001
GTGCGT	52.0	2278.1	-0.001
TCTCCG	38.0	1762.1	-0.001
GCTGGG	175.0	8471.5	-0.001
ATCCCT	94.0	3744.0	-0.001
GGGCCT	104.0	4099.4	-0.000
CTAGAA	122.0	4978.9	-0.000
CAATAT	113.0	4387.5	-0.000
TCCTGA	143.0	5713.5	-0.000
AAATCA	217.0	7865.3	-0.000
GCCACA	95.0	3802.7	-0.000
ACAAGG	99.0	4160.0	-0.000
CCAGGC	152.0	5738.3	-0.000
TCCTCC	133.0	5787.7	-0.000
GTTTCT	243.0	8729.8	-0.000
ACAAAG	194.0	7119.7	-0.000
TCACAA	115.0	4492.4	-0.000
AACATC	88.0	3917.8	-0.000
TACTCC	46.0	2095.9	-0.000
GCGGAG	77.0	3223.7	-0.000
GCAACC	41.0	2303.9	-0.000
GGAACC	62.0	3332.2	-0.000
GTGCCC	69.0	3272.2	-0.000
GGCTCC	94.0	4379.0	-0.000
GGATAC	43.0	2040.0	-0.000
ACAGGG	115.0	5031.2	-0.000
CAAACA	227.0	8365.0	-0.000
AAGATC	96.0	3929.7	-0.000
GAGATC	44.0	3254.5	-0.000
ATATGA	158.0	5978.8	-0.000
TCAGGA	150.0	5741.3	-0.000
CAGCTG	166.0	6276.7	-0.000
GCTCCA	93.0	3804.4	-0.000
CCTGGG	201.0	7438.1	-0.000
GCTCCC	77.0	3636.3	-0.000
TCCTCG	30.0	1529.1	-0.000
GTCCCA	45.0	3407.2	-0.000
ACCACG	23.0	1371.1	-0.000
GTGAGC	118.0	4687.8	-0.000
AGGGTC	80.0	3368.8	-0.000
TGTGCG	59.0	2640.2	-0.000
TCATAA	113.0	5272.3	-0.000
CCCGCA	20.0	1670.6	-0.000
CAGCGC	28.0	2124.6	-0.000
GCCTCG	42.0	2162.4	-0.000
TCTGGA	160.0	6127.5	-0.000
ATATCA	101.0	4451.3	-0.000
ATATGT	270.0	10128.6	-0.000
CCTAGG	71.0	3172.2	-0.000
GAGCTG	173.0	6649.7	-0.000
CTCTGG	172.0	6662.3	-0.000
ACTCCT	81.0	3509.3	-0.000
CAAAAT	239.0	8979.4	-0.000
CCGCTG	17.0	2327.2	-0.000
ACTTTC	118.0	4897.8	-0.000
AGATAT	152.0	5916.6	-0.000
CGCAGA	18.0	1789.5	-0.000
CTCAGA	141.0	6096.1	-0.000
GGCTTC	89.0	4714.9	-0.000
CTAGGG	51.0	2963.0	-0.000
CCTCCA	114.0	4704.7	-0.000
CCTCAA	81.0	3469.0	-0.000
TCTGCG	34.0	1747.8	-0.000
CGGGCT	53.0	2477.1	-0.000
CAAAGA	180.0	7270.7	-0.000
GGACGC	10.0	1762.1	-0.000
CTATGT	110.0	4657.4	-0.000
GGATTC	68.0	3109.9	-0.000
TTCCTC	158.0	6177.3	-0.000
GATATG	68.0	3674.9	-0.000
ATAAGG	72.0	3352.8	-0.000
TGCGAC	5.0	782.4	-0.000
GCTGCT	179.0	6933.3	-0.000
GAACTC	100.0	4738.7	-0.000
GGAACT	119.0	4893.4	-0.000
ATTAGG	69.0	3141.9	-0.000
GGAGGC	162.0	6375.2	-0.000
CCACGC	25.0	1820.0	-0.000
GATTCT	93.0	4292.7	-0.000
CTCAGC	132.0	5383.8	-0.000
CTGGGC	153.0	6113.2	-0.000
AGAAAT	319.0	11770.0	-0.000
GCTGCG	66.0	3086.2	-0.000
TGCCAC	82.0	3647.2	-0.000
GCCATC	85.0	3764.1	-0.000
GCCGCC	81.0	3619.9	-0.000
CTCGGG	54.0	2642.3	-0.000
GAATAT	136.0	5861.0	-0.000
CTGGAG	196.0	7844.2	-0.000
CTCGAG	22.0	1370.8	-0.000
GTGTGG	186.0	7327.1	-0.000
TATGGA	101.0	4387.1	-0.000
TCCAGG	147.0	5993.0	-0.000
GCCTCC	111.0	4884.4	-0.000
TGTGGG	192.0	7531.3	-0.000
AGCTGC	136.0	5613.0	-0.000
CAGGCT	141.0	5798.4	-0.000
CCGGAT	14.0	1032.0	-0.000
CCCAGG	151.0	6171.9	-0.000
GCTCCG	49.0	2572.5	-0.000
CCGAGC	44.0	2302.5	-0.000
CGCGCG	57.0	3372.0	-0.000
AATTTC	162.0	6842.9	-0.000
TCTCAG	143.0	6058.0	-0.000
GGACGT	15.0	1097.6	-0.000
TCCACG	23.0	1459.1	-0.000
CTGGGA	171.0	8198.0	-0.000
CGGGAC	33.0	2079.4	-0.000
TGGGAC	89.0	4018.2	-0.000
GGACCT	73.0	3462.9	-0.000
CGGCTG	24.0	2679.0	-0.000
GGGACT	91.0	4407.1	-0.000
AATATC	84.0	4839.4	-0.000
CAGGGT	117.0	5117.4	-0.000
TCTGGG	142.0	6552.5	-0.000
GCGCGG	62.0	3092.2	-0.000
ATAATA	214.0	9266.4	-0.000
ACTCAG	96.0	5352.9	-0.000
CCGCGC	46.0	2480.0	-0.000
CCTCCT	136.0	5868.9	-0.000
CTGGAC	77.0	3689.6	-0.000
TGCTCC	90.0	4154.6	-0.000
GTCTCA	73.0	3984.6	-0.000
CTCATA	64.0	3200.9	-0.000
TCCTGG	133.0	6744.5	-0.000
CTCCCA	103.0	4850.8	-0.000
AAATGA	322.0	12210.1	-0.000
CTACAA	57.0	3584.5	-0.000
CGCCTA	7.0	770.4	-0.000
GGTGTG	169.0	7048.2	-0.000
CTCCTG	139.0	6063.3	-0.000
ATATGG	89.0	4346.7	-0.000
TGCGCG	28.0	1813.8	-0.000
GGATAT	71.0	3613.3	-0.000
CTCCGC	18.0	2272.9	-0.000
TCCCAG	150.0	6512.1	-0.000
GCTGGA	124.0	6008.7	-0.000
CCGCGT	4.0	1029.2	-0.000
GGGCTG	161.0	7057.1	-0.000
TGTGTG	975.0	44243.9	-0.000
CGCTGC	45.0	2744.7	-0.000
GGCTGC	131.0	6130.0	-0.000
GCCGCA	16.0	1592.0	-0.000
GGGACC	51.0	3635.8	-0.000
GCTGCC	99.0	5508.0	-0.000
CGCCTC	30.0	2257.5	-0.000
GTGTGT	812.0	40388.7	-0.000
CGACGG	0.0	707.3	1.000
