OligoSequence	Target Occurences	Background Occurences	Enrichment(ln p, up to 2 mismatches)
GGGGGG	200.0	6953.5	-151.790
TGCATG	249.0	11875.5	-129.815
CGCATG	22.0	1237.1	-71.226
GCATGT	151.0	8756.2	-70.803
GCATGA	100.0	4263.6	-70.267
CGGGGG	33.0	1699.6	-56.691
AGCATG	109.0	6304.2	-53.472
GGGGCG	25.0	2667.9	-50.119
TGCACG	18.0	1476.2	-49.750
GCATGC	104.0	6227.8	-49.041
TGCCTG	133.0	9481.4	-46.630
GGGCGG	14.0	3015.5	-45.691
GCCTGT	93.0	5529.5	-44.688
CAGCAT	95.0	5814.9	-44.282
CTGTGC	103.0	6708.0	-43.075
GTGCAT	113.0	7922.0	-41.964
TGTGCC	96.0	6209.9	-41.651
GGGGGC	25.0	3613.5	-39.568
CGGGCG	38.0	1188.7	-38.771
GCATGG	70.0	4859.8	-38.395
GTGCCT	83.0	5312.6	-36.860
GGCGGG	28.0	3083.2	-35.460
GGCATG	43.0	4711.6	-30.673
GGGGGT	30.0	3861.7	-30.026
GCGGGG	18.0	2776.2	-30.019
ATGCAT	120.0	10678.2	-29.555
GGGGGA	48.0	4563.6	-29.293
AGGGGG	30.0	3647.6	-28.936
GCACGT	16.0	1195.1	-27.175
GCACGA	7.0	598.0	-27.015
CGGTGA	28.0	1042.2	-25.817
CCTGTG	90.0	7745.8	-24.642
CTGCAT	44.0	7035.6	-23.292
CCCCCC	60.0	6119.6	-23.247
TGTGCA	117.0	11451.7	-23.098
CATGCG	25.0	1262.5	-22.746
GAGGGG	52.0	4444.7	-22.729
GGAGGG	47.0	5520.0	-22.221
TGGGGG	40.0	6684.5	-21.683
AGAGCC	51.0	3590.5	-21.488
CATGTG	120.0	12349.2	-21.463
TGGATG	26.0	6250.0	-21.442
TATTGT	92.0	8658.9	-21.285
CCGGTG	26.0	1120.2	-20.980
GGGGTG	24.0	5337.8	-20.720
GTTGCA	49.0	3489.4	-20.176
TGCAGG	22.0	5874.7	-20.107
GGGGAG	45.0	5402.2	-19.766
GGGCGC	31.0	1595.2	-19.554
GGGAGG	40.0	6307.9	-19.471
GTGGGG	22.0	6360.5	-19.427
GAGCCC	44.0	2987.4	-19.116
CGGCAT	2.0	648.3	-19.034
GAGCAT	23.0	4511.2	-18.503
GCCTGA	15.0	3981.4	-18.071
TTGCAT	78.0	8431.3	-17.503
CATGTT	81.0	8016.0	-17.255
CATCGT	21.0	894.7	-17.074
GACTGT	11.0	4592.3	-17.045
TGGTCG	18.0	643.1	-17.031
GGTGGG	33.0	6359.8	-16.884
GCTTGT	24.0	5287.5	-16.682
CGAATG	4.0	785.1	-16.586
TGCAAG	37.0	4885.1	-16.427
TGCTTG	50.0	8045.5	-16.404
CCCGGT	21.0	935.1	-16.357
TAGAGC	39.0	2842.7	-16.025
TTGTGC	46.0	5531.3	-15.943
TGAATG	82.0	8805.8	-15.616
CGGTCG	1.0	326.8	-15.509
ACCCGG	22.0	1084.6	-15.501
GAATGC	49.0	4111.9	-15.464
TGCAGA	73.0	7265.9	-15.451
GACGGG	3.0	816.9	-15.423
ATGTGC	74.0	7440.1	-15.385
TGCATC	29.0	4679.1	-15.335
CCGACC	8.0	628.8	-15.289
CTGTCC	22.0	5373.8	-15.278
TGACTG	40.0	6084.3	-15.213
TCGCAT	3.0	529.4	-15.186
GGTCGC	18.0	747.0	-14.975
GCGCAT	13.0	1024.8	-14.867
ACCTTT	65.0	6281.5	-14.859
GGGCGA	20.0	943.1	-14.719
AACTGT	65.0	6332.0	-14.605
CAGTGC	37.0	4823.5	-14.457
ATGCCT	30.0	5992.2	-14.247
ACGTTT	10.0	1552.7	-14.066
GTGGTA	47.0	4048.1	-14.057
CGTGCC	1.0	1062.6	-13.976
TTGTAC	20.0	4136.8	-13.943
ATGCGC	7.0	959.3	-13.709
CAGTAT	50.0	4548.1	-13.638
ACCGAC	1.0	441.0	-13.550
ATCCGC	16.0	651.9	-13.505
GCGGGC	27.0	1801.5	-13.353
TCATCG	17.0	752.4	-13.302
CCGGGG	28.0	1926.3	-13.278
TTGCAC	33.0	3447.2	-13.204
CCCCGA	20.0	1048.8	-13.203
AATGCA	71.0	7439.6	-13.201
GTCGCA	14.0	500.9	-13.172
CATGTA	55.0	8413.6	-13.161
TCCATG	24.0	5468.7	-13.100
GCGCCT	3.0	1356.5	-13.091
CATGAC	28.0	3482.0	-13.066
CTCATC	39.0	3232.5	-13.050
CCGGCG	6.0	880.6	-12.956
GAATGG	33.0	4763.5	-12.909
GCGTGC	13.0	2004.6	-12.890
CGTTTT	28.0	1978.2	-12.796
ATGCGT	20.0	1082.9	-12.745
TTGTAT	94.0	10917.6	-12.562
ATGGCT	59.0	5976.0	-12.530
CTTGTG	33.0	6576.4	-12.505
GCTTGA	39.0	3313.3	-12.504
TCGCTT	18.0	905.1	-12.403
GGTTGC	36.0	2922.9	-12.396
AGTGCA	23.0	4593.5	-12.395
ACCGTT	8.0	611.8	-12.308
CCCTCC	57.0	5732.9	-12.195
CTCCCC	53.0	5115.7	-12.186
ATGCGG	16.0	739.2	-12.004
GCTTGC	23.0	4664.0	-11.926
GGGTGG	45.0	6020.0	-11.860
AAAAAA	361.0	53566.1	-11.845
CGCCCC	10.0	2010.3	-11.780
TACATG	60.0	8041.4	-11.591
TGCATA	32.0	8242.0	-11.480
GTGCAC	19.0	4505.8	-11.453
TCTCCC	51.0	5113.4	-11.435
CCTCCC	49.0	6641.0	-11.395
ACAGCA	58.0	6092.8	-11.280
TTGCAG	57.0	5938.6	-11.252
GACCTT	41.0	3811.5	-11.189
CCTACC	21.0	2479.1	-11.151
ACCTGT	23.0	5134.2	-11.035
TTTGTG	114.0	14527.6	-10.980
TTTGCA	83.0	9773.7	-10.943
CGTGCA	9.0	1626.0	-10.931
GCGACC	15.0	714.4	-10.907
ATTGTG	66.0	7339.1	-10.902
GAATGA	34.0	5954.5	-10.679
CATGGT	55.0	5756.9	-10.649
ATAAGC	37.0	3342.6	-10.569
CTGACC	38.0	3489.4	-10.550
CATGTC	28.0	4330.8	-10.541
CATGCA	76.0	8827.9	-10.523
AGTATT	60.0	6603.9	-10.514
ATACGC	2.0	366.3	-10.512
CGCGAC	11.0	388.0	-10.366
GACAGT	42.0	4129.0	-10.267
GACCCG	17.0	966.7	-10.258
AGACAT	57.0	6181.7	-10.221
AGCCCC	39.0	3699.9	-10.185
ATTTGC	61.0	6869.3	-10.125
CTAGAT	34.0	2996.6	-10.099
TGTCAG	52.0	5570.3	-10.065
GCCCGT	5.0	740.5	-10.051
AGTGCC	34.0	3397.2	-9.931
ATCGTT	15.0	783.3	-9.931
GTGGAC	29.0	2480.6	-9.875
CTCGCT	19.0	1223.9	-9.863
CCCCTA	28.0	2355.0	-9.812
TGTACC	19.0	3572.5	-9.808
CAAATT	63.0	7127.6	-9.795
CATGAA	64.0	7318.7	-9.717
CTGTAC	39.0	3809.9	-9.603
ATGCAG	49.0	6540.7	-9.545
GTATGC	32.0	4406.9	-9.540
GGGTAA	30.0	2676.6	-9.487
AATGTA	80.0	9879.0	-9.479
GGATGC	14.0	3561.2	-9.468
CGCCTG	5.0	1716.0	-9.455
CATGAG	43.0	4972.9	-9.447
CCCCCT	40.0	3991.1	-9.442
AGCGCC	9.0	1024.9	-9.442
GGATGT	14.0	4453.7	-9.439
CCCTAC	26.0	2148.3	-9.390
CATGGG	23.0	4569.4	-9.320
AGCAAG	21.0	5355.4	-9.245
TCGTTT	22.0	1653.4	-9.232
AGACCT	38.0	3735.6	-9.216
TGGGTG	61.0	7133.8	-9.159
TGCATT	45.0	9269.3	-9.103
GCAAGT	24.0	3701.7	-9.088
CGCCGG	16.0	966.4	-9.001
ACCAAG	39.0	3929.2	-9.000
GATGCA	27.0	4300.2	-8.933
GTGGCA	12.0	4282.4	-8.915
TCGCTC	15.0	866.3	-8.893
GTGCAA	31.0	3462.1	-8.874
GCCTTT	45.0	6750.3	-8.860
TTTGTA	95.0	12394.7	-8.834
GACTGA	38.0	3817.8	-8.805
GTCGGG	16.0	990.7	-8.737
TGTGCT	59.0	9182.0	-8.708
ACAGTG	54.0	6074.5	-8.704
GCCGGT	5.0	753.8	-8.697
ATGCAC	41.0	5345.2	-8.588
TGTGGC	28.0	5779.6	-8.570
TGATGT	65.0	7831.9	-8.568
GTATTG	41.0	4331.9	-8.559
ATTGTA	42.0	6837.9	-8.552
TAATGC	18.0	4043.3	-8.523
TAGCAT	37.0	5406.6	-8.505
CCCGTG	2.0	1389.0	-8.493
ACCAAC	28.0	2560.6	-8.486
AAACAG	62.0	7334.1	-8.476
ACATGA	23.0	6200.2	-8.460
CCCCTC	35.0	4410.8	-8.430
GCCAGT	20.0	3483.3	-8.414
GCTAAT	35.0	3446.0	-8.409
CGGGTG	3.0	1477.6	-8.405
CCGTTC	4.0	681.0	-8.380
TCCCCC	23.0	4456.5	-8.375
GCAAGA	17.0	4142.2	-8.356
TCGCAG	15.0	914.3	-8.346
GGTGCA	35.0	3467.6	-8.299
TATGCA	68.0	8460.1	-8.277
ATTGCA	46.0	5472.4	-8.272
ACTGTA	39.0	5899.4	-8.271
CGGTGC	2.0	1202.5	-8.237
TAGACA	42.0	4570.1	-8.207
CCGAGG	19.0	1402.2	-8.206
GTACCT	14.0	2868.7	-8.202
TTGTGG	55.0	6384.8	-8.193
GACGCG	2.0	525.6	-8.165
CTGTTC	47.0	5326.1	-8.146
ACTTTT	88.0	11507.4	-8.131
CATGAT	40.0	5260.9	-8.127
CCCGAC	1.0	730.0	-8.105
GTCGTA	4.0	345.2	-8.098
TTCCTT	95.0	12709.0	-8.072
AGACGT	6.0	866.1	-8.063
CAGAGC	45.0	4934.3	-8.029
AGCACG	4.0	1133.0	-8.018
ATCTGC	13.0	4429.7	-8.003
GTAATG	18.0	4308.4	-7.905
AGAATG	54.0	7452.6	-7.899
TGTAAA	82.0	10640.9	-7.892
CTTGCA	25.0	5294.1	-7.885
CACGTG	12.0	2136.4	-7.857
GGACAA	33.0	3269.6	-7.793
ATGCAA	32.0	6494.4	-7.768
TGTCCC	16.0	4446.4	-7.751
GTTGTA	40.0	4724.3	-7.740
ACGGCA	2.0	718.6	-7.723
GCGCGA	11.0	541.4	-7.714
AATTAT	77.0	9966.5	-7.677
CCTTCC	52.0	6446.6	-7.676
TCTGCA	40.0	7164.9	-7.660
CCGACG	2.0	287.2	-7.650
CCAGTG	21.0	5008.3	-7.628
TGCACT	41.0	4553.3	-7.615
GAACTG	44.0	4891.4	-7.561
CTTAAG	37.0	3932.3	-7.560
GCATCG	3.0	835.5	-7.557
GTGGTC	28.0	2724.1	-7.553
CACCTT	38.0	4093.2	-7.542
TACCTG	33.0	4338.1	-7.523
CTCTCC	48.0	5567.2	-7.503
TTGTGT	105.0	14601.4	-7.483
CCCGAG	19.0	1495.2	-7.472
AGATGA	54.0	6432.4	-7.452
ACTGCA	45.0	5083.8	-7.452
GTAGTA	16.0	3521.1	-7.451
CAGACC	30.0	3041.3	-7.438
CCTACA	30.0	3045.6	-7.417
ACTCCG	12.0	670.2	-7.383
TGCCGG	1.0	1041.3	-7.379
CTAATG	38.0	4132.9	-7.378
GTTCTA	37.0	3981.7	-7.347
ATGTAG	39.0	5991.1	-7.332
ACATGC	52.0	6312.1	-7.278
CACGAA	7.0	744.0	-7.257
AAGCAT	41.0	6603.1	-7.247
CGAGCC	15.0	1029.8	-7.196
ACGCAT	7.0	887.3	-7.196
ATGACA	48.0	5663.7	-7.166
TATGCC	10.0	3552.6	-7.145
TGCCAG	28.0	5283.4	-7.136
TGCGCA	4.0	1618.8	-7.101
GGGGTC	26.0	2518.2	-7.095
GCTAGG	28.0	2818.4	-7.063
AGGATG	27.0	5199.2	-7.061
CATCCG	13.0	810.9	-7.052
ACTGTT	53.0	6386.7	-7.039
ACTCGT	11.0	594.7	-7.006
CCCGCC	9.0	2328.2	-6.951
TAATGT	59.0	7983.4	-6.938
TGCCCG	1.0	1353.1	-6.933
AAAAAT	143.0	21290.8	-6.930
ACGCGT	2.0	321.2	-6.900
TAGTGT	21.0	5516.8	-6.864
ATGAGT	50.0	6106.2	-6.828
TATCTG	50.0	6112.1	-6.811
GGTAAA	38.0	4277.8	-6.793
CTCCGG	17.0	1327.0	-6.788
CGTCAG	1.0	681.1	-6.783
GCGTTT	16.0	1205.7	-6.751
TACTGT	49.0	5963.6	-6.735
GTATCA	30.0	3192.9	-6.714
CCCTTC	39.0	4460.8	-6.710
ACTGTG	42.0	7472.8	-6.707
GCATCA	13.0	3826.9	-6.692
ATCGCT	3.0	665.5	-6.676
ATCTAG	28.0	2898.9	-6.666
TGTAGA	55.0	7075.4	-6.660
CATTAC	30.0	3205.3	-6.657
TGGCAT	48.0	5829.9	-6.611
TAAGCG	10.0	521.4	-6.607
GCTCGC	16.0	1223.6	-6.606
ACAGAC	39.0	4490.0	-6.599
ATCAAA	52.0	6543.7	-6.553
CTCGCG	11.0	633.4	-6.548
ATCCGT	3.0	686.8	-6.526
AGCTAG	30.0	3239.6	-6.504
CTTTGC	32.0	6368.5	-6.495
GAATGT	54.0	7047.4	-6.494
CCTGTT	26.0	6294.7	-6.484
TGTTCT	77.0	10453.2	-6.481
CAGTTC	37.0	4196.6	-6.479
TAAACT	50.0	6222.6	-6.465
TGTACA	49.0	7689.8	-6.446
ATCTAC	28.0	2945.1	-6.446
GTGTAA	31.0	5237.6	-6.442
CACCCC	33.0	3571.8	-6.418
AGCCTG	21.0	5929.2	-6.397
GTGCTT	41.0	6532.2	-6.390
AGTATC	27.0	2816.4	-6.339
AGTGAT	41.0	4895.5	-6.334
CATGCC	39.0	4566.0	-6.322
CGCACG	4.0	745.9	-6.273
CTGCCT	77.0	10550.3	-6.262
CCTGTA	41.0	4922.5	-6.240
GCCTGC	42.0	5878.5	-6.237
TATTGC	37.0	4266.0	-6.214
CTCCCT	48.0	5960.1	-6.201
GATGCG	11.0	665.9	-6.190
TGGTAC	27.0	2851.2	-6.175
TATAGC	16.0	3715.7	-6.168
GTCAGT	35.0	3953.3	-6.168
TGACCC	29.0	3161.7	-6.164
TTGCGT	5.0	916.3	-6.158
TGAGCC	17.0	4809.7	-6.156
GTGCTA	26.0	3722.1	-6.155
TTCATG	59.0	8023.4	-6.147
GCGAGC	15.0	1158.6	-6.118
AACAGC	35.0	3969.9	-6.108
TAATGG	38.0	4461.0	-6.106
ATGTTT	103.0	14897.5	-6.099
TGCCTC	23.0	7488.0	-6.064
CTTGTA	34.0	5456.1	-6.063
GTGAAT	39.0	5668.3	-6.057
TCGGTG	3.0	1122.1	-6.037
TTAAAC	48.0	6024.1	-6.007
ATGGAT	17.0	6084.1	-6.002
AACGAA	13.0	922.6	-5.989
GTGTAG	41.0	4999.2	-5.980
CGCGGG	5.0	1223.4	-5.972
CGTTTA	3.0	951.9	-5.966
GCACGC	11.0	1350.4	-5.962
TTCCTG	28.0	9230.1	-5.961
TGCAAA	45.0	8307.7	-5.958
AGACTT	46.0	5702.1	-5.926
CCGCAT	4.0	686.0	-5.911
TAAACA	60.0	8043.9	-5.903
ATGGTT	49.0	6238.7	-5.894
AGGCGG	17.0	1457.1	-5.872
AGCTCT	41.0	5035.4	-5.862
TACTCT	35.0	4048.1	-5.812
TACCTT	29.0	4760.5	-5.789
GCGTTA	9.0	481.3	-5.782
CATGCT	34.0	6356.0	-5.780
TAGTAT	40.0	4897.8	-5.761
CGACCC	11.0	708.1	-5.746
CACCAT	35.0	5058.1	-5.728
GCATAT	36.0	6366.0	-5.713
GTGGCT	19.0	5476.1	-5.712
CAGGAT	15.0	4274.1	-5.707
TCTAGA	38.0	4582.1	-5.684
AGCATC	19.0	4502.6	-5.674
GCAGAG	48.0	6140.3	-5.670
TGGCTG	39.0	7817.2	-5.663
CAAGAA	49.0	6329.9	-5.635
CTCACC	21.0	3060.4	-5.634
GGGCGT	5.0	1290.0	-5.617
ATGATG	52.0	6880.6	-5.601
GGGTCG	12.0	849.5	-5.563
GCATCT	29.0	4993.7	-5.553
AAATTA	84.0	12092.9	-5.536
ACGGGC	11.0	730.3	-5.533
CTAGTT	33.0	3797.8	-5.533
CAGTGA	47.0	6012.2	-5.529
ATCAGT	35.0	4129.4	-5.524
GTCTAA	25.0	2689.4	-5.520
GGCGAG	15.0	1242.6	-5.507
ACTGAC	29.0	3320.9	-5.507
CGGCTT	14.0	1110.2	-5.503
TAACGA	10.0	618.7	-5.490
GCAAGC	21.0	3614.5	-5.466
TTATTG	64.0	8792.0	-5.458
CCTTTA	49.0	6394.5	-5.457
ATATGC	49.0	6396.7	-5.451
AACGTT	4.0	1058.0	-5.423
GTAGAT	14.0	3933.4	-5.409
CACTCC	14.0	2923.7	-5.397
CCTAGA	28.0	3189.9	-5.393
CATGGA	34.0	5322.7	-5.385
TAAGCA	34.0	5244.4	-5.383
GCATTT	50.0	9236.2	-5.372
CCGTCG	2.0	334.5	-5.370
GTAGCA	18.0	3339.9	-5.364
TAGACC	11.0	2743.0	-5.358
GGATGA	19.0	3857.3	-5.351
TAGATG	40.0	5027.0	-5.349
GATGGG	24.0	4068.8	-5.334
GCACTT	34.0	4020.7	-5.326
TCGCAC	4.0	511.8	-5.296
TGCCTT	56.0	8097.0	-5.293
AGGGGC	29.0	3377.9	-5.286
TGGGCG	5.0	1573.8	-5.279
CCTGCC	52.0	7012.7	-5.259
CAACAT	37.0	4544.6	-5.257
TTGCTA	47.0	6116.6	-5.241
CTGCAC	35.0	4213.2	-5.237
GAACGG	8.0	693.4	-5.234
CCATGT	26.0	6617.7	-5.229
TTTGCC	33.0	6231.5	-5.219
TCTGCC	30.0	6852.6	-5.218
TCGTGA	12.0	891.5	-5.210
AGCTTG	31.0	4576.8	-5.205
GCAGGC	1.0	4301.4	-5.199
CCCCAC	34.0	4059.8	-5.193
TTGTAA	60.0	8342.4	-5.190
AGCATT	39.0	6988.5	-5.181
GTAATC	22.0	2305.8	-5.180
CCGATG	10.0	649.6	-5.179
TCTACC	20.0	3024.3	-5.177
TCAGCA	41.0	5259.9	-5.172
GCGCTT	7.0	963.3	-5.157
GCCCAT	26.0	2932.5	-5.150
GACCAA	27.0	3095.2	-5.136
CAACGA	9.0	537.7	-5.134
CTTTGG	50.0	6699.4	-5.129
CCCACC	36.0	4428.8	-5.085
CGACCT	5.0	637.0	-5.084
AGCCCA	34.0	4094.5	-5.073
TGTTAG	42.0	5475.9	-5.055
TCATGT	55.0	8038.4	-5.051
AACAGT	31.0	5048.9	-5.041
ACATGT	51.0	9671.9	-5.038
ATGACT	27.0	5674.1	-5.030
CCTTAC	10.0	2746.5	-5.026
AGAAAG	78.0	11352.2	-5.023
TCGGGG	15.0	1319.9	-5.002
TTTTGC	52.0	9807.6	-4.994
ACATTT	89.0	13219.2	-4.984
CCTGTC	24.0	4848.3	-4.967
CTTTTG	73.0	10586.6	-4.956
GTTTTG	106.0	16232.5	-4.955
GTGCCA	34.0	4131.9	-4.952
TATCGT	1.0	602.8	-4.948
GCAGGT	11.0	3995.9	-4.940
CGTGAG	13.0	1061.8	-4.914
CGGACG	2.0	383.2	-4.906
CCGTGC	2.0	1230.2	-4.900
TAACTG	29.0	4729.1	-4.897
GTGGAA	24.0	5000.9	-4.897
CCCATA	27.0	3158.3	-4.893
CACGTT	4.0	1054.3	-4.886
ACGTGA	14.0	1201.3	-4.882
GATTGC	13.0	3300.3	-4.878
CGTAGA	9.0	563.1	-4.863
TTCCGT	13.0	1072.2	-4.837
AAAATC	59.0	8311.0	-4.836
ATCTGT	56.0	7746.8	-4.831
TATCAG	33.0	4001.8	-4.827
CTGACA	22.0	4523.4	-4.813
GATGAC	27.0	3181.0	-4.808
CGTGTT	11.0	1406.2	-4.793
GGTCGG	10.0	691.6	-4.790
CCTTTG	34.0	7284.3	-4.778
AATTGT	36.0	7832.8	-4.771
CTCGCC	6.0	1129.5	-4.750
AAGAAC	42.0	5585.8	-4.749
TAGTGC	12.0	2785.5	-4.747
TGTTCG	12.0	953.2	-4.741
CGCGTC	8.0	461.0	-4.735
GTTAGA	30.0	3698.6	-4.721
CCGTCC	8.0	821.9	-4.717
CTAGTG	17.0	3031.3	-4.715
CCTTTC	38.0	6713.5	-4.705
ATCATG	20.0	5653.5	-4.693
AGGAAG	54.0	7432.2	-4.693
ACGTGC	3.0	1197.4	-4.684
TTCACT	42.0	5610.7	-4.684
TGGTAA	37.0	4732.7	-4.679
CTAGAG	31.0	3712.8	-4.676
TGTGGA	49.0	6700.9	-4.674
AGGCAT	20.0	4941.0	-4.673
CCTTTT	70.0	10140.7	-4.669
ACAAGC	14.0	3307.6	-4.668
CTTCCT	66.0	9550.5	-4.667
GTTAGG	24.0	2736.2	-4.666
ACGGGG	3.0	930.1	-4.654
GTTCGT	11.0	834.3	-4.650
CTATTG	17.0	3949.3	-4.635
CGTGTG	28.0	3396.0	-4.624
GAAATA	59.0	8417.0	-4.610
TGCGTG	20.0	3005.2	-4.609
CCAATA	26.0	3073.5	-4.607
CACAAC	26.0	3074.2	-4.603
CTACCT	29.0	3567.8	-4.603
GCCTCT	12.0	6237.5	-4.599
GAGACT	33.0	4074.7	-4.592
TGATTG	41.0	5468.8	-4.587
GTTGTG	40.0	6182.2	-4.579
CCCATG	34.0	4259.4	-4.549
TTTCAC	41.0	5483.3	-4.547
GAGGCG	15.0	1396.6	-4.545
TGCTAG	21.0	4135.7	-4.536
CTCTAC	10.0	2852.2	-4.533
ACGGTT	3.0	637.6	-4.532
TGTTCC	21.0	5307.1	-4.515
GACAAG	29.0	3595.3	-4.509
GGTGAG	33.0	4103.4	-4.505
GCAGGA	36.0	4619.5	-4.503
GCACCT	26.0	3102.5	-4.502
GACATA	31.0	3767.0	-4.498
CGCTCC	9.0	1145.1	-4.493
CACTGC	35.0	4451.4	-4.489
ATTATC	34.0	4283.0	-4.480
CATCAT	21.0	5275.7	-4.476
CACGAC	3.0	505.0	-4.470
AGAACG	3.0	1012.4	-4.470
TGTACT	31.0	5628.0	-4.457
ACAAAT	57.0	8107.5	-4.457
AATCCG	5.0	646.6	-4.454
AGACCC	4.0	2972.1	-4.452
GTGCCG	3.0	900.8	-4.440
GCTAGT	22.0	2480.4	-4.424
TGTGGT	62.0	8896.5	-4.418
ATCGTA	1.0	514.0	-4.415
CAAGAT	30.0	4417.0	-4.407
GCACGG	2.0	1091.5	-4.388
GACTTT	48.0	6637.7	-4.386
GTGTTT	89.0	13598.7	-4.365
ACTAGT	21.0	2343.4	-4.339
ACTGAA	49.0	6844.7	-4.335
CCACAA	29.0	3650.4	-4.329
ACTATT	23.0	5390.3	-4.321
CTAGTA	22.0	2507.0	-4.317
GCATAC	18.0	3090.0	-4.304
CTACTG	31.0	3828.8	-4.303
TTAAGA	53.0	7423.2	-4.298
CCATAA	31.0	3831.8	-4.293
TGTTCA	28.0	7480.9	-4.292
CAAGTT	24.0	5022.1	-4.285
CGGTGG	3.0	1486.5	-4.276
ACGAAT	2.0	701.9	-4.266
ACAAGA	38.0	5059.1	-4.259
ATGAAG	39.0	7152.7	-4.256
CTCCCG	12.0	1623.8	-4.254
TGTATC	32.0	5509.8	-4.253
ACAGTT	29.0	5906.4	-4.247
GAGCCT	29.0	3680.7	-4.236
AGCGAC	9.0	632.7	-4.233
ATGTAA	65.0	9581.6	-4.230
CGCTCG	9.0	633.2	-4.224
CGAGCG	1.0	668.4	-4.218
GTAATA	35.0	4546.5	-4.217
AATGGT	20.0	5136.1	-4.216
TTGTAG	35.0	6026.1	-4.216
CAGCGT	2.0	1085.8	-4.209
GTAAAT	53.0	7467.1	-4.202
TGAAAT	74.0	11205.8	-4.201
AAAAAC	51.0	11810.6	-4.201
TAATTC	39.0	5262.1	-4.192
TGCACC	24.0	3431.4	-4.191
GTACAT	38.0	5661.3	-4.186
GTGCAG	21.0	5248.8	-4.183
CAGACG	11.0	899.3	-4.180
CCTGCA	35.0	5880.1	-4.177
GTCCCT	13.0	3808.9	-4.144
TCTCGC	7.0	814.4	-4.138
GTATAA	17.0	5039.1	-4.132
ATATTG	47.0	6564.0	-4.132
TGCTAA	40.0	5466.3	-4.131
CGGTTC	8.0	706.8	-4.130
GGCTTA	24.0	2880.5	-4.129
TGTAAC	29.0	4586.3	-4.118
AAGAAA	116.0	18650.7	-4.102
TCGTGT	13.0	1277.4	-4.099
AAAGCA	52.0	9294.5	-4.080
ATGTTC	36.0	6063.5	-4.078
TCCCTT	40.0	6230.3	-4.076
TTGCAA	39.0	6204.5	-4.075
CTTTAC	23.0	4453.8	-4.068
TGCACA	45.0	8059.2	-4.062
CGAGGG	12.0	1055.6	-4.060
TGACAG	37.0	5162.8	-4.059
CAATGC	27.0	3399.0	-4.058
GTTTAA	47.0	6598.1	-4.053
TCAGTC	28.0	3569.3	-4.052
AGTTTT	83.0	12749.2	-4.046
ATGTTG	54.0	7734.9	-4.043
AAGCGC	10.0	785.0	-4.042
GGCCTA	18.0	1946.0	-4.041
ATGTAC	33.0	5654.9	-4.038
TGCCGA	3.0	732.3	-4.025
CGTGGT	7.0	1310.7	-4.022
GGGTGA	9.0	3381.9	-4.021
ATATAG	39.0	5330.1	-4.021
CTTTTC	66.0	9897.8	-4.018
AATGCG	9.0	676.9	-4.017
TACAGC	26.0	3244.8	-4.015
AAGACT	38.0	5153.6	-4.015
CCGCCC	4.0	2337.0	-4.014
CCGACA	3.0	542.3	-4.014
ACGCCG	4.0	416.5	-4.012
AGTAAT	40.0	5515.4	-4.010
ACTGTC	22.0	3776.1	-4.006
CGATTA	7.0	414.1	-4.003
GCTCTC	28.0	3586.4	-4.000
ATAAAC	44.0	6067.0	-4.000
AGTATG	23.0	5037.4	-3.971
TCTGTT	71.0	10731.8	-3.971
TGACTC	30.0	3938.6	-3.970
CACCGA	2.0	789.5	-3.964
GTAATT	45.0	6267.7	-3.963
AGTGTT	45.0	7747.3	-3.961
GCCTGG	18.0	5980.3	-3.957
ATAGAC	26.0	3263.6	-3.955
AAGGGG	31.0	3947.7	-3.945
CTTTCC	52.0	7599.8	-3.930
CGCTTG	8.0	896.8	-3.928
GGAATG	30.0	4799.7	-3.925
AAGATG	49.0	7040.8	-3.909
CGCTTT	9.0	1113.4	-3.898
AAGCTC	26.0	3282.6	-3.892
CTGAAA	56.0	8196.1	-3.891
AGTGGA	33.0	4316.9	-3.887
ACCCCC	22.0	2815.3	-3.881
CGTGCG	2.0	1132.1	-3.874
TGTAAT	57.0	8399.1	-3.874
AACTGC	19.0	4188.9	-3.856
CAAGTG	37.0	5037.8	-3.854
TTCGCT	10.0	812.2	-3.850
AATGTT	73.0	11216.3	-3.845
CTTCGG	5.0	1020.6	-3.840
ATCGGT	5.0	487.8	-3.840
ATGGCG	4.0	1030.4	-3.835
TGCCTA	9.0	4266.3	-3.833
ATGCTT	36.0	8232.6	-3.832
CTCGCA	1.0	809.7	-3.832
TATCCG	4.0	435.3	-3.829
CTGAAT	41.0	5775.0	-3.828
TGAAAG	34.0	7648.5	-3.826
GGAACT	36.0	4872.9	-3.821
AAACCG	4.0	848.1	-3.816
ACTAAT	30.0	3994.5	-3.811
AACGGA	9.0	686.0	-3.807
CTGTGG	37.0	7392.3	-3.804
GTATCG	2.0	365.5	-3.801
TAACGG	1.0	452.6	-3.798
CCCTAG	21.0	2483.7	-3.798
TTTAAC	40.0	6195.0	-3.785
GTAGAA	36.0	4892.7	-3.771
ACCGAT	7.0	438.6	-3.770
ACTCCC	15.0	2796.0	-3.758
TACTCG	7.0	440.3	-3.751
TAAGAT	39.0	5447.5	-3.739
GCCGAT	4.0	418.0	-3.738
AAGACA	32.0	7791.2	-3.736
AGCGTT	11.0	968.6	-3.735
CCCCCA	24.0	4882.1	-3.731
AGCATA	29.0	4567.6	-3.726
TTTTTT	469.0	83100.9	-3.720
CCTTCA	25.0	4840.7	-3.718
GTACGG	7.0	444.1	-3.713
TGTCAC	20.0	4444.1	-3.706
ACTGGT	28.0	3686.6	-3.702
CCATCG	9.0	699.5	-3.702
ATTATA	58.0	8689.7	-3.699
GACTCT	28.0	3688.4	-3.696
ACACCG	9.0	700.0	-3.695
CAGGGG	12.0	3918.1	-3.692
TTAAGC	16.0	3215.0	-3.679
CCATGG	34.0	4571.2	-3.678
GATAAA	44.0	6213.0	-3.675
TCGGTT	8.0	959.3	-3.669
GACACT	27.0	3525.6	-3.669
GAGTAA	27.0	3526.4	-3.665
TCGTAC	6.0	331.6	-3.662
ATCAGC	16.0	2948.6	-3.659
TAGCGC	7.0	452.0	-3.646
CCATAG	15.0	2964.3	-3.646
ATCCCT	30.0	4057.0	-3.641
GGCTTT	44.0	6230.0	-3.640
AACGGT	3.0	581.4	-3.635
GCCTAT	20.0	2702.4	-3.629
ATGGTG	28.0	6362.3	-3.626
TGTACG	9.0	992.1	-3.624
CCCCCG	5.0	1464.6	-3.624
CACCAA	27.0	3541.5	-3.623
GCGGAC	2.0	609.1	-3.615
CCGGCC	13.0	1279.9	-3.614
CTAAAC	25.0	3204.1	-3.611
TTCTAC	33.0	4423.9	-3.603
TTGAAC	38.0	5325.3	-3.599
CAGAAT	39.0	6369.9	-3.593
AAATTG	57.0	8555.4	-3.587
CTGGCA	36.0	4968.4	-3.584
AAGAAT	45.0	8832.1	-3.583
AAGTGT	49.0	7206.6	-3.573
GGACGG	1.0	848.4	-3.568
TGGCTT	51.0	7595.4	-3.563
CTCTTC	29.0	6356.9	-3.551
CTCGTC	1.0	598.7	-3.542
CTGTTA	40.0	5718.9	-3.539
CAGTCC	24.0	3059.0	-3.532
GCAAAC	28.0	3747.9	-3.528
ATAATC	7.0	3836.8	-3.527
TAAAAA	127.0	21034.6	-3.523
ACGAAG	6.0	793.7	-3.522
TTCTAG	40.0	5728.7	-3.517
GCCCCC	24.0	3069.2	-3.503
GATGTG	41.0	5926.4	-3.491
TGTTGT	58.0	13739.9	-3.487
CTAATC	18.0	2083.1	-3.485
AATCCC	27.0	3592.4	-3.477
TGGTCT	36.0	5013.9	-3.476
GCATTA	16.0	3767.1	-3.475
GTATTA	33.0	4473.8	-3.475
GGTAAT	23.0	2910.4	-3.473
GTGTTA	23.0	4894.4	-3.473
CATGGC	32.0	4298.6	-3.468
GCATAA	10.0	3746.0	-3.465
AAACAA	72.0	15404.3	-3.463
GTGGAT	30.0	4124.2	-3.460
GGCACC	19.0	2253.8	-3.454
CCAAGC	24.0	3085.8	-3.453
GACCCC	9.0	2235.0	-3.449
AAAGAA	110.0	18044.8	-3.448
GGGGTA	14.0	2351.7	-3.432
TTAATG	49.0	7956.4	-3.429
TGGCGC	12.0	1167.4	-3.426
GATGTA	21.0	4246.4	-3.425
TCACTT	41.0	5960.1	-3.418
TCAGTT	44.0	6346.1	-3.396
CTACCG	2.0	498.2	-3.392
GAAAGG	40.0	5787.7	-3.391
GGCACG	10.0	884.4	-3.390
GTAACT	18.0	4000.8	-3.383
CGACCA	7.0	481.3	-3.379
GGCGTG	2.0	1712.7	-3.376
GTAGCT	29.0	3980.4	-3.374
TTGTCC	30.0	4158.7	-3.371
TTTGTC	53.0	7894.3	-3.370
GGCGCC	13.0	1328.1	-3.369
CTACAC	13.0	2784.4	-3.367
TGTAAG	27.0	6416.1	-3.364
CGTCGT	2.0	301.1	-3.359
ATAGCA	21.0	5297.2	-3.358
GGATGG	31.0	4614.0	-3.358
CCTGAG	9.0	5646.6	-3.357
ATGGGT	29.0	4755.9	-3.352
TTCGGC	7.0	689.0	-3.347
ACCTGA	29.0	3991.2	-3.346
GCTAGA	13.0	2892.4	-3.343
TGGTAT	16.0	5676.4	-3.339
CACTGA	39.0	5628.6	-3.333
AATGCC	15.0	4237.0	-3.327
TCCCTG	27.0	6574.9	-3.325
CTATGC	15.0	3283.0	-3.320
GCATTG	16.0	4791.1	-3.316
AGCCTA	22.0	2793.9	-3.311
CCTTCT	46.0	6771.2	-3.305
TCCCTC	36.0	5089.9	-3.302
GAAGGG	32.0	4365.5	-3.301
GGAGCT	30.0	4190.8	-3.292
TTTTTA	159.0	27032.6	-3.292
TAGGTG	26.0	3487.4	-3.286
TATTCC	32.0	4372.0	-3.286
CCAAGA	33.0	4553.0	-3.283
CGACTG	9.0	762.7	-3.276
ACCAAT	14.0	3259.3	-3.276
TTCGTG	13.0	1349.4	-3.274
GCATAG	17.0	3260.1	-3.264
TTGCCT	31.0	7480.3	-3.263
TCGTAT	2.0	688.4	-3.259
GATGAA	29.0	5641.5	-3.257
CCTTAA	32.0	4384.4	-3.255
GGTCAG	25.0	3325.3	-3.255
CTCGTA	7.0	496.0	-3.254
CACTTA	31.0	4206.2	-3.251
CAGACA	42.0	6234.4	-3.241
TCCACC	25.0	3330.2	-3.240
AGCTGT	21.0	6744.9	-3.239
TCCTAC	21.0	2648.8	-3.238
AGTGGT	29.0	4436.8	-3.233
CCCATC	12.0	3106.7	-3.231
CGTCTA	7.0	500.5	-3.221
GAGCAC	25.0	3340.7	-3.211
ACCTTC	27.0	3692.7	-3.206
GTCGAC	5.0	258.3	-3.204
ACCCCT	13.0	2861.0	-3.203
CGCCGA	6.0	414.5	-3.197
AACAAA	75.0	15122.1	-3.193
TACCCA	26.0	3522.5	-3.190
CGTTCT	2.0	1047.5	-3.183
ATGACG	1.0	707.7	-3.177
GGCTGT	40.0	5891.4	-3.173
TTTAAA	149.0	25364.2	-3.167
CCTTAG	25.0	3357.1	-3.165
ACCTTA	24.0	3184.6	-3.165
AATAAC	35.0	4968.2	-3.164
TTTTTC	110.0	18308.9	-3.156
TCCGTT	5.0	849.2	-3.153
GATGTT	42.0	6280.4	-3.151
CGGGGA	14.0	1578.0	-3.145
CAGTAC	15.0	2823.1	-3.141
GATGAG	28.0	3895.9	-3.140
CTGTGA	29.0	7681.9	-3.137
TCTACT	30.0	4254.1	-3.136
AATGTG	42.0	9448.5	-3.134
TCCCAC	22.0	3642.7	-3.132
CGACAA	4.0	498.7	-3.128
TACGGG	7.0	512.7	-3.126
AAAAAG	69.0	13780.3	-3.125
GGCGCA	11.0	1078.9	-3.122
CTTCCC	22.0	5740.3	-3.122
GCTTAA	18.0	3418.3	-3.111
AAAGTA	32.0	8345.2	-3.107
AAAGGC	36.0	5182.2	-3.100
GTTCCT	26.0	5150.3	-3.099
CTTTTT	114.0	19061.4	-3.099
GCTGCA	21.0	5416.3	-3.098
GGGAGT	26.0	3560.9	-3.091
TTAGCA	23.0	5156.9	-3.091
CGCATC	1.0	732.2	-3.090
CACCGT	9.0	828.4	-3.088
CGGCCT	11.0	1085.3	-3.087
CGCTGA	11.0	1085.2	-3.087
AAATGC	49.0	8506.4	-3.087
TCTGTG	76.0	12155.9	-3.080
TAGTGG	25.0	3389.1	-3.078
CGGTAA	2.0	532.7	-3.073
GCGTCG	6.0	390.2	-3.070
CGTCGG	6.0	390.9	-3.070
AATGGG	34.0	4831.1	-3.060
TGGCAC	19.0	3404.4	-3.059
TATAGA	38.0	5573.6	-3.058
CTGAAC	14.0	4056.6	-3.056
AATGGC	30.0	4289.5	-3.051
GCGTAG	7.0	522.8	-3.050
CCATGC	9.0	4490.4	-3.049
CATTGC	18.0	4123.1	-3.044
TCAGAC	26.0	3580.2	-3.040
CACAGT	36.0	5211.6	-3.037
GACACG	6.0	812.9	-3.037
GTGATA	22.0	3911.3	-3.035
ACTTAA	39.0	5774.7	-3.032
CGGGAG	3.0	1873.7	-3.026
CGCCTA	1.0	527.2	-3.024
CCTAGC	20.0	2548.6	-3.023
CCGTTG	8.0	662.6	-3.023
AACTGA	35.0	5701.4	-3.021
CTTCAG	41.0	6160.0	-3.016
CCACCC	30.0	4305.3	-3.015
AGACAG	40.0	7732.6	-3.014
GCTCCC	22.0	3176.0	-3.012
ACAGTA	32.0	4488.7	-3.011
GTGACT	34.0	4855.3	-3.010
GCACCC	7.0	2374.8	-3.008
ACTATA	31.0	4308.5	-3.007
CTTTCG	4.0	958.0	-2.998
CTATAC	21.0	2727.9	-2.995
GGTGGT	32.0	4495.8	-2.995
TTTTGT	172.0	29787.5	-2.994
ATGAAC	20.0	4968.9	-2.994
TGAACG	7.0	948.3	-2.991
GTGCCC	19.0	3253.9	-2.986
GCGGGA	1.0	1538.0	-2.979
GGACCA	20.0	2562.3	-2.979
GTTGCG	2.0	616.9	-2.978
GTCCAT	17.0	3503.5	-2.973
TCGCGG	7.0	533.6	-2.968
CATTCC	19.0	4052.9	-2.965
TGTCTC	46.0	6956.3	-2.964
AGGTTC	22.0	2913.5	-2.955
GCACTA	18.0	2233.9	-2.954
AAATAA	118.0	19918.8	-2.951
GGGGCT	31.0	4337.3	-2.942
TTAGGC	18.0	2237.2	-2.941
GACCCT	10.0	3002.5	-2.941
GGCGGT	3.0	1114.2	-2.936
GCCGGC	12.0	1270.9	-2.936
GAAGGC	25.0	3444.6	-2.933
CTTTTA	68.0	12072.2	-2.930
GGGGAA	33.0	5178.4	-2.926
AACATT	56.0	8754.4	-2.925
CTAGAC	7.0	2229.6	-2.925
GTGATG	36.0	5267.6	-2.920
TGGACC	20.0	2582.5	-2.920
ATGGCA	35.0	5083.0	-2.919
ACGCGG	2.0	560.3	-2.916
CAGCTT	39.0	5835.4	-2.913
TTATCA	40.0	6029.9	-2.904
CACTAC	7.0	2039.1	-2.902
ATGAAA	66.0	11641.1	-2.902
GACGTG	10.0	975.3	-2.888
AGATGT	45.0	6805.1	-2.888
TTTCGG	10.0	976.7	-2.883
TGAAGG	35.0	5430.7	-2.882
TATCAA	31.0	4367.7	-2.874
GACCAT	22.0	2943.1	-2.871
TGTCGC	1.0	802.8	-2.870
AAAATA	120.0	20486.7	-2.864
ACAATC	20.0	2602.7	-2.859
CGAACT	9.0	833.1	-2.852
TACCAA	23.0	3391.0	-2.843
TGTAGC	35.0	5446.9	-2.843
GTCAGC	21.0	2782.7	-2.837
CACGTC	8.0	692.3	-2.833
CTAGCT	22.0	3371.0	-2.832
TAATCA	30.0	4386.6	-2.832
TCCGGG	13.0	1451.4	-2.831
GCCCTT	11.0	3945.0	-2.830
CACTTG	33.0	4754.9	-2.830
CGTTTG	13.0	1452.9	-2.827
CATTGT	32.0	7199.6	-2.824
CTGAGA	43.0	6651.0	-2.821
CGTATT	2.0	811.5	-2.821
CACGCC	12.0	1298.2	-2.812
CCAGAG	37.0	5510.4	-2.811
CCTAGT	14.0	2638.1	-2.810
TCAAGA	27.0	4594.6	-2.809
TGTGAC	28.0	5681.6	-2.807
ACGAAC	6.0	421.6	-2.806
ATCTAA	12.0	4590.3	-2.802
TGGCGT	10.0	992.1	-2.802
TTCTGC	43.0	6665.5	-2.794
CGCTTA	5.0	489.6	-2.794
AACCGT	5.0	645.7	-2.794
AATCTA	31.0	4404.1	-2.792
TACGTT	10.0	994.1	-2.792
AGTGTA	35.0	5294.5	-2.791
TGCGGG	14.0	1623.0	-2.787
CGGCCG	7.0	955.4	-2.786
TTTGCG	8.0	988.2	-2.783
AATGGA	30.0	6797.7	-2.780
CGTTGT	10.0	997.4	-2.777
TCGCGT	4.0	320.0	-2.775
GTATGA	30.0	4629.5	-2.773
GTATGG	19.0	3763.8	-2.772
ATAAAA	105.0	17749.0	-2.770
ATGTAT	92.0	17813.1	-2.766
GGCGTT	9.0	850.3	-2.765
TACGTG	4.0	1314.7	-2.764
TTCCGC	1.0	748.4	-2.763
TTACTG	39.0	5917.3	-2.758
GTCGCT	7.0	840.8	-2.753
TCACCT	27.0	3876.3	-2.753
CAAGCA	31.0	4824.7	-2.745
CCGTTA	2.0	481.5	-2.745
CGTTCC	7.0	827.5	-2.743
AGATGC	13.0	4643.3	-2.742
ATGAAT	57.0	9859.2	-2.739
ACAGCC	13.0	3762.1	-2.734
ATGGAG	35.0	5174.9	-2.733
TAAAGC	23.0	4689.6	-2.730
CCTCGC	11.0	1161.3	-2.729
GTACCA	7.0	2883.1	-2.729
CCGCCT	3.0	1589.3	-2.728
GTTCAT	29.0	5479.4	-2.724
GCGTGG	1.0	1639.4	-2.723
TCCCGG	13.0	1482.2	-2.711
TCCGCG	7.0	570.2	-2.711
TGGTAG	16.0	3902.7	-2.707
GTGTGC	61.0	9923.3	-2.705
CCGCCG	11.0	1168.9	-2.697
ATGGTC	21.0	2832.7	-2.697
TTCGCA	6.0	612.3	-2.695
CTCTGC	36.0	7886.3	-2.692
GAAAAA	84.0	13983.8	-2.691
GCATTC	20.0	3825.0	-2.687
GTTCGC	1.0	496.4	-2.684
ATGAGC	25.0	3883.6	-2.682
AACCCG	8.0	718.7	-2.678
TGAGAC	33.0	4832.3	-2.669
GGCCTG	9.0	4223.7	-2.667
AAGCAG	42.0	6545.1	-2.666
GTTGAA	23.0	5410.7	-2.664
CCCTTA	16.0	2919.2	-2.654
GACATT	32.0	5325.8	-2.654
ATATAA	63.0	10168.9	-2.653
CTGTAA	41.0	6885.0	-2.651
GCAGCA	35.0	5381.0	-2.651
ATGTGG	46.0	7742.9	-2.650
CGAAAG	8.0	723.9	-2.650
ACTCTC	23.0	3204.6	-2.647
CATTTG	42.0	9490.4	-2.636
GGACGC	4.0	894.8	-2.633
GGTCGT	1.0	575.2	-2.627
TAAAGA	57.0	9161.0	-2.623
AAAGCT	41.0	6378.5	-2.622
TGGCGG	2.0	1502.1	-2.616
TGCTCG	10.0	1031.1	-2.614
TCCGAC	6.0	447.5	-2.614
TGACAC	19.0	3569.5	-2.608
CTAGCG	6.0	449.0	-2.607
ATGGGC	15.0	3455.3	-2.602
TTAAGT	43.0	6779.7	-2.600
AGTTCC	29.0	4312.0	-2.595
TCTGGC	29.0	4313.9	-2.592
TTAGAC	21.0	2949.0	-2.587
CAGGAG	34.0	5065.3	-2.579
TTTTCA	80.0	13425.7	-2.579
TACGCT	6.0	452.3	-2.577
GCCCCT	25.0	3592.2	-2.573
TGTTGC	37.0	5637.5	-2.572
GAGCCG	2.0	1259.3	-2.566
TTTTAC	53.0	8397.2	-2.556
TCAGTG	35.0	6442.5	-2.547
AAGTAT	31.0	6570.8	-2.545
ACGACA	7.0	597.9	-2.539
GGCGCG	11.0	1207.6	-2.534
GGGTAG	7.0	2788.5	-2.533
CACTGT	31.0	6626.8	-2.533
ATAATG	46.0	7218.7	-2.528
GCCGAC	7.0	600.2	-2.527
TCTAGC	21.0	3006.8	-2.521
ATAGCT	26.0	4484.5	-2.516
GTACTG	20.0	3556.3	-2.514
CCTATA	10.0	2979.3	-2.513
ACATTG	28.0	5527.0	-2.511
CGCAGA	4.0	1045.9	-2.506
CCCCGC	5.0	2050.2	-2.503
GTTTGC	38.0	5869.2	-2.501
AACATG	32.0	6674.8	-2.499
ACCCAT	24.0	3447.0	-2.491
TATTAC	20.0	4011.3	-2.488
CACTTC	18.0	3893.0	-2.476
CGCGCG	4.0	1716.3	-2.470
ATGGGG	31.0	4559.6	-2.469
TATATC	30.0	4559.8	-2.469
GTAGAG	24.0	3457.4	-2.469
ATACCA	26.0	3820.1	-2.469
GAGTGG	11.0	4100.4	-2.467
ACGCTA	6.0	468.6	-2.464
TGCGTA	8.0	759.0	-2.458
CGGACC	6.0	670.2	-2.456
AGTCGA	6.0	470.6	-2.450
GACCGT	2.0	601.9	-2.449
AACCAG	26.0	3831.2	-2.447
GAAGAA	51.0	9080.9	-2.446
TTAGTG	26.0	5319.1	-2.444
TGTTTT	185.0	33062.7	-2.443
AAGAAG	50.0	8381.8	-2.443
GGAGGC	27.0	4017.2	-2.441
TAAGTG	35.0	5330.3	-2.439
TGCGGA	2.0	882.3	-2.435
TGTTAA	44.0	7875.5	-2.435
GCTTTG	45.0	7083.4	-2.430
AACACC	22.0	3114.2	-2.429
AAACTG	46.0	7283.4	-2.427
GTTCCA	24.0	4126.6	-2.422
AATGCT	48.0	7691.5	-2.414
TCATGC	8.0	3979.1	-2.411
GGGCAT	20.0	4238.3	-2.410
AATGAA	65.0	11906.9	-2.403
GATGGC	26.0	3853.0	-2.402
TCCGTC	5.0	654.4	-2.401
CAGATC	23.0	3306.0	-2.400
GGTGGA	16.0	3752.2	-2.396
GGAAGG	29.0	5572.9	-2.393
TCTAAA	32.0	6681.9	-2.384
AAGCAC	24.0	4206.5	-2.380
CCTGAC	25.0	3683.6	-2.371
ATGGTA	23.0	4774.4	-2.371
AGAGAC	33.0	4988.5	-2.370
AAGAGC	13.0	4792.1	-2.369
CCATAT	28.0	4238.1	-2.368
CACGAG	5.0	830.0	-2.368
AGTTCA	35.0	5370.6	-2.367
ATAGTT	37.0	5757.0	-2.363
ACTGAT	24.0	4250.0	-2.363
GCTTTT	63.0	10398.7	-2.358
TTTCGC	7.0	638.7	-2.356
ATAACG	7.0	630.0	-2.356
TAATTG	27.0	6190.6	-2.353
ATAGTG	17.0	4316.6	-2.350
GTAAAC	12.0	3445.4	-2.348
GGTGAA	20.0	3664.0	-2.348
GCCTAC	8.0	1933.7	-2.347
TCCTGT	40.0	7523.0	-2.347
AAGCGT	8.0	781.0	-2.345
GCTGTG	26.0	8107.3	-2.344
CGTACT	6.0	486.6	-2.344
CTGTAT	28.0	7539.6	-2.342
TCGTAA	1.0	531.5	-2.339
TGGAAA	59.0	9789.3	-2.336
GAGCTT	18.0	3947.5	-2.336
AAAAGC	43.0	6951.7	-2.329
TGGCTC	22.0	4775.7	-2.328
GTCAAG	20.0	2802.6	-2.320
GGTGGC	14.0	4065.0	-2.318
CCCGTC	4.0	672.4	-2.313
ACGGCT	8.0	788.9	-2.311
TCAAAC	28.0	4267.3	-2.310
CTGTTG	41.0	6569.6	-2.310
TTCCAC	23.0	4264.9	-2.301
ATGATA	23.0	6055.4	-2.298
AACGGC	2.0	546.0	-2.294
ACAGTC	16.0	3178.4	-2.292
TTTTCC	57.0	12093.0	-2.292
GCTTTA	24.0	5670.1	-2.291
TGATAG	20.0	4068.2	-2.291
TAACCA	25.0	3721.7	-2.289
GCAATG	27.0	4094.9	-2.283
ACTGCC	24.0	3684.7	-2.283
GCAAGG	9.0	3305.4	-2.280
GGATAT	27.0	4096.3	-2.279
ACCGCA	5.0	708.2	-2.271
GTTAAA	24.0	6370.1	-2.269
TAAACG	3.0	888.8	-2.267
CACTTT	40.0	6913.8	-2.266
TGCTCA	36.0	5624.6	-2.263
AAGGCT	30.0	4668.6	-2.262
ATATCG	2.0	466.0	-2.260
TGGCCC	23.0	3369.8	-2.258
ACCGTA	2.0	446.2	-2.256
GTAGGT	21.0	3009.8	-2.254
AGAAGG	37.0	5825.2	-2.250
AGTTCT	34.0	6659.5	-2.247
TGGTTG	42.0	6807.1	-2.247
GCAGTA	23.0	3376.0	-2.247
GTCGGA	3.0	437.8	-2.245
TGGAAC	19.0	4714.5	-2.241
CCCCAA	14.0	4233.2	-2.241
GTGGGA	32.0	4869.0	-2.241
AACTTT	50.0	9097.2	-2.240
ATAGTA	30.0	4681.7	-2.239
CTGCAA	30.0	5081.1	-2.235
TTCGAC	1.0	404.9	-2.235
TGATGC	30.0	4685.9	-2.232
TCATGG	15.0	4942.7	-2.230
GCACTG	19.0	4789.6	-2.229
ACAACG	7.0	653.8	-2.225
CCTGAA	34.0	5365.3	-2.222
GTTTTA	62.0	11463.7	-2.213
CACAGC	24.0	4866.0	-2.208
TCCAAC	10.0	2674.1	-2.205
AATAAT	57.0	10989.4	-2.204
TGCGCC	3.0	1346.2	-2.200
CGCTTC	9.0	970.1	-2.196
GCACCA	23.0	3399.1	-2.195
TTCACG	5.0	876.9	-2.192
TTTTAT	141.0	25040.2	-2.191
TACGGC	2.0	403.5	-2.188
ATGCCG	7.0	660.1	-2.188
TCCACT	15.0	4056.2	-2.187
GACTGC	15.0	3386.0	-2.183
TCTAAC	21.0	3040.1	-2.183
ACGGAC	6.0	512.5	-2.181
CATCTG	20.0	6078.4	-2.180
GACGGC	7.0	662.3	-2.177
TATTAA	57.0	9502.4	-2.175
CACGGT	1.0	955.3	-2.174
CCACGA	2.0	775.0	-2.172
TTCCCT	30.0	7362.8	-2.171
CTCCTC	33.0	5441.7	-2.171
TGACGG	7.0	664.9	-2.167
CCTACT	15.0	2930.2	-2.164
TACAGT	23.0	5221.2	-2.154
GTATAT	66.0	11212.6	-2.150
GTAGGA	15.0	2969.4	-2.148
AGACGC	8.0	824.5	-2.140
ACCTAG	11.0	2508.7	-2.140
GTGGTT	18.0	5777.2	-2.138
GTGTCA	28.0	4358.3	-2.138
TCCAAA	37.0	5897.3	-2.136
AGGGGA	30.0	4742.2	-2.130
TTTAGC	29.0	4553.9	-2.127
GACCGA	1.0	521.7	-2.127
TATTTG	67.0	11449.3	-2.126
GGCTCC	22.0	3248.9	-2.125
AGATAG	29.0	4554.0	-2.125
AGCTCG	1.0	895.7	-2.123
CTAATT	34.0	5325.6	-2.118
ACGAAA	8.0	829.3	-2.117
TCGCTA	1.0	538.9	-2.110
AGCTGG	34.0	5330.9	-2.109
GTATAG	15.0	3693.9	-2.109
GGGCTC	21.0	3074.7	-2.107
CGCTAG	3.0	477.7	-2.105
CCCACT	26.0	4000.5	-2.103
AGTATA	29.0	5359.4	-2.102
AGGTTG	25.0	3814.8	-2.102
AGGAGG	24.0	5082.3	-2.099
TGAAAC	28.0	5544.7	-2.098
CGGCTC	10.0	1158.3	-2.093
CGCACC	2.0	862.9	-2.088
GGTAGT	14.0	2465.0	-2.086
GCCCCG	14.0	1837.3	-2.084
CAAAAA	49.0	11808.8	-2.083
ATATCA	33.0	5155.8	-2.079
TAATCC	22.0	3270.9	-2.079
TCTCAC	25.0	3829.4	-2.073
AAGGCA	36.0	5743.0	-2.071
ATGTCA	36.0	5744.2	-2.069
CCCCTT	24.0	4416.8	-2.068
GGCGGA	2.0	1166.0	-2.067
TCCCAT	30.0	4779.7	-2.066
ATAAAG	41.0	7807.9	-2.063
GGTCTA	16.0	2195.2	-2.061
TGTAGT	25.0	6067.6	-2.060
AAAACA	77.0	16239.1	-2.059
ATACTG	14.0	4469.9	-2.058
CGTTAG	5.0	583.3	-2.058
GTTCCG	7.0	687.2	-2.051
TACACC	15.0	2023.9	-2.051
GAAAGC	31.0	4899.6	-2.051
GTAAGA	17.0	4271.1	-2.050
TTACAG	23.0	6027.3	-2.047
GACTGG	24.0	3657.9	-2.045
TGGCAG	32.0	5329.7	-2.042
CAAATG	48.0	7964.4	-2.038
AAAGAC	37.0	5964.4	-2.032
TCCTCG	10.0	1175.4	-2.030
ACACAG	40.0	6563.0	-2.026
GAATAA	38.0	6166.1	-2.024
CAATAT	22.0	5229.2	-2.021
TTGAAT	39.0	8602.2	-2.021
CTCGTG	9.0	1013.2	-2.020
GCAGAC	22.0	3300.9	-2.017
CTTGAC	22.0	3300.8	-2.017
GACCTA	8.0	2039.4	-2.012
ATCTTA	33.0	5201.3	-2.005
TTGTCA	29.0	6305.1	-2.005
AGAGCA	32.0	6311.7	-2.004
AGGAGA	36.0	5787.3	-2.003
CCCAGA	32.0	5009.2	-2.002
CGTAAA	1.0	703.1	-2.000
AATAAA	85.0	19986.6	-1.998
TACTGC	20.0	3409.4	-1.997
CATAGT	22.0	4154.8	-1.994
AGTTAG	25.0	3872.7	-1.992
TGCAAC	20.0	2945.4	-1.991
CCGAAT	4.0	587.9	-1.989
TGTATA	78.0	13552.7	-1.988
AGAGGC	10.0	4407.5	-1.983
TTCAGC	27.0	4255.4	-1.982
AACAAC	18.0	5022.3	-1.980
ATTTGT	73.0	12678.9	-1.979
GCTTCA	27.0	4258.7	-1.977
CCACTG	31.0	4832.5	-1.975
TCGCCC	3.0	887.4	-1.973
GTTCGA	3.0	598.9	-1.972
ACTTGT	28.0	5688.9	-1.972
GACAGC	13.0	3983.9	-1.972
CGACAG	7.0	704.8	-1.970
CGCCCG	9.0	1026.2	-1.970
TTTGGC	31.0	4934.5	-1.966
GCGCCC	10.0	1335.6	-1.962
CCTAAT	23.0	3514.3	-1.960
TTGCGG	5.0	853.6	-1.959
CGATCA	5.0	402.6	-1.958
TTATCG	1.0	577.4	-1.958
TACACT	25.0	4117.0	-1.953
CGTAGC	6.0	553.8	-1.950
GGGTGC	17.0	3387.0	-1.950
CGCAGG	11.0	1368.0	-1.946
CAAGAG	17.0	4267.5	-1.945
ATTGGC	20.0	2966.7	-1.944
CAGCCT	26.0	6019.4	-1.942
TCTCTC	35.0	9640.0	-1.942
GCTAGC	8.0	2231.5	-1.941
TATAAA	64.0	11825.5	-1.940
CCCTTT	31.0	6391.8	-1.940
TGTCGG	2.0	835.6	-1.939
AAACTA	38.0	6227.7	-1.936
GTGACA	22.0	4578.0	-1.933
TCCTTC	41.0	6831.9	-1.930
TATACA	32.0	8418.6	-1.929
GGAGGA	24.0	5214.4	-1.924
TGATGG	35.0	5646.4	-1.920
GTCGTG	2.0	847.2	-1.920
AAGATC	13.0	3747.0	-1.918
ATGTCG	2.0	655.4	-1.917
AGTTCG	5.0	799.8	-1.915
AATGAT	39.0	7297.5	-1.912
GCTGAT	23.0	3539.5	-1.912
TGGAGG	34.0	5456.7	-1.910
TAGCTG	27.0	4896.8	-1.909
GTTATT	43.0	7250.2	-1.909
AGCTTT	45.0	7503.4	-1.907
CTTCAC	24.0	3731.4	-1.904
TGCAGC	29.0	5412.7	-1.904
ACGCCT	8.0	880.2	-1.904
TGACAT	26.0	6182.7	-1.900
TTCGGT	8.0	946.2	-1.889
CCCCGG	1.0	1674.1	-1.889
GACTCG	4.0	728.5	-1.887
GCCTTC	22.0	4048.1	-1.886
AGATAA	37.0	6068.0	-1.882
GACATG	22.0	4548.3	-1.882
ATCGCA	1.0	514.3	-1.881
TAAGAC	17.0	3608.7	-1.880
CAGTCG	7.0	724.7	-1.879
GTGAGG	27.0	4314.4	-1.879
TTCTGT	75.0	13227.5	-1.876
CGACGA	1.0	231.6	-1.875
ACTCTG	34.0	5480.2	-1.875
GTGGCC	22.0	3374.0	-1.872
CCAACA	24.0	3748.2	-1.872
GTACTA	15.0	2400.8	-1.865
CGGTTG	4.0	746.0	-1.865
TGAACT	25.0	6595.1	-1.864
CGATGA	6.0	669.0	-1.864
CTGTCA	33.0	5294.1	-1.860
TCGGGC	8.0	891.7	-1.860
GTTCTC	20.0	4390.5	-1.859
CCAAGT	26.0	4135.6	-1.859
AGCACC	14.0	3371.0	-1.858
CGTGAA	8.0	1129.9	-1.855
CTGAAG	40.0	6686.1	-1.855
ATAGCG	5.0	419.4	-1.854
AGCCCT	15.0	4975.9	-1.853
GGGCTT	25.0	3949.3	-1.852
CCCCAT	16.0	3790.0	-1.848
TGTTAT	35.0	8714.8	-1.845
TAGCAG	7.0	4063.0	-1.844
ACGGGT	5.0	652.8	-1.844
GCATCC	17.0	3354.1	-1.842
TTTACC	27.0	4337.0	-1.842
GCTGAA	29.0	4725.4	-1.837
TACCGA	5.0	422.5	-1.836
CTCCGC	1.0	1289.5	-1.835
CTACTA	18.0	2653.4	-1.831
TGGGCC	3.0	3380.0	-1.830
TGCAAT	31.0	5081.4	-1.826
CGTCCT	8.0	900.2	-1.824
GTTTCA	16.0	6074.1	-1.824
ATGCTG	44.0	7317.6	-1.823
GAAACT	36.0	5911.0	-1.823
CTACCC	16.0	2293.3	-1.822
GGTAGG	10.0	2752.7	-1.821
CAAGCG	7.0	739.9	-1.818
TTTATC	43.0	7322.5	-1.818
GGTCTC	19.0	2843.7	-1.816
CATTTA	56.0	9609.8	-1.811
CGGAGG	6.0	1384.2	-1.811
TGTATT	66.0	12048.9	-1.810
CAGGTG	24.0	4965.2	-1.809
GTACAA	16.0	3403.2	-1.808
TGTGTA	105.0	18854.0	-1.807
GGCGTA	4.0	426.8	-1.800
GAAATG	54.0	9200.5	-1.798
TGCTGA	42.0	7135.5	-1.797
CTCCCA	23.0	5067.5	-1.795
ACGATC	5.0	430.1	-1.795
ACACGC	9.0	1077.9	-1.788
TCGACA	4.0	415.2	-1.787
TAGCTT	29.0	4756.4	-1.787
AAATGT	85.0	15137.8	-1.782
TATGAA	24.0	8744.2	-1.781
TCACTG	35.0	5743.6	-1.780
CTAAAG	27.0	4529.8	-1.779
ACGTGT	12.0	1961.1	-1.778
AAAAGA	64.0	14223.8	-1.774
TTACAC	22.0	3426.6	-1.772
GTTCAA	25.0	3995.8	-1.772
GACCTG	16.0	3742.2	-1.768
AATACA	42.0	7159.6	-1.767
TGATGA	30.0	6768.4	-1.762
GCTCGT	3.0	633.0	-1.761
TAGCAC	15.0	2939.7	-1.759
AACCCC	9.0	2738.0	-1.759
GTCCTA	15.0	2325.3	-1.758
CGTGAT	5.0	847.5	-1.757
AGAAAC	44.0	7371.4	-1.757
GTTCGG	5.0	666.8	-1.757
AAGGAA	54.0	9238.8	-1.756
GGGGCA	20.0	3856.5	-1.755
TCTGTA	32.0	9304.5	-1.752
CTTCGA	7.0	756.4	-1.746
CTAGAA	19.0	5045.4	-1.745
TATTAT	65.0	11407.4	-1.743
ATGTTA	42.0	7178.3	-1.743
CTGATA	26.0	4204.2	-1.743
ATGTGA	33.0	8100.7	-1.736
ACTCGC	3.0	605.5	-1.733
ATACCT	22.0	4174.5	-1.732
TGCTCT	28.0	7845.9	-1.723
GACTTA	15.0	3314.7	-1.721
ACACTG	32.0	5736.2	-1.720
TGTGTT	90.0	16138.7	-1.719
TGACAA	32.0	5193.3	-1.718
TCAGAT	33.0	5391.6	-1.718
TAAATG	45.0	10925.2	-1.718
ACACTT	24.0	5296.4	-1.717
CGCGTT	4.0	294.8	-1.715
AGAGCT	23.0	5165.7	-1.712
TTGACT	33.0	5396.3	-1.711
ATTGCT	41.0	7001.5	-1.711
ATCGAC	2.0	376.9	-1.710
GGGAAC	20.0	3084.7	-1.708
CAACTG	22.0	3682.8	-1.707
AGATAC	22.0	3463.7	-1.704
ACCATG	26.0	5926.0	-1.701
GAGTTT	41.0	7009.3	-1.701
GTCAGA	25.0	4038.4	-1.700
ATAGAT	36.0	6001.5	-1.698
CCATGA	20.0	4743.6	-1.698
CCCTCG	1.0	1143.5	-1.697
CACCTC	16.0	3146.7	-1.696
AATTGA	40.0	6810.7	-1.696
TACACG	5.0	857.8	-1.690
TTCACC	9.0	3026.9	-1.689
AACCGC	3.0	660.5	-1.688
TGGACG	2.0	804.0	-1.687
AGCGTG	4.0	1160.3	-1.687
AGCCTT	21.0	5518.9	-1.682
GCTTGG	26.0	4242.1	-1.682
TTTACA	46.0	8845.9	-1.680
ACGGTA	2.0	524.6	-1.678
CTGGCT	23.0	7228.7	-1.677
ACGTTC	2.0	692.6	-1.674
ACAAAA	66.0	13615.2	-1.673
AGGAGC	23.0	3672.4	-1.671
AAAGAT	36.0	8893.3	-1.669
CTTATA	29.0	4835.5	-1.669
GCTGAC	17.0	3193.5	-1.668
GGGGAT	22.0	3485.0	-1.667
CTGGTA	13.0	3402.4	-1.667
AATTTG	52.0	9112.1	-1.667
TTGGAC	13.0	2961.7	-1.662
AGATTG	17.0	4404.7	-1.660
GTCTCC	23.0	3680.6	-1.658
CGATTG	3.0	603.1	-1.655
GACAGA	24.0	5271.2	-1.652
TAACAA	33.0	5446.8	-1.641
AACAAG	28.0	5104.3	-1.641
GCTCAT	22.0	3836.4	-1.638
GGGAAA	26.0	6760.5	-1.637
CCACTA	6.0	2554.8	-1.637
CTGCGC	2.0	1843.1	-1.633
GCGGAT	2.0	576.6	-1.632
GTAGTG	19.0	3236.6	-1.630
TTACAT	49.0	8517.8	-1.629
CGACGC	4.0	307.4	-1.629
AGGTAG	19.0	3415.6	-1.624
GTGTTC	20.0	5644.6	-1.624
CAGTTA	19.0	4418.2	-1.621
ACTTGC	10.0	3783.5	-1.621
GGAAAA	54.0	9369.3	-1.619
CGGCGG	10.0	1304.0	-1.618
GGTACG	5.0	463.9	-1.617
AGTTGC	16.0	3529.7	-1.617
TGACTT	42.0	7284.7	-1.617
TTTTAA	140.0	26945.6	-1.611
CCAGTA	10.0	3269.6	-1.608
ACAAAG	36.0	6794.7	-1.608
CCTCCG	1.0	1416.2	-1.606
AAAGCC	27.0	4768.5	-1.602
AAAATG	72.0	16171.5	-1.600
TATCAC	19.0	2954.1	-1.600
TTGTCT	47.0	8591.5	-1.599
ATGATT	39.0	7020.4	-1.598
ATACTC	18.0	2767.0	-1.598
CTCTCA	27.0	4491.4	-1.598
GTTATA	15.0	4491.3	-1.597
CTTCCG	8.0	1239.1	-1.594
TGTGTC	53.0	9186.3	-1.590
TTTCTC	64.0	11341.0	-1.588
TCTAGT	24.0	3915.0	-1.587
GTCTAG	11.0	2449.9	-1.583
TTCGGG	3.0	996.4	-1.580
CAGTGG	30.0	5094.1	-1.580
CACGGG	9.0	1142.9	-1.578
CCAATG	13.0	3612.8	-1.578
CACGAT	3.0	646.6	-1.578
CTAGGT	18.0	2778.1	-1.576
TGAAAA	62.0	13226.6	-1.576
TCGCGA	1.0	282.4	-1.575
GTTAAT	30.0	5099.4	-1.573
TCACCG	1.0	750.0	-1.571
TTCTGG	44.0	7532.7	-1.569
AAGTTT	54.0	9419.7	-1.569
GCAGAA	29.0	5726.9	-1.569
GCAAAG	31.0	5102.2	-1.568
TGAGCA	33.0	5790.9	-1.568
GTGTTG	28.0	6680.1	-1.567
ATCGTG	6.0	904.7	-1.567
CCTCAG	30.0	5104.2	-1.565
AGAAAA	78.0	17492.2	-1.565
GAAAGA	55.0	9684.7	-1.562
TTACCG	5.0	475.4	-1.558
ACCCGC	2.0	903.3	-1.555
AAATCC	31.0	5113.5	-1.554
ATTCTG	42.0	7340.6	-1.552
TCTACA	28.0	4720.0	-1.551
GCTTTC	28.0	5832.1	-1.549
ACCATT	25.0	4529.5	-1.549
GGTGTA	12.0	3080.4	-1.549
TCTGTC	24.0	6850.1	-1.549
AATGAC	15.0	5016.5	-1.549
ATGTCT	41.0	7671.1	-1.549
TACTAT	20.0	4695.4	-1.549
AGTGGC	16.0	3387.4	-1.549
TGTGAA	50.0	8963.0	-1.549
GTGGGC	6.0	3763.5	-1.549
AGTGCT	33.0	6801.4	-1.549
GAACAA	24.0	4964.3	-1.549
AGATGG	26.0	6227.3	-1.549
TTGAAA	44.0	11498.0	-1.549
TAGACT	15.0	3779.9	-1.549
TAGATC	16.0	2470.5	-1.549
AGTACT	14.0	4021.3	-1.549
GTACTT	20.0	4456.1	-1.549
ATGCCA	17.0	5166.1	-1.549
TTTGAC	28.0	5267.7	-1.549
ATTGTC	21.0	4026.9	-1.549
CTTGTC	16.0	4321.7	-1.549
ATTAGC	9.0	3119.2	-1.549
CATAGC	15.0	3241.3	-1.549
GTCTTA	13.0	4072.0	-1.549
TATGGT	24.0	4880.2	-1.549
CGTTTC	8.0	1102.2	-1.549
CTGCCC	18.0	5448.5	-1.549
CAGTTT	43.0	8349.7	-1.549
AACTCT	24.0	5309.7	-1.549
TATTGG	12.0	4333.1	-1.549
GTTTGG	27.0	6661.3	-1.549
AGTAGT	16.0	3834.2	-1.549
GTGAAG	18.0	4720.3	-1.549
GTGTCG	3.0	875.4	-1.549
GATCTG	13.0	3883.1	-1.549
GGCAGT	23.0	3867.0	-1.549
TCTGAC	15.0	4089.9	-1.549
AATCAG	21.0	4497.4	-1.549
TTGGTA	13.0	4958.0	-1.549
AGCAGG	16.0	5106.3	-1.549
TGTCCA	21.0	4910.4	-1.549
TCCGTG	9.0	1305.2	-1.549
TCGTTC	1.0	718.8	-1.549
TATGCG	3.0	748.9	-1.549
CTGATC	2.0	2922.5	-1.549
GCGTAT	4.0	567.2	-1.549
AGTGAC	24.0	3942.0	-1.547
AATATA	59.0	10516.6	-1.545
TTGGGT	36.0	6122.3	-1.543
ACTTTG	45.0	7766.9	-1.539
CATCGG	6.0	643.1	-1.535
GTTTTC	54.0	9454.1	-1.535
GGTCGA	2.0	391.3	-1.533
ATTCGC	5.0	496.0	-1.527
TTATAT	70.0	12513.5	-1.526
TGCCAA	27.0	4540.7	-1.526
TAGTTC	22.0	3568.7	-1.525
CAGGAA	38.0	6544.7	-1.524
AGAGTA	25.0	4152.6	-1.521
TGAGAG	33.0	5536.8	-1.521
CCAAAT	31.0	5138.8	-1.520
TCCCCT	32.0	5338.4	-1.518
ACCCCG	2.0	956.1	-1.515
GGGACA	23.0	3768.3	-1.514
CGACAT	4.0	534.7	-1.506
TCTCCT	40.0	6973.9	-1.502
TCACGT	3.0	1138.8	-1.500
GAGCGA	7.0	822.8	-1.494
GGTTGT	30.0	5157.5	-1.494
TCCTAA	27.0	4567.2	-1.488
TTTAAG	52.0	9289.0	-1.488
GCCTTA	19.0	3016.4	-1.488
GAAGGA	34.0	5765.2	-1.485
CACCAC	10.0	4090.8	-1.485
TGTAGG	27.0	4572.3	-1.481
CCTGCG	3.0	1710.8	-1.480
ATCGGA	5.0	492.7	-1.477
TCGACT	5.0	493.5	-1.472
CGGCTA	5.0	493.6	-1.472
AATCGC	4.0	513.9	-1.472
CACTAT	22.0	3601.4	-1.472
GGGAGC	12.0	3418.3	-1.469
CAACGG	5.0	494.5	-1.468
TGGTTT	68.0	12364.1	-1.465
ACTCTT	30.0	5179.9	-1.465
AACGAC	5.0	496.5	-1.459
TAGGTT	25.0	4196.7	-1.456
CCGCGC	9.0	1185.6	-1.450
CAATAC	16.0	2470.2	-1.447
ACTGGC	20.0	3353.1	-1.444
GTTTTT	121.0	22363.5	-1.443
TGTATG	104.0	19141.2	-1.443
CATCGC	1.0	706.2	-1.443
GGTATC	14.0	2099.0	-1.442
GCTAAA	24.0	4010.8	-1.442
TAACGT	7.0	837.0	-1.442
CGTTAT	6.0	667.8	-1.440
ACGACT	2.0	568.0	-1.439
GCAGTT	28.0	4803.6	-1.436
GGCTTG	24.0	4015.9	-1.435
CTTAAT	33.0	5607.0	-1.433
GCTCCG	10.0	1372.0	-1.432
GATGTC	21.0	3435.2	-1.429
ACGAGT	5.0	574.4	-1.427
CCATTG	28.0	4811.7	-1.425
GCGCAA	1.0	608.3	-1.424
ACCACT	22.0	3633.9	-1.423
TACAAA	43.0	7668.1	-1.423
ATTTTT	145.0	27087.1	-1.422
CTGGCG	10.0	1375.5	-1.422
AAACGC	6.0	808.1	-1.413
TCCCCA	29.0	5021.8	-1.412
CAGCAC	14.0	4768.0	-1.411
AACGGG	3.0	709.3	-1.410
GTCCTC	21.0	3448.5	-1.408
TGAATC	24.0	4034.1	-1.407
ACCTCC	9.0	2986.9	-1.405
CAGGTA	22.0	3645.8	-1.404
GTCGTT	6.0	677.3	-1.402
GCGGTC	1.0	652.5	-1.394
TTGATG	41.0	7279.3	-1.393
GGCGCT	8.0	1299.7	-1.393
AGGCTT	27.0	4637.5	-1.392
GTCCCC	7.0	2925.3	-1.389
TTTCTG	77.0	14040.3	-1.389
TTTTCT	123.0	22972.7	-1.386
AAAGGT	32.0	5444.2	-1.385
CTCCAC	20.0	3356.9	-1.384
GACTAA	7.0	2833.3	-1.382
GAAGTT	33.0	5648.8	-1.382
GTCCTT	16.0	4945.4	-1.379
ACTTCG	6.0	684.4	-1.377
CTCCTA	20.0	3277.0	-1.374
GGGGAC	15.0	3200.5	-1.374
CCGTTT	4.0	1068.8	-1.374
GAGGGT	21.0	3471.5	-1.372
ACAACA	27.0	5788.5	-1.372
AAGTCA	31.0	5254.2	-1.371
GTACCC	12.0	1765.9	-1.365
TATAAC	15.0	3790.8	-1.364
GCAAAT	31.0	5857.9	-1.363
CCTCTC	26.0	4905.4	-1.362
CCTTGT	33.0	5665.8	-1.362
GCTGTC	32.0	5463.6	-1.362
AGAAAT	44.0	11950.0	-1.361
TCCTCC	29.0	6006.1	-1.361
AGCTCC	23.0	3869.4	-1.361
ATCCCC	12.0	3041.2	-1.361
CCACTC	18.0	2900.8	-1.359
TATCGC	1.0	322.8	-1.357
AGAATA	39.0	6899.7	-1.357
ATCAGA	29.0	5064.4	-1.357
TAGACG	2.0	513.5	-1.355
ATCCGA	5.0	526.7	-1.355
GACCCA	18.0	2902.6	-1.355
TGCCGT	7.0	865.5	-1.353
GATAGG	14.0	2209.6	-1.350
TTCCTC	40.0	7113.2	-1.350
GTATCT	26.0	4837.1	-1.348
TCTTTC	63.0	11402.4	-1.347
GGCATA	16.0	3158.1	-1.345
ACACCA	24.0	4086.8	-1.344
CGGTTA	1.0	543.6	-1.341
TTATAC	14.0	4218.6	-1.339
ATTGAG	28.0	4878.4	-1.338
TACGGT	5.0	524.5	-1.338
CATAGA	27.0	4679.0	-1.338
TATTCT	28.0	7958.6	-1.338
AAGATA	37.0	6506.8	-1.336
ATCTTT	48.0	10140.6	-1.333
TAGTTT	49.0	8814.8	-1.333
CACCTG	29.0	5083.3	-1.333
AAGCAA	41.0	7589.6	-1.333
GTGTAC	16.0	4271.0	-1.331
AGCAAA	43.0	7759.1	-1.330
GATACC	12.0	1781.7	-1.329
AAGTGC	21.0	4612.6	-1.326
CCGTAG	5.0	527.8	-1.325
TACATT	48.0	8613.8	-1.322
AATCGT	2.0	711.6	-1.321
ATCATA	26.0	4493.2	-1.319
ATAGAA	13.0	7163.5	-1.319
CTAGCA	20.0	3312.2	-1.318
TGTCAA	23.0	5131.1	-1.317
CTACGG	5.0	529.7	-1.317
CGATGG	6.0	701.4	-1.316
TTATTA	64.0	11663.1	-1.315
GACAGG	26.0	4496.6	-1.315
GCGCCG	8.0	1057.4	-1.311
AGCTAA	24.0	4103.2	-1.310
CAGAAC	8.0	4368.1	-1.309
CTGTAG	27.0	6197.9	-1.309
AAACAT	38.0	9985.5	-1.308
TAATCT	18.0	4695.3	-1.306
TAATAA	36.0	10263.4	-1.305
AAGGTA	25.0	4306.2	-1.304
ACCATA	21.0	3519.1	-1.300
GATAGA	17.0	4107.8	-1.298
TGTTAC	25.0	4514.9	-1.297
TAACAG	24.0	4113.1	-1.296
TTATGT	54.0	11279.9	-1.294
GAGAAA	39.0	9653.4	-1.292
TCCCGA	6.0	930.6	-1.292
GTCTCA	19.0	4079.9	-1.291
GAGTCC	16.0	2557.9	-1.291
GGCAAG	13.0	3815.1	-1.290
CTGAGC	23.0	5499.6	-1.289
TTAAAA	104.0	23301.2	-1.286
GTCACC	16.0	2561.8	-1.283
TCTTGT	37.0	7749.5	-1.283
CATCCC	16.0	3775.0	-1.282
CAAGAC	20.0	3336.7	-1.282
GTGGTG	37.0	6557.4	-1.281
TCACCC	16.0	2563.8	-1.280
CCCTGT	26.0	5621.9	-1.279
CTTATC	8.0	3000.8	-1.279
TTACGT	4.0	973.9	-1.276
TGCAGT	36.0	6410.7	-1.276
AATTGC	26.0	4527.0	-1.276
GGCTAG	16.0	2566.8	-1.275
CACCCT	13.0	3505.6	-1.273
AATCAA	32.0	5540.5	-1.271
GTATTC	19.0	3787.6	-1.268
GAAGTG	23.0	4970.6	-1.267
TAATAC	22.0	3740.6	-1.265
AACAGA	37.0	6575.3	-1.263
CATCTC	28.0	4941.8	-1.260
GGTTTA	24.0	4140.9	-1.260
TAAAAT	71.0	17828.4	-1.258
TTTCAG	38.0	8434.2	-1.258
GGGTCA	17.0	2769.6	-1.257
AGCACA	32.0	5554.3	-1.255
CATAAA	46.0	8261.6	-1.254
TGGGCT	30.0	5356.8	-1.249
AACTAA	30.0	5356.4	-1.249
AACCTT	27.0	4749.2	-1.249
TCATGA	33.0	5808.1	-1.248
CAACAA	20.0	5613.6	-1.248
AAGCTT	13.0	5395.3	-1.248
TCATCC	20.0	3361.6	-1.245
TAATAT	51.0	9344.6	-1.244
ACATCG	3.0	657.1	-1.242
TTCCCG	9.0	1265.5	-1.241
GGTATA	6.0	3639.1	-1.240
GCTGGC	29.0	5163.0	-1.238
ACCCTT	17.0	3572.3	-1.237
GGAGAG	20.0	5532.4	-1.234
GTATCC	15.0	2473.0	-1.232
GAAGCA	32.0	5578.7	-1.229
GTATTT	59.0	11445.3	-1.228
TTAACA	32.0	6022.9	-1.226
TTCGAT	6.0	728.7	-1.225
GTTGGG	25.0	4368.3	-1.224
AAGTTG	28.0	5852.0	-1.222
AGCTGC	32.0	5587.6	-1.218
ACAATA	15.0	5240.6	-1.217
TGGTGG	29.0	6721.9	-1.217
TTTATA	47.0	13795.6	-1.217
CCACAG	17.0	4812.1	-1.216
GAGAAT	32.0	5590.2	-1.216
ATACAG	19.0	5178.3	-1.216
AAACCA	40.0	7248.6	-1.215
GCCATA	16.0	2602.5	-1.214
ACACGG	5.0	918.3	-1.211
TAGAAA	50.0	9671.1	-1.210
CCGGTA	4.0	407.3	-1.210
CTTCTA	27.0	5318.7	-1.210
AATAAG	34.0	6007.8	-1.209
ACCCCA	22.0	3783.5	-1.207
GCTTCG	3.0	992.4	-1.207
AGCTTA	6.0	3470.4	-1.206
AGTTGT	35.0	6217.8	-1.205
CGTCTC	1.0	831.6	-1.204
TGAAGA	47.0	8666.0	-1.203
CACGGA	7.0	915.4	-1.202
AGACCA	20.0	4781.6	-1.201
CCACGG	8.0	1098.6	-1.200
TAGTAC	7.0	2423.9	-1.200
CCTCCT	35.0	6592.9	-1.199
ACGCTT	3.0	754.6	-1.199
GTGATT	24.0	5418.5	-1.199
TCCGGT	4.0	683.4	-1.197
GTAAAG	26.0	4650.3	-1.196
TCGATT	6.0	741.0	-1.190
CCCGAA	6.0	740.2	-1.190
TTATGC	18.0	4521.8	-1.188
GAATCC	13.0	2646.3	-1.186
GCAATC	14.0	2234.3	-1.185
TTCCAT	37.0	7815.3	-1.185
TTTGAA	56.0	12836.2	-1.183
CAAAAT	54.0	9851.7	-1.183
TTGGGC	19.0	3208.9	-1.183
TCCTTA	29.0	5211.9	-1.182
AACCAA	32.0	5622.3	-1.180
GCCTAG	16.0	2624.7	-1.179
ACTTTA	30.0	7159.7	-1.176
TGCCCA	28.0	5014.9	-1.175
ATATAC	15.0	6713.2	-1.174
CTGTTT	49.0	11889.0	-1.174
CTGACT	26.0	5471.0	-1.173
GAGACC	11.0	2899.4	-1.173
GCAATA	13.0	3421.7	-1.171
TTGACA	24.0	5350.6	-1.170
GATTTG	32.0	5632.1	-1.170
GTACGT	7.0	927.9	-1.169
GAGTGC	19.0	3463.8	-1.167
GCCGTT	5.0	667.2	-1.167
GGCTAA	7.0	2676.0	-1.166
CAGTGT	28.0	7277.5	-1.165
CAAAGC	26.0	4819.8	-1.165
GGAGCA	13.0	3934.0	-1.163
ACCTCT	24.0	4216.8	-1.163
CAGGGA	27.0	4822.3	-1.163
TGTCTG	58.0	10758.1	-1.160
CTCTTT	50.0	9229.4	-1.159
AAATCA	31.0	7775.8	-1.158
TCTTAA	41.0	7524.8	-1.154
CGAGTG	8.0	1117.4	-1.152
TGCGTT	6.0	1134.8	-1.152
ATGCGA	5.0	573.3	-1.151
AGGAAC	20.0	3714.6	-1.148
AGGTGG	17.0	4455.8	-1.145
AACTAT	25.0	4921.3	-1.145
ACCTAC	14.0	2258.6	-1.144
TATATT	67.0	12569.9	-1.143
CCTTAT	22.0	3832.5	-1.142
CTTAAA	45.0	8183.9	-1.136
GGTAGC	8.0	2005.0	-1.135
ATCGAG	5.0	579.0	-1.134
ATAACA	29.0	5470.2	-1.133
GTAGGG	11.0	2706.4	-1.132
CTTACC	6.0	2542.3	-1.132
GCCCAA	15.0	2460.3	-1.130
GGTACT	15.0	2460.6	-1.130
CTAACG	5.0	580.0	-1.130
TGTCTT	54.0	11103.6	-1.130
TAGGCG	1.0	544.4	-1.130
ATTTTG	62.0	14450.3	-1.129
GACGCC	6.0	760.1	-1.128
TGACCG	1.0	755.4	-1.126
GCGACT	1.0	644.5	-1.124
TTAAAT	74.0	13969.6	-1.123
GATACG	4.0	405.2	-1.123
AGGCAG	22.0	6889.3	-1.122
GACAAA	31.0	5471.2	-1.122
AGTCAC	20.0	3449.4	-1.121
TTGTGA	43.0	8099.5	-1.121
TTTACG	3.0	830.1	-1.121
GTTAGT	21.0	3681.7	-1.121
GAGTAT	19.0	3774.3	-1.120
TAGGAC	15.0	2466.4	-1.120
CCTCAC	18.0	3376.2	-1.119
ATTACA	34.0	6095.9	-1.119
AATAGT	31.0	5478.9	-1.115
GCCCCA	16.0	3656.2	-1.115
CCGCGG	2.0	1148.8	-1.113
AATATT	70.0	13068.8	-1.113
GGTAAG	18.0	3060.3	-1.113
TAAGAA	44.0	7996.0	-1.112
AGTCCT	23.0	4057.3	-1.112
GTCACT	18.0	3662.5	-1.112
CACTCG	6.0	766.1	-1.110
TCCAGA	27.0	5305.9	-1.110
TCACGA	5.0	586.5	-1.106
GCCCAC	14.0	2615.3	-1.106
ACGTTA	2.0	694.2	-1.106
ACCAAA	28.0	5911.3	-1.105
GCGAGT	6.0	768.5	-1.105
AGACGG	3.0	803.3	-1.104
CTTGAA	37.0	6737.0	-1.103
TCTTCC	34.0	6838.1	-1.101
CTCACT	29.0	5286.1	-1.100
GTAAGC	11.0	2845.8	-1.100
TCGCTG	5.0	1230.6	-1.100
GCTTAT	21.0	3937.9	-1.099
ACGTCA	6.0	771.3	-1.096
ATTGTT	52.0	9779.3	-1.093
TTCTCC	34.0	6122.9	-1.091
AGGTGC	12.0	3404.0	-1.091
GCAACA	20.0	3472.6	-1.091
TACCGC	4.0	413.4	-1.090
TCTTTT	98.0	19538.4	-1.090
GATCGG	4.0	452.8	-1.089
GTAGAC	17.0	3159.0	-1.089
CCTTCG	7.0	958.5	-1.089
TGGAGA	10.0	6612.0	-1.088
CGTGGG	5.0	1650.6	-1.087
CCGCTT	3.0	835.7	-1.086
GGGACG	2.0	1013.7	-1.086
GGGCCT	10.0	3420.2	-1.086
CTGATG	30.0	5506.7	-1.086
ATCTGA	31.0	5506.6	-1.086
ACAGAA	33.0	8418.7	-1.081
TTAACG	2.0	633.0	-1.080
GAAACA	23.0	6955.6	-1.079
ATCAAC	4.0	2436.0	-1.079
GCGGTT	6.0	777.3	-1.079
TGTTGA	42.0	7823.4	-1.078
AGATCG	5.0	595.0	-1.076
ATTATT	62.0	12464.3	-1.076
CATCAG	24.0	4289.5	-1.075
AGCAAT	29.0	5311.7	-1.075
ATCGGG	5.0	596.1	-1.073
TGCTAC	20.0	3487.9	-1.072
TCACAG	31.0	5523.8	-1.068
AAGCTG	33.0	5942.1	-1.065
GAACTT	29.0	5320.6	-1.065
TAAACC	17.0	3569.4	-1.063
CAAAGA	39.0	7204.7	-1.061
TCCCTA	19.0	3296.2	-1.061
GTCAGG	17.0	3302.8	-1.061
CCCAAC	9.0	2745.2	-1.059
ATTACC	15.0	2506.3	-1.058
ACTATC	8.0	2260.9	-1.058
ATTCCG	3.0	540.1	-1.057
GAACCC	15.0	2507.7	-1.056
GGTGCG	1.0	1154.3	-1.056
GAGGGA	18.0	4639.3	-1.054
TATGAG	28.0	5125.3	-1.054
GTCCAA	7.0	2293.5	-1.054
GGTTCC	16.0	2706.1	-1.053
CAGGAC	21.0	3703.0	-1.053
CCCTTG	6.0	4399.1	-1.052
TCAACA	16.0	4155.7	-1.052
GGTGCC	9.0	2933.8	-1.052
GGCTCA	21.0	3705.7	-1.050
AATATC	23.0	5416.3	-1.047
CTAACC	5.0	2159.9	-1.046
TTCTCG	7.0	1081.8	-1.046
TCCTAG	21.0	3711.9	-1.043
GTTCTG	33.0	6141.7	-1.041
ACAACC	17.0	2913.4	-1.041
CAGAGA	28.0	7961.9	-1.041
AGGCAC	19.0	3312.8	-1.039
TGTTTC	40.0	10404.1	-1.038
ACACCT	18.0	3655.2	-1.037
TCCGCT	6.0	792.6	-1.037
GTGTCT	46.0	8519.3	-1.036
CGCCAA	5.0	609.5	-1.035
CATTAT	30.0	6293.4	-1.034
AGTTTA	35.0	6392.9	-1.034
TTGAGC	17.0	3581.8	-1.032
AGACAC	26.0	4735.2	-1.032
TCTCAT	32.0	5768.2	-1.032
TTTTTG	102.0	23164.6	-1.030
CCAGCA	23.0	6094.6	-1.030
GCCTCG	10.0	1552.1	-1.029
AATGTC	26.0	5330.3	-1.029
CCGTGG	9.0	1361.1	-1.028
GAGCTG	30.0	5564.1	-1.028
ACCCAC	21.0	3724.1	-1.026
CAAACT	25.0	5726.2	-1.026
GCTGTA	24.0	4335.8	-1.023
ATATTA	39.0	9119.2	-1.022
GTAAAA	42.0	7890.5	-1.022
AGAACT	34.0	6197.7	-1.020
CGAGCA	1.0	858.8	-1.020
CGTGGA	2.0	1222.4	-1.020
ACCCGT	1.0	622.4	-1.019
CCATCC	12.0	4019.9	-1.019
GCGAAC	4.0	433.8	-1.017
GAGTGT	33.0	5992.6	-1.017
AAATGA	59.0	12740.0	-1.017
CTCTCG	7.0	987.9	-1.016
ACAGGA	21.0	4818.3	-1.012
AGTCGT	5.0	617.8	-1.010
AAATAG	23.0	7282.3	-1.009
CATTTT	84.0	16581.0	-1.009
TTTCCA	48.0	10109.1	-1.008
TTGGCG	6.0	803.8	-1.007
GTGACG	6.0	803.6	-1.007
TTGCTT	55.0	12143.9	-1.005
GCGACA	5.0	620.0	-1.004
GTAGCG	2.0	482.8	-1.003
CAGAGG	34.0	6217.7	-1.002
GAAAGT	24.0	5993.0	-1.002
GATGAT	25.0	5009.4	-1.002
GATTGG	17.0	2942.1	-1.002
CAGATG	29.0	6250.5	-1.001
CCCACG	7.0	1211.6	-1.001
ACATCT	28.0	5177.3	-1.001
TAACTA	23.0	4153.0	-1.000
AGTCGC	2.0	599.3	-1.000
GGAGTT	24.0	4357.0	-0.999
GGACCT	18.0	3143.7	-0.999
GTTGGA	16.0	4166.7	-0.996
CTACGC	4.0	439.4	-0.995
GAGCTC	18.0	3148.8	-0.994
CAACTT	10.0	4481.3	-0.993
ACATTA	26.0	5706.5	-0.993
ATACAC	29.0	5393.2	-0.992
GTCTCT	33.0	6021.1	-0.990
CATTTC	35.0	8278.1	-0.989
GCACAA	20.0	3554.8	-0.989
CTAAAT	10.0	5712.7	-0.989
TCCGGC	6.0	812.4	-0.983
AGTGTC	19.0	4361.5	-0.981
GGGATA	17.0	2959.3	-0.978
GCGGCT	9.0	1386.7	-0.978
ACAATG	22.0	5616.1	-0.977
CCGAAC	4.0	444.3	-0.977
CCACCT	22.0	4174.9	-0.977
AAATCT	45.0	8380.7	-0.975
GCCGAG	4.0	1173.7	-0.975
TGGACA	24.0	4596.9	-0.973
GAACGA	3.0	699.3	-0.972
GACGCA	5.0	630.3	-0.971
CACGGC	1.0	878.1	-0.970
GGCTTC	23.0	4179.9	-0.970
CGACAC	4.0	446.4	-0.970
GCGCGT	4.0	776.6	-0.967
AGCACT	28.0	5212.3	-0.966
GACAAT	19.0	3496.5	-0.966
GGTGTG	40.0	7534.7	-0.964
CGTATG	5.0	896.0	-0.964
AAGCTA	21.0	4048.1	-0.963
AGTCAT	11.0	4775.4	-0.963
GCAGGG	20.0	4744.2	-0.962
TCACCA	12.0	3942.9	-0.962
TTCTAT	37.0	8093.4	-0.959
CATACC	15.0	2574.7	-0.959
ACGGTC	4.0	455.5	-0.959
TTTCTA	57.0	10822.6	-0.958
TGTTTA	65.0	12401.5	-0.958
GGAATA	23.0	4191.6	-0.957
GCACAT	28.0	5629.4	-0.955
CTTATG	15.0	4428.5	-0.955
GAACGT	1.0	840.5	-0.954
TGAACA	35.0	6482.6	-0.954
TACATC	16.0	3046.9	-0.951
ATCATC	21.0	3789.2	-0.950
TACGCG	2.0	180.6	-0.950
TAGGCC	11.0	1791.2	-0.948
GCGCTA	2.0	479.0	-0.947
CTATCA	10.0	3179.3	-0.947
TTCCGG	6.0	1053.8	-0.946
CCCTGC	24.0	5538.4	-0.946
TCGGAC	3.0	435.9	-0.944
GGTAGA	11.0	3435.0	-0.943
TTAGAT	22.0	5566.6	-0.943
AAGGTT	25.0	4615.6	-0.943
CACATG	37.0	8494.8	-0.943
GATTGT	20.0	4309.7	-0.941
TCCATC	25.0	4617.8	-0.941
CAGGCA	12.0	5735.9	-0.941
ACATGG	25.0	5595.4	-0.939
AATGAG	17.0	6476.3	-0.936
TTTAGA	31.0	7985.9	-0.935
AGGGGT	18.0	3195.0	-0.935
TGATAC	13.0	3105.0	-0.934
CATCTT	32.0	6856.2	-0.934
GATTGA	18.0	3196.0	-0.934
GAAAAT	48.0	11839.7	-0.933
CCAAAG	26.0	4833.0	-0.932
ACTACG	4.0	457.9	-0.932
GTTTCG	6.0	833.2	-0.930
TACAAC	8.0	2860.4	-0.929
CCAGAA	34.0	6299.9	-0.929
CACGCA	9.0	1412.7	-0.929
CCAACC	15.0	2597.3	-0.928
AAAGTC	27.0	5045.7	-0.927
TCAAAA	46.0	8664.0	-0.926
GCAGTG	31.0	5687.4	-0.924
TAGATA	29.0	5465.1	-0.924
CCAATC	1.0	2211.7	-0.924
AAAACT	31.0	9330.2	-0.924
CTCGTT	4.0	891.6	-0.923
CCATTC	21.0	3814.3	-0.922
TATATA	107.0	20864.5	-0.917
CTCCTT	21.0	6394.3	-0.917
ACCACC	12.0	3250.7	-0.915
GTAACG	4.0	462.9	-0.915
ATGAGA	27.0	6303.6	-0.915
AACAAT	27.0	6202.9	-0.914
TTTCCC	36.0	7734.7	-0.914
CTACAT	23.0	4671.8	-0.912
ATGAGG	14.0	4186.2	-0.908
GGTACA	16.0	2812.7	-0.908
AGGTAT	25.0	4650.7	-0.908
ATTATG	27.0	7064.5	-0.907
TCAGTA	24.0	4445.4	-0.906
TATAAG	27.0	5069.4	-0.904
TCTTAC	17.0	3923.4	-0.904
GTTACT	17.0	3894.6	-0.901
CTACAA	20.0	3630.7	-0.900
GACGAT	4.0	467.1	-0.899
GGCCTT	23.0	4246.6	-0.899
ACCATC	10.0	3384.9	-0.898
AGGTTT	24.0	6745.5	-0.898
TGCTAT	34.0	6339.6	-0.896
CTAATA	21.0	4570.0	-0.894
CGAGTT	4.0	782.6	-0.894
CTTACT	24.0	4458.8	-0.893
CAAACG	5.0	892.7	-0.892
GCAAAA	17.0	6703.7	-0.891
TATCGG	3.0	373.2	-0.891
AAGACG	6.0	868.7	-0.891
CTATTC	8.0	3177.2	-0.890
ATGTGT	111.0	21691.2	-0.888
TAAGCT	15.0	3682.3	-0.887
AGTTAT	31.0	5717.8	-0.886
TTCAGT	35.0	7284.5	-0.885
TATCCC	16.0	2832.0	-0.883
CACACC	15.0	3939.1	-0.882
AGAACC	9.0	3396.9	-0.882
TGGATC	18.0	3240.7	-0.880
GAAGGT	14.0	4003.0	-0.879
ACCTGC	22.0	4250.4	-0.878
GCTCTT	29.0	5523.6	-0.871
ATAGGC	7.0	2141.2	-0.871
CTTTGT	54.0	11199.6	-0.869
GATATA	24.0	4484.8	-0.868
TAGAAC	20.0	3660.2	-0.867
TTACCT	25.0	4694.5	-0.865
GTAACA	20.0	3663.1	-0.864
AAGTAA	17.0	7399.4	-0.860
TACTTG	17.0	4943.4	-0.860
GATCCG	2.0	551.7	-0.859
TGGATA	25.0	4700.4	-0.859
ATATTT	93.0	18015.9	-0.859
ATAATA	30.0	9414.9	-0.858
TCAGGT	22.0	4081.1	-0.857
TTTGGA	34.0	8206.4	-0.855
CGGTCA	1.0	557.5	-0.852
AATTTT	73.0	18359.1	-0.851
TATAGT	27.0	5370.1	-0.851
GATAAG	14.0	2790.6	-0.850
CGCCTT	5.0	1177.7	-0.849
AGTGAA	20.0	6120.3	-0.849
GACTTG	22.0	4090.1	-0.848
CGTTAC	2.0	505.8	-0.847
CGCACA	8.0	1261.1	-0.845
TAGTTG	18.0	4213.4	-0.844
GGCTGA	22.0	4094.6	-0.843
CCCGGC	10.0	1660.0	-0.842
CAAACA	43.0	8347.4	-0.841
CTACCA	10.0	3035.4	-0.840
AATCTG	29.0	5560.9	-0.840
GATAGT	11.0	2627.2	-0.840
TCCGCA	4.0	789.4	-0.839
GAACCG	2.0	669.3	-0.837
CATCGA	4.0	704.7	-0.836
CAAACC	20.0	3689.9	-0.836
CGCTAA	3.0	467.9	-0.835
CTACTC	10.0	2379.4	-0.834
TCTGGT	14.0	5390.6	-0.833
TATACC	15.0	2896.2	-0.832
TATGGC	16.0	2998.4	-0.831
GAGATA	22.0	4108.3	-0.830
GCGGGT	2.0	1085.2	-0.830
AGACCG	5.0	682.1	-0.829
AGAATC	20.0	4010.6	-0.829
TGGCAA	10.0	4848.6	-0.828
ACTGGA	13.0	4767.1	-0.828
TCTCCA	32.0	5999.4	-0.826
AGAGCG	7.0	1075.9	-0.825
AGTCCC	14.0	3021.5	-0.825
ATGGAC	12.0	3176.2	-0.824
TTTATG	58.0	12165.4	-0.824
ATGCTA	24.0	5522.4	-0.824
TTACTC	13.0	3220.3	-0.824
ACGCAG	3.0	1009.6	-0.822
CATCTA	23.0	4324.2	-0.822
GAGACG	2.0	862.9	-0.820
CGGTAT	4.0	494.0	-0.819
TGATAT	35.0	6649.8	-0.819
AATCAT	29.0	5588.3	-0.816
GTAGTT	21.0	4110.7	-0.815
GATAGC	14.0	2483.5	-0.814
GAATTG	26.0	5059.1	-0.813
GTCTGA	22.0	4127.0	-0.812
ATCCTA	19.0	3506.8	-0.812
CAAAGT	26.0	5875.9	-0.811
ACTGCT	17.0	5711.7	-0.810
ATCACA	22.0	4675.2	-0.809
GTCCCA	17.0	3099.7	-0.808
TCTGAA	40.0	7742.4	-0.808
TTCAAG	21.0	5517.8	-0.807
CAATCC	11.0	2402.3	-0.806
AAGCGA	5.0	692.9	-0.805
GATGGT	22.0	4429.1	-0.804
CTGGTC	19.0	3514.5	-0.804
AGACTG	24.0	5042.1	-0.803
TGCCAC	22.0	4136.6	-0.802
TACTTT	48.0	9289.4	-0.802
CTTCTC	32.0	6030.6	-0.801
GCTATA	19.0	3516.2	-0.801
TCGTAG	4.0	499.6	-0.801
ACTTGG	25.0	4768.0	-0.798
TATTGA	27.0	6386.4	-0.798
CAAGCT	21.0	3933.0	-0.798
CACCTA	10.0	2495.9	-0.797
GGCACT	11.0	3033.8	-0.796
TGGTGT	24.0	7927.1	-0.795
GTCTAC	10.0	2321.7	-0.791
CTCATG	22.0	4918.0	-0.791
AGGCTA	17.0	3114.2	-0.791
GGATAA	16.0	3207.3	-0.790
GTCCTG	28.0	5409.5	-0.789
GGTATT	24.0	4568.7	-0.789
TTGTTT	134.0	35238.7	-0.789
TGCGCT	5.0	1154.8	-0.787
CGGCAC	5.0	700.2	-0.785
AACACG	6.0	898.8	-0.784
TAGTTA	25.0	4788.3	-0.779
GATACA	20.0	3745.2	-0.779
GTAAGT	20.0	4490.1	-0.779
GTTTAT	46.0	8884.5	-0.777
TTTACT	46.0	8884.7	-0.777
AGTAGG	16.0	2923.0	-0.777
TGCGCG	1.0	1204.3	-0.776
AACTGG	23.0	4375.4	-0.774
TGAGGG	20.0	4410.6	-0.773
CATATT	33.0	7394.0	-0.773
TTTATT	141.0	27812.1	-0.772
ATCAAG	18.0	3501.6	-0.772
CTTTAG	25.0	5231.7	-0.772
GAACTA	11.0	3216.2	-0.772
AACGCT	3.0	810.1	-0.771
CTGCTA	18.0	4074.4	-0.769
TATGCT	31.0	5858.5	-0.769
CTGGGT	30.0	5859.4	-0.769
ACATCA	23.0	4382.0	-0.768
AACGTA	6.0	906.1	-0.768
CCCCTG	24.0	4592.7	-0.767
AGACAA	23.0	6068.2	-0.767
TGTCCG	1.0	879.9	-0.767
ACCGTC	4.0	512.6	-0.765
CTACAG	22.0	4178.3	-0.763
GGAAAG	33.0	6663.8	-0.763
ACCGAG	1.0	844.1	-0.761
TTAAAG	54.0	10472.5	-0.760
CTTAGA	24.0	4601.0	-0.760
TATTTC	48.0	9355.4	-0.760
GTGAAA	33.0	6300.4	-0.758
CGAGCT	3.0	888.6	-0.757
AAAATT	67.0	15826.2	-0.757
GTTGCT	31.0	5875.1	-0.756
CAGCAA	24.0	5766.4	-0.755
CTCTCT	31.0	10288.4	-0.754
GAGGAG	20.0	5039.3	-0.754
TCGCCG	4.0	516.0	-0.754
TTTCCG	6.0	1100.3	-0.754
GTCTGC	14.0	3998.1	-0.753
TGGGTA	26.0	5034.5	-0.749
TAGCTA	19.0	3568.8	-0.749
TTAACT	29.0	6136.3	-0.748
GACCAC	12.0	2128.5	-0.748
CGGATG	5.0	811.3	-0.747
TCGGAT	4.0	519.3	-0.746
ATTGAA	39.0	7615.4	-0.746
TTGGCA	26.0	5044.9	-0.745
ATACCG	3.0	418.3	-0.743
ACGCTC	2.0	622.4	-0.743
CCCCAG	27.0	5255.0	-0.742
GGTTGG	13.0	4161.0	-0.742
TGCCAT	20.0	5741.7	-0.742
ATGCTC	22.0	4201.8	-0.742
GCGCAC	8.0	1321.7	-0.741
TATATG	55.0	13421.4	-0.741
TTAGAA	41.0	8063.0	-0.740
GATGGA	25.0	4835.4	-0.740
AGAGGA	31.0	5898.6	-0.739
CGTAGT	2.0	542.1	-0.738
GAAACG	4.0	915.0	-0.735
TTATGG	18.0	5011.5	-0.735
CCGAGA	1.0	901.1	-0.734
CGGGCT	4.0	1558.5	-0.734
TCGTCT	3.0	726.9	-0.733
GGCTCT	21.0	4045.2	-0.732
AGGAAA	47.0	10163.8	-0.731
AATCCT	24.0	4634.6	-0.731
AATACC	15.0	3424.2	-0.731
GAGTCT	11.0	3778.8	-0.730
GGTCAA	7.0	2326.7	-0.730
GTCTTT	42.0	8349.4	-0.729
CCGATT	4.0	526.4	-0.728
GGCCGG	9.0	1533.3	-0.727
AAACGA	3.0	1043.6	-0.727
GAATAC	11.0	3092.3	-0.727
AGTTTG	37.0	7654.9	-0.726
GCTATT	18.0	4256.8	-0.726
AAACCT	29.0	5705.4	-0.724
TATTTT	134.0	27741.8	-0.723
TTCTCT	60.0	11905.9	-0.723
CGCATA	4.0	528.2	-0.723
TTGGAA	40.0	7871.6	-0.722
CGGAAT	4.0	568.4	-0.722
GTCATA	17.0	3181.8	-0.721
ATTGAC	17.0	3181.9	-0.721
AGCCAT	29.0	5709.4	-0.720
ACTTAT	13.0	5208.6	-0.716
GAGGAT	18.0	3393.2	-0.716
ACGTTG	4.0	876.5	-0.716
TGAAGC	19.0	4601.9	-0.715
GAACAC	18.0	3395.0	-0.714
CGCAAA	5.0	733.9	-0.713
GTATAC	18.0	3396.0	-0.713
GGCATT	17.0	4700.7	-0.713
ATTAAA	62.0	13805.4	-0.712
TTTGCT	60.0	11928.4	-0.711
TGGAAT	35.0	6798.0	-0.711
GGAGAA	29.0	5722.7	-0.711
TTCTAA	37.0	7638.8	-0.710
CGAGAT	5.0	735.6	-0.709
AAGGAG	26.0	5085.9	-0.708
CCCAAG	20.0	4153.2	-0.708
TTCGGA	5.0	736.5	-0.707
TAATAG	24.0	4665.7	-0.705
CTCTTA	21.0	5210.4	-0.703
CTGCGT	3.0	1365.7	-0.702
TTGACC	13.0	2935.0	-0.702
TGTCCT	38.0	7469.2	-0.699
TAAAGG	30.0	5954.0	-0.698
TAGCGT	4.0	539.7	-0.695
AAGTTA	24.0	5991.0	-0.694
CAGTTG	24.0	4678.8	-0.694
AGACTC	17.0	3208.7	-0.694
TCTACG	4.0	540.2	-0.692
TAGGCA	17.0	3702.1	-0.692
GGGTGT	27.0	5320.6	-0.691
TCTTCT	43.0	10777.5	-0.691
AAATAT	82.0	16212.4	-0.689
GTTTAG	15.0	4766.9	-0.689
TTGCTC	24.0	4944.3	-0.687
CCTCTG	31.0	8457.0	-0.687
AAGTTC	24.0	4688.2	-0.686
TCGGCA	3.0	652.4	-0.686
CCGTCA	4.0	543.5	-0.685
GGACAG	22.0	4266.9	-0.685
ACAGAG	28.0	6671.6	-0.685
TCCTTT	51.0	11119.2	-0.685
GCCAAT	13.0	2637.4	-0.682
TAGTAG	17.0	3220.3	-0.681
TTCCCA	33.0	6409.8	-0.681
CGCTCA	1.0	754.9	-0.680
TTATCT	36.0	7061.7	-0.680
ACCAGT	14.0	3207.9	-0.680
GTGTGG	39.0	7720.1	-0.679
TCAGGA	26.0	5123.0	-0.678
TAGTCG	2.0	437.7	-0.677
TTGGAT	24.0	5673.1	-0.677
AGCAGC	27.0	5341.7	-0.676
TGCTTT	64.0	14161.9	-0.674
CCAACG	4.0	548.3	-0.673
CTTAGT	23.0	4493.6	-0.672
TACAGA	25.0	6615.1	-0.672
GAGGAA	31.0	5990.5	-0.672
CCTCCA	24.0	4707.1	-0.671
AAACGG	3.0	873.5	-0.671
GTTTGA	25.0	6575.5	-0.668
GGGCTA	7.0	2720.4	-0.667
GATTAA	25.0	4926.0	-0.667
CCAAAA	29.0	6781.2	-0.666
TTACTT	42.0	8403.3	-0.666
ATTAAT	44.0	8626.8	-0.666
GGCGAC	3.0	760.2	-0.665
GGTTCA	15.0	2820.2	-0.665
CTATCT	24.0	4715.9	-0.664
ATAAAT	45.0	14693.7	-0.664
GGAACG	2.0	816.5	-0.662
GCTCTA	7.0	2736.1	-0.661
CCTGGT	24.0	4720.8	-0.661
GCAGAT	14.0	4196.0	-0.661
TCTGAG	35.0	6876.7	-0.660
TTTGTT	116.0	35104.7	-0.659
GGAGCC	6.0	3330.6	-0.659
GTTCAC	15.0	2826.2	-0.658
CTGCCA	27.0	5407.9	-0.657
CGTCCC	6.0	968.3	-0.652
GCGTTC	5.0	763.8	-0.651
ACGAGC	3.0	578.2	-0.651
TGAGTC	14.0	3903.4	-0.650
CCCGCT	1.0	1101.4	-0.650
CGAACA	4.0	558.7	-0.650
GCGGCC	5.0	1490.8	-0.645
GCTCAC	16.0	3113.2	-0.644
CCGCAC	3.0	851.5	-0.644
AGCCGA	5.0	767.3	-0.643
CAAGGA	14.0	4216.2	-0.643
ACAAGT	22.0	4374.4	-0.643
GCTATC	13.0	2424.4	-0.642
AGTCTT	23.0	5604.2	-0.642
CGGTTT	4.0	1052.4	-0.641
AGTACC	9.0	2227.9	-0.640
CCGGCT	8.0	1388.3	-0.639
TTACGG	4.0	563.2	-0.638
CGAGGA	6.0	976.3	-0.638
TACCAC	15.0	2847.6	-0.638
AGATCT	24.0	4923.4	-0.637
AACTTA	26.0	5180.9	-0.636
CATTAA	18.0	6179.9	-0.634
CAAGTA	20.0	3904.7	-0.634
TTACCA	20.0	3904.1	-0.634
CGCCCA	1.0	1058.1	-0.633
AGCAGA	14.0	5998.4	-0.633
TGATAA	32.0	6264.6	-0.633
ACGGAA	4.0	797.8	-0.632
CTGGGG	30.0	6049.5	-0.632
TAGTAA	23.0	5131.8	-0.631
GATCAA	11.0	2889.0	-0.631
TGGTGC	22.0	4332.2	-0.631
CCGTGA	1.0	987.0	-0.630
TCGGCT	6.0	982.8	-0.628
TTATAG	25.0	5520.4	-0.628
GGAAAT	36.0	7146.7	-0.627
GTTTAC	18.0	3641.6	-0.626
GAGCAA	18.0	3913.5	-0.626
GTTCTT	40.0	8029.1	-0.626
CTTGTT	40.0	8031.5	-0.625
GCGCTC	2.0	1263.8	-0.625
TGCTTA	31.0	6060.8	-0.624
TAGCAA	22.0	4686.5	-0.624
ACCAGA	22.0	4342.0	-0.623
CTTATT	36.0	7152.5	-0.623
GGGAGA	24.0	4944.4	-0.623
GCGACG	2.0	407.2	-0.622
GTTACG	2.0	415.5	-0.622
CACAGA	35.0	6937.7	-0.621
CATTCA	29.0	5849.8	-0.621
GTAGCC	16.0	3075.9	-0.620
ATCCTG	25.0	4990.5	-0.619
CGCGAG	1.0	623.2	-0.617
AGTTGA	12.0	4829.4	-0.616
TAGGAA	27.0	5426.0	-0.615
CCTACG	3.0	527.9	-0.615
TAGGGG	12.0	2627.0	-0.614
GAGCTA	17.0	3293.7	-0.614
TTGGCT	22.0	6049.3	-0.613
GCGTGT	13.0	2452.6	-0.613
GAATCT	22.0	4369.0	-0.612
AGGAAT	29.0	5863.7	-0.612
TGGAGC	12.0	4265.3	-0.612
TGAAGT	30.0	6978.9	-0.611
GGACAT	5.0	3745.8	-0.610
GGTTAA	9.0	3285.0	-0.610
CTTAAC	17.0	3357.9	-0.608
CCTCGT	5.0	930.1	-0.608
ACTTAG	20.0	3936.8	-0.607
TCGAAA	2.0	813.7	-0.606
CGCCCT	1.0	1434.5	-0.606
ACGCAA	4.0	578.6	-0.605
TAGCTC	17.0	3366.1	-0.604
TCGACG	1.0	160.5	-0.604
TCACTC	11.0	3381.3	-0.604
GGCTAT	16.0	3093.8	-0.604
TGGACT	18.0	4007.2	-0.604
TGAGTT	44.0	8739.7	-0.603
GAAGAT	27.0	5445.5	-0.602
TTAATC	23.0	4587.9	-0.600
CTTTCT	61.0	13820.7	-0.599
GAGAGG	21.0	4517.2	-0.598
GAGTGA	13.0	4177.2	-0.598
CCCGGG	12.0	2257.0	-0.597
AAGCCT	17.0	4554.8	-0.595
GAAGCT	15.0	4666.0	-0.594
TCAGCC	19.0	3742.9	-0.592
GCACAG	22.0	4741.2	-0.592
TTTAAT	62.0	16228.8	-0.592
AACATA	17.0	6434.6	-0.591
GTTACA	19.0	4308.3	-0.590
GGTCCA	12.0	2266.2	-0.588
CGAAAT	1.0	643.6	-0.586
TGGGAG	29.0	5905.0	-0.585
AACTAC	15.0	2902.2	-0.585
ACGGAT	4.0	588.1	-0.584
TGCGGC	7.0	1220.2	-0.583
GTTTGT	80.0	16242.8	-0.582
TGTCTA	22.0	5346.8	-0.580
CTATCC	13.0	2562.8	-0.580
AGTAGC	15.0	2907.6	-0.580
TCAGCT	22.0	5072.2	-0.579
GGTTTT	47.0	11694.8	-0.578
CGAAGC	5.0	803.5	-0.577
TTTGGT	51.0	10372.7	-0.577
CCTAAA	15.0	4387.5	-0.576
TAGGAG	16.0	3124.6	-0.576
CTTGAG	18.0	4820.7	-0.576
GAGACA	30.0	6136.8	-0.576
GCTACA	7.0	3815.3	-0.575
AGATCA	12.0	3885.3	-0.575
ACTTGA	26.0	5269.3	-0.575
CCACCG	2.0	1035.1	-0.574
GTGACC	2.0	3266.8	-0.572
TTAATA	47.0	9476.8	-0.571
CAACGT	2.0	701.4	-0.571
CGAACC	2.0	469.3	-0.568
TCCCAA	23.0	4632.1	-0.567
CTATAT	26.0	5280.4	-0.567
TTGATA	29.0	5933.7	-0.566
CATTGA	27.0	5499.8	-0.566
AATCCA	20.0	4542.2	-0.566
TTCCAG	36.0	7252.7	-0.565
CAACAC	16.0	3138.2	-0.564
TGACCA	21.0	4207.5	-0.563
CTGTGT	67.0	13655.3	-0.563
GCGGCG	4.0	1565.7	-0.563
ACACTA	17.0	3353.8	-0.562
CAATCT	17.0	3353.0	-0.562
GTACAG	18.0	3567.9	-0.561
TACTCC	6.0	2299.0	-0.561
TCTCTT	43.0	9415.7	-0.561
ACTCGG	3.0	990.3	-0.560
AACCAT	14.0	4990.6	-0.560
GAATCG	4.0	601.3	-0.560
CCGCAA	4.0	602.3	-0.558
ACGGTG	1.0	1021.9	-0.557
CAACAG	15.0	3862.6	-0.557
ACTGAG	26.0	5295.6	-0.557
AGGGAG	25.0	5079.6	-0.557
ACATAA	35.0	7046.8	-0.557
CACTGG	12.0	4378.0	-0.557
ACCGCC	5.0	815.3	-0.556
AAGGTC	15.0	2934.5	-0.556
GTGGAG	17.0	4364.1	-0.555
TGAGCT	28.0	5738.7	-0.552
GAGTTA	20.0	4007.5	-0.552
CAGACT	15.0	4301.0	-0.552
TAGTGA	21.0	4224.6	-0.551
CACATC	17.0	3367.4	-0.550
TCAACC	2.0	2187.5	-0.550
TCTAAT	23.0	5159.7	-0.549
GCGTCA	1.0	542.9	-0.548
CAGAGT	25.0	5093.9	-0.548
TAAATC	25.0	5094.4	-0.547
GGGATG	21.0	4230.9	-0.546
ACCGTG	2.0	1074.6	-0.544
CGGGGT	6.0	1358.3	-0.544
CGACTT	1.0	705.2	-0.543
TCTCTA	26.0	5317.6	-0.543
AGGTAA	20.0	4282.9	-0.543
GCAACT	10.0	2749.4	-0.541
GTTGTC	17.0	3599.7	-0.540
AATCGA	4.0	612.9	-0.539
TCTCGA	5.0	826.7	-0.538
ATTCCT	32.0	6419.5	-0.538
AAGCCG	4.0	942.2	-0.537
AAGGCG	1.0	1100.4	-0.536
TTTTCG	7.0	1604.5	-0.536
GGTTGA	6.0	2969.6	-0.536
GTACGC	3.0	397.2	-0.535
CTTTCA	35.0	7088.9	-0.534
AGTAAC	12.0	3216.1	-0.532
CCAGAT	19.0	3854.4	-0.532
CAATCA	16.0	3177.4	-0.532
TATCAT	31.0	6210.6	-0.531
GTCAAC	10.0	1897.7	-0.531
CTTCGT	2.0	1013.9	-0.531
GTTATG	11.0	4276.9	-0.531
GCGCTG	9.0	1684.9	-0.531
CTAGGA	17.0	3392.4	-0.530
TAAAAC	39.0	8200.3	-0.530
TCAATC	12.0	2326.7	-0.528
TGGGCA	21.0	5370.1	-0.528
TCTTAT	32.0	6437.7	-0.528
CTCGGG	8.0	1602.1	-0.528
ACTACC	10.0	1901.3	-0.527
CAATGA	8.0	4848.6	-0.526
TTGAGT	26.0	6847.4	-0.526
GATCTT	23.0	4693.5	-0.525
GGAGGT	5.0	3454.9	-0.525
CACATT	24.0	6431.6	-0.524
CACAAT	16.0	4537.3	-0.524
AAATTT	57.0	14440.0	-0.523
AGAACA	34.0	6887.4	-0.523
GTCGAT	3.0	470.5	-0.522
TCGAGC	2.0	555.2	-0.521
AAGCCC	16.0	3190.5	-0.521
GGAAGA	32.0	6450.6	-0.520
TCCGCC	1.0	1148.4	-0.520
GTTAAG	18.0	3623.0	-0.518
CGGGAT	5.0	839.8	-0.517
TGTGAT	30.0	7803.3	-0.516
AGCTGA	17.0	5248.5	-0.516
TACTGG	19.0	3845.2	-0.513
CGGGTA	4.0	626.3	-0.513
AGTCTA	16.0	3272.0	-0.511
GTTCCC	16.0	3202.2	-0.511
GGAAGT	23.0	4717.0	-0.510
CTATTA	16.0	4759.2	-0.508
GGCGGC	10.0	1919.9	-0.508
TATGAC	18.0	3637.4	-0.508
TTGCCG	1.0	725.3	-0.506
TTCACA	31.0	6256.1	-0.505
GGAACA	10.0	3923.1	-0.504
TATCTC	5.0	3972.9	-0.504
CTGTCT	46.0	9393.7	-0.503
AAGATT	34.0	6924.6	-0.503
TTAGTC	16.0	3215.0	-0.502
ATGGAA	35.0	7262.5	-0.501
TGTGGG	38.0	7819.8	-0.501
TAATGA	35.0	7150.9	-0.501
CTCCAT	24.0	4949.1	-0.501
CTTTAA	51.0	10544.6	-0.500
ACGTAA	1.0	827.2	-0.500
ACGTAG	3.0	664.0	-0.499
TTGTTC	35.0	7155.9	-0.499
CCACCA	22.0	5326.9	-0.497
GTGCTC	19.0	4222.4	-0.495
TTAGGT	22.0	4522.5	-0.495
ATCACG	4.0	636.9	-0.495
TCCTCT	36.0	7385.9	-0.495
TGGTCC	15.0	3009.3	-0.494
TGAGTA	26.0	5399.3	-0.493
CGAAGG	3.0	764.5	-0.492
ACACGA	4.0	763.0	-0.492
CGCACT	1.0	728.5	-0.492
CGAATT	4.0	638.8	-0.492
ATCCAA	18.0	3661.0	-0.491
AACGCC	1.0	646.9	-0.491
TAAAGT	36.0	7636.4	-0.489
ACGATA	3.0	440.9	-0.489
GCAACG	4.0	640.0	-0.488
TCGGGT	5.0	859.2	-0.488
GTGTCC	10.0	4238.1	-0.487
ATACGT	6.0	1077.3	-0.487
TTAGTA	19.0	4965.5	-0.486
TACTAC	11.0	2574.5	-0.483
AGACGA	4.0	643.4	-0.483
AGACTA	14.0	3378.5	-0.482
TCGTGG	5.0	1162.4	-0.480
TGAGTG	37.0	7638.4	-0.480
CTGCTT	40.0	8313.9	-0.480
ACGATT	4.0	645.0	-0.480
CTACGA	3.0	422.1	-0.480
GAAAAG	34.0	8358.1	-0.480
CCAGTC	15.0	3028.9	-0.478
TCCCGC	7.0	1301.3	-0.478
AGCCTC	19.0	3898.5	-0.477
ACCCTA	8.0	2466.5	-0.475
GCTGTT	26.0	6096.4	-0.472
CTATTT	41.0	8558.0	-0.471
CAATTG	8.0	3427.7	-0.471
GCCAGA	20.0	4124.2	-0.471
ATTTTA	86.0	20025.1	-0.471
TGGCCT	26.0	6077.4	-0.470
GAATAT	30.0	6560.9	-0.468
ACCGGC	1.0	701.4	-0.468
GTACTC	11.0	2177.9	-0.467
GAGGGC	11.0	3391.0	-0.467
GGACTT	13.0	3975.9	-0.466
AAATCG	5.0	874.9	-0.466
CTGGAC	11.0	3358.0	-0.466
CATAAT	24.0	5679.5	-0.466
ATTTTC	37.0	12495.0	-0.466
ACTCTA	12.0	3349.9	-0.465
GGTGAT	17.0	3480.5	-0.465
AAAGCG	2.0	910.9	-0.464
GTAAGG	7.0	2680.1	-0.463
AAAGTT	44.0	9030.0	-0.463
TAAATA	58.0	14555.1	-0.463
ATCCCA	21.0	4617.7	-0.463
TGTCAT	29.0	6548.6	-0.463
ATACAT	42.0	10516.2	-0.462
TCTATC	17.0	4018.9	-0.462
ATTGCC	8.0	3256.1	-0.462
GAAATC	9.0	4912.2	-0.458
TATGTT	40.0	10297.9	-0.458
AGAAGC	25.0	5241.8	-0.457
CCCAGT	12.0	4283.6	-0.457
CCTCTA	13.0	3414.3	-0.457
CGTCAC	4.0	659.5	-0.457
TTGGCC	16.0	3276.7	-0.455
CAATCG	3.0	435.2	-0.455
CTATAG	13.0	3311.1	-0.455
GCTCAG	23.0	4807.7	-0.454
GGGTCC	13.0	2627.9	-0.453
GGTAAC	10.0	1976.1	-0.453
AATTAA	45.0	10843.0	-0.451
GCACCG	3.0	1040.6	-0.451
TTCAAC	16.0	3512.6	-0.451
CGACGT	1.0	205.2	-0.450
CGTACA	3.0	600.4	-0.450
TGAATA	31.0	7721.1	-0.449
TGGGTT	15.0	6899.9	-0.449
CCAGGA	24.0	5035.7	-0.449
CTGTCG	2.0	856.6	-0.448
GGTATG	13.0	4116.8	-0.448
GACGGT	1.0	573.5	-0.448
AAACTT	40.0	8385.1	-0.448
CATAAG	15.0	3744.1	-0.447
CGCGCA	5.0	888.6	-0.447
CGGACA	2.0	587.8	-0.447
TGGGTC	18.0	3725.9	-0.446
GCTTAG	15.0	3072.4	-0.446
AAGTCT	22.0	5242.8	-0.446
TACTTC	20.0	4163.3	-0.446
CGTGTC	6.0	1111.0	-0.443
ATGATC	16.0	3526.1	-0.443
TTCAGG	23.0	4826.8	-0.443
AATAGC	14.0	3734.1	-0.442
TTATCC	16.0	3526.9	-0.442
ACTGCG	1.0	951.9	-0.441
CGGTCT	4.0	670.4	-0.439
ACACGT	5.0	1272.3	-0.439
GTTTCT	50.0	10859.9	-0.439
TAGCCC	12.0	3035.3	-0.438
AGAAGA	30.0	9842.5	-0.436
AACCGA	1.0	643.1	-0.435
ATAGAG	18.0	3966.8	-0.435
GGGCCC	2.0	2403.0	-0.435
TCTGCT	36.0	7513.1	-0.434
CGCAAG	2.0	687.2	-0.434
AATACG	2.0	707.1	-0.432
ATTTAC	31.0	6398.0	-0.431
GTACAC	8.0	3211.4	-0.431
ATCTCC	18.0	3748.6	-0.431
GAGGTG	11.0	4166.9	-0.431
CATAAC	13.0	2898.8	-0.431
TTTCAA	34.0	9672.5	-0.431
GAAATT	33.0	8410.0	-0.429
CCGCTA	3.0	449.8	-0.429
AAACAC	33.0	6854.1	-0.427
TACTGA	16.0	4555.4	-0.426
ATCCCG	1.0	785.6	-0.426
AAAACC	34.0	7135.8	-0.425
CCCACA	21.0	4416.2	-0.425
CGTCAA	3.0	451.9	-0.425
GGGACT	4.0	3558.3	-0.425
ATCACT	5.0	3872.2	-0.424
GTAACC	10.0	2009.9	-0.424
GCTTAC	12.0	2448.0	-0.424
GTGGCG	7.0	1379.0	-0.424
TGGAAG	24.0	6687.5	-0.423
CAGAAG	36.0	7537.5	-0.423
AGGTGA	20.0	4261.2	-0.422
TATCTA	23.0	5542.7	-0.422
GGCAGG	19.0	5307.6	-0.421
ATTACT	24.0	5086.4	-0.421
TTTTGG	54.0	11212.8	-0.420
ACAGGT	19.0	3987.8	-0.419
AGAGGT	20.0	4208.0	-0.419
ACGACG	1.0	217.9	-0.418
ATTTAG	31.0	6429.3	-0.416
GTGAGA	22.0	4724.1	-0.416
GATATT	32.0	6656.0	-0.415
GTTGAC	5.0	2502.8	-0.414
ATTGAT	29.0	6211.1	-0.414
AGCGCA	5.0	915.8	-0.411
TTATTC	32.0	6664.2	-0.411
TGCGTC	4.0	689.7	-0.411
TCCATA	20.0	4221.6	-0.411
GCGCCA	4.0	1008.1	-0.410
TATCTT	36.0	7566.1	-0.410
ACTACA	13.0	3654.0	-0.410
TACAAG	17.0	3804.0	-0.409
GAAGCG	4.0	920.5	-0.409
ACCGCT	2.0	761.1	-0.406
TAGAGG	16.0	3350.8	-0.405
TCCACA	19.0	4378.8	-0.405
TAAGTT	29.0	6231.7	-0.404
AGCCGC	2.0	1186.5	-0.404
AACTAG	14.0	3090.9	-0.404
GACAAC	12.0	2474.0	-0.404
TGGTGA	26.0	5567.5	-0.402
GGTTTG	30.0	6463.3	-0.401
TTCCGA	4.0	697.4	-0.400
TTGAAG	34.0	7139.6	-0.399
CGCTAC	3.0	480.6	-0.399
AAACGT	6.0	1441.4	-0.398
ACAAAC	24.0	6737.4	-0.398
GACTCA	15.0	3141.7	-0.398
AGCGCT	4.0	1067.8	-0.397
TAATTT	71.0	14859.1	-0.395
ATTTAA	62.0	12937.4	-0.395
AAAGGA	37.0	7969.6	-0.394
TTTTAG	41.0	10211.8	-0.394
AGGACC	14.0	2927.8	-0.394
CGGGTC	3.0	860.1	-0.393
CAACCA	18.0	3810.9	-0.393
GCTAAC	3.0	2076.3	-0.393
CTGCAG	32.0	7247.3	-0.392
CAAATC	18.0	3812.7	-0.392
AATTCG	4.0	703.6	-0.391
GCTAAG	12.0	3177.9	-0.390
GACTAT	9.0	3179.8	-0.387
CCGCTC	2.0	910.3	-0.386
TGCGAG	5.0	936.4	-0.386
CCACTT	21.0	4488.7	-0.385
CGAAAA	5.0	937.9	-0.384
ACTTTC	25.0	5520.5	-0.384
CAGAAA	42.0	10146.2	-0.384
AGCTAC	3.0	3088.8	-0.383
AAATGG	27.0	7905.3	-0.382
TCAGAA	30.0	7963.6	-0.382
GGACGT	4.0	710.2	-0.382
GCTTCT	31.0	6506.3	-0.381
CTGGTT	25.0	5387.0	-0.380
TATGTA	73.0	16513.5	-0.380
TTGATT	41.0	8784.0	-0.378
TGACCT	15.0	4831.4	-0.378
TTGTTA	41.0	8785.9	-0.377
AGAGGG	23.0	4948.4	-0.377
TGCGGT	3.0	982.3	-0.377
TCAGCG	1.0	983.2	-0.377
CCCTAT	3.0	2437.8	-0.376
TAGTCC	5.0	2262.2	-0.374
CTAAGA	21.0	4509.7	-0.374
ATCCAT	17.0	5567.7	-0.374
GACTTC	17.0	3623.8	-0.373
CATTCG	2.0	751.3	-0.372
AACACT	19.0	5140.9	-0.371
TATCCA	20.0	4293.4	-0.371
TTCAAA	45.0	9494.8	-0.371
GGGCAC	4.0	2709.4	-0.370
CTTGGG	25.0	5410.2	-0.370
TGAGGC	19.0	4073.2	-0.369
TAGATT	21.0	5517.0	-0.369
TGATCT	16.0	4959.1	-0.369
CGGGCA	3.0	1180.9	-0.368
AGTCAG	21.0	4520.6	-0.368
TAACAC	13.0	3094.3	-0.367
AGGACT	18.0	3855.4	-0.367
CACCCA	19.0	4078.7	-0.367
TTCCAA	29.0	6316.0	-0.366
CTCTGT	46.0	9742.2	-0.365
AATTTA	45.0	10769.8	-0.364
CTGGAA	37.0	7910.4	-0.362
GTTCAG	12.0	4104.8	-0.362
TCCGAT	3.0	489.4	-0.361
TTACTA	16.0	4784.8	-0.361
GCCCTA	4.0	1984.2	-0.361
ACCTTG	19.0	4278.4	-0.360
AGTACG	3.0	490.8	-0.360
GAGAGT	12.0	4057.5	-0.359
GAATTA	18.0	5466.5	-0.359
GAAGCC	17.0	3649.4	-0.358
CTTCTG	39.0	8749.2	-0.357
CTTTAT	32.0	9612.1	-0.357
ACGAGG	4.0	729.1	-0.357
GTCAAT	9.0	2794.4	-0.357
ACTTCC	20.0	4321.0	-0.357
GGATCT	15.0	3209.9	-0.355
CAGATT	17.0	5111.1	-0.355
CGGGGC	11.0	2318.9	-0.355
TTGGTC	17.0	3657.3	-0.354
GGCCGA	4.0	824.2	-0.353
AACATC	19.0	4105.2	-0.352
ACAGCT	24.0	5227.5	-0.350
TAGAAT	31.0	6579.1	-0.350
GCAATT	9.0	3904.4	-0.350
GATCTA	10.0	2318.5	-0.349
TACCAT	11.0	4348.0	-0.348
AGTAAG	9.0	4259.0	-0.348
CTCTAA	19.0	4114.8	-0.347
AGAGAA	46.0	9795.5	-0.347
TCATCA	14.0	4683.9	-0.347
TCACGG	4.0	778.5	-0.347
CTAAGC	4.0	2687.5	-0.347
CCATTA	13.0	3827.4	-0.346
GAAACC	19.0	4116.2	-0.346
CTCCAA	19.0	4116.7	-0.346
ATTTGG	20.0	6932.7	-0.346
TAACCG	3.0	501.0	-0.345
AATCGG	2.0	530.3	-0.344
TCCTTG	29.0	6367.3	-0.344
CAACCC	10.0	2461.1	-0.343
CTGGCC	23.0	5022.2	-0.341
TTTCCT	65.0	13838.8	-0.341
CAGGTT	20.0	4418.7	-0.341
TTCTCA	31.0	7591.9	-0.341
GCGAAA	3.0	503.8	-0.340
ATAGGA	17.0	3682.7	-0.340
TTATAA	39.0	9588.5	-0.339
GCGTAC	1.0	346.5	-0.338
GAGCGT	1.0	901.4	-0.338
CAGTAG	16.0	3463.3	-0.337
GACGCT	3.0	760.9	-0.337
CGCTAT	3.0	506.1	-0.336
TTTTGA	63.0	13604.7	-0.336
CCCAAT	13.0	2796.2	-0.335
CCAGGT	18.0	3918.1	-0.333
TCAGAG	19.0	5902.9	-0.333
GTTGAT	19.0	4143.8	-0.332
AGATTT	36.0	9250.7	-0.332
ATCGCG	1.0	273.4	-0.332
GTCAAA	10.0	4111.7	-0.332
CCATTT	30.0	8702.4	-0.331
GCCTCC	14.0	4602.5	-0.331
TAAGGC	12.0	2579.3	-0.331
AACTCC	15.0	3251.0	-0.331
TTGCCA	19.0	4988.3	-0.330
TCGGTC	1.0	524.2	-0.330
GCTCGG	1.0	1233.3	-0.329
GCCAAG	16.0	3479.2	-0.329
TTCAGA	28.0	7529.9	-0.329
CCGTGT	7.0	1451.7	-0.328
TCGGAA	4.0	754.5	-0.328
GAAAAC	32.0	6862.4	-0.327
CCGGGT	2.0	1247.5	-0.327
GGAAGC	19.0	4154.9	-0.327
AAGTGA	25.0	6014.7	-0.327
AGCAGT	26.0	5730.5	-0.327
TACCAG	14.0	3034.4	-0.327
CGATAT	3.0	514.0	-0.326
GAAGAC	17.0	4417.2	-0.326
TACCGG	1.0	427.0	-0.326
TTTAGT	31.0	8388.5	-0.326
AGTCAA	17.0	3709.0	-0.326
ATGACC	13.0	3269.4	-0.325
GGCGTC	2.0	833.4	-0.325
ATTTCT	61.0	13176.9	-0.325
CAAAAG	32.0	6870.9	-0.324
TCTGGG	28.0	6189.9	-0.324
AAAAGT	39.0	10125.9	-0.324
ATTCTA	26.0	5738.8	-0.324
AGCTAT	14.0	4437.2	-0.323
TTTCTT	98.0	24607.4	-0.322
TAAATT	52.0	11282.4	-0.322
CGCTGT	6.0	1229.9	-0.321
CCTGGC	14.0	5772.2	-0.321
CACAAG	18.0	3943.6	-0.321
GTCTGG	18.0	3943.1	-0.321
CGCCAC	3.0	981.4	-0.321
GCCATT	21.0	4617.8	-0.321
GCTCCT	20.0	4691.3	-0.320
TCCGAA	1.0	612.4	-0.319
GATCAG	12.0	2599.6	-0.318
AAACTC	20.0	5280.5	-0.317
AGGCCG	5.0	1001.8	-0.317
GTCATC	4.0	2834.9	-0.316
CTTGCT	31.0	7199.1	-0.316
GCTCTG	28.0	6211.8	-0.315
TCGTCC	2.0	636.2	-0.315
TGCCCC	18.0	3958.7	-0.313
TCTCGT	2.0	854.5	-0.312
CGAGTA	1.0	478.7	-0.311
GGCCCA	6.0	2639.0	-0.311
GATAAT	15.0	4598.0	-0.310
GGGAAG	23.0	5525.4	-0.310
ATTTAT	70.0	17636.2	-0.310
GCCGGG	9.0	1931.0	-0.310
CAAATA	19.0	7640.0	-0.310
CCAGAC	11.0	3108.7	-0.309
CCCATT	20.0	4417.6	-0.309
TTGGTG	21.0	5979.9	-0.308
TCTATT	31.0	7089.1	-0.308
GGTGCT	8.0	4747.6	-0.306
AATTCT	38.0	8298.4	-0.306
CATACG	1.0	615.9	-0.305
ACAACT	13.0	4097.6	-0.305
CGATAC	1.0	291.5	-0.305
ATGGCC	6.0	3348.6	-0.304
TCTCTG	41.0	10063.6	-0.304
GCCGTG	6.0	1250.4	-0.303
GATCGC	2.0	481.9	-0.303
ATTAGT	9.0	4647.0	-0.303
TCCTCA	22.0	4885.1	-0.302
CTCCGT	5.0	1018.8	-0.300
CTACTT	14.0	4811.9	-0.300
TGAGAT	29.0	6481.2	-0.299
CCGACT	2.0	774.4	-0.299
TAGAGA	20.0	5332.8	-0.299
TCATTA	27.0	6028.0	-0.298
ACGCCA	4.0	782.0	-0.298
TATTAG	11.0	5086.7	-0.298
TAACTT	20.0	6441.7	-0.297
ATTAAG	22.0	5087.0	-0.297
TCAGGG	18.0	3993.3	-0.296
GCGTCC	3.0	864.7	-0.296
TGGTTC	18.0	4014.9	-0.295
GCACAC	22.0	4902.8	-0.295
CTTCCA	26.0	5812.5	-0.294
TCCACG	1.0	1042.5	-0.294
GCCGAA	3.0	538.9	-0.294
TAGCCG	3.0	538.2	-0.294
GGCATC	14.0	3096.2	-0.293
TTCCCC	17.0	5170.9	-0.292
GCCACG	5.0	1027.6	-0.292
AGATTA	20.0	4714.6	-0.292
TCAAGT	19.0	4653.8	-0.290
AACGAG	4.0	789.8	-0.290
GAGAGC	16.0	3555.1	-0.290
ACGTCT	3.0	759.3	-0.289
ATAAGA	23.0	5739.3	-0.289
ACCCAG	19.0	4238.9	-0.288
CTTCGC	4.0	791.8	-0.288
TTCGTC	2.0	577.1	-0.288
CACAAA	32.0	6977.0	-0.286
AGGACG	3.0	850.0	-0.285
CTTACG	3.0	546.6	-0.284
AACCTG	16.0	4616.2	-0.284
GGTACC	6.0	1811.7	-0.283
CCTATG	15.0	3481.1	-0.283
TGGTCA	15.0	4057.4	-0.283
AAGACC	15.0	3508.4	-0.281
AAAGTG	21.0	7227.2	-0.281
TTCCTA	26.0	5910.0	-0.280
AGAATT	33.0	8997.5	-0.280
GCAGCC	20.0	4485.7	-0.279
AACTTG	16.0	5705.6	-0.278
ATAACC	12.0	2711.9	-0.277
GCAACC	7.0	2165.4	-0.277
TTAAGG	20.0	4508.0	-0.277
ACAGGC	15.0	3354.4	-0.277
TGGCCG	2.0	1242.7	-0.277
TAAAAG	43.0	9557.0	-0.276
GAACAG	18.0	4182.2	-0.275
GGTGTC	9.0	3319.1	-0.275
TCTTGC	22.0	5079.0	-0.273
TCCCAG	17.0	6148.2	-0.272
CGATAG	1.0	303.5	-0.272
ATATGT	44.0	14877.6	-0.272
GAGGCT	18.0	4048.7	-0.271
ATCTGG	11.0	3909.4	-0.271
GATATC	11.0	2453.4	-0.270
CAATGT	23.0	5703.5	-0.270
GTGTAT	64.0	13959.2	-0.270
GGGCAA	9.0	3006.3	-0.270
GATCCC	5.0	2351.4	-0.270
GTGCGT	10.0	2224.8	-0.270
GTGATC	11.0	2455.1	-0.269
TGATTT	52.0	11602.6	-0.269
ATTTCG	4.0	811.8	-0.268
GACTAC	8.0	1765.0	-0.268
TGAATT	39.0	9363.8	-0.268
TACGAC	2.0	292.9	-0.268
AGTTTC	31.0	6802.5	-0.267
AACGCG	2.0	293.6	-0.266
GCGGAG	2.0	1526.2	-0.265
ATATCT	29.0	6580.2	-0.265
AAGTGG	21.0	4749.0	-0.264
ACCCTC	10.0	2782.1	-0.264
TTCTTT	97.0	24437.1	-0.263
TCATAG	18.0	4069.1	-0.262
ATTAAC	17.0	3987.2	-0.262
CTCAGT	24.0	5440.1	-0.262
TGCTGT	39.0	10155.4	-0.262
AGCGGT	4.0	818.3	-0.262
AGGAGT	12.0	3771.9	-0.260
GGCCCC	11.0	2476.6	-0.258
TTTCGT	3.0	1416.7	-0.258
CATCCT	14.0	4882.9	-0.258
ACGCTG	3.0	1138.6	-0.257
TGTGCG	12.0	2708.8	-0.257
TTATTT	123.0	27521.2	-0.257
ATCGCC	3.0	570.1	-0.257
GGCGAA	3.0	598.4	-0.255
GGACCC	10.0	2250.5	-0.255
CAGTAA	9.0	4750.2	-0.255
TTCATC	14.0	4916.0	-0.254
ATAACT	23.0	5233.3	-0.254
GCCGCA	3.0	956.5	-0.254
CTAACT	11.0	3412.1	-0.253
CCATAC	10.0	2472.5	-0.252
TTAGCC	12.0	2718.7	-0.252
CGCGGC	5.0	1075.6	-0.252
CTTGAT	22.0	5012.8	-0.251
GCTTCC	14.0	4741.4	-0.251
AACCCT	19.0	4326.2	-0.251
GTCTAT	16.0	3842.9	-0.250
CTTACA	19.0	4878.1	-0.249
TATGGA	13.0	4732.1	-0.249
CTTGCC	14.0	4364.0	-0.248
CACCGC	3.0	966.9	-0.246
TCTGCG	1.0	1463.3	-0.245
GACCGG	2.0	726.5	-0.245
CCAGTT	20.0	4571.9	-0.245
ACCACA	18.0	4811.7	-0.245
GATTCT	20.0	4572.6	-0.244
AACAGG	17.0	3891.2	-0.241
GTTAGC	4.0	2319.2	-0.241
GTAGTC	1.0	2039.5	-0.241
AATACT	21.0	5677.7	-0.240
GTTATC	9.0	2613.7	-0.240
ATAGCC	7.0	2975.1	-0.240
ATAAGG	15.0	3435.8	-0.240
AAGAGT	16.0	5160.4	-0.240
AACACA	33.0	7355.7	-0.239
GAACAT	23.0	5277.7	-0.239
AGTCTC	13.0	3976.5	-0.238
GGTTCG	3.0	588.5	-0.238
AGGTGT	22.0	5050.1	-0.238
TAGGAT	10.0	3850.4	-0.237
CTAGTC	9.0	2050.5	-0.237
TGAGAA	29.0	8716.9	-0.237
TTTGGG	35.0	8001.1	-0.236
AGGGCG	2.0	1414.5	-0.236
CGGATT	3.0	591.4	-0.235
AGCCAA	15.0	4127.7	-0.235
GGGAAT	19.0	4443.0	-0.235
CACTAG	10.0	2289.7	-0.235
ATTCAA	25.0	5750.9	-0.235
GATTTT	38.0	11402.7	-0.234
ACGGAG	4.0	851.9	-0.234
CAAAAC	25.0	7282.8	-0.234
TACCTC	12.0	2757.4	-0.233
GTCCCG	4.0	1064.6	-0.233
TTTCAT	54.0	12709.4	-0.233
TTACCC	6.0	2386.8	-0.232
TCATCT	26.0	5990.9	-0.232
GGAGTG	17.0	3916.6	-0.231
TTGGGG	18.0	6121.5	-0.230
GTTTCC	25.0	5769.8	-0.229
TGTCGT	4.0	905.3	-0.229
GTCTCG	3.0	822.5	-0.228
AACGTC	3.0	600.8	-0.227
TCATTT	46.0	12786.0	-0.227
GGTGAC	13.0	3008.9	-0.225
TAACAT	24.0	6163.2	-0.224
AGGCTC	9.0	3054.3	-0.223
CGTTCA	3.0	717.8	-0.223
TCTGGA	25.0	5788.8	-0.223
ACGCGC	3.0	605.7	-0.222
CCAACT	13.0	3170.4	-0.222
GATTTA	26.0	6025.9	-0.221
ACAAGG	16.0	3714.1	-0.220
ACATAG	20.0	4641.2	-0.219
AAGGGA	12.0	5080.0	-0.219
ACTACT	14.0	3254.8	-0.219
GACGAG	3.0	609.0	-0.219
CGGAAG	1.0	1236.0	-0.218
TAAGGA	20.0	4647.3	-0.218
AGGATA	14.0	3762.9	-0.218
CGGGTT	4.0	871.8	-0.218
TACGCC	1.0	329.7	-0.217
TCCCCG	5.0	1443.6	-0.216
ATGTCC	13.0	3927.0	-0.216
GACTCC	7.0	2620.8	-0.216
TATTTA	67.0	16996.1	-0.216
GGAGTC	11.0	2562.5	-0.216
ATAATT	44.0	9793.9	-0.215
TACCCC	8.0	1855.6	-0.215
GGTTAG	8.0	2542.9	-0.214
GCCACC	4.0	3815.3	-0.214
TACGAT	2.0	464.8	-0.213
ATTCCA	24.0	5586.1	-0.213
CCACAC	17.0	3965.2	-0.213
ATACAA	26.0	6051.3	-0.213
CTATAA	21.0	4893.8	-0.213
TTGATC	5.0	3737.2	-0.212
GACACC	10.0	2337.0	-0.211
CAACCT	13.0	3041.3	-0.211
ACTCAT	19.0	4436.8	-0.210
AGTTGG	19.0	4436.5	-0.210
TACGAA	2.0	572.4	-0.210
TCTCAG	20.0	6144.6	-0.210
GAGATG	21.0	5802.1	-0.209
ACATTC	20.0	4672.6	-0.209
GTCTTG	18.0	4490.8	-0.207
CTCTGA	27.0	6305.6	-0.207
ATTGGT	16.0	4531.6	-0.207
CGTCAT	3.0	623.8	-0.206
ACCTCA	16.0	3756.6	-0.205
TTCTTC	42.0	9831.7	-0.204
TCCTGC	24.0	5837.4	-0.204
GGAAAC	11.0	4477.2	-0.203
GGCAGA	21.0	5099.4	-0.203
GAGTTC	20.0	4691.8	-0.203
GGATTG	7.0	3270.4	-0.203
GATAAC	9.0	2398.1	-0.203
CGGAAA	3.0	903.5	-0.202
GCCACA	16.0	3763.6	-0.202
GCTACG	2.0	527.6	-0.202
GGGCCG	6.0	1395.1	-0.201
CTCACG	3.0	890.7	-0.200
TCTGAT	18.0	6086.8	-0.199
TCCAAG	17.0	4006.2	-0.199
TTAACC	13.0	3318.3	-0.198
TATACT	18.0	5066.0	-0.198
TGAGGT	8.0	4876.3	-0.197
CGAGTC	3.0	634.8	-0.197
TGGGGC	17.0	4468.5	-0.197
ACTTCT	17.0	6015.4	-0.196
GGGGCC	6.0	2894.6	-0.196
CAGTCA	18.0	4291.0	-0.196
CCAAAC	13.0	3889.0	-0.196
ATCTTG	16.0	5399.2	-0.195
ATTTGA	40.0	9173.8	-0.195
AAGAGA	35.0	7992.5	-0.195
ACCTAA	5.0	3424.1	-0.194
TCCGTA	3.0	638.2	-0.194
ACTCCT	8.0	3836.7	-0.193
CGTAGG	2.0	554.6	-0.193
CCTTGG	6.0	5000.9	-0.193
TGAACC	13.0	3473.7	-0.193
ATTCCC	15.0	3558.2	-0.192
CGGATA	1.0	387.2	-0.192
GCACTC	10.0	2459.3	-0.190
TTATGA	22.0	7160.5	-0.190
GGACTG	15.0	3564.6	-0.190
GTCTTC	21.0	4967.6	-0.190
TCATTG	23.0	6020.8	-0.190
AGATCC	13.0	3095.0	-0.190
CGTGCT	6.0	1417.2	-0.189
GATATG	18.0	4269.8	-0.189
GCCACT	13.0	3098.3	-0.189
ATTGGG	11.0	3689.7	-0.188
AAGTCG	3.0	645.3	-0.188
TATGAT	25.0	5911.5	-0.187
CTAAAA	30.0	7619.6	-0.186
CCACAT	11.0	4945.8	-0.186
TCTTTA	30.0	10601.8	-0.186
CTTGGA	22.0	5214.6	-0.186
AAATTC	20.0	7548.9	-0.186
GAAGAG	15.0	6838.3	-0.185
CATATC	14.0	3346.4	-0.184
ACAATT	24.0	5689.3	-0.184
TCGGAG	4.0	920.2	-0.183
ATCTCT	21.0	6247.1	-0.182
TTAATT	51.0	13501.9	-0.182
GAGCCA	13.0	4829.7	-0.182
CCCTCT	18.0	5172.0	-0.182
GTCCGT	1.0	665.3	-0.181
CGCCTC	3.0	1330.4	-0.181
GTCATG	9.0	4173.6	-0.181
GGACTA	5.0	2080.4	-0.181
AGCTCA	10.0	4424.3	-0.181
CAGCAG	22.0	6472.5	-0.180
GGTCTT	18.0	4298.7	-0.180
AGCGAA	3.0	656.2	-0.180
ATCCTC	2.0	3438.2	-0.179
CATCAC	9.0	3345.3	-0.179
GGCCGT	3.0	786.0	-0.179
AAGTAG	19.0	4538.6	-0.178
GAAGTA	10.0	4220.1	-0.178
TCAACT	15.0	3600.3	-0.178
ACTAAC	5.0	2372.4	-0.176
AGGGAA	25.0	5953.2	-0.176
CGTAAC	1.0	369.2	-0.174
GCGTCT	4.0	934.0	-0.174
GCGGCA	4.0	934.6	-0.174
CCACGC	3.0	1269.0	-0.174
TAAGCC	8.0	2649.4	-0.173
AATCTT	26.0	6839.2	-0.173
GACCAG	8.0	3869.3	-0.173
GCAGTC	6.0	3117.6	-0.173
TAGGTA	16.0	3852.1	-0.173
TTGGTT	46.0	10478.8	-0.172
ATTTCA	34.0	9713.1	-0.171
TCAAGC	11.0	2673.4	-0.170
AGCCGG	1.0	1322.3	-0.170
CTCAGA	26.0	6213.5	-0.170
GCGGAA	1.0	774.8	-0.169
TAGTCT	14.0	4010.3	-0.169
CTTCAA	12.0	5290.1	-0.168
CTTGGT	16.0	5399.0	-0.168
TGTTTG	89.0	19755.6	-0.168
AGAAGT	26.0	6221.4	-0.168
GAGAGA	41.0	9545.9	-0.167
GAATTC	19.0	4577.6	-0.167
TGGTTA	10.0	4716.3	-0.167
CGATTT	4.0	947.3	-0.166
TTAGGA	20.0	4817.4	-0.166
TAATTA	37.0	8597.2	-0.166
GCCTCA	17.0	4111.3	-0.165
AATATG	34.0	8334.3	-0.165
TTACAA	24.0	6157.9	-0.165
AGGACA	19.0	5125.8	-0.165
CAAAGG	20.0	4822.7	-0.164
CAACTA	11.0	2690.2	-0.164
CACACG	6.0	1467.4	-0.164
TAAGGT	13.0	3356.9	-0.163
AACCAC	15.0	3646.7	-0.163
GAACCT	13.0	3346.9	-0.163
TTCGTA	1.0	698.9	-0.162
CAATGG	16.0	3891.7	-0.161
CATATG	31.0	7198.9	-0.160
CAGATA	19.0	4608.4	-0.159
ACCAGC	13.0	3185.3	-0.159
ATCATT	26.0	6505.9	-0.158
AAGCCA	23.0	5556.9	-0.158
CATTGG	18.0	4377.0	-0.157
GAGTCG	3.0	690.0	-0.156
AACGAT	3.0	690.3	-0.156
ACGCCC	4.0	966.7	-0.155
TATACG	3.0	692.0	-0.155
GAATTT	37.0	9726.0	-0.155
CTGCCG	3.0	1485.4	-0.155
ATGCCC	16.0	3912.0	-0.155
ACTTCA	20.0	5321.4	-0.154
GGCTGG	16.0	6502.8	-0.154
CGACTA	1.0	392.3	-0.154
GCAGCT	17.0	4963.9	-0.153
CAAGCC	10.0	3164.0	-0.152
AAAAGG	31.0	7238.3	-0.152
CTCCTG	29.0	7002.3	-0.152
GTGGGT	25.0	6055.3	-0.152
GCTACT	13.0	3243.7	-0.151
ATATGA	28.0	7074.5	-0.151
TTGTTG	38.0	13278.6	-0.151
TGGGGT	23.0	5590.6	-0.150
TTAGCT	14.0	4740.9	-0.149
TCTAAG	17.0	4169.5	-0.149
CTCTAT	17.0	4171.4	-0.149
CAATAA	23.0	5595.8	-0.149
TTGCTG	35.0	8786.6	-0.148
TTTGAT	45.0	10372.0	-0.148
AAACCC	16.0	4754.1	-0.148
AAGGTG	10.0	4536.9	-0.147
TCGAGA	4.0	981.8	-0.147
GGAATT	24.0	5838.0	-0.147
TAGAAG	9.0	5253.1	-0.147
ATTCGG	3.0	705.0	-0.147
ATCACC	10.0	2498.9	-0.147
GTCACA	16.0	3942.8	-0.146
ACCTGG	18.0	4425.0	-0.145
CCTAAC	5.0	2267.4	-0.142
CCCTAA	10.0	3019.4	-0.142
TAAGTC	11.0	2757.0	-0.142
AGGGAC	5.0	3001.0	-0.142
GGAACC	10.0	2514.9	-0.141
TACAAT	20.0	4917.9	-0.141
CAGCCC	16.0	4812.4	-0.141
AGGGCT	10.0	4220.5	-0.140
TTCGAA	3.0	715.2	-0.140
TCTTGA	14.0	5927.3	-0.139
GACCTC	11.0	2765.8	-0.139
GTCATT	20.0	4924.9	-0.139
CTTTGA	31.0	8484.5	-0.138
GCCCTC	7.0	3332.3	-0.138
ATTCAG	21.0	5167.1	-0.138
GTGCTG	20.0	7639.0	-0.137
TTCTGA	28.0	8878.4	-0.137
GATCGA	1.0	414.2	-0.137
CTGGAT	19.0	4696.4	-0.136
ACTGGG	18.0	4460.5	-0.136
CCGAGT	4.0	1004.7	-0.135
AGTTAC	14.0	3680.4	-0.135
CTCGAC	2.0	418.8	-0.134
TACAGG	8.0	3884.1	-0.134
TCAAAT	28.0	7392.8	-0.134
CGAGGC	5.0	1278.3	-0.133
ATTACG	2.0	555.1	-0.133
TCATAC	12.0	3032.4	-0.132
CCGTCT	1.0	830.1	-0.132
GGATAG	6.0	2499.4	-0.132
AAAGAG	31.0	7342.2	-0.132
GGTTTC	17.0	5251.9	-0.132
AACCTC	12.0	3034.8	-0.132
CCCTGA	10.0	4756.7	-0.131
AGTGGG	8.0	5189.0	-0.131
GATGCC	7.0	3363.6	-0.129
CGCAAC	2.0	426.7	-0.129
CTGGGC	18.0	5250.2	-0.128
GTCGGC	2.0	621.9	-0.128
CCTTGC	17.0	4254.7	-0.128
GCTCCA	14.0	3532.8	-0.128
ATTGGA	16.0	4504.9	-0.128
TCCTAT	10.0	4131.8	-0.127
CCTCGA	1.0	996.5	-0.127
ACTAGA	11.0	3332.1	-0.127
TCACAA	20.0	4980.6	-0.126
ATAGTC	7.0	2851.4	-0.126
AGCAAC	12.0	3527.0	-0.126
AACCCA	9.0	4390.1	-0.125
CGGGCC	5.0	1297.6	-0.125
AATAGA	14.0	6050.5	-0.125
TCGATG	3.0	744.4	-0.125
GGCACA	7.0	3952.9	-0.125
TAGGCT	12.0	3059.9	-0.125
ATATCC	14.0	3546.9	-0.124
GTCCGA	1.0	434.1	-0.124
ATCCAG	12.0	3800.3	-0.124
ACGGCC	2.0	589.7	-0.123
GAGGTA	10.0	2888.3	-0.123
TATAAT	31.0	9022.2	-0.123
ACTTAC	13.0	3314.0	-0.122
GAGTAG	11.0	2826.0	-0.121
TATCCT	18.0	4525.2	-0.121
TCAATG	13.0	4536.4	-0.120
GTTACC	8.0	2086.0	-0.120
TTGACG	2.0	557.6	-0.120
AGATAT	19.0	6599.3	-0.120
CTCAGG	20.0	5013.4	-0.120
TTACGA	2.0	498.6	-0.119
AAGGAC	10.0	3590.0	-0.119
GGTGTT	12.0	5508.2	-0.119
AGCGAT	1.0	661.8	-0.119
CCAATT	12.0	3623.5	-0.119
GGGCAG	20.0	5018.7	-0.118
CATCAA	11.0	4017.7	-0.118
CGCAGT	2.0	959.9	-0.117
AACCTA	8.0	3238.7	-0.117
CCCTGG	25.0	6226.5	-0.117
CTCTTG	22.0	5616.6	-0.116
CATACT	15.0	3827.2	-0.115
GGCTGC	10.0	5293.5	-0.115
AATTGG	16.0	4069.4	-0.115
TAGCGA	1.0	466.0	-0.115
CGCCGC	5.0	1324.3	-0.114
TAAGAG	14.0	4887.3	-0.114
CTCAAC	4.0	2613.8	-0.114
AAATAC	32.0	7688.7	-0.114
TCTTTG	45.0	10602.0	-0.113
TAGCGG	1.0	472.0	-0.113
CGCGGA	2.0	654.2	-0.113
CCTGAT	10.0	4260.8	-0.113
CTGAGT	21.0	6507.5	-0.113
TGAGCG	4.0	1059.1	-0.111
GACGTA	1.0	454.6	-0.111
CAGCTC	13.0	4430.2	-0.111
GAGGAC	8.0	3009.3	-0.111
CGTATA	3.0	772.1	-0.111
AGGTAC	9.0	2368.6	-0.111
CAAGGT	14.0	3604.5	-0.111
TAAGGG	3.0	3048.3	-0.110
GAACTC	20.0	5060.9	-0.110
TTCGCC	1.0	694.1	-0.110
TGGGGA	22.0	6370.4	-0.110
CCTATC	8.0	2120.5	-0.110
CTATGT	26.0	6515.0	-0.109
TCGAGT	1.0	674.6	-0.108
TTGCCC	10.0	3514.2	-0.108
GGTTCT	17.0	4351.0	-0.108
ATATTC	24.0	6041.3	-0.107
GTAGGC	8.0	2130.5	-0.107
AGCCAC	6.0	4050.9	-0.106
CCATCT	24.0	6050.2	-0.106
GATACT	7.0	2933.5	-0.105
TAGCCA	14.0	3935.7	-0.104
CTTCAT	28.0	7026.2	-0.104
CTGCTC	20.0	5581.4	-0.104
AGTACA	11.0	4750.9	-0.104
GTCCAG	13.0	3399.8	-0.102
ATCGTC	1.0	471.7	-0.102
CTAAGT	15.0	3899.7	-0.100
CCTTGA	19.0	5366.3	-0.100
CGGCGT	2.0	505.9	-0.100
AGGATC	9.0	2726.9	-0.099
AAGAGG	13.0	5392.1	-0.099
TAACCC	4.0	2460.6	-0.098
GTTGAG	13.0	4304.5	-0.098
AAAACG	5.0	1462.5	-0.098
TCATTC	13.0	5133.9	-0.098
TCTTCA	32.0	7804.6	-0.097
TACTAG	9.0	2424.4	-0.096
GCTATG	16.0	4167.3	-0.096
CTTAGG	12.0	3181.3	-0.096
CATCCA	10.0	4546.1	-0.095
TGGGAC	14.0	3677.3	-0.095
ATAGGT	10.0	3288.6	-0.095
TACCTA	13.0	3431.8	-0.095
GCCCGC	1.0	1483.2	-0.095
AAGGGT	10.0	3625.1	-0.095
GCCAAA	14.0	3683.8	-0.094
TACTAA	16.0	4178.7	-0.094
TCCAGT	19.0	4912.9	-0.093
TCAACG	1.0	488.6	-0.093
CCGGCA	3.0	893.3	-0.093
TCGGCG	2.0	520.3	-0.093
TGTTGG	28.0	7104.7	-0.093
AGTCGG	3.0	815.6	-0.093
AGTTAA	19.0	5939.5	-0.092
TCGGGA	4.0	1113.9	-0.091
GTGAGC	17.0	4438.0	-0.091
AGGCAA	19.0	4929.4	-0.091
ACACCC	11.0	2955.0	-0.090
CCTATT	8.0	3702.2	-0.090
TCCAGC	18.0	4854.4	-0.090
CGTTAA	2.0	595.5	-0.090
TCTATA	21.0	5425.7	-0.089
TGACGA	2.0	611.6	-0.089
CAGCTA	15.0	3962.0	-0.088
TGGAGT	20.0	5190.9	-0.088
CATTAG	5.0	3629.3	-0.088
CGAAAC	1.0	508.1	-0.087
CCTCTT	20.0	6251.4	-0.087
CACTAA	11.0	3591.9	-0.087
GGATCG	2.0	501.1	-0.087
AGCTTC	16.0	4400.2	-0.086
CCTGCT	22.0	6902.4	-0.086
ACGTAT	4.0	1130.9	-0.086
AATCTC	15.0	3974.3	-0.086
GTGTGA	31.0	7642.8	-0.086
GAATCA	14.0	3734.6	-0.085
TCGATA	2.0	506.9	-0.085
AATTAC	16.0	4691.0	-0.084
ACTCGA	1.0	509.1	-0.083
GGGCTG	22.0	5713.3	-0.083
TTTAGG	22.0	5715.0	-0.083
CGATTC	2.0	511.1	-0.082
CCAAGG	6.0	3771.3	-0.082
GCCTTG	20.0	5232.0	-0.082
CCTGGG	25.0	6457.7	-0.081
TGCTTC	27.0	6947.4	-0.081
CTGGTG	15.0	5655.8	-0.081
CCTCAT	15.0	4004.4	-0.081
GGCGAT	2.0	516.9	-0.080
ACATCC	5.0	3285.4	-0.080
TCGCCA	3.0	850.8	-0.080
ATGGGA	18.0	5212.7	-0.080
AATTAG	19.0	5000.4	-0.080
GTTGTT	38.0	11600.4	-0.079
AGGGTA	11.0	3012.1	-0.079
GCCGCT	4.0	1153.6	-0.079
TCACAC	14.0	3776.7	-0.078
ACGGGA	3.0	859.3	-0.077
TCGGTA	1.0	524.3	-0.077
GGGTCT	11.0	3695.3	-0.077
GTGAGT	24.0	6249.6	-0.077
CCCGCG	4.0	1165.8	-0.076
CCATCA	15.0	4038.3	-0.076
GAACCA	4.0	3313.8	-0.075
GATTAT	10.0	4805.5	-0.075
CCCTCA	12.0	3546.9	-0.075
ATACTT	24.0	6263.4	-0.075
GAGAAG	23.0	6018.4	-0.075
ATACGA	2.0	530.7	-0.075
TTTGAG	31.0	9379.6	-0.075
TTGGGA	23.0	6022.6	-0.074
TGCTCC	12.0	4477.3	-0.074
CTAACA	13.0	3631.8	-0.073
CGGTAG	1.0	536.0	-0.073
GTGAAC	7.0	3188.9	-0.073
GGATAC	7.0	2012.8	-0.072
CTCTGG	23.0	6297.4	-0.072
ATTTCC	22.0	7313.0	-0.072
CTCAGC	19.0	5058.0	-0.072
ACCGGG	3.0	878.2	-0.071
AGCCGT	3.0	878.9	-0.071
CAGCCA	20.0	5314.2	-0.070
CGCCAT	3.0	882.3	-0.070
TATTCA	19.0	6676.8	-0.070
AGGTCA	14.0	3826.1	-0.070
AAGGGC	8.0	3160.8	-0.070
AAGGAT	15.0	4698.1	-0.070
CGGACT	1.0	591.5	-0.069
ATTCAC	5.0	3733.1	-0.069
TCACAT	20.0	5678.9	-0.069
CTGATT	16.0	5545.1	-0.069
CCCAAA	19.0	5137.8	-0.069
CGCGCT	3.0	889.0	-0.068
AGAGTC	8.0	3407.9	-0.068
ACGTAC	2.0	549.1	-0.068
GGCCAA	5.0	2622.0	-0.068
GCCTAA	6.0	2261.8	-0.067
GGGTTT	22.0	7410.5	-0.067
TCAAAG	19.0	6008.9	-0.067
TCAGGC	6.0	3144.6	-0.067
ATACTA	7.0	4018.0	-0.067
TCACTA	9.0	3370.0	-0.067
TACGGA	2.0	553.1	-0.066
CAGTCT	17.0	4794.0	-0.066
GCTGAG	22.0	6064.8	-0.065
GGATCA	8.0	2319.1	-0.064
GCGGTG	3.0	1560.8	-0.064
GGGTTG	14.0	3869.7	-0.063
AGTAGA	16.0	4373.3	-0.063
CCTGGA	20.0	6678.6	-0.063
GATTAC	8.0	2325.6	-0.063
GCCATG	6.0	4737.0	-0.063
GAGCGG	4.0	1216.9	-0.063
GCGATT	2.0	564.3	-0.063
AGAGAG	36.0	9701.6	-0.062
AGCGGG	1.0	1257.8	-0.061
CAATTA	16.0	4393.1	-0.061
GATGCT	14.0	5329.0	-0.060
TACGTA	3.0	918.1	-0.060
ATCCAC	11.0	3128.9	-0.060
CATACA	21.0	7794.2	-0.060
GGTCTG	9.0	3629.6	-0.060
TTGAGA	31.0	7890.1	-0.059
AGCGGA	1.0	781.4	-0.059
CGGCAA	1.0	577.3	-0.059
AGTCCA	9.0	3407.0	-0.058
CGGAGC	2.0	1491.5	-0.058
GTTGCC	8.0	2834.6	-0.058
GATCAT	12.0	3400.1	-0.058
CGGGAA	3.0	1233.5	-0.058
GCCAAC	7.0	2087.9	-0.058
TTGAGG	16.0	5046.8	-0.058
GACTAG	4.0	2203.5	-0.057
TGGCGA	3.0	931.7	-0.057
CCGAAA	2.0	665.7	-0.057
CCGCGT	2.0	584.9	-0.056
TGGGAA	27.0	7482.6	-0.056
CCTCGG	5.0	1541.0	-0.056
GCTGGA	19.0	5189.5	-0.056
CTGAGG	6.0	5213.9	-0.056
TGAGGA	16.0	5352.4	-0.056
CACTCT	15.0	4184.4	-0.056
AGGTCT	12.0	3591.9	-0.056
ATCTTC	19.0	5195.1	-0.055
CTGGGA	12.0	7343.5	-0.055
CCGGGC	4.0	1815.0	-0.055
CTCTAG	11.0	3682.8	-0.055
TCATAA	22.0	5954.8	-0.054
TTCTTG	33.0	9382.4	-0.054
ACGTCC	2.0	593.6	-0.054
AGAGTT	21.0	6115.8	-0.053
TAGTCA	12.0	3437.6	-0.053
GCCCGG	6.0	1841.4	-0.053
ATATAT	95.0	22455.3	-0.053
ACTCCA	7.0	3801.3	-0.052
GATTAG	8.0	2395.4	-0.052
GGACTC	8.0	2395.6	-0.052
CTTCTT	39.0	9972.7	-0.052
CGGCAG	4.0	1270.1	-0.051
CAGGTC	5.0	2939.3	-0.051
CGCAGC	5.0	1566.2	-0.051
TCCTGA	23.0	6236.7	-0.051
TGTGTG	198.0	80404.8	-0.051
GATCAC	3.0	1927.5	-0.051
GCCATC	13.0	3714.8	-0.051
TACCCT	6.0	2798.9	-0.051
AGAGTG	14.0	5067.7	-0.051
ATCCTT	17.0	5465.0	-0.051
AGTCCG	1.0	607.9	-0.050
CATATA	21.0	8810.5	-0.050
GTCCAC	6.0	2068.8	-0.050
AGGCTG	24.0	6501.9	-0.050
CACCGG	1.0	952.2	-0.050
AATTCA	24.0	7046.7	-0.050
AATCAC	10.0	3432.9	-0.049
TAGGTC	4.0	2077.2	-0.049
GGAGTA	8.0	2460.1	-0.049
TCTATG	21.0	5764.7	-0.049
GGTCCC	6.0	2445.8	-0.048
TTCATT	47.0	12477.7	-0.048
GAGGTT	10.0	3520.9	-0.048
CCCAGG	19.0	5271.2	-0.048
TGATCA	13.0	4202.7	-0.047
TCGTTA	2.0	688.9	-0.047
ATCAGG	11.0	3235.1	-0.046
GCCGTC	2.0	696.1	-0.046
GGGTAT	12.0	3609.4	-0.046
GGAATC	9.0	2820.0	-0.045
CTCAAT	12.0	3505.6	-0.045
TATTCG	2.0	637.9	-0.045
AGGGCC	9.0	2721.9	-0.044
GAATAG	12.0	3514.7	-0.044
CGGAAC	1.0	632.1	-0.044
TCGAAT	2.0	634.4	-0.044
GGGGTT	13.0	3780.4	-0.044
CCGCTG	5.0	1613.8	-0.044
ACAGAT	21.0	5823.8	-0.044
AGTGTG	33.0	8588.2	-0.043
GGTCAC	6.0	2375.7	-0.043
AGTAAA	14.0	7800.0	-0.043
ACTAAA	20.0	5981.1	-0.043
ACACAA	23.0	6343.2	-0.042
ATACCC	6.0	2259.9	-0.042
ATCGAT	2.0	646.3	-0.041
GGCAAA	16.0	4581.5	-0.041
TGGCCA	15.0	4326.9	-0.041
TGCCCT	17.0	5793.8	-0.041
CGTCTG	3.0	1012.2	-0.040
ACCCTG	13.0	4841.3	-0.040
GCAGCG	3.0	1721.2	-0.040
GGCCAG	15.0	4339.2	-0.040
GATCCA	9.0	2764.4	-0.040
GTGCGC	4.0	1868.9	-0.038
GGGTAC	6.0	1955.5	-0.037
TCGAAG	2.0	669.6	-0.037
TATGTC	17.0	4906.4	-0.036
ATATGG	17.0	4908.3	-0.035
TCGAGG	1.0	890.9	-0.035
TATGTG	59.0	17272.1	-0.035
GGCCGC	4.0	1440.6	-0.035
TGGATT	19.0	6358.1	-0.035
TCTCGG	3.0	1051.2	-0.034
CACGCT	2.0	963.8	-0.034
TAAGTA	15.0	5926.5	-0.034
TGATTC	10.0	4300.6	-0.034
TAACCT	8.0	3534.7	-0.034
GCTGCC	18.0	5359.3	-0.034
GCTACC	6.0	1984.4	-0.034
GGCCAC	8.0	2551.1	-0.033
TCATAT	15.0	6561.5	-0.033
GGCAAT	3.0	2841.7	-0.033
CATTCT	23.0	6786.2	-0.033
CTCCAG	15.0	5633.2	-0.032
GGAGAC	10.0	3218.8	-0.032
ATTCAT	24.0	8351.3	-0.032
AGCCAG	20.0	5731.6	-0.032
GCCGCG	2.0	1153.6	-0.031
CACAGG	15.0	4605.9	-0.031
CTCGAA	3.0	1081.1	-0.030
GGCAGC	14.0	4206.8	-0.030
GGTCCT	12.0	3680.7	-0.030
ATCTAT	19.0	6175.0	-0.030
CAATTT	25.0	7243.4	-0.030
TCCATT	27.0	7559.1	-0.030
TTTCGA	1.0	1168.4	-0.029
GAGGCC	11.0	3417.0	-0.029
CAATTC	5.0	3541.4	-0.029
GAGTTG	12.0	4274.6	-0.029
CAAGTC	9.0	2881.3	-0.029
CGTTGG	2.0	742.3	-0.028
CTATGG	10.0	3440.4	-0.028
AGAGAT	10.0	6346.7	-0.028
GGGCCA	5.0	3073.6	-0.027
GGCCCT	10.0	3184.7	-0.027
ATCTCA	17.0	5044.2	-0.027
CCGCAG	1.0	1476.3	-0.026
TGCTGC	22.0	7690.5	-0.026
CAAGGG	10.0	3195.6	-0.026
TCTTAG	7.0	5130.3	-0.026
CGCTGC	4.0	1904.8	-0.026
GACCGC	2.0	746.5	-0.025
CGATGC	2.0	747.0	-0.025
AGGATT	8.0	4526.4	-0.025
GAGGCA	16.0	4918.4	-0.025
AAAGGG	16.0	5198.1	-0.025
ACTAGC	5.0	1956.7	-0.025
ACCTCG	1.0	751.6	-0.024
AGTCTG	11.0	4987.5	-0.024
GCCCTG	21.0	6130.3	-0.024
GAGTAC	4.0	2351.4	-0.024
TTAGAG	16.0	4833.7	-0.024
GGCAAC	6.0	2093.0	-0.024
AACTCG	1.0	758.4	-0.023
GATTTC	18.0	5363.1	-0.023
TGCCGC	3.0	1146.3	-0.023
CCGCCA	2.0	1041.7	-0.022
CTATGA	15.0	4598.3	-0.022
AATTCC	16.0	4864.8	-0.022
GCGATG	1.0	770.9	-0.022
AGGGTC	6.0	2831.3	-0.022
CTAGCC	6.0	2615.5	-0.022
GTTGGT	14.0	4777.7	-0.022
CGGAGT	2.0	778.4	-0.021
TTGGAG	13.0	5560.6	-0.021
ACTCAG	16.0	5678.1	-0.021
CACTCA	13.0	4090.1	-0.021
TTCTTA	31.0	8532.9	-0.021
GTATGT	64.0	16344.3	-0.021
ATAAGT	12.0	5091.7	-0.020
TGCTGG	20.0	8642.4	-0.020
CACCAG	10.0	4074.2	-0.020
ACCTAT	9.0	3014.6	-0.020
GCCGCC	5.0	1841.2	-0.020
TCTCAA	17.0	5455.9	-0.020
CTCGAG	2.0	795.5	-0.019
CCTAAG	6.0	3123.4	-0.019
CTCATT	16.0	6071.8	-0.019
TCCTGG	24.0	7022.5	-0.019
TAGCCT	12.0	3854.8	-0.019
CCAGCT	18.0	5461.3	-0.019
AGGTTA	10.0	3309.5	-0.019
ACTATG	13.0	4421.6	-0.019
TGATTA	17.0	5427.3	-0.018
ACATAT	21.0	9543.4	-0.018
TGGCTA	11.0	4524.2	-0.018
CGAGGT	1.0	813.1	-0.018
CAACTC	8.0	2767.1	-0.018
AGTGAG	18.0	5495.2	-0.018
AGGCCT	11.0	3616.5	-0.017
GATCTC	8.0	2807.1	-0.017
TACACA	27.0	7857.6	-0.017
TAGAGT	14.0	4439.5	-0.017
GGTTAT	5.0	3535.5	-0.017
GTTGGC	7.0	3125.3	-0.017
ATTCTC	15.0	4943.7	-0.017
CTGGAG	11.0	6439.9	-0.016
AGGCCA	14.0	4464.7	-0.016
GGATCC	7.0	2507.3	-0.016
GCCAGG	14.0	4469.2	-0.016
TGACTA	8.0	4133.3	-0.016
AGGGCA	9.0	4553.2	-0.015
GAAGTC	11.0	3679.6	-0.015
GCTGCT	26.0	7687.3	-0.015
GGGTTC	3.0	2795.8	-0.014
CCCAGC	15.0	5859.0	-0.014
GAGAAC	11.0	3871.4	-0.014
GGGATC	5.0	2107.0	-0.014
GCCCAG	15.0	4797.0	-0.014
GAGTCA	8.0	3486.1	-0.014
AACGTG	3.0	1264.2	-0.014
CAAGGC	2.0	3447.5	-0.014
CAGGCC	2.0	3341.7	-0.014
CGCCAG	2.0	1214.8	-0.014
CCAGCC	13.0	5573.3	-0.013
TTCAAT	15.0	6184.6	-0.013
ACTAAG	9.0	3606.7	-0.013
CTCACA	16.0	5105.7	-0.013
CGCTCT	2.0	1138.8	-0.012
ATTAGA	16.0	5128.4	-0.012
GGCCTC	8.0	3783.9	-0.012
GCTCAA	7.0	2730.4	-0.012
GGGACC	7.0	2613.1	-0.012
CTCAAA	13.0	6136.0	-0.012
GGGTTA	5.0	2792.0	-0.012
TCAATA	14.0	4603.2	-0.012
ATTCTT	27.0	9634.8	-0.011
TAACTC	8.0	3445.8	-0.011
TATAGG	9.0	3204.2	-0.011
GCGCAG	3.0	1550.8	-0.011
GGTTAC	5.0	2010.2	-0.011
CCTAGG	8.0	2932.7	-0.011
ACACTC	9.0	3231.8	-0.010
CTCATA	10.0	3834.6	-0.010
CTCAAG	6.0	3743.2	-0.010
GCTGGG	17.0	7402.6	-0.010
CAGCGC	2.0	1295.5	-0.010
TCCAAT	11.0	3823.6	-0.010
CATAGG	5.0	2877.3	-0.010
TTAGTT	23.0	7702.9	-0.009
TCTAGG	7.0	3262.0	-0.009
CTTGGC	12.0	4143.9	-0.009
GACATC	8.0	2993.0	-0.009
TCTTCG	2.0	954.0	-0.009
CTCGGA	2.0	957.5	-0.009
GCTGGT	6.0	4172.3	-0.009
CGCTGG	1.0	1450.6	-0.008
AAGTAC	11.0	3890.7	-0.008
GGATTT	21.0	6643.9	-0.008
GAGATT	9.0	4628.4	-0.008
GGCCCG	2.0	1242.1	-0.008
AGGGTG	10.0	4136.9	-0.008
CCAGGG	7.0	4744.3	-0.008
GGAGAT	11.0	3924.3	-0.008
ACCAGG	11.0	4064.5	-0.007
GTCTGT	27.0	8329.9	-0.007
GGATTC	7.0	2772.4	-0.007
CTTAGC	8.0	3216.1	-0.006
AAGTCC	1.0	3217.6	-0.006
GTGCGG	1.0	1201.5	-0.006
AAGGCC	8.0	3129.6	-0.006
CGGCCC	2.0	1156.2	-0.006
ACCCAA	8.0	3496.6	-0.006
GCCAGC	9.0	4489.3	-0.006
GGTCAT	8.0	3163.5	-0.005
ATCAAT	12.0	4357.7	-0.005
AGGGAT	10.0	3784.4	-0.005
CGGGAC	1.0	1080.1	-0.005
TATGGG	11.0	4526.0	-0.005
CCGGGA	3.0	1523.1	-0.004
ATTAGG	8.0	3210.4	-0.004
CTAGGC	6.0	2588.5	-0.004
AATAGG	8.0	3219.3	-0.004
AGATTC	10.0	3833.8	-0.004
GTTAAC	2.0	2576.1	-0.004
CTGCGG	4.0	1925.3	-0.004
TTCGAG	1.0	1269.8	-0.004
CTAGGG	3.0	2616.5	-0.004
TGATCC	4.0	2902.6	-0.004
TAGGGA	8.0	3274.6	-0.004
TACATA	28.0	9658.7	-0.003
GGATTA	7.0	3913.7	-0.003
GATCCT	8.0	3324.3	-0.003
TCAAGG	9.0	3650.4	-0.003
CAATAG	7.0	3036.3	-0.003
GTGTGT	166.0	74616.9	-0.003
ACACAT	31.0	9621.4	-0.003
GCTGCG	4.0	2030.4	-0.003
CCTCAA	6.0	3780.5	-0.003
ACAGGG	11.0	4707.7	-0.003
TGGGAT	17.0	6336.1	-0.002
CAGGGC	11.0	4323.5	-0.002
CAGGCT	15.0	5526.9	-0.002
GGACAC	6.0	2787.8	-0.002
CTCGGC	2.0	1240.5	-0.002
CCAGCG	1.0	1244.8	-0.002
TACTTA	15.0	5546.4	-0.002
TCTTGG	17.0	6143.2	-0.002
CAGCTG	14.0	6515.3	-0.002
TACTCA	4.0	3755.4	-0.002
CGTGGC	1.0	1283.4	-0.002
GCGCGG	1.0	1291.3	-0.002
CGGCTG	3.0	1767.2	-0.002
GAGCAG	13.0	5127.6	-0.001
TTAGGG	7.0	3268.3	-0.001
AACTTC	8.0	4631.2	-0.001
GACACA	12.0	4851.2	-0.001
CAGCCG	2.0	1420.7	-0.001
ACTCAC	9.0	4028.7	-0.001
CAGGGT	6.0	5106.8	-0.001
AGGCCC	2.0	2610.0	-0.001
TGTGAG	26.0	9078.9	-0.001
TCCAGG	12.0	5012.2	-0.001
GGCCAT	5.0	3341.9	-0.001
GATTCA	5.0	3398.8	-0.001
CAGCGG	1.0	1490.7	-0.001
CACACT	11.0	4829.5	-0.000
GGGATT	12.0	5149.1	-0.000
CTGCTG	24.0	9875.0	-0.000
ACTAGG	1.0	2366.0	-0.000
AGGTCC	2.0	2708.4	-0.000
AGGGTT	12.0	5304.3	-0.000
TTCATA	14.0	8127.8	-0.000
TCAATT	9.0	5397.1	-0.000
GAGGTC	3.0	2757.8	-0.000
GGCTAC	2.0	2511.7	-0.000
CTAAGG	5.0	3011.6	-0.000
GATTCC	4.0	2805.8	-0.000
TAGGGT	3.0	3093.1	-0.000
AATTTC	19.0	8054.3	-0.000
AACTCA	16.0	7217.8	-0.000
ACTCAA	5.0	4045.1	-0.000
ACATAC	12.0	6209.6	-0.000
ATAGGG	2.0	2412.0	-0.000
ACACAC	17.0	15513.7	-0.000
GAGATC	2.0	2956.2	-0.000
CCAGGC	7.0	5114.0	-0.000
CACATA	13.0	7560.8	-0.000
CACACA	38.0	17953.6	-0.000
CGTCTT	0.0	905.2	1.000
AGGCGA	0.0	764.0	1.000
GCGAGG	0.0	1105.3	1.000
CAACGC	0.0	591.8	1.000
ACAGCG	0.0	969.7	1.000
AGCGGC	0.0	1154.3	1.000
CACCCG	0.0	1063.2	1.000
CCCGGA	0.0	1229.5	1.000
CCGGAC	0.0	669.3	1.000
GACGTT	0.0	698.8	1.000
ATCGAA	0.0	623.5	1.000
TTAGCG	0.0	577.4	1.000
ACCACG	0.0	1022.4	1.000
CCACGT	0.0	1161.0	1.000
CAACCG	0.0	545.4	1.000
ACCGAA	0.0	648.1	1.000
TTCGTT	0.0	1584.4	1.000
TCGTTG	0.0	868.8	1.000
CGTTGC	0.0	709.3	1.000
TGACGT	0.0	971.6	1.000
CGTAAG	0.0	571.4	1.000
CAGCGA	0.0	1044.9	1.000
GCGAAT	0.0	510.3	1.000
CACGTA	0.0	891.1	1.000
CCGTAC	0.0	353.1	1.000
CGAATA	0.0	527.7	1.000
TCGTCA	0.0	559.9	1.000
AGGTCG	0.0	582.2	1.000
TCGCAA	0.0	484.4	1.000
TAGGGC	0.0	2004.7	1.000
GATTCG	0.0	635.7	1.000
CGAGAG	0.0	900.2	1.000
CGCGTG	0.0	1058.5	1.000
CAGGCG	0.0	1302.2	1.000
AGCCCG	0.0	1252.6	1.000
CTATCG	0.0	377.0	1.000
TACCGT	0.0	557.7	1.000
GTCGTC	0.0	527.2	1.000
CTACGT	0.0	671.0	1.000
GTACCG	0.0	420.2	1.000
CGACTC	0.0	622.3	1.000
CGGCGA	0.0	464.9	1.000
TCCCGT	0.0	1017.7	1.000
CGTCGA	0.0	160.8	1.000
GTCGAG	0.0	465.8	1.000
CGAGAA	0.0	908.7	1.000
TATCGA	0.0	489.6	1.000
TCGACC	0.0	390.7	1.000
CGAAGA	0.0	825.8	1.000
ACCCGA	0.0	685.0	1.000
CCGGAG	0.0	1393.8	1.000
TCGGCC	0.0	817.0	1.000
CGGCCA	0.0	969.6	1.000
GGACCG	0.0	826.5	1.000
GCGATA	0.0	304.9	1.000
TCGAAC	0.0	738.5	1.000
CCGTAA	0.0	508.0	1.000
TACCCG	0.0	545.9	1.000
CCGATA	0.0	298.3	1.000
AGGCGT	0.0	1039.9	1.000
CGTATC	0.0	461.6	1.000
CCGGTT	0.0	665.7	1.000
GTCGGT	0.0	665.9	1.000
GTCACG	0.0	779.2	1.000
TCACGC	0.0	676.0	1.000
CGTCCA	0.0	678.5	1.000
CGACCG	0.0	339.2	1.000
CCGAGC	0.0	1152.5	1.000
GGCTCG	0.0	1068.4	1.000
CTCGGT	0.0	1032.5	1.000
AACCGG	0.0	620.2	1.000
ACCGGA	0.0	674.6	1.000
CGGAGA	0.0	1046.3	1.000
GCCGGA	0.0	915.8	1.000
CTGACG	0.0	820.8	1.000
CGGTGT	0.0	1088.9	1.000
CCCGCA	0.0	1153.5	1.000
CCGGAT	0.0	574.3	1.000
GTGCGA	0.0	639.3	1.000
TGCGAC	0.0	605.3	1.000
CCGGAA	0.0	1018.0	1.000
GCGTGA	0.0	849.2	1.000
TCCGGA	0.0	837.2	1.000
CTGCGA	0.0	1042.1	1.000
ACGTGG	0.0	1321.8	1.000
GCGTTG	0.0	798.9	1.000
GGAGCG	0.0	1377.0	1.000
AGGCGC	0.0	1083.4	1.000
CGCATT	0.0	639.8	1.000
CGATAA	0.0	447.9	1.000
TGTCGA	0.0	607.2	1.000
ACGATG	0.0	764.8	1.000
CGATGT	0.0	814.8	1.000
ACCGCG	0.0	501.0	1.000
GACGTC	0.0	626.4	1.000
CGGTCC	0.0	726.1	1.000
GGTCCG	0.0	659.9	1.000
GTCCGG	0.0	809.7	1.000
GCGTAA	0.0	374.9	1.000
TCGTGC	0.0	794.3	1.000
AGCGAG	0.0	1081.7	1.000
CACGCG	0.0	688.6	1.000
ATTCGT	0.0	941.2	1.000
TCGCCT	0.0	914.7	1.000
GCCGTA	0.0	380.2	1.000
CCGTAT	0.0	549.8	1.000
TCTCCG	0.0	1016.7	1.000
CTCCGA	0.0	844.0	1.000
CCGAAG	0.0	846.8	1.000
CTCGAT	0.0	579.4	1.000
CTTGCG	0.0	924.4	1.000
TTGCGA	0.0	582.5	1.000
CGTAAT	0.0	592.2	1.000
CGTGTA	0.0	1229.6	1.000
TTACGC	0.0	310.7	1.000
ACGACC	0.0	427.1	1.000
ATCTCG	0.0	659.8	1.000
GAACGC	0.0	728.8	1.000
GGACGA	0.0	605.6	1.000
ACGAGA	0.0	795.2	1.000
ATTGCG	0.0	482.3	1.000
ATCCGG	0.0	581.5	1.000
TCCGAG	0.0	955.2	1.000
ATCGGC	0.0	422.1	1.000
CGGATC	0.0	462.6	1.000
CCCGTT	0.0	768.2	1.000
GTCGAA	0.0	435.5	1.000
CGAGAC	0.0	958.3	1.000
TGCGAT	0.0	659.6	1.000
GACGAA	0.0	503.0	1.000
ATACGG	0.0	453.6	1.000
TAACGC	0.0	403.6	1.000
TTGTCG	0.0	764.6	1.000
ACCGGT	0.0	467.6	1.000
ACGGCG	0.0	388.5	1.000
GAGCGC	0.0	1245.1	1.000
CCGCGA	0.0	474.5	1.000
AGCGTC	0.0	746.3	1.000
AGTGCG	0.0	914.5	1.000
TGCGAA	0.0	632.1	1.000
CGGCGC	0.0	1077.4	1.000
CCGGTC	0.0	644.9	1.000
GCGAAG	0.0	696.0	1.000
CGAAGT	0.0	613.0	1.000
CGCGCC	0.0	1069.6	1.000
CGACGG	0.0	327.5	1.000
GACGGA	0.0	597.0	1.000
CGCGAA	0.0	253.2	1.000
CCCCGT	0.0	922.6	1.000
GTCCGC	0.0	606.5	1.000
GCCCGA	0.0	803.2	1.000
GCGAGA	0.0	844.1	1.000
CGTTCG	0.0	261.5	1.000
CGCGGT	0.0	576.3	1.000
CGAACG	0.0	185.4	1.000
CGAATC	0.0	479.4	1.000
GCTCGA	0.0	537.9	1.000
AGCGCG	0.0	767.1	1.000
CGCCGT	0.0	451.2	1.000
CGTCGC	0.0	356.3	1.000
GTCGCG	0.0	394.6	1.000
ATTCGA	0.0	597.1	1.000
GACGAC	0.0	509.7	1.000
TGATCG	0.0	566.6	1.000
AAGCGG	0.0	838.2	1.000
TGACGC	0.0	652.6	1.000
CGTGAC	0.0	893.9	1.000
CCCGTA	0.0	469.7	1.000
CGTTGA	0.0	753.9	1.000
AGCGTA	0.0	434.5	1.000
TACGTC	0.0	432.4	1.000
CCCGAT	0.0	488.6	1.000
CCGATC	0.0	365.3	1.000
CGATCC	0.0	486.4	1.000
AACGCA	0.0	777.9	1.000
TCGATC	0.0	429.2	1.000
CGATCT	0.0	610.7	1.000
CGTACC	0.0	326.6	1.000
GCGCGC	0.0	2283.0	1.000
TACGCA	0.0	559.1	1.000
TACGAG	0.0	464.0	1.000
CGCAAT	0.0	422.0	1.000
TAATCG	0.0	466.5	1.000
GATCGT	0.0	477.1	1.000
GCGATC	0.0	446.5	1.000
CGATCG	0.0	168.6	1.000
CGCGTA	0.0	189.8	1.000
GTCGCC	0.0	773.6	1.000
TTGCGC	0.0	652.8	1.000
TCGCGC	0.0	473.1	1.000
GTACGA	0.0	343.9	1.000
CGGTAC	0.0	398.6	1.000
ACGCGA	0.0	202.1	1.000
TTCGCG	0.0	304.5	1.000
ACGCAC	0.0	913.2	1.000
TCGTCG	0.0	254.7	1.000
CGTCCG	0.0	365.6	1.000
ACGTCG	0.0	228.1	1.000
GCGGTA	0.0	500.5	1.000
CGTACG	0.0	153.8	1.000
CGCGAT	0.0	249.5	1.000
