OligoSequence	Target Occurences	Background Occurences	Enrichment(ln p, up to 2 mismatches)
TTTTTT	9585.0	170980.2	-105.236
CTTTTT	1867.0	32189.0	-93.567
TTTTTG	2070.0	36993.5	-83.527
TTTTTA	2103.0	38377.3	-75.328
AAGTGC	479.0	6472.9	-74.255
ATTTTT	2432.0	45817.6	-68.107
CCAAAG	508.0	7398.0	-62.566
TTTTGG	909.0	15151.2	-62.452
CAAAGT	547.0	8159.3	-62.089
CCCAAA	516.0	7576.4	-61.841
AAAGTG	627.0	9833.1	-58.494
TCCCAA	538.0	8159.2	-57.653
GTGCTG	496.0	7528.9	-53.552
AGTGCT	497.0	7601.9	-52.308
GGATTA	556.0	8784.3	-51.042
CCTTTT	804.0	13723.7	-50.932
CGCGCG	102.0	812.7	-49.444
TGGGAT	616.0	10183.9	-46.882
CAGTTG	304.0	4218.0	-45.556
ACTTTT	860.0	15356.3	-43.367
GCCTCC	731.0	12887.8	-40.397
GGCTTA	232.0	3113.5	-39.381
TAAGTG	319.0	4791.1	-39.035
AGGCGT	206.0	2654.9	-38.809
CTCCCA	621.0	10790.0	-37.797
AGCCAC	415.0	6637.1	-37.713
GCGCGC	111.0	1117.3	-37.361
GGCCTC	387.0	6136.8	-36.566
GGGATT	545.0	9486.8	-36.411
TGACGA	39.0	563.9	-35.750
TGCTGG	528.0	9006.4	-35.559
CCTCCC	746.0	13547.1	-35.256
TTAAGG	204.0	4805.0	-35.118
GGCGTA	39.0	461.5	-34.900
CCACCT	387.0	6223.6	-34.660
TTTGGA	582.0	10175.5	-34.577
CCTAAG	124.0	2935.1	-34.532
GGACTA	163.0	3219.4	-34.245
GATTAC	457.0	7667.9	-33.871
AAGTGA	474.0	8024.5	-33.725
AAGTGT	295.0	6171.8	-32.919
TTTTAA	1522.0	30465.1	-32.904
CGGCCT	181.0	2877.4	-32.764
TTGGCG	30.0	892.4	-32.741
TTGAAG	381.0	7444.7	-32.638
GCTTTT	695.0	12679.8	-32.497
TCGGAT	30.0	516.5	-32.397
TTGAAA	608.0	10899.3	-31.770
GCCTTA	120.0	2893.8	-31.267
CGTAAG	21.0	655.1	-31.042
CTGATC	194.0	2673.1	-30.932
TAAGCG	33.0	589.5	-30.844
CCCCAA	165.0	3634.2	-30.754
CGTCGG	16.0	309.8	-30.467
CGCATA	50.0	344.0	-30.270
GACTAC	120.0	2781.2	-29.829
CTAAAG	179.0	3723.5	-29.550
CTTAAG	243.0	4025.2	-29.411
TTAACG	46.0	820.0	-29.411
CGTTTT	136.0	2788.9	-29.197
GGCCTT	190.0	4201.4	-28.929
TCCGAA	25.0	658.7	-28.441
TTGAAC	246.0	6002.8	-28.280
TTCGGA	23.0	734.4	-27.997
TTGGAA	388.0	8031.1	-27.977
CCTACC	94.0	2277.8	-27.920
TGGACT	205.0	3967.6	-27.898
TTACAG	581.0	10590.5	-27.887
GTGATC	356.0	5958.1	-27.326
AGTGAT	420.0	7272.6	-27.179
CGATTA	53.0	635.6	-27.038
TGGCCT	391.0	6707.8	-26.943
TTTGGG	414.0	10275.6	-26.839
TTGACG	43.0	659.8	-26.811
GCGTAA	28.0	461.6	-26.688
CCGCCC	96.0	2349.2	-26.406
TCGTAG	60.0	525.3	-26.210
CGGCTT	61.0	1169.6	-26.041
GTGATG	214.0	5217.0	-25.986
TGGGCT	273.0	5600.1	-25.944
CTTAAC	162.0	3084.8	-25.757
GCGATT	123.0	1847.2	-25.673
TTTTCG	79.0	1877.4	-25.298
TGACCC	131.0	2618.0	-24.710
TAAAGC	188.0	4115.7	-24.694
AGTGTA	243.0	3840.6	-24.568
GCTGAT	234.0	3676.8	-24.462
ACCGCA	93.0	1069.8	-24.197
CGACCT	59.0	922.8	-24.188
TTTTGA	1103.0	22344.8	-23.729
TTACCG	33.0	626.5	-23.666
ATTACA	563.0	10543.0	-23.429
CGCTTA	34.0	543.9	-23.192
AACTGC	180.0	3491.1	-23.055
TTCGTA	77.0	841.4	-23.043
ACCTGC	217.0	3403.7	-22.989
AATTTT	1343.0	27787.6	-22.955
TACCGC	46.0	446.8	-22.887
GATGAC	144.0	2590.9	-22.843
GGCCTA	111.0	2087.0	-22.631
GAGCCA	388.0	6909.4	-22.352
GGGCTT	244.0	3972.1	-22.296
GTTGAC	117.0	2385.6	-22.075
ACGACC	44.0	354.2	-21.826
GCCCAA	92.0	2566.3	-21.714
TCCGCC	135.0	3159.1	-21.671
AGTACT	127.0	3306.6	-21.617
CAAGTG	279.0	5399.0	-21.398
CCCAAG	187.0	4751.9	-21.180
TTAAGC	173.0	3650.6	-21.179
TAATTG	339.0	5960.9	-21.159
CCGAAG	44.0	884.9	-21.075
AAACTG	295.0	6622.3	-20.943
GCTTAA	216.0	3604.7	-20.925
TGGCAT	220.0	5173.9	-20.889
TGACCG	42.0	708.2	-20.849
GCGATC	90.0	1703.8	-20.841
AGGGAT	211.0	4116.6	-20.768
TACCGG	16.0	415.2	-20.764
TTGCGG	21.0	856.1	-20.597
CGGATT	26.0	744.4	-20.559
GATAAC	97.0	2221.9	-20.445
GGTGAT	223.0	4811.9	-20.370
CCCCCT	119.0	3113.8	-20.239
TTCTGG	300.0	7519.6	-20.235
TACGTG	33.0	1055.6	-20.203
AACTGA	224.0	5108.5	-20.109
CATCGG	51.0	480.2	-20.038
TTGGCC	329.0	6575.8	-19.946
ATCGGG	50.0	467.9	-19.903
CTCAAG	298.0	5196.4	-19.802
TCAGCC	429.0	7942.0	-19.786
TAGGCG	64.0	689.2	-19.776
ACGTGA	51.0	1261.0	-19.767
AGCCTC	464.0	8707.1	-19.708
CCCCTT	249.0	4204.2	-19.601
ACTACC	115.0	1586.4	-19.522
TAAAGT	275.0	7229.6	-19.459
AGCGAT	120.0	1986.0	-19.444
TCCGTG	86.0	1057.5	-19.367
GCCCCC	126.0	2688.4	-19.233
CGATCG	2.0	130.3	-19.233
CGAAGT	27.0	995.4	-19.170
GATTAT	310.0	5486.8	-19.121
TTGGAC	178.0	3111.9	-18.951
ACGTGC	28.0	1096.8	-18.911
TTGGCA	282.0	4915.2	-18.802
CTGACC	243.0	4908.0	-18.717
GTCGTA	39.0	342.7	-18.708
TCGCAA	6.0	473.3	-18.676
TCAAGC	281.0	4903.4	-18.614
GGGATA	136.0	2632.2	-18.600
TTAAAG	475.0	9048.2	-18.521
GGACTT	194.0	3971.3	-18.281
TGATCA	226.0	3792.7	-18.258
CTGAAC	159.0	3252.1	-18.232
AAGCTT	181.0	5548.1	-18.163
CTTGAC	199.0	3263.7	-18.050
TTTCGG	39.0	1206.0	-17.993
CCGCCT	209.0	4049.4	-17.983
CTTGGA	259.0	4826.4	-17.933
TACAGG	488.0	9374.4	-17.919
GTACTG	118.0	2595.9	-17.886
TTGACC	187.0	3263.9	-17.771
GGAATA	213.0	4315.0	-17.743
GCCACC	344.0	6699.5	-17.661
GCTGGG	621.0	12322.7	-17.628
TCGGAC	16.0	442.4	-17.402
TTCGTG	64.0	1100.5	-17.350
CGCCTT	100.0	1368.2	-17.334
TGATCC	281.0	4988.7	-17.188
AAGTAC	117.0	3027.8	-17.175
AAGCGA	127.0	2063.0	-17.173
TTGGTG	337.0	6178.6	-17.042
TTACGG	42.0	664.5	-17.000
TTTAAG	548.0	10759.0	-16.989
GAGCTA	159.0	2514.7	-16.943
GTGACC	127.0	2673.8	-16.938
GGCATT	173.0	4309.3	-16.933
ACGATT	44.0	854.4	-16.902
AGGCCT	160.0	3870.2	-16.891
TCTGAA	361.0	6712.1	-16.863
CCACCC	176.0	4301.9	-16.856
TTCGAC	17.0	474.5	-16.825
ACCTTT	303.0	6757.5	-16.675
TTTTAG	653.0	16349.4	-16.636
GATCCA	195.0	3253.7	-16.493
GCATAA	179.0	2937.0	-16.427
ACGAAC	42.0	398.5	-16.417
CTTGGC	343.0	6368.7	-16.364
CGGATA	42.0	399.9	-16.352
CCGATC	12.0	320.2	-16.313
CTGGGA	615.0	12323.3	-16.305
TGAGCC	410.0	7822.3	-16.269
GACGAC	40.0	372.3	-16.141
CGGACT	27.0	617.9	-16.086
GACCGC	42.0	545.7	-16.068
CCCGAA	39.0	852.3	-16.028
TGCTGA	292.0	6138.1	-16.016
GGCGAT	58.0	664.3	-16.009
TTTGAA	683.0	13878.4	-15.924
AAGCGT	43.0	909.5	-15.839
GCCTCA	387.0	7717.2	-15.838
TGACTA	188.0	3135.1	-15.825
GACCCA	88.0	2294.9	-15.795
GCCTTT	311.0	6754.2	-15.730
ATTGAA	311.0	6624.4	-15.730
GTGCTT	255.0	5177.4	-15.730
TGCTTA	239.0	5349.1	-15.730
TTAACT	279.0	6375.6	-15.730
AGTGTT	357.0	7100.2	-15.730
TGGGTT	339.0	7422.1	-15.730
GGGTTT	418.0	9249.3	-15.730
GGTTTA	176.0	4630.4	-15.730
GTTTAA	296.0	7297.2	-15.730
ATTGGT	180.0	4626.6	-15.730
AGCTTA	154.0	3432.2	-15.730
CTTAAT	261.0	5724.2	-15.730
ATTAAA	411.0	10372.4	-15.730
CTGATT	268.0	6777.3	-15.730
TTGATG	291.0	6525.2	-15.730
TGCAGA	205.0	5549.5	-15.730
GGTTTT	601.0	13153.8	-15.730
GTTTTG	508.0	14482.2	-15.730
TTTTGC	543.0	12611.2	-15.730
TTTGCA	383.0	9445.6	-15.730
TTGCAG	293.0	6230.1	-15.730
TGCAGT	413.0	10156.3	-15.730
TTCGAA	55.0	913.7	-15.730
TTTACA	359.0	9417.5	-15.730
CCTTAT	146.0	3959.6	-15.730
CTTATG	139.0	3434.8	-15.730
TTATGA	198.0	6201.5	-15.730
TTATAG	270.0	6205.6	-15.730
AGGCTT	245.0	4753.6	-15.730
GGCTTT	354.0	6838.8	-15.730
AGATTA	214.0	5107.6	-15.730
GATTAA	178.0	4375.7	-15.730
TTAAAA	776.0	20371.0	-15.730
AAATGC	246.0	6052.4	-15.730
TTCTTA	374.0	9414.3	-15.730
CTCAAA	254.0	6798.5	-15.730
TTTATT	1011.0	33090.0	-15.730
TTATTT	1000.0	33951.7	-15.730
TTTGCC	298.0	7755.2	-15.730
AAATGG	263.0	7021.1	-15.730
GGATTT	373.0	7886.8	-15.730
TCTTAA	349.0	7064.7	-15.730
TAAAGG	246.0	4539.1	-15.730
GACTTT	357.0	7158.9	-15.730
TTAGGT	194.0	4832.4	-15.730
TGTAAG	225.0	4816.9	-15.730
ATTTTA	740.0	22685.8	-15.730
TTTAGG	298.0	6536.0	-15.730
TAGGTT	175.0	5059.8	-15.730
TTGACA	231.0	4838.4	-15.730
TATTTT	1407.0	37668.4	-15.730
ATTTTG	705.0	17534.9	-15.730
TTTTGT	1297.0	31734.2	-15.730
CACTTT	349.0	9121.2	-15.730
TTGCAA	201.0	5810.7	-15.730
TGCTTG	217.0	5915.4	-15.730
AGTTAA	229.0	5727.7	-15.730
TTTTCT	1174.0	33725.4	-15.730
TTAGTG	225.0	4841.5	-15.730
TAGTGA	204.0	4211.3	-15.730
GTGATA	154.0	3674.7	-15.730
TGATAG	152.0	3792.6	-15.730
AGCTTT	391.0	8764.6	-15.730
TTATGG	189.0	4714.8	-15.730
TATGGA	140.0	3829.9	-15.730
GGAATT	313.0	5891.7	-15.730
AATTCT	344.0	8868.5	-15.730
TAGTCT	133.0	3878.8	-15.730
GAAATG	306.0	7375.3	-15.730
GAGTTT	282.0	8850.3	-15.730
AGTTTT	690.0	17279.8	-15.730
TACTGA	197.0	4543.9	-15.730
TGCCTT	282.0	7727.3	-15.730
TGGAAA	350.0	8769.3	-15.730
AAAGCA	291.0	6911.6	-15.730
TTGTTT	823.0	28563.4	-15.730
TGTTTT	1116.0	31025.6	-15.730
GACATT	211.0	5069.6	-15.730
TTCAGG	238.0	5595.4	-15.730
AGGTTT	355.0	7999.1	-15.730
GTTTGG	235.0	6024.7	-15.730
TGGATA	193.0	4836.1	-15.730
CTGTTT	414.0	12133.8	-15.730
TGAAGA	366.0	7483.1	-15.730
GGTCTT	265.0	5534.8	-15.730
TTGTCG	36.0	869.4	-15.730
TGAAGT	315.0	7088.9	-15.730
ACTGTT	243.0	5860.0	-15.730
GTTTAC	135.0	3959.8	-15.730
CTTTTC	438.0	13386.5	-15.730
TTTTCA	710.0	17286.3	-15.730
AACTTT	451.0	10251.7	-15.730
TTTCTG	517.0	15082.5	-15.730
GTGAAA	262.0	6866.9	-15.730
ATAACA	161.0	4537.9	-15.730
CCATTT	377.0	10361.1	-15.730
CATTTT	895.0	20017.3	-15.730
TTTAAA	1067.0	25254.1	-15.730
GTGAAT	182.0	5063.7	-15.730
TGAATG	235.0	6793.1	-15.730
CCGTTT	52.0	1463.8	-15.730
CAATGT	115.0	4119.4	-15.730
AATGTG	278.0	6624.5	-15.730
ACTATT	195.0	4949.2	-15.730
AAATGT	470.0	11114.7	-15.730
AATGTT	389.0	9221.1	-15.730
TTTTAT	1054.0	28797.2	-15.730
GGTTAA	119.0	3401.0	-15.730
GTTAAG	122.0	3419.7	-15.730
TTGGGT	217.0	5678.7	-15.730
TTTGAG	612.0	15712.8	-15.730
TTGAGA	378.0	12760.1	-15.730
TGAGAT	286.0	8504.4	-15.730
GTCTTA	171.0	3621.7	-15.730
AAAAGT	384.0	9081.0	-15.730
GTAATA	175.0	4037.0	-15.730
TAATAC	145.0	3743.8	-15.730
ACTGAT	185.0	4327.3	-15.730
TTATTG	314.0	9490.2	-15.730
TATTGG	138.0	4656.0	-15.730
ATTGGA	215.0	4321.3	-15.730
ATTACT	188.0	5393.5	-15.730
TTGAGC	197.0	4525.8	-15.730
CAGTTT	366.0	9968.0	-15.730
TTTGTT	873.0	29253.0	-15.730
TGTTAC	180.0	4316.7	-15.730
ATTAGA	228.0	5148.5	-15.730
CGCTTT	68.0	1372.3	-15.730
TAAATG	356.0	8553.7	-15.730
CCTATT	176.0	3990.5	-15.730
TGACAT	195.0	4872.4	-15.730
TTCTAA	243.0	7559.8	-15.730
CTTTTG	580.0	12874.4	-15.730
TTGGGA	346.0	7769.4	-15.730
GAATTG	195.0	4849.2	-15.730
ATTGCA	240.0	5422.5	-15.730
ACACTT	183.0	4903.3	-15.730
TTTCTT	1003.0	33021.1	-15.730
TCTGGA	190.0	5846.6	-15.730
CCTTTG	244.0	7642.1	-15.730
ATTAAG	205.0	4976.9	-15.730
GCTTAT	188.0	3815.3	-15.730
TTAGGA	223.0	5266.1	-15.730
GGAAAA	341.0	8737.6	-15.730
AATCTG	214.0	4962.3	-15.730
GTTAAA	246.0	5926.5	-15.730
AAAGCT	221.0	5504.3	-15.730
TTCTTT	887.0	31978.0	-15.730
TTGTGA	300.0	7554.6	-15.730
AGGGTT	229.0	4981.6	-15.730
TCTTTT	1043.0	29567.5	-15.730
TGGAGT	384.0	11151.2	-15.730
AGTCTT	325.0	7228.0	-15.730
AATGCT	250.0	5772.9	-15.730
CAAGTT	164.0	4857.5	-15.730
AAGTTT	445.0	10495.2	-15.730
AACTGT	203.0	5068.7	-15.730
TTATAC	156.0	4294.3	-15.730
CTTTTA	499.0	12938.8	-15.730
ACTAAA	215.0	5149.2	-15.730
GCGTTT	46.0	1364.9	-15.730
TCTTAG	197.0	4627.8	-15.730
TTAGCA	179.0	4447.2	-15.730
GTTTTA	421.0	12417.1	-15.730
GTAAAG	136.0	3954.1	-15.730
TTTAGA	343.0	9297.7	-15.730
TTAGAG	222.0	4911.2	-15.730
GCATTT	362.0	9190.3	-15.730
TTTAGC	205.0	5279.6	-15.730
TAGATG	118.0	4069.1	-15.730
CCTGTT	190.0	5721.9	-15.730
TGTTGG	349.0	7839.5	-15.730
GAAGTT	231.0	5820.5	-15.730
AAGTTC	188.0	4629.7	-15.730
AATTGA	290.0	5888.4	-15.730
GGAAAT	268.0	6406.1	-15.730
GAAAGT	261.0	5746.7	-15.730
TATTAC	152.0	4304.4	-15.730
TTACTG	274.0	6274.2	-15.730
TGGTAT	195.0	5152.0	-15.730
GGTATT	190.0	4563.2	-15.730
ATATTT	746.0	18760.0	-15.730
TGAGTA	216.0	5508.3	-15.730
CAAAAG	222.0	5595.4	-15.730
AAAGTT	346.0	8847.6	-15.730
GATTCT	303.0	7127.2	-15.730
TTTACG	40.0	1063.1	-15.730
GAAAAT	333.0	9985.8	-15.730
ATAGTG	167.0	3786.5	-15.730
TTTCAG	434.0	10545.0	-15.730
AAGTTG	207.0	5432.0	-15.730
TTGGCT	315.0	8009.8	-15.730
GTAAGT	204.0	3854.0	-15.730
AGTTGT	177.0	5398.8	-15.730
TCAAAG	190.0	5217.6	-15.730
ACTGAA	274.0	6072.0	-15.730
TGAATT	391.0	9982.2	-15.730
TGTAAT	315.0	8370.8	-15.730
ATACTT	269.0	6329.8	-15.730
TTTGAC	267.0	5635.0	-15.730
CTTAGA	158.0	3958.0	-15.730
TTCAAG	364.0	8417.3	-15.730
TTGGTA	224.0	5481.1	-15.730
TGAACT	306.0	6250.7	-15.730
TCTTGG	317.0	7154.4	-15.730
TATTGA	280.0	7264.4	-15.730
TGGTGT	270.0	6598.6	-15.730
GTGTTA	179.0	4482.0	-15.730
GAGTTG	141.0	4131.6	-15.730
TTGTAA	336.0	7899.4	-15.730
AGACTT	246.0	5508.2	-15.730
AACCTT	202.0	4683.5	-15.730
CTTTGG	353.0	8794.6	-15.730
TGATAA	221.0	5563.9	-15.730
TACAGT	212.0	5053.0	-15.730
TAACTT	274.0	6735.7	-15.730
TTTGTA	577.0	15945.4	-15.730
TAATGA	239.0	5961.8	-15.730
TAAACT	257.0	5659.4	-15.730
AGGTAT	167.0	3986.5	-15.730
AGATGA	245.0	6141.3	-15.730
GAGATT	238.0	5656.0	-15.730
GGTGTT	204.0	4816.1	-15.730
AACTTG	206.0	4954.3	-15.730
TTGAAT	365.0	9365.2	-15.730
GAATAT	244.0	5659.3	-15.730
AATATT	439.0	13298.3	-15.730
TTTATG	363.0	10322.6	-15.730
TGTGCT	232.0	6074.0	-15.730
AGCATT	221.0	6192.0	-15.730
TACTGT	225.0	5374.4	-15.730
GAGCTT	152.0	3940.7	-15.730
GTATTG	153.0	3907.8	-15.730
TGTGGT	231.0	7279.5	-15.730
TGGTAA	209.0	4789.6	-15.730
AGGATT	306.0	6467.4	-15.730
ATTTGG	321.0	8457.4	-15.730
GCAATT	208.0	4630.0	-15.730
AATGTA	249.0	6666.4	-15.730
ATAAGT	184.0	4210.2	-15.730
TAAGTA	197.0	4875.0	-15.730
TTTGGC	311.0	6685.0	-15.730
TGTTGA	263.0	7874.3	-15.730
GTTGAA	223.0	5632.2	-15.730
TGAACA	200.0	5330.0	-15.730
GATAAT	192.0	4901.5	-15.730
GAATTA	204.0	5410.6	-15.730
AGTCAT	122.0	4165.5	-15.730
GTTGGA	153.0	4180.6	-15.730
TCTCAA	245.0	6560.5	-15.730
CAATTG	134.0	3098.3	-15.730
CTGATA	153.0	3701.8	-15.730
ACTTGA	260.0	5363.4	-15.730
ATTGTT	334.0	9096.4	-15.730
GAACTT	195.0	4937.1	-15.730
ACTCTT	235.0	5657.3	-15.730
TAGGAT	197.0	4241.1	-15.730
TGTGAA	277.0	7665.0	-15.730
ATGTTT	484.0	12603.2	-15.730
TAACTG	166.0	4334.4	-15.730
CCTTAA	172.0	4091.6	-15.730
AATCCT	198.0	4693.4	-15.730
TAAGCT	142.0	3596.5	-15.730
ATCTGA	209.0	4408.5	-15.730
AGAGTT	178.0	6222.8	-15.730
AAGGAT	169.0	4866.5	-15.730
GAATCT	167.0	4305.2	-15.730
TTTAAC	334.0	7274.7	-15.730
TAATGG	164.0	4173.4	-15.730
GCTATT	180.0	4751.0	-15.730
TTGTTG	358.0	11468.8	-15.730
GATCTT	217.0	5490.3	-15.730
GGTTAT	108.0	3614.5	-15.730
AGTAGT	178.0	4042.6	-15.730
AGGTTA	117.0	3599.2	-15.730
CAAACT	236.0	5261.7	-15.730
ATGAAG	239.0	6140.5	-15.730
GAATGT	214.0	5425.5	-15.730
GGATTG	173.0	4009.2	-15.730
TGGCTT	321.0	7490.2	-15.730
CGATTT	53.0	1459.2	-15.730
GATTGT	157.0	4457.8	-15.730
TGACAA	182.0	4384.5	-15.730
TGGTGA	261.0	6140.0	-15.730
TTTCAA	404.0	10626.8	-15.730
AATGGT	152.0	5101.3	-15.730
CAAATT	277.0	6974.2	-15.730
AAGACT	186.0	4590.0	-15.730
TTTCGA	71.0	1029.1	-15.730
ACGTTT	84.0	1987.4	-15.730
TTGTCA	243.0	6415.0	-15.730
GATGAT	219.0	4985.6	-15.730
TAGACT	161.0	3146.0	-15.730
ACTATA	138.0	3559.4	-15.730
AGATGT	190.0	5352.2	-15.730
ACATTG	166.0	4576.5	-15.730
GGATAT	171.0	3986.4	-15.730
AAAGCG	65.0	1094.9	-15.690
CCAACG	28.0	552.1	-15.668
GGGTTA	96.0	2509.9	-15.625
GACGAT	13.0	529.2	-15.589
GGCATA	120.0	2369.0	-15.583
GAGCTG	163.0	4845.0	-15.500
AAATTG	397.0	7596.0	-15.440
CGCAAA	23.0	642.3	-15.414
TATAGG	195.0	3309.6	-15.389
GACCTC	211.0	4577.9	-15.297
TCGGCC	138.0	2188.7	-15.273
TGGAAT	374.0	7129.1	-15.184
CAGTCG	56.0	652.1	-14.977
TTGGAG	333.0	6256.5	-14.976
GGGTCG	61.0	740.0	-14.965
ACTACG	37.0	555.3	-14.948
CCATCG	59.0	704.6	-14.942
GAAGTA	227.0	3995.7	-14.941
TGAACC	135.0	3651.7	-14.925
AAGTCC	141.0	3067.3	-14.911
GCGTGA	173.0	2883.4	-14.868
CGCCCA	112.0	3106.9	-14.821
TCCTAA	203.0	4328.8	-14.812
CTTTCG	81.0	1106.0	-14.793
AGTGAC	208.0	3605.2	-14.775
TTGTCC	228.0	4029.6	-14.734
AAGTGG	236.0	4981.6	-14.641
TATCGT	55.0	643.7	-14.606
TGATGA	339.0	6407.0	-14.561
AGCCGT	31.0	831.4	-14.547
TTAGCC	168.0	4301.3	-14.546
ACCCAA	157.0	2962.2	-14.511
AGCCGC	37.0	986.0	-14.489
CTAAGC	100.0	2124.6	-14.483
CTTACG	37.0	708.3	-14.468
AACGAT	59.0	717.5	-14.414
GGCGTG	218.0	3850.4	-14.362
TGAAGC	215.0	4394.5	-14.351
CCTGCC	439.0	8607.8	-14.345
ATAACG	53.0	615.7	-14.328
GCCGCC	62.0	1493.8	-14.292
CACCGC	125.0	1948.4	-14.270
CCTTGG	296.0	5511.2	-14.178
TAACGC	41.0	421.0	-14.171
AGCCCC	121.0	3029.0	-14.171
AAGGTC	160.0	2662.1	-14.155
CGTGAC	25.0	804.8	-14.143
CAAGTC	159.0	2641.3	-14.142
GTAGTA	117.0	2888.8	-14.123
ATACCT	211.0	3709.1	-14.110
AGGTGC	136.0	3496.6	-14.095
TTGTGG	342.0	6515.7	-14.087
CGCATT	53.0	621.9	-14.049
ACAGGC	385.0	7443.4	-14.030
GCCTAC	58.0	1711.1	-14.025
GTGAGC	320.0	6048.0	-13.957
TAAGCC	135.0	2495.5	-13.952
TGGTCT	402.0	7845.5	-13.949
TGACCT	336.0	6579.5	-13.910
AAAGGT	264.0	4832.6	-13.908
ATCCGA	40.0	409.8	-13.833
CTGGCG	86.0	1211.5	-13.821
CTAAGT	178.0	3580.0	-13.779
CGAAAG	39.0	773.2	-13.773
GTTGGT	250.0	4551.0	-13.644
CGTGCT	42.0	1027.1	-13.624
CCGGCG	59.0	738.0	-13.530
GGCTTG	145.0	3681.4	-13.517
CAAGCA	244.0	4445.8	-13.508
TGCGAT	68.0	1186.7	-13.503
AGCTTC	138.0	4086.2	-13.437
TCAAAC	180.0	4309.6	-13.437
AGTAGA	218.0	6714.2	-13.437
GTAGAT	149.0	3816.0	-13.437
GATTAG	151.0	2885.4	-13.437
ATTAGG	110.0	3632.8	-13.437
TTAGGG	161.0	3597.8	-13.437
TAAGTC	123.0	3002.6	-13.437
TGATGC	152.0	3724.1	-13.437
GGGGTT	248.0	5759.4	-13.437
ACAACT	117.0	3255.6	-13.437
CCACTT	182.0	4933.3	-13.437
TAGGTG	181.0	3594.6	-13.437
GTAAGA	132.0	3692.4	-13.437
TGACAG	193.0	4633.9	-13.437
ACAGTA	156.0	3859.3	-13.437
CAGTAT	185.0	4261.6	-13.437
AACGTT	57.0	1307.2	-13.437
TCTGGG	245.0	5963.0	-13.437
TGAGCA	155.0	4873.0	-13.437
GCCTTG	233.0	5117.5	-13.437
CAGTTA	171.0	4096.5	-13.437
ATAGCT	173.0	3867.2	-13.437
GGGAAT	146.0	3984.4	-13.437
CTGACT	221.0	4417.7	-13.437
TTGGGC	133.0	3589.4	-13.437
TCCTGG	343.0	8318.0	-13.437
TCCTGA	402.0	9091.1	-13.437
GGTGAA	160.0	4581.4	-13.437
AAGGTG	196.0	4409.4	-13.437
GGTGTA	119.0	2798.5	-13.437
TACCTG	175.0	3758.8	-13.437
AGTGAG	220.0	6511.9	-13.437
GCTAAA	153.0	3369.6	-13.437
AGAGCT	172.0	4411.1	-13.437
GACCTT	167.0	3796.0	-13.437
ATGCTG	230.0	5507.2	-13.437
TAGTAG	191.0	5884.8	-13.437
TTGGGG	261.0	6043.9	-13.437
AGGCAT	272.0	5504.1	-13.437
CTGCTG	236.0	6758.8	-13.437
ACCTTA	131.0	3119.1	-13.437
CTGGAA	271.0	6613.8	-13.437
GACTTC	127.0	3567.2	-13.437
AGGAGT	199.0	5090.7	-13.437
CTGATG	201.0	4961.2	-13.437
AGGTCT	164.0	3759.1	-13.437
CAAAAC	173.0	4976.3	-13.437
TAGCCT	120.0	3462.2	-13.437
CCTAAA	168.0	3995.0	-13.437
AAAGGG	194.0	4976.8	-13.437
AAGGGA	242.0	5462.5	-13.437
TGATGG	214.0	5999.5	-13.437
GAGTAA	144.0	3354.1	-13.437
TGGTGG	216.0	6918.0	-13.437
AGTGGT	231.0	5717.8	-13.437
GCTGAA	219.0	4836.1	-13.437
CATACT	97.0	3048.9	-13.437
GCTTGG	160.0	3744.4	-13.437
AAGGTA	188.0	3871.0	-13.437
AGGTAA	188.0	4474.7	-13.437
TCCAAA	224.0	5675.1	-13.437
CCAAAA	241.0	5708.7	-13.437
AAAGTC	174.0	4444.8	-13.437
AAGTCA	142.0	4864.2	-13.437
GATGCT	140.0	3842.8	-13.437
TCAGCT	229.0	6115.2	-13.437
TGTAGG	158.0	3780.6	-13.437
GAAGTG	256.0	5581.2	-13.437
TAACAG	175.0	3854.8	-13.437
GCTTGA	124.0	4185.2	-13.437
TAGCAT	151.0	3998.7	-13.437
GATACT	133.0	2950.7	-13.437
CTTGGG	173.0	5076.0	-13.437
ATACAG	148.0	4105.4	-13.437
GAATAG	131.0	3748.1	-13.437
ACAAGT	136.0	3612.6	-13.437
TAAGGA	182.0	4712.3	-13.437
GCATTA	130.0	3203.3	-13.437
AGAGTA	160.0	3792.2	-13.437
GCATAT	176.0	3774.2	-13.437
GTTACA	125.0	3681.6	-13.437
ATTGAC	167.0	3215.6	-13.437
AAGGGT	144.0	3417.9	-13.437
GGAATG	189.0	4841.5	-13.437
GATCAT	130.0	3338.5	-13.437
TCTGAC	144.0	3452.6	-13.437
GACTTG	180.0	3782.7	-13.437
TGCTGC	179.0	5286.6	-13.437
GCTGCT	175.0	5378.4	-13.437
CTAACT	110.0	2972.8	-13.437
TCGTGT	45.0	1070.8	-13.437
ACCCTT	161.0	3322.2	-13.437
ACTGCT	197.0	4396.9	-13.437
GTGGTG	232.0	7254.6	-13.437
GGATAA	142.0	3495.6	-13.437
ATAGGA	141.0	3534.2	-13.437
GAAGGT	150.0	3720.6	-13.437
GCAGTT	212.0	4542.7	-13.437
TACTGG	122.0	3241.5	-13.437
AAGCTA	136.0	3357.9	-13.437
GTGGAA	213.0	4681.0	-13.437
GTAACT	137.0	3627.1	-13.437
TAACTC	100.0	2982.9	-13.437
CATAGT	119.0	3738.4	-13.437
ATGTGC	185.0	4685.2	-13.437
CGAATT	31.0	785.3	-13.437
GATAAG	132.0	2956.4	-13.437
GACTAT	134.0	2465.2	-13.437
AACTGG	154.0	4211.6	-13.437
TTACGT	40.0	1243.8	-13.437
GGTATA	106.0	2842.6	-13.437
AGTGGA	193.0	4629.1	-13.437
TTAACC	131.0	3353.7	-13.437
AGTTGC	147.0	3261.5	-13.437
TCCTAC	155.0	2590.1	-13.433
ATTGTC	200.0	3527.6	-13.432
CAAAGC	210.0	3728.1	-13.416
CCCTAA	112.0	2651.1	-13.395
AACGAC	22.0	443.3	-13.393
CCTCAG	479.0	9587.1	-13.387
CCCCCC	146.0	2404.2	-13.338
CATAAG	158.0	2661.5	-13.312
GTGCTA	128.0	2809.4	-13.276
CCGAAA	35.0	800.0	-13.238
TCGTAC	21.0	290.3	-13.230
CCTTAG	181.0	3142.4	-13.223
GAACTA	109.0	2691.1	-13.220
ACCTAA	120.0	2968.4	-13.213
AGTCGT	34.0	640.3	-13.194
AACGCA	39.0	646.9	-13.191
AGTCGA	43.0	471.7	-13.147
GATTTT	762.0	16011.4	-13.136
ACCTGA	167.0	3812.5	-13.119
CGACTT	43.0	694.6	-13.097
CGTGCG	47.0	539.3	-13.078
TCTGGC	219.0	3953.1	-13.046
TCGTAA	31.0	659.3	-13.038
GGCGTT	38.0	800.1	-13.035
CGTAGC	32.0	518.8	-12.991
CGTGAG	148.0	2464.5	-12.979
AGGGCT	139.0	3772.2	-12.978
TAGTGC	90.0	2389.7	-12.940
AACGTG	59.0	1326.7	-12.908
CGTAAT	16.0	665.6	-12.906
TTAAGT	389.0	7641.5	-12.903
GATCCT	197.0	3491.7	-12.902
GCGCAA	57.0	720.5	-12.825
TGATCG	41.0	720.3	-12.771
CTTGAA	387.0	7605.0	-12.767
CGTCCG	27.0	353.1	-12.761
CCCCTA	69.0	1886.7	-12.751
CCTAAC	80.0	1990.7	-12.730
AGGCCC	153.0	2583.1	-12.724
GTTTTT	1203.0	26213.1	-12.713
GGTACT	129.0	2098.7	-12.691
GTGTTG	273.0	5132.5	-12.626
AAGTCG	52.0	637.0	-12.576
CCTCCG	86.0	2350.0	-12.540
AGACGA	64.0	856.0	-12.524
GGTCGT	50.0	604.9	-12.499
CTGAAG	307.0	5880.6	-12.441
CGACCG	14.0	263.1	-12.431
CCGGCC	120.0	2159.0	-12.419
CGATAC	6.0	311.2	-12.413
AAGCGC	47.0	777.3	-12.327
TTCTGA	427.0	8547.2	-12.323
TTTTAC	526.0	10769.1	-12.294
ACGAGT	49.0	592.7	-12.266
AACCGC	16.0	566.0	-12.197
CCTGAC	226.0	5074.4	-12.147
TCGCAT	46.0	542.9	-12.146
TAGGCT	185.0	3292.3	-12.136
GTTGGG	230.0	4242.4	-12.101
AGCAGT	246.0	4589.4	-12.088
TAAGGC	113.0	2466.7	-12.048
AGTCCT	216.0	3951.0	-12.042
GGGGAT	108.0	3170.4	-12.040
GCAGTA	167.0	2901.1	-12.038
CGGGCG	40.0	1300.4	-12.032
GGTTCG	49.0	598.8	-12.007
AGTGCA	258.0	7975.6	-11.990
TAAGGG	119.0	2738.5	-11.975
TCAAGT	310.0	5994.6	-11.930
ACCGCT	52.0	654.6	-11.871
ATTATA	395.0	7863.5	-11.859
GCCGTA	15.0	350.1	-11.778
TCGACC	21.0	516.3	-11.760
GCCTAA	97.0	2308.0	-11.749
GTGCTC	82.0	2627.0	-11.746
GCTTAC	113.0	2131.6	-11.737
GGTGCT	191.0	3434.7	-11.644
CGTTGG	40.0	894.8	-11.627
TAACGG	34.0	528.0	-11.623
GTCGAA	39.0	435.5	-11.612
ATCCTC	214.0	3936.9	-11.564
GGCTTC	139.0	3753.9	-11.547
TAGGGT	114.0	3102.5	-11.547
GCTTAG	146.0	2867.1	-11.547
CCCATT	177.0	5292.0	-11.547
CAGAGT	230.0	6297.7	-11.547
AAGCAG	244.0	5369.4	-11.547
CCTCCT	370.0	8816.4	-11.547
TAAACC	150.0	3100.4	-11.547
CAGTGA	235.0	6580.9	-11.547
TGCCCT	175.0	4597.9	-11.547
CTTACC	85.0	2441.4	-11.547
TCGAAA	36.0	717.5	-11.547
AGGACT	176.0	3675.4	-11.547
CTTAGG	156.0	3436.2	-11.547
AATGAC	162.0	3923.8	-11.547
GCCTTC	179.0	4011.2	-11.547
ATAGTC	100.0	2352.8	-11.547
ACAGTG	218.0	5577.7	-11.547
ACTGCA	360.0	9130.3	-11.547
TGCAGG	163.0	4913.0	-11.547
GGTAGT	103.0	2669.0	-11.547
TTCGGT	29.0	944.5	-11.547
AGCTAA	203.0	4488.5	-11.547
GCTAAT	238.0	6044.7	-11.547
GCTGAG	197.0	6637.5	-11.547
GGATTC	121.0	3334.9	-11.547
TGGGAG	219.0	7982.2	-11.547
GCAGAT	131.0	3652.3	-11.547
CAGATG	174.0	5200.8	-11.547
TGCTAG	112.0	3232.3	-11.547
TTAGGC	123.0	2571.5	-11.547
AGTGTC	116.0	3379.5	-11.547
GTCCTG	171.0	3756.0	-11.547
CCTTGC	136.0	3946.1	-11.547
CTACCT	148.0	3293.7	-11.547
GGAACT	122.0	3592.4	-11.547
CATTAC	112.0	2648.8	-11.547
ATTACC	106.0	2949.4	-11.547
AAGGCT	162.0	4186.9	-11.547
GCCATT	210.0	5404.5	-11.547
CAAGGT	169.0	3653.8	-11.547
ATTGGC	134.0	3290.0	-11.547
ATGGGA	161.0	4686.9	-11.547
AAAACG	66.0	1476.7	-11.547
TGTAGC	153.0	3311.2	-11.547
TATAGC	104.0	2620.6	-11.547
CAACTG	101.0	3019.8	-11.547
GTAAAC	130.0	3008.5	-11.547
CAAGTA	150.0	4415.9	-11.547
GGTATG	118.0	2646.8	-11.547
CTGGTA	132.0	3246.3	-11.547
CACAGT	170.0	4626.9	-11.547
TGGTCA	147.0	3803.5	-11.547
TCAAGG	143.0	3687.0	-11.547
CTACTG	113.0	3156.0	-11.547
CTTGCC	166.0	4151.9	-11.547
TCAGTC	139.0	3247.3	-11.547
AGTAAC	92.0	2952.7	-11.547
CTAGTG	104.0	2529.2	-11.547
AAAACC	215.0	5268.2	-11.547
ACTAGA	139.0	2930.3	-11.547
ATGATC	150.0	3788.8	-11.547
GATTGC	129.0	3479.9	-11.547
CGAAAT	30.0	728.6	-11.547
TCTAGG	102.0	3439.5	-11.547
GTAATC	119.0	3856.1	-11.547
AGACTA	109.0	2974.7	-11.547
TAATCC	119.0	4778.1	-11.547
AAACGT	53.0	1497.2	-11.547
CACTAC	121.0	1984.9	-11.527
GTGAAC	128.0	2901.3	-11.502
GGGGGG	149.0	2563.1	-11.471
ATCGGA	19.0	445.3	-11.464
TAGTCG	34.0	356.0	-11.463
TTTTTC	1300.0	28754.0	-11.244
TTGGAT	311.0	6077.0	-11.240
GGCATG	282.0	5430.1	-11.224
TGATCT	359.0	7132.8	-11.190
GTGTAG	161.0	2842.1	-11.147
ACCTCC	221.0	5993.6	-11.118
CCAAAC	132.0	3006.4	-11.103
ACGGTT	18.0	724.8	-11.081
TACGAC	30.0	330.3	-11.035
CGGCGG	75.0	1112.8	-11.005
GCCTCG	99.0	2270.9	-10.974
AATTGC	226.0	4233.0	-10.928
AGTTGA	253.0	4817.4	-10.903
CGATCC	42.0	652.1	-10.888
CCCAAC	124.0	2545.3	-10.881
CGGTAG	43.0	519.4	-10.868
GAGCGA	26.0	1099.9	-10.834
TGGCGT	64.0	1558.4	-10.785
GTAGCT	326.0	6434.8	-10.763
TAAGGT	192.0	3514.3	-10.747
TCGTAT	55.0	739.4	-10.739
ACCCCT	154.0	2715.2	-10.687
GCGTCC	30.0	765.9	-10.683
AGCGCT	34.0	951.3	-10.613
TCGACA	35.0	388.3	-10.582
GCAATC	155.0	2746.0	-10.533
CGCCTC	145.0	3446.9	-10.531
GACCTA	63.0	1666.9	-10.526
CTACCA	153.0	2703.7	-10.522
CGTTCG	25.0	230.5	-10.522
ACCATT	256.0	4919.1	-10.511
TCTTGA	370.0	7448.6	-10.500
CGCGTT	9.0	360.4	-10.479
CCGCTT	50.0	1084.5	-10.477
CGGGGC	102.0	1658.9	-10.473
TCCGAC	23.0	382.1	-10.454
GACTTA	166.0	2994.8	-10.452
GTGATT	342.0	6833.6	-10.437
GCGCTA	25.0	377.2	-10.418
CAGGCG	205.0	3812.9	-10.389
CCTCGC	44.0	1118.4	-10.389
ACGCGT	10.0	264.1	-10.374
CGTACG	19.0	146.5	-10.339
GGAGTA	154.0	2736.0	-10.334
TTCGAG	51.0	1125.5	-10.231
TTGGTC	221.0	4170.6	-10.213
AGGTGT	284.0	5567.1	-10.163
TACGCA	36.0	415.7	-10.133
ACCTCA	289.0	5696.3	-10.075
CCCAAT	122.0	2464.5	-10.065
TCCAGT	253.0	4886.0	-10.056
AACCAC	144.0	3000.7	-10.014
CTTAGC	158.0	2988.3	-10.003
GAAGCA	160.0	4324.2	-9.942
AGCGTT	30.0	1062.7	-9.942
CAGGCT	428.0	11697.9	-9.942
GGACTG	127.0	3284.1	-9.942
GCTTCC	158.0	4512.3	-9.942
GAAGTC	106.0	3690.3	-9.942
GTAGGT	118.0	3204.9	-9.942
GAGTAG	211.0	5117.8	-9.942
TAGCAG	140.0	3291.6	-9.942
GCCCTT	153.0	3682.2	-9.942
TTACGA	37.0	646.0	-9.942
CAACCT	209.0	6087.7	-9.942
GCAAGT	131.0	2964.9	-9.942
GTTGGC	163.0	4036.8	-9.942
CCAAGT	170.0	4757.8	-9.942
GACATG	147.0	3258.9	-9.942
GAATAC	132.0	2750.1	-9.942
GTGCAG	253.0	7995.6	-9.942
ACTACA	202.0	4612.4	-9.942
ACAGGT	245.0	5268.8	-9.942
CAGCTG	210.0	5430.1	-9.942
GCTGGT	294.0	6158.6	-9.942
TACCAA	134.0	3120.6	-9.942
GGGTGA	104.0	3815.2	-9.942
AACTAG	93.0	2815.3	-9.942
GTGGGA	173.0	4997.5	-9.942
GCAAAG	172.0	4101.1	-9.942
AGACCT	98.0	3150.5	-9.942
AGCTGC	129.0	3945.8	-9.942
GATCAA	102.0	2405.1	-9.942
TGACCA	163.0	3324.0	-9.942
TGCCAA	154.0	3870.9	-9.942
TAACCA	138.0	3296.6	-9.942
CTGCCA	162.0	4808.0	-9.942
TTGCCC	275.0	6566.2	-9.942
AGGGGT	150.0	3296.8	-9.942
CTGGCA	124.0	3997.8	-9.942
GCCTCT	199.0	4842.6	-9.942
GCAGGT	152.0	3880.9	-9.942
GAGCAT	122.0	3317.4	-9.942
GACTAA	125.0	2476.4	-9.942
CCTCAA	201.0	4502.6	-9.942
TGGTAC	90.0	2583.9	-9.942
TCGAAT	36.0	699.9	-9.942
CAAAGG	175.0	4415.8	-9.942
CTACTA	83.0	2875.4	-9.942
GCCGTT	36.0	777.1	-9.905
AACCAT	198.0	3711.1	-9.867
TAAACG	42.0	870.6	-9.841
CGTCCC	18.0	915.6	-9.821
CTGCCT	553.0	11689.7	-9.795
GCGATA	30.0	436.3	-9.765
CCGAAC	14.0	430.1	-9.756
GCTGTT	285.0	5628.7	-9.750
CCGTCG	24.0	316.1	-9.744
GATCCG	62.0	1291.3	-9.726
CTCCGA	30.0	761.0	-9.688
TTAAGA	350.0	7083.5	-9.673
CTGGCC	290.0	5732.9	-9.673
TAACGA	42.0	580.3	-9.666
GAAGAT	248.0	4826.6	-9.629
AGCCAT	171.0	4290.4	-9.618
CTGTTA	261.0	5115.6	-9.583
CGTCTG	64.0	947.6	-9.575
TGCGGG	41.0	1077.3	-9.562
CAAGCG	112.0	2017.4	-9.540
GGTGCA	189.0	3533.1	-9.482
GTTCGG	21.0	568.0	-9.460
ACTAAG	150.0	2702.8	-9.438
ACTTAA	275.0	5441.8	-9.427
CTCGGA	46.0	867.9	-9.419
GCATGT	218.0	4191.7	-9.335
GTCTGA	184.0	3452.9	-9.325
TTAACA	312.0	6277.3	-9.324
CGGCGT	17.0	408.9	-9.297
TGTTAA	357.0	7273.8	-9.286
GTCCTA	102.0	1974.1	-9.284
ACAAGG	178.0	3319.1	-9.275
GCAGCT	210.0	4009.2	-9.273
GATCTG	199.0	3779.5	-9.255
GTTGTC	166.0	3074.2	-9.215
CGCTAA	35.0	418.1	-9.212
TGGAGC	198.0	3763.3	-9.157
GTTCGT	52.0	730.0	-9.150
CGGGTT	97.0	2038.8	-9.132
TCGAAC	62.0	1275.6	-9.112
TCGACG	4.0	139.3	-9.098
CCGACC	38.0	709.8	-9.090
ATCGGC	15.0	442.7	-9.079
GCGTAT	25.0	580.9	-9.058
TTGACT	286.0	5718.8	-9.042
AAGATT	341.0	6950.1	-9.031
GGATAG	129.0	2288.5	-8.994
CGTGAT	82.0	2079.1	-8.980
CCCGCC	185.0	3504.2	-8.937
TTAAAC	291.0	5826.1	-8.930
AGCGTA	14.0	542.0	-8.891
AAACTT	385.0	7954.0	-8.846
TACGGC	15.0	353.8	-8.840
CGGTTG	30.0	627.8	-8.840
AGTCGC	41.0	535.0	-8.823
CGCAAT	50.0	702.3	-8.805
TCAGAC	155.0	2855.4	-8.796
CATTGG	184.0	3493.0	-8.781
AAGGCC	157.0	2902.6	-8.757
CAATCC	129.0	2302.5	-8.750
TAGACG	43.0	573.6	-8.730
TGTCGA	40.0	519.0	-8.705
CTTACA	204.0	3915.8	-8.696
CGAACG	14.0	191.0	-8.683
TTGCTG	388.0	8051.5	-8.662
TAAGAT	247.0	4887.5	-8.646
CTGAGC	174.0	4185.6	-8.644
CGATTC	97.0	1641.1	-8.606
GTAGGC	104.0	1792.6	-8.567
GTCTAG	93.0	2169.1	-8.557
ATTCGA	33.0	694.4	-8.557
AACCTC	222.0	6189.5	-8.557
CCAACT	130.0	3076.3	-8.557
ACACCT	152.0	3634.4	-8.557
ACTGAC	105.0	2597.3	-8.557
GGACAT	129.0	3241.4	-8.557
AGCTGG	336.0	8716.9	-8.557
GCCTAT	107.0	2679.2	-8.557
TAGGCA	138.0	3276.5	-8.557
AATCGT	27.0	791.1	-8.557
CTACAG	184.0	4416.9	-8.557
AACAGG	130.0	3789.7	-8.557
GACCTG	136.0	2994.7	-8.557
TTCGCA	24.0	646.9	-8.557
ATGGTC	117.0	2865.1	-8.557
GCTACT	120.0	3470.3	-8.557
GGCAAT	121.0	2652.5	-8.557
GAGCAA	136.0	3546.9	-8.557
GTACAG	120.0	3184.8	-8.557
GAAGAC	143.0	3363.7	-8.557
AAGAGC	134.0	3767.3	-8.557
TACTAC	109.0	2120.4	-8.557
CTAAGG	116.0	2579.5	-8.557
CGTAAA	32.0	816.6	-8.557
TGACGT	29.0	1040.6	-8.557
TAACGT	36.0	947.1	-8.557
TTCCGA	34.0	760.3	-8.557
AGCCTT	273.0	5475.5	-8.541
GCATTG	178.0	3372.5	-8.539
GTATCG	30.0	346.3	-8.532
AAGTAG	268.0	5356.5	-8.512
GGGTGC	147.0	2695.2	-8.505
ACGCAA	26.0	514.3	-8.488
CAACGC	16.0	475.0	-8.441
CTGCGA	57.0	850.9	-8.440
GTAATT	303.0	6145.1	-8.439
CTCAAC	119.0	2649.9	-8.437
ACCGAA	28.0	622.6	-8.380
GTTAAC	145.0	2659.9	-8.374
GAGTAT	164.0	3089.9	-8.354
GGGCTA	80.0	1717.7	-8.335
GGACTC	129.0	2328.7	-8.326
GAATTT	504.0	10763.5	-8.319
CCCTTT	358.0	7408.5	-8.293
TCGGGG	72.0	1157.7	-8.262
ACGGAA	57.0	857.8	-8.243
GAAATT	396.0	8283.8	-8.221
CGAATA	26.0	610.4	-8.196
CCCTCC	150.0	5005.7	-8.189
GAAAAC	284.0	5755.5	-8.174
ACGTAA	20.0	821.2	-8.165
TAGTAC	117.0	2096.4	-8.164
AGTTGG	223.0	4386.4	-8.116
TATCGG	15.0	383.5	-8.110
CTTAAA	354.0	7354.1	-8.108
TAAGAC	155.0	2902.1	-8.102
ACCACA	219.0	4766.3	-8.095
GCAGTC	134.0	2455.4	-8.079
AGCTGA	251.0	5014.5	-8.048
AGTACG	24.0	422.8	-8.040
CCGTAG	16.0	535.6	-8.026
GCCAAA	156.0	3546.3	-8.023
GGCCCC	103.0	2732.7	-7.977
GTAAGC	97.0	1991.0	-7.959
TGACTT	352.0	7321.9	-7.955
GCAGGG	211.0	4141.8	-7.954
TTTCGT	103.0	1804.5	-7.943
GCCCAT	146.0	2710.4	-7.941
TAGGAC	81.0	2104.8	-7.931
ATCGAC	26.0	291.2	-7.919
GCCCTA	96.0	1657.6	-7.897
ATAACC	130.0	2377.9	-7.895
CACAAG	135.0	2907.3	-7.881
ATAGGC	126.0	2290.1	-7.873
GGTAAT	177.0	3404.5	-7.827
CATCCG	41.0	562.0	-7.822
GCGGTA	34.0	434.0	-7.811
GATACC	98.0	1705.2	-7.784
GTGACT	208.0	4086.1	-7.767
AACGGA	43.0	728.9	-7.737
TTCCGT	74.0	1223.0	-7.724
TCGACT	34.0	523.9	-7.712
AGGTGA	282.0	5757.6	-7.678
AGGTCC	109.0	1951.2	-7.665
TGAACG	52.0	780.6	-7.641
AAACGA	69.0	1123.2	-7.637
AGAGTG	243.0	4886.6	-7.625
CGACGA	3.0	168.3	-7.621
CCGTGG	78.0	1312.1	-7.598
TGAGCT	252.0	5083.8	-7.585
TAGGCC	66.0	1765.7	-7.573
CGACTA	14.0	347.5	-7.554
TCGAGC	24.0	523.0	-7.497
TCTTAC	201.0	3968.6	-7.491
CGATGA	19.0	637.7	-7.465
TATATA	510.0	11029.4	-7.420
AAGGCG	39.0	1017.3	-7.404
ACGACT	37.0	500.1	-7.397
AAGGGC	105.0	2887.6	-7.384
AATTGG	220.0	4407.3	-7.370
TTAGAC	156.0	2979.9	-7.365
GGTCCT	115.0	2610.8	-7.363
GATTGA	182.0	3558.5	-7.356
TAGCCA	149.0	4156.7	-7.350
GGGACT	209.0	4551.1	-7.350
TCGTGA	71.0	1527.7	-7.350
CTCCCC	133.0	4362.9	-7.350
TCAGGC	166.0	3780.6	-7.350
AGCCTA	80.0	2705.7	-7.350
CTTCGA	23.0	713.3	-7.350
TCCCCC	130.0	3496.9	-7.350
CTGGAC	103.0	3182.9	-7.350
ACATGC	123.0	3112.2	-7.350
CGTTAA	30.0	737.9	-7.350
GGAGCT	163.0	4160.9	-7.350
CACCTG	245.0	5629.7	-7.350
ATGGAC	84.0	2449.6	-7.350
GTGGTC	87.0	2631.4	-7.350
GTATAC	93.0	2243.4	-7.350
CTAGGA	154.0	3657.0	-7.350
TACAGC	127.0	2743.7	-7.350
ACCAGT	113.0	3021.7	-7.350
CGTTGA	21.0	818.7	-7.350
GTTAGC	101.0	2585.1	-7.350
TTCCGG	41.0	1060.4	-7.350
ATTGCG	27.0	679.0	-7.350
ACCATA	99.0	2930.3	-7.350
ATAGGG	82.0	2474.3	-7.350
TTCGGG	43.0	939.5	-7.350
GGTTAC	86.0	2159.9	-7.350
CGTACT	17.0	417.8	-7.348
TTAATG	341.0	7143.8	-7.330
GTCTGG	193.0	3796.8	-7.311
GCGCCA	32.0	1413.1	-7.308
AGCGGT	41.0	713.2	-7.301
ACAGTC	147.0	2779.0	-7.301
TGCTGT	354.0	7452.2	-7.291
TCAACC	86.0	2372.0	-7.289
AACGAA	58.0	913.7	-7.285
AGTGAA	298.0	6173.4	-7.259
GAACTG	197.0	3897.4	-7.227
GCGCTT	41.0	915.5	-7.219
TCCACC	235.0	4757.0	-7.219
GACGTA	11.0	561.4	-7.202
TAAGTT	317.0	6604.1	-7.200
CTACCG	21.0	481.0	-7.166
CCACCG	115.0	2193.3	-7.157
TAGAGG	170.0	3295.4	-7.152
GGGATC	95.0	2291.6	-7.146
GTCCGC	39.0	545.6	-7.141
CGTCGA	4.0	126.5	-7.127
TGAAGG	258.0	5278.6	-7.108
TGGATT	348.0	7323.7	-7.098
TGTCGG	11.0	702.3	-7.077
TGCTTC	266.0	5453.1	-7.067
TGAGGA	289.0	5997.3	-7.060
TCGTCG	13.0	179.4	-7.042
ATAGGT	169.0	3282.4	-7.033
CTAAAC	133.0	2503.7	-7.032
ATCCAC	144.0	3159.4	-7.027
TAGCTT	247.0	5043.2	-7.023
TACGCG	5.0	167.3	-7.016
GAGTAC	62.0	2035.4	-7.011
CCTCAC	137.0	3250.8	-6.913
ATCTGC	197.0	3927.1	-6.901
TGGTCC	100.0	2508.6	-6.889
AATGGA	276.0	5722.9	-6.857
CGATAG	31.0	404.9	-6.843
ACGCAT	33.0	536.6	-6.839
GGAGAT	210.0	4219.6	-6.823
GACAGT	174.0	3416.1	-6.821
GACCAC	101.0	1965.6	-6.804
GGATGA	197.0	3939.2	-6.764
GGATAC	97.0	1742.2	-6.760
CCCACC	261.0	5393.6	-6.721
TTACGC	27.0	472.4	-6.710
AGCAGG	211.0	4256.7	-6.689
GTTACT	199.0	3994.7	-6.689
TCTGGT	225.0	4569.7	-6.685
CACCTC	238.0	4859.6	-6.682
CGAACT	69.0	1343.9	-6.679
TTTGTG	550.0	12075.8	-6.678
CGGGAT	36.0	941.3	-6.670
GATCGG	10.0	472.9	-6.658
GATGAA	259.0	5351.2	-6.652
GCCGAT	26.0	443.1	-6.642
AGTTAC	164.0	3223.4	-6.626
GTACCG	32.0	430.0	-6.603
CGTTAG	25.0	675.8	-6.602
GCGTGC	67.0	1130.3	-6.580
ACGAGA	46.0	700.5	-6.579
AGTAGC	283.0	5903.4	-6.574
CAGTCC	132.0	2514.4	-6.563
AAGCCA	238.0	4872.4	-6.561
TGCGCC	62.0	1448.9	-6.556
GGCCCA	149.0	2884.4	-6.522
ACCAAA	216.0	4393.5	-6.518
CCTTCG	28.0	968.7	-6.512
ATGACG	22.0	697.3	-6.507
AGCATC	143.0	2771.9	-6.492
TCGGAA	26.0	709.0	-6.487
TGCCCC	158.0	3095.7	-6.484
TGTGAG	310.0	6541.3	-6.470
ACCGGC	28.0	622.3	-6.470
ACATTC	208.0	4206.6	-6.470
GCTCAA	180.0	3588.6	-6.466
GTATGC	101.0	1848.3	-6.463
TAGCTG	340.0	7228.7	-6.455
CGAGAA	53.0	848.0	-6.441
AAGGTT	232.0	4764.4	-6.432
ATCCGC	66.0	1290.3	-6.427
CGAGCG	18.0	399.3	-6.426
TAGCCG	23.0	727.3	-6.421
ACGCAG	53.0	848.6	-6.417
GAGTGA	230.0	4718.6	-6.413
AAGCAT	230.0	4718.7	-6.413
ATGTAA	301.0	6348.5	-6.405
ACCCGC	67.0	1139.9	-6.393
TCCTTA	239.0	4915.4	-6.392
TTGATC	208.0	4214.1	-6.384
GGCCAC	113.0	2468.5	-6.382
GCTCCA	152.0	2964.5	-6.381
ATCGTC	34.0	475.0	-6.379
ATTGCT	303.0	6379.7	-6.355
CAGCCT	559.0	12353.9	-6.349
AGTATA	213.0	4338.3	-6.345
GATAGC	97.0	1768.8	-6.343
AAGCGG	31.0	958.3	-6.304
TGGCCA	218.0	6857.3	-6.294
CCACAA	149.0	3447.6	-6.294
CTGGGC	257.0	6862.1	-6.294
GGGCAT	115.0	3058.9	-6.294
TAGGGG	86.0	2358.2	-6.294
GGCTAA	160.0	4551.8	-6.294
GGGGTA	105.0	2054.6	-6.294
CATCAG	114.0	3512.2	-6.294
GAGTGC	231.0	6970.4	-6.294
TGCCAC	181.0	4864.0	-6.294
GCACAA	103.0	2905.3	-6.294
CCAATG	108.0	2613.2	-6.294
GCATAG	78.0	2303.4	-6.294
GGATCA	111.0	3206.7	-6.294
AACCAG	120.0	3753.0	-6.294
TCCCCA	130.0	5287.7	-6.294
CTGCGT	27.0	1162.3	-6.294
GACGTT	31.0	923.8	-6.294
GACCCC	109.0	2038.2	-6.289
CACGCG	7.0	396.3	-6.287
CATAAT	220.0	4513.3	-6.286
TACGGG	30.0	553.4	-6.273
CCCATA	82.0	2118.8	-6.271
CTGGTC	247.0	5124.5	-6.269
TCGGGT	39.0	807.8	-6.267
CAAACC	146.0	2835.5	-6.266
TACCAC	133.0	2561.4	-6.252
TACTCT	197.0	3988.5	-6.245
CCCTCG	59.0	980.2	-6.216
CGTGGA	67.0	1148.8	-6.210
ATGACC	113.0	2405.0	-6.203
GGTTCA	277.0	5801.8	-6.182
GACTAG	91.0	1926.8	-6.180
ACGCCT	52.0	1757.8	-6.159
AAACCT	238.0	4916.8	-6.157
ACATTT	614.0	13678.6	-6.148
CATTCG	43.0	657.2	-6.144
TGAAAA	519.0	11454.5	-6.138
CCCGAC	27.0	821.3	-6.120
GTTCAG	175.0	3507.3	-6.065
CCTCGA	49.0	781.5	-6.062
CGGTCG	14.0	289.4	-6.025
CAGTGT	264.0	5522.1	-6.022
CCTTGA	227.0	4687.5	-6.017
GTACGC	11.0	266.5	-6.016
ACCTCG	95.0	1749.8	-6.009
CCAGAC	148.0	2904.0	-5.989
ATACCG	27.0	417.7	-5.984
AGTAAT	256.0	5355.4	-5.963
GCCGCT	33.0	881.7	-5.944
ATGATG	277.0	5831.1	-5.935
CCTCGG	130.0	2587.2	-5.924
TTCCAG	316.0	6739.8	-5.915
ATTCGT	54.0	890.8	-5.915
AACATT	383.0	8311.6	-5.903
TACGAG	31.0	432.9	-5.898
AATACT	258.0	5414.5	-5.886
AATTCC	214.0	4411.4	-5.878
CGTCGT	21.0	249.3	-5.873
CTCGTA	15.0	427.2	-5.859
AATCTT	325.0	6952.8	-5.849
AACTAC	132.0	2570.8	-5.842
GACTCC	91.0	2743.1	-5.841
GTGTGA	291.0	6169.3	-5.836
GTCGTG	41.0	763.9	-5.827
TGATTA	278.0	5870.0	-5.825
TTGAGG	291.0	6172.7	-5.810
ATTACG	46.0	731.6	-5.808
CGCAAG	34.0	575.1	-5.806
AATTGT	327.0	7009.8	-5.802
CCCATC	165.0	3319.6	-5.795
TAGACC	54.0	1670.0	-5.787
CCATAG	82.0	2195.8	-5.785
TCCCGA	60.0	2051.8	-5.783
TCGAGT	28.0	738.2	-5.775
TTTCCG	78.0	1408.8	-5.775
CGTGAA	65.0	1191.4	-5.748
ACCGTT	29.0	753.2	-5.732
TACTAG	126.0	2442.6	-5.716
GTCTTG	315.0	6742.2	-5.702
CCGTAC	19.0	290.8	-5.694
AACCGA	23.0	635.2	-5.664
TCCGAG	51.0	840.3	-5.659
AGATTT	480.0	10612.1	-5.657
GGTGAC	149.0	2957.9	-5.647
CCTGGC	354.0	7674.3	-5.644
CTTCGG	53.0	931.4	-5.633
GGCCGC	69.0	1222.5	-5.618
CCGCCG	40.0	970.9	-5.603
ACCTGG	229.0	4783.6	-5.593
CTAGAC	91.0	1723.5	-5.563
GGTTGA	156.0	3130.5	-5.547
TCTGAG	269.0	5705.0	-5.538
CAGACT	195.0	4013.4	-5.533
CACCTT	215.0	4473.2	-5.530
CTACGG	30.0	425.0	-5.512
AGAGCA	209.0	4330.2	-5.506
TAATGT	298.0	6389.1	-5.500
CCTACT	144.0	2854.8	-5.497
GCTAAG	130.0	2552.8	-5.493
AACAGT	222.0	4626.0	-5.472
TCCCCG	71.0	1274.9	-5.467
CCCGTC	58.0	1092.0	-5.464
GTGCCG	23.0	902.7	-5.457
TAGTGT	202.0	4190.8	-5.455
ACTCCT	283.0	6044.7	-5.440
TTGCCG	51.0	851.0	-5.439
GCGCGT	25.0	495.0	-5.438
TCGAAG	44.0	705.3	-5.435
TTTGGT	507.0	11283.6	-5.413
ACCGCG	53.0	1018.2	-5.408
AGGCGA	46.0	903.4	-5.383
TTCCCG	41.0	1310.9	-5.367
GCCTGC	152.0	4000.3	-5.367
GTAGGG	91.0	2343.0	-5.367
TGCCGT	33.0	1004.2	-5.367
CCCCTC	151.0	3674.6	-5.367
TGGACC	60.0	2000.5	-5.367
CAGCCA	172.0	4514.9	-5.367
ACCACT	139.0	3440.1	-5.367
ACCCAT	96.0	2781.6	-5.367
ACAAGC	101.0	2552.0	-5.367
CTTCCG	46.0	1245.2	-5.367
TGCGGT	46.0	1112.1	-5.367
GTGGAC	95.0	2133.1	-5.367
ACTAGG	81.0	2101.3	-5.367
ATACGT	33.0	970.0	-5.367
GTACTC	51.0	1494.5	-5.367
TTAGCG	29.0	640.2	-5.367
TCGGGC	44.0	708.6	-5.364
GCGAGC	40.0	702.5	-5.346
GCTAGG	123.0	2403.9	-5.346
GCTTCT	241.0	5083.3	-5.345
TGTGGA	259.0	5506.6	-5.342
CCCTAT	105.0	2015.9	-5.340
CGGCCA	64.0	1131.1	-5.323
GAGTGT	179.0	3676.8	-5.309
ACGCTT	47.0	773.7	-5.300
TCATAC	121.0	2361.6	-5.299
CTTAGT	187.0	3845.3	-5.296
GACAAC	97.0	1838.5	-5.290
TAGCCC	106.0	2042.4	-5.288
ATATAT	538.0	12052.3	-5.283
TTCGAT	45.0	733.5	-5.279
CGTGTT	93.0	1750.9	-5.262
GCTTCG	31.0	784.4	-5.252
TGATAC	151.0	3040.9	-5.252
ACCGCC	32.0	765.9	-5.248
AGCGCA	46.0	755.0	-5.244
TCCGGT	16.0	620.8	-5.242
TTCTCG	68.0	1222.6	-5.237
TACTTG	220.0	4629.9	-5.233
GGCGTC	33.0	722.7	-5.230
ACTGTA	228.0	4802.9	-5.221
GCCCGC	75.0	2083.5	-5.215
CGGAAT	24.0	708.4	-5.193
TTTGCG	66.0	1182.3	-5.188
CCGCAA	44.0	716.1	-5.177
CGCCCG	103.0	2395.4	-5.177
ACCCAC	145.0	2908.1	-5.161
TCCGGC	45.0	790.0	-5.109
AATCGA	21.0	610.7	-5.100
GGGATG	193.0	4011.4	-5.095
CGAAGA	48.0	803.8	-5.094
ACCACC	147.0	3500.2	-5.094
TCGTGG	56.0	1040.4	-5.091
TTCGCC	59.0	1037.7	-5.082
AGAAGT	286.0	6169.3	-5.079
TGACGG	45.0	742.9	-5.075
CAGGTG	334.0	7296.5	-5.060
TTACCA	199.0	4162.6	-5.054
GGGCGT	43.0	1208.0	-5.050
CGGCCG	52.0	891.9	-5.016
TACGCC	20.0	417.3	-5.012
TAGACA	169.0	3468.3	-5.001
CGCAGT	56.0	977.1	-4.998
CTCAGC	421.0	9329.8	-4.994
TACGGA	34.0	521.2	-4.988
GAACCA	147.0	3143.5	-4.985
GACGAA	38.0	603.4	-4.967
CATACA	166.0	3424.6	-4.962
TGGAAC	167.0	3427.7	-4.942
CACATT	267.0	5734.0	-4.936
CGTAAC	27.0	387.1	-4.870
CATATC	127.0	2537.1	-4.864
AAACCG	32.0	834.0	-4.862
TGTCCA	186.0	3868.9	-4.861
CATACC	92.0	1960.6	-4.846
GTTGAT	216.0	4577.8	-4.844
CAATCG	16.0	431.1	-4.838
GAACGA	37.0	589.4	-4.814
GTCGAC	20.0	257.5	-4.807
CATAAC	111.0	2195.1	-4.804
ACGGCC	32.0	573.5	-4.797
CCGTTC	42.0	692.4	-4.792
ACAGTT	256.0	5504.4	-4.786
ATACGC	22.0	354.5	-4.784
TAACCG	21.0	441.5	-4.778
TAAAAC	293.0	6364.6	-4.774
CGTCAG	23.0	694.5	-4.769
CCTTAC	120.0	2382.5	-4.769
CCACAG	145.0	4119.4	-4.767
ATCGTA	37.0	591.1	-4.766
GTGAAG	225.0	4786.0	-4.748
CGTATT	59.0	1056.8	-4.736
CGAACC	28.0	411.0	-4.732
TCAACG	32.0	491.9	-4.729
TACACG	18.0	662.4	-4.718
GACAAG	148.0	3021.3	-4.712
GGGTTG	183.0	3837.6	-4.710
CGATGG	43.0	718.1	-4.696
GTTAGG	132.0	2670.5	-4.688
ATGCTT	282.0	6128.9	-4.654
CCAATA	134.0	2722.0	-4.639
GCCACT	239.0	5123.9	-4.638
CGGCCC	43.0	1313.2	-4.631
GTCGCA	27.0	395.2	-4.630
TAGCGC	17.0	451.5	-4.630
TACCCC	79.0	1618.1	-4.629
AGCTGT	226.0	4827.0	-4.627
GCGTTA	28.0	604.7	-4.626
GTGCGC	38.0	994.3	-4.621
AGGAAT	277.0	6006.2	-4.616
ACTTGG	221.0	4705.4	-4.611
ACCCCC	92.0	2237.9	-4.604
CTGAAA	346.0	7628.2	-4.604
ATAAGG	164.0	3417.4	-4.578
CCGGTA	27.0	397.9	-4.571
TCTCGG	136.0	2776.0	-4.571
TACGCT	21.0	498.4	-4.570
TGTCCG	37.0	705.2	-4.567
CCGACT	11.0	633.2	-4.567
ACAACG	30.0	640.7	-4.562
ATCGCA	35.0	558.7	-4.559
TCAGTA	201.0	4269.4	-4.558
ATCGAA	14.0	552.1	-4.553
GCGTTG	34.0	715.4	-4.553
TGGGCC	111.0	3511.5	-4.553
CACAAC	94.0	2280.8	-4.553
TCCCAC	153.0	4168.4	-4.553
GGGCCT	120.0	3585.3	-4.553
CGATTG	26.0	517.2	-4.553
TGCGTA	24.0	724.6	-4.553
CTAGTC	82.0	1779.8	-4.553
AACGTA	26.0	780.8	-4.553
CGGAAA	37.0	872.0	-4.553
CTGAAT	285.0	6219.7	-4.552
AAGGCA	223.0	4764.7	-4.535
GCGGTT	43.0	766.0	-4.534
CTCGAC	32.0	548.4	-4.530
TAGAGC	113.0	2264.4	-4.528
AAATTT	739.0	17002.3	-4.528
CGATGC	34.0	539.2	-4.528
ACGGAC	31.0	479.3	-4.519
AAGCTG	233.0	5016.3	-4.508
AGACAA	216.0	4619.7	-4.507
TAGCGT	17.0	637.4	-4.502
CGAAGC	16.0	602.4	-4.495
GGCGCG	54.0	1855.8	-4.492
AACGGT	20.0	641.1	-4.480
ATATAG	192.0	4059.8	-4.474
TGTAAA	375.0	8333.9	-4.469
CCACGC	111.0	2223.1	-4.468
GTCGTT	43.0	729.6	-4.463
GACTGA	163.0	3406.2	-4.463
GACTCA	138.0	2834.0	-4.463
ACATGG	200.0	4257.0	-4.452
CAGCCG	28.0	1218.0	-4.445
TGCCGG	59.0	1074.1	-4.424
ATGTGA	269.0	5857.7	-4.422
CATGTA	201.0	4285.4	-4.421
CGACAA	28.0	423.7	-4.420
CTCCCG	149.0	3824.3	-4.402
CGAGTG	46.0	796.0	-4.401
TCGCCT	60.0	1098.3	-4.401
GGCCCG	60.0	1098.0	-4.401
GCGGGT	41.0	1077.5	-4.395
CAACTA	113.0	2278.9	-4.378
TAGAAC	138.0	2842.4	-4.370
ACCAGA	153.0	3176.4	-4.369
CGGGCT	69.0	1298.6	-4.366
TAAATC	210.0	4490.9	-4.364
CTCGGC	189.0	4104.7	-4.363
GTCCGA	11.0	399.1	-4.358
TGTTAG	237.0	5113.4	-4.348
CGCGTG	21.0	559.4	-4.339
TCGGCG	12.0	416.7	-4.338
GCTGCG	69.0	1300.6	-4.336
CTCTTA	210.0	4494.1	-4.331
CAGTAC	108.0	2167.0	-4.330
TAATGC	160.0	3348.0	-4.327
GGTTAG	116.0	2353.7	-4.322
CGAGTA	55.0	1571.3	-4.316
TACTCG	17.0	696.0	-4.316
GTCGGT	24.0	487.9	-4.302
GTATTC	163.0	3425.9	-4.285
GCGACT	13.0	527.1	-4.281
ATCCTA	138.0	2852.7	-4.279
GCCATA	106.0	2125.2	-4.269
CGGTTA	20.0	547.8	-4.264
ATATCG	31.0	489.9	-4.264
ATACTC	113.0	2289.3	-4.254
TCGCCG	13.0	453.2	-4.245
GCGTGT	68.0	1285.1	-4.232
GTCGGC	30.0	590.3	-4.226
TCGTCT	52.0	934.6	-4.225
TAAAGA	329.0	7303.0	-4.214
AGCGAC	24.0	598.2	-4.211
CGCACG	26.0	390.9	-4.210
GTACTA	98.0	1946.1	-4.202
CGCGTA	4.0	139.4	-4.194
GCCCCA	144.0	3081.7	-4.191
ACTCCC	97.0	2676.3	-4.184
GTGTAA	179.0	3803.9	-4.166
GTAAAA	299.0	6614.1	-4.155
CCAAAT	233.0	5067.6	-4.138
TTTTCC	687.0	15860.3	-4.128
GTATAG	130.0	2678.7	-4.120
ATCTGG	180.0	3835.4	-4.108
CCCGTT	38.0	790.2	-4.106
TATACT	208.0	4475.6	-4.099
TGTTCA	273.0	6009.8	-4.095
TCCGTA	23.0	605.4	-4.085
GTTACC	103.0	2071.7	-4.084
ATGGAA	285.0	6293.7	-4.071
TCGCAG	39.0	664.6	-4.058
CCTGAA	244.0	5331.5	-4.052
CCCCCA	184.0	3942.4	-4.034
CCCTTA	129.0	2664.3	-4.029
TGCCTC	420.0	9483.1	-4.028
AGCTAC	112.0	3206.1	-4.024
TGGCCG	57.0	1277.9	-4.020
ACCGAT	12.0	423.0	-4.012
AAACCA	248.0	5438.2	-4.007
CCTAGC	106.0	2149.5	-3.995
GGGTAT	120.0	2455.3	-3.993
CAGTCT	224.0	4863.9	-3.993
GTTAGA	149.0	3122.8	-3.986
TGGGGT	284.0	6281.6	-3.986
ACTCTC	133.0	2764.9	-3.980
ACAATC	127.0	2621.6	-3.979
TGAAAG	313.0	6954.1	-3.976
ACCTTG	216.0	4691.2	-3.970
GTTACG	23.0	521.0	-3.965
TCTACG	32.0	522.3	-3.963
TACCGA	27.0	455.6	-3.961
CGTGGC	52.0	1237.0	-3.949
AAAGTA	320.0	7141.0	-3.947
TCGGCT	109.0	2684.6	-3.945
TACTGC	141.0	2960.3	-3.930
GCGTCA	34.0	565.0	-3.925
AAGTAT	256.0	5628.3	-3.923
TCGGTA	28.0	442.1	-3.922
CCTAAT	158.0	3347.3	-3.914
CTGCGG	68.0	1307.6	-3.912
CCTGCT	231.0	5051.0	-3.908
CGGTCT	23.0	833.0	-3.906
AGCACG	45.0	800.1	-3.905
GTACTT	190.0	4082.8	-3.899
CTCCTA	162.0	3446.1	-3.898
CGTAGA	36.0	610.9	-3.876
GTCCCA	119.0	3026.2	-3.876
AAAACA	468.0	10689.0	-3.862
CAGCAG	222.0	4832.3	-3.858
ACGCGC	10.0	407.8	-3.854
ACTCAA	160.0	3404.6	-3.849
CAAGGC	128.0	2986.3	-3.839
GGGCTC	125.0	3777.8	-3.839
CATAGC	94.0	2220.1	-3.839
CCAAGG	155.0	3904.6	-3.839
GGCATC	56.0	2202.9	-3.839
AGACGT	27.0	979.6	-3.839
GTAGAC	81.0	1824.4	-3.839
GCACCT	108.0	2958.0	-3.839
GAGCGG	57.0	1068.0	-3.835
TGTGAT	336.0	7528.8	-3.828
AACTCC	253.0	5568.7	-3.825
TGAAAT	450.0	10259.8	-3.822
ACGAAT	40.0	698.0	-3.821
TTCGGC	42.0	775.5	-3.812
CGCCAC	67.0	2054.3	-3.806
AACCTG	184.0	3972.6	-3.801
TGAGCG	38.0	945.5	-3.798
CAATGA	177.0	3802.8	-3.783
CGGACA	33.0	551.7	-3.778
AGGTAC	108.0	2218.0	-3.775
GCCCTC	100.0	2869.6	-3.774
CGAGTT	48.0	873.8	-3.774
TGCCGC	29.0	845.4	-3.773
GCCCGT	40.0	700.3	-3.764
CTCCTG	590.0	13633.2	-3.753
ACGTAG	41.0	723.0	-3.751
GCGGGG	84.0	2104.7	-3.748
GGGTTC	210.0	4578.5	-3.711
GCCCCT	148.0	3168.0	-3.710
AAAACT	361.0	8158.9	-3.701
ATACGA	31.0	513.7	-3.700
AGTAAG	177.0	3815.8	-3.686
CTAGGC	99.0	2379.9	-3.674
ACCGGA	26.0	511.7	-3.670
CCGGTT	40.0	705.3	-3.670
GCGTAC	13.0	308.1	-3.664
GACTCT	156.0	3330.3	-3.658
CGTAGG	32.0	536.2	-3.652
AATGCA	238.0	5240.5	-3.649
TAAGAG	193.0	4191.0	-3.647
ACGGTA	12.0	543.4	-3.644
TCAACT	172.0	3698.6	-3.643
TATTGC	195.0	4240.8	-3.640
GATCGT	37.0	701.1	-3.638
AATGAT	298.0	6679.5	-3.622
CCGAAT	13.0	668.1	-3.613
CGGCAT	28.0	601.5	-3.612
GGGTAC	69.0	1658.6	-3.609
ATACCC	78.0	1930.4	-3.589
GAAGCC	163.0	3510.7	-3.581
GAAGGC	157.0	3365.8	-3.569
TAGCGG	21.0	509.2	-3.569
GACAAT	137.0	2905.8	-3.565
TACCAG	127.0	2666.1	-3.563
CCGGTC	19.0	575.6	-3.554
AATCGG	30.0	499.5	-3.551
TGGAGA	308.0	6927.8	-3.543
GGTCTC	246.0	5461.5	-3.538
CGTTGT	50.0	934.2	-3.505
ATGGTT	237.0	5238.7	-3.502
ACTACT	128.0	2697.8	-3.501
AGGCAC	109.0	3626.9	-3.496
GGTTGG	178.0	3865.7	-3.494
GCCACA	143.0	3164.2	-3.492
CTATAC	90.0	1824.6	-3.481
TGGCGG	73.0	1455.6	-3.472
TCAGTT	313.0	7047.8	-3.456
CCCTTC	185.0	4044.5	-3.450
GATGCA	140.0	2993.2	-3.433
TTACAC	141.0	3018.5	-3.428
ATGCAG	202.0	4446.5	-3.425
GGCGGC	81.0	1643.0	-3.424
TTACTA	219.0	4848.5	-3.417
AGTGCG	45.0	831.7	-3.389
CTTGGT	220.0	4879.2	-3.382
GAAGCG	37.0	1011.6	-3.382
TGTGGG	250.0	5565.1	-3.368
CGATCT	117.0	2473.2	-3.362
ACTCGA	27.0	500.5	-3.362
ACTTCG	42.0	767.8	-3.352
CAGTAA	192.0	4211.5	-3.325
TTCAGC	226.0	5014.7	-3.322
GTGTAC	106.0	2216.9	-3.318
ATGCGT	41.0	748.8	-3.306
ACGTCG	8.0	209.8	-3.302
CCTATC	87.0	1771.5	-3.300
AGGATA	168.0	3646.0	-3.290
GAGCAG	191.0	4192.2	-3.285
TGACTC	156.0	3378.1	-3.282
GACTGC	122.0	2578.9	-3.279
TTGTAG	303.0	6848.2	-3.270
CCGTTG	20.0	739.6	-3.270
AGTAGG	147.0	3159.9	-3.270
GAGATG	331.0	7533.3	-3.254
CATACG	25.0	465.2	-3.242
GCACTA	55.0	1691.7	-3.242
CTGCTT	314.0	7116.3	-3.237
CGGTTT	65.0	1291.3	-3.232
CGCCCT	41.0	1205.6	-3.232
GTACGT	31.0	642.1	-3.214
TGGCCC	150.0	3322.8	-3.214
TAACCC	89.0	2048.3	-3.214
ATTCCG	26.0	648.9	-3.214
ACAGCC	94.0	2973.0	-3.214
CCAATC	64.0	1993.6	-3.214
TACGTA	29.0	837.0	-3.214
GTTGCG	13.0	674.4	-3.214
TAATCG	30.0	556.5	-3.214
TACGAT	27.0	628.4	-3.214
GCGCTC	45.0	842.4	-3.214
AGATGC	151.0	3267.2	-3.190
GTCGAT	16.0	332.2	-3.184
CCGCAG	32.0	1229.4	-3.157
GCTACC	81.0	1668.6	-3.155
ATGCGA	23.0	512.0	-3.143
ACACTA	108.0	2283.8	-3.140
CGCTAT	31.0	540.4	-3.140
CGCCGG	42.0	780.9	-3.138
GTCCTC	126.0	2692.8	-3.133
GTAGCG	21.0	543.9	-3.131
GCCAAT	119.0	2523.2	-3.129
CAAGCC	102.0	2545.6	-3.127
AATACC	140.0	3032.9	-3.125
TACACT	140.0	3032.2	-3.125
CTAACC	72.0	1759.2	-3.118
CTACGA	28.0	478.8	-3.107
AAGATG	258.0	5819.2	-3.092
ATCAGA	195.0	4321.1	-3.091
CGACCA	23.0	424.9	-3.089
AAGCCT	188.0	4148.1	-3.081
AAAGGC	184.0	4074.1	-3.072
GTACGG	17.0	375.3	-3.066
ACCCGA	17.0	573.9	-3.057
CTGAGT	264.0	5957.4	-3.041
GTTTCG	72.0	1469.3	-3.037
TGCTTT	592.0	13888.7	-3.036
AGACTG	211.0	4708.8	-3.030
CGACAC	23.0	376.6	-3.024
GCGCAT	29.0	586.6	-3.020
GATCAC	132.0	3051.9	-3.012
ATGACT	189.0	4184.5	-3.011
ATGCCC	147.0	3194.6	-3.010
CTTACT	207.0	4611.4	-3.007
ACGCTA	24.0	398.7	-2.998
GTCAGT	149.0	3245.2	-2.996
ACGAAA	44.0	835.9	-2.984
CGCGAT	26.0	893.9	-2.981
GACCGT	10.0	557.2	-2.979
TCGATT	46.0	880.0	-2.974
CCGTCC	42.0	792.9	-2.951
GTAGGA	133.0	2886.4	-2.937
ACGCCC	75.0	1548.5	-2.933
GTCACG	35.0	639.9	-2.926
GCACGA	51.0	996.7	-2.926
ACAAGA	183.0	4072.9	-2.923
GGCTAC	80.0	1667.0	-2.921
TGCTAA	191.0	4249.3	-2.916
AGTATT	317.0	7260.7	-2.915
CCCACA	116.0	3479.5	-2.906
GCCGCA	27.0	759.4	-2.899
CGGTAT	15.0	452.4	-2.899
GCTGAC	115.0	2479.1	-2.894
TGCCCA	350.0	8061.4	-2.893
CTGCCC	213.0	4782.6	-2.891
TCAGGT	224.0	5039.6	-2.877
GGTCGG	40.0	753.5	-2.872
GTCCGT	32.0	576.4	-2.871
CGCCTA	27.0	630.7	-2.857
AACCAA	182.0	4059.9	-2.851
TCGAGG	42.0	799.7	-2.846
CATGGC	143.0	3143.1	-2.844
CGACCC	27.0	534.9	-2.842
TAATAG	201.0	4513.5	-2.839
TTAATT	640.0	15116.8	-2.834
GGTAAG	131.0	2851.7	-2.834
CTTCAG	249.0	5661.1	-2.831
AAGCCG	30.0	817.3	-2.829
ACGATG	41.0	778.4	-2.828
TGTCCC	151.0	3317.2	-2.828
CTAACG	28.0	557.5	-2.827
GGTCCA	57.0	1903.4	-2.823
ACAACA	174.0	3865.8	-2.813
TGGCAA	190.0	4241.6	-2.807
CAACGT	37.0	828.0	-2.804
CAACTC	122.0	2636.1	-2.802
TTTAAT	724.0	17154.5	-2.800
CGCTTC	47.0	1018.7	-2.799
TTCTTG	401.0	9325.0	-2.795
ACGACA	18.0	520.9	-2.792
TAGGAG	162.0	3595.6	-2.787
CGTCCT	43.0	826.9	-2.776
GCGGAT	27.0	801.8	-2.774
CGCCGT	24.0	467.3	-2.759
TGACTG	203.0	4578.5	-2.752
GTGTCC	133.0	2912.0	-2.751
CGTCAC	37.0	694.6	-2.745
GTCGGG	47.0	919.4	-2.741
TCAGAT	233.0	5294.2	-2.739
ATGTTC	188.0	4202.4	-2.738
TTACCC	127.0	2766.9	-2.738
CGATAA	27.0	476.8	-2.726
CTCGCA	22.0	559.8	-2.724
TGTGCG	61.0	1243.7	-2.718
GTATTA	198.0	4458.0	-2.716
GATGTA	150.0	3309.5	-2.715
CGGTAC	20.0	327.5	-2.715
TCACAA	175.0	3906.6	-2.713
TACCCG	26.0	554.9	-2.697
CTGACG	27.0	746.4	-2.693
AAGGAC	148.0	3264.5	-2.683
CTATCT	147.0	3240.6	-2.678
GTCGAG	29.0	522.6	-2.675
CTGCCG	49.0	1297.7	-2.669
ATGGCC	85.0	2800.0	-2.669
CTTCGC	21.0	853.0	-2.669
TATGCG	23.0	460.7	-2.669
GCGAAA	26.0	739.4	-2.669
ACCCTC	69.0	2561.3	-2.669
GATACA	142.0	3144.1	-2.664
TGCGTT	57.0	1155.5	-2.657
ACGACG	6.0	184.5	-2.655
ACAGCT	179.0	4016.1	-2.653
ACAACC	100.0	2147.2	-2.652
GGGGGA	159.0	3543.0	-2.647
TATCCG	20.0	330.8	-2.647
GCACGT	51.0	1019.3	-2.640
AAAAAC	365.0	8496.4	-2.639
GTAACG	25.0	482.7	-2.638
CAGTAG	157.0	3497.7	-2.616
TGATGT	279.0	6405.7	-2.614
ATACTG	181.0	4072.4	-2.614
CTTCTG	320.0	7409.6	-2.604
CATCTG	208.0	4707.9	-2.597
CACCCC	121.0	2911.6	-2.596
CGTACC	12.0	351.2	-2.584
TGCGGC	47.0	932.8	-2.583
CGACTC	16.0	523.5	-2.578
ACACGG	44.0	864.2	-2.574
CCCTAC	65.0	1752.6	-2.574
GTTCAA	272.0	6259.1	-2.567
TCTGCC	307.0	7099.9	-2.567
GTAAGG	120.0	2618.1	-2.565
ACGGAT	29.0	586.5	-2.564
AACTTA	206.0	4663.7	-2.562
AAGCCC	101.0	2718.2	-2.561
GATCGA	21.0	588.5	-2.553
GTCGTC	9.0	509.2	-2.553
GTAATG	168.0	3758.8	-2.543
CAGCTT	255.0	5848.2	-2.543
TGCAGC	203.0	4617.9	-2.532
TGAAAC	251.0	5747.5	-2.528
ACTAAC	89.0	1899.7	-2.525
GCGCCG	40.0	778.4	-2.507
GCGCGA	32.0	1023.3	-2.501
GCGTAG	15.0	510.1	-2.498
CGTGGG	68.0	1427.8	-2.491
TTCGTT	82.0	1760.8	-2.487
AACTAA	185.0	4197.8	-2.474
AGCCAA	180.0	4071.1	-2.473
GAGGAA	272.0	6282.9	-2.462
GGTCCG	29.0	535.9	-2.452
CAACGA	29.0	535.3	-2.452
GTTCGA	41.0	806.5	-2.432
GTTCAC	144.0	3205.2	-2.421
GTGCGT	53.0	1083.4	-2.420
TCGGAG	21.0	877.6	-2.417
AGTACA	159.0	3583.0	-2.400
GGCGCT	55.0	1132.0	-2.397
CGACAT	25.0	451.7	-2.390
TACCCA	147.0	3285.9	-2.385
CGTAGT	33.0	629.5	-2.383
AGTCGG	37.0	720.7	-2.377
TCTCCG	55.0	1134.6	-2.374
ACGCGA	4.0	222.5	-2.373
ACCGTA	11.0	574.5	-2.372
TGTAGA	241.0	5547.2	-2.368
GTTCCG	32.0	608.8	-2.364
CGCATC	13.0	562.3	-2.358
AGTACC	93.0	2015.4	-2.354
TGGTCG	30.0	638.1	-2.354
TATGCT	178.0	4042.5	-2.354
ATAAGA	210.0	4806.7	-2.346
CGGAAG	53.0	1090.4	-2.341
AACGCC	29.0	542.2	-2.338
AGCGTC	30.0	643.7	-2.338
GTGCGG	50.0	1096.5	-2.328
CCCTTG	163.0	3697.6	-2.314
ACGATA	18.0	522.2	-2.310
GTGACG	41.0	830.4	-2.310
TAACAT	238.0	5483.4	-2.304
ACCACG	98.0	2152.7	-2.299
GATAGG	106.0	2338.9	-2.294
CTCGAA	70.0	1496.8	-2.291
TTCAGT	334.0	7832.5	-2.290
TGCGCT	39.0	772.7	-2.284
TATCAG	163.0	3702.5	-2.284
ATAGCG	19.0	479.4	-2.275
GTTAAT	224.0	5154.5	-2.271
GATCAG	121.0	2685.5	-2.264
ACTAGT	104.0	2294.2	-2.260
TCCCGT	37.0	886.0	-2.251
AACGAG	38.0	752.2	-2.249
CAGATC	117.0	2614.8	-2.247
GCGCAC	18.0	713.5	-2.238
TAATTC	227.0	5242.0	-2.225
CCGGAC	31.0	595.5	-2.224
GCATAC	71.0	1528.8	-2.212
GTAGTT	221.0	5092.4	-2.201
CGTCAT	38.0	756.7	-2.197
TGCGGA	25.0	811.7	-2.196
AGGGTA	127.0	2845.5	-2.185
GCGACC	21.0	565.3	-2.184
AGCGTG	55.0	1152.2	-2.182
CGACTG	23.0	624.8	-2.180
TTTCGC	67.0	1437.6	-2.178
AACAAG	183.0	4201.0	-2.176
GAACTC	201.0	4636.5	-2.168
CCGCGC	69.0	1521.8	-2.167
ATCTTT	463.0	10995.4	-2.165
GAACAG	160.0	3647.2	-2.164
TGGCGC	89.0	1944.6	-2.156
AGCATA	148.0	3349.8	-2.146
CCATTA	156.0	3550.4	-2.144
AAATGA	419.0	9943.7	-2.143
CATGCG	36.0	799.5	-2.141
TACTTT	476.0	11340.3	-2.140
GAGTGG	171.0	3906.2	-2.131
CGAACA	26.0	489.7	-2.122
AAGTCT	225.0	5213.8	-2.118
GGCGAC	17.0	833.8	-2.117
GGACAG	150.0	3406.1	-2.111
CGAGCA	31.0	668.8	-2.109
GCGTCG	10.0	312.2	-2.108
GGCGCA	62.0	1326.2	-2.104
TGAGTG	221.0	5113.5	-2.102
ACGAAG	19.0	860.6	-2.093
ACTTCA	206.0	4756.7	-2.086
GTCCAA	93.0	2050.6	-2.086
ATCAAC	99.0	2197.4	-2.084
GGAGCA	149.0	3386.9	-2.081
TTGCCA	248.0	5793.7	-2.080
AACCGT	26.0	652.5	-2.077
GCAAGG	130.0	2938.9	-2.075
CGGATC	11.0	643.3	-2.071
AGGCTA	132.0	2988.2	-2.069
TATACG	27.0	614.5	-2.064
TCTAGT	170.0	3893.5	-2.064
GATACG	20.0	506.1	-2.060
AATAAC	195.0	4506.5	-2.056
TATAGT	221.0	5123.5	-2.054
TTAATA	381.0	9035.4	-2.052
CGCAAC	26.0	494.7	-2.045
CACCCG	79.0	1740.5	-2.044
CCGCCA	71.0	1548.1	-2.036
GTCGGA	4.0	491.8	-2.034
GTCCAC	75.0	1645.8	-2.031
AAGAGT	214.0	4974.1	-2.029
CGTATC	17.0	423.9	-2.026
CCGTGC	58.0	1239.7	-2.022
CCCGTA	24.0	451.8	-2.018
CCCGGC	149.0	3397.6	-2.017
GCACAT	146.0	3322.0	-2.015
CACGCT	42.0	864.5	-2.011
ATGCGC	30.0	613.0	-2.004
CGTATA	31.0	611.1	-1.999
TTTACC	224.0	5214.4	-1.997
GCCCAC	136.0	3100.0	-1.997
CTACGC	22.0	407.7	-1.993
CGAAAA	45.0	936.9	-1.993
GGCGGG	127.0	2876.6	-1.993
CTGGTT	229.0	5345.7	-1.992
TCGATC	38.0	774.7	-1.975
GCGTTC	27.0	709.6	-1.973
GTACCT	110.0	2483.7	-1.972
AAGATA	236.0	5506.7	-1.971
CGCGTC	23.0	432.2	-1.965
GAGCGT	37.0	752.7	-1.963
ACTGCG	56.0	1199.2	-1.958
GTACGA	13.0	361.8	-1.956
GTGCGA	47.0	986.6	-1.955
TATATT	483.0	11573.4	-1.951
TGGTTC	177.0	4094.3	-1.945
CCCGGT	40.0	823.4	-1.941
GAACAA	172.0	3970.1	-1.932
TAGAGT	172.0	3970.3	-1.932
AAAAGG	294.0	6937.4	-1.932
CGCATG	17.0	677.2	-1.931
CTATCG	16.0	379.7	-1.931
GGTACG	8.0	490.1	-1.929
GATTCG	33.0	662.1	-1.929
TGGTTG	205.0	4764.9	-1.927
AGACCC	116.0	2639.6	-1.927
GAAAAA	491.0	11781.3	-1.926
CACCCA	244.0	5727.5	-1.920
CCACAC	156.0	3593.0	-1.918
CTAAGA	156.0	3593.6	-1.912
GAACGC	22.0	551.7	-1.905
TCCCCT	195.0	4538.4	-1.902
GGCCAT	128.0	2917.3	-1.902
GGTGTC	115.0	2618.6	-1.901
GCAATA	124.0	2818.0	-1.899
TCCGGG	49.0	1165.9	-1.897
GAACGT	39.0	804.2	-1.894
TCGGTT	43.0	898.0	-1.892
AGCTAG	115.0	2621.0	-1.889
CAGAAG	246.0	5789.0	-1.880
CTAGTA	111.0	2524.1	-1.875
CAGACC	95.0	2352.3	-1.873
CAAGGA	181.0	4213.5	-1.865
ACTGGA	187.0	4341.8	-1.864
GTGGTA	154.0	3553.4	-1.861
CTGGTG	200.0	4677.2	-1.859
TATCTG	192.0	4471.5	-1.858
CCGTTA	16.0	556.2	-1.858
CGCTCG	21.0	393.2	-1.858
AGTCTA	122.0	2776.0	-1.855
CTTATC	125.0	2851.2	-1.852
TGGCAG	210.0	4912.3	-1.843
AAGACC	133.0	3053.7	-1.842
CCCCCG	46.0	1377.0	-1.836
CTCACA	165.0	3838.9	-1.830
CGTTAC	18.0	557.2	-1.827
ACTCGC	28.0	557.0	-1.807
CTCCCT	249.0	5886.9	-1.806
GGTTTG	259.0	6123.6	-1.805
GTATCT	166.0	3872.0	-1.792
TGGCGA	37.0	950.5	-1.789
GTGTCG	27.0	695.4	-1.789
CTACCC	63.0	1906.5	-1.789
TACCTC	124.0	2837.5	-1.786
TGGAAG	267.0	6317.2	-1.773
TGGACA	175.0	4080.7	-1.771
TACGGT	20.0	565.6	-1.770
GGTCGC	29.0	582.3	-1.767
GACTCG	30.0	606.4	-1.767
GGTGCG	35.0	1556.5	-1.766
GCGGCT	51.0	1101.8	-1.766
GGCTAG	108.0	2468.1	-1.760
TGACGC	19.0	579.8	-1.760
GAACCG	15.0	615.4	-1.757
GCAACT	112.0	2569.2	-1.751
CTTCGT	44.0	936.1	-1.751
TGTGCC	227.0	5352.7	-1.744
CAATCT	175.0	4086.7	-1.742
GCGGCG	59.0	1295.1	-1.741
ATCCAG	157.0	3654.3	-1.736
CGCGGC	21.0	885.8	-1.735
TCACCC	180.0	4216.9	-1.733
TAACTA	151.0	3502.8	-1.730
CCACTA	108.0	2474.6	-1.724
ATTCTG	323.0	7722.7	-1.720
TGCGCG	20.0	675.9	-1.719
TGGTGC	186.0	4350.3	-1.710
CTTGTG	218.0	5152.2	-1.710
GTTGTA	164.0	3838.1	-1.709
TAGTCA	129.0	2977.0	-1.708
ACGTGG	43.0	1300.6	-1.707
TGTACT	183.0	4299.2	-1.706
GTGTTC	162.0	3787.7	-1.705
CCGCTC	42.0	893.2	-1.702
AGAACG	38.0	799.1	-1.695
CGGTAA	24.0	516.6	-1.694
GGAAAG	268.0	6366.1	-1.693
ATGTAG	166.0	3893.3	-1.688
GTCCGG	25.0	636.1	-1.681
CGTACA	11.0	476.7	-1.666
GTAGCC	85.0	2031.5	-1.664
CTTCAA	196.0	4618.3	-1.664
AACAGA	238.0	5635.1	-1.663
ATCAAG	136.0	3162.2	-1.659
GGCCGT	36.0	757.9	-1.644
GACGCA	28.0	569.7	-1.641
TTCGTC	32.0	663.1	-1.640
GGAGCG	56.0	1235.5	-1.639
CCATAC	78.0	1811.9	-1.636
TCCCTA	130.0	3016.2	-1.633
GTCTCA	279.0	6649.7	-1.630
CGCTGA	43.0	924.1	-1.629
GTAGCA	113.0	2616.7	-1.624
CTAGTT	176.0	4138.6	-1.622
TGCACC	144.0	3347.5	-1.621
CTAGAG	132.0	3070.9	-1.616
GCTAGT	96.0	2196.3	-1.607
CTCGGT	42.0	903.2	-1.604
GTTGCC	222.0	5257.9	-1.604
CCGATA	17.0	319.8	-1.600
CCCCGT	55.0	1216.9	-1.599
GCCGGT	35.0	739.0	-1.597
GTTGTG	179.0	4221.8	-1.597
TCGTCC	9.0	558.6	-1.590
TTGCGT	53.0	1169.3	-1.586
GAGCAC	96.0	2200.4	-1.583
AAACAG	264.0	6291.0	-1.581
AGATAC	137.0	3205.4	-1.574
TCGCGG	12.0	491.3	-1.570
CCACCA	312.0	7635.5	-1.566
GATGCG	30.0	623.8	-1.565
GCATGA	194.0	4591.4	-1.564
ATTCCT	265.0	6323.1	-1.562
AATGAG	235.0	5610.2	-1.560
GCTTTA	228.0	5433.5	-1.535
GATGCC	110.0	2559.1	-1.529
AAAATG	513.0	12451.4	-1.529
GAAGAG	240.0	5725.1	-1.528
CAGGAT	201.0	4782.8	-1.526
AGAGAT	288.0	6922.5	-1.523
TGCGAC	24.0	486.1	-1.521
TATTCA	253.0	6044.5	-1.520
AGGAAA	400.0	9682.7	-1.516
GGGCAC	98.0	2261.4	-1.514
TGCGTC	26.0	718.3	-1.512
TCCTCC	260.0	6234.9	-1.505
GAGGAC	115.0	2690.1	-1.501
CCAGTT	216.0	5154.5	-1.500
GACGTG	22.0	1009.7	-1.498
GAGCTC	131.0	3069.9	-1.496
AAGAGG	211.0	5026.5	-1.492
TGCATT	317.0	7633.8	-1.490
AGCAAT	216.0	5158.7	-1.489
AGCAGC	173.0	4093.0	-1.487
CGAGCC	35.0	749.4	-1.485
GAAAAG	322.0	7773.9	-1.480
GGTCAT	115.0	2694.4	-1.480
CACGTT	56.0	1256.1	-1.479
CTACAC	48.0	1825.3	-1.473
GCCCGG	127.0	2976.0	-1.462
ACATAA	206.0	4904.3	-1.460
GCTTGC	121.0	2825.8	-1.454
ACTATG	148.0	3486.2	-1.451
CTCATT	282.0	6785.8	-1.450
CCACGG	24.0	947.1	-1.448
GGATCC	90.0	2074.3	-1.448
TAAGCA	170.0	4026.3	-1.445
GTGGAG	209.0	4987.1	-1.444
AACGCT	28.0	752.3	-1.440
TGCCGA	30.0	722.8	-1.440
CCCGGA	42.0	921.2	-1.439
TGGACG	16.0	846.5	-1.437
GGAACA	146.0	3439.8	-1.433
AGATAA	250.0	5992.4	-1.426
ATACAC	119.0	2780.6	-1.424
TCGTTT	86.0	1978.3	-1.423
TAGTAA	193.0	4602.3	-1.422
CACGGA	37.0	803.8	-1.421
CCGCAT	24.0	547.0	-1.416
TTCCTG	368.0	8917.6	-1.415
TATGTA	271.0	6528.6	-1.415
GTCCCC	99.0	2304.1	-1.414
ACTTTA	317.0	7660.5	-1.413
AACCGG	26.0	542.1	-1.410
CAAGAA	215.0	5153.2	-1.410
TTTACT	425.0	10339.6	-1.409
TCGTTG	40.0	877.4	-1.407
GATGAG	176.0	4191.4	-1.405
GTGGGT	174.0	4139.3	-1.404
ATTCCA	220.0	5286.4	-1.404
CGCTGG	20.0	1358.4	-1.397
GGTGTG	268.0	6454.3	-1.397
GATAGT	124.0	2914.4	-1.391
TGGGAC	194.0	4636.2	-1.389
GGTCTG	144.0	3398.7	-1.387
GCGAAC	17.0	333.5	-1.387
GTAGTG	129.0	3042.4	-1.384
ACAATT	213.0	5551.2	-1.384
CCGCGG	41.0	904.7	-1.380
GCCACG	48.0	1074.4	-1.378
CCCCAC	134.0	3786.4	-1.376
CATTAA	223.0	5347.9	-1.376
TCCAGC	164.0	5153.6	-1.376
AACCCT	125.0	3304.0	-1.375
CCTGAT	167.0	3966.6	-1.374
TAGTTG	152.0	4067.6	-1.373
TACCTA	130.0	3070.3	-1.373
GCTCGG	40.0	1025.5	-1.369
GGAGTG	297.0	8481.1	-1.369
AGTGTG	217.0	5218.3	-1.367
ACGCAC	26.0	546.1	-1.365
CTACTC	116.0	2742.0	-1.364
CGTGCC	64.0	1719.4	-1.363
ATGGCG	58.0	1321.2	-1.363
CCACAT	156.0	3896.7	-1.361
CGGTCC	15.0	494.5	-1.361
GGGAGA	216.0	5195.6	-1.357
TGCCCG	85.0	1965.7	-1.357
TACAAC	88.0	2401.4	-1.357
CTGACA	104.0	3555.2	-1.354
TAAACA	267.0	6443.4	-1.348
GAATAA	246.0	5938.2	-1.345
TCGGTG	27.0	895.5	-1.342
GATTCC	122.0	2987.5	-1.341
CAGATT	206.0	5421.9	-1.341
ATAGAG	152.0	3615.6	-1.337
GGAAGT	194.0	4846.8	-1.337
GCCGTC	27.0	728.6	-1.336
CCACGT	41.0	1308.8	-1.335
ATAACT	166.0	4587.5	-1.335
AGCGAA	27.0	750.3	-1.334
CGGGGA	45.0	1456.4	-1.334
AGACTC	114.0	3290.8	-1.334
TCTGAT	231.0	6119.5	-1.333
CAAGGG	127.0	3003.1	-1.332
GTCTCG	121.0	3402.1	-1.330
CCACTC	122.0	2876.4	-1.329
ATACTA	135.0	3208.2	-1.326
GATGTT	231.0	5574.9	-1.322
CTAATG	141.0	3420.3	-1.319
TGCAAA	279.0	6748.9	-1.318
AGATTG	178.0	4633.1	-1.318
CGTCTT	53.0	1205.6	-1.314
AGAATT	340.0	8529.6	-1.312
GGCCTG	168.0	4628.1	-1.309
CTCCAG	209.0	6074.9	-1.307
CTCCGG	53.0	1206.5	-1.307
ACGATC	40.0	889.6	-1.303
ACAAAG	227.0	5475.8	-1.301
GCGATG	27.0	739.9	-1.301
AGCAGA	165.0	4744.9	-1.297
CCGCAC	40.0	890.7	-1.295
TGTAAC	123.0	3490.7	-1.294
GTGTTT	442.0	10811.9	-1.293
CGGTTC	29.0	625.3	-1.293
TTAATC	177.0	4875.8	-1.291
TCTTCG	41.0	915.7	-1.287
TCGCCC	74.0	2220.4	-1.286
CCGGAG	48.0	1086.4	-1.286
GTGACA	165.0	3964.0	-1.285
GATCTC	210.0	5059.1	-1.283
TCGCTT	47.0	1296.3	-1.276
TTGCAT	296.0	7195.0	-1.275
CAAATC	119.0	3330.2	-1.273
GCGGAA	27.0	809.5	-1.272
TGATTC	210.0	5501.0	-1.272
CGCACC	33.0	989.5	-1.269
ATTCTT	394.0	10555.6	-1.269
CGGAAC	26.0	555.9	-1.269
TTTATA	468.0	13909.4	-1.267
CGAATC	23.0	484.1	-1.266
AATATA	336.0	8178.7	-1.265
TACACC	75.0	1757.2	-1.261
CCGACA	22.0	461.6	-1.259
GGCTAT	110.0	2615.5	-1.247
ACGTAT	28.0	895.1	-1.245
GATTCA	118.0	3918.3	-1.245
GAACCT	112.0	2999.6	-1.244
TTCAAA	315.0	9033.4	-1.242
ATAGAC	99.0	2338.1	-1.241
AACATA	212.0	5125.7	-1.239
AGGGAA	186.0	6080.7	-1.239
TTCTAG	211.0	6006.1	-1.234
GTTCTG	203.0	5237.7	-1.232
GGCGAG	49.0	1119.8	-1.229
AGGCGC	65.0	1851.5	-1.228
AGAGGT	186.0	4473.9	-1.227
GTCAAA	148.0	3540.1	-1.226
ACCAAG	132.0	3155.3	-1.225
CGGGTA	16.0	545.8	-1.224
ATCACA	171.0	4110.3	-1.221
CGGTCA	25.0	536.2	-1.219
TAGAAG	165.0	4943.5	-1.219
GCTATA	105.0	2495.3	-1.218
GACTGT	133.0	3510.8	-1.215
AACGCG	11.0	292.7	-1.215
ATCGGT	22.0	465.2	-1.214
CCGCTA	14.0	470.8	-1.214
CGCGCC	60.0	1650.1	-1.212
CGAGGA	43.0	975.7	-1.203
CCTCCA	167.0	5390.2	-1.203
ATACAT	249.0	6064.1	-1.203
TAGTGG	129.0	3435.2	-1.200
CACATG	162.0	3910.0	-1.199
CTCGAT	44.0	1000.3	-1.197
TGCATA	185.0	4482.1	-1.195
TTAAAT	543.0	13721.2	-1.195
CACTTG	143.0	4623.8	-1.194
GTGCCC	133.0	3188.0	-1.194
CAAACG	28.0	890.7	-1.193
AAGCAC	131.0	3138.6	-1.192
AGTGCC	115.0	3036.9	-1.191
TACCTT	195.0	4934.5	-1.188
GAAGCT	186.0	4640.8	-1.181
GCCGGA	38.0	856.4	-1.179
GGCTCA	288.0	8208.7	-1.178
CATTAG	112.0	3265.5	-1.171
CTCAGT	197.0	4778.5	-1.170
ATGCCG	27.0	590.8	-1.168
TAGGGA	142.0	3427.1	-1.167
GAATGA	206.0	5611.2	-1.167
ATATGC	143.0	3453.3	-1.166
CAACTT	193.0	4674.5	-1.165
GTCAGC	98.0	2329.3	-1.164
ACTGGC	88.0	2811.6	-1.163
ATTAAT	333.0	8165.5	-1.160
AGAACT	203.0	4940.7	-1.156
ACTTGT	150.0	4736.6	-1.155
GAAACG	50.0	1154.7	-1.154
CAGGGG	144.0	3457.0	-1.154
TACTCA	118.0	3300.3	-1.153
GCGGTC	25.0	543.4	-1.148
GTGCCA	176.0	4261.2	-1.147
GTCGCT	33.0	738.9	-1.147
GTCAAG	85.0	2462.9	-1.146
TCCCTT	270.0	6594.7	-1.144
GTATAT	240.0	5847.1	-1.138
TGCCTA	153.0	4084.4	-1.138
TGAATA	291.0	7110.2	-1.137
GAACAC	73.0	2605.7	-1.136
ATCCCC	93.0	2210.0	-1.134
AACAAC	140.0	3385.1	-1.129
CTGTGC	212.0	5160.3	-1.129
CACGTG	51.0	1689.9	-1.128
CAACCG	23.0	497.2	-1.128
AATACG	23.0	773.1	-1.125
CAGGTT	242.0	5904.0	-1.125
GCTTCA	162.0	3930.8	-1.124
ATAGCA	146.0	3611.4	-1.123
AGGGGG	123.0	2950.4	-1.122
GGCGGT	37.0	840.8	-1.114
CGGCTG	58.0	1359.7	-1.113
AAGGAA	363.0	8930.1	-1.113
GGACAA	115.0	2774.5	-1.108
ACGGCA	11.0	606.5	-1.107
CCTCTT	247.0	6373.6	-1.105
AATTAC	190.0	5010.8	-1.105
GCCGCG	42.0	964.1	-1.105
TTAGAA	311.0	7723.7	-1.103
TTGCGC	27.0	597.3	-1.103
CCGGCT	47.0	2186.6	-1.102
TTACTT	386.0	9492.1	-1.100
CTTGAG	192.0	5579.3	-1.097
CCTGAG	211.0	6489.1	-1.092
TATGTG	256.0	6264.3	-1.092
CACGAA	30.0	671.4	-1.091
GAAAGC	163.0	3970.3	-1.090
CGCGAA	7.0	240.7	-1.089
CTGGCT	285.0	6994.2	-1.088
AGTATG	150.0	3629.8	-1.088
CACAAT	163.0	3966.8	-1.087
GGTGGG	181.0	5820.2	-1.087
GATATT	232.0	6637.2	-1.082
CCTCAT	152.0	4242.9	-1.081
CATAGG	72.0	2457.1	-1.080
CTCTTG	212.0	6504.5	-1.080
TGGATG	206.0	5017.9	-1.080
AACTTC	182.0	4439.8	-1.078
TCTCAG	264.0	6832.8	-1.078
GATTGG	122.0	3175.1	-1.076
ACCTAG	103.0	2519.4	-1.076
CCCCTG	155.0	3762.6	-1.074
TTGTAC	118.0	3884.1	-1.074
CTAGAA	156.0	4436.8	-1.073
TTCCCT	313.0	7681.4	-1.072
CAACCA	105.0	2661.7	-1.069
GGTCTA	69.0	2072.8	-1.068
CACCGG	22.0	698.2	-1.068
TCCAGG	204.0	4969.2	-1.068
ATGCAT	180.0	4597.4	-1.067
CCATGC	178.0	4338.3	-1.066
CACGCA	36.0	821.3	-1.066
GCTCAT	118.0	3446.0	-1.065
CGGTGC	28.0	830.6	-1.062
CCAGCC	216.0	6901.3	-1.058
ACTTCT	205.0	5816.9	-1.057
CCAGTC	122.0	2941.6	-1.057
GACGGC	26.0	577.7	-1.056
CAGGCA	278.0	6818.1	-1.053
TCCCAG	264.0	8615.7	-1.052
AGTGGC	258.0	6333.3	-1.052
TAGCTA	103.0	3344.6	-1.052
CAATTA	167.0	4055.3	-1.050
TGCTCC	139.0	3381.6	-1.049
GCATTC	97.0	3009.0	-1.047
TCGGCA	17.0	626.5	-1.045
TACATA	231.0	5668.0	-1.044
TAAAAG	274.0	8204.1	-1.041
CAGGTC	86.0	2433.5	-1.040
GGGTAG	92.0	2489.3	-1.040
GTGGAT	169.0	4111.9	-1.039
TCTGCG	40.0	1039.3	-1.039
ATGAGC	161.0	3930.8	-1.035
CTAGCC	81.0	1954.0	-1.030
TCCCGG	99.0	2385.5	-1.029
CTTGTC	117.0	3924.0	-1.029
ACTGAG	182.0	4455.6	-1.029
GCTAGC	32.0	1562.4	-1.028
GGTATC	84.0	2004.9	-1.027
TGCGAG	32.0	729.2	-1.023
TAGTCC	83.0	2420.1	-1.019
CCGATG	22.0	484.1	-1.018
GCTGGC	122.0	3463.3	-1.017
ATGTTG	343.0	8474.4	-1.017
TGCTCA	173.0	4483.1	-1.015
ATTTCG	44.0	1028.8	-1.009
GGGCTG	169.0	5003.9	-1.008
ACTTTG	279.0	8954.5	-1.005
CGCCCC	66.0	1579.9	-1.005
ATGTTA	252.0	6190.7	-1.005
AAACGG	36.0	1003.7	-1.002
TCTAAA	181.0	5793.7	-0.997
ACACCC	105.0	2546.6	-0.995
TTCATA	253.0	6221.2	-0.994
GGTAAC	77.0	2081.2	-0.994
TTCAAC	153.0	3734.3	-0.993
CTGTAT	215.0	5286.5	-0.993
TACCGT	24.0	636.4	-0.993
CCCCGC	52.0	1774.1	-0.990
CAGTGC	114.0	3651.1	-0.989
GCGAGT	29.0	659.8	-0.988
CCTACG	15.0	520.3	-0.988
TACTAA	169.0	4240.0	-0.988
TGCTCG	21.0	780.6	-0.988
AGGTCG	31.0	708.2	-0.988
ACCTAC	59.0	1964.0	-0.987
TCACCT	152.0	4740.5	-0.987
CGAAAC	27.0	654.9	-0.986
CTCAGA	192.0	4706.2	-0.986
GTAGAG	214.0	6063.5	-0.984
CAGGTA	145.0	3764.6	-0.982
TCGGTC	18.0	561.6	-0.982
GTGAGT	183.0	4497.8	-0.981
TGGTTA	198.0	4867.0	-0.979
AGTCAG	160.0	3921.9	-0.978
ATGCAC	107.0	2602.1	-0.977
TAACAC	107.0	2777.9	-0.977
GAAACT	225.0	5725.1	-0.977
ATCCTT	204.0	5658.2	-0.974
TCATAA	182.0	4473.0	-0.974
GCGAAT	17.0	487.7	-0.973
AGGGAG	225.0	5533.9	-0.972
ACTTAG	134.0	3597.4	-0.971
CAGTGG	291.0	8974.3	-0.965
TCCTGC	296.0	7317.6	-0.964
ATTTGA	345.0	9541.9	-0.961
CTAATT	315.0	9008.8	-0.961
CACCAG	132.0	3225.3	-0.960
CTTTAA	355.0	9475.6	-0.960
ACTGGT	128.0	3453.5	-0.959
TGCTAC	89.0	2533.5	-0.957
CGGGCA	49.0	1161.9	-0.955
ATTGTG	222.0	6524.4	-0.954
TCCGTC	43.0	1011.6	-0.954
GATGTC	109.0	2660.0	-0.952
CCCCGA	41.0	962.7	-0.952
TGTAGT	235.0	5810.0	-0.950
ATTGAT	270.0	6714.1	-0.948
TCCAAC	104.0	2533.8	-0.946
CAGTTC	159.0	3964.3	-0.946
CCGCGT	13.0	484.0	-0.945
GTAGTC	81.0	2100.1	-0.942
ATGAAC	156.0	3828.8	-0.942
GATGGC	121.0	2947.0	-0.937
ATATCA	159.0	3910.0	-0.935
AATACA	192.0	6548.8	-0.934
CAAATG	220.0	5736.4	-0.930
GGAGTT	186.0	6130.5	-0.927
TAGAAT	253.0	6249.7	-0.925
GGTACC	66.0	1595.1	-0.924
GCATCC	88.0	2348.2	-0.922
TTGCCT	242.0	7332.5	-0.921
ACCGGT	8.0	400.8	-0.921
GAGAAA	341.0	8468.0	-0.916
TTCAGA	279.0	6903.2	-0.915
CTCTGG	210.0	5182.6	-0.915
CGGGCC	49.0	1168.3	-0.914
ACGTTA	36.0	844.9	-0.909
TACATG	189.0	4654.5	-0.908
ATTTTC	525.0	15503.9	-0.907
GATTTC	246.0	6095.8	-0.906
ATTCGC	21.0	472.1	-0.904
ACGGGT	23.0	641.7	-0.904
TGTCTG	259.0	6420.3	-0.903
ATCAGT	164.0	4051.8	-0.900
TAGCAC	89.0	2161.8	-0.899
ACCCGT	20.0	520.0	-0.897
ATCAGC	65.0	2711.5	-0.896
CCGGAA	31.0	853.9	-0.893
CGAGCT	20.0	719.4	-0.892
ATAAGC	107.0	2937.9	-0.890
GCCCCG	30.0	1525.8	-0.890
TGGGGA	205.0	6344.2	-0.889
GCATCT	133.0	3494.5	-0.889
CAACCC	80.0	2193.8	-0.887
TCACAG	189.0	4663.9	-0.885
AATGTC	184.0	4557.6	-0.884
CTCCAA	135.0	3799.2	-0.883
TATGGG	118.0	2885.5	-0.883
CGAGTC	16.0	631.6	-0.882
TCCGCG	23.0	538.6	-0.882
TTACAA	215.0	5856.1	-0.880
AATAGG	141.0	3483.3	-0.880
GTGGCC	110.0	3039.2	-0.875
CTAATC	89.0	2167.5	-0.874
AATGCG	25.0	667.0	-0.872
TACCCT	70.0	2567.1	-0.870
TATCCT	170.0	4193.1	-0.870
GTCATA	108.0	2657.0	-0.865
CTAGGT	93.0	3034.6	-0.864
AACTCT	180.0	4861.4	-0.864
TTCCCA	267.0	6654.4	-0.862
GTTGCA	152.0	3750.0	-0.862
TAGCTC	119.0	2917.5	-0.862
GGGTAA	111.0	2736.9	-0.861
TTGATA	240.0	5987.0	-0.858
AGTAAA	260.0	6467.3	-0.858
GCAGTG	333.0	9411.1	-0.858
GCTATC	66.0	1610.3	-0.856
GCCATG	151.0	3726.0	-0.855
GATAAA	219.0	5446.2	-0.854
ATAGTA	176.0	4357.8	-0.854
TACAAG	135.0	3425.8	-0.853
CTATAG	104.0	2652.1	-0.853
AACAGC	130.0	3206.0	-0.852
GAACGG	22.0	608.8	-0.852
TGTACG	21.0	586.8	-0.850
CCATGG	130.0	3206.6	-0.849
CTCGCC	41.0	1211.9	-0.849
CACCAC	229.0	6318.9	-0.848
GAATTC	169.0	4175.8	-0.846
TCACCG	52.0	1257.1	-0.846
CCTTCC	244.0	6068.3	-0.845
CACCTA	104.0	2561.7	-0.843
GGATCG	22.0	654.7	-0.843
AAAATT	647.0	16319.5	-0.842
TAACCT	131.0	3535.8	-0.842
CATCCC	119.0	2924.7	-0.837
AGTTCT	272.0	6776.0	-0.837
TCGATG	25.0	579.7	-0.836
CACGTC	28.0	802.9	-0.836
CAGGGT	202.0	5027.5	-0.835
GGAGAG	214.0	5321.9	-0.832
CGTCGC	15.0	331.2	-0.832
CGAAGG	30.0	807.0	-0.831
GATAGA	137.0	3395.1	-0.828
ATAATT	417.0	10424.4	-0.825
GCTTTG	291.0	7245.0	-0.824
TTGTTA	326.0	8353.6	-0.823
AACTCG	31.0	732.3	-0.822
AAGTAA	256.0	6411.5	-0.820
TGCGTG	64.0	1567.5	-0.820
GAAATA	320.0	7990.2	-0.819
GGTAGC	77.0	1900.5	-0.816
AGGATC	113.0	2801.4	-0.816
AGCAAG	171.0	4239.8	-0.815
AGTCTG	182.0	4531.3	-0.813
CCGTCA	26.0	608.2	-0.813
AACGGC	21.0	483.5	-0.810
GCCGAA	14.0	643.5	-0.808
GGATGT	144.0	3559.9	-0.807
CTTCCC	233.0	5814.4	-0.807
ATGCCT	173.0	5789.8	-0.807
CTATTG	160.0	3979.7	-0.806
TGTCAG	184.0	4628.6	-0.803
GCGACA	31.0	735.5	-0.802
CCTAGT	99.0	2587.4	-0.798
GATGTG	146.0	4465.5	-0.796
CCGATT	22.0	688.4	-0.794
AAGCAA	260.0	6497.5	-0.792
TAGGTA	140.0	3627.3	-0.790
TTCGCG	7.0	322.2	-0.789
ATGATT	264.0	7396.7	-0.789
GCAAGC	103.0	2550.2	-0.788
CGATCA	19.0	436.7	-0.788
AGCTCC	154.0	3828.5	-0.787
TTCACA	227.0	5663.6	-0.786
AAATCG	32.0	866.9	-0.785
GGCAAG	127.0	3149.8	-0.783
ATCATT	253.0	6312.3	-0.783
ACGGCG	16.0	361.1	-0.782
AATCAT	207.0	5155.4	-0.781
ACCCCA	135.0	3415.1	-0.781
AGCCCT	152.0	3778.7	-0.780
GTAACC	45.0	1835.1	-0.775
CGACGG	14.0	312.8	-0.774
AGGCAA	164.0	4096.0	-0.774
GATCTA	82.0	2112.1	-0.774
AAACAT	308.0	7710.4	-0.773
CTAGCG	7.0	424.7	-0.773
TAGCGA	21.0	488.1	-0.770
GACCCT	104.0	2734.0	-0.770
AACATG	184.0	5231.2	-0.769
GAAGAA	262.0	7923.7	-0.767
CTCTCG	41.0	993.0	-0.767
GAGAAT	221.0	5510.6	-0.767
ATCCGG	14.0	454.7	-0.766
TTATAT	413.0	10350.9	-0.760
TTTCCC	368.0	9220.5	-0.759
TGCCAT	216.0	5406.7	-0.758
GTTGCT	190.0	4739.3	-0.757
AAGACG	37.0	894.9	-0.754
CGTTTC	56.0	1378.1	-0.753
GGCTGA	182.0	5570.8	-0.751
ACTTAT	176.0	4398.9	-0.746
GGGGTG	174.0	4345.7	-0.745
GCGGGC	61.0	1508.3	-0.743
TCACAT	185.0	4639.8	-0.743
TCACTA	128.0	3189.7	-0.740
CAAAAT	329.0	8254.4	-0.740
ATCCGT	18.0	591.2	-0.737
GGCCCT	109.0	2978.9	-0.736
CAGCGT	32.0	1094.9	-0.735
AATTCG	28.0	753.0	-0.733
AGCTAT	145.0	3612.7	-0.731
CCTATG	106.0	2646.6	-0.729
ATCCTG	144.0	4440.1	-0.729
CACGGG	33.0	798.2	-0.723
TCCCAT	164.0	4693.9	-0.719
GAAAGG	226.0	5683.7	-0.719
CCCTAG	86.0	2132.0	-0.716
CAGGCC	114.0	3558.1	-0.714
GCAATG	103.0	3977.0	-0.712
GGTAAA	147.0	4178.9	-0.712
GTATTT	521.0	14404.8	-0.710
AACCTA	86.0	2695.0	-0.710
GGTTCT	138.0	3859.0	-0.709
ACTCGG	22.0	1021.4	-0.708
AGTATC	101.0	2524.9	-0.706
CCACGA	28.0	674.2	-0.705
AAGAAC	173.0	4336.8	-0.703
TCCTGT	239.0	5999.3	-0.701
GTCACC	153.0	3834.6	-0.700
AACGTC	22.0	668.3	-0.698
CCCGCG	17.0	804.9	-0.697
GTAGAA	179.0	4498.1	-0.697
ATTGTA	223.0	6042.8	-0.696
GAGGTA	106.0	2925.5	-0.695
GACCAT	82.0	2349.0	-0.694
CCGTGT	59.0	1468.4	-0.694
CATATT	261.0	6574.3	-0.692
GCGTCT	36.0	880.5	-0.692
GGCAGT	135.0	3606.8	-0.692
CTGGGT	255.0	6794.2	-0.691
ATCTGT	229.0	5762.0	-0.690
GCTACG	10.0	418.0	-0.690
CGCAGC	46.0	1136.2	-0.689
ATTAAC	126.0	3800.7	-0.687
GTACCA	80.0	2345.3	-0.686
TCTAAG	147.0	3690.0	-0.686
CGTGTA	28.0	816.7	-0.685
CCTGGT	159.0	4237.8	-0.682
AAATCT	283.0	7126.3	-0.682
CGTATG	23.0	695.6	-0.681
CGGCGA	17.0	398.7	-0.680
CAATAG	104.0	2610.2	-0.679
ATGAGG	173.0	4347.4	-0.678
TGGCTA	205.0	5148.3	-0.677
CCTAGA	115.0	2898.5	-0.676
CCGTAT	21.0	571.1	-0.676
CGGGGG	57.0	1421.9	-0.675
CACACC	156.0	3925.9	-0.673
GCTAAC	62.0	1750.2	-0.672
GCTGTC	110.0	2769.4	-0.672
TGTGAC	158.0	4189.8	-0.671
AGGACG	37.0	910.9	-0.667
CATTGA	167.0	4829.6	-0.667
GACCGG	24.0	578.6	-0.667
CATGTG	212.0	5945.1	-0.667
AGGTAG	118.0	3494.5	-0.666
TACGTT	44.0	1159.8	-0.666
TCGCTG	52.0	1295.2	-0.665
CAGATA	162.0	4087.4	-0.665
TCGCGT	10.0	250.5	-0.664
ACCTCT	198.0	4994.4	-0.662
GGTACA	81.0	2597.8	-0.661
TGGATC	99.0	3129.2	-0.659
GCAAAA	223.0	5614.5	-0.658
CGTTCA	31.0	759.1	-0.657
AACTAT	161.0	4064.0	-0.656
TGCAAT	203.0	5698.8	-0.656
ACAGAT	190.0	4783.4	-0.655
GTGCAC	101.0	2540.6	-0.655
AAACTC	202.0	5106.1	-0.654
CCCCAT	136.0	3620.1	-0.653
ATTAGT	185.0	4678.3	-0.653
CATGTT	309.0	7805.0	-0.652
AATAGT	206.0	5187.7	-0.651
GCTTGT	145.0	4070.2	-0.651
TCAGTG	192.0	5344.0	-0.649
GTGCAT	142.0	3591.1	-0.648
ATCCCA	114.0	5165.6	-0.646
GAGGAT	163.0	4122.4	-0.645
ACTCGT	16.0	670.5	-0.645
TGCGAA	27.0	659.2	-0.643
CCGGTG	15.0	899.4	-0.641
CAGAAC	131.0	3305.5	-0.640
GGTTGC	124.0	3121.3	-0.639
GTCAAC	38.0	1568.4	-0.638
TAGATT	232.0	6563.3	-0.638
CTAGCT	119.0	2990.7	-0.638
GGATCT	95.0	2912.0	-0.637
CCGGGC	73.0	2010.8	-0.637
GGGCGC	35.0	1647.1	-0.636
TATCTT	304.0	7676.0	-0.636
CCAGAA	198.0	5008.2	-0.633
GCGGCC	51.0	1278.6	-0.629
ACAGCA	171.0	4315.8	-0.629
CTCCGT	56.0	1407.9	-0.629
CGCTAG	4.0	358.4	-0.628
CGCGCA	14.0	516.1	-0.628
ATCACC	110.0	2784.7	-0.627
CGCCAA	25.0	611.9	-0.626
ACTAAT	131.0	3870.2	-0.625
ATGAGA	213.0	5388.1	-0.625
ACCTAT	101.0	2550.3	-0.624
CCTGGG	302.0	9049.7	-0.621
CACTTC	150.0	3787.5	-0.621
CTACAA	130.0	3286.6	-0.620
AAAGCC	158.0	4001.0	-0.620
CATTTG	320.0	9023.9	-0.617
TCTCGA	83.0	2084.2	-0.617
GTAAAT	246.0	6233.0	-0.616
CTATTA	164.0	4161.4	-0.615
CTCCAC	157.0	3976.7	-0.614
ACAGGG	156.0	4614.5	-0.613
GTATAA	133.0	4058.0	-0.611
ATGTGG	172.0	5031.3	-0.611
TTCTCA	295.0	7471.8	-0.610
CGGACG	5.0	355.7	-0.610
GTGGCA	200.0	5074.5	-0.609
ATGGAT	192.0	4859.4	-0.607
TATACC	97.0	2511.2	-0.606
AGCACA	144.0	3635.3	-0.606
AACTCA	165.0	4193.5	-0.604
CCACTG	245.0	6213.7	-0.604
AAGTTA	221.0	5589.3	-0.603
CCTCTA	121.0	3057.6	-0.601
GCTGTA	129.0	3402.6	-0.599
AGACAT	179.0	4543.1	-0.599
TTAGTC	117.0	3397.5	-0.597
AGTCCG	16.0	551.0	-0.597
ATCTTG	246.0	6281.9	-0.597
TGTCCT	201.0	5742.1	-0.595
AATATG	240.0	6082.6	-0.595
TTCCGC	35.0	874.4	-0.593
GGCCGG	72.0	1832.3	-0.590
CATGGA	144.0	3964.4	-0.590
GGGGAG	197.0	5003.9	-0.590
CACTAA	106.0	2694.9	-0.589
ACGGTC	15.0	477.8	-0.588
GTCTAA	96.0	2526.2	-0.588
AGCGGA	33.0	823.4	-0.588
GACAGG	181.0	4602.1	-0.587
ATAATG	212.0	5538.6	-0.585
CACGAG	35.0	876.8	-0.583
ATATTG	245.0	6399.2	-0.583
GGGGGT	122.0	3091.6	-0.581
ATGCAA	165.0	4205.6	-0.579
CCCACT	161.0	4099.9	-0.578
ACGGCT	27.0	671.2	-0.575
CTCACG	23.0	1373.3	-0.575
ACTGCC	115.0	3131.0	-0.573
ATGACA	157.0	4345.8	-0.572
TACAGA	196.0	5151.1	-0.571
CGGCTA	41.0	1437.8	-0.571
GTTAGT	118.0	3141.9	-0.570
CCCTCA	134.0	3413.1	-0.568
TCTCAT	233.0	5934.4	-0.566
CGGGGT	67.0	2108.5	-0.566
CAATTT	326.0	8888.6	-0.566
TTGGTT	376.0	9545.7	-0.563
CACGTA	30.0	752.3	-0.559
AGAGGA	220.0	5613.0	-0.558
CGGGTG	58.0	1478.9	-0.557
TACTCC	88.0	2235.5	-0.555
CTCAAT	118.0	3417.2	-0.555
CGCGCT	16.0	611.0	-0.554
CCGTAA	18.0	588.0	-0.552
GGTCCC	80.0	2053.3	-0.551
TCCTTG	236.0	5998.2	-0.551
TCCTCG	22.0	955.3	-0.550
CTTATT	293.0	8121.8	-0.547
TATTTG	400.0	11690.6	-0.547
CACACG	36.0	910.4	-0.545
CGGCGC	35.0	885.6	-0.542
GATATA	147.0	3863.0	-0.540
TTATCA	219.0	5596.4	-0.540
ATTGGG	137.0	3506.7	-0.538
ACGGGC	27.0	685.6	-0.537
GCATGC	91.0	2761.4	-0.535
TATCTC	154.0	3933.5	-0.534
ACCTTC	130.0	3322.5	-0.533
ATTCAT	271.0	6912.5	-0.533
AGTCAC	114.0	2926.1	-0.533
TAATCA	160.0	4095.0	-0.531
TTAGAT	190.0	5893.5	-0.531
GCAAAT	166.0	4561.0	-0.530
GCACGG	34.0	862.4	-0.530
AGCCGA	27.0	1069.1	-0.527
GGTAGG	107.0	2744.1	-0.526
TGCACG	37.0	942.0	-0.526
AAAGGA	302.0	7691.0	-0.526
GTTTGA	262.0	6842.5	-0.526
GTACCC	55.0	1410.0	-0.526
GATCCC	41.0	2127.0	-0.525
CGTTGC	22.0	771.4	-0.524
TCCGAT	16.0	454.7	-0.524
CCAAGC	93.0	2811.1	-0.524
AATAGA	219.0	5606.1	-0.523
AGCTCA	194.0	4957.1	-0.523
AGATAG	153.0	3912.4	-0.522
GCTGTG	235.0	6015.4	-0.522
AATAAG	214.0	5471.7	-0.521
TAATTA	321.0	8196.3	-0.521
ATGCTC	93.0	2602.9	-0.520
CGCCAT	54.0	1385.4	-0.520
CGGGAA	43.0	1100.0	-0.519
AGGTTC	137.0	3650.8	-0.518
CGCTGC	53.0	1359.8	-0.518
TCATTG	239.0	6100.1	-0.517
CGGTGT	16.0	873.4	-0.517
TATTAA	326.0	8313.6	-0.514
GACGAG	28.0	709.3	-0.512
TGTCAA	159.0	4310.1	-0.512
CCTCGT	57.0	1467.7	-0.506
ATGAAA	318.0	9021.7	-0.505
ATATCT	212.0	5428.7	-0.503
GACTGG	143.0	3682.5	-0.502
TGGGAA	264.0	6980.0	-0.502
ACACGA	13.0	632.5	-0.499
ACACAA	155.0	3977.2	-0.499
CCTTGT	187.0	5356.3	-0.498
CAGTCA	131.0	3365.2	-0.497
ATCGTT	27.0	962.9	-0.497
TACGAA	20.0	610.0	-0.495
TCGCCA	40.0	1027.9	-0.494
TCGATA	18.0	452.4	-0.494
GCCTGA	153.0	3995.0	-0.493
TTTAGT	380.0	12242.0	-0.492
AACCCA	137.0	3528.4	-0.491
CTCACC	133.0	3421.8	-0.491
ATTATT	438.0	14047.6	-0.490
GCCAAC	52.0	2316.7	-0.489
CTAGCA	75.0	2443.9	-0.489
TAGGAA	211.0	5410.7	-0.488
ATTGCC	132.0	3409.9	-0.485
TCCTCA	167.0	4780.0	-0.483
TCAAGA	154.0	4609.4	-0.483
CGTTAT	32.0	820.7	-0.483
GGTCGA	17.0	428.6	-0.481
CTCAGG	220.0	5659.5	-0.480
TGAGTC	140.0	3613.2	-0.480
CAATTC	146.0	4079.2	-0.479
GTTCGC	7.0	483.2	-0.479
GTCGCG	12.0	296.1	-0.479
TCTCAC	202.0	5199.3	-0.478
GAAATC	109.0	4176.9	-0.478
TATGAG	90.0	3725.6	-0.477
ATTCAG	218.0	5607.1	-0.477
CGCTAC	10.0	419.3	-0.477
TATAGA	175.0	4542.8	-0.476
ACTTAC	101.0	3191.8	-0.476
CAGAAT	214.0	5772.8	-0.476
TATCGC	15.0	416.4	-0.474
CATTGC	153.0	3938.0	-0.472
TGAGGT	208.0	5806.1	-0.472
TGTTGC	283.0	7258.9	-0.471
CCATAA	114.0	2953.9	-0.471
ATCTTA	181.0	4665.0	-0.467
GAGATA	152.0	4360.1	-0.467
CGCAGG	43.0	1113.1	-0.466
GATGGT	185.0	4776.4	-0.462
CTGTTG	271.0	7032.5	-0.462
GTCCCG	31.0	799.5	-0.462
CCAGGC	372.0	11464.0	-0.460
CCCGAT	19.0	485.7	-0.456
CCTAGG	107.0	3421.6	-0.455
CATGGG	120.0	3093.7	-0.455
ACTGTG	234.0	6032.0	-0.454
TATGGT	154.0	4015.5	-0.453
TATGGC	89.0	2779.7	-0.452
CAGAGC	165.0	4271.6	-0.451
CGTGTC	33.0	855.0	-0.450
TGTACC	104.0	2698.9	-0.449
GGAATC	107.0	2778.1	-0.447
CGGATG	25.0	645.5	-0.447
ACTCTG	239.0	6146.7	-0.446
ACTCAT	141.0	3658.6	-0.444
CGGACC	22.0	566.7	-0.444
TTATCG	24.0	655.9	-0.444
TATTCG	26.0	672.2	-0.443
GCCTAG	108.0	2807.6	-0.442
GATATC	82.0	2147.9	-0.438
TTCACC	159.0	5568.3	-0.437
TCAGAA	241.0	6208.2	-0.435
GGAACC	88.0	2281.6	-0.435
TAGGTC	79.0	2070.6	-0.433
CCGACG	7.0	300.2	-0.430
GAATCA	140.0	3639.9	-0.429
GAGAAG	237.0	6104.1	-0.428
AGCTCT	190.0	4905.5	-0.428
CTCTGC	249.0	6434.9	-0.427
CGCGGG	34.0	887.8	-0.426
TATCAA	144.0	3722.3	-0.425
CTGGAT	174.0	5260.0	-0.425
ATACGG	9.0	528.0	-0.425
ATAGTT	227.0	6485.0	-0.425
GAGAGT	108.0	3693.4	-0.424
GTGCAA	157.0	4180.7	-0.424
GCGGGA	50.0	1309.2	-0.423
CCCATG	118.0	3056.0	-0.423
CCGGCA	32.0	836.4	-0.422
CACTAG	71.0	1864.5	-0.422
GAACAT	165.0	4288.6	-0.422
GCCGTG	46.0	1205.6	-0.421
GATTTG	246.0	7152.5	-0.420
ACGTTC	28.0	731.9	-0.419
GCTCGT	16.0	631.4	-0.419
ACGTGT	45.0	1418.7	-0.418
CAGCTA	181.0	4695.0	-0.418
GCACCC	97.0	2527.7	-0.418
TAATCT	197.0	5101.4	-0.418
GCTCTT	185.0	5781.1	-0.417
AGTTTA	292.0	7522.3	-0.417
GAGGCG	78.0	2051.9	-0.416
CCGGGT	85.0	2210.7	-0.415
TGGTAG	160.0	4157.4	-0.414
CTACTT	190.0	4915.8	-0.413
GTCTGC	103.0	2688.3	-0.412
ATGGCA	156.0	4323.5	-0.410
ATCTCC	154.0	3999.6	-0.409
GCTGCC	112.0	3718.5	-0.409
CTTGCG	18.0	793.8	-0.408
CTCATA	112.0	3016.1	-0.407
GTATCC	75.0	1976.0	-0.407
ATAGAA	229.0	5927.2	-0.407
AATTTG	360.0	9802.0	-0.406
TCCCGC	50.0	1316.5	-0.405
CGCTGT	44.0	1157.3	-0.405
AAACTA	198.0	5137.5	-0.404
ATGTAT	284.0	7339.5	-0.402
TTATTA	373.0	12103.0	-0.402
CAATAC	86.0	2243.7	-0.401
CGCCTG	107.0	3154.1	-0.400
AGTCCC	112.0	2935.1	-0.397
GACAGC	85.0	2556.1	-0.397
TAGATA	183.0	4763.0	-0.395
TCAATG	128.0	3337.7	-0.395
TGTTGT	354.0	9146.3	-0.392
CGGAGA	36.0	950.2	-0.392
ATCTAG	99.0	2594.9	-0.389
TTATGT	319.0	8246.4	-0.388
CATCGA	19.0	499.4	-0.386
CTTGAT	201.0	5232.4	-0.386
AGGGAC	112.0	2942.6	-0.385
TACTTA	192.0	4988.9	-0.385
GTAACA	113.0	2969.7	-0.385
GGCACG	48.0	1504.1	-0.385
TTATAA	312.0	9010.4	-0.383
GTTCCT	175.0	4555.1	-0.382
TGTGTT	408.0	10531.2	-0.380
AAGAAG	269.0	6969.2	-0.379
CCGGGG	55.0	1458.3	-0.377
ACCAAT	101.0	2876.4	-0.377
GTGGTT	195.0	5993.3	-0.376
GCATCG	17.0	567.8	-0.376
ACATGT	198.0	5157.5	-0.375
GCCCAG	365.0	9447.5	-0.374
GGACGC	27.0	715.2	-0.374
GATCGC	24.0	718.7	-0.374
GTCCTT	175.0	4695.2	-0.374
TGGCTG	255.0	6616.0	-0.372
ATGGTG	166.0	5912.5	-0.372
GCACTT	161.0	4726.0	-0.370
CTATTT	364.0	9909.6	-0.370
ACCTGT	132.0	4349.7	-0.369
ACGGGA	30.0	797.6	-0.368
GACCAA	90.0	2463.8	-0.364
TTGTGC	161.0	4354.0	-0.363
TGAATC	152.0	3975.8	-0.361
CGTGGT	42.0	1654.0	-0.360
TATCGA	14.0	424.2	-0.360
GGTAGA	128.0	3358.6	-0.359
GTATGG	91.0	2396.9	-0.358
ATGGTA	146.0	4408.2	-0.356
AGAAGC	177.0	4629.2	-0.354
TATAAG	157.0	4272.7	-0.352
CTGCGC	54.0	1443.5	-0.348
GAGCGC	33.0	884.9	-0.345
CAGCAT	167.0	4365.5	-0.343
ATGATA	181.0	4923.5	-0.342
GGAGAA	256.0	6668.7	-0.342
TCTAGA	154.0	4042.4	-0.341
GGGAAA	250.0	6503.9	-0.341
CGAATG	25.0	672.0	-0.340
GCGCGG	24.0	1249.3	-0.339
TGAGGG	167.0	4419.2	-0.337
GTGAGG	163.0	4289.5	-0.336
TCGTCA	26.0	699.9	-0.336
GTCACA	83.0	2899.0	-0.334
TGATTG	211.0	5517.8	-0.333
CAAGCT	120.0	3807.1	-0.333
CACAAA	194.0	5081.1	-0.331
CTCATC	112.0	3075.8	-0.331
GTGGGC	110.0	3151.5	-0.330
AAAGAT	289.0	7543.0	-0.329
GGAAAC	162.0	4289.4	-0.328
CACATC	106.0	2857.8	-0.327
GGGACG	35.0	944.1	-0.326
TGTTTG	391.0	12843.3	-0.326
CAGCTC	183.0	4813.3	-0.325
CTGTAA	228.0	6962.8	-0.325
CGAGGC	55.0	1479.3	-0.323
CATTCC	146.0	3839.2	-0.322
CCAGTA	115.0	3115.5	-0.319
TACTTC	147.0	3868.4	-0.319
ATCATA	132.0	3764.9	-0.318
CCCTGC	162.0	4276.9	-0.316
ATGCGG	20.0	672.7	-0.316
ACGTCC	25.0	678.8	-0.316
AGTTCG	29.0	966.0	-0.316
GCTCCT	121.0	3830.5	-0.315
TCATAT	199.0	5232.9	-0.314
CTTTAG	199.0	5518.0	-0.313
GACACG	28.0	761.0	-0.313
TGGGGG	197.0	5178.3	-0.313
CATGAG	180.0	4742.7	-0.311
CTTTGT	332.0	11260.0	-0.311
CTCTAG	112.0	2984.9	-0.311
GAGGGT	126.0	3334.1	-0.311
ACTCCA	163.0	4308.6	-0.310
CCGCTG	42.0	1137.6	-0.310
TCTTTG	436.0	11337.0	-0.309
CACCGA	15.0	627.4	-0.309
ATCAGG	114.0	3039.9	-0.309
CAGACA	148.0	3903.9	-0.308
CTTCTC	221.0	5786.3	-0.308
ACCCTA	71.0	1978.5	-0.308
GAGCCT	136.0	3606.4	-0.308
GGGGTC	97.0	2584.1	-0.306
GTTGAG	137.0	4042.5	-0.304
ATAGCC	61.0	2112.0	-0.303
AGACCG	23.0	628.1	-0.303
CTAAAT	185.0	5055.0	-0.303
CAAGAC	83.0	3007.6	-0.301
CATGGT	172.0	4533.3	-0.300
ATGGCT	179.0	4724.3	-0.300
GCCGGC	36.0	1100.7	-0.299
TCTAGC	89.0	2378.5	-0.298
AACACT	140.0	4254.6	-0.298
AGAACC	106.0	2833.0	-0.296
GCAAAC	85.0	2838.2	-0.296
GATGGG	188.0	5491.3	-0.293
ATGTCC	101.0	3274.1	-0.291
GTTCAT	180.0	4760.0	-0.290
TCGTGC	27.0	884.9	-0.290
CCCGCA	6.0	887.9	-0.289
GGGGCG	72.0	1951.9	-0.289
TTCCTA	213.0	5872.9	-0.288
CTTTGC	261.0	6859.5	-0.286
ACCGAC	15.0	413.3	-0.285
GTTTTC	403.0	11151.6	-0.285
TTACCT	157.0	5121.9	-0.285
CCTGCG	40.0	1234.3	-0.280
AGTCTC	186.0	6067.1	-0.279
TGTATC	148.0	3925.2	-0.279
CTGTGT	299.0	7848.7	-0.278
GCCATC	99.0	2727.8	-0.278
CTGTGA	223.0	6344.3	-0.277
CTCCGC	56.0	2586.4	-0.277
AAACGC	28.0	772.6	-0.276
GCAACC	155.0	4501.3	-0.276
CGACAG	31.0	855.0	-0.275
CTCGTG	62.0	1689.0	-0.275
GCTCCC	89.0	2847.1	-0.275
GAGAAC	99.0	3366.8	-0.274
CTAATA	144.0	3820.5	-0.274
TCCCTC	184.0	4883.6	-0.274
AGGACC	69.0	2256.4	-0.273
ACTCAG	144.0	3979.6	-0.273
CACAGC	131.0	3768.7	-0.272
AATGCC	84.0	3368.1	-0.272
ACTTGC	116.0	3175.4	-0.271
CAACGG	15.0	419.0	-0.270
ATTTGT	414.0	12548.8	-0.270
CACGAT	43.0	1181.7	-0.269
TTAGTA	271.0	7554.6	-0.268
GTGGGG	192.0	5130.1	-0.268
CAGGGA	185.0	4922.5	-0.268
CCAATT	153.0	4070.7	-0.267
CCGGAT	19.0	529.9	-0.266
TTGTGT	363.0	9510.5	-0.266
AGATCT	137.0	3957.0	-0.266
ATTCGG	23.0	689.8	-0.265
TGAGTT	260.0	7636.1	-0.265
GCAGAA	195.0	5165.0	-0.265
TCATAG	100.0	3620.4	-0.264
CGCACA	24.0	667.3	-0.264
CGCCGC	31.0	1040.3	-0.264
CTTGTT	263.0	8194.8	-0.264
ATCTAA	130.0	3475.5	-0.263
GGGAGC	119.0	3178.6	-0.263
CACTTA	129.0	3987.2	-0.260
GCAGCC	154.0	4188.5	-0.260
AGCATG	154.0	4105.3	-0.258
GTCCCT	115.0	3101.1	-0.257
CGGAGC	34.0	1116.8	-0.256
TCGCAC	17.0	477.1	-0.256
TTGAGT	257.0	6779.3	-0.256
TCTGCA	200.0	5312.2	-0.255
TAAATT	449.0	12084.4	-0.254
ATATGG	150.0	4000.9	-0.253
TGTTTA	350.0	10769.9	-0.252
CTAGAT	117.0	3159.2	-0.252
AGCAAC	67.0	2744.8	-0.250
GAAACC	147.0	3920.3	-0.250
GACACT	94.0	2750.1	-0.250
ATGTCA	160.0	4275.5	-0.250
TGGTTT	460.0	12399.1	-0.249
ACCGTG	54.0	1648.2	-0.249
AACCCG	30.0	838.2	-0.246
TGCGCA	27.0	756.2	-0.246
CACTGC	284.0	8845.3	-0.245
AGTCAA	114.0	3342.7	-0.243
AAGAGA	266.0	7018.6	-0.243
ACGTTG	39.0	1084.2	-0.242
ATAAAG	245.0	6489.2	-0.241
TCTATC	109.0	2952.6	-0.239
CCAACC	74.0	2422.5	-0.239
CCTCTG	255.0	6742.8	-0.239
ATAGAT	156.0	4946.8	-0.239
TATATC	138.0	3714.8	-0.237
CGGGTC	15.0	677.6	-0.235
CTACGT	16.0	709.5	-0.235
GTCTCC	104.0	3804.1	-0.233
GATATG	125.0	3395.0	-0.232
CATGCC	172.0	5014.2	-0.231
TTGTCT	323.0	8529.6	-0.230
ACGCCG	15.0	429.8	-0.230
GTATGT	195.0	5199.2	-0.230
AACCCC	107.0	2936.6	-0.229
CGATAT	19.0	541.2	-0.228
CGCCGA	12.0	344.6	-0.228
TTACTC	137.0	3697.1	-0.226
GAAGGG	167.0	4698.9	-0.225
GCATGG	119.0	3300.9	-0.225
TAACAA	173.0	4787.0	-0.225
TTATCC	143.0	3862.4	-0.224
TGTGTA	254.0	6733.3	-0.223
ATCGAG	16.0	659.9	-0.222
ATATGT	270.0	7155.2	-0.222
TCTCGT	36.0	1074.8	-0.222
GCACCG	28.0	793.2	-0.221
ATGTAC	120.0	3238.5	-0.221
TATTTA	449.0	16522.5	-0.220
GCACCA	111.0	3021.7	-0.220
ATCTTC	167.0	4469.0	-0.218
TAGTTA	162.0	4359.2	-0.218
CTCCTT	241.0	6571.6	-0.218
AATGAA	346.0	9118.6	-0.218
TATGCC	99.0	2698.9	-0.217
GGACCA	60.0	2281.6	-0.217
GACATA	98.0	2671.0	-0.217
CATGCT	153.0	4114.0	-0.217
TAGAGA	269.0	8097.9	-0.216
GTTTAG	155.0	4331.4	-0.216
GAGGGG	154.0	4143.2	-0.216
CCGAGG	60.0	1669.3	-0.215
TTTGAT	446.0	11706.2	-0.215
ACTCTA	89.0	2798.5	-0.214
AACAAT	197.0	5271.8	-0.214
GCGCCC	77.0	2168.4	-0.214
TAGAAA	322.0	8524.4	-0.213
AGAGCG	40.0	1217.2	-0.213
TAGTAT	175.0	4696.3	-0.211
AATCAG	141.0	4243.5	-0.210
ATGAGT	135.0	4608.0	-0.210
AGGTTG	193.0	5166.9	-0.209
GGTCAC	57.0	2104.5	-0.208
TTGCGA	25.0	715.3	-0.208
GTATGA	103.0	3258.6	-0.207
AAAAGC	173.0	5677.9	-0.205
CCAGGG	156.0	4209.3	-0.204
ACGTAC	7.0	504.3	-0.204
TTGCAC	126.0	3417.1	-0.203
ACACGC	14.0	653.2	-0.203
GACCAG	95.0	3462.7	-0.201
AGAACA	193.0	5271.1	-0.201
GGGCGA	36.0	1024.0	-0.200
TCTCCC	217.0	5813.7	-0.200
TCGCTA	17.0	495.4	-0.200
CTTCTT	297.0	10143.6	-0.200
GGTGAG	150.0	4462.5	-0.199
GGTTTC	262.0	7053.9	-0.198
AGCAAA	206.0	5782.3	-0.198
ATTCCC	131.0	3559.6	-0.198
TTACAT	303.0	8036.7	-0.197
ATTTAA	502.0	13193.5	-0.197
AAAGAG	259.0	6908.9	-0.196
GTACAT	106.0	3421.3	-0.195
CATGCA	138.0	3753.6	-0.195
AGCGGG	37.0	1144.8	-0.194
CACTGT	218.0	5849.3	-0.194
TGCAAG	138.0	4032.0	-0.194
GGACCT	84.0	2380.9	-0.193
GCCGGG	84.0	2311.6	-0.192
GGCACT	100.0	2748.6	-0.189
TCTAAC	86.0	2734.1	-0.189
ATGTCG	20.0	585.3	-0.187
CGCGAG	13.0	537.9	-0.186
GCAGCG	44.0	1251.1	-0.185
TCCTAG	132.0	3605.4	-0.185
TTAGCT	195.0	5250.9	-0.185
TGGGTA	144.0	3901.6	-0.183
AATAGC	105.0	3466.6	-0.183
CTATCC	64.0	1799.5	-0.183
CTGTCC	113.0	3422.8	-0.179
CGTTCT	42.0	1200.7	-0.178
AGCTTG	151.0	4100.7	-0.178
TCAAAT	238.0	6512.4	-0.178
CTTATA	151.0	4285.8	-0.178
ACCGGG	24.0	701.9	-0.177
GGGTCT	134.0	4003.3	-0.176
CATGAA	163.0	5407.9	-0.176
CGTCAA	13.0	463.3	-0.176
TTGCTT	462.0	12191.5	-0.176
GACCCG	21.0	653.4	-0.176
GTTCTC	143.0	3912.5	-0.174
CATGAC	91.0	2516.7	-0.174
GGGACA	110.0	3036.2	-0.173
GAATGC	122.0	3337.2	-0.173
CATTGT	227.0	6100.7	-0.173
ACATTA	163.0	4783.1	-0.173
TGTGGC	169.0	4574.8	-0.172
AAGATC	96.0	3223.1	-0.170
AGCGCG	18.0	551.7	-0.170
AGAATA	225.0	6049.9	-0.169
AATTAA	349.0	9281.3	-0.169
TAATAA	308.0	8222.0	-0.169
CAACAG	121.0	3456.7	-0.169
GACAAA	158.0	4450.7	-0.168
GCACGC	21.0	752.8	-0.168
GATTTA	233.0	6276.0	-0.168
GAGTTA	113.0	3657.0	-0.167
CAATAT	165.0	4498.3	-0.167
ACCCCG	39.0	1125.7	-0.166
CCATTG	146.0	4293.0	-0.166
CTGCAT	161.0	4752.3	-0.165
CTCATG	140.0	4381.8	-0.165
TGATAT	203.0	5899.4	-0.165
ATGCTA	116.0	3523.3	-0.164
CACTGA	161.0	4392.4	-0.164
GGGGCT	138.0	3786.9	-0.163
CCCGTG	34.0	989.0	-0.162
TCTTTA	300.0	10964.3	-0.161
ACCGAG	27.0	794.6	-0.160
CACGAC	13.0	420.4	-0.160
ATCTCA	227.0	6120.8	-0.159
AGGGCA	132.0	3628.9	-0.158
GGCACA	137.0	3765.1	-0.158
ATTATG	210.0	5675.3	-0.157
TCATGT	200.0	5627.8	-0.157
AGCACT	136.0	4737.8	-0.156
ACATAG	130.0	3576.2	-0.156
GAACCC	87.0	2424.6	-0.156
CCCGCT	38.0	1104.8	-0.156
GTCATG	98.0	2894.6	-0.155
CACGGT	26.0	1022.2	-0.154
CCAGCT	213.0	6634.0	-0.154
CCTACA	85.0	2371.0	-0.153
AATCAC	125.0	3441.4	-0.153
AGAGAA	302.0	8078.2	-0.153
GGACGA	15.0	624.6	-0.153
ACGAGC	13.0	441.4	-0.153
TATCAC	97.0	2701.1	-0.153
GCGCTG	35.0	1323.4	-0.152
CACGGC	23.0	806.6	-0.152
GTGCCT	151.0	4606.0	-0.152
ATCGTG	33.0	967.4	-0.152
TATTGT	263.0	7590.1	-0.151
CTGTAC	104.0	2895.3	-0.150
CAATGC	71.0	2284.1	-0.150
ATCGCC	20.0	602.6	-0.149
CTCTTT	426.0	11838.6	-0.149
TATGTT	331.0	8858.4	-0.149
CTAAAA	219.0	7020.3	-0.148
CAACAC	90.0	2514.3	-0.147
TCACGC	51.0	1677.5	-0.146
GACACC	58.0	1894.7	-0.146
TATGCA	140.0	3863.7	-0.146
TGTTCG	18.0	791.7	-0.145
GTTTCC	215.0	5834.9	-0.145
TGCATG	171.0	4666.6	-0.144
GAGGTG	188.0	5111.4	-0.144
GGGAGT	127.0	3508.4	-0.143
CTACAT	120.0	3315.4	-0.143
TGTTCC	158.0	4639.4	-0.143
CTGAGG	216.0	6628.4	-0.142
GTGTGC	145.0	4234.9	-0.141
CACTCC	125.0	3457.8	-0.140
CTCGTC	24.0	721.9	-0.140
GCACAG	127.0	3513.0	-0.140
TATAAC	106.0	3174.5	-0.140
GTGTAT	195.0	5313.2	-0.139
CGCAGA	25.0	841.9	-0.139
GAGAGC	101.0	2826.9	-0.138
TATGAA	187.0	6305.3	-0.138
TCCACA	131.0	3625.5	-0.138
TTCCAA	240.0	6526.8	-0.138
GAGTCG	12.0	722.3	-0.138
TTATGC	121.0	3592.9	-0.137
GGAAGC	140.0	3878.4	-0.134
AATCGC	26.0	781.1	-0.134
AAGGGG	113.0	3645.2	-0.132
TCACGA	28.0	840.6	-0.131
GTGGCG	89.0	2505.0	-0.130
CAGCCC	137.0	3939.8	-0.130
TGGCAC	143.0	3967.1	-0.129
ACGGTG	39.0	1150.4	-0.129
GCTACA	80.0	2286.1	-0.129
CTGCTA	119.0	3306.4	-0.129
CGAGGT	42.0	1234.9	-0.129
AGTTCA	190.0	5191.1	-0.128
CACCAA	114.0	3197.9	-0.128
TGGGGC	122.0	3980.0	-0.128
CGCACT	19.0	585.0	-0.127
TCACGT	38.0	1124.4	-0.127
AGATTC	150.0	4242.4	-0.127
AGTGGG	146.0	4614.3	-0.126
CGCTCC	32.0	956.1	-0.126
GTCGCC	67.0	1930.1	-0.126
CCCAGA	174.0	4777.6	-0.126
GGAACG	16.0	785.8	-0.126
CCGGGA	33.0	1579.9	-0.125
AGGAGA	245.0	6656.2	-0.124
GCAGAC	57.0	2236.1	-0.124
ATCCCG	23.0	701.5	-0.124
CAGACG	22.0	967.1	-0.124
TCTACC	95.0	2861.6	-0.124
ACTCCG	15.0	1002.1	-0.123
ATCGAT	20.0	616.3	-0.123
GCGCCT	53.0	1682.8	-0.123
TTGCTA	179.0	5252.7	-0.122
AAGCTC	117.0	3648.1	-0.122
GGTTGT	156.0	4313.7	-0.121
ATCTCG	78.0	2514.7	-0.121
TAGTTC	130.0	3623.4	-0.119
CTTTGA	304.0	8238.5	-0.119
ACCCGG	53.0	1549.2	-0.119
ATTTAT	494.0	17779.9	-0.118
ATCACG	32.0	962.4	-0.118
GGAGAC	126.0	3514.7	-0.118
ACTAGC	57.0	1725.1	-0.118
CGCGGT	24.0	735.6	-0.117
AGGGGA	137.0	4254.4	-0.117
CCAGTG	160.0	4431.2	-0.116
AGGACA	146.0	4043.1	-0.116
CCATAT	131.0	3656.6	-0.115
ACATGA	158.0	4500.2	-0.115
AGATAT	195.0	5615.5	-0.115
TTTGTC	346.0	9306.2	-0.115
TCTTGC	214.0	6305.6	-0.115
ACTGGG	133.0	4244.4	-0.114
CCTTCT	236.0	6670.6	-0.114
GACCGA	17.0	534.3	-0.113
AAACAA	353.0	9514.3	-0.113
GGGGCC	99.0	2802.1	-0.113
CCTTTA	188.0	6090.4	-0.112
GGATGC	80.0	2483.5	-0.112
CTCGGG	52.0	1528.0	-0.112
GTGTGG	190.0	5219.9	-0.112
AGATGG	288.0	7821.1	-0.110
GGGTGT	132.0	3691.3	-0.110
CCCACG	29.0	1006.2	-0.109
GTTATC	81.0	2404.9	-0.109
ATTCTC	294.0	7968.0	-0.109
CACCCT	113.0	3195.8	-0.109
AACGGG	23.0	711.8	-0.109
TCGTTC	27.0	826.8	-0.109
CATCGC	20.0	625.2	-0.109
CATTTA	380.0	10225.1	-0.108
TAGCAA	131.0	3668.3	-0.107
CAAAGA	165.0	5908.3	-0.106
CGTTCC	25.0	771.3	-0.106
TCATTT	540.0	14412.1	-0.106
CCAGAG	155.0	4673.5	-0.106
TCCAGA	164.0	4590.2	-0.105
CATCTT	207.0	6259.5	-0.105
TCCACG	30.0	915.5	-0.105
AAACCC	140.0	3922.2	-0.105
GGGCCA	99.0	2813.8	-0.104
ATGGGG	182.0	5039.6	-0.104
GCCCGA	23.0	715.5	-0.103
ATGGGT	112.0	3499.1	-0.103
GTTATG	117.0	3315.6	-0.103
CCGCGA	9.0	410.4	-0.101
TTTCAC	277.0	9270.2	-0.100
AAATTC	246.0	6886.2	-0.100
GGTGCC	82.0	2858.1	-0.099
CTGTAG	154.0	4859.9	-0.098
TAATTT	787.0	21371.5	-0.098
TGTACA	139.0	4653.7	-0.098
GTCAGA	119.0	3352.1	-0.097
CCCTGA	120.0	3947.1	-0.097
TGCACT	155.0	4326.8	-0.096
AGATCC	76.0	2434.1	-0.096
GACATC	72.0	2103.7	-0.096
TGCAAC	177.0	5158.6	-0.096
CTATAT	143.0	4022.3	-0.095
TGAGAA	287.0	7830.3	-0.095
GCTAGA	88.0	2522.7	-0.095
GTACAA	102.0	2912.4	-0.094
GGACGG	30.0	924.5	-0.094
ATATAA	274.0	7489.2	-0.094
CGTGTG	62.0	1828.7	-0.093
CCTTCA	165.0	4612.0	-0.093
CTATGC	71.0	2167.3	-0.092
GATGGA	209.0	6145.4	-0.092
GCTCAG	142.0	4090.3	-0.092
GCGCAG	44.0	1325.6	-0.092
CAAATA	240.0	6584.2	-0.092
ATGGAG	207.0	6047.2	-0.091
GGTGGT	167.0	4756.3	-0.090
ACATCA	117.0	3338.8	-0.089
TGCACA	144.0	4206.6	-0.088
CCTCTC	140.0	4749.3	-0.087
ACACGT	34.0	1046.4	-0.087
AACACC	76.0	2538.5	-0.086
CACGCC	111.0	3213.9	-0.086
GCCAAG	137.0	3873.1	-0.086
TCGGGA	39.0	1190.6	-0.085
GTTTGC	177.0	4940.3	-0.084
GACGGA	72.0	2121.4	-0.084
TAGTTT	436.0	11775.4	-0.083
GCGTGG	50.0	1826.0	-0.083
ACATAC	111.0	3181.2	-0.083
GGCACC	82.0	2401.6	-0.083
CCAGGT	187.0	5197.8	-0.082
TCAGCG	13.0	892.3	-0.082
TGAGAC	209.0	8160.9	-0.082
TCATTA	197.0	5479.5	-0.081
CTTCAC	131.0	3714.1	-0.081
ACATAT	199.0	5676.6	-0.081
TGTCGC	55.0	1914.5	-0.080
GAGCCG	35.0	1442.5	-0.080
CTGCAA	272.0	7468.9	-0.080
AGAAAT	378.0	10391.0	-0.080
ACAATG	139.0	4167.2	-0.080
ATTGAG	178.0	4977.4	-0.080
ACCATG	219.0	6078.0	-0.079
CTCTTC	204.0	5654.9	-0.079
AAAAAT	739.0	19676.2	-0.079
AGGCTC	109.0	3133.5	-0.079
TTCTCC	374.0	10167.6	-0.079
CCGTGA	26.0	889.9	-0.078
GCACTG	114.0	3276.0	-0.077
CCCTCT	162.0	4563.0	-0.077
GACGCC	14.0	696.7	-0.076
CTGCAG	239.0	6596.6	-0.076
GCCAGT	115.0	3490.0	-0.075
ACGTCA	23.0	740.1	-0.074
CGGCAC	18.0	592.5	-0.074
CCGAGC	27.0	857.8	-0.074
GGCAAA	138.0	3924.4	-0.074
GGACGT	20.0	801.2	-0.074
ATGGGC	94.0	2724.4	-0.074
CATATG	153.0	4347.8	-0.073
CGGAGG	51.0	1545.7	-0.073
TACATT	291.0	8102.3	-0.073
CATATA	164.0	4875.3	-0.072
GCTCTA	75.0	2223.2	-0.072
GCAGAG	178.0	4997.0	-0.071
AGAGTC	140.0	3989.6	-0.070
CTGGGG	174.0	5581.8	-0.070
AGAAAA	525.0	14154.4	-0.069
TGCATC	107.0	3357.5	-0.069
GAGTCA	109.0	3153.6	-0.069
GGAGGG	200.0	5597.2	-0.069
TTCACG	47.0	1439.1	-0.068
TATATG	201.0	5925.6	-0.067
TCCTAT	127.0	3634.0	-0.067
GTCTTT	340.0	9598.1	-0.067
AGGCGG	73.0	2177.0	-0.066
TCCATA	120.0	3439.4	-0.066
ACATCG	11.0	577.1	-0.066
TACCAT	141.0	4029.3	-0.065
ACTGTC	77.0	3091.4	-0.065
AGAAGA	262.0	7259.1	-0.065
GTACAC	59.0	1785.5	-0.064
CTAACA	107.0	3106.6	-0.064
AGTTAG	118.0	3387.9	-0.064
CAACAA	141.0	4032.2	-0.064
CGCTTG	36.0	1131.0	-0.064
TATTCC	160.0	4539.5	-0.064
CTCCTC	123.0	4757.0	-0.063
TTCTGC	205.0	7054.1	-0.063
ATCGCG	3.0	437.2	-0.062
ATATAC	152.0	4318.5	-0.062
ACCAGG	114.0	3308.6	-0.062
CTTGCT	262.0	7268.7	-0.062
ATACCA	107.0	3170.7	-0.062
GGGCCG	42.0	1306.6	-0.061
ACGCGG	11.0	388.1	-0.061
TGATTT	578.0	15582.8	-0.061
GTTATA	132.0	3788.8	-0.061
CTGTTC	160.0	4923.5	-0.061
GACGCG	12.0	421.2	-0.060
GGTCAA	72.0	2164.7	-0.058
TTTCTA	430.0	11701.2	-0.058
GGAAGA	217.0	6311.6	-0.057
GCCAGC	101.0	2957.7	-0.056
TCATCC	109.0	3182.7	-0.056
AATTAT	338.0	9631.4	-0.056
TGTCGT	26.0	850.3	-0.055
TATACA	164.0	5089.6	-0.055
CTGCTC	142.0	4302.9	-0.055
TTATTC	267.0	7412.2	-0.054
CGGCAA	7.0	595.6	-0.054
TTCATG	229.0	6450.7	-0.054
AAGGAG	196.0	5580.9	-0.053
ATCAAA	168.0	4769.5	-0.053
CGACGT	4.0	232.4	-0.053
GCGAGG	38.0	1205.6	-0.052
ACAGGA	137.0	4388.5	-0.052
AGTTCC	121.0	3503.5	-0.052
GGCTCC	76.0	2956.5	-0.052
CTCACT	351.0	9658.8	-0.052
AGCTCG	12.0	752.1	-0.051
GAGAGA	232.0	6508.0	-0.051
GCGGAC	9.0	584.2	-0.051
ATATTC	183.0	5199.4	-0.051
TTCTAC	151.0	4323.4	-0.051
TAAATA	322.0	11175.8	-0.050
GAGGAG	188.0	5672.0	-0.050
AATCCA	145.0	4159.9	-0.049
TCGCGC	4.0	543.0	-0.049
ATTTCT	516.0	15238.0	-0.048
CACTAT	102.0	3089.9	-0.048
GCATCA	82.0	2484.3	-0.048
CTGAGA	204.0	6542.0	-0.048
TGTGCA	180.0	5780.6	-0.048
GGCAAC	85.0	2528.7	-0.047
CTTGCA	139.0	4044.0	-0.047
CCTGGA	202.0	5726.4	-0.047
GGGGGC	99.0	2925.2	-0.047
GGACCG	13.0	609.1	-0.046
GCAGGC	101.0	3203.1	-0.046
ACAATA	149.0	4283.9	-0.046
TCAGGG	114.0	3884.7	-0.046
GTTGTT	234.0	8651.9	-0.045
CCTGTC	142.0	4115.2	-0.045
ACCAAC	73.0	2422.2	-0.045
TGCTCT	190.0	6907.4	-0.045
AGGGTC	104.0	3073.7	-0.044
GGGTCC	59.0	2143.0	-0.044
GTCCAG	106.0	3131.2	-0.044
GGTGGA	162.0	4661.6	-0.043
ATAATC	125.0	3642.8	-0.043
GTCACT	112.0	3305.5	-0.043
GAATCC	80.0	2429.1	-0.042
AGGTGG	197.0	5604.9	-0.042
CTGCAC	148.0	4270.9	-0.042
CATGAT	172.0	4962.9	-0.041
GAAACA	204.0	5779.0	-0.041
GACGGT	17.0	661.1	-0.040
CTATTC	119.0	3483.5	-0.040
GAGGCA	151.0	5230.3	-0.040
GGGGCA	105.0	3117.9	-0.040
CCAGAT	106.0	3586.0	-0.039
CGGGAC	23.0	784.4	-0.039
TCCGGA	23.0	784.5	-0.039
ACTTCC	150.0	4339.9	-0.038
CCTGTG	192.0	5477.4	-0.038
TCACAC	99.0	3294.5	-0.038
CTCGTT	24.0	1006.7	-0.038
AGAGGG	151.0	4370.0	-0.038
CCCTGG	172.0	4938.4	-0.038
CAATCA	96.0	2868.1	-0.038
GAAGGA	212.0	6024.5	-0.037
TATGAT	185.0	5311.9	-0.037
TGTCAC	173.0	4970.1	-0.037
TGAGGC	177.0	5202.1	-0.037
TCGTTA	23.0	789.8	-0.037
AGACGC	21.0	729.5	-0.036
CATTAT	201.0	5743.8	-0.036
GCGAAG	16.0	752.7	-0.036
AACACA	169.0	4862.0	-0.036
TCACTT	246.0	6953.1	-0.035
CCCAGC	283.0	8217.3	-0.035
TACGTC	14.0	514.0	-0.035
TCTCTT	384.0	10641.0	-0.034
TCATCG	17.0	609.4	-0.034
TCCAAT	119.0	3506.4	-0.034
CAAGAG	132.0	3938.4	-0.034
CTGTCA	191.0	5469.9	-0.034
GTCTTC	148.0	4304.5	-0.033
GCTTTC	192.0	5503.2	-0.033
TAGGGC	59.0	1856.5	-0.033
GGACAC	72.0	2299.8	-0.032
TCAACA	122.0	3600.3	-0.032
AGCACC	84.0	2547.5	-0.032
TTCCCC	200.0	5739.8	-0.032
TAAAAT	511.0	14759.2	-0.031
GTCAGG	103.0	4121.7	-0.031
TCATGA	133.0	4952.0	-0.031
GTCATT	179.0	5194.3	-0.031
GGCTGG	455.0	12527.6	-0.031
CAGAGA	211.0	6029.2	-0.031
CCAGCA	181.0	5228.6	-0.031
CTATGT	161.0	4687.7	-0.031
GCCGAC	13.0	489.7	-0.030
GGTTCC	88.0	2668.7	-0.030
CGTTTA	37.0	1222.7	-0.030
CGATGT	19.0	679.6	-0.030
ACCCAG	216.0	6178.2	-0.030
CTCGAG	22.0	837.2	-0.030
ACTCAC	85.0	2582.6	-0.030
CACCGT	45.0	1658.6	-0.030
CGTCTA	15.0	555.0	-0.029
TGTATG	199.0	5723.0	-0.029
AATGGC	122.0	4312.2	-0.029
GCTCAC	245.0	7291.5	-0.029
CGCGGA	9.0	520.8	-0.029
TGACAC	85.0	2808.8	-0.029
GGACCC	49.0	1920.4	-0.028
TAAAAA	627.0	17112.9	-0.028
GTGTCA	103.0	3403.6	-0.028
GTGGCT	187.0	6040.3	-0.027
ACACCA	92.0	3239.6	-0.027
GGGGAC	83.0	2536.6	-0.027
TTTCCA	383.0	10670.5	-0.027
CAAGAT	144.0	4242.4	-0.027
CTTGTA	157.0	4868.4	-0.027
GTTCCC	87.0	2798.8	-0.027
GACGTC	15.0	560.1	-0.026
CTCTGA	181.0	5571.0	-0.026
ATAAAC	161.0	4739.3	-0.026
TCTATA	146.0	4286.1	-0.026
CTCGCG	7.0	496.9	-0.026
AAATAT	455.0	13368.9	-0.026
AATTTC	272.0	8781.9	-0.025
CGGCAG	23.0	1081.4	-0.025
GAGCCC	72.0	2879.9	-0.025
AGCGCC	27.0	938.4	-0.024
CGAGGG	27.0	1024.4	-0.024
GAGGGC	101.0	3065.0	-0.024
GCTCGA	7.0	522.7	-0.024
AGATCA	127.0	4061.5	-0.024
TATGAC	85.0	2608.2	-0.024
TTCCTT	524.0	14435.3	-0.023
ACAGCG	28.0	971.4	-0.023
GTGAGA	159.0	5154.4	-0.023
GGAAGG	206.0	5935.4	-0.023
GAGTCT	232.0	6657.1	-0.023
TTTGCT	477.0	13186.5	-0.023
TGGGTC	98.0	2988.9	-0.022
TCAATT	198.0	5863.8	-0.022
TCAGAG	158.0	4922.5	-0.022
CCGAGT	59.0	1893.9	-0.022
CAACAT	153.0	4508.0	-0.022
TCTGTA	221.0	6351.8	-0.021
GAATCG	23.0	824.9	-0.021
ATCGCT	27.0	949.6	-0.021
CAGCGG	30.0	1167.3	-0.021
AAGAAT	225.0	7601.9	-0.021
GGGCAA	110.0	3342.6	-0.021
AAATAG	240.0	6879.2	-0.021
GAGTCC	73.0	2309.2	-0.020
TGCCTG	258.0	8098.2	-0.020
ACGCTG	30.0	1043.1	-0.020
GTCAAT	87.0	2685.2	-0.020
GCACTC	80.0	2700.0	-0.020
TCTTCA	229.0	6597.7	-0.020
TCATGC	113.0	3460.4	-0.019
CCCCGG	40.0	1346.4	-0.019
ACGAGG	25.0	1042.9	-0.019
TCAATC	68.0	2337.3	-0.019
ACTATC	46.0	1715.1	-0.019
GGCAGA	167.0	4903.1	-0.019
CTTTAT	321.0	10438.2	-0.019
AGCGGC	29.0	1018.2	-0.019
CTGTCG	49.0	1836.6	-0.019
TTCAAT	198.0	5769.6	-0.019
AGAAGG	194.0	5767.4	-0.019
CACACT	115.0	3501.8	-0.018
GGGGAA	160.0	4902.1	-0.018
ATTTAC	228.0	6584.2	-0.018
AGCGAG	29.0	1238.9	-0.018
TATTCT	290.0	8248.7	-0.018
TGGAGG	192.0	5926.5	-0.017
CCATGA	117.0	3569.6	-0.017
CACTGG	123.0	3714.3	-0.017
GCTGGA	300.0	9662.0	-0.017
AATCCG	14.0	553.1	-0.016
CTTCCA	185.0	5748.0	-0.016
AAATAC	244.0	7037.3	-0.016
TACAAA	244.0	7038.0	-0.016
CCCCAG	158.0	4698.1	-0.016
TGTATA	243.0	7036.6	-0.016
CTATGG	75.0	2392.5	-0.016
AGACAC	106.0	3260.3	-0.016
TACACA	131.0	3952.6	-0.016
CAGCGA	26.0	938.2	-0.015
GCACAC	79.0	2510.2	-0.015
TTTATC	286.0	8185.4	-0.015
ACAAAC	133.0	4012.2	-0.015
AATCTC	161.0	4792.2	-0.015
CGCCAG	30.0	1063.5	-0.015
GGCTCG	29.0	1034.7	-0.015
ACGGGG	59.0	1933.0	-0.014
TCTACA	118.0	3588.2	-0.014
CACTCA	107.0	3300.6	-0.014
ACACAT	151.0	4514.5	-0.014
AGGCAG	237.0	6862.8	-0.014
CATAGA	106.0	3276.6	-0.014
TAGATC	75.0	2431.4	-0.014
CTATCA	82.0	2610.6	-0.014
TCCGCT	26.0	946.7	-0.014
CCGTCT	49.0	1642.9	-0.014
ACGCCA	32.0	1132.7	-0.013
TCAAAA	282.0	8099.4	-0.013
CACAGG	125.0	3921.4	-0.013
CGGTGA	30.0	1072.7	-0.013
GCCAGA	118.0	3600.4	-0.013
AGCCCA	124.0	3774.8	-0.013
ATTTCA	360.0	10204.8	-0.013
GAGGGA	164.0	4902.3	-0.013
TCTTGT	277.0	7959.5	-0.013
TCTCCT	342.0	9734.4	-0.012
CTCTCA	142.0	4299.8	-0.012
AATTAG	202.0	5952.9	-0.012
CGTTTG	38.0	1413.7	-0.012
CATCAC	90.0	2827.1	-0.012
TAATAT	288.0	8294.9	-0.012
TAAGAA	247.0	7181.0	-0.012
TCCCTG	192.0	5671.2	-0.011
ATTCAC	117.0	3617.4	-0.011
CACTCG	15.0	714.5	-0.011
TCCTTT	484.0	13541.3	-0.011
GTTCCA	98.0	3649.8	-0.011
CTTTAC	158.0	4755.6	-0.011
TCACGG	19.0	758.8	-0.011
TCATGG	130.0	3974.1	-0.010
CAATAA	156.0	4701.1	-0.010
AGGAAG	263.0	7645.4	-0.010
AACACG	23.0	870.1	-0.010
GCTGCA	145.0	4616.0	-0.010
GGCAGC	103.0	3226.7	-0.010
ATATGA	151.0	5151.0	-0.010
GCTCGC	20.0	776.9	-0.010
CTCGCT	72.0	2353.4	-0.010
CCATTC	146.0	4624.7	-0.010
ACAAAT	221.0	6486.7	-0.009
ACATCT	122.0	4179.2	-0.009
ACGTCT	23.0	924.1	-0.009
ATTCAA	145.0	5450.4	-0.009
AGCCAG	182.0	5444.9	-0.009
TGCTAT	151.0	4872.5	-0.009
GTCTAC	46.0	1586.3	-0.009
CCCAGG	411.0	11665.6	-0.009
TTTCTC	480.0	13503.6	-0.009
CCAAGA	133.0	4083.2	-0.009
CGCTCA	20.0	782.0	-0.009
GGCAGG	194.0	5768.6	-0.009
TGCCAG	158.0	4780.8	-0.009
CATTTC	292.0	8438.8	-0.009
AATCAA	153.0	4636.7	-0.009
GCAGCA	117.0	3650.2	-0.009
GGGAAC	83.0	2659.5	-0.008
TCCACT	119.0	3795.4	-0.008
ACAGAG	235.0	6913.7	-0.008
AGATCG	26.0	977.7	-0.008
AATATC	138.0	4237.2	-0.008
ACGGAG	67.0	2229.2	-0.008
CCAACA	121.0	3745.9	-0.008
AGAATC	128.0	3950.0	-0.008
CGTCCA	17.0	690.5	-0.008
ACAGAA	219.0	6487.0	-0.008
AAAGAC	158.0	4800.3	-0.008
ACAGAC	102.0	3229.0	-0.007
TTGCTC	204.0	6056.5	-0.007
AATGGG	122.0	4487.3	-0.007
ATGTGT	265.0	7734.0	-0.007
CGTGCA	28.0	1074.3	-0.007
TATAAT	268.0	7823.2	-0.007
ATCCAT	144.0	4401.7	-0.007
CCATCT	180.0	5443.3	-0.007
ATTTGC	243.0	7150.2	-0.007
GACACA	106.0	3357.4	-0.007
GAGATC	74.0	3154.4	-0.007
CTAGGG	66.0	2314.6	-0.006
GGGCCC	75.0	2480.4	-0.006
GGCTGT	137.0	4419.2	-0.006
AAATCA	232.0	6873.1	-0.006
ACCGTC	12.0	532.4	-0.006
GGTCAG	102.0	3795.4	-0.006
ACACTC	62.0	2202.1	-0.006
AAATCC	125.0	4107.9	-0.006
TCATCT	184.0	5566.0	-0.006
ATGTCT	195.0	5862.4	-0.006
CCAGCG	31.0	1161.3	-0.005
ACCAGC	92.0	3602.2	-0.005
CTCTAC	102.0	3263.3	-0.005
TATCCC	70.0	2348.2	-0.005
TCCAAG	99.0	3768.2	-0.005
TACTAT	131.0	4086.6	-0.005
CACAGA	154.0	4733.1	-0.005
CGGTGG	53.0	1842.4	-0.005
GGAGCC	96.0	3093.9	-0.005
AAGACA	182.0	5527.2	-0.005
GACGGG	52.0	1999.9	-0.005
ACACTG	133.0	4153.5	-0.005
TCTGTG	271.0	7974.0	-0.005
CATCCT	132.0	4501.5	-0.005
TTCTAT	252.0	7445.1	-0.005
ATTAGC	106.0	3809.7	-0.005
CATTCA	173.0	5270.4	-0.005
CATAAA	194.0	5882.2	-0.005
TTGATT	399.0	11466.9	-0.005
ACATCC	78.0	2601.5	-0.004
AGTTTG	287.0	8431.4	-0.004
CCATCC	98.0	3164.2	-0.004
AGACCA	124.0	4217.3	-0.004
GTTCTT	258.0	7632.3	-0.004
TCCATG	143.0	4458.8	-0.004
TGTATT	467.0	13321.6	-0.004
TCAGCA	141.0	4405.2	-0.004
GAGAGG	167.0	5111.5	-0.004
CAGCGC	28.0	1083.9	-0.004
CAGGAG	172.0	7313.8	-0.004
GGCGAA	14.0	659.3	-0.004
GCTATG	85.0	2789.9	-0.004
TTCTGT	429.0	12285.0	-0.004
TGTCAT	184.0	5614.7	-0.004
GGATGG	156.0	4827.7	-0.004
GGCCAA	109.0	3714.1	-0.004
TCCGTT	29.0	1128.3	-0.004
AGGGCC	78.0	2717.0	-0.004
AGAATG	220.0	6627.6	-0.004
AGTCCA	82.0	2897.0	-0.004
GAGTTC	134.0	4218.6	-0.004
ATGAAT	241.0	7193.2	-0.004
ATCATC	87.0	2863.3	-0.003
AGGAAC	95.0	3455.6	-0.003
ATCTCT	187.0	5694.4	-0.003
TGGCTC	183.0	6544.9	-0.003
GTCATC	71.0	2483.7	-0.003
TTCATC	168.0	5168.3	-0.003
GTATCA	79.0	2660.8	-0.003
TATTAG	167.0	5144.8	-0.003
TATAAA	318.0	9567.8	-0.003
AGAGCC	92.0	3157.2	-0.003
AGGCCG	46.0	1665.5	-0.003
CAGGGC	106.0	3439.3	-0.003
GCTCCG	40.0	1481.9	-0.003
CCTATA	72.0	2460.1	-0.003
CCCAGT	133.0	4259.3	-0.003
CTTCTA	157.0	4892.0	-0.003
GACGCT	13.0	602.2	-0.003
CGAGAT	12.0	1089.5	-0.003
CTCTCC	142.0	4484.0	-0.003
CATTCT	249.0	7474.2	-0.003
ATCCCT	100.0	3522.1	-0.003
ATCACT	131.0	4165.4	-0.003
CTCTAT	113.0	3667.0	-0.002
AATCTA	122.0	3906.5	-0.002
CCATGT	204.0	6212.0	-0.002
TCACCA	174.0	5384.2	-0.002
CATGTC	95.0	3154.9	-0.002
CAAAAA	365.0	10677.6	-0.002
TGTTAT	246.0	7403.5	-0.002
GCGAGA	15.0	1063.9	-0.002
GGGAAG	173.0	5932.2	-0.002
AATAAT	314.0	10175.1	-0.002
GCCCTG	127.0	4329.3	-0.002
CACCAT	214.0	6521.6	-0.002
CTGTGG	201.0	6167.4	-0.002
CATCAA	97.0	3206.5	-0.002
TTCACT	235.0	7118.9	-0.002
GTGTCT	179.0	5547.4	-0.002
AGGATG	145.0	5123.3	-0.002
ATTATC	125.0	4014.5	-0.002
GAGGTT	149.0	4698.6	-0.002
AGTTAT	156.0	5354.2	-0.002
AAAATC	230.0	6983.0	-0.002
CAATGG	114.0	3872.5	-0.002
AATTTA	380.0	11642.0	-0.002
CAGGAC	84.0	2830.0	-0.002
CTGGAG	333.0	10513.5	-0.002
AGAGGC	112.0	3920.1	-0.002
AACAAA	320.0	9476.9	-0.002
ATTCTA	176.0	5479.7	-0.002
TGGGCA	167.0	5416.9	-0.002
AGGGTG	124.0	4002.3	-0.002
ACGCTC	4.0	503.5	-0.002
ATCTAC	60.0	2448.0	-0.002
CAGCAA	130.0	4188.1	-0.002
TGAGAG	169.0	5291.7	-0.002
GCCTGG	268.0	8671.9	-0.001
TGTCTC	199.0	6157.1	-0.001
GCGGTG	44.0	1655.6	-0.001
GGCTGC	137.0	4409.5	-0.001
CAAACA	121.0	5185.0	-0.001
AAATTA	391.0	12189.6	-0.001
ATAAAT	363.0	11287.2	-0.001
GCAAGA	107.0	3564.1	-0.001
GTCTGT	170.0	5357.4	-0.001
GAGACA	233.0	7147.9	-0.001
CTTTCT	423.0	14645.1	-0.001
GAGACT	134.0	4727.4	-0.001
AATTCA	205.0	6349.1	-0.001
GCAACG	7.0	569.3	-0.001
TGTGTG	378.0	14971.4	-0.001
CACTCT	163.0	5202.6	-0.001
ATCCAA	79.0	3125.7	-0.001
AGGAGC	114.0	3800.0	-0.001
ACACCG	14.0	690.9	-0.001
TTCCAC	132.0	4315.2	-0.001
GAGGCC	125.0	4106.2	-0.001
TCATCA	129.0	4228.6	-0.001
GTTTAT	261.0	8520.7	-0.001
CGGCTC	75.0	2662.8	-0.001
TCTCGC	53.0	2172.4	-0.001
CAGAAA	262.0	8012.6	-0.001
CTGTCT	224.0	6939.9	-0.001
AGGTCA	113.0	3979.4	-0.001
AGTTTC	257.0	7881.9	-0.001
GGCCGA	20.0	1333.2	-0.001
CCTGCA	116.0	4086.2	-0.001
GTTTCT	323.0	9739.2	-0.001
GCAACA	84.0	3285.4	-0.001
TACATC	66.0	2406.8	-0.001
CTTCCT	299.0	9081.8	-0.001
ATATCC	80.0	2841.0	-0.001
GTCTAT	92.0	3180.8	-0.001
CACATA	101.0	3886.9	-0.001
TGTCTT	342.0	10277.4	-0.001
TCTGTC	249.0	7698.9	-0.001
CTTCAT	186.0	5895.6	-0.001
CAGCAC	94.0	4200.2	-0.001
ACAAAA	335.0	10070.5	-0.001
AAACAC	140.0	4615.5	-0.000
GAATGG	129.0	4547.5	-0.000
TGGGTG	178.0	5802.0	-0.000
ATAATA	242.0	7846.1	-0.000
GAAAGA	246.0	7623.8	-0.000
AGGGGC	89.0	3100.7	-0.000
TCTAAT	159.0	5160.8	-0.000
GTTCTA	94.0	3257.6	-0.000
CGCTCT	61.0	2271.0	-0.000
CCCGAG	57.0	2147.6	-0.000
TATCCA	98.0	3616.2	-0.000
CGGAGT	56.0	2265.8	-0.000
TCTGCT	211.0	6646.8	-0.000
CAGGAA	191.0	6156.1	-0.000
CCAGGA	194.0	6166.5	-0.000
CGCGAC	3.0	260.5	-0.000
TCGAGA	24.0	1081.1	-0.000
GCGGAG	42.0	1679.7	-0.000
TGTCTA	121.0	4069.7	-0.000
GGCGCC	52.0	2004.8	-0.000
CCCGGG	88.0	3097.3	-0.000
TGTGTC	177.0	5711.7	-0.000
TCACTG	299.0	9163.1	-0.000
AGAGAG	210.0	6647.8	-0.000
GGGCGG	62.0	2332.6	-0.000
GCTCTC	80.0	2893.5	-0.000
TCACTC	149.0	4905.8	-0.000
GCGGCA	16.0	811.6	-0.000
TTGTTC	192.0	6771.8	-0.000
GTTATT	212.0	7703.0	-0.000
TTCGCT	27.0	1229.6	-0.000
ATCATG	114.0	4302.8	-0.000
TCGCGA	3.0	272.2	-0.000
CGAGAG	12.0	860.8	-0.000
AGAAAC	182.0	5888.4	-0.000
TTGTAT	363.0	12031.4	-0.000
GTCCAT	68.0	2538.8	-0.000
GCAGGA	145.0	4809.2	-0.000
ATGCCA	120.0	4080.2	-0.000
CATCTA	89.0	3164.8	-0.000
GAGGTC	91.0	3227.4	-0.000
CTATGA	94.0	3326.9	-0.000
CGAGAC	30.0	1321.4	-0.000
ATTTCC	260.0	8135.0	-0.000
TTATCT	232.0	7345.6	-0.000
AGCCTG	187.0	6665.9	-0.000
CCTTTC	222.0	7047.8	-0.000
GGAGGA	185.0	6202.2	-0.000
ATTTAG	220.0	7161.8	-0.000
CATCTC	120.0	4559.4	-0.000
GCCTGT	149.0	5853.9	-0.000
TCTATT	251.0	7882.5	-0.000
TCCGCA	11.0	651.3	-0.000
AACATC	85.0	3330.2	-0.000
TTAGTT	257.0	8099.0	-0.000
TCCTCT	201.0	6516.4	-0.000
TACAAT	131.0	4475.5	-0.000
TATCAT	137.0	4663.5	-0.000
ATAAAA	412.0	12444.3	-0.000
GCGACG	4.0	351.8	-0.000
AGGGCG	21.0	1148.5	-0.000
CATCGT	12.0	856.1	-0.000
TGTTCT	250.0	8214.4	-0.000
TGGGCG	43.0	1797.9	-0.000
TGTTTC	305.0	9490.6	-0.000
TTTCCT	552.0	16373.2	-0.000
AAAAAG	368.0	11449.5	-0.000
TCTCTG	246.0	7858.7	-0.000
ACCATC	63.0	2688.3	-0.000
GTTTGT	303.0	11017.5	-0.000
CTATAA	123.0	4280.3	-0.000
TCAGGA	172.0	5725.4	-0.000
AGGCCA	107.0	4195.8	-0.000
TATTTC	366.0	11244.5	-0.000
AGGCTG	425.0	13963.1	-0.000
TCTTAT	193.0	6526.7	-0.000
CGGGAG	50.0	2055.5	-0.000
TCTACT	110.0	4655.9	-0.000
GACAGA	162.0	5900.2	-0.000
TCTTCC	213.0	6947.9	-0.000
CTCCAT	130.0	4523.7	-0.000
ATACAA	150.0	5272.1	-0.000
TATCTA	106.0	3822.1	-0.000
ACTTTC	178.0	5964.2	-0.000
ACCCTG	109.0	3929.4	-0.000
GTTTCA	273.0	8723.9	-0.000
CTCTAA	104.0	3792.6	-0.000
CATCCA	84.0	3318.0	-0.000
TCTGTT	387.0	11964.0	-0.000
TCAATA	106.0	4206.4	-0.000
TCATTC	157.0	5394.9	-0.000
GGGTCA	60.0	2444.7	-0.000
TTCTCT	398.0	12304.3	-0.000
GGCGGA	38.0	1716.2	-0.000
CCCTGT	128.0	4546.0	-0.000
AGCCCG	18.0	1004.7	-0.000
GGGACC	57.0	2357.2	-0.000
AGAAAG	277.0	8918.8	-0.000
CATCAT	112.0	4106.5	-0.000
GGGTGG	152.0	5437.9	-0.000
TTCATT	423.0	13079.2	-0.000
ATATTA	235.0	7754.3	-0.000
GGGCAG	130.0	4648.6	-0.000
AATCCC	97.0	4199.2	-0.000
AAAAGA	341.0	11399.7	-0.000
CCTGTA	127.0	5425.7	-0.000
AGAGAC	174.0	5978.2	-0.000
GGAGTC	128.0	4622.9	-0.000
AGACAG	229.0	7610.4	-0.000
GGTGGC	108.0	4533.8	-0.000
TTTCAT	431.0	13372.5	-0.000
GCCGAG	34.0	1904.7	-0.000
TCCTTC	184.0	6932.5	-0.000
AGCCGG	21.0	1315.2	-0.000
GTCTCT	156.0	5481.9	-0.000
AGACGG	78.0	3391.6	-0.000
TTCCTC	189.0	7120.8	-0.000
TATGTC	89.0	3624.9	-0.000
CCATCA	84.0	3596.3	-0.000
AATAAA	449.0	14064.7	-0.000
GGCTCT	101.0	3896.1	-0.000
GAGACG	89.0	3516.2	-0.000
TTCCAT	198.0	7770.1	-0.000
CAGAGG	125.0	4919.4	-0.000
CGTCTC	31.0	1679.4	-0.000
GTGTGT	293.0	12853.9	-0.000
CCGAGA	22.0	1288.4	-0.000
TATTAT	320.0	10714.5	-0.000
GCTCTG	197.0	7053.3	-0.000
ATCAAT	97.0	3858.3	-0.000
TCCATT	181.0	7155.2	-0.000
GGAGGT	97.0	4462.5	-0.000
ACACAG	122.0	4736.2	-0.000
GGCCAG	139.0	5885.7	-0.000
TCGCTC	43.0	2175.5	-0.000
TCTTCT	317.0	10659.1	-0.000
AAAATA	521.0	16893.8	-0.000
CTCTCT	216.0	7684.8	-0.000
CTTTCC	220.0	7819.2	-0.000
ATCTAT	111.0	4469.3	-0.000
TCTCCA	152.0	5742.2	-0.000
GAGACC	83.0	3563.0	-0.000
GAGGCT	136.0	5655.9	-0.000
GCCAGG	179.0	7125.5	-0.000
TCTCTA	145.0	5624.3	-0.000
AAGAAA	436.0	14339.7	-0.000
AAAGAA	377.0	12972.0	-0.000
CTTTCA	203.0	7579.3	-0.000
TCCATC	98.0	4192.4	-0.000
TTCTTC	287.0	10704.4	-0.000
TCTCTC	186.0	7049.9	-0.000
AGGAGG	155.0	6596.3	-0.000
AAATAA	462.0	15355.5	-0.000
CTCTGT	298.0	10579.3	-0.000
CACACA	120.0	6023.3	-0.000
TCTATG	62.0	3644.2	-0.000
GGGAGG	232.0	8659.8	-0.000
AAAAAA	1135.0	37359.9	-0.000
TCTTTC	334.0	12633.5	-0.000
ACACAC	96.0	4955.0	-0.000
GGAGGC	146.0	6441.7	-0.000
CGACGC	0.0	262.0	1.000
