OligoSequence	Target Occurences	Background Occurences	Enrichment(ln p, up to 2 mismatches)
TTATTT	42195.0	19081.4	-4003.947
TTTATT	40425.0	18720.6	-3634.218
TATTTA	18194.0	8178.7	-2290.281
ATTTAT	18925.0	8953.9	-2014.221
CTCACT	16154.0	7485.6	-1894.586
TTTTTT	295834.0	120264.7	-1842.793
GGCTCA	12362.0	5460.0	-1746.037
GCTCAC	11985.0	5255.1	-1736.355
ACTGCA	13179.0	6017.0	-1671.703
TGCAGT	13428.0	6169.5	-1666.413
GGTTCA	9617.0	4067.4	-1579.533
CCCAGG	16047.0	7950.6	-1504.572
TCAAGC	7954.0	3253.7	-1451.774
GCAGTG	12286.0	5770.0	-1440.499
CACTGC	12656.0	5999.6	-1433.784
TTGTTT	29739.0	16712.8	-1413.355
TCACTG	13135.0	6360.9	-1377.522
AGTGCA	11868.0	5602.4	-1374.736
GAGTGC	10989.0	5156.6	-1310.188
GGAGTG	11608.0	5563.2	-1282.500
CAGTGG	11520.0	5523.8	-1271.641
GTGCAG	10849.0	5270.0	-1155.492
ACCTCC	8965.0	4142.2	-1148.635
TGGAGT	14627.0	7706.4	-1098.670
TTTGTT	29508.0	17401.2	-1092.853
GGGTTC	6800.0	2973.6	-1051.571
AACCTC	8526.0	4006.1	-1040.008
GTTCAA	8339.0	3939.1	-1002.006
TTTTAT	26415.0	15615.0	-999.284
CTCACG	816.0	563.5	-975.526
AGGCTG	15333.0	8395.0	-967.671
TCACGG	608.0	402.5	-955.467
CAACCT	8562.0	4136.8	-952.293
TGTTTT	28885.0	17406.7	-950.193
GCAACC	6898.0	3163.6	-925.384
GGCTCG	652.0	480.6	-916.411
GGGTCA	1248.0	1181.8	-894.890
CAGTGC	2146.0	1706.2	-893.622
CTGGAG	12512.0	6757.4	-866.469
GCTCAA	4312.0	2059.3	-862.186
TCGCGC	278.0	217.7	-857.639
CTGCAA	9546.0	4884.6	-852.867
GCACTG	1773.0	1450.3	-848.872
GCTGGA	12164.0	6566.9	-847.381
GCGATC	2742.0	1173.2	-838.812
TGAGAC	9432.0	4840.5	-833.647
CCAGGC	13863.0	7728.5	-817.896
CGCGAT	1120.0	589.9	-813.606
TTCAAG	9551.0	4950.7	-811.185
CAGGCT	14288.0	8026.0	-808.834
GCAGTC	2280.0	1105.6	-803.127
CGCTCA	586.0	456.8	-802.934
GTAGTG	2179.0	1260.2	-791.028
AGGCTC	2347.0	1620.8	-787.679
TCACGC	1929.0	816.8	-787.425
TGCAAC	7362.0	3620.6	-780.208
GTGCAA	3628.0	2376.7	-776.376
AGCGCA	427.0	307.0	-747.419
GCAATC	3374.0	1738.6	-738.995
CTTTTT	31429.0	19867.5	-733.725
GCGGTG	1044.0	636.5	-731.945
GCTCGA	371.0	241.4	-727.135
AGTGGC	7823.0	3986.0	-724.019
TATTTT	31859.0	20236.6	-715.139
AAGCGA	3304.0	1290.6	-713.584
CGCAGT	624.0	479.6	-685.825
CGCACT	398.0	284.5	-670.092
AGCGAT	3345.0	1346.9	-670.073
CAAGCT	3817.0	2156.1	-667.404
CAAGCA	4999.0	2321.4	-659.096
GGCTGG	13735.0	8006.2	-647.432
CGGCTC	4384.0	1974.1	-640.073
ATTCTC	10009.0	5538.7	-638.593
CGGTTC	514.0	336.5	-636.593
ACGGCA	341.0	290.1	-635.391
CGGGTT	3110.0	1246.0	-631.496
GTTTTT	23066.0	14464.3	-626.998
CCCGGG	3548.0	1731.5	-611.614
GATCTC	6363.0	3238.8	-601.637
GCAAGC	2645.0	1352.5	-600.965
TGTCGC	3090.0	1375.2	-594.350
GCTCTG	8175.0	4422.0	-591.076
CTCTGT	12764.0	7485.0	-589.303
GGCGCA	1178.0	728.3	-581.904
ATCTCG	4237.0	1948.2	-581.145
CCGGGT	3058.0	1263.6	-576.686
CCTGGG	8453.0	4628.7	-576.220
GTCGCG	186.0	126.0	-571.417
TCTCGG	4398.0	2059.3	-569.153
TCGGCT	4248.0	1968.7	-568.899
CTGCAG	5738.0	3414.3	-563.916
GCTCAG	2625.0	1998.6	-559.336
GTGGAG	2274.0	1902.9	-557.850
CAGTCG	438.0	297.2	-548.444
CCCCGG	815.0	743.0	-545.889
ACGCGA	125.0	83.7	-540.396
GTGGCG	3508.0	1559.9	-537.974
GGAGTC	5090.0	3093.5	-536.363
CAAGCG	3052.0	1312.4	-536.017
GAGTCT	8481.0	4733.6	-528.788
GACTGC	1475.0	1145.0	-523.042
GGTGCA	2540.0	1808.9	-518.311
CTCCTG	15263.0	9381.0	-517.945
CACGCT	489.0	404.7	-515.014
CAGGGT	4289.0	2740.5	-501.519
GTTATT	4054.0	3532.2	-500.705
AGTGGT	5592.0	2896.7	-498.141
GCAGCG	718.0	574.4	-497.962
CCGAGG	882.0	761.3	-494.303
GTCGCA	194.0	209.4	-491.745
CTGTCG	3002.0	1311.5	-486.680
CGGGGT	919.0	1049.5	-484.870
CGATTC	2760.0	1173.2	-483.903
CCAGGG	2164.0	1790.2	-477.917
GTGGTG	6490.0	3524.5	-469.997
ACTGGA	2278.0	1682.7	-468.383
GTCGCC	3003.0	1330.8	-468.132
GGTCAC	1131.0	957.2	-468.069
GAGTCC	1012.0	1024.1	-466.258
GCGATT	2873.0	1260.7	-461.833
GAGTGG	1733.0	1467.3	-458.994
CTCCGC	3765.0	1805.0	-455.878
TCGAGC	338.0	235.3	-454.332
GGGGGG	2358.0	1063.6	-451.103
CTCGCT	3650.0	1739.8	-450.559
GAAGTG	2383.0	1900.3	-450.491
AGACTG	2584.0	1780.5	-449.271
AGCTCA	5518.0	2925.7	-447.958
CGGTGG	992.0	682.4	-447.015
CACTGG	1726.0	1689.0	-446.066
TGGCGC	2507.0	1339.5	-444.232
TCCCGG	3268.0	1513.2	-443.838
GGGGTG	2303.0	1614.9	-441.258
TCGCAC	427.0	253.3	-439.746
CGAGTG	505.0	328.7	-439.523
CGACTC	462.0	321.7	-435.778
GGGTGC	1275.0	1250.4	-432.841
GGATCA	1713.0	1240.8	-430.693
CACCGC	1039.0	1014.3	-430.396
TCTGTC	9682.0	5752.8	-429.889
TCCCCC	3370.0	2009.2	-426.663
GGTTCG	507.0	246.9	-424.383
CCTAGG	2319.0	1518.7	-423.908
TCGCCC	3141.0	1458.8	-423.671
TTTTTG	32701.0	22159.8	-422.589
GCCGGA	519.0	365.7	-422.314
GCTCGC	541.0	354.9	-420.861
TTTTTA	29504.0	19870.5	-419.900
CTCGGT	533.0	439.5	-419.370
CGGAGT	3112.0	1504.1	-413.378
CGAGGC	727.0	628.1	-409.406
TTAGTT	4299.0	3893.1	-408.921
TTAATT	8804.0	6954.8	-406.801
GCGCAA	884.0	419.0	-406.660
GCGCAG	685.0	551.7	-403.041
TCTCGC	3547.0	1733.4	-402.238
AGACAG	7637.0	4418.5	-401.960
AAAAAA	20274.0	13312.5	-401.267
CAGCCT	9919.0	7230.1	-398.342
TGCAGC	4437.0	2373.0	-396.501
TGCCGT	605.0	397.9	-396.363
GACGGA	2863.0	1321.8	-396.217
TCCGCC	4053.0	2060.6	-396.199
CGCCTC	4182.0	2147.0	-392.994
GTAACC	1194.0	722.9	-392.259
GCGGGA	657.0	488.1	-391.990
CTAGGC	1921.0	1232.2	-391.702
AGTCTC	7550.0	4380.4	-391.601
AGCGGT	461.0	288.8	-391.091
ACGGAG	2963.0	1391.1	-387.356
CTCGAG	525.0	399.1	-387.194
CTCAAG	5254.0	2856.1	-383.856
AGGCGG	1153.0	837.4	-383.691
GATCCT	3487.0	1721.8	-382.219
TCAACC	1781.0	1214.0	-378.496
TCGCTC	3338.0	1636.0	-376.018
AGTGCG	663.0	383.5	-373.573
TGGAGC	1748.0	1612.1	-370.432
CGATCT	3471.0	1726.8	-370.243
CGCTCT	3311.0	1626.1	-370.124
ACCGCC	431.0	362.5	-369.993
GGGTGG	2931.0	1954.5	-366.478
CACGGC	612.0	422.6	-364.472
GATCAC	2272.0	1274.1	-362.231
GTCTCG	4002.0	2347.0	-361.501
CGACCT	731.0	438.6	-360.848
GCCGTG	637.0	409.0	-360.500
TGCGAC	332.0	214.6	-356.879
TTGAGA	11801.0	7428.8	-355.323
GGCCCA	1650.0	1282.5	-354.882
CGATCG	102.0	76.7	-353.849
CAACCG	262.0	186.7	-353.730
TCCCAG	7763.0	4611.5	-353.094
ACCGCA	739.0	550.7	-352.797
TGCAAT	4485.0	3127.1	-352.573
GTGGCA	5060.0	2783.1	-351.570
GCAGCC	3998.0	2088.9	-351.319
GGGTCT	4457.0	2387.5	-351.232
GGCTGA	3124.0	2130.9	-351.171
GTGATC	5815.0	3296.6	-347.272
GCTGCA	2678.0	2271.1	-346.683
TTGATT	5183.0	4823.4	-346.136
AGCAAT	4424.0	2378.7	-343.077
CCGGCT	881.0	1207.5	-342.217
TGTCAC	5662.0	3205.6	-340.806
GAGACA	7158.0	4227.9	-338.815
ACGCTG	439.0	414.2	-338.496
CGCAGG	510.0	444.7	-337.268
CTGTAG	3029.0	2033.9	-337.228
GAGGCT	3250.0	2215.3	-334.311
TGGCGT	1732.0	811.0	-333.639
AGGGTC	3399.0	1730.8	-332.886
TCGCGG	181.0	200.6	-332.751
TAGGCT	2457.0	1675.8	-332.584
TCGTGC	658.0	393.9	-330.881
GGCGGG	1548.0	1204.0	-329.628
AGTGGA	1862.0	1670.7	-329.498
AATCTC	3758.0	2805.4	-327.623
GCAATG	2728.0	1976.7	-327.570
GCAGTA	1756.0	1167.4	-327.451
CCGCCT	4678.0	2572.9	-327.371
TTTTGT	26140.0	17911.2	-326.216
GGCGTG	2317.0	1780.4	-325.386
CCCCCC	2609.0	1245.5	-324.789
CGGGAG	1053.0	736.7	-321.673
ACAGTG	3551.0	2293.2	-317.635
AGTGAT	5929.0	3433.0	-317.124
TAGTGC	1396.0	1019.0	-316.508
CTCCGG	753.0	637.4	-315.546
GCCCAG	9137.0	5667.2	-314.034
TCACCG	843.0	658.6	-314.012
AGACCG	386.0	262.2	-312.756
ATCCTC	4501.0	2482.1	-311.714
GTCACC	4678.0	2600.7	-311.530
GGGGTC	1564.0	1253.9	-311.266
TTTGAG	13750.0	8967.7	-310.446
GTCTCA	6852.0	4081.1	-310.000
GGGCTC	3647.0	2078.8	-307.242
GTCGTG	430.0	231.5	-306.384
TACTGC	1800.0	1246.3	-306.090
CGCAAT	839.0	431.3	-304.979
TTATTG	4200.0	4228.2	-304.716
CAGTCT	4113.0	2702.6	-304.682
TCCCGC	821.0	700.0	-302.159
GTGCCG	475.0	366.9	-302.083
TCTCCT	10736.0	6840.8	-300.328
CTTATT	4413.0	3838.5	-299.966
ACCTCG	940.0	843.6	-298.417
ACGCCA	1546.0	639.3	-297.961
TCGCCT	806.0	526.3	-294.501
GGTACA	1353.0	1021.2	-294.198
CTGGGC	5492.0	3183.9	-294.168
CGCAAC	437.0	270.2	-294.072
AATGCA	2774.0	2023.8	-292.328
AAGTGA	5647.0	3296.0	-290.979
CCCACG	482.0	486.0	-290.324
TGCGGT	787.0	456.8	-290.019
CCCTGG	2750.0	2299.2	-288.039
GGAGCG	649.0	529.9	-287.951
TCGAGT	461.0	319.6	-286.550
AGGGTG	2029.0	1556.4	-284.885
AAGCAA	4882.0	2787.8	-284.870
CCTCCC	14430.0	9555.7	-284.681
AGCCTC	6735.0	5865.3	-284.569
ACTGCG	544.0	560.1	-283.192
TCCTGG	7865.0	4856.8	-282.353
TGAAGT	3247.0	2859.7	-282.346
CGAGAC	954.0	455.5	-281.970
GTTTAT	4777.0	4008.7	-279.711
ACTGTA	2922.0	1844.4	-279.630
TCCTGC	7869.0	4868.9	-279.039
GACCGA	349.0	208.4	-277.963
CGCCAT	1964.0	905.0	-276.128
TCTTTT	27856.0	19472.9	-274.111
TTATGT	4282.0	3764.9	-273.518
GCCCAC	1428.0	1478.1	-272.348
CCAGGT	5095.0	2958.7	-271.835
AGCAGT	3219.0	1963.7	-271.346
CTCGGC	4707.0	2695.7	-270.874
GGTGGA	2188.0	1613.5	-267.570
ACGATC	1308.0	594.3	-265.597
CACTGT	3840.0	2930.2	-265.504
TGGCTC	6232.0	3826.3	-265.460
CAGGTT	5696.0	3385.2	-265.094
CGATCC	788.0	342.1	-263.793
TTCTCC	10987.0	7146.2	-261.656
AGGCCG	953.0	645.6	-260.373
GAGTGA	2398.0	1671.3	-258.983
ATTTTA	15351.0	10334.1	-258.295
CGCTGC	806.0	630.1	-258.202
GGAGGG	2990.0	2091.6	-257.921
TTGGTT	5954.0	4744.4	-256.957
ACTGCC	1520.0	1280.8	-255.434
CACACT	1853.0	1796.1	-253.336
GACAGA	5106.0	3005.5	-252.558
TTATTC	3683.0	3651.6	-252.405
CGGGTC	376.0	348.4	-252.171
TCTCAC	6000.0	3628.6	-251.200
CCAAGC	1597.0	1321.9	-250.965
GTTCAC	3074.0	1895.8	-250.381
TGTTAT	3841.0	3331.2	-249.454
CGTCTC	1096.0	738.2	-249.174
TGTATT	6082.0	6597.8	-246.012
AGTCGC	279.0	238.7	-243.964
TTATAT	4978.0	4627.5	-241.678
GTTCGA	564.0	294.9	-240.976
TTATTA	6869.0	5599.9	-240.582
ACACTG	2072.0	1784.9	-240.574
AACCGC	276.0	197.3	-240.057
CCGGGG	673.0	606.1	-239.063
CGCTGT	765.0	590.4	-235.647
GGCAGT	1831.0	1480.3	-235.295
AGTGGG	2042.0	1622.9	-232.947
GATCGC	498.0	305.6	-231.233
GCGCAC	306.0	300.1	-230.564
TTCGAG	834.0	468.3	-229.930
TCAAGT	5352.0	3231.0	-228.554
CCCAAG	2813.0	2448.9	-228.075
AGAGTC	4056.0	2338.2	-227.402
AGTGCC	1496.0	1260.9	-225.989
TTTAGT	5105.0	6068.2	-225.067
TACTTA	2230.0	1829.5	-224.656
AGTGCT	4034.0	3567.7	-223.309
ACAGAG	5588.0	3409.7	-222.907
AGTTCA	3082.0	2488.4	-220.107
CACTCC	2643.0	1861.3	-219.715
CAAGTG	4841.0	2897.8	-218.764
TCCAGC	3338.0	2451.6	-218.750
TCCTCC	6526.0	4412.6	-218.107
GTGTCG	363.0	296.0	-215.204
AGGTTC	3856.0	2227.6	-214.790
GGCTCT	2069.0	2038.5	-214.386
CCACCT	6134.0	3816.1	-214.234
GTCACG	401.0	253.7	-214.155
TGGGGT	3234.0	3122.8	-212.046
CTCGAC	634.0	354.3	-211.363
CAAGCC	1323.0	1111.2	-211.206
TCTCCC	5034.0	4016.5	-210.719
CGGGCT	877.0	656.3	-209.775
GTCTTG	6322.0	3964.6	-208.951
GAGCGC	392.0	420.9	-207.702
GCGACA	466.0	280.4	-207.370
GATTCT	6869.0	4361.5	-206.608
CCAAGG	1746.0	1429.1	-206.452
TGTAAC	2207.0	1361.0	-206.077
TTACTT	5123.0	4334.6	-203.661
CCTCCG	2804.0	1538.1	-203.497
GGGGCG	839.0	878.0	-203.423
TCACCC	5062.0	3091.9	-202.358
ACTCCA	2886.0	1897.4	-201.902
CTCCAG	3739.0	3058.6	-201.874
TGGAGG	2603.0	2295.4	-201.644
GGCGGA	906.0	608.1	-200.317
TGACAC	1221.0	1189.8	-199.971
ACCCCC	1605.0	1009.9	-199.778
CAGACT	2358.0	1734.4	-199.325
CTCACA	2072.0	1868.3	-198.809
GGGAGG	4945.0	3019.9	-198.056
GACTCA	1645.0	1289.1	-197.789
ATCGCG	172.0	105.8	-197.670
CAGCGG	616.0	485.0	-197.445
CACTAC	1588.0	972.9	-197.344
TGTTTA	5693.0	4729.5	-195.812
GCAACG	284.0	219.0	-194.015
CTCCCA	10551.0	7083.1	-193.044
CGCGCT	236.0	256.8	-192.094
AACCTA	1280.0	1038.3	-191.249
CTCCCG	4250.0	2680.0	-191.171
CCAGTC	1743.0	1494.3	-189.664
GTTTTG	10939.0	7384.5	-189.258
AGTCTG	2535.0	2033.2	-188.712
TGTAGT	3623.0	2493.9	-188.265
CGAGTC	385.0	258.8	-187.645
CCGGAG	632.0	539.4	-187.637
TTTAAT	9908.0	7833.3	-187.091
GTCTCC	3327.0	2340.2	-187.044
GGCACA	2665.0	1813.9	-186.243
AGAGTG	3200.0	2066.9	-186.235
TCCGGG	705.0	512.3	-185.951
CAGAGT	5512.0	3454.4	-184.942
ACTCAC	1643.0	1288.5	-184.825
CGTGCA	496.0	452.4	-184.343
GTTGTT	5601.0	4411.6	-183.922
CCGCAA	474.0	352.3	-183.511
CCCCCT	2663.0	1690.8	-183.357
GTGCGG	738.0	479.1	-182.582
CAGTGA	3923.0	2702.5	-181.956
TATATA	7162.0	4649.3	-181.808
TGATTT	7299.0	6780.1	-180.246
TGACGC	359.0	237.8	-179.288
GACCTC	2632.0	2256.6	-179.211
TGAAGC	2065.0	1636.4	-178.916
AGGCAG	3429.0	2753.0	-178.254
TGGGTT	6267.0	4015.4	-177.915
GAGACT	2479.0	1852.4	-176.734
AAGCTC	3277.0	1998.1	-174.372
TGGCAC	3716.0	2217.5	-173.629
ACAGCG	435.0	327.2	-173.454
CTGTCA	5573.0	3530.1	-173.409
GGGATC	1412.0	1047.1	-172.304
CCGTGG	591.0	476.0	-171.943
TCTAGC	1497.0	1230.3	-171.646
CGGTCT	466.0	434.1	-171.500
CTGAAG	2825.0	2264.5	-171.362
TTATCT	3838.0	3968.8	-170.665
TTTTAA	18903.0	13425.8	-170.589
TGGGCT	4536.0	2801.1	-170.342
GCGATA	256.0	160.1	-169.812
GTGGGG	2763.0	1948.6	-169.755
CCGGGC	1208.0	941.4	-169.190
TCTTGC	6164.0	3968.0	-168.986
TGGTGC	3855.0	2328.4	-168.006
TATATT	5746.0	5303.8	-167.134
TTTATG	4846.0	4586.8	-166.810
AGTCCA	1227.0	1293.4	-164.988
CGTTTT	1649.0	1375.7	-164.629
ACCGAG	489.0	357.5	-164.475
CTGGGT	5580.0	3565.0	-163.468
CAATCG	228.0	209.7	-162.932
CCTCGG	1210.0	1265.5	-162.103
CGCCCA	3309.0	1962.3	-161.248
TCTCCG	845.0	662.9	-160.302
GTGCGA	1267.0	607.1	-159.669
CAATCT	3984.0	2588.6	-159.651
GCAATT	3582.0	2156.9	-159.504
AAGTGG	2106.0	1736.5	-159.286
GCTAGA	1686.0	1165.9	-158.915
TGAAAC	2648.0	2023.3	-158.312
CAGTGT	3127.0	2584.6	-157.996
CAGGAT	2368.0	2073.8	-156.428
CTGGCG	633.0	549.7	-156.394
GCTCTC	1840.0	1655.9	-155.778
TCACTC	5153.0	3556.7	-155.693
CTCCAC	4100.0	2531.9	-155.220
CCGTCG	207.0	139.9	-154.159
CAAGGC	1579.0	1196.2	-153.381
GCTCCC	1607.0	1577.4	-153.238
CTGGCT	3782.0	3678.6	-153.044
CACCTC	5134.0	3277.5	-152.171
TCGTTT	1130.0	1129.6	-150.838
CTGCCG	685.0	607.1	-150.643
TCGACC	481.0	234.0	-150.042
TGATCT	6389.0	4197.5	-148.916
TTGCTC	5929.0	3863.6	-148.495
TGGGGG	3234.0	1939.3	-148.135
GCGCGA	1160.0	658.6	-147.786
TTCACG	1617.0	845.1	-147.735
CTGGAC	1702.0	1255.4	-147.321
CGATAC	200.0	113.1	-146.523
CCCGGC	1292.0	1997.8	-146.245
TGTTGC	6404.0	4219.4	-145.609
GTCACT	2063.0	1626.5	-144.806
TCTGCC	6859.0	4555.7	-144.796
AGTGTA	2262.0	1627.3	-144.638
CTTTAT	5609.0	5181.4	-144.476
CTCCCC	3346.0	2909.7	-144.458
AGCCTG	4103.0	2563.7	-143.810
ACTACA	2774.0	2270.6	-143.249
CCCGGT	450.0	382.0	-143.183
AGTGAC	1755.0	1288.8	-142.858
CGCAAG	343.0	205.6	-142.744
CTTGTT	5143.0	4433.1	-142.057
ACTCCG	623.0	455.8	-141.934
CTCGCG	169.0	252.1	-141.917
ACTGAA	2451.0	2108.2	-140.471
AGTGAA	2498.0	2141.2	-139.685
GCAGGC	1479.0	1432.2	-139.644
GTGCAC	1311.0	1253.5	-139.543
CTTGCT	6297.0	4163.5	-139.364
GCGTGC	493.0	480.9	-139.339
GCGTTC	421.0	311.6	-139.194
GAGCTC	1528.0	1430.4	-139.150
ATACTC	1313.0	941.7	-138.842
GTACAA	1416.0	1114.0	-138.333
CAATGC	1022.0	1026.5	-138.300
TCAGTG	2722.0	2548.8	-137.836
AACCCC	1843.0	1198.8	-137.326
GTTGCC	5218.0	3385.0	-137.075
ACGCAG	447.0	360.6	-136.156
CCTGGA	2635.0	2373.5	-135.644
GATCAA	974.0	934.7	-135.406
ACAGCA	1942.0	1708.3	-135.274
TTGGAG	3469.0	2885.7	-134.692
GTTCAG	2173.0	1819.3	-134.654
CGATCA	435.0	202.5	-134.133
CCTCCT	8940.0	6434.9	-133.780
ACAGGG	3582.0	2219.0	-133.350
TTGCCC	6073.0	4023.0	-132.967
CTCAGG	3724.0	2883.2	-132.189
GGAGAC	1946.0	1380.3	-132.054
TGCAAG	3035.0	1944.1	-132.038
TCTATT	4041.0	4414.7	-131.840
GCTAAC	723.0	679.9	-131.603
TATTTG	5989.0	5137.7	-131.479
CTCAGT	2704.0	2572.3	-131.340
ACAGTC	2242.0	1290.7	-131.078
GTATTT	6181.0	7185.4	-130.540
GCCTCA	5732.0	5139.5	-130.528
GAGTTC	2298.0	1890.2	-130.443
GAGCCT	2101.0	1583.6	-130.216
CGGCAA	288.0	235.5	-130.184
ACCTAC	963.0	737.3	-129.900
TGGTTC	2477.0	2056.7	-129.750
ACCCAG	5498.0	3613.6	-129.544
AGTGTC	1831.0	1645.0	-129.434
GGGAGT	1711.0	1416.2	-128.889
CTCTGC	6407.0	4283.2	-128.439
AAGCGG	422.0	311.8	-128.303
TCATGC	2459.0	1853.6	-128.276
TGCCGC	577.0	426.6	-128.221
ATGCTC	1207.0	1266.3	-127.587
TGTTGT	6100.0	4525.0	-127.396
GACAGG	3555.0	2216.1	-127.199
GGCTCC	1528.0	1506.9	-126.228
GGGGGA	2158.0	1343.3	-126.093
CAACCC	1218.0	1000.5	-124.959
ATCTCC	2646.0	2219.3	-124.927
CTGCAC	2607.0	1987.9	-124.738
GCACAC	1387.0	1148.7	-124.291
GCTCCG	1583.0	858.6	-124.196
AGACGG	3340.0	2101.9	-123.600
TGCGAT	1366.0	717.3	-123.234
GCTGAC	1143.0	940.1	-123.181
ATATAT	7441.0	5070.1	-123.019
ACAACC	1432.0	1013.3	-122.363
TCGTGG	602.0	448.1	-121.645
CGTGGC	596.0	508.5	-121.528
CCCACT	2426.0	2144.5	-121.494
ACCTCA	3479.0	2954.6	-120.712
ATGCAG	2449.0	1852.4	-120.615
TCCCCG	879.0	722.5	-120.492
CGGATC	339.0	225.8	-119.983
CGGTCG	133.0	105.1	-119.929
TATTGT	3684.0	3391.1	-119.757
TGGTTT	7131.0	6104.3	-119.206
GAACCT	1415.0	1030.0	-119.206
TAATTT	11152.0	10644.3	-119.129
GGCAGG	2772.0	2365.0	-119.036
GGTTGA	1392.0	1233.7	-118.749
TTTTGA	17117.0	12416.7	-118.432
TGGCCC	1762.0	1517.3	-118.136
CGTGAT	1790.0	1007.2	-117.770
CCAACC	1231.0	1053.8	-116.856
GTCCAG	1800.0	1601.3	-116.599
TTGTTA	4629.0	3852.4	-116.375
TTTATA	6144.0	6113.3	-115.165
GCTGAA	2101.0	1825.0	-114.623
TAAAGC	1787.0	1475.5	-114.340
CTCCCT	4474.0	3990.2	-114.319
GAGACC	2165.0	1271.2	-114.096
TCGGTC	312.0	276.6	-113.040
CGCCTG	1358.0	1459.3	-112.784
TCAGGC	2531.0	1955.6	-112.562
CTGTTG	5754.0	3861.6	-112.561
AACGTC	319.0	278.1	-111.365
GCCAGG	3178.0	3264.2	-110.770
GCACGA	1239.0	653.6	-110.262
GGCTTG	1782.0	1622.9	-110.095
AGTGAG	3688.0	2360.4	-109.573
GCAAAC	1238.0	1047.8	-109.192
CGGCTG	671.0	621.3	-108.517
CTCACC	2726.0	2124.0	-108.433
CTCCTC	3315.0	3362.0	-108.424
GCTGTA	1859.0	1348.3	-108.081
CACGAT	1340.0	723.2	-108.019
GGGGGT	1961.0	1143.9	-107.605
ACCTCT	4672.0	3083.7	-107.560
TATGTT	4446.0	4006.6	-107.324
CCAGTG	2141.0	1953.7	-106.703
TCCGGC	493.0	409.0	-106.534
CCTGGC	4052.0	3845.2	-106.525
ATCCTG	2302.0	2073.2	-106.518
AACCGA	203.0	188.6	-106.506
CTGCCA	2524.0	2396.0	-106.398
GTGATT	4846.0	3215.6	-106.177
AGGCTA	1929.0	1362.5	-105.741
TCCACC	4420.0	2905.9	-105.661
GACTGG	1865.0	1379.6	-105.479
CAGCTC	4498.0	2964.0	-105.334
AGTCGT	447.0	232.3	-105.282
TTTACT	5462.0	4729.1	-104.634
CTTGAG	3138.0	2279.9	-104.164
GTGACC	1130.0	1113.5	-103.482
GCGACC	376.0	242.1	-103.362
TAGTGG	1968.0	1442.9	-103.297
CCTCCA	4916.0	3278.2	-103.160
TTGCGC	368.0	259.0	-103.017
CGACAG	451.0	303.2	-102.533
GAGTGT	2444.0	1769.8	-102.188
AAGCAG	3023.0	1904.9	-101.944
ATCACT	2337.0	1852.8	-101.535
CGGAGG	725.0	602.3	-101.247
TTTTTC	23053.0	17123.4	-101.024
GGTTCT	2106.0	2023.1	-100.936
GTTTTA	7092.0	5688.2	-100.935
GAGTAC	1553.0	879.4	-99.792
GTAATC	2140.0	1416.2	-99.661
TCGCCG	209.0	191.0	-99.256
GGCTAA	1776.0	2430.9	-98.828
ATTATT	7992.0	6455.6	-98.536
CTCGTG	914.0	821.4	-98.351
CCGGTT	413.0	368.9	-98.173
GTCAAG	1201.0	986.2	-97.919
AGGAGT	2472.0	2012.8	-97.818
CCTCAC	2149.0	1902.1	-97.723
CCATTC	3991.0	2618.1	-97.628
TACTCC	1318.0	1018.4	-97.585
TATTAA	3417.0	3360.1	-97.093
CAACCA	1333.0	1108.4	-96.921
CTCAAT	1702.0	1615.7	-96.729
GCTTGA	2273.0	1557.3	-96.698
GGGCGA	549.0	369.3	-95.889
GGTGGC	2606.0	1746.2	-95.156
CTATTT	5164.0	5162.2	-94.914
TGCACT	2894.0	2056.0	-93.636
ACGCAA	298.0	177.2	-93.607
TAGTTA	2056.0	1766.5	-93.208
GCGATG	356.0	298.3	-93.151
AGTTAT	2424.0	2214.0	-92.765
CCGCTC	665.0	445.0	-92.196
CTGCCT	10606.0	7616.4	-91.920
TGCTCA	2611.0	2239.4	-91.806
AAGCTA	1743.0	1206.1	-91.790
GTAGCC	1337.0	842.1	-91.668
GGGCGG	1039.0	1008.4	-91.002
GTCGAC	159.0	105.2	-90.792
ATCTTG	5225.0	3555.8	-90.721
CTCCGT	980.0	688.0	-90.620
GAGACG	3323.0	2243.1	-90.411
GTTGCG	364.0	241.9	-90.268
TCGGGT	504.0	385.2	-90.114
CTGACT	2112.0	2011.0	-89.717
GTGACA	2162.0	1470.2	-89.595
CTTGAC	2292.0	1416.5	-89.356
GGGGAG	2842.0	1810.8	-89.181
GGACTG	1641.0	1317.8	-88.998
TGTAGC	2144.0	1312.2	-88.931
AACCTG	1993.0	1570.4	-88.878
AACTCC	3641.0	3093.1	-88.846
CCGATC	265.0	166.0	-88.309
TTTGAT	5261.0	5232.6	-88.239
CTAGCG	177.0	225.0	-87.886
GGTGGG	3359.0	2189.7	-87.771
TCGCAG	286.0	339.8	-87.725
ACTCTG	5222.0	3564.5	-87.704
ATCCCG	330.0	340.0	-87.050
ATTTAA	5957.0	4968.9	-86.990
TTGTTC	4080.0	3723.3	-86.986
CAGGCG	1422.0	1950.6	-86.983
CTCCAA	1911.0	1774.3	-86.642
TATTAT	6491.0	4933.5	-86.173
AGCCCA	2136.0	1542.7	-85.888
GCGGTC	272.0	308.2	-85.691
GAGCGA	665.0	425.8	-85.333
CCACTG	3462.0	2934.3	-85.238
GCATCC	1169.0	1125.7	-85.163
AAGTGC	3520.0	2959.3	-84.631
TTGTTG	6669.0	6044.3	-84.216
TTCCCC	4354.0	2933.2	-84.216
CCAGGA	2798.0	2479.5	-83.794
TACCCC	936.0	812.3	-83.562
CTAACT	1470.0	1289.5	-83.370
GGGTCC	920.0	1063.7	-83.191
CCGCGT	196.0	211.1	-82.810
CTCGCC	738.0	580.9	-82.723
CGTCGC	218.0	170.1	-82.542
CTCCGA	367.0	380.1	-82.530
AGGTTG	2876.0	2308.0	-82.465
TAGAGT	2511.0	1829.5	-82.304
CCGCCC	1323.0	1261.2	-81.829
CAATTC	3286.0	2155.7	-81.746
TGATCA	2656.0	1699.8	-80.928
GCGGTA	233.0	149.6	-80.847
CGAGCG	284.0	171.6	-80.608
GGTCAA	1057.0	916.1	-80.573
GCCGAG	1083.0	738.3	-80.452
CTGTTT	7250.0	6474.2	-79.832
CCCTCC	3768.0	3467.3	-79.658
TTCGTT	1186.0	919.9	-79.343
AAGGCT	1993.0	1654.8	-79.164
GACAGT	2342.0	1479.0	-78.988
TCAAGG	1951.0	1569.2	-78.841
ATGATC	3121.0	2044.7	-78.763
CATCCT	2692.0	2283.4	-78.340
GCACCC	1158.0	1405.9	-77.994
CACCCT	2043.0	1694.8	-77.903
CACTTC	2438.0	2034.0	-77.783
AGTCTT	5827.0	4064.2	-77.538
AGGGCA	1416.0	1410.9	-77.454
CCAGCC	4109.0	3037.1	-77.379
CAGCGT	637.0	473.5	-77.376
AGCTCC	2795.0	2215.0	-77.074
ACGGTC	242.0	210.6	-76.839
ATCTCA	5123.0	3538.5	-76.662
TGGGCG	867.0	682.2	-76.287
TGTGTT	5848.0	5080.1	-76.277
TGCCAC	2417.0	2535.4	-75.942
CACAGC	2098.0	1711.6	-75.791
CCCCCA	2956.0	1961.2	-75.745
GTAGTC	1467.0	869.2	-75.464
CCCCCG	1044.0	711.2	-75.381
CGCTAT	378.0	265.7	-75.263
TGGACT	1888.0	1618.3	-75.105
CATGCT	2180.0	2006.2	-74.455
GTCCCC	1633.0	1195.3	-74.303
CGTGGG	574.0	511.5	-74.289
ATTGCA	3032.0	2304.6	-74.054
TTTATC	4371.0	4398.4	-73.735
GCAGGA	2231.0	1757.1	-73.731
TCACAG	2597.0	2137.1	-73.698
TCGTCC	426.0	284.3	-73.642
CAGGGG	1514.0	1387.7	-73.198
TCACAC	2054.0	1601.8	-73.030
GGAGGC	3378.0	2355.1	-73.006
GAAACC	1710.0	1434.3	-72.611
GCCCAA	1372.0	1023.0	-72.150
TACAGT	3158.0	2094.3	-71.921
ACTTAT	1966.0	1843.6	-71.884
CCTGCA	1832.0	1889.2	-71.561
AGCGGC	534.0	425.3	-70.997
AGACTC	1860.0	1455.3	-70.990
TCGGCC	1005.0	1093.2	-70.968
GGCGAT	410.0	257.3	-70.915
GATCTT	4759.0	3290.7	-70.843
TCAAGA	2250.0	1916.1	-70.733
AACTGC	1515.0	1334.2	-70.574
GGAATG	2204.0	1817.2	-70.415
TCCGAC	189.0	148.6	-70.089
TAAGCG	373.0	184.1	-69.919
CTGTAA	3819.0	2591.7	-69.895
GGTCGC	238.0	240.8	-69.872
TTTTAG	7474.0	7983.3	-69.858
GATCCC	878.0	991.9	-69.826
GCCTCC	11980.0	8826.8	-69.584
GAGAGC	1133.0	1195.5	-69.553
CCTTGA	2894.0	1908.6	-69.479
CCCCTG	2365.0	1854.9	-69.444
TCACTA	2090.0	1509.7	-69.415
ACCTGC	1530.0	1568.8	-69.054
CTGGGG	2539.0	2421.0	-68.773
CCCAGC	4414.0	3873.5	-68.555
CACTCT	5096.0	3554.1	-68.458
CAACGT	438.0	335.9	-68.409
TTAAGC	1994.0	1417.0	-68.168
GTGGTA	1940.0	1311.2	-68.147
TAAGAC	1445.0	1079.4	-67.948
ACACAG	2025.0	1887.8	-67.931
AAGCTG	2394.0	1932.0	-67.713
GGAGTA	1897.0	1235.2	-67.557
CAAACT	2797.0	2436.4	-67.380
TGGCGG	853.0	538.0	-67.218
CCCTGC	2517.0	2335.1	-67.016
AGGATC	1777.0	1107.3	-66.700
ACCCTC	1472.0	1428.9	-66.687
TAACCT	2066.0	1532.8	-66.348
GCTTAC	1517.0	923.2	-66.161
ATCAAG	1503.0	1206.4	-66.100
TTGTAT	4947.0	6042.2	-65.405
CTTGGC	5272.0	3705.6	-64.933
GGATGG	1993.0	1753.9	-64.851
CTACCT	2014.0	1605.7	-64.653
GCTGTG	3084.0	2746.2	-64.434
AGCAAC	1157.0	1041.1	-64.432
CGAGCT	420.0	295.2	-64.396
GTGGCC	1712.0	1303.8	-64.266
GAGGGC	1305.0	1269.6	-64.241
AAACAA	4232.0	3233.7	-64.068
GACTGA	1497.0	1196.0	-63.813
GGTCTC	4466.0	3358.2	-63.792
CGTAGT	367.0	280.9	-63.778
TGCGCT	372.0	414.4	-63.617
GTCGTC	374.0	224.1	-63.479
CGTCCC	479.0	409.4	-63.421
GAGGCG	1052.0	759.3	-62.952
ACTTGA	2767.0	1837.5	-62.906
CGCGTT	131.0	132.7	-62.829
TACAAC	1248.0	965.7	-62.602
GGGCTG	2320.0	2115.8	-62.326
TCGGTT	646.0	450.7	-61.959
GGTTGG	2355.0	1706.9	-61.949
ATGCAA	1617.0	1571.3	-61.614
GCGGAG	791.0	668.6	-61.268
AGCTAC	1891.0	1204.6	-60.907
TGCTCT	6124.0	4375.9	-60.812
CTACTG	1672.0	1342.4	-60.717
GTGTAG	1852.0	1189.8	-60.655
GTCACA	1395.0	1252.2	-60.451
AGGATG	2104.0	1969.9	-60.321
CGCGTC	187.0	216.6	-60.206
GCGCTC	353.0	453.1	-59.979
TGTAAT	4529.0	3166.3	-59.932
GACTCT	1746.0	1632.7	-59.858
TAGTTT	5238.0	5645.8	-59.693
GCCACC	2947.0	3731.9	-59.153
TATCTA	1798.0	1807.4	-59.066
TCTGTT	9250.0	7161.1	-58.896
AGTACA	2272.0	1487.7	-58.786
ATGGAG	3576.0	2862.3	-58.747
TAGCCC	1090.0	941.4	-58.642
CGTGGT	877.0	621.5	-58.603
CGCCTA	354.0	294.9	-58.383
GGTGTG	3902.0	3123.8	-58.327
CCTCTG	5764.0	4115.4	-58.147
CAATGG	2548.0	2062.3	-58.142
CGCCGT	208.0	171.0	-58.089
TCAGCC	4975.0	5243.6	-57.941
CCTACC	1532.0	1044.7	-57.811
TCTTAT	3472.0	3158.6	-57.795
GTGACG	482.0	248.1	-57.398
CCCAGA	2651.0	2258.8	-57.181
GGTCCA	784.0	935.1	-56.879
TCCAGG	3136.0	2470.3	-56.619
GTAACG	245.0	196.0	-56.415
GGTGCG	1423.0	880.0	-56.406
GACTCG	240.0	279.2	-56.062
TATTGA	2618.0	2882.3	-55.884
GTGGTC	1425.0	1248.3	-55.360
GCCTGG	4619.0	3714.7	-55.340
TAGCGT	309.0	241.1	-54.740
TATTCT	4525.0	4264.5	-54.599
ATCCGC	595.0	548.3	-54.170
TAGCCG	425.0	206.4	-54.109
GCCGCC	1054.0	909.1	-53.921
GAGTCG	335.0	275.0	-53.788
CATAGC	1718.0	1100.3	-53.662
GCTACT	2047.0	1339.9	-53.652
GTCTGG	2124.0	1893.2	-53.621
ACGTGA	582.0	432.2	-53.582
ACTTCA	2512.0	2137.1	-53.492
TGATAC	1470.0	1174.3	-52.908
AAAAAC	3812.0	2953.5	-52.868
TGAGGC	2958.0	2018.1	-52.475
GCGGCA	396.0	322.9	-52.451
TTCTTT	29642.0	22858.6	-52.350
GCGTCT	484.0	451.5	-52.331
CCTGCC	7507.0	5491.8	-52.318
GCAGGG	1964.0	1692.4	-52.315
TCCCAC	3677.0	2559.6	-52.277
CTGTGG	2976.0	2907.0	-51.845
CACTGA	2241.0	1885.2	-51.805
TCGATC	476.0	427.2	-51.590
TGGGAG	4044.0	2840.0	-51.577
TACTCG	434.0	215.4	-51.309
TATGTA	3293.0	2554.9	-51.238
GCCTAG	1601.0	1187.3	-50.939
TCCGTC	860.0	499.3	-50.822
GTCGGC	355.0	233.3	-50.811
GGCGGT	371.0	366.5	-50.668
TGTGGC	2175.0	1979.1	-50.441
AAACTC	2839.0	2411.7	-49.959
GTACAG	2011.0	1325.2	-49.854
GATGGA	3482.0	2825.6	-49.638
ACTCGG	520.0	407.4	-49.610
CACCCA	5348.0	3848.8	-49.060
AGCGAG	710.0	419.0	-49.030
CCTGTA	3037.0	2092.5	-48.902
ATCACG	734.0	421.6	-48.805
GAGTCA	1372.0	1274.3	-48.747
GGGCAG	1940.0	1843.1	-48.673
GGCTTA	1896.0	1245.0	-48.457
GCAACA	1811.0	1199.7	-48.121
GTGCTG	4004.0	3611.2	-47.736
GAATGC	1617.0	1347.4	-47.252
ACAAGC	999.0	998.0	-47.230
CCCCAG	2846.0	2382.3	-47.160
CCAGAC	1732.0	1334.8	-46.954
CGTAAC	235.0	138.1	-46.899
ACTGCT	2231.0	1858.5	-46.752
ATTAAT	3315.0	3133.6	-46.500
TTGGGG	3514.0	2462.4	-46.415
CACAGG	1869.0	1733.3	-46.381
TTTAAG	6082.0	4432.4	-46.126
GATCGT	432.0	325.4	-46.004
ATAGCG	228.0	173.7	-45.943
TCTTGT	5317.0	4606.6	-45.927
GGCGTA	299.0	145.5	-45.794
ACAATC	2072.0	1385.3	-45.566
ACGTCC	259.0	328.6	-45.480
TAATTA	3391.0	3027.0	-45.440
CAAAAA	5303.0	3837.4	-45.149
TGGTGT	4141.0	3233.0	-45.066
TAGCGC	184.0	149.1	-44.900
AGCGTC	400.0	263.6	-44.679
CCACGC	797.0	1251.5	-44.651
GTGTTG	2988.0	2177.6	-44.578
TCTTTA	5428.0	5494.4	-44.497
TCAAAC	2418.0	2068.6	-44.398
GGGTCG	361.0	232.7	-43.973
TAGCTC	2263.0	1601.8	-43.192
GGGTTG	1687.0	1673.8	-43.073
TCTGGC	2330.0	2155.2	-43.028
CGTAAT	348.0	261.4	-42.685
TCGCGT	96.0	90.3	-42.582
ATCTAT	2043.0	2003.7	-42.503
GCGGCG	862.0	728.2	-41.979
CGCCGC	705.0	678.4	-41.848
CGGCCT	1244.0	1458.8	-41.765
AGGTGG	2907.0	2025.6	-41.715
ATGCGA	193.0	204.6	-41.700
ACCGCT	253.0	214.3	-41.535
ATTGAT	2872.0	2595.8	-41.479
GCAACT	1444.0	1263.8	-41.473
ACGCTA	172.0	149.6	-41.289
GGCAAC	1444.0	938.5	-41.172
CTCGGG	922.0	676.4	-40.944
AAACCT	2318.0	1914.9	-40.926
CAATCC	1808.0	1232.3	-40.900
TTGACC	2079.0	1406.2	-40.885
TCTTGG	5827.0	4272.8	-40.507
CAGAGG	2141.0	1962.8	-40.355
AGGCTT	2408.0	2180.0	-40.343
CTACAA	1950.0	1313.8	-40.268
ATCGCC	351.0	272.8	-40.235
TCCGCT	691.0	420.3	-40.189
TCATTT	8192.0	7612.3	-40.137
GTCGGA	219.0	205.1	-39.976
ACGCTC	307.0	287.2	-39.860
GCCCTG	2274.0	1966.9	-39.422
TCCAGT	2504.0	2574.3	-39.381
TCGGCG	237.0	187.5	-39.264
TTTCTT	29775.0	23188.1	-39.242
ACTCCC	1704.0	1514.9	-39.088
AACCTT	2595.0	1977.8	-39.041
GCCATT	3854.0	2761.3	-38.857
GGGTAC	897.0	673.8	-38.808
CCGAGT	1061.0	1208.5	-38.750
CAAGGT	1809.0	1508.3	-38.678
CTTCAA	2432.0	2172.4	-38.629
CTAGAG	2019.0	1371.4	-38.488
AAAACA	4571.0	3639.2	-38.413
CGTTCA	429.0	317.3	-38.348
TGACAG	2553.0	1773.7	-38.301
ACCAGG	1516.0	1301.9	-38.261
CGCGCA	180.0	219.4	-37.845
GGCGAC	556.0	315.1	-37.826
GACAGC	1092.0	963.5	-37.632
CACGGT	438.0	448.3	-37.590
CTTTTG	6330.0	6723.6	-37.538
TGATTC	4064.0	2930.0	-37.490
ACCGAT	202.0	154.7	-37.053
GCTGGG	5866.0	6608.6	-36.997
GCAGTT	2788.0	2042.6	-36.734
GTACGA	245.0	119.0	-36.659
GACGTA	244.0	186.5	-36.288
GGGCAA	1783.0	1204.2	-36.191
CAGGAG	3846.0	2770.9	-35.976
TGCACC	1780.0	1632.2	-35.872
CGCCCT	704.0	630.2	-35.818
TTCATT	7794.0	7053.2	-35.635
TGTGAC	1735.0	1661.9	-35.626
CTGGAA	3240.0	2838.4	-35.235
TTCGCC	674.0	584.0	-35.068
GACGGG	828.0	1023.1	-34.983
GACTAG	1145.0	738.7	-34.968
CGAGAT	679.0	406.4	-34.947
GCGCTG	553.0	499.6	-34.925
GGCACG	1461.0	970.1	-34.732
CGAAAC	372.0	197.4	-34.695
TGTTCT	4928.0	4109.2	-34.630
CGGCAG	493.0	438.9	-34.354
GTAACA	1571.0	1054.1	-34.337
TCGAGA	688.0	414.7	-34.163
GGCCGA	683.0	503.5	-34.078
GTCGTA	213.0	149.1	-34.056
GCTGCC	1811.0	1684.5	-34.000
GGTACG	240.0	185.9	-33.918
GGTTTT	8199.0	6470.4	-33.858
AGGGAG	2268.0	2144.1	-33.856
TACTAC	1142.0	741.3	-33.189
GATCAT	2262.0	1576.2	-33.159
ACTCTC	1735.0	1664.8	-33.131
CGGCTT	596.0	531.1	-32.785
AACGAT	439.0	244.3	-32.774
GCGAGA	583.0	360.9	-32.739
AGCCTT	3570.0	2578.3	-32.647
GCCGTA	219.0	126.1	-32.491
CGCCTT	1045.0	673.4	-32.324
GTTGTG	2183.0	1707.8	-32.319
CCCTGT	3051.0	2182.1	-32.054
TCACCT	2837.0	2483.6	-32.025
CTCCTA	2359.0	1786.3	-31.955
AGGGGC	1216.0	1239.4	-31.521
ATCGCA	327.0	236.7	-31.476
CTCTCG	765.0	667.9	-31.449
GGTTAA	1391.0	1230.6	-31.344
CTTACT	3030.0	2171.4	-31.190
AAAAAT	9105.0	6915.5	-31.135
TCCAAG	1749.0	1752.7	-31.071
CGGGGG	788.0	650.5	-31.021
ATGGCG	929.0	595.4	-31.018
AGACCC	1454.0	979.4	-30.875
CTTGAA	4064.0	2971.8	-30.839
GCTCGG	410.0	428.3	-30.801
CTCAAC	1807.0	1359.5	-30.761
GTAATG	1940.0	1343.4	-30.742
CCAGCT	3734.0	3417.6	-30.635
GTTGGA	2033.0	1695.1	-30.503
TGGAAC	1542.0	1436.7	-30.356
TGGTGG	3746.0	2728.0	-30.347
CCGTCT	1056.0	688.3	-30.296
TGTTTG	8638.0	7010.4	-29.963
GGGGCA	1304.0	1189.3	-29.936
GGTGAC	1647.0	1127.8	-29.906
TCTCGT	921.0	678.4	-29.875
AAACGA	493.0	333.5	-29.852
AAACAG	2584.0	2280.9	-29.801
TATTTC	5998.0	6208.2	-29.738
CCCAGT	2160.0	2159.3	-29.459
GCGTGA	1852.0	1426.8	-29.451
ACGTAG	403.0	287.2	-29.390
CTCGCA	365.0	277.0	-29.336
CTACCG	296.0	156.9	-28.989
TGCTCC	1729.0	1740.0	-28.941
CCGTAA	290.0	208.4	-28.717
ATCTTA	2426.0	1980.7	-28.625
TAACCG	183.0	158.2	-28.563
GTGTTT	5864.0	5374.1	-28.548
CGGTAG	232.0	174.4	-28.542
TCCCTG	3167.0	3033.3	-28.485
GGTAGG	1208.0	987.6	-28.473
ACTAAA	2312.0	1636.9	-28.463
TTTTCT	26147.0	20518.5	-28.440
TAATGT	3562.0	2599.0	-28.367
GCTGAG	3441.0	2505.0	-28.338
GCGTAC	146.0	103.8	-28.279
TTAAGA	3592.0	2623.7	-28.046
GATCTG	1802.0	1758.5	-27.985
GGAGAG	1991.0	2065.8	-27.946
CTTTGT	6574.0	5798.6	-27.883
GACACA	1401.0	1379.4	-27.814
CAAGAC	1632.0	1125.9	-27.734
GCCGTC	342.0	240.0	-27.610
TGGAGA	2876.0	2757.2	-27.496
GGATCG	357.0	252.8	-27.025
ATCGTC	297.0	216.8	-26.957
GTTAAA	2439.0	2097.2	-26.860
ATTGTT	4843.0	4098.3	-26.807
GGCTAG	1595.0	1199.6	-26.782
AGGCGA	494.0	294.8	-26.775
TACGCC	280.0	197.2	-26.736
TTCACC	2255.0	2981.0	-26.701
GGTCGG	455.0	266.1	-26.697
CAAGAG	1850.0	1605.6	-26.531
TGCGGC	343.0	371.5	-26.504
TTTGGT	6174.0	5571.8	-26.503
GCGACG	134.0	117.7	-26.467
GATACT	1259.0	1044.9	-26.465
ACGGTG	504.0	456.8	-26.451
CTTAAG	2188.0	1553.2	-26.252
TACCTC	1822.0	1493.5	-26.240
GCATTG	1552.0	1352.9	-26.227
CAGCAA	1660.0	1651.8	-26.197
ATCGTA	352.0	197.6	-26.179
ATTTGT	6428.0	5785.6	-26.122
TTACCC	1668.0	1334.6	-26.031
TTGGCT	5924.0	4461.3	-25.835
ATCGAA	317.0	174.8	-25.833
ACTCCT	3933.0	3285.5	-25.769
CCTCGA	725.0	460.4	-25.705
CTACTA	1510.0	1042.0	-25.685
GTGATA	1418.0	1304.2	-25.676
GCTTAA	1765.0	1327.0	-25.571
AGCTCG	372.0	292.5	-25.538
TAACTG	2045.0	1718.7	-25.522
TTGTGT	4657.0	4510.1	-25.399
TGACTC	1606.0	1512.8	-25.338
TGAGTC	1646.0	1627.6	-25.283
GTCCCA	1936.0	1432.5	-25.233
GGAACC	847.0	817.9	-25.226
CTTGGG	2645.0	2158.7	-25.218
GCCATC	2026.0	1434.9	-25.207
ACCCGG	654.0	707.7	-25.047
TACTTG	2527.0	1819.9	-24.976
AGGGGG	1493.0	1074.3	-24.905
AGTCAC	1283.0	1304.2	-24.875
ACCGTA	241.0	191.7	-24.843
GCGAGC	386.0	296.7	-24.811
TATCGC	235.0	186.9	-24.645
CGCCGA	225.0	160.2	-24.628
CCCATG	1760.0	1441.8	-24.619
GTGAAG	1904.0	1672.9	-24.569
CCCCTC	2835.0	2275.0	-24.414
AGCTCT	2906.0	2521.9	-24.031
ATTCGC	224.0	194.3	-23.837
ATATTT	8434.0	8334.2	-23.672
AGCGTG	510.0	406.5	-23.669
AAGCGC	329.0	281.2	-23.609
CTAGAC	746.0	741.7	-23.539
TGCCCA	6124.0	4639.4	-23.534
ACGGCT	493.0	301.4	-23.221
CCGTAG	250.0	201.1	-23.128
GTCCCG	298.0	368.2	-23.107
ACCACC	1874.0	1895.0	-22.999
CCACCC	2611.0	2233.1	-22.821
CCGCCG	694.0	602.2	-22.500
ATCCCA	2527.0	2165.1	-22.421
CAGGCA	3214.0	3634.1	-22.396
AGAGCA	2131.0	1789.6	-22.394
TCGCTG	900.0	608.6	-22.282
ACGGCG	151.0	155.5	-22.181
CGTCAT	495.0	305.9	-22.104
TAACGC	157.0	146.5	-21.846
GACGCA	325.0	224.4	-21.801
GAAGCG	505.0	324.7	-21.726
CGACGG	153.0	110.5	-21.707
TCCAAC	1338.0	1288.7	-21.701
AATACT	2491.0	1811.1	-21.685
TTAAAC	2983.0	2193.2	-21.548
ACAGGC	2907.0	4203.0	-21.520
GCTACG	167.0	172.7	-21.476
ACATCC	1272.0	1189.4	-21.366
AGTACT	1738.0	1234.8	-21.340
CTGGTG	2174.0	2069.7	-21.331
GGTGGT	2438.0	1848.3	-21.194
CTTTTA	6800.0	6330.4	-21.175
GTCCAA	888.0	1025.3	-21.029
AAAGCG	564.0	357.6	-20.813
TGCTAC	1154.0	1083.9	-20.802
ATAGGG	1360.0	949.8	-20.724
GCACTC	1702.0	1210.7	-20.545
GATTTA	2683.0	2361.1	-20.524
CGTCAC	450.0	276.3	-20.389
CGGCAC	297.0	241.2	-20.036
TCTCAG	5370.0	4079.9	-19.978
ATGTAT	3561.0	3049.4	-19.966
GCCTCG	1312.0	1143.8	-19.674
CGCGGG	406.0	525.7	-19.630
ACTCAA	1597.0	1413.7	-19.555
GAGGTG	2473.0	1811.3	-19.467
GGCCGG	982.0	866.4	-19.432
AGTCGG	350.0	273.6	-19.411
CGAGGT	618.0	460.9	-19.259
CACCTG	2759.0	2644.7	-19.252
GTCCTG	1735.0	1728.3	-19.037
TCGACT	391.0	281.4	-18.850
ATAGCT	2420.0	1774.4	-18.813
TTTTGG	9193.0	7444.3	-18.810
AGCCTA	1405.0	1029.8	-18.772
TAGTGT	2128.0	1549.0	-18.738
GAGGCA	2704.0	1996.6	-18.732
AGCCGA	574.0	370.8	-18.721
AGAGAC	2800.0	2946.0	-18.694
CATGGC	1996.0	1447.8	-18.581
GACGAC	243.0	137.7	-18.456
TGCCTC	8404.0	6505.3	-18.454
CTCATG	2358.0	2116.0	-18.339
GAATCG	443.0	276.4	-18.313
GCAGAG	2256.0	2044.4	-18.254
TGAGCT	2850.0	2113.9	-18.214
TAACCC	1066.0	819.8	-18.184
GGGTGA	1791.0	1292.4	-18.095
TTGCTT	6667.0	5807.1	-18.072
TTTAAA	12774.0	10007.5	-17.931
ACCCTG	2293.0	1681.5	-17.929
ACAAAA	4411.0	3381.3	-17.872
CGCTCG	202.0	186.6	-17.852
GTTTGT	7962.0	6374.8	-17.737
AGATCG	517.0	332.4	-17.729
TGCAGG	2289.0	2114.4	-17.717
CCGATA	186.0	100.3	-17.711
AGCGAC	268.0	233.9	-17.598
CATCCG	361.0	220.8	-17.578
ACCCCA	1883.0	1502.9	-17.456
TCTACC	1688.0	1448.1	-17.422
CAATAC	951.0	847.1	-17.387
CCTGTC	2959.0	2205.4	-17.364
CGGGTG	584.0	570.9	-17.313
GGTCTT	4062.0	3072.2	-17.269
GCCGAA	305.0	182.6	-17.250
CGTACT	219.0	179.0	-17.222
TAAGCT	1701.0	1395.6	-17.219
TGCTGT	3981.0	3621.3	-17.197
AGCCGT	377.0	270.7	-17.119
CATTCT	5760.0	4418.0	-17.030
TACCGC	255.0	148.6	-16.891
CCGTCA	398.0	248.6	-16.881
ACTGTC	1780.0	1601.7	-16.825
AAGCCG	372.0	298.6	-16.805
GGCTGC	2344.0	2093.3	-16.779
ATGCCG	305.0	183.9	-16.770
AATGGC	2728.0	2028.1	-16.717
AATTTA	5138.0	4532.6	-16.717
CACAAC	1417.0	1011.4	-16.679
CATCCC	1638.0	1563.7	-16.571
GCCCGG	1155.0	1612.0	-16.397
TAAAAA	7740.0	6003.9	-16.376
TCCTAG	1932.0	1705.6	-16.369
TTGGCG	446.0	327.2	-16.362
TAGCCT	2196.0	1616.0	-16.239
CGCTAC	208.0	168.7	-16.211
AACTTA	2139.0	1573.4	-16.203
GAATAC	1356.0	967.4	-16.203
CCTGCG	587.0	564.5	-16.144
CGCTTG	632.0	421.3	-16.099
GCAATA	1359.0	1059.9	-16.018
AGCTAT	1974.0	1446.3	-15.982
AAGTAA	2684.0	2025.3	-15.978
AATCTT	4358.0	3319.2	-15.968
CGGTCA	261.0	214.3	-15.940
CAACTC	1441.0	1297.3	-15.913
AGCCAG	2448.0	2188.1	-15.884
TTTGTG	5706.0	5508.2	-15.824
CTCTCT	6538.0	6647.6	-15.752
GATCCG	485.0	551.6	-15.738
GAGGGT	1536.0	1305.5	-15.716
CCGAAG	426.0	272.0	-15.407
ACAACA	1954.0	1435.7	-15.366
GCTGTC	1496.0	1441.5	-15.338
AGCGTA	217.0	192.0	-15.308
CTCTAC	2077.0	1531.6	-15.247
TGGCAT	3486.0	2637.4	-15.190
TGTTAC	2525.0	1881.3	-15.160
CTGAAA	2939.0	2813.0	-15.128
CGTGTA	407.0	259.4	-15.120
CATCGT	493.0	322.8	-15.115
CCTACG	254.0	179.4	-15.093
GACACG	432.0	302.9	-15.073
CCTCGC	649.0	571.2	-15.052
TAGGGG	1056.0	826.2	-15.051
TGTCTC	5094.0	3912.0	-15.038
GCACAA	1947.0	1431.9	-14.974
CGATAA	238.0	140.2	-14.929
TCAATC	1339.0	1255.8	-14.820
CAGTCC	1749.0	1279.2	-14.771
GTTTAA	3568.0	3000.7	-14.753
GTCGGG	486.0	318.9	-14.736
GGGACA	1362.0	1156.9	-14.733
TGCTGC	2635.0	2472.1	-14.690
AATCCG	307.0	189.8	-14.687
AGTAAT	2409.0	1980.6	-14.570
ACACGG	366.0	381.0	-14.493
TTTTGC	6464.0	6459.0	-14.462
TCAGCT	4703.0	3608.5	-14.385
AGTCTA	1326.0	1161.3	-14.351
TACTAA	1924.0	1418.2	-14.319
CGAGCC	421.0	353.2	-14.304
GCCGAT	249.0	149.7	-14.265
ACGTAA	404.0	294.6	-14.167
TACTGT	2771.0	2083.9	-14.074
GTGAGA	2576.0	1980.2	-13.999
GGAGGT	2193.0	1630.1	-13.955
TTGAGC	2540.0	1902.9	-13.944
CAAACG	469.0	308.1	-13.915
GCGCTA	303.0	189.0	-13.898
ATACCG	235.0	140.7	-13.882
GCGGCT	464.0	492.7	-13.806
TCGCTT	916.0	644.2	-13.747
CCCGTC	727.0	501.4	-13.712
GGAGTT	3334.0	2709.3	-13.589
CACCCC	2025.0	1502.0	-13.571
GAATCT	2002.0	1859.2	-13.541
GTGGGA	2486.0	1863.4	-13.515
CAGTTG	2123.0	1885.9	-13.508
TCGTTC	568.0	382.5	-13.493
CGGACT	429.0	280.1	-13.367
GTTCTT	4310.0	3744.4	-13.261
GAGATC	1682.0	1313.5	-13.235
TTCGCG	111.0	116.1	-13.151
CGACCC	332.0	210.3	-13.134
AATCGA	325.0	205.9	-13.115
TTCAAC	1829.0	1818.5	-13.025
GTGATG	2118.0	2006.0	-12.976
GCCTTG	3137.0	2382.9	-12.957
AAGTCG	308.0	194.6	-12.909
TGATCC	3357.0	2556.6	-12.854
TACGGT	243.0	237.3	-12.817
TGGGTG	2992.0	2269.5	-12.721
TTACGC	228.0	228.6	-12.719
GGGGGC	1394.0	1166.9	-12.703
CGGAAG	500.0	335.8	-12.651
AGCCAT	2301.0	1991.3	-12.614
GAGCAG	1850.0	1734.5	-12.568
CCGAGA	693.0	480.0	-12.545
CATACT	1688.0	1246.1	-12.536
GGCGCG	1546.0	1136.9	-12.524
CAGTAG	1962.0	1497.0	-12.476
TTTTAC	6029.0	5130.7	-12.393
TTCTTG	5186.0	5229.4	-12.369
ATTTTT	30676.0	24866.6	-12.339
TACGAC	133.0	92.7	-12.315
AACTCG	384.0	349.1	-12.266
AAGAAA	4987.0	4631.5	-12.251
ACCAAA	2121.0	1587.1	-12.225
CGTCCG	200.0	155.4	-12.214
CGAACG	96.0	49.4	-12.106
AATTAG	2680.0	2028.1	-12.094
ACGGAA	433.0	288.4	-12.058
AACCAT	1780.0	1322.5	-11.940
GCTATG	1479.0	1088.8	-11.928
GACCAG	1647.0	1218.7	-11.883
ACCGTC	263.0	201.0	-11.845
GTACAC	829.0	723.2	-11.735
ATATCG	283.0	179.0	-11.726
GCTCTA	1223.0	1067.0	-11.714
GTAAGC	987.0	752.6	-11.705
GGCTGT	2062.0	1913.9	-11.652
ACCTTC	2149.0	1614.0	-11.635
CGGTTG	349.0	278.1	-11.613
GGAGCC	1378.0	1266.5	-11.612
GTCATC	1608.0	1260.7	-11.612
CGCTTC	557.0	452.1	-11.515
AACAAA	3880.0	3119.4	-11.514
GCGTAA	253.0	158.8	-11.504
ACCCCG	553.0	458.4	-11.484
AACTAA	1845.0	1376.2	-11.448
AGCAAG	2014.0	1509.7	-11.398
CTACGC	176.0	175.1	-11.343
TGGTCT	4231.0	4185.7	-11.341
TTAAAG	4333.0	3349.2	-11.306
TGTCGT	556.0	398.3	-11.298
AGGGTT	2573.0	2293.2	-11.293
ACTAAC	902.0	645.1	-11.275
TGAACC	1744.0	1299.4	-11.268
GACGGC	216.0	255.3	-11.263
CTACGG	241.0	151.0	-11.261
AAGCCA	2136.0	1943.8	-11.256
TGGAAT	3369.0	3036.9	-11.253
TGACTG	2007.0	1801.9	-11.172
CGTCGT	112.0	94.4	-11.168
CTCAGC	7254.0	6521.4	-11.157
CTTCCG	795.0	564.1	-11.154
TGACGT	458.0	309.4	-11.112
GGGACG	496.0	347.8	-11.109
ACTCGA	280.0	200.2	-11.091
TTGAGG	3218.0	2464.1	-11.081
CGCCCC	770.0	929.3	-11.055
AAGACG	447.0	302.0	-11.053
TCGGAA	347.0	227.2	-10.959
CTGCAT	2374.0	2416.9	-10.945
ACTACT	1501.0	1111.8	-10.916
TTAACG	445.0	300.9	-10.911
TTAGAC	1490.0	1304.6	-10.835
CATTGC	2335.0	1817.9	-10.829
ACATCG	326.0	212.7	-10.822
GCTCAT	2162.0	1740.9	-10.721
TCCGCG	205.0	219.4	-10.657
TAAAGA	3103.0	2377.1	-10.630
TAGTCC	1377.0	1017.1	-10.622
ACAGTA	1767.0	1322.0	-10.621
GCGTCA	317.0	206.1	-10.618
AAAAAG	4630.0	3702.3	-10.594
TTAGCG	283.0	182.5	-10.589
AGTATA	2070.0	1560.5	-10.585
CTATCG	202.0	186.0	-10.465
CTTAAA	3483.0	2681.1	-10.425
GCGGAT	339.0	223.4	-10.338
CTCAAA	4058.0	3141.4	-10.298
GCGGGT	486.0	433.4	-10.260
TTGTAA	4024.0	3116.6	-10.219
GGATCT	1778.0	1333.6	-10.205
CTGGAT	2244.0	2417.3	-10.195
GATTGC	1853.0	1500.1	-10.024
CACTTG	2480.0	1889.7	-10.021
AGGAGG	3024.0	2321.4	-10.014
CAAGGG	1447.0	1100.8	-9.999
GGACGG	392.0	351.9	-9.972
CGTTCG	139.0	81.3	-9.952
CATGAT	3243.0	2497.3	-9.903
AGTAAC	1387.0	1029.0	-9.879
TCGTAC	207.0	129.0	-9.873
TTTGGG	5632.0	4410.7	-9.699
TATCTT	4177.0	3933.0	-9.676
AGTACG	209.0	131.1	-9.637
CCGTCC	531.0	370.3	-9.526
ACTTAA	2532.0	1936.5	-9.482
AATACA	3114.0	2399.0	-9.442
GTGCTC	1132.0	1193.7	-9.429
CAGGGC	1679.0	1483.1	-9.413
GTCTTA	2211.0	1750.9	-9.376
GCAGAC	877.0	855.9	-9.373
CCTGGT	2348.0	2086.8	-9.347
AAGCGT	423.0	290.8	-9.321
TGATCG	398.0	362.6	-9.306
TAACGG	241.0	155.5	-9.290
CGTACA	267.0	174.4	-9.279
GTCCGA	223.0	143.0	-9.271
ACTCGC	192.0	207.2	-9.219
GTGGAA	1786.0	1629.5	-9.200
CTAAAG	1742.0	1454.4	-9.190
TCGGGA	533.0	373.3	-9.176
CCTCAA	3038.0	2341.2	-9.174
CTTCTG	4846.0	3788.2	-9.073
CGTAAG	324.0	216.4	-9.048
CTGCTG	3090.0	3188.8	-9.012
TGCTTT	7318.0	6967.6	-8.912
CATCTC	3356.0	2598.2	-8.895
TATCGA	234.0	151.6	-8.889
GGGGTA	999.0	733.4	-8.856
GATTCA	1811.0	1838.4	-8.797
GCTACC	711.0	793.2	-8.796
GGTGTA	1326.0	1068.8	-8.789
ACGTCA	363.0	246.8	-8.774
AGCACT	2041.0	1982.3	-8.735
AGTCCG	249.0	234.5	-8.721
TACCGA	221.0	142.5	-8.721
AACATC	1499.0	1335.7	-8.687
GGGAGA	2311.0	1854.3	-8.681
TGGGTC	1639.0	1529.2	-8.671
GCAAGA	1693.0	1346.5	-8.655
AACGGA	377.0	257.5	-8.634
CGGCGC	415.0	453.1	-8.619
ATCGCT	566.0	401.7	-8.593
GGAGGA	2771.0	2171.2	-8.580
TGTGAT	4322.0	3376.1	-8.531
AAATAC	3075.0	2379.2	-8.528
TCTGAC	1578.0	1545.0	-8.511
ACTAGT	1251.0	933.9	-8.493
TACAGC	1524.0	1147.9	-8.471
CCCGCC	1915.0	1964.3	-8.433
CGACAA	213.0	137.6	-8.418
TCCTAC	1546.0	1187.0	-8.357
CCTTTT	9797.0	7794.2	-8.342
CCTTAA	2118.0	1619.0	-8.331
GACGTT	406.0	281.7	-8.326
GGTCGA	203.0	130.1	-8.321
AGACCA	1972.0	1503.6	-8.288
TTCGGC	453.0	316.8	-8.284
ATAGTG	1877.0	1428.3	-8.252
TGCCGA	363.0	248.8	-8.224
GAGCCC	1598.0	1208.4	-8.213
TAGGGT	1809.0	1374.4	-8.205
ATTAGC	1905.0	1451.5	-8.190
ATACTA	1536.0	1160.5	-8.155
GATGCG	292.0	196.9	-8.128
CCAGCG	598.0	428.8	-8.079
GTACAT	1794.0	1364.5	-8.077
GTGTAA	1787.0	1384.9	-8.069
ACCGTT	390.0	269.5	-8.050
CCGTTC	432.0	302.9	-8.001
GCTCCT	1866.0	2095.3	-7.993
GCACAG	1661.0	1395.7	-7.975
AACCAG	1593.0	1441.3	-7.905
ATCCCC	1335.0	1098.8	-7.893
AACCAA	1915.0	1462.3	-7.877
TTAATG	3669.0	2862.2	-7.875
GGCGTC	377.0	339.1	-7.869
AAGACC	1395.0	1050.2	-7.866
CCGACT	292.0	291.4	-7.829
AAAAGA	4319.0	3603.3	-7.826
GTCTAG	1186.0	1004.9	-7.740
GCGGTT	391.0	271.9	-7.737
AACAGT	2256.0	1779.0	-7.722
GATTTT	7749.0	7253.9	-7.712
AAAGTG	4638.0	3996.8	-7.707
GGTATG	1412.0	1066.7	-7.669
ACGACC	240.0	159.8	-7.649
TGTTTC	5926.0	5188.5	-7.600
CAGCGA	462.0	341.0	-7.539
TCGTAG	346.0	238.0	-7.482
CCCCTT	3033.0	2357.8	-7.471
TACCGT	326.0	223.1	-7.466
CACGAG	477.0	338.9	-7.438
ACGACA	220.0	145.3	-7.403
GCGACT	306.0	209.9	-7.392
GGCCGT	364.0	252.8	-7.379
TACGAT	329.0	226.2	-7.269
ACGGGG	717.0	953.5	-7.233
GTCCGC	338.0	233.8	-7.214
ATCCGA	226.0	150.2	-7.214
CGATAG	211.0	139.3	-7.193
AGCTTA	1812.0	1387.0	-7.147
CTACTC	1676.0	1279.7	-7.117
AATCGC	375.0	280.5	-7.032
AGCGAA	333.0	230.1	-7.015
CCGAGC	512.0	367.4	-6.992
CCCGAT	346.0	240.7	-6.973
ATAGCC	1122.0	843.7	-6.962
GACCCT	1472.0	1119.9	-6.944
GTAGCA	1315.0	995.3	-6.908
CGTAGG	289.0	198.3	-6.908
TCGGCA	302.0	208.1	-6.849
GATCGA	282.0	193.0	-6.837
GTATAC	1166.0	878.6	-6.823
TACATA	2713.0	2109.8	-6.814
ACCCCT	1788.0	1371.4	-6.800
CCCCTA	1153.0	884.0	-6.791
TGACCC	1185.0	1076.4	-6.790
TGTAAA	3790.0	2975.8	-6.766
CCGAAA	383.0	269.9	-6.761
ACCGGG	295.0	267.6	-6.738
GGCATG	3789.0	2976.0	-6.637
TTCCGG	614.0	448.8	-6.635
ATACGG	214.0	217.5	-6.580
AAAGTA	3011.0	2352.7	-6.570
TAAAAG	3395.0	2660.4	-6.534
TGGGAC	2221.0	2344.1	-6.519
ACCCGT	346.0	242.5	-6.487
CTTCCC	4245.0	3346.9	-6.483
AACGTA	343.0	318.3	-6.480
ACACTC	1123.0	1058.8	-6.477
AAATAA	5941.0	4965.6	-6.446
CATAAT	2374.0	1843.3	-6.410
TTACTG	3328.0	2609.6	-6.385
ATCGTG	572.0	417.8	-6.350
TAGTAC	1062.0	801.3	-6.338
TAAGAG	1843.0	1420.4	-6.330
ACCTAG	1345.0	1025.9	-6.297
CGGCGT	266.0	183.8	-6.284
GTACGC	139.0	89.4	-6.245
GTAACT	1693.0	1302.1	-6.230
GAGCGG	512.0	371.5	-6.217
TGCCCC	1927.0	1488.1	-6.213
CGATGG	381.0	270.3	-6.193
GAAACA	2461.0	1963.5	-6.187
TAACAG	1830.0	1412.1	-6.176
TACTCT	2583.0	2014.0	-6.164
GGACTC	1202.0	1078.5	-6.107
CCATCT	3800.0	2993.0	-6.091
TACCCG	298.0	208.3	-6.075
GTAAAC	1217.0	952.8	-6.024
CGAGTT	572.0	419.1	-6.000
CTGCGC	586.0	682.5	-5.979
TACGGC	195.0	131.7	-5.954
AATCCT	2927.0	2294.0	-5.909
TTGTCG	630.0	464.7	-5.905
AATTAT	4023.0	3717.4	-5.828
ACGAGA	337.0	238.4	-5.825
GGCAAT	1300.0	994.7	-5.742
GTTACC	1185.0	944.7	-5.730
GGAATC	1292.0	1103.9	-5.722
CACGCC	2280.0	1776.7	-5.711
CACGCA	525.0	418.5	-5.685
AAGGGA	2071.0	1888.8	-5.667
GGTCCG	319.0	225.3	-5.654
AGACTA	1436.0	1103.9	-5.653
GAGGGG	2031.0	1579.8	-5.596
TGACGA	265.0	185.1	-5.570
CCTAGC	1239.0	947.1	-5.552
GTAAAA	2789.0	2188.8	-5.551
TTGCGA	277.0	284.8	-5.510
CATGGT	2433.0	1902.7	-5.507
GAGGGA	2015.0	1766.3	-5.481
CAAAAC	2328.0	1818.8	-5.468
CGAACT	672.0	753.7	-5.468
CCATGC	1915.0	2342.7	-5.435
CGACGA	89.0	55.4	-5.431
GTACTT	2032.0	1581.7	-5.426
AATGTA	3009.0	2367.5	-5.414
CTGTCT	5254.0	4181.9	-5.396
CAATCA	1720.0	1369.9	-5.392
TAATCT	2774.0	2178.7	-5.383
TGCCAT	3300.0	2602.7	-5.337
AGTGTT	3736.0	2955.2	-5.328
GCTACA	1109.0	847.3	-5.308
TTTGCT	6767.0	6763.0	-5.270
ACGATA	258.0	181.8	-5.246
GTAGTA	1391.0	1071.8	-5.237
ATACTG	1781.0	1383.6	-5.216
GCCCGT	439.0	320.1	-5.191
ACCTTA	1493.0	1153.5	-5.152
CGAAGT	467.0	342.9	-5.149
GCGAAC	158.0	131.2	-5.112
CCCCAC	2284.0	1789.0	-5.092
GTACGG	139.0	134.2	-5.081
CAGTCA	1868.0	1454.9	-5.080
ATGTAA	2876.0	2265.3	-5.068
CCGCCA	731.0	854.5	-5.024
GCTTTT	7243.0	6465.5	-4.992
GGACCG	229.0	161.0	-4.991
ACGATT	437.0	342.3	-4.988
CGGAAT	372.0	275.8	-4.976
CCCCGA	618.0	461.1	-4.921
CGACTG	277.0	197.2	-4.897
CGAAGG	343.0	247.2	-4.896
GTCGCT	445.0	351.4	-4.877
ACGCGC	227.0	159.4	-4.862
GGGGAA	2155.0	1687.6	-4.855
GTACTG	1310.0	1050.7	-4.845
TCACGT	612.0	521.5	-4.831
TTGAAG	2985.0	2746.5	-4.821
CGTAGA	310.0	222.8	-4.805
ATGTCG	316.0	257.5	-4.801
GCGTGG	737.0	556.7	-4.784
ACAGCT	2242.0	1758.5	-4.772
GTCGAA	184.0	127.9	-4.717
AAAATA	6877.0	5565.8	-4.717
AAGACT	2052.0	1608.4	-4.629
CGGTGA	496.0	368.1	-4.595
ACGATG	319.0	230.5	-4.591
TGGTAC	1189.0	1038.3	-4.586
CCGTAC	182.0	126.3	-4.579
CACAGT	2520.0	1986.2	-4.552
ATTCTT	6442.0	5807.7	-4.522
ACTTGG	2218.0	1743.0	-4.511
TGAACG	388.0	285.7	-4.501
CCATAG	1121.0	864.2	-4.431
CCGGAT	408.0	301.3	-4.429
ACGGAC	192.0	202.1	-4.425
CTGAGG	3260.0	2587.0	-4.396
TACGAG	231.0	164.9	-4.396
AAACTA	2226.0	1817.5	-4.393
GTACTC	847.0	647.9	-4.368
CGCCAA	311.0	225.2	-4.358
ATCGAG	281.0	238.7	-4.351
TTGAGT	2959.0	3039.1	-4.348
AGGTAG	1566.0	1221.8	-4.340
GACCGT	210.0	191.8	-4.334
TACCAC	1399.0	1088.6	-4.334
CTCTGG	2582.0	2586.6	-4.273
CTAAAA	3081.0	2443.0	-4.263
AGAGCG	540.0	405.9	-4.262
GGACGA	277.0	200.5	-4.257
CCATCG	336.0	245.5	-4.242
CGAAAT	345.0	252.5	-4.241
GAGGAT	1882.0	1477.3	-4.222
CCGATG	261.0	188.9	-4.186
AACAAC	1604.0	1254.7	-4.156
GTAGCG	253.0	182.6	-4.152
AACACT	2121.0	1671.6	-4.135
AGTAAA	2589.0	2048.2	-4.129
GTTACA	1922.0	1510.3	-4.122
ACCGGA	232.0	166.8	-4.118
ACGACT	245.0	176.3	-4.118
TAGACG	298.0	217.3	-4.108
ATCGAT	285.0	207.1	-4.094
AAGGCG	422.0	315.0	-4.092
ATACAG	2023.0	1593.1	-4.071
TAAAAC	2661.0	2287.7	-4.043
AATAGC	1671.0	1309.7	-4.039
TGCAGA	2122.0	2448.3	-4.030
CATCGC	304.0	249.3	-4.029
CCCACC	3867.0	3085.4	-4.025
CTCTTG	4566.0	3695.6	-4.019
GCTCCA	1577.0	1481.6	-4.005
TTTTCG	1211.0	955.6	-4.004
GGCGAG	492.0	369.4	-3.974
TGATGC	1526.0	1592.8	-3.969
TTCGTG	619.0	469.8	-3.941
GCATGG	1567.0	1228.6	-3.919
TTGCCG	448.0	335.1	-3.882
CGGGTA	250.0	181.3	-3.880
CGTCAG	355.0	262.5	-3.858
CTACGA	238.0	172.9	-3.825
CACCCG	743.0	968.5	-3.784
AGTTAC	1641.0	1288.4	-3.782
TCGAAG	321.0	236.9	-3.764
TCTTCT	7134.0	6729.0	-3.763
AAAACT	3669.0	2931.2	-3.722
CTTAAT	2947.0	2346.8	-3.716
CTCTTT	7817.0	7458.4	-3.680
TAGCGA	246.0	179.2	-3.662
CATGGG	1364.0	1350.4	-3.636
ACTTCG	422.0	317.8	-3.635
CGACCG	139.0	98.0	-3.629
AGTCCC	1706.0	1343.3	-3.623
CCGTTA	270.0	198.6	-3.592
CGGTGT	406.0	394.9	-3.588
ATCACC	1682.0	1325.4	-3.582
CTTCTT	6629.0	6381.1	-3.579
GAACGA	275.0	202.3	-3.572
TCATGG	2329.0	1848.8	-3.561
CCATAC	968.0	752.0	-3.536
AGGGGA	1946.0	1538.6	-3.534
TGTCCC	2200.0	1803.6	-3.523
CGACTT	374.0	279.3	-3.521
GGTTAG	1192.0	932.9	-3.519
CGTAGC	268.0	197.3	-3.490
TACACT	1583.0	1246.1	-3.473
TAGTCG	189.0	136.0	-3.445
TAAAGT	3159.0	2676.4	-3.427
GAGCAA	1651.0	1302.1	-3.423
TTAACC	1863.0	1473.5	-3.420
TTTCGG	660.0	507.5	-3.415
GGGTGT	1913.0	1513.1	-3.409
CCGACG	151.0	107.6	-3.407
TAATAC	1762.0	1392.6	-3.388
AAACCC	1856.0	1469.0	-3.363
GGATTG	1952.0	1590.3	-3.358
GACTCC	1500.0	1181.4	-3.357
CCCCGT	638.0	490.9	-3.356
TCGGGC	422.0	319.8	-3.350
GAACGG	249.0	183.4	-3.344
TGTCCG	366.0	274.3	-3.326
TACTTT	6193.0	5131.2	-3.306
AGCACA	1823.0	1443.8	-3.304
AACGGT	273.0	202.5	-3.295
GACGGT	320.0	239.8	-3.287
CATAAC	1171.0	917.5	-3.280
AATAAA	5192.0	4483.0	-3.264
GTGGGT	2197.0	1746.4	-3.249
ACGGTA	220.0	161.6	-3.239
TCTTAA	3804.0	3052.2	-3.231
ACTGTT	3171.0	2537.8	-3.227
CGGTAA	213.0	191.1	-3.203
CTGTAC	1480.0	1168.1	-3.188
CGTTAA	361.0	271.0	-3.187
AGCGTT	532.0	408.1	-3.148
ATGCCA	2273.0	1810.1	-3.147
CAACAG	1739.0	1378.0	-3.136
ATTCCG	358.0	269.3	-3.134
GACCAA	1097.0	860.1	-3.119
GACGAT	214.0	157.9	-3.111
CGAGCA	335.0	261.2	-3.094
ATACTT	3118.0	2497.8	-3.093
GAAAAA	4392.0	3679.6	-3.082
CACCTA	1452.0	1146.8	-3.073
TGCACG	526.0	404.3	-3.057
TCCCCT	3381.0	2711.7	-3.028
GCAAGT	1208.0	1129.0	-3.021
GACGCC	245.0	227.0	-3.019
AAACGG	445.0	339.4	-3.008
GATAGG	1121.0	880.7	-3.002
TCGTGT	589.0	454.3	-2.993
GGCAAG	1319.0	1158.5	-2.992
GTGCTA	1394.0	1101.1	-2.984
ATGTAG	1901.0	1511.7	-2.975
ATTTTG	8891.0	7936.1	-2.952
TAAGTT	3222.0	2584.5	-2.952
AATTCT	5573.0	4501.2	-2.936
ACGGGA	384.0	292.0	-2.932
CGACAT	218.0	182.4	-2.909
GTGTCA	1882.0	1668.9	-2.908
CGTTAC	275.0	206.0	-2.892
CACGTA	445.0	340.3	-2.884
GTTGTA	1982.0	1579.0	-2.875
CGAATC	209.0	194.2	-2.869
AGTTGT	2835.0	2271.0	-2.866
TCCGGT	339.0	256.2	-2.847
TGACTA	1557.0	1235.1	-2.841
ACATAG	1706.0	1356.9	-2.824
TGCGCA	404.0	309.9	-2.785
TTGGGA	3795.0	3055.2	-2.778
CGTTCT	765.0	597.2	-2.756
CTTGCC	2415.0	2081.5	-2.742
TTGCAC	1951.0	1556.8	-2.740
ACCACT	1979.0	1579.1	-2.737
ATCCGT	324.0	245.6	-2.725
TCAGTC	1915.0	1822.0	-2.725
CTTACG	326.0	306.9	-2.719
ATTTAC	2807.0	2680.9	-2.706
GTCCGT	276.0	208.5	-2.705
TCGAAA	349.0	265.1	-2.699
TCTCTG	5144.0	5093.4	-2.688
GCCCCG	705.0	795.8	-2.687
TGTACG	291.0	220.8	-2.682
GCGTAG	230.0	172.7	-2.670
ATTGGG	1563.0	1243.9	-2.644
AATTGG	1873.0	1496.0	-2.631
AACTTC	2727.0	2215.9	-2.624
ACACGA	303.0	230.5	-2.609
AGTAGT	1999.0	1598.8	-2.596
GACGAA	269.0	214.9	-2.594
CTAGGT	1367.0	1348.6	-2.586
ACTACC	880.0	692.6	-2.583
TGGCGA	427.0	329.7	-2.580
ATTTAG	2900.0	3002.5	-2.573
TCGTAA	320.0	243.7	-2.565
TGCTTG	3189.0	2567.4	-2.537
CGGAAA	370.0	284.1	-2.530
ATACGT	475.0	367.2	-2.528
AAATAG	2946.0	2370.6	-2.524
TGTCTT	5680.0	5684.0	-2.522
CGTACC	174.0	129.9	-2.512
GACTTG	1592.0	1375.7	-2.505
CCCAAC	1482.0	1180.0	-2.504
AACTAC	1292.0	1026.4	-2.501
AACGTG	583.0	454.3	-2.499
GCTAAA	1506.0	1200.9	-2.484
GCTTGC	1387.0	1103.3	-2.475
CTGACG	308.0	235.3	-2.467
AACTTG	2352.0	1887.6	-2.462
CCCTAC	1032.0	816.1	-2.456
AAGATG	2336.0	1875.2	-2.451
CGCGTA	78.0	55.7	-2.442
ACGTTA	440.0	340.6	-2.420
GCGCCA	828.0	652.0	-2.411
CGCGAC	122.0	89.4	-2.409
AACCAC	1353.0	1239.6	-2.406
ACACTA	1198.0	951.2	-2.399
CTACTT	2715.0	2184.8	-2.395
CAGTAC	1072.0	921.4	-2.394
AACTCA	1885.0	1714.5	-2.384
GGTCTG	1767.0	1572.9	-2.380
TGAGCC	4164.0	3571.4	-2.368
CTTTCG	668.0	524.4	-2.363
AAGGTG	1946.0	1559.4	-2.359
GTGCCA	2264.0	2031.6	-2.358
TAAACC	1464.0	1168.6	-2.347
AGAGGG	1846.0	1682.5	-2.342
TAACCA	1592.0	1272.8	-2.334
AAGCAC	1222.0	1224.5	-2.331
TCGGAG	337.0	377.6	-2.326
ACCGAA	236.0	179.9	-2.316
TTAAGT	3746.0	3028.6	-2.312
GGCAGA	2139.0	1795.4	-2.290
TAACTT	3487.0	2819.0	-2.262
TAGTAA	1979.0	1589.0	-2.261
ATGTGA	2503.0	2015.6	-2.260
TATCCG	224.0	170.3	-2.242
TCACTT	4318.0	3498.5	-2.231
TCCGAG	497.0	421.3	-2.220
GACCGG	259.0	198.8	-2.208
CGTACG	64.0	80.6	-2.199
CATTGG	1542.0	1421.1	-2.190
CTTGGT	2663.0	2382.2	-2.183
GATTCG	300.0	231.3	-2.162
CTTGCG	295.0	290.7	-2.151
GTGGTT	2737.0	2490.0	-2.148
ATCGAC	165.0	124.7	-2.147
GAACGC	312.0	240.1	-2.134
CAAACC	1330.0	1063.9	-2.134
AGATCA	1893.0	1681.0	-2.132
CCGGTA	175.0	132.7	-2.128
AGGTCG	338.0	262.9	-2.123
GGATTC	1792.0	1606.7	-2.119
CGGTAT	233.0	178.8	-2.118
GTCTAC	843.0	669.0	-2.117
AAAGAA	4555.0	4138.5	-2.111
AGTTCG	404.0	315.6	-2.095
GGTTTA	2544.0	2052.0	-2.081
ACGAGT	254.0	195.3	-2.077
CTGAAC	1519.0	1217.2	-2.073
ACCATT	2628.0	2123.4	-2.015
CACTAT	1777.0	1429.1	-2.009
AACAAT	2046.0	1999.6	-2.006
AAAAGT	3810.0	3090.7	-2.002
TTTCGT	1174.0	939.4	-1.983
AACAGG	1719.0	1383.2	-1.976
GTGTTC	1851.0	1678.4	-1.969
AAAGCA	2683.0	2350.4	-1.961
TTCGGG	402.0	375.7	-1.942
AGAGAG	2333.0	2386.8	-1.936
CTAGCC	1140.0	912.2	-1.934
GTTCTC	2504.0	2278.4	-1.903
TGGCCG	603.0	477.5	-1.892
CGATTG	282.0	219.5	-1.874
CCCCAA	2021.0	1631.4	-1.872
ACTGAG	1896.0	1760.2	-1.869
CCGTGA	406.0	353.7	-1.851
CTACAC	1016.0	813.6	-1.850
GTAGAC	843.0	672.5	-1.841
TTGCAG	3219.0	2611.8	-1.838
GTATCG	191.0	155.3	-1.825
CTTACC	1370.0	1102.3	-1.794
CCAATC	938.0	1024.1	-1.789
TGTGGT	3674.0	3197.9	-1.776
ACGGGT	271.0	269.0	-1.776
AGGCCA	1939.0	1567.4	-1.762
GGAACG	324.0	253.8	-1.755
AGTCGA	197.0	152.5	-1.753
GAAGCA	1731.0	1512.4	-1.748
GGATCC	1071.0	859.9	-1.741
ACGGAT	199.0	227.7	-1.739
AATCAC	1739.0	1404.5	-1.721
GCTAAG	1185.0	953.9	-1.702
ACTCTT	3524.0	2865.9	-1.700
GAGAAT	2345.0	1900.8	-1.699
TTAAAA	9162.0	7493.8	-1.686
CGACGT	107.0	98.8	-1.683
GATAGA	1334.0	1075.7	-1.666
TTACAC	1604.0	1296.8	-1.666
GCTTCG	444.0	351.9	-1.662
TCATAC	1251.0	1007.3	-1.661
TAACTA	1560.0	1261.0	-1.660
TGGCAG	2433.0	1974.1	-1.653
ACTCAG	2203.0	1786.7	-1.640
CGGTTT	714.0	571.6	-1.631
TTGAAC	3032.0	2465.7	-1.621
CGGGAT	494.0	392.7	-1.620
CCCGGA	596.0	475.8	-1.614
TAGACC	647.0	674.9	-1.612
CGTGAC	304.0	321.9	-1.593
CCCGTA	249.0	195.4	-1.591
TTTGTA	7078.0	7728.0	-1.589
TATCGG	204.0	202.0	-1.574
GAAACG	476.0	378.2	-1.573
TTCCCG	758.0	607.4	-1.565
TCGACG	86.0	65.6	-1.558
ATGTTT	6273.0	5748.8	-1.532
TGCATC	1547.0	1612.7	-1.526
ATAATG	2444.0	1986.3	-1.517
ACTGAC	1217.0	983.2	-1.515
TTGACG	370.0	305.8	-1.511
ACTTGT	2501.0	2035.3	-1.487
ACACGT	479.0	382.7	-1.453
CCTTGG	2864.0	2650.9	-1.442
CGCGGT	320.0	253.1	-1.440
GCGGAA	293.0	232.9	-1.437
GTTTTC	6286.0	6123.4	-1.435
TAGCAC	1054.0	918.1	-1.432
TAATAG	2022.0	1644.5	-1.426
GCATCG	278.0	220.1	-1.424
AAACTT	3798.0	3100.4	-1.422
TAAACG	346.0	303.8	-1.422
GTTAAC	1172.0	948.9	-1.421
TTCTTA	5033.0	4309.6	-1.414
TAGTCT	2228.0	1813.7	-1.410
AACGGG	258.0	204.9	-1.408
CCGCTT	553.0	443.1	-1.407
AAAACC	2324.0	1893.0	-1.398
GTCGGT	269.0	213.9	-1.397
CACACG	495.0	396.6	-1.381
TGGACC	947.0	765.1	-1.379
GTATGG	1082.0	875.4	-1.375
CTAGCT	1701.0	1436.7	-1.372
AAACCA	2359.0	1922.9	-1.362
GCGTCG	147.0	116.0	-1.350
AAGTAC	1295.0	1051.8	-1.339
CGCACG	241.0	191.4	-1.333
GGACAG	1435.0	1187.0	-1.330
ACGAAC	184.0	145.3	-1.326
AGCCGG	576.0	463.9	-1.324
TGGGGC	1761.0	1589.6	-1.319
TAGAGC	1134.0	919.8	-1.315
CCAAAA	2713.0	2214.7	-1.301
TTCTGT	7350.0	6708.6	-1.288
TCTACG	270.0	215.1	-1.284
CGGTAC	124.0	97.5	-1.284
ACAGCC	1531.0	1245.1	-1.284
TCGTCT	602.0	485.8	-1.275
GTTGAA	2197.0	2130.7	-1.261
GTGGCT	2930.0	2555.2	-1.258
GATAGC	804.0	651.9	-1.253
GCCCGA	348.0	278.1	-1.247
CCGGTC	283.0	226.3	-1.244
CTGATC	1556.0	1268.0	-1.234
AAATTA	5040.0	4129.3	-1.233
AACCGG	220.0	175.9	-1.232
GCTTCA	2262.0	1866.1	-1.228
TCGCAA	226.0	180.6	-1.219
CGCAAA	269.0	216.0	-1.211
AACGGC	232.0	185.9	-1.207
GGGCGT	509.0	411.3	-1.206
AAGACA	2338.0	1910.6	-1.191
ATAAAA	4571.0	4159.7	-1.185
GCCAAA	1687.0	1376.4	-1.171
GCCCCC	1682.0	1372.1	-1.167
TATACT	2290.0	1872.2	-1.167
CCCCAT	2173.0	1775.7	-1.165
ATCCGG	235.0	188.4	-1.154
CTTAAC	1614.0	1371.8	-1.147
TCCTCG	472.0	499.8	-1.116
GTTCGC	222.0	178.2	-1.102
AATCGT	359.0	309.4	-1.096
GACAAC	823.0	669.9	-1.091
ATCGGC	272.0	242.9	-1.090
AAAGAC	1958.0	1602.6	-1.088
GTTAGG	1287.0	1052.0	-1.075
CACGCG	229.0	184.6	-1.075
GTACTA	848.0	691.1	-1.068
CTATCC	1168.0	953.0	-1.065
AGTCAG	1660.0	1529.3	-1.048
CGTCGG	150.0	120.7	-1.045
TGATTA	2417.0	1982.0	-1.039
CAAACA	2326.0	2063.3	-1.011
CTATAG	1315.0	1075.4	-1.010
AGAACC	1287.0	1053.7	-1.003
GTCCTC	1782.0	1459.7	-1.002
TGTCGG	371.0	312.8	-1.000
ACACGC	378.0	307.7	-0.995
TAACGT	452.0	388.7	-0.988
GCCAAG	1696.0	1441.7	-0.983
CGTAAA	357.0	290.9	-0.982
ACGCCG	197.0	159.8	-0.977
CTAGTG	1176.0	962.7	-0.974
ATCATA	2118.0	1738.1	-0.968
TACTGG	1619.0	1327.6	-0.965
ACGCCT	798.0	798.5	-0.964
AGTCCT	2199.0	1805.7	-0.952
TGTTAA	3459.0	2842.0	-0.950
GGTAGA	1453.0	1190.0	-0.949
CGTGTC	450.0	366.2	-0.947
GTAGGG	1032.0	845.8	-0.938
CCCATA	1176.0	964.0	-0.938
TTTACC	2789.0	2291.3	-0.935
TAATGG	1948.0	1599.4	-0.935
TTCTCG	827.0	734.8	-0.927
TGTACT	2181.0	1791.5	-0.926
AAACCG	318.0	258.6	-0.918
GTAAAT	2716.0	2232.3	-0.915
CCAACG	251.0	204.7	-0.911
CGGCGG	818.0	669.4	-0.910
TCTTAC	2306.0	1895.2	-0.901
CTTCGC	494.0	404.6	-0.898
GGGCTT	2022.0	1661.4	-0.894
TAGCTA	1622.0	1332.1	-0.889
TACGCT	160.0	198.9	-0.879
GTGTAC	1134.0	930.9	-0.877
CTCGTC	474.0	387.5	-0.875
CTGTTA	2688.0	2212.2	-0.859
ACCAGC	1758.0	1445.9	-0.858
TCACGA	419.0	344.0	-0.854
TCAAAA	3908.0	3217.4	-0.852
GTAAAG	1637.0	1345.8	-0.847
TAATCG	256.0	209.6	-0.846
CTAGCA	1186.0	975.8	-0.843
GACTGT	1673.0	1375.8	-0.842
CAACAT	2159.0	1776.1	-0.842
GTTCTG	2884.0	2483.1	-0.829
AAATTG	3403.0	2803.4	-0.828
ATTCTA	2560.0	2486.5	-0.811
GGCGGC	1054.0	867.3	-0.800
GATACG	283.0	232.4	-0.793
GAGCCA	2948.0	3077.7	-0.785
ACGTGT	582.0	478.9	-0.783
TCTCAA	3834.0	3161.6	-0.776
TACCCT	1411.0	1163.1	-0.769
AGACGA	400.0	329.6	-0.766
GATTAG	1107.0	913.0	-0.763
CCTACT	1490.0	1228.7	-0.761
ACCTGT	2258.0	1861.0	-0.760
CGTTGT	517.0	426.4	-0.748
ACGCAT	276.0	227.7	-0.745
CGTGGA	431.0	355.1	-0.744
TTACTC	2166.0	1787.7	-0.742
ACTAGC	814.0	671.6	-0.737
TTGTGC	2367.0	1953.1	-0.735
AGCTGA	2199.0	1814.8	-0.733
GGTCGT	224.0	211.5	-0.731
CAGTTA	2062.0	1701.0	-0.730
ATAGTC	1143.0	943.3	-0.729
GGCCTC	3345.0	3278.0	-0.727
GCATGA	2862.0	2363.1	-0.719
TAGTGA	1886.0	1556.2	-0.718
GTTGTC	1779.0	1468.9	-0.717
TCATAG	2139.0	1766.2	-0.710
ATAGAG	1739.0	1436.0	-0.707
CGTGTT	778.0	804.2	-0.707
CGCATA	171.0	141.9	-0.703
TGGGCA	2619.0	2162.9	-0.701
AACCCG	396.0	327.7	-0.700
AACCGT	310.0	256.0	-0.699
AGGGGT	1468.0	1212.9	-0.698
TCTCGA	963.0	1215.7	-0.697
TGGCTG	2920.0	2995.4	-0.690
AAGTAT	2581.0	2132.3	-0.686
GCGTTG	353.0	292.3	-0.674
TTGACA	2313.0	1912.1	-0.670
GAGTAA	1344.0	1111.8	-0.669
GTCAAC	722.0	707.9	-0.668
GTTGGG	2091.0	1728.5	-0.666
GACGAG	314.0	259.3	-0.662
GGCGTT	430.0	356.7	-0.657
CAGACG	419.0	347.0	-0.653
GGTAAG	1172.0	969.8	-0.646
CTTCGA	345.0	286.8	-0.643
TTTGTC	4833.0	5258.3	-0.641
AACGCA	276.0	229.2	-0.629
ATTCAT	3113.0	3111.2	-0.625
AGGTGA	2547.0	2229.4	-0.624
CACGAC	236.0	196.9	-0.621
GCGAGT	289.0	240.7	-0.616
GACAAG	1333.0	1104.4	-0.615
TGGTTG	2500.0	2069.7	-0.614
AGAATC	1944.0	1609.4	-0.613
TTACCG	301.0	250.6	-0.613
AATAGA	2224.0	1841.9	-0.605
ACGAAA	308.0	267.8	-0.600
TACGTA	368.0	306.1	-0.598
ACGAGC	221.0	184.2	-0.596
GTTGGT	2584.0	2140.6	-0.584
ACACCG	281.0	234.1	-0.583
GACCTA	748.0	621.2	-0.578
CCGGAC	312.0	259.4	-0.578
CACTCG	246.0	323.3	-0.575
TAAGCA	1825.0	1513.1	-0.566
AGATAG	1779.0	1475.9	-0.561
GCCAGA	1565.0	1299.7	-0.551
GACCCC	992.0	824.5	-0.549
CGCTGG	529.0	502.9	-0.548
ATCATG	2341.0	1942.7	-0.544
TAGGAG	1567.0	1301.3	-0.543
GTGGGC	1312.0	1313.5	-0.540
TTAACT	3346.0	2774.1	-0.540
CGAGAG	394.0	329.6	-0.536
CACAAT	2365.0	1962.1	-0.530
TTGTAC	1964.0	1630.1	-0.529
CGAACC	170.0	158.4	-0.527
AACGCG	133.0	112.3	-0.522
TGCGGA	343.0	287.2	-0.521
ATGGCT	2511.0	2084.6	-0.514
CCATAA	1371.0	1141.0	-0.514
CGGGGA	625.0	521.9	-0.511
ACGAGG	464.0	387.8	-0.510
CGTCGA	33.0	58.9	-0.494
ACAAAC	1740.0	1447.4	-0.491
TACAAA	3078.0	2556.0	-0.486
AATCCC	2095.0	1742.4	-0.482
TCCGAA	319.0	267.4	-0.480
ATTAAC	1768.0	1472.0	-0.479
GTCATA	1377.0	1147.1	-0.472
TGGTCC	1384.0	1152.7	-0.471
TGGTCG	284.0	239.9	-0.466
GTGAGC	3081.0	2560.9	-0.464
ACAACT	1495.0	1245.1	-0.463
GAGAGT	1441.0	1414.1	-0.463
GAGGCC	1872.0	1558.5	-0.459
TGTCGA	297.0	250.9	-0.459
GCCTGC	1829.0	2025.6	-0.453
AGACAA	1898.0	1765.5	-0.452
GTCCTA	1000.0	835.6	-0.442
AATTGT	3304.0	2747.7	-0.439
CGTCTT	675.0	566.8	-0.439
TACAAG	1508.0	1426.0	-0.436
GACCGC	197.0	167.4	-0.435
TTCGAC	197.0	167.8	-0.435
TCGGGG	553.0	476.6	-0.430
CATACC	1046.0	874.4	-0.429
ATCTAG	1258.0	1051.9	-0.427
GCACTA	877.0	771.3	-0.424
GTAGGA	1150.0	961.5	-0.423
TTACGA	260.0	220.8	-0.422
AGCTGT	2457.0	2046.5	-0.420
CCGCTA	218.0	186.0	-0.416
CGTGCT	460.0	396.1	-0.415
GGTGAG	1837.0	1692.5	-0.407
CTACAG	2337.0	2192.6	-0.401
TTACCA	2013.0	1679.0	-0.395
GTGAAA	2592.0	2160.8	-0.394
AACGCC	283.0	240.4	-0.392
GTCGAT	178.0	152.8	-0.390
CGCATT	346.0	293.6	-0.387
GCCTTC	2571.0	2143.4	-0.387
GAAAAC	2247.0	1875.7	-0.379
TCCGTT	592.0	499.5	-0.379
GTGAGG	1555.0	1617.8	-0.378
TCTGCT	3959.0	3787.4	-0.378
AAGATC	1486.0	1276.5	-0.376
AGAGTA	1678.0	1402.1	-0.375
AACGAA	319.0	271.0	-0.367
CGATGA	275.0	234.8	-0.366
GTTCAT	2627.0	2330.1	-0.364
ATGGGT	1732.0	1448.4	-0.363
GCATAC	806.0	678.4	-0.354
ACAAGA	1651.0	1382.5	-0.351
AACTGA	1858.0	1757.3	-0.347
AACAAG	1684.0	1410.6	-0.345
TCTTAG	2590.0	2163.3	-0.336
GCCTAC	826.0	736.0	-0.335
TATGGG	1234.0	1036.1	-0.335
TAACGA	231.0	201.7	-0.331
CGAAGC	264.0	226.5	-0.322
AAGGGG	1516.0	1271.1	-0.322
CTCGAT	488.0	575.3	-0.320
GGGGCT	1648.0	1531.6	-0.313
AGGGTA	1187.0	1127.3	-0.305
GCAAGG	1186.0	998.4	-0.300
GATCTA	882.0	858.6	-0.297
TAGCAA	1545.0	1298.4	-0.296
GACCCG	263.0	226.3	-0.295
CCGTAT	257.0	221.4	-0.293
AATGTG	2910.0	2434.1	-0.291
TACGAA	258.0	222.9	-0.288
CTAAAC	1139.0	1133.2	-0.288
TAAGTA	2039.0	1709.1	-0.287
ACGTTG	493.0	420.6	-0.284
GATTGT	2165.0	1815.5	-0.283
GCACGC	414.0	412.5	-0.282
TCTTTG	6051.0	5937.7	-0.281
TCTCTT	7392.0	7024.0	-0.279
AATAAG	2006.0	1683.2	-0.278
ACTATC	1043.0	880.8	-0.273
TTGTGA	2987.0	3061.7	-0.271
GTGCAT	1773.0	1498.8	-0.271
GGTTGT	2068.0	1919.6	-0.271
ACTCTA	1394.0	1263.6	-0.271
ACACCC	1327.0	1286.7	-0.270
TGAGAT	5188.0	4329.8	-0.270
CACGTC	398.0	359.6	-0.266
AATAGG	1493.0	1256.9	-0.264
CGTCTG	552.0	470.9	-0.255
TGAGGT	2901.0	2431.3	-0.249
AAGGGT	1532.0	1291.9	-0.247
CGGCGA	182.0	159.8	-0.246
AACCCA	1601.0	1349.3	-0.246
ACCCTA	899.0	762.4	-0.246
GCGGAC	248.0	215.0	-0.245
CATAGG	1136.0	960.8	-0.244
AATACG	314.0	270.7	-0.243
ATCACA	2232.0	1875.2	-0.243
TAAGTG	2070.0	1740.1	-0.243
TTGAAA	4493.0	4049.7	-0.242
GCGCGT	262.0	227.8	-0.241
CGGATT	436.0	374.7	-0.239
CCCGAA	354.0	305.1	-0.237
TAAACT	2697.0	2264.0	-0.234
ACTTAC	1360.0	1148.1	-0.232
CAAGAT	1909.0	1606.6	-0.232
GCCATG	1984.0	1669.1	-0.232
CCCTAG	1061.0	899.7	-0.231
CTTAGT	1937.0	1630.7	-0.227
GAACCG	246.0	214.1	-0.226
AGCGGG	479.0	411.1	-0.226
GTAAGT	1638.0	1381.7	-0.226
GCAGCT	2094.0	1762.3	-0.225
GTGTGC	2022.0	1862.3	-0.224
TACGCA	214.0	187.9	-0.222
GCCGTT	362.0	316.7	-0.222
CGGCAT	274.0	238.6	-0.219
TTCCGC	532.0	456.5	-0.218
CTAATC	1162.0	984.1	-0.217
ACCTAA	1281.0	1083.3	-0.216
CAACGG	202.0	177.6	-0.216
ATGGTG	2792.0	2344.8	-0.216
CGTCCT	470.0	404.8	-0.215
AAACGC	309.0	268.0	-0.214
GCTATC	970.0	824.5	-0.211
GTATGC	858.0	730.9	-0.210
AAGCAT	2123.0	1788.5	-0.209
GTTACT	1948.0	1641.3	-0.209
TTGTCT	4797.0	4817.4	-0.208
GACGCG	184.0	162.5	-0.207
GTGTGA	3423.0	2872.4	-0.206
CACACC	2424.0	2039.1	-0.203
ATAGCA	1672.0	1412.4	-0.201
CTGCGT	531.0	510.8	-0.197
AAACAT	3259.0	2736.2	-0.197
CGACAC	166.0	147.4	-0.196
AGCGGA	274.0	239.8	-0.196
AAGTTA	2312.0	1947.1	-0.193
ACACCA	1779.0	1502.6	-0.191
AGTTTT	8602.0	8433.8	-0.189
TACTAG	1127.0	957.7	-0.189
TTCGCT	768.0	656.4	-0.187
CCCTCT	3242.0	2872.7	-0.187
GGGCCC	1204.0	1022.5	-0.186
AACGAC	155.0	138.8	-0.184
CGTGCC	948.0	808.6	-0.181
AACCCT	1395.0	1364.2	-0.181
TGACGG	339.0	295.5	-0.181
TGCTTC	3219.0	2705.9	-0.179
ATACAA	2191.0	1849.5	-0.178
CGTATA	253.0	222.3	-0.177
GAAGAT	1877.0	1586.6	-0.176
TGCGAG	226.0	278.6	-0.174
GTTGAC	986.0	887.0	-0.174
ATCCTA	1306.0	1126.5	-0.171
ATCAGT	2091.0	1766.3	-0.169
TAAAGG	1966.0	1661.3	-0.168
GAAGGT	1609.0	1363.8	-0.165
CAGCAG	2426.0	2046.5	-0.163
GGTATA	1206.0	1026.9	-0.163
CATTTT	9769.0	9985.7	-0.163
GTAATA	1692.0	1433.4	-0.162
TACCAG	1154.0	1096.9	-0.162
ACAAGG	1517.0	1286.4	-0.161
CTTCGT	557.0	480.1	-0.159
AGTAAG	1448.0	1230.2	-0.159
CTTAGG	1569.0	1331.8	-0.158
GGGAAA	2540.0	2142.6	-0.157
GATGAC	1117.0	952.8	-0.154
TTAGAG	2429.0	2050.2	-0.153
CCCGTG	508.0	440.5	-0.152
TCAGAC	1399.0	1297.8	-0.151
CAACAA	1755.0	1487.6	-0.148
CCGAAC	158.0	142.4	-0.148
CATTCG	297.0	261.2	-0.148
CCGTTG	319.0	279.6	-0.146
TCTGCA	2492.0	2554.2	-0.144
TACCTT	2483.0	2097.7	-0.144
CAGCCC	1905.0	1879.7	-0.142
CGTTGG	374.0	327.2	-0.142
CTTCGG	500.0	434.5	-0.142
GGAAGA	2345.0	1982.8	-0.141
CATTAC	1266.0	1079.2	-0.140
CAAGTA	2252.0	2038.5	-0.140
TACTCA	1668.0	1416.8	-0.139
CTAACC	846.0	726.7	-0.138
AGACGC	331.0	291.4	-0.133
CGGCTA	433.0	845.0	-0.132
CCCATC	1993.0	1689.9	-0.131
GCCCTA	787.0	677.8	-0.130
ATTGGA	1714.0	1456.6	-0.129
ACATGC	1462.0	1245.9	-0.127
TAAGAT	2099.0	1779.8	-0.126
AGGGAT	1885.0	1600.8	-0.124
GTGAAC	1248.0	1089.9	-0.122
TTCCGT	656.0	568.1	-0.121
GAGCTA	1077.0	922.4	-0.121
GACGTG	391.0	355.7	-0.121
GGTTCC	1430.0	1219.4	-0.120
TAGAAC	1296.0	1107.3	-0.119
ATTTGA	3950.0	3645.0	-0.119
TACACA	1943.0	1650.0	-0.117
TATCCC	1336.0	1141.3	-0.117
TTGTCC	2518.0	2132.5	-0.117
GAACTC	2549.0	2284.2	-0.116
TTCGGT	448.0	391.2	-0.116
CGCTAG	147.0	134.7	-0.115
ATTGTA	2747.0	2323.6	-0.114
CGCAGC	585.0	562.3	-0.113
ATGCTG	2335.0	2344.2	-0.112
TATGAT	2372.0	2010.4	-0.111
ACGGCC	272.0	242.7	-0.110
TTTAAC	3838.0	3236.8	-0.110
ACTGGG	1752.0	1710.5	-0.109
ATGGCA	2210.0	1876.4	-0.107
CGCTGA	344.0	304.0	-0.107
TAGACT	1334.0	1218.3	-0.106
GGCCAA	1585.0	1352.4	-0.106
ATCTTC	2836.0	2400.4	-0.105
ACCCGA	225.0	202.7	-0.105
TAAACA	2678.0	2268.0	-0.103
GATACA	1352.0	1244.3	-0.103
CTATAC	886.0	764.4	-0.102
GCGTTA	234.0	211.0	-0.101
TGGACG	291.0	259.6	-0.101
TACGCG	60.0	74.0	-0.099
GAACGT	321.0	285.1	-0.099
CCAAAC	1523.0	1301.7	-0.098
TATAGT	2265.0	1924.0	-0.095
CAATAG	1159.0	995.6	-0.095
TCGTCG	96.0	96.5	-0.095
CCGCAT	295.0	263.2	-0.094
GATCAG	1209.0	1038.4	-0.090
CGTCCA	451.0	411.7	-0.089
CGGAAC	189.0	172.0	-0.089
ACCGAC	135.0	126.0	-0.089
ATGACT	1843.0	1572.9	-0.088
CATTCC	2313.0	1966.4	-0.088
TAAGGC	1101.0	948.5	-0.087
CTACCC	1089.0	985.2	-0.087
GTTATG	1377.0	1342.8	-0.087
TCTTCG	542.0	474.1	-0.086
TACGGA	220.0	204.4	-0.086
CTAGGG	987.0	945.7	-0.086
GGTACT	882.0	763.4	-0.085
GTTGCT	2537.0	2155.1	-0.085
ATTCGT	436.0	385.9	-0.081
AAACGT	570.0	536.8	-0.079
CGTTAG	299.0	268.6	-0.077
GTACCG	158.0	146.7	-0.076
TAAGGG	1187.0	1023.1	-0.075
ATTGGC	1463.0	1334.5	-0.075
ACGTTC	325.0	362.7	-0.074
AAGAGA	2861.0	2430.7	-0.074
CACGTG	775.0	674.3	-0.073
TACACC	914.0	792.5	-0.073
GTTAAT	2449.0	2084.4	-0.072
GGAATA	1743.0	1492.7	-0.072
CATCGG	244.0	221.8	-0.072
TCGATA	192.0	176.2	-0.071
AAGTTG	2276.0	1940.3	-0.071
TCGAGG	370.0	342.0	-0.071
GGAGAA	2661.0	2263.8	-0.070
TGTACA	2156.0	1839.3	-0.070
ATGACG	261.0	236.1	-0.069
CACGGG	340.0	350.7	-0.068
TAACAC	1315.0	1132.2	-0.068
TCCGTG	517.0	456.1	-0.068
CCAATG	1204.0	1039.0	-0.068
TAGCAT	2017.0	1723.7	-0.068
GGTGCC	1269.0	1246.1	-0.067
GAGCGT	292.0	263.9	-0.067
CAACAC	1196.0	1033.8	-0.063
CCTAAC	900.0	782.7	-0.063
TAGATG	1722.0	1477.7	-0.061
CCCTAT	1149.0	994.9	-0.060
CGCACA	276.0	288.4	-0.059
GTTCGT	394.0	352.3	-0.058
AATTGA	2427.0	2070.4	-0.057
TTTCGA	591.0	521.9	-0.057
GTATTG	1692.0	1578.5	-0.057
ATAACC	996.0	865.7	-0.056
TCATCC	1915.0	1640.7	-0.056
TTCCGA	389.0	348.0	-0.056
GCGAAA	287.0	260.4	-0.056
CCGGAA	354.0	318.0	-0.055
TATGCG	181.0	168.8	-0.054
CGATAT	244.0	223.1	-0.054
CGATTA	252.0	230.6	-0.053
CGCTAA	237.0	217.7	-0.053
GTTACG	260.0	237.2	-0.053
AGAGGC	1804.0	1549.7	-0.053
GTATAG	1214.0	1050.6	-0.052
AGCTAA	1896.0	1951.9	-0.052
CCACCG	837.0	1124.3	-0.051
TCCGTA	269.0	245.4	-0.051
AAACAC	1974.0	1693.5	-0.050
CGGGGC	692.0	847.4	-0.050
GAACAC	1155.0	1002.6	-0.048
GCCGCT	477.0	425.3	-0.048
ACTACG	265.0	242.8	-0.048
ATAGGT	1481.0	1278.7	-0.047
AAAGGT	2054.0	1762.5	-0.046
TCGACA	197.0	183.9	-0.046
TGTACC	1260.0	1092.7	-0.045
AAAAGC	2221.0	1902.1	-0.045
GAAGTA	1579.0	1361.1	-0.045
GACTAA	962.0	839.9	-0.044
CGTTGC	410.0	368.8	-0.044
ACGCAC	323.0	293.5	-0.044
GATTCC	1456.0	1258.9	-0.044
GTTCTA	1623.0	1505.7	-0.043
TAAATA	4515.0	3837.2	-0.043
CCATCC	2058.0	1766.5	-0.042
TACAAT	2012.0	1727.3	-0.042
CTTAGC	1657.0	1428.7	-0.042
GCACGT	527.0	469.1	-0.042
AGGAGA	2649.0	2264.8	-0.042
AAGTCT	2396.0	2386.7	-0.042
CGCGAA	76.0	76.1	-0.041
CGAACA	178.0	167.2	-0.040
TTCGTA	415.0	373.9	-0.040
GATAAC	862.0	756.5	-0.040
AGCTAG	1252.0	1086.3	-0.040
GCTAGC	654.0	692.2	-0.040
CAGTAA	1815.0	1564.7	-0.039
ACACAA	1765.0	1521.8	-0.039
CGAAGA	261.0	240.1	-0.038
GGTAAC	860.0	755.2	-0.038
ATAGTA	1723.0	1485.7	-0.037
TATCGT	332.0	302.6	-0.037
CCAGAT	1777.0	1532.7	-0.036
GATTAA	1595.0	1379.0	-0.035
GCGCAT	312.0	285.3	-0.035
CTGTAT	2783.0	2380.5	-0.035
TACCAA	1397.0	1211.4	-0.035
CCTATC	983.0	860.8	-0.034
GGCGCT	583.0	519.7	-0.034
AGGGCC	1232.0	1072.8	-0.034
CGATGC	243.0	225.8	-0.034
TTGGGT	3012.0	2573.0	-0.034
GAACCA	1334.0	1159.7	-0.034
GCCTGT	2894.0	2474.6	-0.033
CGCGTG	244.0	226.4	-0.033
CGTTCC	412.0	372.3	-0.033
ATACCA	1470.0	1274.6	-0.033
ACCAAG	1285.0	1117.1	-0.032
ACGTCG	63.0	91.8	-0.032
TAGGCG	311.0	285.2	-0.031
ACTTTG	4193.0	3566.1	-0.031
CGAGGA	387.0	351.3	-0.031
CATCGA	209.0	196.7	-0.030
TCTACT	2527.0	2168.0	-0.029
ACATAC	1401.0	1217.8	-0.029
ATAACT	2022.0	1743.2	-0.028
ATAACG	252.0	234.4	-0.028
CCTAAG	1297.0	1130.1	-0.028
GGGCAC	849.0	930.6	-0.028
AACAGC	1412.0	1228.4	-0.027
TGCGTC	372.0	339.1	-0.027
CTCGGA	380.0	346.8	-0.026
TGAGAG	2086.0	2113.7	-0.026
AGACGT	412.0	374.6	-0.025
CGTTGA	314.0	289.6	-0.025
GGGGAC	1132.0	991.5	-0.024
ATGGCC	1322.0	1152.5	-0.024
ACTTAG	1466.0	1275.6	-0.024
AAGCTT	2261.0	2208.4	-0.023
TCCGAT	195.0	185.6	-0.023
GACTTA	1274.0	1112.6	-0.023
CAACTT	2691.0	2310.0	-0.023
TGGCAA	1893.0	1637.4	-0.022
AATTAA	3553.0	3037.6	-0.022
TAATTG	2642.0	2270.7	-0.022
CTAGGA	1776.0	1539.6	-0.022
AGAACG	346.0	318.0	-0.021
TTGCGG	379.0	347.5	-0.020
GTATGA	1480.0	1290.1	-0.020
AACATA	2205.0	1903.5	-0.020
TAGGTT	2351.0	2386.3	-0.020
GGGTAA	1095.0	962.3	-0.020
AACAGA	2260.0	2017.5	-0.020
GGCAGC	1565.0	1362.7	-0.019
GAACCC	1064.0	937.1	-0.019
GGTTTG	3175.0	2843.4	-0.019
GTAGGC	815.0	724.6	-0.018
AGCAGG	1793.0	1556.9	-0.018
TCAATG	1225.0	1490.3	-0.018
TCGAAT	282.0	263.7	-0.018
GACATC	951.0	840.3	-0.018
ACTGGT	1634.0	1422.1	-0.018
GTTAGT	1501.0	1310.0	-0.017
GGTGAT	2149.0	2023.2	-0.017
CCTATA	1209.0	1061.7	-0.017
GACTAT	1129.0	993.0	-0.017
ACGAAG	336.0	311.8	-0.016
CCGACA	166.0	161.5	-0.016
AAAGTT	3688.0	3157.9	-0.016
GTTATC	1194.0	1049.4	-0.016
TATGCC	1237.0	1085.5	-0.016
GCCATA	912.0	809.7	-0.015
ATACGA	205.0	196.1	-0.015
CAGGCC	1821.0	1683.7	-0.015
CGGGCA	532.0	482.5	-0.015
CCAACT	1683.0	1466.5	-0.015
GCGAAG	250.0	236.3	-0.015
ATGCGG	242.0	229.2	-0.015
ACGTAT	405.0	372.9	-0.014
AGCATA	1517.0	1325.2	-0.014
AGCGCG	217.0	266.9	-0.014
TGGGAT	4585.0	5440.6	-0.014
CGAGGG	367.0	466.5	-0.014
GCTAGG	1226.0	1078.4	-0.014
GGCTAC	772.0	690.1	-0.014
AGGTCA	1889.0	1641.3	-0.013
TTCACT	4117.0	4013.0	-0.013
AAGGTT	2086.0	1809.1	-0.013
AGCGCT	324.0	348.7	-0.013
AGCTGG	3984.0	4933.5	-0.013
GGAAGG	2162.0	2074.0	-0.013
GAAAGC	1474.0	1291.6	-0.012
TAATCC	2344.0	2028.7	-0.012
GCTTCC	2526.0	2183.0	-0.012
CGTGAA	462.0	423.7	-0.012
CCACGA	345.0	322.0	-0.012
GAGGTC	1515.0	1327.0	-0.012
ACCCAA	1338.0	1297.2	-0.011
TAAATG	3510.0	3014.6	-0.011
CGAAAG	263.0	250.0	-0.011
ACATTC	2117.0	1838.6	-0.011
CACTAA	1251.0	1103.0	-0.011
TTGGGC	1627.0	1455.9	-0.011
AGTATG	1534.0	1343.7	-0.011
GGGGTT	2728.0	2921.7	-0.011
ATGCGT	310.0	291.1	-0.010
GTTGAG	1647.0	1667.5	-0.010
AATAGT	2174.0	1887.5	-0.010
TGGGGA	2641.0	2283.7	-0.010
ACGAAT	278.0	263.1	-0.010
AAATCG	346.0	323.4	-0.010
TGGCCT	3967.0	3402.3	-0.010
CGCCAC	841.0	1049.8	-0.010
ACATAA	2043.0	1777.6	-0.009
TTGGCA	2398.0	2079.1	-0.009
GATGTA	1413.0	1244.0	-0.009
CCCTTC	2802.0	2421.1	-0.009
AGATGT	2288.0	1986.6	-0.009
TCGCTA	275.0	261.8	-0.009
CCCGTT	424.0	392.5	-0.009
CCTCTC	3443.0	3208.0	-0.009
TGACCG	259.0	247.8	-0.008
AAAATT	7299.0	6206.0	-0.008
CTGCTC	2574.0	2426.2	-0.008
ACATTA	2010.0	1751.1	-0.008
TAATGA	2445.0	2120.1	-0.008
AGTTGG	1998.0	1742.9	-0.008
TTAATA	3925.0	3371.2	-0.008
GTTCGG	219.0	213.0	-0.007
TTTACG	457.0	422.8	-0.007
CTCTCC	3205.0	3145.2	-0.007
CTAAGC	1030.0	917.1	-0.007
CGCATC	258.0	247.4	-0.007
CGCTCC	566.0	556.7	-0.007
CTAAGG	1081.0	961.8	-0.007
CATAGT	1753.0	1584.0	-0.007
CCTCTT	4250.0	3648.4	-0.007
TGAATA	2816.0	2437.8	-0.007
CGGACA	206.0	201.2	-0.007
GTCTGA	1624.0	1426.2	-0.007
CGTATC	207.0	202.6	-0.006
GAGCTT	1853.0	1622.2	-0.006
TAGCTT	2545.0	2209.6	-0.006
AACGTT	545.0	500.3	-0.006
CAGTTC	2451.0	2129.9	-0.006
CGAAAA	352.0	362.0	-0.006
ATCATC	1456.0	1283.9	-0.006
GAGCCG	630.0	574.8	-0.006
TAATGC	1505.0	1326.7	-0.006
GTTTGG	2931.0	2706.4	-0.006
CCCCGC	1115.0	992.8	-0.006
AGATCT	2150.0	1876.0	-0.006
CTATGG	1008.0	901.7	-0.006
CAACGA	161.0	161.1	-0.006
GGACAA	1103.0	983.2	-0.006
GTTTGA	2984.0	2720.4	-0.006
TAGGTA	1561.0	1374.5	-0.006
CCTCTA	1744.0	1679.9	-0.006
GTGGAT	1701.0	1494.1	-0.006
GTTGCA	1852.0	1634.7	-0.005
TACGGG	205.0	201.3	-0.005
AAAACG	522.0	485.1	-0.005
GATGTG	1918.0	1679.5	-0.005
TATACG	263.0	253.6	-0.005
GTTGGC	1557.0	1989.3	-0.005
GTGTGG	2566.0	2230.3	-0.005
CCGGCG	429.0	401.6	-0.005
GGAAAT	2541.0	2209.6	-0.005
TAGTTG	2021.0	1768.3	-0.005
ACCATC	1474.0	1302.6	-0.005
ACTAAG	1037.0	927.7	-0.005
ACTAAT	1742.0	1531.3	-0.005
CACCGA	288.0	276.9	-0.005
GTCGAG	213.0	209.1	-0.005
AGATTC	1864.0	1981.1	-0.004
CAGCTA	2561.0	2228.7	-0.004
TACCGG	185.0	184.1	-0.004
ACGTCT	429.0	403.0	-0.004
CGCCAG	605.0	555.2	-0.004
TCGCGA	84.0	92.0	-0.004
TAGCGG	199.0	197.3	-0.004
ATACGC	167.0	168.6	-0.004
TAGAGG	1526.0	1348.1	-0.004
GGGCCA	1308.0	1163.1	-0.004
GAGTTG	1849.0	1625.4	-0.004
AGGTTA	1599.0	1412.5	-0.004
AGGGCG	437.0	409.7	-0.004
GCTTTG	3421.0	3115.4	-0.004
TACATG	2130.0	1864.1	-0.004
GGTAAA	1603.0	1416.8	-0.004
AACACA	2070.0	1814.1	-0.004
CTGCGA	397.0	374.5	-0.004
GTACGT	282.0	272.8	-0.004
CGTGTG	769.0	699.2	-0.004
AGGGAC	1216.0	1084.0	-0.003
TGACAT	2108.0	1847.0	-0.003
CTGCGG	582.0	583.3	-0.003
ACCAGA	1284.0	1143.9	-0.003
CCACTA	1191.0	1064.2	-0.003
CCCTCG	550.0	509.9	-0.003
GAATAA	2066.0	1812.2	-0.003
AATGAT	2742.0	2387.3	-0.003
GCCGGT	269.0	261.5	-0.003
CACGGA	319.0	329.7	-0.003
TTTGCG	560.0	518.7	-0.003
CAATGA	1419.0	1260.9	-0.003
AAGATT	2882.0	2506.9	-0.003
CTGCTA	1602.0	1461.1	-0.003
CAGAGC	2072.0	1819.1	-0.003
CGATGT	266.0	259.1	-0.003
CGTATT	479.0	448.3	-0.003
ATAGAA	2200.0	1928.5	-0.003
CGGAGC	512.0	477.3	-0.003
GTAAGA	1288.0	1150.0	-0.003
GAGTAT	1245.0	1112.9	-0.003
AGACTT	2355.0	2061.1	-0.003
AGTCAT	2050.0	1801.4	-0.003
AAATGC	2536.0	2215.9	-0.003
GTTTCG	919.0	860.4	-0.002
AATACC	1248.0	1115.0	-0.002
GCTTAG	1236.0	1109.9	-0.002
ATACAT	2687.0	2345.9	-0.002
GGGAAT	1588.0	1408.9	-0.002
ACTTTA	3407.0	2956.5	-0.002
GACATG	1390.0	1238.3	-0.002
AACGCT	265.0	259.4	-0.002
CGAATG	225.0	223.8	-0.002
TTTGAC	2805.0	2446.2	-0.002
CATACG	195.0	196.2	-0.002
ATTGAG	1960.0	1929.9	-0.002
TCAACG	217.0	216.3	-0.002
AACGAG	248.0	245.0	-0.002
TAAGCC	1179.0	1058.6	-0.002
TTAGCT	2706.0	2363.9	-0.002
CTTTCT	10634.0	11668.5	-0.002
AAAGCT	2270.0	2020.1	-0.002
ATGATT	3234.0	2810.3	-0.002
CCATGA	1649.0	1462.6	-0.002
GGGTTA	1152.0	1065.3	-0.002
ACAGGA	1770.0	1565.2	-0.002
AGTTGC	1523.0	1354.6	-0.002
TTCTGC	4166.0	3881.6	-0.002
ACTCGT	314.0	352.6	-0.002
CCGATT	284.0	277.4	-0.002
GTGTTA	2007.0	1769.9	-0.002
AAGAGT	2065.0	1842.8	-0.002
CAAATG	2538.0	2221.8	-0.002
CGACCA	181.0	184.6	-0.002
TAGGGC	787.0	720.2	-0.002
GTTAGA	1365.0	1219.4	-0.002
ACACCT	1710.0	1614.0	-0.002
GCAGCA	1694.0	1561.5	-0.002
TGATAG	1539.0	1369.7	-0.002
TGAGCG	390.0	372.8	-0.002
CAGAAC	1512.0	1346.5	-0.002
CGAATA	207.0	208.7	-0.002
TCTAGG	1531.0	1590.8	-0.002
GAAGAC	1181.0	1062.6	-0.002
ACTATG	1486.0	1324.2	-0.002
GAGGTT	2395.0	2101.8	-0.002
ACAACG	221.0	222.0	-0.002
AATCGG	222.0	222.5	-0.002
CGGATG	264.0	260.9	-0.001
AAGGAG	1877.0	1886.2	-0.001
GCCTCT	3043.0	2654.8	-0.001
TTAAAT	6269.0	5382.1	-0.001
GTATAA	1630.0	1449.5	-0.001
AATTCG	316.0	307.9	-0.001
GGGAAG	2336.0	2053.8	-0.001
CCTTCG	486.0	458.5	-0.001
GGAAAG	2300.0	2022.6	-0.001
GCGTGT	524.0	493.2	-0.001
ATGGAC	958.0	871.4	-0.001
GGATAG	844.0	772.4	-0.001
TTAGGC	1168.0	1053.3	-0.001
ACTTCC	2407.0	2115.1	-0.001
GAGAGA	2390.0	2369.7	-0.001
ATCGGG	199.0	202.6	-0.001
GATAAG	1033.0	937.2	-0.001
TACACG	266.0	263.2	-0.001
TAGGAT	1996.0	1765.5	-0.001
ACCAAT	1301.0	1170.0	-0.001
AATATA	3334.0	2905.6	-0.001
GTAGAA	1657.0	1475.2	-0.001
CGGGCG	600.0	561.5	-0.001
ATTTCT	8314.0	8457.5	-0.001
ACTGAT	1946.0	1723.3	-0.001
ATCCAG	1778.0	1579.2	-0.001
CGGGCC	558.0	524.7	-0.001
GGAACA	1453.0	1301.8	-0.001
TTTCCG	753.0	696.7	-0.001
GGAAAA	3116.0	2722.3	-0.001
TCTACA	1886.0	1673.9	-0.001
CCACTC	1851.0	1644.1	-0.001
ACGGTT	308.0	303.1	-0.001
AATGGT	2397.0	2110.1	-0.001
GTCATG	1438.0	1375.7	-0.001
TGCTAA	1738.0	1547.3	-0.001
CTCTGA	2563.0	2808.1	-0.001
AGGTAA	1719.0	1531.2	-0.001
CTACCA	1366.0	1228.0	-0.001
CCGAAT	250.0	250.3	-0.001
CGGATA	153.0	161.3	-0.001
AACTCT	2434.0	2143.2	-0.001
CGGGAC	315.0	309.6	-0.001
TTACGG	274.0	272.7	-0.001
AGTTAG	1445.0	1297.9	-0.001
TATACC	1135.0	1029.4	-0.001
CCGCTG	545.0	514.6	-0.001
CAGCCG	511.0	484.5	-0.001
ACGGGC	256.0	256.5	-0.001
TACTTC	2049.0	1816.8	-0.001
ACGTGG	549.0	518.1	-0.001
TAACTC	1461.0	1311.6	-0.001
CTCGTA	215.0	219.4	-0.001
ATTCCC	1920.0	1727.7	-0.001
GCCGAC	206.0	211.2	-0.001
ATACAC	1252.0	1132.4	-0.001
GAATCA	1525.0	1367.8	-0.001
AAGAAG	2281.0	2016.8	-0.001
AAGGAA	3100.0	2715.4	-0.001
GGTAGT	1307.0	1180.5	-0.001
TCGTTG	444.0	426.2	-0.001
CCGCGA	157.0	166.1	-0.001
TCCCGT	501.0	477.7	-0.001
GATGCT	1523.0	1523.7	-0.001
CATACA	1500.0	1347.5	-0.001
ACCCTT	1661.0	1487.0	-0.001
GAAGCC	1371.0	1351.1	-0.001
TTAAGG	2104.0	1866.4	-0.000
CCATGG	1534.0	1377.5	-0.000
ACGCGT	88.0	101.9	-0.000
CAACGC	180.0	188.3	-0.000
GAAATG	2859.0	2513.5	-0.000
CAGCTT	3334.0	2929.1	-0.000
GAAATA	2944.0	2586.4	-0.000
TCGATT	420.0	407.8	-0.000
GGAAGC	1493.0	1343.5	-0.000
ATGCGC	271.0	272.6	-0.000
GGCGAA	201.0	208.5	-0.000
GTCTTT	5330.0	5320.6	-0.000
AGTGTG	2555.0	2255.0	-0.000
TTATCG	327.0	323.6	-0.000
TACGTT	568.0	538.5	-0.000
AAGTGT	2655.0	2566.7	-0.000
CAAGAA	1949.0	1885.0	-0.000
ATCGGA	176.0	185.1	-0.000
CGTCTA	252.0	255.1	-0.000
CCCTTA	1469.0	1324.1	-0.000
TTCAGG	3055.0	2683.9	-0.000
GAGCTG	2055.0	1828.8	-0.000
ATAATA	3032.0	2663.7	-0.000
CTAGTA	1136.0	1036.1	-0.000
CCCGCT	557.0	529.1	-0.000
TCATCG	314.0	312.2	-0.000
ACTATA	1559.0	1402.2	-0.000
GCCACG	444.0	429.7	-0.000
GAATTG	1994.0	1777.1	-0.000
TAGCAG	1505.0	1358.0	-0.000
CGATTT	701.0	657.8	-0.000
CGGGAA	350.0	345.9	-0.000
GCATTC	1655.0	1486.9	-0.000
GGGTAG	1015.0	937.9	-0.000
ACCGGT	161.0	172.9	-0.000
GAGGTA	1133.0	1035.8	-0.000
ATTATG	2463.0	2180.0	-0.000
ACGCCC	544.0	831.2	-0.000
GTTAAG	1340.0	1235.6	-0.000
TTACCT	2536.0	2244.1	-0.000
TCGTAT	324.0	322.8	-0.000
CTCTTA	2495.0	2209.1	-0.000
TATCCT	2046.0	2052.8	-0.000
TGGATT	3487.0	3056.2	-0.000
GGTAGC	761.0	711.4	-0.000
CCGGTG	350.0	346.1	-0.000
ATGTTA	2824.0	2491.3	-0.000
TACTGA	1921.0	1718.4	-0.000
ATAATC	1681.0	1511.9	-0.000
TCAGGA	2644.0	2338.7	-0.000
TTCGAT	354.0	350.6	-0.000
ATGGGA	1900.0	1701.1	-0.000
GAAATT	3436.0	3016.8	-0.000
CTATCA	1363.0	1238.4	-0.000
TGAGTG	2238.0	2123.5	-0.000
GGTGAA	1641.0	1478.1	-0.000
GATGGC	1166.0	1067.5	-0.000
CACTCA	1859.0	1734.6	-0.000
AGCATC	1420.0	1287.4	-0.000
GAAAGT	2129.0	1900.0	-0.000
TACGTG	444.0	432.1	-0.000
ACATGG	1863.0	1671.7	-0.000
GCCAAC	905.0	840.3	-0.000
AGAAAA	5070.0	4615.4	-0.000
TAGAAA	3079.0	2714.5	-0.000
GTATAT	2636.0	2335.2	-0.000
AATGTT	4309.0	3762.6	-0.000
TGGGAA	2844.0	2514.6	-0.000
GAACAG	1482.0	1343.3	-0.000
TCGTGA	667.0	632.6	-0.000
AGTATC	1170.0	1072.5	-0.000
ATATAG	1798.0	1616.1	-0.000
TAAATC	1998.0	1789.2	-0.000
CCCAAT	1236.0	1130.0	-0.000
ACTAGG	962.0	892.8	-0.000
ATGGGG	2043.0	2091.3	-0.000
ACCGGC	227.0	236.6	-0.000
ACCCAT	1414.0	1285.8	-0.000
AGCAGC	1892.0	1698.2	-0.000
TAGAGA	3319.0	3833.5	-0.000
CGGTGC	324.0	325.4	-0.000
ATTTTC	8186.0	8263.6	-0.000
GTACCC	650.0	617.2	-0.000
TGGCTT	3887.0	3407.2	-0.000
CTAAGA	1458.0	1325.7	-0.000
CTCTCA	2746.0	2574.4	-0.000
AAGGTC	1459.0	1326.3	-0.000
AATCTA	1655.0	1496.8	-0.000
GACGCT	288.0	294.5	-0.000
GTTCCG	290.0	296.6	-0.000
CGGTTA	183.0	196.0	-0.000
ACACTT	2287.0	2041.7	-0.000
TTACTA	2099.0	1880.2	-0.000
GCGTCC	384.0	387.2	-0.000
AGCCAA	1716.0	1550.3	-0.000
TCGTCA	363.0	362.6	-0.000
GAATAG	1418.0	1292.4	-0.000
TGCCCT	2514.0	2237.0	-0.000
CTGCCC	2674.0	2374.5	-0.000
AGTAGC	2957.0	3688.6	-0.000
GTACCT	1056.0	978.3	-0.000
TACGTC	198.0	211.3	-0.000
CGAATT	305.0	311.5	-0.000
AGAACT	2149.0	1925.5	-0.000
CTACGT	307.0	313.6	-0.000
TCCTGT	3638.0	3201.5	-0.000
GCTCTT	3184.0	3402.4	-0.000
AAGGTA	1487.0	1354.3	-0.000
CAGTAT	2073.0	1861.5	-0.000
GTCAGT	1543.0	1403.8	-0.000
TTGCGT	462.0	453.1	-0.000
TAGACA	1613.0	1464.4	-0.000
TCCATA	1584.0	1439.4	-0.000
CAACTA	990.0	921.0	-0.000
GGACGC	265.0	274.1	-0.000
ACGTAC	194.0	208.5	-0.000
GGTTGC	1616.0	1467.0	-0.000
AGTAGG	1279.0	1174.2	-0.000
GGTCAT	1318.0	1208.2	-0.000
CTGAGC	2090.0	1877.8	-0.000
TACCCA	1642.0	1578.1	-0.000
TATCAC	1421.0	1298.3	-0.000
AACATT	3551.0	3130.3	-0.000
TTGATC	2292.0	2201.4	-0.000
GCTGCG	575.0	555.9	-0.000
TGAACT	2989.0	2650.5	-0.000
AGCGCC	358.0	360.5	-0.000
TCTGTA	3283.0	2903.1	-0.000
GGAAAC	1639.0	1488.4	-0.000
CTCTAG	1548.0	1507.8	-0.000
GAATCC	1074.0	997.0	-0.000
GCACGG	377.0	378.2	-0.000
GGACGT	257.0	268.5	-0.000
TTTTCA	8857.0	9152.4	-0.000
GGCACT	1214.0	1120.5	-0.000
TGCTCG	379.0	380.7	-0.000
TGGGCC	1497.0	1367.8	-0.000
GTCGTT	324.0	330.0	-0.000
CATCTA	1552.0	1415.3	-0.000
CCTAAA	1723.0	1563.4	-0.000
TTCTTC	7314.0	6765.5	-0.000
TGTGTA	3143.0	2787.7	-0.000
ATATAC	1791.0	1625.0	-0.000
GAACTT	2225.0	1999.3	-0.000
AGATGG	4460.0	3913.8	-0.000
ATGACC	959.0	899.7	-0.000
AGAGCC	1289.0	1258.9	-0.000
TGCTGG	4119.0	4295.5	-0.000
TGGACA	1606.0	1465.1	-0.000
AACACG	338.0	344.4	-0.000
CCGACC	288.0	299.9	-0.000
GCCTTA	1415.0	1299.1	-0.000
ATACCC	874.0	824.7	-0.000
GTTCCC	1549.0	1415.4	-0.000
GCCGGG	1017.0	951.0	-0.000
CTCCAT	2900.0	2581.3	-0.000
CTGGTT	3089.0	2772.5	-0.000
TCGCCA	611.0	592.6	-0.000
TCCCCA	3029.0	2693.7	-0.000
TTGATA	2628.0	2349.2	-0.000
CAGGTC	1284.0	1185.3	-0.000
ATGAAA	3124.0	2777.0	-0.000
TGAAAT	4206.0	3704.0	-0.000
AGATGC	1350.0	1244.4	-0.000
CTAAGT	1468.0	1347.7	-0.000
ATAAGT	1685.0	1536.4	-0.000
CCGTTT	745.0	713.0	-0.000
AACTAG	1075.0	1061.5	-0.000
AGCTTG	1799.0	1636.8	-0.000
ATGTAC	1310.0	1211.7	-0.000
TAGGAC	894.0	846.9	-0.000
CAAGTC	1123.0	1096.9	-0.000
GCATCA	1146.0	1069.0	-0.000
TGCAAA	2491.0	2700.8	-0.000
GGGCGC	653.0	745.3	-0.000
ATTCGG	238.0	254.6	-0.000
CGGACG	132.0	159.4	-0.000
GGCCTA	910.0	861.5	-0.000
GGGCTA	814.0	776.6	-0.000
GCCGCA	350.0	358.7	-0.000
GGGTAT	1065.0	998.5	-0.000
GACATA	1049.0	984.2	-0.000
GATTGA	1319.0	1220.3	-0.000
AACACC	1116.0	1042.7	-0.000
TACAGA	2252.0	2031.8	-0.000
ACATTG	1958.0	1777.5	-0.000
CCCGAC	368.0	375.5	-0.000
GGGATA	1003.0	944.5	-0.000
TGGTAG	1916.0	1741.3	-0.000
AGATTA	2106.0	1905.0	-0.000
ATTCGA	254.0	270.6	-0.000
TATAGC	1241.0	1154.0	-0.000
CTAAAT	2165.0	1958.6	-0.000
CCTTAG	1575.0	1446.4	-0.000
GGAGCA	1259.0	1335.2	-0.000
TACTAT	1817.0	1656.6	-0.000
CACCTT	2527.0	2270.5	-0.000
CACAAG	1127.0	1123.1	-0.000
TTAGGA	2133.0	1930.8	-0.000
ATCGGT	190.0	210.4	-0.000
CGGAGA	379.0	386.0	-0.000
CCGCGG	437.0	439.1	-0.000
CGCATG	318.0	331.0	-0.000
CCGTGC	543.0	535.6	-0.000
CTAACG	140.0	162.1	-0.000
AATCAG	1826.0	1666.5	-0.000
AATAAT	3928.0	3476.7	-0.000
ATAAAG	2277.0	2057.8	-0.000
ACACAC	2623.0	2355.2	-0.000
AGGCAA	1602.0	1513.2	-0.000
ACTTGC	1489.0	1372.7	-0.000
ACGACG	63.0	85.3	-0.000
ATCAAC	973.0	920.8	-0.000
CGTATG	256.0	273.1	-0.000
CCAAGA	1728.0	1581.4	-0.000
CCTAGA	1257.0	1181.0	-0.000
GTCAGC	1171.0	1095.5	-0.000
GTGCCT	2295.0	2074.3	-0.000
TAGGTG	1439.0	1330.7	-0.000
AGCTTC	2205.0	1996.7	-0.000
AGAAGG	2000.0	1818.3	-0.000
CTTGAT	2454.0	2211.7	-0.000
AACTGT	2261.0	2044.5	-0.000
GCGAAT	134.0	157.6	-0.000
AAATGG	2698.0	2422.1	-0.000
GTCCGG	294.0	310.2	-0.000
ATTACT	2255.0	2041.3	-0.000
CAGGTG	3438.0	3548.3	-0.000
CTAGTC	962.0	912.7	-0.000
AGGACT	1650.0	1515.9	-0.000
CCCGAG	1097.0	1303.9	-0.000
GAAACT	2231.0	2022.0	-0.000
AAGATA	1980.0	1803.4	-0.000
GGACCA	933.0	886.7	-0.000
AAATGT	4794.0	4222.3	-0.000
GTAAGG	1046.0	987.2	-0.000
GTTTCT	5756.0	5565.4	-0.000
CAGCGC	422.0	429.4	-0.000
GGACCT	982.0	930.7	-0.000
ACAGTT	2721.0	2446.8	-0.000
CGGTCC	251.0	270.1	-0.000
ACTTTT	8425.0	7420.4	-0.000
AATAAC	1744.0	1600.3	-0.000
GACGTC	198.0	220.2	-0.000
TTGACT	2578.0	2322.7	-0.000
CCCTTG	1839.0	1682.9	-0.000
TTAGTG	2132.0	1937.2	-0.000
ATAAGG	1232.0	1152.1	-0.000
ATTATC	1864.0	1923.3	-0.000
TATACA	2150.0	1952.4	-0.000
CCTGCT	2792.0	2839.2	-0.000
AGGTTT	4204.0	3722.0	-0.000
ATTTCG	512.0	512.7	-0.000
CAAAAG	2197.0	1995.5	-0.000
ATCAGC	1277.0	1192.4	-0.000
CGTTTG	572.0	567.3	-0.000
CGCTTA	195.0	218.6	-0.000
GTAGAT	1676.0	1543.4	-0.000
GAGAAC	1240.0	1161.9	-0.000
TACATC	1165.0	1095.2	-0.000
GTCTGC	1331.0	1241.5	-0.000
CGTGCG	220.0	242.0	-0.000
ACGCTT	289.0	308.6	-0.000
TCTGGA	2604.0	2685.9	-0.000
ACCATA	1237.0	1159.0	-0.000
GGTGTC	1344.0	1253.1	-0.000
GACCTG	1204.0	1130.4	-0.000
CAGATC	1263.0	1182.8	-0.000
TTATGC	1590.0	1469.9	-0.000
ATCTGA	1915.0	1752.3	-0.000
AATGAC	1432.0	1331.3	-0.000
TAATCA	1854.0	1700.0	-0.000
AAGGCC	1170.0	1101.5	-0.000
AGGATT	2857.0	2569.8	-0.000
TCAGCG	385.0	398.8	-0.000
ATGCTA	1456.0	1353.0	-0.000
TCGGTA	169.0	194.9	-0.000
GCCTAA	927.0	886.9	-0.000
CCACGT	556.0	606.6	-0.000
TGGATG	1870.0	1716.4	-0.000
TGGAAA	3293.0	2947.3	-0.000
TGTAAG	2001.0	1837.6	-0.000
TGCGTG	537.0	537.7	-0.000
GCAGAT	1518.0	1409.1	-0.000
ATTAGG	1379.0	1287.7	-0.000
TCGCAT	214.0	238.9	-0.000
TTCGCA	271.0	293.7	-0.000
CGACGC	85.0	111.6	-0.000
ACGTGC	475.0	481.8	-0.000
GCACTT	2217.0	2019.1	-0.000
TTCGGA	313.0	332.4	-0.000
TAAGAA	2544.0	2303.8	-0.000
CCAAAG	3817.0	3400.7	-0.000
CTTACA	1677.0	1550.7	-0.000
GAAGTC	1402.0	1573.4	-0.000
GAGGAC	1039.0	989.7	-0.000
GCGGCC	657.0	648.2	-0.000
ACCAGT	1452.0	1376.4	-0.000
AAAGAT	2779.0	2508.3	-0.000
GACAAA	1720.0	1589.2	-0.000
CTTATG	1632.0	1512.9	-0.000
CACGAA	261.0	285.2	-0.000
GAGAGG	1841.0	1906.1	-0.000
ATAACA	1811.0	1669.6	-0.000
ACCAAC	1004.0	959.8	-0.000
AGACAT	1871.0	1722.7	-0.000
GGCCTT	2107.0	1927.1	-0.000
AAACTG	2588.0	2346.2	-0.000
GTGGAC	810.0	787.8	-0.000
CATTTA	4540.0	4542.2	-0.000
ACCTTG	2284.0	2082.3	-0.000
GTCTCT	4016.0	3578.0	-0.000
ACTGGC	1293.0	1249.1	-0.000
TGCGCG	239.0	264.6	-0.000
CGTTAT	371.0	388.5	-0.000
TCAGGT	2727.0	2467.3	-0.000
TCGGAC	162.0	190.5	-0.000
AGATTG	1973.0	1813.9	-0.000
GATCGG	169.0	197.9	-0.000
CCGCAG	575.0	577.0	-0.000
GACCTT	1763.0	1631.2	-0.000
CCGTGT	712.0	707.5	-0.000
CCGGGA	635.0	632.6	-0.000
GGATGA	1392.0	1306.2	-0.000
AGACCT	1367.0	1284.2	-0.000
TCGGAT	246.0	272.2	-0.000
GGCGCC	905.0	1107.3	-0.000
CATGAC	1040.0	995.3	-0.000
AGCACG	323.0	345.3	-0.000
GCGTAT	204.0	232.7	-0.000
CGGCCA	484.0	495.1	-0.000
GGGCCG	630.0	627.4	-0.000
TCAGTA	2031.0	1867.5	-0.000
AACATG	2128.0	1951.7	-0.000
GGATGT	1442.0	1352.1	-0.000
TCGGTG	311.0	334.6	-0.000
TAAGGT	1489.0	1393.3	-0.000
ACTTCT	3442.0	3091.3	-0.000
CTTCCA	3414.0	3067.2	-0.000
CTGTGT	4352.0	3875.3	-0.000
GTATTA	1886.0	1742.3	-0.000
TCTGAA	2975.0	2689.9	-0.000
TCCTAA	2057.0	1893.0	-0.000
TGATAA	1914.0	1767.8	-0.000
AATGGA	1996.0	1915.8	-0.000
ACGCGG	164.0	194.4	-0.000
CAGCCA	2179.0	2000.6	-0.000
GCACAT	1609.0	1501.4	-0.000
ATTGCG	264.0	292.7	-0.000
GACCCA	910.0	909.6	-0.000
TGGGTA	1629.0	1520.0	-0.000
GGCCAG	2315.0	2617.4	-0.000
GATACC	702.0	696.7	-0.000
CTTAGA	1699.0	1581.4	-0.000
GTAATT	2840.0	2576.7	-0.000
CCCTAA	1148.0	1096.5	-0.000
CATGCG	344.0	367.8	-0.000
CTCATA	1476.0	1386.9	-0.000
CCGGCA	312.0	337.2	-0.000
GAATTA	2025.0	1867.4	-0.000
GCGGGG	1084.0	1039.5	-0.000
TATTCA	2715.0	2749.4	-0.000
TTGTGG	3077.0	2783.1	-0.000
TCCATC	2555.0	2331.3	-0.000
ATGAGA	2100.0	1935.1	-0.000
GATGAA	1820.0	1690.9	-0.000
GTGCTT	2441.0	2232.8	-0.000
GGCTTC	1903.0	1801.9	-0.000
AGAATA	2221.0	2041.1	-0.000
ACAGAC	1344.0	1272.3	-0.000
AATGAA	3032.0	2746.5	-0.000
TTAGGG	1594.0	1493.9	-0.000
AATTTT	13671.0	13897.9	-0.000
CAAGGA	1584.0	1484.2	-0.000
ACTGTG	2682.0	2443.4	-0.000
TGCGTA	245.0	275.2	-0.000
GCGCCT	691.0	689.5	-0.000
TTATAC	1994.0	1844.7	-0.000
TGCGCC	644.0	723.5	-0.000
TGACCA	1433.0	1352.4	-0.000
TGTGCA	2643.0	2568.8	-0.000
AGGTAC	843.0	852.9	-0.000
TAGGAA	1963.0	1818.5	-0.000
ACTATT	2227.0	2049.6	-0.000
AGATAA	2130.0	1965.9	-0.000
TGGATC	1387.0	1312.7	-0.000
CCTGTT	3249.0	2938.7	-0.000
TTCGAA	367.0	392.3	-0.000
GACACC	648.0	752.6	-0.000
CAGATT	2542.0	2325.8	-0.000
ATTGGT	1790.0	1943.8	-0.000
TCGTTA	353.0	379.8	-0.000
GTATGT	2339.0	2150.4	-0.000
ACGTTT	827.0	814.1	-0.000
ACAATA	1526.0	1566.0	-0.000
TATAAC	1301.0	1238.6	-0.000
CCCACA	1679.0	1572.2	-0.000
GGGAGC	1257.0	1252.3	-0.000
TAACAT	2361.0	2170.1	-0.000
ACCTGG	2251.0	2074.3	-0.000
TTAACA	2743.0	2502.4	-0.000
AAGCCT	1724.0	1617.6	-0.000
CGAGAA	271.0	303.6	-0.000
TCATAA	1950.0	1811.3	-0.000
AGGAAA	3360.0	3038.3	-0.000
TCTAAC	1125.0	1279.1	-0.000
CCAGAA	2067.0	1914.3	-0.000
AGGCCC	1180.0	1132.2	-0.000
TTATCC	1939.0	1801.4	-0.000
ATCCTT	2974.0	2704.7	-0.000
TTGGAC	1245.0	1189.2	-0.000
CGACTA	123.0	157.7	-0.000
GGTGCT	1618.0	1521.0	-0.000
CAATTG	1229.0	1176.9	-0.000
TAACAA	1837.0	1712.5	-0.000
AGCCCG	406.0	431.9	-0.000
CTATGA	1377.0	1308.5	-0.000
ATGCTT	2796.0	2552.0	-0.000
ACCTTT	3442.0	3112.0	-0.000
GGACTT	1674.0	1572.7	-0.000
TGTATG	2550.0	2339.7	-0.000
CTTGTC	2424.0	2229.5	-0.000
CGCGAG	206.0	249.5	-0.000
AGTTAA	2186.0	2022.7	-0.000
TTTCCC	5814.0	5156.7	-0.000
GCTATA	1152.0	1110.8	-0.000
TCTGGG	3048.0	2807.8	-0.000
TCTTTC	9846.0	10739.0	-0.000
ATAAGA	1595.0	1503.2	-0.000
GGGATG	1458.0	1382.7	-0.000
TTACGT	512.0	531.2	-0.000
CACCGG	249.0	284.5	-0.000
ATTGAC	1242.0	1190.4	-0.000
GCTCGT	283.0	317.9	-0.000
CACCAG	1591.0	1501.2	-0.000
CAATAA	1761.0	1651.9	-0.000
AATCTG	2285.0	2110.1	-0.000
GCAAAA	1989.0	2034.1	-0.000
TACCTA	1214.0	1167.1	-0.000
GGTGTT	2328.0	2149.0	-0.000
TGTAGA	2631.0	2414.6	-0.000
TGTTGG	3523.0	3791.7	-0.000
TGACCT	3236.0	2994.1	-0.000
GCCCAT	1295.0	1250.8	-0.000
GGCATC	957.0	938.9	-0.000
GAGATA	1719.0	1615.9	-0.000
CCACGG	358.0	388.9	-0.000
CTATGT	2359.0	2177.9	-0.000
GGCCGC	635.0	646.3	-0.000
AAGGAT	1768.0	1659.2	-0.000
TAGTCA	1309.0	1253.6	-0.000
CATTAA	2311.0	2136.2	-0.000
TGCTAT	2416.0	2228.7	-0.000
ATGGTC	1392.0	1327.4	-0.000
GGAGAT	1636.0	1544.2	-0.000
ACCTGA	1499.0	1422.4	-0.000
TAATAA	3090.0	2816.1	-0.000
GGCCAT	1216.0	1171.4	-0.000
GGTCCC	1039.0	1013.2	-0.000
AGTTTA	3171.0	3178.7	-0.000
GTGTCC	1430.0	1362.2	-0.000
GGGTTT	5038.0	4751.9	-0.000
TGCTAG	1476.0	1403.5	-0.000
GTTCCA	1728.0	1626.8	-0.000
CAACTG	1363.0	1303.5	-0.000
GATGAT	1815.0	1703.1	-0.000
ACAAGT	1474.0	1402.4	-0.000
CCTGAA	2247.0	2083.7	-0.000
CCTACA	1037.0	1014.0	-0.000
GGCCCT	1326.0	1271.0	-0.000
ATTCAA	2539.0	2339.9	-0.000
ATTCCA	2540.0	2339.2	-0.000
AGCTGC	1822.0	1710.5	-0.000
ATAGGA	1347.0	1291.6	-0.000
ATAAAC	1826.0	1715.7	-0.000
CCTTAT	1919.0	1796.2	-0.000
ATATAA	3021.0	2760.7	-0.000
TCCTTA	2430.0	2245.1	-0.000
TGCTTA	2333.0	2160.3	-0.000
AATCAT	2471.0	2281.8	-0.000
TGATTG	2263.0	2099.1	-0.000
AATTCC	2116.0	1970.5	-0.000
AGGAAT	2235.0	2076.2	-0.000
AGTCAA	1306.0	1255.0	-0.000
GAAGGA	2015.0	1882.3	-0.000
GCTATT	2313.0	2144.3	-0.000
GCGAGG	382.0	416.0	-0.000
TTAGAA	2984.0	2731.3	-0.000
ATTAAA	3993.0	3607.1	-0.000
AAGTTT	4911.0	4399.2	-0.000
ATCTAC	1112.0	1083.1	-0.000
CATGGA	1516.0	1443.0	-0.000
CACTAG	740.0	792.3	-0.000
CTCGAA	695.0	786.0	-0.000
TCTTCC	4872.0	4367.0	-0.000
AGAATT	3514.0	3192.4	-0.000
ATTGTC	1881.0	1767.3	-0.000
ATTAAG	1817.0	1710.5	-0.000
AATGGG	1654.0	1566.9	-0.000
CTTTAA	4119.0	4109.5	-0.000
CGGCCC	595.0	782.7	-0.000
GATGTC	1146.0	1115.6	-0.000
AGATAC	1231.0	1191.4	-0.000
AAGTTC	2027.0	1897.1	-0.000
TCCGCA	291.0	330.6	-0.000
GTATCC	852.0	851.3	-0.000
TGTGGG	2767.0	2546.7	-0.000
GGGGAT	1240.0	1200.4	-0.000
ACATGT	2416.0	2239.4	-0.000
TCCTTT	8638.0	8144.6	-0.000
ACAGAT	2030.0	1901.7	-0.000
TTCCAG	3705.0	3384.3	-0.000
TCTTGA	3968.0	3591.3	-0.000
CTTGTG	2615.0	2415.4	-0.000
CGCTTT	682.0	697.7	-0.000
CCTTAC	1192.0	1159.7	-0.000
GATAAT	1770.0	1673.7	-0.000
AAATGA	3526.0	3209.3	-0.000
CCCGCG	354.0	427.4	-0.000
GCGGGC	681.0	697.1	-0.000
TGCATG	2044.0	1916.2	-0.000
AAGCCC	1122.0	1097.2	-0.000
TATGAC	1015.0	1001.5	-0.000
TCCCTA	1551.0	1480.5	-0.000
TTCTAT	3698.0	3886.5	-0.000
GAGATG	4316.0	3897.9	-0.000
GCACCG	263.0	305.2	-0.000
CAAAGT	4157.0	3760.7	-0.000
CCATCA	1853.0	1749.1	-0.000
TGGTAA	1914.0	1802.1	-0.000
CAAGTT	2293.0	2137.9	-0.000
GCTTGG	1784.0	1688.0	-0.000
GCAGGT	1688.0	1604.8	-0.000
TTCTCT	7741.0	8242.1	-0.000
CGCCGG	359.0	398.2	-0.000
TAGAAG	1742.0	1653.7	-0.000
CATCCA	1727.0	1639.2	-0.000
TTTCGC	885.0	885.6	-0.000
ATCGTT	392.0	430.5	-0.000
TTCCCA	3851.0	3499.5	-0.000
GATTAT	2470.0	2295.1	-0.000
CCTCGT	685.0	704.6	-0.000
GAAGCT	1866.0	1764.8	-0.000
GTGACT	1666.0	1587.4	-0.000
CTATCT	1945.0	1834.6	-0.000
ACACAT	1973.0	1860.0	-0.000
AATCAA	1634.0	1669.4	-0.000
ATGGGC	1069.0	1055.2	-0.000
CATATC	1239.0	1207.2	-0.000
AACTGG	1743.0	1657.8	-0.000
ACTAGA	1075.0	1060.0	-0.000
TTCAAA	4363.0	3948.1	-0.000
GCGTTT	622.0	647.4	-0.000
ACAGAA	2492.0	2375.6	-0.000
AGGGCT	1727.0	1644.5	-0.000
GTTTCA	4097.0	4490.8	-0.000
AGGAAC	1216.0	1188.7	-0.000
TGTTCA	3077.0	3110.1	-0.000
TCGATG	218.0	263.9	-0.000
GCTAGT	903.0	906.7	-0.000
GCTGTT	2853.0	2637.7	-0.000
ACCGTG	592.0	748.4	-0.000
ATACCT	1545.0	1484.5	-0.000
GGGACC	964.0	962.9	-0.000
TGCCAA	1654.0	1581.1	-0.000
CTGCTT	4186.0	3798.7	-0.000
ATGGTT	2433.0	2269.8	-0.000
AGCAGA	1913.0	1811.1	-0.000
GCCCTC	1513.0	1456.4	-0.000
GTCCAC	779.0	850.8	-0.000
ACATAT	2498.0	2328.7	-0.000
GCTTAT	1726.0	1646.4	-0.000
TTTCAT	7511.0	7330.4	-0.000
GAAAGA	2287.0	2375.6	-0.000
CCATTA	1751.0	1669.7	-0.000
TCCACG	413.0	454.5	-0.000
CGCCCG	938.0	1190.1	-0.000
ATCTGT	3013.0	2781.0	-0.000
GCATAA	1241.0	1214.4	-0.000
CTGTCC	2054.0	1939.8	-0.000
CTACAT	1517.0	1461.7	-0.000
ATTACC	1168.0	1150.0	-0.000
TGCCGG	369.0	413.3	-0.000
GACATT	2020.0	1909.6	-0.000
GATTTC	3035.0	2802.2	-0.000
TGAACA	2031.0	1920.3	-0.000
AAAGCC	1479.0	1429.8	-0.000
TATGGT	1654.0	1585.9	-0.000
CGGCCG	475.0	514.5	-0.000
GGAAGT	1756.0	1676.1	-0.000
TAGGCA	1352.0	1315.9	-0.000
GCTGGC	1463.0	1457.9	-0.000
ATCTAA	1483.0	1433.1	-0.000
GGGCAT	1302.0	1272.1	-0.000
CTGACA	1484.0	1435.1	-0.000
TGTGCG	503.0	541.5	-0.000
AGATGA	2437.0	2280.8	-0.000
CTCGTT	596.0	629.9	-0.000
TGCGAA	215.0	263.7	-0.000
TTTAGA	4294.0	3901.0	-0.000
CATGTA	1921.0	1824.5	-0.000
GATGCC	1016.0	1015.7	-0.000
CAATTA	1619.0	1556.4	-0.000
TGTGCT	2857.0	2649.4	-0.000
AAGAGC	1294.0	1266.9	-0.000
TAGGCC	762.0	782.7	-0.000
TATGGA	1513.0	1463.2	-0.000
TCATTG	3179.0	2932.6	-0.000
CCTTCT	4484.0	4068.6	-0.000
GAAGGG	1705.0	1634.8	-0.000
AGAAAC	2212.0	2084.6	-0.000
CAGGTA	1562.0	1507.8	-0.000
TTGGAT	2695.0	2509.2	-0.000
CCTTCC	4594.0	4442.6	-0.000
CCACAA	1474.0	1429.7	-0.000
CCAGCA	2350.0	2207.7	-0.000
TGCGTT	524.0	564.3	-0.000
TTTTCC	10152.0	9176.4	-0.000
GAGATT	2658.0	2479.9	-0.000
CATATA	2218.0	2092.0	-0.000
TAGGGA	1334.0	1305.6	-0.000
AATGCT	2372.0	2228.8	-0.000
ATGAAT	2684.0	2503.5	-0.000
AAGAAC	1640.0	1579.7	-0.000
TGTTCG	345.0	393.7	-0.000
GGGAAC	996.0	1000.7	-0.000
GTGAGT	1810.0	1731.5	-0.000
CAGAAT	2469.0	2315.4	-0.000
ATCTCT	3509.0	3226.9	-0.000
GTACCA	926.0	991.8	-0.000
TCCGGA	352.0	401.6	-0.000
TCGAAC	612.0	721.4	-0.000
GTTATA	1635.0	1578.0	-0.000
TAAGGA	1687.0	1624.1	-0.000
ACATCA	1387.0	1355.6	-0.000
CTTCAG	2982.0	2767.8	-0.000
AAAAGG	2425.0	2278.9	-0.000
GGGGCC	1281.0	1260.8	-0.000
CCAATA	1151.0	1143.5	-0.000
TCATCT	3257.0	3009.0	-0.000
AAAGAG	2321.0	2297.7	-0.000
TAGATA	1650.0	1591.9	-0.000
CTCAGA	2168.0	2053.3	-0.000
TTTGAA	5858.0	5517.3	-0.000
GATGGG	2503.0	2348.2	-0.000
CATCAT	2004.0	1907.3	-0.000
ATAAGC	1067.0	1068.0	-0.000
CTGGCA	1833.0	1756.0	-0.000
GAACAA	1356.0	1329.9	-0.000
ATTACG	234.0	287.0	-0.000
ACCGCG	347.0	398.6	-0.000
AGTTGA	1930.0	1843.5	-0.000
GTTTAC	1730.0	1666.3	-0.000
GCTTGT	1982.0	1891.4	-0.000
CCCAAA	3980.0	3646.5	-0.000
CATCAC	1531.0	1488.4	-0.000
AGCCGC	405.0	455.9	-0.000
GAACTA	1018.0	1026.7	-0.000
CTTCAC	1977.0	1887.2	-0.000
TGGAAG	2260.0	2138.9	-0.000
ACATGA	1671.0	1614.6	-0.000
GGTCCT	1255.0	1241.1	-0.000
TTGGAA	3105.0	2884.8	-0.000
TCAACT	1847.0	1857.2	-0.000
GCCCCA	1447.0	1416.5	-0.000
CCCTGA	1769.0	1704.8	-0.000
TGCGGG	475.0	523.6	-0.000
TTAGTC	1526.0	1486.1	-0.000
CACCAC	3287.0	3858.3	-0.000
TTCTAC	2325.0	2198.6	-0.000
TATAGA	1776.0	1711.1	-0.000
TCTATC	1694.0	1639.0	-0.000
GGCCCG	522.0	569.9	-0.000
GCATGC	1390.0	1365.5	-0.000
ATTCTG	3607.0	3695.3	-0.000
ATCTTT	6349.0	5977.4	-0.000
CTGATA	1482.0	1449.3	-0.000
TCACAA	1722.0	1664.9	-0.000
GAATGG	1574.0	1532.5	-0.000
CCACAG	2035.0	1943.3	-0.000
ACATCT	2048.0	1957.2	-0.000
AAGAAT	2674.0	2511.7	-0.000
GACCAT	935.0	954.9	-0.000
TGACAA	1638.0	1590.7	-0.000
AGGACG	261.0	319.0	-0.000
CTAGAA	1773.0	1713.0	-0.000
TATAAA	3719.0	3493.4	-0.000
CGCGGA	146.0	200.3	-0.000
GTATTC	1668.0	1619.9	-0.000
GACTAC	1395.0	1593.3	-0.000
ATGTGC	2192.0	2086.6	-0.000
GCGCTT	308.0	394.8	-0.000
CCTGTG	2552.0	2496.1	-0.000
TAATTC	2551.0	2405.5	-0.000
TCAGAA	2641.0	2486.0	-0.000
GGGCCT	1432.0	1409.4	-0.000
TTCGTC	342.0	399.6	-0.000
GTATCA	1210.0	1208.8	-0.000
AGCCCT	1792.0	1732.2	-0.000
TTCCAC	2253.0	2143.6	-0.000
GCCGCG	442.0	518.4	-0.000
ATGATA	1732.0	1679.3	-0.000
GGCAAA	1522.0	1491.3	-0.000
GGTTAT	1611.0	1571.7	-0.000
CCTGAT	1621.0	1580.6	-0.000
TAGAAT	2515.0	2376.2	-0.000
TTCCTG	5021.0	4570.5	-0.000
TACCAT	1841.0	1777.1	-0.000
CATGCC	2944.0	2755.9	-0.000
AGAGAA	2814.0	2641.3	-0.000
AGTTCT	3521.0	3263.2	-0.000
AGATCC	1046.0	1061.8	-0.000
AGCAAA	2140.0	2115.9	-0.000
ATTAGT	2003.0	1924.8	-0.000
GTGTAT	2364.0	2245.5	-0.000
CATTAG	1420.0	1401.9	-0.000
GGATGC	891.0	920.3	-0.000
AACTTT	5005.0	4563.3	-0.000
GGACAC	867.0	899.8	-0.000
CGTTTA	483.0	539.0	-0.000
GCCTAT	1195.0	1200.3	-0.000
GATTGG	1154.0	1163.7	-0.000
TAAAAT	5886.0	5329.2	-0.000
GCTGCT	2536.0	2401.9	-0.000
GCGCCG	390.0	449.7	-0.000
CTAACA	1203.0	1207.0	-0.000
GCATTA	1309.0	1304.3	-0.000
AGTACC	773.0	812.4	-0.000
ATATTA	2988.0	2976.9	-0.000
TAGCCA	1899.0	1835.3	-0.000
CTGAGT	2946.0	3129.3	-0.000
AGGTCT	2089.0	2005.2	-0.000
CATGCA	1720.0	1676.5	-0.000
CAAAGC	1509.0	1486.4	-0.000
ATAGAC	803.0	842.0	-0.000
TCCCAA	4779.0	4467.5	-0.000
GCACCA	1531.0	1506.8	-0.000
TCAGGG	1780.0	1861.4	-0.000
CTATTC	1923.0	1859.8	-0.000
TGCCTA	1880.0	1821.3	-0.000
TGTATA	3112.0	2915.0	-0.000
ACCTAT	1100.0	1123.8	-0.000
CACGTT	559.0	613.5	-0.000
AGGTGC	1397.0	1540.4	-0.000
CGCAGA	272.0	335.4	-0.000
CATAAG	1025.0	1047.8	-0.000
GACACT	1106.0	1122.4	-0.000
ACCCAC	1269.0	1486.1	-0.000
TAGATC	1166.0	1177.2	-0.000
CTTTTC	8802.0	8301.6	-0.000
GGCTTT	3345.0	3122.0	-0.000
TGGTAT	2334.0	2228.4	-0.000
AACTAT	1594.0	1567.9	-0.000
GACTTT	3008.0	2825.2	-0.000
CCAACA	1558.0	1534.4	-0.000
AAAGGG	1797.0	1751.0	-0.000
GACCAC	849.0	887.2	-0.000
TGTATC	1914.0	1855.3	-0.000
GATAGT	1123.0	1140.2	-0.000
TCTAGA	1795.0	1749.2	-0.000
CAGCAC	1981.0	1918.0	-0.000
ATCAGA	1783.0	1740.6	-0.000
ATGAGG	1645.0	1617.7	-0.000
GAAGGC	1163.0	1179.2	-0.000
AGACAC	1319.0	1322.5	-0.000
ATGGAA	2302.0	2206.3	-0.000
ATGTGG	2057.0	1987.6	-0.000
GAATTC	1860.0	1811.7	-0.000
CAGGGA	2013.0	1948.9	-0.000
TGGTTA	2124.0	2048.8	-0.000
GAAGAA	2514.0	2396.7	-0.000
CACACA	2969.0	2798.2	-0.000
CCTAAT	1501.0	1489.5	-0.000
CAGATA	1637.0	1611.1	-0.000
GAAATC	1625.0	1626.4	-0.000
TACCTG	1581.0	1561.5	-0.000
TTGCAA	2495.0	2583.2	-0.000
ACAAAT	2467.0	2355.2	-0.000
GTGCGC	427.0	494.7	-0.000
GGCCAC	1058.0	1089.0	-0.000
GGATAC	687.0	742.8	-0.000
ATTGCT	2965.0	2799.7	-0.000
AAGGGC	1036.0	1067.9	-0.000
AGAATG	2357.0	2262.1	-0.000
CTATAA	1697.0	1671.5	-0.000
AATATG	2204.0	2126.1	-0.000
CACAAA	1996.0	1941.8	-0.000
AGAAAG	2750.0	2810.0	-0.000
AAAGGC	1504.0	1498.7	-0.000
CTGGCC	2887.0	2735.8	-0.000
GTCTGT	2765.0	3027.5	-0.000
CCCTTT	4497.0	4153.4	-0.000
GAATGT	2176.0	2103.7	-0.000
TGCCAG	2065.0	2038.5	-0.000
GCCGGC	484.0	551.1	-0.000
TTTGGC	3265.0	3071.9	-0.000
CACATA	1674.0	1653.4	-0.000
CGTGAG	952.0	1084.0	-0.000
GCCACT	2370.0	2278.5	-0.000
CACATG	1746.0	1719.6	-0.000
TGTGAG	2562.0	2766.0	-0.000
AATGCG	196.0	265.0	-0.000
ATATGA	1865.0	1827.2	-0.000
TGTTGA	3087.0	3365.8	-0.000
AGCCCC	1401.0	1408.7	-0.000
CGCGCG	430.0	501.4	-0.000
TTTGGA	4610.0	4257.4	-0.000
TGAAGG	1973.0	1925.0	-0.000
TATTCG	234.0	305.5	-0.000
GGACAT	1200.0	1224.4	-0.000
TTGGTG	2684.0	2800.0	-0.000
AGAGGT	1784.0	1756.8	-0.000
AAAGTC	1934.0	1892.8	-0.000
CGCGGC	440.0	520.2	-0.000
AAATCC	1738.0	1716.8	-0.000
GCCTTT	3697.0	3459.3	-0.000
TGAATC	1590.0	1583.0	-0.000
AGAACA	1923.0	1921.3	-0.000
AAGAGG	1756.0	1732.0	-0.000
GGCATA	968.0	1044.0	-0.000
GATATC	937.0	984.5	-0.000
TTCAGT	3990.0	4013.8	-0.000
AAAGGA	2525.0	2423.4	-0.000
TGAAAG	2356.0	2273.2	-0.000
CTTTAC	2152.0	2092.0	-0.000
ATTCCT	3292.0	3107.5	-0.000
ACAAAG	2082.0	2029.6	-0.000
TCTGCG	401.0	475.3	-0.000
GAGGAA	2136.0	2078.2	-0.000
TTGGTA	2448.0	2357.8	-0.000
ATAGAT	1754.0	1734.6	-0.000
AAGTAG	2330.0	2253.2	-0.000
GAGCAC	884.0	938.0	-0.000
TATCAA	1642.0	1635.0	-0.000
AAATCT	3285.0	3104.7	-0.000
AGGAAG	2635.0	2527.7	-0.000
TATGTG	2808.0	2682.3	-0.000
TATTGG	1934.0	1899.2	-0.000
CACCGT	644.0	749.5	-0.000
TATGAG	1445.0	1457.7	-0.000
AATTAC	1844.0	1819.9	-0.000
TCTATA	1936.0	1902.4	-0.000
TGTTAG	2329.0	2255.9	-0.000
TTTCTG	8091.0	8275.2	-0.000
TAGTTC	1819.0	1797.1	-0.000
TGAGGG	1679.0	1673.2	-0.000
GTGCGT	379.0	457.5	-0.000
AGGATA	1294.0	1322.5	-0.000
TTCTGG	3948.0	3696.8	-0.000
CAGGAC	1051.0	1098.8	-0.000
AAGGCA	1778.0	1764.3	-0.000
TTATAA	3375.0	3536.2	-0.000
GAATAT	2158.0	2107.4	-0.000
ATGTCA	1968.0	1937.8	-0.000
CTAGAT	1292.0	1322.8	-0.000
CACTTA	1675.0	1673.0	-0.000
TCAACA	1500.0	1513.1	-0.000
TTAGGT	2141.0	2094.9	-0.000
CACCAA	1287.0	1319.6	-0.000
CTGAAT	2499.0	2416.4	-0.000
GCATAT	1613.0	1616.9	-0.000
ACAATT	2246.0	2191.2	-0.000
CTATTG	1718.0	1715.6	-0.000
ATGCAT	1896.0	1875.7	-0.000
CCAGAG	2022.0	2056.7	-0.000
ATTATA	3285.0	3120.0	-0.000
TCCCTC	3574.0	3572.4	-0.000
AGAAGA	2401.0	2332.0	-0.000
GTCAGA	1327.0	1490.4	-0.000
CTTATA	1705.0	1705.8	-0.000
AAAATC	2931.0	2807.6	-0.000
TATAGG	1447.0	1472.7	-0.000
CCTAGT	1122.0	1171.5	-0.000
GCCAGC	1285.0	1322.8	-0.000
GCATGT	1944.0	1922.3	-0.000
ATGCAC	1152.0	1199.2	-0.000
TCTAGT	1953.0	1933.9	-0.000
TATATC	1716.0	1718.3	-0.000
CAGACC	975.0	1039.8	-0.000
TCTAAG	1511.0	1535.3	-0.000
AAGTCA	1743.0	1907.9	-0.000
CATCTG	2253.0	2205.5	-0.000
CTTGGA	2131.0	2098.8	-0.000
GCCTGA	1597.0	1612.8	-0.000
TCCACT	2046.0	2022.6	-0.000
CGCGCC	701.0	779.3	-0.000
CTTATC	1352.0	1389.3	-0.000
GACTTC	1557.0	1573.8	-0.000
TGTGCC	2675.0	2586.7	-0.000
ATGGAT	1699.0	1706.9	-0.000
ATGACA	1554.0	1574.9	-0.000
ATGATG	2115.0	2084.1	-0.000
CTTGTA	2216.0	2173.4	-0.000
TTATGG	2040.0	2013.8	-0.000
TAAGTC	1224.0	1269.0	-0.000
GCCAAT	989.0	1050.9	-0.000
CTAATG	1400.0	1431.7	-0.000
CATCAA	1270.0	1369.9	0.000
AGTATT	3086.0	3097.2	0.000
ATTTCC	3659.0	3946.9	0.000
TTTCCT	9733.0	9481.2	0.000
TTCCTC	4268.0	4417.7	0.000
TCCTCA	2557.0	2763.9	0.000
ATCCAT	1782.0	1977.9	0.000
TCCTTC	4442.0	5195.0	0.000
CTTCTA	2319.0	2448.9	0.000
TTCTAA	3449.0	3459.0	0.000
TCTAAT	2463.0	2508.1	0.000
CTAATA	1500.0	1564.0	0.000
TCCTCT	4231.0	4049.6	0.000
CTCTTC	3485.0	3576.3	0.000
TCTTCA	3509.0	3512.4	0.000
CAATAT	1723.0	1868.0	0.000
GACAAT	984.0	1103.3	0.000
ACAATG	1578.0	1651.5	0.000
ATGAAC	1325.0	1391.7	0.000
CCACCA	3354.0	4419.0	0.000
ATCAAT	1461.0	1628.7	0.000
TCAATA	1554.0	1602.4	0.000
ACTCAT	1611.0	1669.9	0.000
CTCATC	1731.0	1824.6	0.000
TCATCA	1914.0	2136.9	0.000
ATCATT	2995.0	2987.0	0.000
TCATTA	2558.0	2597.1	0.000
TGGCTA	2116.0	2547.5	0.000
GGCTAT	1154.0	1213.5	0.000
CCTTTC	4157.0	4442.0	0.000
CTTTCA	3676.0	4052.4	0.000
TTTCAC	4074.0	5099.5	0.000
TTCTGA	3910.0	3958.6	0.000
TCTGAG	2661.0	2723.6	0.000
GGTTAC	864.0	984.1	0.000
AGGCAC	1592.0	1750.5	0.000
GGCACC	1118.0	1224.4	0.000
CCGGCC	867.0	1260.9	0.000
GGCCTG	1845.0	2000.3	0.000
CTCCTT	4085.0	4097.8	0.000
CTTCTC	3869.0	3837.9	0.000
TTCTCA	3991.0	4191.1	0.000
CCCATT	2417.0	2766.4	0.000
CCACAC	1664.0	1927.7	0.000
GCCCTT	1769.0	1790.7	0.000
ACCACA	2323.0	2406.9	0.000
TATCTC	2015.0	2296.9	0.000
TATGCT	1705.0	1723.6	0.000
GCTAAT	2247.0	3310.0	0.000
TTATAG	2418.0	2519.0	0.000
AGAAAT	3750.0	3568.1	0.000
AAATTT	7716.0	7273.5	0.000
TTTAGG	2802.0	2895.0	0.000
CCTTCA	2367.0	2402.6	0.000
TCAAAG	2028.0	2156.5	0.000
CCCTCA	1820.0	1882.2	0.000
CCTCAG	5908.0	6201.1	0.000
AATTTC	3983.0	4295.5	0.000
AAGGAC	1083.0	1171.7	0.000
GCAAAT	1912.0	1915.7	0.000
CAAATC	1351.0	1503.0	0.000
AAATCA	2553.0	2586.2	0.000
AGCCAC	2729.0	3128.6	0.000
CCACTT	2315.0	2401.2	0.000
CACTTT	4544.0	4376.9	0.000
TAGTAT	1939.0	1951.9	0.000
TTAATC	2236.0	2232.5	0.000
TATTGC	1877.0	1902.3	0.000
ATTGCC	1529.0	1563.3	0.000
TTGCCA	2389.0	2532.6	0.000
GCCACA	1291.0	1394.1	0.000
CTCATT	3720.0	3794.7	0.000
TTTACA	4097.0	4145.0	0.000
TGGCCA	2433.0	3011.8	0.000
TTATGA	2429.0	2383.5	0.000
ATGAGC	1564.0	1798.6	0.000
ATAGGC	988.0	1054.6	0.000
GCTTTC	2565.0	2754.8	0.000
CTCTAA	1739.0	1902.4	0.000
AAAATG	4614.0	4313.3	0.000
AATGCC	1346.0	1416.7	0.000
ATGCCC	1374.0	1617.8	0.000
AGAGCT	1696.0	1751.3	0.000
GCTGGT	2900.0	3062.0	0.000
TGCTGA	2375.0	2596.8	0.000
CAGCTG	2398.0	2438.4	0.000
GGAGCT	1532.0	1649.6	0.000
CTGACC	1920.0	2231.5	0.000
CCTGAC	1873.0	2443.7	0.000
TCAGCA	1936.0	2098.6	0.000
CCAGTT	2301.0	2669.9	0.000
AGTTCC	1597.0	1658.4	0.000
AGGCCT	1550.0	1783.0	0.000
GGCCCC	1253.0	1336.4	0.000
GCCCCT	1534.0	1593.5	0.000
GTCCAT	971.0	1168.1	0.000
GCCAGT	1430.0	1501.7	0.000
GTTTCC	2967.0	3169.6	0.000
TTTCCA	4869.0	5712.5	0.000
GTCAGG	1761.0	1765.0	0.000
TCTGTG	3683.0	4168.4	0.000
CTGTGC	2127.0	2453.5	0.000
AGTAGA	2067.0	2978.6	0.000
GCTTTA	2335.0	2436.3	0.000
TTTCAG	5067.0	5153.7	0.000
TTCAGC	2480.0	2563.2	0.000
CAGCAT	1888.0	1968.3	0.000
AGCATG	1612.0	1649.5	0.000
CATGAA	1927.0	2038.6	0.000
TCTCTC	6219.0	6531.5	0.000
TTAGCC	2004.0	2013.7	0.000
CCAAGT	2480.0	2427.7	0.000
CTGGGA	5529.0	6560.2	0.000
GGGACT	2059.0	2259.1	0.000
TGGATA	1608.0	2022.1	0.000
GGATAA	1162.0	1287.1	0.000
TAATAT	3290.0	3186.7	0.000
AATATT	5012.0	5205.6	0.000
TTGTAG	3102.0	3029.7	0.000
GTAGAG	2294.0	3091.7	0.000
CTGGTC	2672.0	2662.8	0.000
GAGTTT	4397.0	4411.3	0.000
AGTTTG	3641.0	3560.6	0.000
TGCCTT	4115.0	4069.0	0.000
TTGGCC	2830.0	3226.2	0.000
TGAGTA	2143.0	2466.3	0.000
TCCCAT	2472.0	2558.7	0.000
AGATTT	4631.0	4410.7	0.000
TCTGGT	2385.0	2349.0	0.000
CTGGTA	1346.0	1415.4	0.000
TTCCTT	9180.0	9367.4	0.000
CCTGAG	3144.0	3436.2	0.000
GGTCAG	1666.0	1728.7	0.000
GGACCC	659.0	804.5	0.000
GTGCCC	1272.0	1419.3	0.000
TGTCAG	2126.0	2230.2	0.000
ACAGGT	2495.0	2608.5	0.000
AGGTGT	2442.0	2465.7	0.000
TGAGGA	2145.0	2161.6	0.000
GAGGAG	2117.0	2097.9	0.000
TCCATT	3576.0	3833.5	0.000
CTTCAT	3236.0	3092.8	0.000
TTCATG	3215.0	3137.7	0.000
TCATGT	2639.0	2776.0	0.000
CATGTC	1557.0	1670.5	0.000
ATGTCT	2766.0	3011.4	0.000
TGCCCG	812.0	1072.0	0.000
CCTTTA	2899.0	2926.0	0.000
CTTTAG	2224.0	2446.5	0.000
TTTAGC	2244.0	2442.9	0.000
TGTCCT	2714.0	2960.6	0.000
TGCCTG	3619.0	3792.0	0.000
GCGCGG	535.0	657.9	0.000
CATGAG	1882.0	2006.3	0.000
CCGCGC	561.0	752.9	0.000
GCGCCC	709.0	1180.4	0.000
GCCCGC	734.0	1071.8	0.000
TTTCTA	5693.0	6050.9	0.000
TGATAT	2353.0	2473.7	0.000
GATATG	1134.0	1232.0	0.000
TTGCCT	3800.0	3895.1	0.000
TCCCTT	4111.0	3938.6	0.000
CAGACA	1603.0	1630.0	0.000
AGAGGA	1852.0	1963.9	0.000
AGGAGC	1284.0	1445.7	0.000
GGTATC	857.0	983.3	0.000
GTATCT	1904.0	1895.4	0.000
TATCTG	2179.0	2251.0	0.000
ATCTGG	1716.0	1835.5	0.000
CATGTG	2664.0	2729.3	0.000
ATGTGT	3580.0	3460.9	0.000
GTTGAT	1926.0	2043.4	0.000
TCTCAT	3480.0	3497.7	0.000
CATCTT	3538.0	3396.0	0.000
CTTTCC	4391.0	4734.5	0.000
CTGAGA	2842.0	2842.2	0.000
TTACAT	3565.0	3383.0	0.000
ATCCCT	1796.0	1833.2	0.000
CCATGT	2706.0	3138.4	0.000
CATGTT	3562.0	3842.7	0.000
ATGTTC	1896.0	1988.7	0.000
TCTCCA	3275.0	3295.3	0.000
TTCCCT	4563.0	4595.5	0.000
AGCTTT	4182.0	3956.9	0.000
CCTTTG	3455.0	3728.3	0.000
CTTTGA	3594.0	3441.7	0.000
TTGAAT	3847.0	3697.9	0.000
TGAATG	2304.0	2509.9	0.000
GCATTT	3926.0	4468.7	0.000
CATTTC	4298.0	4501.8	0.000
ATTTCA	4850.0	4955.6	0.000
TTCTAG	2761.0	2935.8	0.000
AGGTAT	1613.0	1665.5	0.000
GAAAAT	3411.0	3474.6	0.000
AAATTC	2943.0	2981.3	0.000
TATTAC	1698.0	1736.2	0.000
CCTTGT	2591.0	2712.9	0.000
TGTGTC	2797.0	3079.3	0.000
GTGTCT	2767.0	3009.7	0.000
TGTCTG	2977.0	3497.4	0.000
CTGTTC	2839.0	2740.2	0.000
TGTTCC	2334.0	2530.8	0.000
GTTCCT	2229.0	2443.0	0.000
TCCTGA	4009.0	4788.9	0.000
TGAGTT	3273.0	3474.7	0.000
TGACTT	3019.0	2950.3	0.000
TTCAGA	3008.0	3108.7	0.000
TCAGAT	2229.0	2432.6	0.000
CAGATG	2141.0	2149.8	0.000
ATCTGC	1897.0	1978.1	0.000
TTGGTC	2139.0	2118.1	0.000
GGGATT	4317.0	5236.7	0.000
GGATTA	3797.0	4662.5	0.000
CCAGTA	1359.0	1491.8	0.000
CCATTG	1941.0	1944.4	0.000
GATATT	2479.0	2734.1	0.000
ATATTC	2410.0	2411.5	0.000
TATTCC	2216.0	2241.9	0.000
TCAGTT	3645.0	3518.1	0.000
TGTCAT	2954.0	2997.5	0.000
TCATAT	2556.0	2628.6	0.000
CATATG	1651.0	1886.4	0.000
ATATGG	1337.0	1476.8	0.000
TAAATT	5264.0	4932.6	0.000
AATTCA	2645.0	2593.4	0.000
TTCATC	2578.0	2743.9	0.000
TGAATT	4100.0	4021.5	0.000
AGTTTC	3982.0	4255.0	0.000
GGATAT	1378.0	1653.2	0.000
TCTCTA	3100.0	3034.4	0.000
CAAAAT	3258.0	3197.6	0.000
TAGCTG	3607.0	4298.6	0.000
GAAAGG	1778.0	1788.8	0.000
CTTGCA	1756.0	1829.2	0.000
GGTACC	582.0	694.7	0.000
CCTATG	1133.0	1247.7	0.000
GAACAT	1597.0	1636.3	0.000
ACATTT	5738.0	5840.1	0.000
TCTGAT	2812.0	2985.1	0.000
CTGATT	2780.0	2928.2	0.000
ATTGAA	2187.0	2338.4	0.000
TTGTCA	2974.0	3321.7	0.000
TGTCAA	1655.0	2010.5	0.000
GTCAAA	1333.0	1430.1	0.000
ATGAAG	2033.0	2167.3	0.000
TGTGAA	2868.0	2803.8	0.000
TATTAG	1875.0	2114.6	0.000
TGCACA	1842.0	1924.0	0.000
TCCATG	1742.0	2245.1	0.000
GAGTAG	2140.0	2918.4	0.000
CTAATT	3906.0	4839.6	0.000
GCACCT	1392.0	1426.7	0.000
CAGGAA	2205.0	2210.0	0.000
AATCCA	1658.0	1777.9	0.000
ATCCAC	1412.0	1595.1	0.000
CAAAGG	1692.0	1722.4	0.000
GCAAAG	1293.0	1533.0	0.000
CAAAGA	1893.0	2161.3	0.000
TGGTGA	2424.0	2435.7	0.000
TCCAGA	2070.0	2128.5	0.000
TTCCAA	2812.0	3098.1	0.000
GAAAAG	2522.0	2482.0	0.000
TTCATA	2919.0	2922.0	0.000
CATTCA	2400.0	2581.3	0.000
ATTCAG	2318.0	2622.8	0.000
ATAATT	4153.0	3956.2	0.000
TTTCTC	7339.0	8708.6	0.000
ATTCAC	1633.0	1701.6	0.000
TTCACA	2781.0	2712.4	0.000
TGTCTA	1790.0	1939.8	0.000
TTGCAT	2916.0	3400.3	0.000
CATTTG	4065.0	4171.4	0.000
GTTTGC	2192.0	2168.6	0.000
TTTGCA	3917.0	4343.9	0.000
GGATTT	3532.0	3355.7	0.000
TGAGCA	1877.0	2067.7	0.000
GAGCAT	1233.0	1486.8	0.000
AGCATT	2735.0	2709.1	0.000
TTAGAT	2269.0	2428.6	0.000
TAGATT	2468.0	2778.2	0.000
ATCAAA	1593.0	1862.8	0.000
AGGCAT	2398.0	2693.9	0.000
CTTTGC	3069.0	3370.6	0.000
TGAAAA	3994.0	3792.7	0.000
AAATAT	5088.0	4946.1	0.000
ATATTG	2487.0	2549.4	0.000
TCAAAT	3025.0	2923.8	0.000
CAAATA	2670.0	2677.2	0.000
TATATG	2417.0	2367.9	0.000
ATATGT	3035.0	2954.7	0.000
GAATTT	4402.0	4508.7	0.000
AATATC	1726.0	1889.2	0.000
ATATCA	1698.0	1708.7	0.000
ATTAGA	1797.0	1813.7	0.000
TATGTC	1496.0	1831.5	0.000
TCATGA	1903.0	2091.1	0.000
AGAAGC	1651.0	1751.1	0.000
GAAGTT	2311.0	2305.1	0.000
GCATCT	1598.0	1669.3	0.000
GATAAA	1802.0	1803.9	0.000
GATGCA	1182.0	1256.3	0.000
CTGTGA	2559.0	2635.4	0.000
TGAGAA	2636.0	2886.4	0.000
TGAAGA	2480.0	2450.9	0.000
GAAGAG	1943.0	1957.6	0.000
CAAATT	3083.0	3009.1	0.000
GGTTTC	3183.0	3802.6	0.000
CCTCAT	2046.0	2242.4	0.000
TATCCA	1522.0	1581.0	0.000
TCCACA	1660.0	1741.8	0.000
AATTGC	1699.0	1740.0	0.000
CACAGA	1826.0	1918.5	0.000
TGTCCA	1954.0	1992.6	0.000
TTTCAA	4836.0	5044.4	0.000
ATAAAT	4102.0	3990.2	0.000
ATGTTG	3680.0	3832.7	0.000
CTCTAT	2129.0	2131.9	0.000
AAGTCC	1244.0	1343.1	0.000
GTCCTT	2104.0	2420.3	0.000
CTTCCT	5920.0	6113.8	0.000
TCATTC	3016.0	3256.8	0.000
TTTGCC	3593.0	3741.6	0.000
CGCACC	473.0	562.2	0.000
ACCCGC	480.0	580.0	0.000
GATTAC	3314.0	4179.7	0.000
ATTACA	4375.0	5345.0	0.000
TTACAG	4484.0	5439.6	0.000
TACAGG	3792.0	5283.0	0.000
AGGCGT	918.0	1224.8	0.000
TGATGT	2781.0	2853.4	0.000
CTTTGG	3905.0	3747.0	0.000
GGTAAT	1317.0	1363.5	0.000
CCACAT	1774.0	1811.7	0.000
CCCGCA	288.0	419.3	0.000
GTCTTC	2412.0	2353.4	0.000
TCACAT	2109.0	2306.8	0.000
CACATT	2647.0	2671.2	0.000
TCCCGA	985.0	1284.6	0.000
GATCCA	1406.0	1563.2	0.000
ACCACG	712.0	1194.3	0.000
CCTATT	1902.0	1947.4	0.000
ACTTTC	2761.0	3011.4	0.000
CACCAT	3089.0	3531.1	0.000
GTTAGC	1110.0	1178.7	0.000
TGTGGA	2070.0	2175.8	0.000
GTTTAG	1834.0	1841.1	0.000
TTCAAT	2429.0	2779.0	0.000
TCACCA	2586.0	2794.4	0.000
ACCATG	2315.0	2978.9	0.000
AGCACC	971.0	1227.1	0.000
CACATC	1403.0	1438.8	0.000
CAATTT	3793.0	4344.2	0.000
TCCTTG	2818.0	3019.8	0.000
TCCTAT	1788.0	1802.1	0.000
CTATTA	1685.0	1813.8	0.000
TTAGTA	2616.0	3587.9	0.000
AGATAT	1855.0	2000.8	0.000
TTGCTG	3661.0	3844.6	0.000
TCAGAG	2045.0	2189.0	0.000
TATCAT	2165.0	2182.1	0.000
CATAGA	1157.0	1333.2	0.000
TCAATT	2403.0	2943.5	0.000
GCTGAT	1383.0	1560.1	0.000
GATGTT	2331.0	2393.4	0.000
GATTTG	2721.0	2810.5	0.000
TGTGTG	7280.0	7505.3	0.000
GTGTGT	6469.0	6634.4	0.000
TTGCTA	2311.0	2361.7	0.000
GTAGTT	2262.0	2351.3	0.000
CTAGTT	1965.0	2027.4	0.000
GGAATT	2325.0	2388.1	0.000
GCAGAA	1820.0	2085.4	0.000
TGATGG	2030.0	2390.4	0.000
GATGGT	1724.0	2067.9	0.000
CCAATT	1699.0	1930.3	0.000
GTAGCT	3214.0	3870.2	0.000
GGACTA	1513.0	1683.6	0.000
AGAGAT	2853.0	3080.7	0.000
CAGAAG	2135.0	2270.4	0.000
CGTTTC	625.0	825.1	0.000
AGGACC	732.0	816.8	0.000
GCGCGC	474.0	622.9	0.000
CTATAT	1962.0	1961.1	0.000
GTCAAT	914.0	1264.7	0.000
TATGAA	2351.0	2342.5	0.000
CAATGT	1744.0	1788.4	0.000
CCATAT	1472.0	1611.6	0.000
CATATT	3046.0	3000.5	0.000
TGCATA	1768.0	1982.6	0.000
AATTTG	4315.0	4102.2	0.000
ATTTGG	3622.0	3437.4	0.000
TATAAT	3218.0	3111.9	0.000
ATAGTT	2587.0	2693.4	0.000
GGAACT	1321.0	1422.9	0.000
GAGTTA	1264.0	1406.0	0.000
GTCATT	2404.0	2523.7	0.000
ATGCCT	2534.0	2633.6	0.000
CATTGA	1886.0	1880.3	0.000
GTAGGT	1280.0	1359.4	0.000
TATGGC	1075.0	1175.2	0.000
TTATCA	2670.0	2688.5	0.000
TTGATG	2426.0	2734.2	0.000
CAGTTT	4810.0	4965.9	0.000
GAACTG	1379.0	1425.3	0.000
ATGGTA	1615.0	1735.7	0.000
TTAGCA	1934.0	1929.2	0.000
TATCAG	1720.0	1746.6	0.000
AGGACA	1430.0	1467.7	0.000
GTGAAT	1748.0	1925.5	0.000
CTGATG	1948.0	2232.5	0.000
GTCCCT	1558.0	1587.4	0.000
AGGTCC	832.0	923.7	0.000
GGTCTA	903.0	1036.8	0.000
TCCAAA	2451.0	2500.9	0.000
CCGCAC	331.0	467.2	0.000
GTCTAT	1297.0	1617.4	0.000
GATGAG	1613.0	1700.7	0.000
CATTAT	2625.0	2715.5	0.000
TCTAAA	2563.0	2580.5	0.000
ATATGC	1195.0	1355.4	0.000
TATGCA	1418.0	1547.3	0.000
GGCATT	1724.0	1883.7	0.000
AGAGTT	2611.0	2716.7	0.000
AGGGAA	2093.0	2073.7	0.000
CATAAA	2040.0	2113.1	0.000
GAATGA	1754.0	1806.3	0.000
ATCAGG	1140.0	1293.4	0.000
TGTAGG	1494.0	1529.5	0.000
CAGAGA	2203.0	2461.0	0.000
AGGCGC	630.0	956.4	0.000
CCTTGC	1759.0	1911.4	0.000
GCTTCT	2629.0	2556.8	0.000
TAGTAG	1894.0	2814.2	0.000
CCATTT	4791.0	5255.1	0.000
TCTATG	1516.0	1694.5	0.000
CTATGC	881.0	972.7	0.000
AATGTC	2062.0	2175.8	0.000
ATGTCC	1222.0	1589.9	0.000
ATTTGC	3103.0	3379.5	0.000
AGAAGT	2188.0	2256.3	0.000
TTACAA	2292.0	2414.1	0.000
CATCAG	1513.0	1541.3	0.000
CAGAAA	2930.0	2921.4	0.000
TGGTCA	1761.0	1780.9	0.000
GAGAAG	2062.0	2205.9	0.000
GAGAAA	2746.0	2799.8	0.000
TGCATT	3622.0	3687.8	0.000
TTCCAT	3779.0	4103.1	0.000
CCAAAT	2208.0	2202.9	0.000
CATTGT	2889.0	2907.2	0.000
ATTGTG	2578.0	2686.1	0.000
TGATGA	2237.0	2248.1	0.000
TACATT	3572.0	3485.2	0.000
GGTATT	1763.0	1987.8	0.000
AATGAG	1958.0	1970.1	0.000
GATATA	1292.0	1407.7	0.000
TATAAG	1503.0	1587.9	0.000
TTCCTA	2690.0	2845.5	0.000
CGAGTA	587.0	936.6	0.000
TCCAAT	1459.0	1766.3	0.000
TAGGTC	892.0	994.8	0.000
GTCTAA	962.0	1095.7	0.000
ATGAGT	1600.0	1792.5	0.000
ATATCC	1189.0	1355.3	0.000
GCATAG	785.0	981.0	0.000
CGGACC	146.0	225.4	0.000
ATCCAA	1360.0	1410.5	0.000
ATATCT	2466.0	2581.1	0.000
CGTCAA	141.0	220.0	0.000
