OligoSequence	Target Occurences	Background Occurences	Enrichment(ln p, up to 2 mismatches)
AGTAGC	2285.0	13825.1	-337.393
GTAGCT	2339.0	14295.1	-334.246
TAGCTG	2373.0	15232.3	-293.284
AGCCTC	3055.0	21079.4	-282.324
TTTTGA	2740.0	19551.1	-230.682
TGCGAC	57.0	475.5	-229.347
TTTGAG	2422.0	17093.1	-218.371
TTTTTT	28953.0	204592.1	-216.189
ACTACA	1239.0	7407.0	-206.689
CCACCA	2432.0	17496.9	-203.661
GCCTCC	4053.0	31967.0	-200.326
CTACAG	1231.0	7493.7	-196.146
GTGCAG	1992.0	13934.0	-192.505
CTGGGA	3055.0	23296.9	-191.865
TACAGG	2633.0	19612.9	-189.098
GCTGGG	3136.0	24139.0	-187.581
GAGTAG	1486.0	9738.1	-186.571
TCAGCC	2560.0	19079.5	-184.703
AGCTGG	2406.0	17730.2	-184.385
CGTAGC	37.0	443.1	-182.458
CAGCCT	3291.0	25740.3	-180.875
TGAGAC	1620.0	10967.0	-180.768
GCAGTG	2155.0	15707.2	-176.314
GAGTAC	240.0	2087.3	-172.145
GACTAC	996.0	5961.9	-169.532
AGTCGC	74.0	529.6	-164.821
TCAAGC	1465.0	9996.5	-161.477
TGCAGT	2152.0	16042.8	-160.645
GAGTGC	1933.0	14116.6	-160.158
AGCGTC	42.0	623.3	-159.798
GGAGTA	290.0	2803.3	-158.317
TTGAGA	2010.0	15014.8	-151.089
GGATTA	1990.0	15042.3	-142.421
ACAGGC	2073.0	15813.9	-141.675
AGTGCA	1991.0	15090.1	-141.012
GGAGTG	2014.0	15318.4	-140.393
CACCAC	1965.0	14895.0	-139.400
TTTTTG	4785.0	41140.8	-139.394
GGACTA	992.0	6369.4	-138.951
GCCACC	1972.0	15002.5	-137.593
CGAGTA	678.0	3877.0	-135.789
CATGCC	1344.0	9491.0	-133.378
CCTCCT	2235.0	17617.5	-130.094
TGCCAC	1224.0	8510.2	-129.603
CGATTA	77.0	403.7	-128.951
CTTTTT	3228.0	26945.9	-128.281
TGGAGT	2485.0	20013.7	-127.424
TCCTGG	1717.0	12946.6	-127.211
TGGGAC	1203.0	8442.5	-123.743
GGGATT	2045.0	16120.5	-121.045
CTCCTG	3715.0	31860.9	-120.879
AAGTAG	866.0	5635.3	-117.784
TTCGAG	81.0	1133.9	-117.696
CTCAGC	2774.0	23067.2	-117.521
CGACTA	37.0	382.5	-115.578
GGTGCA	748.0	4726.2	-112.238
GGGACT	1117.0	7906.5	-112.088
GGTTCA	1616.0	12420.1	-111.541
TGGGAT	2092.0	16842.3	-111.527
GCCGCC	116.0	1758.6	-111.411
GCCCAG	2200.0	17970.4	-107.715
AGGCTC	498.0	4403.1	-106.952
GGCTCA	2017.0	16294.1	-106.420
CAAGCA	928.0	6368.9	-105.964
GTGCAA	553.0	5752.2	-105.460
GAGTCT	1423.0	10881.1	-102.453
TACCGG	35.0	470.2	-101.903
ACTGCA	2098.0	17209.7	-101.550
GGATCA	190.0	2880.7	-99.851
CGAGTG	68.0	872.4	-99.494
CCGAGT	663.0	4459.0	-97.546
GCGCAG	157.0	1272.3	-97.480
GTGTAG	182.0	2299.1	-96.484
TAGCGG	31.0	422.3	-96.041
TCGAGT	113.0	739.3	-95.928
GTTCAA	1384.0	10705.3	-95.191
GGCATG	1183.0	8859.7	-95.064
CAAGTA	802.0	5472.0	-94.473
GTTTTT	2305.0	19453.1	-93.609
AGTATC	215.0	1578.0	-93.378
ATTACA	1914.0	15739.4	-93.230
CGGAGT	510.0	3806.8	-93.158
CGACCA	58.0	494.8	-91.355
ACAGGT	1050.0	7745.5	-90.986
CTAGCT	252.0	2548.3	-90.862
CCGCCT	807.0	8736.6	-90.393
GGCGCA	322.0	2029.6	-90.352
TACCAC	254.0	2535.4	-90.025
GTCTTG	1272.0	9796.4	-89.995
TACAGT	395.0	3434.0	-88.809
TAACTG	290.0	2524.7	-88.649
TTACAG	1966.0	16386.1	-88.639
GATTAC	1731.0	14149.0	-88.389
GCCTAC	122.0	1677.6	-88.347
CAGTGG	1858.0	15361.9	-88.199
GTAACT	218.0	2031.6	-86.497
AGACTC	201.0	3014.5	-86.220
CCCGAG	682.0	4583.5	-85.950
GGCGTG	602.0	6414.4	-85.925
CCCGGG	607.0	5283.2	-84.588
AGGCAT	1024.0	7659.7	-84.231
GATTAT	449.0	3423.8	-83.968
GCGTCC	72.0	926.9	-83.378
CCATGC	992.0	7403.9	-82.699
CCTCAG	2517.0	21980.4	-81.988
AGTAAC	161.0	1730.5	-80.528
GAGACA	1319.0	10483.4	-80.420
TTCAAG	1520.0	12387.0	-80.301
GTGCCG	49.0	916.4	-80.183
TGAGTA	867.0	6339.6	-79.341
GGGTTC	1168.0	9128.9	-78.525
GCGTGC	193.0	1598.9	-78.508
ACTACG	75.0	582.5	-78.503
ATGCCC	700.0	4874.1	-78.158
CGTGCC	323.0	2755.4	-78.021
AGTCTC	1244.0	10143.9	-77.674
CTCCCG	1189.0	9347.3	-77.483
CGCCAC	549.0	4353.9	-77.020
CAAGCG	588.0	4626.6	-76.635
CGCCTC	696.0	7323.3	-76.471
CAGGCA	1447.0	11817.8	-76.415
TAGCCG	42.0	750.1	-76.086
CTCACT	2342.0	20549.3	-75.087
GCAGTC	433.0	2898.4	-74.908
GCGATT	537.0	4176.6	-74.894
TCACTG	2048.0	17693.8	-74.383
GTGCCA	812.0	5949.4	-74.226
GACTAG	96.0	1282.3	-74.148
CCTGGC	1602.0	13374.0	-74.005
CAGCGT	120.0	1149.2	-73.578
CCTCCG	561.0	4615.8	-73.282
TTATTT	2590.0	23105.2	-72.637
CAGGCT	2431.0	25226.9	-72.436
GAGTAT	193.0	1596.0	-71.864
CTACCG	40.0	521.6	-71.795
GCTCGG	40.0	1099.1	-71.619
GCTCAA	763.0	5563.9	-71.589
CTGCGA	105.0	833.7	-71.375
ACCACC	867.0	6511.0	-71.369
TGGCAC	575.0	5980.2	-70.493
GAGTCG	46.0	621.9	-70.473
AGACAG	1328.0	10871.5	-70.242
GGGATC	177.0	2528.4	-69.450
CTGAGT	1069.0	8438.3	-69.314
CCTGGG	1630.0	13811.2	-69.298
TGAGTC	283.0	3576.8	-69.050
TTTTTC	2260.0	19998.8	-69.006
GCTGGA	1997.0	17427.1	-68.445
GCCTCA	1953.0	17872.0	-68.244
CCCCCC	433.0	2733.7	-68.098
TCAGAC	179.0	2569.9	-67.964
CAGTCG	73.0	607.9	-67.672
TCTTGG	1073.0	8517.5	-67.622
TCAGGC	534.0	5594.0	-67.603
CATGCG	143.0	1279.1	-66.947
TCATGC	317.0	4135.3	-66.702
GCCCCC	313.0	3552.1	-66.072
GGGCTC	795.0	5971.4	-66.018
GGGTGC	382.0	2988.5	-65.898
CTGGCA	394.0	4478.6	-65.881
CGAGTC	55.0	632.1	-65.620
AGCCGC	67.0	1045.2	-65.586
AACCTC	1107.0	11904.4	-64.934
GCGACC	53.0	583.9	-64.860
AGTGGC	1187.0	11052.8	-64.839
TCCCGA	665.0	4811.7	-64.758
CACTAC	237.0	2389.0	-64.634
CGCAGT	125.0	1068.7	-64.131
TGTAGC	257.0	2657.0	-63.940
TCGCTG	228.0	1478.4	-62.847
CAGACT	316.0	3748.5	-62.646
CCACCG	285.0	3623.8	-62.457
ATACAG	212.0	2420.4	-62.408
TGGAAT	472.0	4775.9	-62.251
CACTGC	2035.0	18078.7	-62.019
ACCACA	947.0	7480.1	-62.018
ATCTTG	868.0	6742.8	-62.009
CACCGC	252.0	3265.2	-61.526
GCCTCG	254.0	3737.0	-61.252
TGTGAC	318.0	3323.9	-60.775
TCTTGC	1039.0	8399.3	-60.509
CTCCGG	140.0	1421.0	-60.277
GCATCC	291.0	2427.7	-60.160
CCTCCC	3371.0	31620.4	-60.127
CTGGAG	2027.0	18085.2	-59.990
AGTGGT	851.0	6633.1	-59.941
CGGATT	44.0	662.5	-59.884
GTAGCC	204.0	2037.9	-59.720
AGGCGC	498.0	3422.7	-59.595
TGAAGT	346.0	4226.6	-59.013
TAGCTC	233.0	2819.4	-58.979
GAATAC	152.0	1363.7	-58.841
CAGTCT	781.0	6014.7	-58.687
ATTACG	60.0	479.0	-58.591
CCGCCA	312.0	3095.3	-58.264
AGTCTT	913.0	7262.9	-58.244
GGAATA	223.0	1979.2	-57.268
GGCTTA	327.0	2568.8	-57.079
GTAGCG	35.0	530.7	-56.818
TATAGG	388.0	2966.0	-56.791
CACACC	920.0	7383.8	-56.225
GAAGTG	274.0	3769.5	-55.937
TGTTTT	2516.0	23197.7	-55.928
TGATTA	204.0	2697.2	-55.916
GAGTGG	276.0	3695.7	-55.839
GGGAGT	233.0	3185.9	-55.765
ATTCTC	1597.0	14001.7	-55.340
TGCGAT	273.0	1686.7	-55.049
GCAACC	940.0	9565.4	-54.912
CGCGTA	3.0	117.1	-54.705
GATTTT	1037.0	8552.9	-54.522
CGGCCT	328.0	5135.1	-54.516
GTAGCA	188.0	1805.7	-54.479
TGCAAC	1065.0	9923.7	-54.433
CTGGGT	1103.0	9253.1	-54.343
AGTGAT	1041.0	8603.4	-53.945
CCGGGT	469.0	4454.6	-53.555
GTACAG	262.0	2873.4	-53.383
CAGGCG	913.0	7398.8	-53.291
TACGGG	60.0	543.4	-52.743
GCGGTG	142.0	1653.4	-52.642
CTTGAG	333.0	4966.1	-52.450
CGTTTT	146.0	2062.3	-52.153
GGCTCC	389.0	3955.0	-52.106
GTCGCT	90.0	742.9	-52.026
ACAGCC	264.0	3236.0	-51.905
CTCGGC	702.0	8913.9	-51.888
TCACGC	252.0	2691.5	-51.831
GACTGC	236.0	2749.1	-51.143
GCAATT	598.0	4491.0	-51.129
ATAGGC	322.0	2513.7	-51.040
CCAGGC	2258.0	24220.9	-51.008
TTTGTT	2492.0	23236.2	-50.798
CCACCT	1361.0	12578.2	-50.692
CTCAAG	990.0	8217.9	-50.594
CCACCC	520.0	6972.2	-50.589
TACACG	18.0	614.7	-50.418
TGCCTC	2334.0	21663.1	-49.982
TTATTG	354.0	4658.3	-49.646
CGCCCG	399.0	4501.6	-49.583
TTAAAG	372.0	3721.9	-49.568
GACTCC	239.0	2905.4	-49.377
AATTCT	805.0	6482.0	-49.203
TTGGGA	487.0	6590.4	-48.915
GAGCCT	254.0	3869.9	-48.875
CAATTC	592.0	4482.6	-48.814
CTCGCT	566.0	4252.2	-48.649
TACAGC	184.0	2371.9	-48.590
TTTTAA	1642.0	14736.5	-48.573
GGCTGG	2581.0	24278.0	-48.416
TTTATT	2394.0	22376.7	-48.396
AGCCAC	978.0	10225.0	-48.303
ACAGTC	287.0	2818.9	-48.240
ACCTGG	638.0	6106.1	-48.190
GCGTAG	35.0	332.8	-47.925
GTGGCA	875.0	7192.8	-47.755
TCAAGT	959.0	8001.4	-47.691
TGGGCT	928.0	7714.1	-47.494
CAACCA	178.0	2203.6	-47.436
CCAAGT	816.0	6636.1	-47.190
CACGCG	47.0	524.2	-47.134
GAGTGT	283.0	3419.4	-47.122
AGTTGC	210.0	2359.2	-46.985
GGCTCG	141.0	1277.3	-46.984
TCCCGG	512.0	4832.2	-46.835
CATCCT	372.0	4607.0	-46.763
CACCTC	1170.0	10108.2	-46.593
AGAGTC	665.0	5225.3	-46.263
TGCCGC	88.0	1161.2	-46.244
TGTGCC	869.0	7188.1	-46.042
CAGTGT	391.0	4899.3	-45.948
AGTCGT	28.0	458.0	-45.919
ACCACG	630.0	4912.2	-45.832
CCCAGG	2482.0	23418.5	-45.818
TACTGG	160.0	2439.7	-45.809
GCAGGG	406.0	4629.9	-45.677
CTACCA	251.0	2642.1	-45.649
CAAGTG	987.0	8342.5	-45.616
CGACAG	39.0	729.7	-45.443
CAGTGC	419.0	4017.4	-45.225
TGACAC	185.0	2459.8	-45.067
GTACCT	183.0	1905.3	-45.027
TCCGCC	706.0	6995.9	-45.022
AGCATC	226.0	2492.9	-44.995
GTTTTG	1158.0	11850.6	-44.943
ACTATA	201.0	1911.5	-44.943
CAGGTG	1348.0	11959.3	-44.656
TTGGAG	601.0	5308.7	-44.236
CCTGAG	1139.0	9930.1	-43.327
ACTAGC	82.0	1109.1	-43.199
TGCAGG	364.0	5428.6	-43.153
CAGAGT	937.0	7951.9	-42.905
TAGATG	187.0	2258.8	-42.800
TACAAG	260.0	2404.5	-42.638
AGTACC	82.0	1512.1	-42.468
TGCCCA	1515.0	13753.2	-42.124
TCAACC	233.0	2638.3	-41.939
GTAGTG	235.0	2519.7	-41.787
ACCGCA	124.0	1597.3	-41.731
GATTCT	1090.0	9850.5	-41.687
AGCGCA	98.0	759.3	-41.676
ACTTTT	1061.0	9210.4	-41.657
CAGCCG	101.0	1381.6	-41.645
TTGTTT	2365.0	22472.5	-41.633
CAACCT	1116.0	11739.0	-41.595
CTCCAG	624.0	7619.3	-41.569
GTGGCT	488.0	6339.7	-41.453
TTTTAT	1888.0	17595.7	-41.227
TAAAGG	171.0	2306.1	-41.057
GCTGTG	618.0	6562.3	-40.978
CTGCAG	858.0	9546.0	-40.920
CTCACG	89.0	1576.2	-40.918
GGGTCA	182.0	2404.3	-40.800
CTGGAA	553.0	5919.1	-40.721
GACAGA	795.0	6633.5	-40.616
ACGACA	26.0	394.1	-40.571
CACGCC	770.0	7047.6	-40.454
CTGCAA	1460.0	13269.0	-40.336
GCGGGG	188.0	1728.6	-40.283
CCAAGC	256.0	3588.4	-40.057
CGCTGG	93.0	1527.0	-39.898
ACCGGC	36.0	686.9	-39.817
TTTCGA	69.0	763.8	-39.574
GCGACT	41.0	500.7	-39.567
CTTGGC	1118.0	9859.3	-39.557
TTTTAG	934.0	15846.4	-39.550
GATCTT	651.0	5277.1	-39.452
ATTTTT	4430.0	44142.8	-39.409
ATTGCA	325.0	3908.0	-39.340
TCCGGG	108.0	1160.8	-39.320
GCATGA	696.0	5712.5	-39.254
GCTCAG	627.0	5493.9	-39.150
CACGAC	40.0	594.2	-39.110
GCTCGC	181.0	1034.8	-39.029
AAGCGA	582.0	4624.2	-39.029
AGCGAT	587.0	4680.8	-38.906
CTTGCT	1018.0	8896.7	-38.735
ATTATA	510.0	3953.2	-38.662
GACTCA	228.0	2823.0	-38.595
ACAAGC	187.0	2227.3	-38.499
CGCCCA	694.0	6514.9	-38.443
AGTCAT	193.0	2639.5	-38.394
TTACGG	66.0	517.7	-38.369
CCTCCA	798.0	8533.5	-38.153
CTTGGA	323.0	3662.9	-38.124
GTGCGA	237.0	1506.1	-38.046
GATTAG	183.0	1633.8	-37.830
TGGAGC	276.0	3969.5	-37.720
TTTAGA	480.0	4758.9	-37.618
CGTGCA	104.0	1240.9	-37.552
AAGTGC	730.0	9076.5	-37.515
GGTGTG	1026.0	9024.8	-37.499
TGGCTC	1083.0	9594.3	-37.490
TTTGAT	438.0	5663.1	-37.404
CTCCCA	2356.0	22650.6	-37.389
CTGGCT	1198.0	11436.4	-37.386
TGGGTT	975.0	8515.4	-37.353
AGCAAT	681.0	5627.5	-37.333
ATTATT	664.0	7215.3	-37.314
CACCCC	290.0	4120.7	-37.310
TGCCCC	384.0	4035.9	-37.053
AGTGTC	301.0	2991.1	-36.706
GCCCGG	616.0	5019.5	-36.513
GCATTA	144.0	1922.2	-36.473
GAGTGA	367.0	3698.0	-36.389
TAGCTA	304.0	2567.6	-36.200
AGAGTA	271.0	2262.9	-36.196
ACACGC	51.0	1048.7	-36.124
GGTACA	124.0	1840.4	-35.719
AGTACA	223.0	2896.2	-35.663
CCGGAG	115.0	1302.1	-35.563
GTGCAC	424.0	3298.2	-35.448
CCCCCG	166.0	1473.6	-35.276
TCTGGG	567.0	6540.1	-35.205
CCGGGC	252.0	2164.1	-35.032
GGGGGG	330.0	2374.6	-34.958
TGAGCC	1063.0	11359.8	-34.939
CAGCCA	409.0	5436.5	-34.832
CTCAGT	533.0	5685.0	-34.731
GGCCCA	447.0	3768.2	-34.679
GCATGC	507.0	4020.7	-34.676
TGGTGC	703.0	5919.5	-34.574
TAGGTG	278.0	2771.7	-34.505
TGTTGC	1090.0	9793.0	-34.376
TCGTGC	122.0	1071.4	-34.056
CATACC	212.0	1780.0	-34.027
GCCGGG	174.0	2285.0	-33.921
GCAAGC	325.0	3871.8	-33.912
AGAGTG	354.0	4605.6	-33.872
GGTGGG	448.0	6169.0	-33.837
TTATGA	252.0	2703.9	-33.640
GTGGGA	315.0	4379.9	-33.633
CGTGGC	87.0	1257.9	-33.621
GGGCTA	253.0	1707.7	-33.612
GATCCT	547.0	4435.2	-33.567
CTGAGA	489.0	6042.2	-33.537
CTGGGG	572.0	6590.0	-33.522
ATGCGC	110.0	1022.5	-33.461
CGCATA	67.0	246.7	-33.420
TTTTGG	1150.0	10442.3	-33.379
TGCAAT	677.0	6481.1	-33.355
ATAGCT	325.0	3104.3	-33.354
CACGCA	92.0	1199.3	-33.341
CCGTAC	71.0	272.6	-33.312
TTGTTG	862.0	8863.8	-33.274
TTAGAG	344.0	3352.5	-33.205
AGTGTA	197.0	2490.0	-33.140
CAGGCC	437.0	5249.2	-33.118
GTGCGG	106.0	1067.0	-33.117
AAGCAA	710.0	6047.0	-33.023
ACTACC	83.0	1316.0	-32.975
GACACC	153.0	1994.5	-32.954
GGCCTC	822.0	10671.1	-32.914
CTGGGC	949.0	9600.1	-32.895
ACCTCC	1349.0	12639.1	-32.891
TTCTTG	588.0	6763.8	-32.830
AGCCTA	127.0	2176.7	-32.747
AACTGG	275.0	2949.3	-32.724
GACCAC	299.0	2431.6	-32.718
GGCATT	277.0	3371.8	-32.659
ATTCTT	749.0	6927.3	-32.604
CCTGCC	2018.0	19442.7	-32.579
TGGCAT	582.0	5227.5	-32.525
GAGTCA	206.0	2728.7	-32.475
GGCACC	409.0	4003.2	-32.455
TAGTGC	188.0	1846.8	-32.360
CTAAAG	197.0	2113.3	-32.208
ACGTAG	45.0	479.8	-32.090
AAGTCT	260.0	3590.3	-32.055
CAGGGA	383.0	4746.8	-31.972
TCCCAA	1507.0	14167.1	-31.896
TTGGCT	971.0	8694.0	-31.854
GTTCGA	40.0	769.2	-31.793
GTGGTG	992.0	8911.1	-31.736
AATACA	222.0	3396.0	-31.732
TTGAGT	390.0	4113.1	-31.690
AGTGCT	858.0	10111.2	-31.544
ACATGC	216.0	3019.4	-31.260
CCCAAG	838.0	7387.0	-31.090
AAGTGA	943.0	8443.2	-31.078
TGGCTG	606.0	7044.7	-31.070
GATTAA	177.0	1710.1	-30.987
TTGCAG	392.0	5451.8	-30.944
CTCGCG	19.0	418.6	-30.775
GTGTGC	575.0	5362.0	-30.771
TGGCGC	311.0	3720.0	-30.722
CCCCAG	546.0	6748.6	-30.597
CCTCGG	233.0	4224.4	-30.567
GCAGCC	682.0	6402.7	-30.442
ATCCTC	670.0	6023.7	-30.413
ACGGGC	103.0	719.3	-30.400
GTCTCA	1170.0	10775.8	-30.391
GCTGGC	299.0	4457.1	-30.313
GACTAT	177.0	1722.8	-30.265
GCGTAC	13.0	233.0	-30.220
CCTAAG	129.0	2358.0	-30.201
ACTGGC	190.0	2818.8	-30.149
TTTTGC	827.0	9375.7	-30.127
CTACTG	168.0	2625.7	-30.125
TCTTTT	2432.0	23942.1	-30.110
AGGGCA	440.0	3503.9	-29.995
GCAATC	566.0	4730.3	-29.950
GACGAC	25.0	335.6	-29.877
GGACCA	325.0	2427.8	-29.871
ACGGCA	30.0	667.4	-29.849
TTGTGA	315.0	4745.1	-29.801
ACTGGG	360.0	4328.5	-29.793
GCGAGT	59.0	612.7	-29.787
TGGGGT	613.0	8136.8	-29.735
GCTTAC	277.0	1993.4	-29.549
CTGGCG	79.0	1326.5	-29.420
GGTGCG	307.0	2276.4	-29.252
AGCGGG	46.0	945.7	-29.218
CTTTTG	858.0	8416.9	-29.165
CGCAGC	68.0	1162.0	-29.137
AATGCA	289.0	3245.0	-29.021
AGCCTT	485.0	5812.6	-28.945
GGCAGT	414.0	3286.4	-28.937
CCGGGG	128.0	1327.1	-28.904
TCGGAT	17.0	416.5	-28.896
ATCTGG	334.0	3440.0	-28.826
CCCCCA	451.0	5145.7	-28.819
GGATTG	180.0	2822.9	-28.764
CCGGGA	103.0	1488.9	-28.726
CACAGG	443.0	4855.4	-28.546
GCCACA	213.0	3566.3	-28.438
CGATTC	466.0	3973.1	-28.418
TCGGCC	240.0	3946.0	-28.335
GTCTCG	653.0	7146.5	-28.268
GTGGAG	517.0	5028.4	-28.189
CTGACT	322.0	4184.3	-28.073
TATATA	526.0	4395.4	-27.993
AGGAGC	223.0	3430.4	-27.857
TACAGA	459.0	3747.1	-27.821
TCAGTC	353.0	3628.7	-27.502
ATTAGC	131.0	2726.7	-27.480
CCTCGC	102.0	1424.0	-27.463
CGGGCT	235.0	1657.5	-27.380
CTTACT	438.0	3556.0	-27.238
CTGCCT	2502.0	24916.5	-27.112
CCTGCG	118.0	1446.5	-27.108
GCACTG	243.0	3584.9	-27.105
CCCACC	954.0	9997.9	-26.938
GGCATA	198.0	1659.0	-26.903
GGAGTC	799.0	7148.6	-26.882
AGTGCC	297.0	3004.8	-26.845
AGCTCG	68.0	828.9	-26.823
GTTCAG	272.0	3214.6	-26.727
TTATTC	275.0	3922.7	-26.673
CTTATT	430.0	4356.5	-26.599
ACGCCC	390.0	3474.2	-26.590
CCCGGC	693.0	6094.8	-26.549
CACAGC	322.0	4835.1	-26.532
CCACGA	58.0	791.5	-26.428
TGGGTC	273.0	3119.6	-26.416
GTCCTG	292.0	4163.8	-26.389
TCTTGA	643.0	7443.7	-26.371
CAGGTA	230.0	3196.3	-26.362
TACTAC	130.0	1202.0	-26.360
CGGTTC	108.0	809.5	-26.313
TGGCGT	166.0	2548.5	-26.286
AGGGTC	477.0	3971.4	-26.233
CACAAC	126.0	2108.6	-26.189
TGAGAT	846.0	8438.5	-25.997
TAGGCT	407.0	3427.2	-25.990
GAGCAG	335.0	4170.3	-25.825
CACCTG	829.0	8769.5	-25.790
AAGTGG	239.0	3404.9	-25.784
CGTGCG	55.0	516.4	-25.780
GCGCAT	114.0	643.5	-25.735
GGGGTG	394.0	4321.3	-25.602
TCTCAC	882.0	8054.8	-25.549
TTGAAA	455.0	4299.1	-25.536
GGTTCG	24.0	594.8	-25.512
CCACGC	587.0	5079.3	-25.511
GCATAC	166.0	1085.3	-25.504
GCTCGA	27.0	647.4	-25.338
GAGACT	362.0	3951.5	-25.327
TGACTA	222.0	1792.5	-25.250
TACCTG	303.0	3039.6	-25.221
GCTCAC	1641.0	16184.9	-25.176
TGGACT	262.0	3299.0	-25.164
CCCCGG	159.0	1499.4	-25.158
TGCAGC	742.0	6646.2	-25.136
ACAGGG	595.0	6617.6	-25.079
AAGCCT	205.0	3414.5	-24.956
TGAAAC	216.0	3496.0	-24.928
CGATGC	29.0	489.1	-24.813
TTGCGA	37.0	497.5	-24.798
ACAAGT	225.0	2261.5	-24.794
AACAGG	191.0	2857.5	-24.753
GGACTG	304.0	3170.4	-24.620
CTCGAG	153.0	1093.8	-24.601
CATGCA	280.0	3879.8	-24.530
GCCTGC	538.0	6531.1	-24.504
GGGTCT	628.0	5524.1	-24.457
GCAGCG	121.0	1199.9	-24.445
TGGTAC	113.0	1900.1	-24.275
GCTTGG	311.0	3828.9	-24.269
GGCTTG	237.0	3860.7	-24.255
AGGCAC	558.0	5540.2	-24.213
ACAGAG	845.0	7738.5	-24.212
CTTAGC	342.0	2717.4	-24.202
GTGTGA	764.0	6916.8	-24.141
ATCAAG	145.0	1876.4	-24.066
GCGATC	448.0	3753.0	-24.059
GTTGCC	912.0	8431.0	-24.047
AATTTT	1998.0	23174.0	-24.032
ATTTTC	712.0	9084.4	-24.032
TTTTCT	2229.0	24307.1	-24.032
TTTCTT	2458.0	26341.9	-24.032
GGAGTT	383.0	6154.3	-24.032
AGTTTT	888.0	10079.4	-24.032
TCCTGT	474.0	6102.4	-24.032
TGGCTT	540.0	6702.5	-24.032
CTGCCA	659.0	6945.2	-24.032
GCCTGG	1165.0	12724.3	-24.032
TAATTT	1596.0	19645.7	-24.032
CTGTTT	749.0	8812.2	-24.032
GCCTTC	431.0	5212.5	-24.032
CTGTGT	733.0	8456.1	-24.032
TTCAGA	319.0	4488.9	-24.032
TGATAT	190.0	2664.1	-24.032
CTTTAT	400.0	5573.5	-24.032
ATTTAT	892.0	10580.1	-24.032
TTACTT	420.0	4801.9	-24.032
CTTGTT	540.0	6561.3	-24.032
TTGTTC	424.0	4573.5	-24.032
TCCCAC	597.0	6184.0	-24.032
CCCAGC	1297.0	13587.8	-24.032
TTTTGT	2930.0	31886.8	-24.032
TTGTAT	716.0	13292.7	-24.032
TGTATT	887.0	14009.0	-24.032
TATTGT	279.0	3552.6	-24.032
ATTGTT	402.0	4343.9	-24.032
TGTTTG	807.0	9902.0	-24.032
GCCCTG	438.0	5507.4	-24.032
GTTCTT	363.0	4869.5	-24.032
CCCCTG	441.0	5101.4	-24.032
CCCTGG	533.0	6321.7	-24.032
TCCTCC	999.0	10081.1	-24.032
GTGCTG	931.0	10935.6	-24.032
TGCTGG	1037.0	12628.6	-24.032
TTTTTA	2827.0	29837.8	-24.032
TTTAAA	927.0	10023.0	-24.032
CTGGTT	415.0	4897.3	-24.032
TGGTTT	710.0	8780.1	-24.032
TATTGC	232.0	2636.4	-24.032
TTGCTG	649.0	6692.3	-24.032
TGCTGT	560.0	6456.5	-24.032
CTGTGA	284.0	5127.7	-24.032
GGGCTG	451.0	5797.6	-24.032
CAAGCT	476.0	5553.2	-24.032
TCTGCC	1141.0	13104.7	-24.032
TCCCAG	987.0	12865.1	-24.032
CATTCT	691.0	7631.1	-24.032
ACCCCC	234.0	2685.0	-24.032
CCCCCT	380.0	3804.8	-24.032
CCCCAC	361.0	5065.5	-24.032
CACCCT	333.0	4512.8	-24.032
CCCTCC	517.0	7779.2	-24.032
TCCAGC	376.0	6264.5	-24.032
CCTGGA	401.0	6055.9	-24.032
CTGGAT	269.0	4368.5	-24.032
TCTTTG	465.0	7653.6	-24.032
TTTGTG	609.0	8230.4	-24.032
TGTGTT	739.0	8342.0	-24.032
GGCTCT	389.0	4383.6	-24.032
TCTGGC	398.0	4826.3	-24.032
CAGTTT	510.0	6727.0	-24.032
GCTTTT	756.0	8707.2	-24.032
TTATAT	355.0	4458.7	-24.032
TATATT	412.0	5258.7	-24.032
ATTACT	201.0	2657.8	-24.032
CTATTT	423.0	6178.9	-24.032
TATTTT	2884.0	30431.4	-24.032
GTCTCC	531.0	5939.4	-24.032
TCTCCC	679.0	8487.2	-24.032
CTCCCT	579.0	9057.1	-24.032
CTTGGT	312.0	4105.7	-24.032
TTGGTT	532.0	6148.9	-24.032
TGGTTC	278.0	3379.0	-24.032
TTAATT	573.0	6908.5	-24.032
TTTGGG	493.0	7706.4	-24.032
CTCTTG	754.0	7965.5	-24.032
CTTGCC	372.0	4658.7	-24.032
GCTGAG	453.0	7247.6	-24.032
ATGTTT	516.0	6364.0	-24.032
TCATTT	727.0	8607.0	-24.032
TTCTTT	2458.0	26235.2	-24.032
TCACCC	607.0	7461.3	-24.032
CCAGCC	686.0	9385.1	-24.032
TTTCAA	419.0	5296.1	-24.032
GGTTTA	216.0	2663.7	-24.032
TTAAAT	452.0	5390.7	-24.032
ATGATT	292.0	3361.6	-24.032
TGTTGT	702.0	7227.7	-24.032
CTTTTA	560.0	6758.5	-24.032
TTTAAG	560.0	5550.8	-24.032
ATATTT	704.0	8056.5	-24.032
TTCTGA	461.0	5688.4	-24.032
TCTGAG	386.0	5280.3	-24.032
TTGGAA	393.0	4042.5	-24.032
CACAGT	325.0	4335.2	-24.032
AGTGTT	407.0	4652.4	-24.032
TTTTCA	833.0	10076.2	-24.032
AGCCTG	480.0	7321.5	-24.032
TATCTT	322.0	4190.3	-24.032
ATCTTT	459.0	6455.6	-24.032
TGTGAT	537.0	6326.2	-24.032
CATGCT	262.0	3916.6	-24.032
CTGATT	388.0	4397.6	-24.032
TGATTT	770.0	8023.7	-24.032
GTCTTA	256.0	2466.9	-24.032
CTGGTG	377.0	4943.9	-24.032
TGGTGT	587.0	6323.5	-24.032
TTAGCT	225.0	3615.1	-24.032
GTTATT	327.0	3955.8	-24.032
GTTTGA	315.0	3854.0	-24.032
TTTGAC	304.0	3474.0	-24.032
TGACTG	209.0	3431.0	-24.032
GTATTT	868.0	14721.8	-24.032
TGTTGG	688.0	9608.0	-24.032
CTCAGG	782.0	8427.3	-24.032
CCCTGC	387.0	6289.5	-24.032
TGCCAT	399.0	5667.3	-24.032
TGGGTG	397.0	5500.1	-24.032
TGCTTT	736.0	9405.9	-24.032
TTTAAT	691.0	8012.8	-24.032
AGCTTG	270.0	3159.0	-24.032
CTCCTC	413.0	7277.8	-24.032
TGACTC	284.0	3082.1	-24.032
ATTTGA	386.0	4215.0	-24.032
TTTGAA	649.0	6097.9	-24.032
CTTCAG	429.0	5505.7	-24.032
TTCAGG	312.0	4856.6	-24.032
TCCACC	819.0	9234.7	-24.032
ATTTTG	865.0	9905.6	-24.032
GCTTCC	380.0	5459.8	-24.032
GTGCCT	539.0	5742.8	-24.032
TTACTG	371.0	4032.0	-24.032
GCTCCC	181.0	3986.7	-24.032
CAGCTT	477.0	6069.0	-24.032
GTTGTT	535.0	6294.0	-24.032
TTGCTT	614.0	8064.7	-24.032
GCCTCT	700.0	7119.0	-24.032
TCAATT	225.0	3014.9	-24.032
TGCGTT	58.0	978.3	-24.032
TTGATT	438.0	5435.8	-24.032
ATGTGT	362.0	4784.7	-24.032
GTGTGG	453.0	5120.7	-24.032
TAGTCT	200.0	2687.2	-24.032
GTCTGG	395.0	4284.7	-24.032
TTCTGG	510.0	6564.9	-24.032
CAGCTG	405.0	6575.6	-24.032
AGCTGC	320.0	4399.0	-24.032
TGAGTT	398.0	4491.4	-24.032
GCCTGA	374.0	4011.8	-24.032
GTTTTA	547.0	6537.6	-24.032
CCTCAC	291.0	4482.6	-24.032
TAGTTT	398.0	6127.9	-24.032
AGGCTT	233.0	4236.8	-24.032
CCTGTG	426.0	6138.8	-24.032
TATTTG	407.0	5737.5	-24.032
CTACCT	267.0	3362.0	-24.032
CCTCAT	304.0	4583.2	-24.032
TATTAT	590.0	5530.9	-24.032
AGTTGT	224.0	3013.1	-24.032
CTGCCG	130.0	1573.9	-24.032
TGTTTA	362.0	5301.7	-24.032
GTTTAT	290.0	4070.7	-24.032
TTTATG	333.0	5068.3	-24.032
TTTATA	430.0	5933.6	-24.032
TTGGAT	285.0	3311.9	-24.032
TGGATT	356.0	4616.2	-24.032
ATTTTA	1021.0	10957.7	-24.032
TTGTTA	333.0	4527.6	-24.032
TATTCT	429.0	4780.0	-24.032
ATTCTA	251.0	2698.0	-24.032
TTCTAA	331.0	3726.8	-24.032
ATTTAA	330.0	4819.2	-24.032
AATTAT	353.0	3693.8	-24.032
CTCATG	298.0	4601.4	-24.032
CCTGCT	507.0	6716.0	-24.032
CCCCGC	178.0	1892.8	-24.032
CCCGCC	535.0	6169.2	-24.032
TGTTAT	275.0	3795.7	-24.032
TCCAGG	506.0	6047.5	-24.032
TACTGT	305.0	3224.1	-24.032
TGTAGT	277.0	3984.5	-24.032
GTTGTG	276.0	2948.9	-24.032
TCCAGT	294.0	4138.9	-24.032
TATTGG	167.0	2837.9	-24.032
GCAGGC	361.0	4145.9	-24.032
ATCCTG	304.0	3925.8	-24.032
TTTTAC	485.0	5890.2	-24.032
ACTATT	199.0	2384.3	-24.032
GGTTCT	232.0	3293.8	-24.032
TTCTTA	441.0	5031.7	-24.032
TATCTG	258.0	3094.4	-24.032
TCTTAT	291.0	3685.3	-24.032
CTGCTG	419.0	7971.6	-24.032
TAGTTG	261.0	2421.7	-24.032
TTTTCG	110.0	1562.9	-24.032
TCATCC	189.0	3206.1	-24.032
TAGCTT	231.0	2954.5	-24.032
TCGTTT	93.0	1307.8	-24.032
GTTGCT	305.0	3860.9	-24.032
TGTGGC	412.0	4676.3	-24.032
GTGACT	193.0	3034.9	-24.032
ACTGCC	223.0	3271.1	-24.032
TTATGT	274.0	3946.3	-24.032
TGTTGA	271.0	4201.5	-24.032
TATTGA	235.0	2933.9	-24.032
TTCGTT	70.0	1202.3	-24.032
CGGACT	44.0	655.7	-23.884
GATACA	233.0	1704.8	-23.879
GTCGTG	35.0	636.6	-23.846
CGCCTG	513.0	5210.4	-23.788
GAGTCC	129.0	2388.5	-23.540
GTGACA	328.0	3104.9	-23.312
GCAGTA	189.0	2092.3	-23.166
TTTGGA	665.0	5944.7	-23.130
AGGTGT	700.0	6308.1	-23.075
TCTCGC	463.0	3931.1	-23.051
CAGGGT	798.0	7313.6	-22.992
AAGTAT	231.0	2261.5	-22.923
GCTGCG	104.0	1320.7	-22.894
GGCACG	261.0	2876.7	-22.865
CTACGG	43.0	396.2	-22.720
AGAGAG	595.0	5260.5	-22.604
TGATAC	198.0	1679.0	-22.581
CCTTTT	1135.0	10818.1	-22.516
AGTGCG	119.0	881.6	-22.252
CGGGGT	222.0	3901.9	-22.245
TAGAGT	271.0	3139.7	-22.221
GGGATA	109.0	1660.6	-22.198
GACGGA	393.0	3265.0	-22.169
GACTAA	164.0	1301.5	-21.934
GCACCA	486.0	4690.7	-21.929
GTCGCA	30.0	410.6	-21.911
TCCTGC	1529.0	15010.2	-21.898
GTCCAG	247.0	3503.1	-21.877
GTAGGT	151.0	1989.0	-21.837
CCACAC	724.0	6601.7	-21.819
GATACC	156.0	1056.2	-21.819
ACTGTA	349.0	3134.6	-21.766
TCTAGC	137.0	1980.2	-21.762
CGGGGA	99.0	1156.8	-21.707
GTGCAT	284.0	3108.0	-21.688
CTCGGA	54.0	838.4	-21.596
ATGAGC	479.0	4141.4	-21.525
GAGTAA	199.0	1865.2	-21.468
AGCTCA	716.0	8239.1	-21.376
TCAGTG	339.0	4740.2	-21.376
CCTGAC	453.0	8614.3	-21.376
TGTGAG	506.0	6485.7	-21.376
CCGGCC	214.0	3053.5	-21.376
ATAGTT	184.0	2891.7	-21.376
CCCAGT	382.0	5040.3	-21.376
CTCACC	376.0	5349.4	-21.376
TGCTCA	457.0	5076.6	-21.376
CTCAGA	285.0	4410.3	-21.376
TGCACT	246.0	4293.5	-21.376
CACTGG	324.0	3936.0	-21.376
ACCCTC	252.0	3257.4	-21.376
GTGGGG	374.0	5132.2	-21.376
CCAGTG	268.0	4384.8	-21.376
GTTCAT	228.0	3212.9	-21.376
GAGGCT	465.0	5850.3	-21.376
AGTGTG	377.0	4507.8	-21.376
TCCTGA	1257.0	14715.7	-21.376
TGCAGA	377.0	4478.6	-21.376
TATGAT	189.0	2312.8	-21.376
CCGGCT	479.0	4381.9	-21.376
CATTAT	280.0	2984.8	-21.376
TGGGCC	344.0	4157.6	-21.376
GTATCT	203.0	2547.1	-21.376
TGTGCA	415.0	5010.7	-21.376
ACTCCT	753.0	9818.6	-21.376
CCGCCC	253.0	3181.4	-21.376
GCCCAC	396.0	4998.5	-21.376
TGAGAG	235.0	4135.4	-21.376
AGCTGT	313.0	4357.3	-21.376
TGCCTA	236.0	3445.2	-21.376
TCACAG	306.0	4640.0	-21.376
GACTGG	251.0	3526.0	-21.376
ACTTCA	250.0	3394.4	-21.376
CCTAGC	223.0	2171.2	-21.376
GTGAGT	291.0	3479.7	-21.376
AGCTTC	345.0	4321.7	-21.376
TGCATC	217.0	3009.7	-21.376
CATCCC	221.0	3254.3	-21.376
CAGGGG	329.0	3908.6	-21.376
CTGAGC	314.0	5111.9	-21.376
GGGCCT	302.0	4090.1	-21.376
CCACAG	462.0	5271.9	-21.376
AGTCTG	354.0	4047.8	-21.376
CACCAG	286.0	4006.8	-21.376
GGCTGA	416.0	5985.3	-21.376
GAGTTG	220.0	2840.0	-21.376
GCTGCA	430.0	5129.4	-21.376
ACTTAT	167.0	2105.2	-21.376
TCCTAC	216.0	2414.4	-21.376
TTGAGC	268.0	3597.5	-21.376
TTGAAG	337.0	3651.9	-21.376
GGTATT	173.0	2650.2	-21.376
TGAGTG	427.0	4145.0	-21.376
GGTGTA	147.0	1819.2	-21.376
ATGCTC	195.0	2411.2	-21.376
TAGCCT	356.0	3366.1	-21.376
GCATTC	227.0	2492.1	-21.376
TGAGGC	390.0	5343.0	-21.376
CTCACA	237.0	4106.9	-21.376
GCTTGA	235.0	3131.4	-21.376
ACTGGT	167.0	2454.7	-21.376
CTCCAA	269.0	3667.6	-21.376
GTAGTT	196.0	2888.5	-21.376
ATTATC	208.0	1990.1	-21.376
GTTGCA	231.0	2815.9	-21.376
TTGATA	215.0	2523.2	-21.376
GTTCTA	176.0	1947.9	-21.376
TCTAGG	215.0	2629.7	-21.376
CCTACT	132.0	2344.2	-21.376
GTGCTC	148.0	2865.4	-21.376
GCACAG	313.0	3844.9	-21.376
CCTCAA	428.0	5799.8	-21.376
TTATAA	289.0	3360.3	-21.376
GTTGAG	176.0	2579.7	-21.376
GACTCT	193.0	3058.6	-21.376
CAGTTG	264.0	3144.2	-21.376
ACTCCA	246.0	4163.0	-21.376
TTTGCG	52.0	876.7	-21.376
CTGCGT	82.0	1322.2	-21.376
GTGTTG	536.0	4712.5	-21.347
GGCGCG	244.0	2749.6	-21.086
GCGCAA	96.0	1215.6	-21.082
TGCGGT	98.0	1065.5	-20.971
CGCTCA	105.0	1188.7	-20.960
ACGGGT	99.0	586.0	-20.724
AGTAGT	242.0	2519.0	-20.686
CTCGTG	135.0	2589.7	-20.568
AGGTGC	563.0	5018.7	-20.535
AATAGC	172.0	2164.5	-20.460
CTAGAG	303.0	2953.6	-20.368
GTCACG	117.0	734.6	-20.360
CGGTGC	76.0	839.9	-20.324
GGGTAC	92.0	1315.7	-20.124
ACCGAG	69.0	762.2	-20.089
CTATAG	197.0	1863.9	-19.903
GGCACA	562.0	5184.1	-19.868
TTGCCC	1029.0	9868.7	-19.716
AGGGAT	247.0	3259.0	-19.708
GGGCGC	123.0	1435.0	-19.674
AGCAGT	420.0	4012.2	-19.616
GAGCGC	82.0	869.8	-19.451
CATGGC	232.0	3607.1	-19.450
AACCAC	226.0	2479.3	-19.443
GCAAGT	203.0	2187.4	-19.429
GATCAC	275.0	3179.0	-19.427
TTAAGA	333.0	3375.6	-19.387
TGCACC	562.0	5052.5	-19.378
TGCCCG	410.0	3519.7	-19.349
TATGAG	188.0	2070.2	-19.297
AGCTAG	284.0	2438.9	-19.257
GCCGTG	94.0	1202.1	-19.246
AGTTCA	332.0	4089.7	-19.224
GCCCAA	196.0	2594.8	-19.177
AAGTAA	231.0	2557.5	-19.137
TGGGAG	362.0	7542.7	-19.125
GTCACC	604.0	6617.6	-19.125
CCAGAG	479.0	5188.6	-19.125
CTTCAA	248.0	3176.8	-19.125
TCCGGC	73.0	913.4	-19.125
AGGTTC	478.0	5478.1	-19.125
AGCCCC	249.0	3977.9	-19.125
CCAGCA	358.0	6084.2	-19.125
GCACCT	326.0	3929.3	-19.125
GCATTG	205.0	2426.7	-19.125
TGGGGC	370.0	4646.3	-19.125
GCAGTT	337.0	3716.5	-19.125
AGGTGG	446.0	5429.6	-19.125
GCTCAT	262.0	3582.1	-19.125
GCATCA	184.0	2223.7	-19.125
AGGAGT	257.0	4445.7	-19.125
GAGTTC	255.0	3622.7	-19.125
CCTACC	251.0	2751.0	-19.125
GCTGGT	681.0	10112.7	-19.125
GACTGA	178.0	2356.4	-19.125
TTGGAC	168.0	2184.9	-19.125
CCAACT	253.0	2770.7	-19.125
GAGCTG	308.0	4863.4	-19.125
AGACTG	343.0	4069.0	-19.125
ACTGGA	298.0	3252.2	-19.125
GCCTTA	263.0	2622.6	-19.125
GCCTAG	232.0	2762.6	-19.125
GTCCCA	175.0	3386.8	-19.125
CAAGCC	238.0	3149.5	-19.125
CAGCAT	342.0	3973.4	-19.125
AGTTGG	297.0	3311.7	-19.125
AAATCT	314.0	3322.1	-19.125
ACAGCT	262.0	4002.6	-19.125
GGAATT	383.0	3638.0	-19.125
GGACTC	158.0	2510.5	-19.125
TATTAA	248.0	3115.9	-19.125
ATGCCT	641.0	6422.7	-19.125
GTATTA	184.0	1986.8	-19.125
GGGATG	214.0	3265.8	-19.125
TTGAGG	395.0	4500.9	-19.125
CTGTAG	311.0	3958.5	-19.125
CTCCTA	399.0	3916.9	-19.125
TCCTAG	264.0	3140.6	-19.125
TCCAAG	216.0	3227.9	-19.125
CTCAAT	210.0	2733.6	-19.125
GATTCC	118.0	2374.1	-19.125
TCCCGC	130.0	1616.0	-19.125
CTGGTA	178.0	2451.6	-19.125
TCATGG	286.0	3441.9	-19.125
GCAGCT	362.0	4699.0	-19.125
CAGTCA	239.0	3077.7	-19.125
CTAACT	168.0	2115.6	-19.125
AGTCAC	232.0	2699.4	-19.125
CTAGGT	161.0	2138.5	-19.125
CACACT	279.0	3721.4	-19.125
CACGCT	104.0	1289.5	-19.125
GGTTGA	162.0	2084.4	-19.125
GTCTAG	129.0	1635.1	-19.125
TCGCCT	95.0	1352.8	-19.125
TGCGTC	42.0	826.9	-19.125
GTCATG	147.0	2340.6	-19.125
TAAGTA	263.0	2093.1	-19.085
GGATTC	222.0	2920.3	-19.020
GAGAGA	538.0	4824.1	-18.970
GTGTCG	113.0	720.6	-18.885
CTGTTG	783.0	7344.9	-18.843
GAATTA	275.0	2604.7	-18.765
ACGGAG	398.0	3424.4	-18.704
CACCTA	292.0	2389.0	-18.549
AGCAGC	323.0	4419.4	-18.475
ACAGTG	416.0	5048.7	-18.419
AGGCTG	2510.0	25808.4	-18.398
TTACCG	34.0	551.5	-18.308
GATCAA	84.0	1409.6	-18.255
GCCACT	686.0	6371.4	-18.223
ATATAT	546.0	4932.9	-18.216
TCACGG	138.0	955.6	-18.087
CGAGCA	60.0	676.9	-17.942
GCGTCA	41.0	618.3	-17.912
ACGCGC	38.0	445.8	-17.804
CGAATA	23.0	438.4	-17.774
CGGGCG	108.0	1029.6	-17.747
GTGAGA	234.0	4017.1	-17.731
AGTCTA	164.0	1756.9	-17.717
TCAAGG	228.0	3124.9	-17.691
GTGATT	694.0	6479.3	-17.651
TAGAGG	314.0	2631.6	-17.598
CAACTA	86.0	1319.9	-17.403
GCGCCT	202.0	2324.3	-17.160
GCCACG	98.0	1441.0	-17.160
GAGATT	300.0	4180.7	-17.160
TGAAGC	244.0	2922.3	-17.160
GGGGTC	314.0	3025.0	-17.160
CGGCTC	561.0	5939.3	-17.160
TGCAAG	406.0	4661.4	-17.160
CTGAAG	399.0	4294.2	-17.160
TGCCAA	170.0	2838.6	-17.160
ACTCAG	281.0	4087.8	-17.160
TATTAC	164.0	2028.1	-17.160
ACACAG	256.0	4238.7	-17.160
CCTAGG	343.0	3529.7	-17.160
ACAGTT	318.0	3345.0	-17.160
CAGTGA	506.0	5642.0	-17.160
GGCCTA	161.0	1999.6	-17.160
GGTGCC	408.0	4332.3	-17.160
TGACAG	280.0	3717.2	-17.160
TAAAGT	320.0	3125.6	-17.160
TTAGCC	290.0	4901.5	-17.160
AGATTC	242.0	2977.2	-17.160
AAGCTG	309.0	4319.1	-17.160
TATAAT	256.0	2931.8	-17.160
CTAAGT	162.0	2308.2	-17.160
GCTGTA	207.0	2586.4	-17.160
AAACTT	293.0	3562.8	-17.160
CGCAGG	58.0	1186.8	-17.160
TGCGCC	273.0	2473.7	-17.160
TTGACA	193.0	2788.9	-17.160
GAATCT	193.0	2775.7	-17.160
GTGATG	296.0	3660.4	-17.160
GGCACT	192.0	2768.1	-17.160
CTTAAG	204.0	2211.1	-17.160
CAAATT	240.0	3403.9	-17.160
TAAGTG	200.0	2683.9	-17.160
ACGTTT	62.0	1099.3	-17.160
GCTACC	199.0	1755.9	-17.160
ACCGCC	72.0	936.1	-17.160
CTCGGT	87.0	1129.2	-17.160
CCGACT	47.0	816.4	-17.160
CCACAA	175.0	2976.6	-17.019
ACACGT	45.0	839.0	-16.886
GGCTAA	838.0	8926.8	-16.835
ACACCA	398.0	3488.3	-16.834
CTCAAC	244.0	2963.4	-16.834
GCCGAG	101.0	1960.3	-16.750
GCAATG	281.0	4546.9	-16.683
AGGGTG	422.0	3742.0	-16.675
TCTTGT	731.0	6916.2	-16.617
GCGACA	45.0	630.0	-16.475
AGGCGT	492.0	4502.5	-16.418
CGGGTG	135.0	1362.9	-16.315
GCCCCG	135.0	1525.6	-16.198
TGGAAC	281.0	2810.3	-16.141
CACCAT	1284.0	12808.0	-16.092
CACGTG	178.0	2028.3	-16.087
GGAGCT	221.0	3731.0	-16.053
ATCACG	154.0	1140.6	-16.050
TGATTC	616.0	5754.9	-15.966
ACGCCT	316.0	2706.1	-15.848
GAGGCA	335.0	5412.4	-15.839
ATTATG	292.0	2470.8	-15.757
TATAGA	236.0	1922.9	-15.657
CTACAA	207.0	2316.1	-15.650
ATCATG	382.0	3378.6	-15.423
ACACCT	439.0	4419.8	-15.417
GTGAAG	202.0	2856.5	-15.417
GCCATC	305.0	3718.8	-15.417
AGGCCC	244.0	3419.7	-15.417
AGCTGA	355.0	4495.8	-15.417
AAATGT	352.0	4492.7	-15.417
CTGGAC	248.0	3275.7	-15.417
GGGTCC	229.0	2321.1	-15.417
GCGCCC	296.0	3526.5	-15.417
ATGCAT	142.0	2703.1	-15.417
ATTGAG	135.0	2580.1	-15.417
AGAGAT	434.0	7418.9	-15.417
CCGTGC	117.0	1680.2	-15.417
GGGTTA	151.0	1724.8	-15.417
TGCCGT	88.0	986.8	-15.417
CACCCG	311.0	3203.2	-15.417
GTTGAA	145.0	2510.6	-15.417
GCCTAA	87.0	1825.3	-15.417
CAGACA	329.0	3565.4	-15.417
ACTACT	118.0	1786.1	-15.417
GCAGAC	170.0	1984.9	-15.417
TTACAA	280.0	3106.9	-15.417
AACTGC	126.0	2597.3	-15.417
GCTTAA	156.0	1891.6	-15.417
GTGCTA	158.0	2301.9	-15.417
CCGCAG	52.0	1259.3	-15.417
ACCTCG	140.0	3087.5	-15.417
CTCGCA	53.0	708.8	-15.417
TCGGTT	79.0	819.8	-15.417
GCGTCT	66.0	923.9	-15.417
GGAGCG	64.0	1117.7	-15.332
GAACTA	145.0	1656.2	-15.298
TACATG	113.0	2616.2	-15.287
CGAGCG	36.0	337.7	-15.231
TAGGCA	316.0	2728.1	-15.176
GGTCCA	158.0	1855.1	-15.012
GAATGC	199.0	2558.8	-14.953
CCTTAG	324.0	2810.5	-14.923
CCCACG	50.0	1366.5	-14.884
TTAAGC	190.0	2168.5	-14.768
GATCAT	273.0	2614.5	-14.747
GGTAGC	188.0	1761.0	-14.650
GGAATG	262.0	3344.7	-14.555
GGGACA	263.0	2754.2	-14.551
ACACCC	465.0	4265.5	-14.511
CGCACC	86.0	1567.0	-14.509
CAATGC	120.0	1859.1	-14.358
GCGCAC	129.0	982.5	-14.274
ACGCAT	42.0	469.5	-14.268
TCGCCC	443.0	4044.9	-14.257
CTAAGC	119.0	1647.9	-14.243
TAAAAT	541.0	5063.2	-14.223
GACAGG	684.0	6551.3	-14.216
CAATCT	611.0	5795.9	-14.204
TAGGCG	115.0	886.9	-14.199
CCACTA	242.0	2434.0	-14.152
CGCGCG	94.0	632.0	-14.128
CCAGGG	549.0	5150.3	-14.046
GTACTA	106.0	955.0	-13.939
GGGAAT	179.0	2566.5	-13.930
AGAGGC	376.0	4041.8	-13.854
GGGGCA	196.0	3153.2	-13.854
GGGCCA	206.0	3242.6	-13.854
ATTAAA	275.0	3465.0	-13.854
AGTGGA	265.0	3472.3	-13.854
CCCTAG	191.0	2287.7	-13.854
TGTCGC	377.0	3834.2	-13.854
TTAGAC	124.0	1804.7	-13.854
GCCAAC	123.0	2138.5	-13.854
AGGCAG	549.0	7262.7	-13.854
TCAATC	137.0	1943.4	-13.854
ATCACT	208.0	3254.7	-13.854
ATCACA	317.0	3553.4	-13.854
GGTCTA	92.0	1444.7	-13.854
AGCCAT	287.0	3811.5	-13.854
AGGCTA	275.0	3273.1	-13.854
GATTGC	206.0	2765.8	-13.854
GCTACA	152.0	1750.4	-13.854
CTCCGA	100.0	920.6	-13.854
CCCGGT	106.0	995.4	-13.854
GGCTAC	116.0	1612.6	-13.854
CTCCGC	566.0	5343.4	-13.840
TAGAGA	680.0	12666.0	-13.819
AGCTAA	596.0	5658.9	-13.737
GTTGCG	82.0	532.8	-13.732
GCGCCA	264.0	2290.8	-13.718
CTAGGA	271.0	3316.1	-13.715
TTATAG	425.0	3883.4	-13.624
ACAGAT	356.0	3187.5	-13.612
GGGTCG	79.0	509.5	-13.526
CTAGGC	341.0	3030.0	-13.521
ACTGCG	119.0	1576.6	-13.500
CACTGT	706.0	6827.9	-13.491
TGACGC	86.0	572.8	-13.450
TTCTCC	1655.0	17039.5	-13.362
GTTCAC	440.0	4051.5	-13.313
CGGGAC	51.0	698.7	-13.237
AGACTA	186.0	1719.5	-13.208
AATACT	249.0	2125.2	-13.198
ACCATG	1089.0	10946.6	-13.062
GTGCCC	496.0	4643.2	-13.059
CCCGCG	42.0	606.5	-13.019
AGTGAA	244.0	3282.0	-13.001
TTGCTC	823.0	8108.4	-12.943
GATAAC	74.0	1032.7	-12.912
CGCGAG	36.0	357.0	-12.912
CGCGCA	25.0	499.3	-12.818
CATTTT	1172.0	11859.8	-12.777
AATCTT	470.0	4389.7	-12.736
TGGAGA	583.0	5574.4	-12.706
AGCGGT	65.0	709.9	-12.698
TCCCCC	450.0	4191.9	-12.675
ATAGGT	232.0	1967.9	-12.657
ACCTCA	974.0	9745.8	-12.502
TCGCGC	21.0	511.4	-12.495
AGATTA	256.0	2780.5	-12.444
GGCGGG	245.0	2428.5	-12.444
TCAAAT	283.0	3391.1	-12.444
AGGTAT	199.0	2229.2	-12.444
AGTAAT	204.0	2416.4	-12.444
CACGGC	109.0	1216.5	-12.444
GTGGCG	374.0	4416.6	-12.444
AGGGGC	211.0	3252.3	-12.444
ACCGGG	65.0	731.4	-12.444
GCCGCA	49.0	832.9	-12.444
CAAGTC	179.0	2178.4	-12.444
ATCTAG	135.0	1510.0	-12.444
GGGCAC	232.0	2628.7	-12.444
TATGCC	177.0	1920.5	-12.444
TCTAAC	108.0	1780.2	-12.444
CGCCTA	76.0	738.7	-12.444
GTCCCG	39.0	756.0	-12.444
CCGCCG	55.0	834.1	-12.444
TCGTGG	57.0	979.3	-12.326
TGTGTG	1596.0	16509.2	-12.279
ATGATC	440.0	4098.3	-12.278
GTGTGT	1427.0	14667.7	-12.250
GCATGT	425.0	3950.7	-12.110
GAAGCT	311.0	3223.5	-12.069
ATGCAA	117.0	2286.7	-11.977
ATGTAA	263.0	2302.6	-11.950
CGGGCA	79.0	1181.6	-11.875
CGTACT	50.0	287.1	-11.728
AGCCGG	83.0	1420.5	-11.460
GGGACC	288.0	2710.1	-11.427
CGCAAT	81.0	1169.3	-11.405
ACCCGG	199.0	2067.8	-11.384
AGTACT	218.0	1873.6	-11.362
GTACAA	104.0	1715.1	-11.185
TGAATA	223.0	2929.5	-11.166
ATGAGA	257.0	2998.8	-11.166
CATCAG	182.0	3001.7	-11.166
GCTAGG	265.0	2845.4	-11.166
TAGCAG	189.0	2545.6	-11.166
ACCACT	285.0	3406.9	-11.166
TGAGAA	286.0	4530.4	-11.166
AACTAT	125.0	1630.9	-11.166
AGAGAC	506.0	9219.8	-11.166
TAGGAT	206.0	2863.7	-11.166
CACTAT	242.0	2847.4	-11.166
TCAAAC	335.0	4482.2	-11.166
TGGGAA	389.0	4660.7	-11.166
TGTGCG	78.0	1373.9	-11.166
GGATCT	307.0	2778.2	-11.138
GTTGGA	338.0	3103.2	-11.127
CACGTA	50.0	556.6	-11.110
ATGCGA	30.0	380.7	-11.109
TACTAT	222.0	1924.3	-11.086
GTACCA	148.0	1839.0	-11.041
ATCATA	248.0	2187.5	-11.016
CGAACC	57.0	354.2	-11.004
TATAAC	146.0	1176.1	-11.001
CGGGTA	36.0	527.7	-10.990
ACGGTT	78.0	539.4	-10.977
GCGAAC	46.0	263.8	-10.967
AAGTGT	424.0	3993.3	-10.953
CAGTAG	316.0	3207.7	-10.925
GAGCGA	72.0	952.8	-10.781
GCAACT	257.0	2280.9	-10.778
TGTAAC	231.0	2018.5	-10.748
GGGTAG	170.0	1846.3	-10.607
GAGCCA	993.0	10109.6	-10.561
CGCGCC	161.0	2099.3	-10.540
TACGCC	62.0	602.4	-10.525
ACGCGT	13.0	213.9	-10.516
GCGTTC	47.0	692.6	-10.497
ATGCAG	386.0	3626.5	-10.472
TTCAAA	468.0	4481.1	-10.448
CTAAAT	265.0	2381.0	-10.339
GCACTA	112.0	1328.3	-10.233
GTAGAT	142.0	2123.9	-10.180
AAATTT	724.0	7231.1	-10.122
GCACAA	330.0	3063.7	-10.026
CGGCTA	336.0	3321.9	-10.025
TTCGAA	70.0	483.0	-10.023
GACACA	219.0	2910.0	-10.004
GAAGTA	153.0	1709.8	-10.004
GTCGCC	322.0	3732.4	-10.004
ACAACC	137.0	2007.3	-10.004
ACCAAG	192.0	2477.7	-10.004
TCACGT	85.0	1033.0	-10.004
CGGGAT	96.0	1007.1	-10.004
ATACTC	135.0	1394.6	-10.004
CAATTA	159.0	1980.3	-10.004
ACAGAC	256.0	2887.7	-10.004
AGACAT	278.0	2808.5	-10.004
ACTGAA	212.0	2930.3	-10.004
CGTCCC	74.0	946.4	-10.004
CGCCGC	61.0	964.2	-10.004
ACCCAG	980.0	10011.9	-9.900
ACTGTT	381.0	3600.9	-9.863
GTAGGC	158.0	1326.8	-9.861
CCGGCG	48.0	558.2	-9.699
GGTTGG	381.0	3611.4	-9.649
CGTACC	54.0	348.1	-9.555
GGCGTA	57.0	428.4	-9.521
GCGATA	26.0	309.5	-9.508
AACGTA	54.0	349.3	-9.484
TAAGCC	182.0	2086.6	-9.470
GTATAT	265.0	2417.1	-9.420
GATTCA	314.0	2928.4	-9.389
GTATCG	40.0	233.0	-9.374
GCCGTA	48.0	299.3	-9.368
TACTTT	606.0	6021.3	-9.303
GTGTCA	321.0	2997.5	-9.298
GGTGGA	427.0	4112.7	-9.282
CGATCA	67.0	469.4	-9.244
ACCTAG	216.0	1926.0	-9.238
CGCAAG	36.0	498.3	-9.188
GATCGT	39.0	501.0	-9.167
TCAGCG	29.0	841.6	-9.079
CAGCTA	700.0	7055.9	-9.045
ACGTAA	57.0	382.4	-9.032
CAATTT	483.0	4722.5	-8.991
AACTAC	152.0	1582.4	-8.986
AGTGAC	299.0	2783.2	-8.962
GATGCC	149.0	2293.3	-8.946
CCCCGA	70.0	926.0	-8.946
CGTGGG	85.0	1371.6	-8.946
ATGACA	164.0	2461.7	-8.946
CACCAA	176.0	2769.4	-8.946
TCAAGA	200.0	3207.6	-8.946
ATGGGA	187.0	3244.2	-8.946
GTAGTC	108.0	1640.8	-8.946
GACCAG	253.0	3475.5	-8.946
GACGTA	21.0	313.9	-8.945
ATCCTT	393.0	3774.2	-8.871
ACAATT	282.0	2614.9	-8.851
GACGTG	112.0	905.1	-8.844
GGCATC	248.0	2270.1	-8.833
CGCTGC	178.0	1553.6	-8.825
AGCGTT	100.0	790.9	-8.765
TATCAT	256.0	2349.1	-8.728
TACCCG	75.0	553.4	-8.706
CGATAC	36.0	207.9	-8.690
CATGAT	474.0	4652.4	-8.630
CGGGTT	432.0	4209.3	-8.573
TACCTC	312.0	2945.3	-8.533
AGAAGC	245.0	3214.4	-8.462
CGGCAT	69.0	526.1	-8.436
TAAGAC	183.0	1683.3	-8.404
ATGGAG	663.0	6705.6	-8.392
CGAACG	22.0	101.3	-8.379
AATTTG	451.0	4429.9	-8.336
CCGGAT	78.0	590.4	-8.254
GTGCGC	122.0	1296.9	-8.194
CGTGTG	217.0	1975.8	-8.190
CATCGT	84.0	649.0	-8.146
TGACAT	303.0	2865.4	-8.141
ATCTAA	175.0	1547.4	-8.092
AAGCGT	59.0	656.3	-8.086
TACTGC	266.0	2486.7	-8.052
ATCGTA	43.0	274.2	-8.044
TAAATT	507.0	5039.7	-8.003
AAGCAT	255.0	2695.5	-7.981
GATGGG	361.0	6849.4	-7.980
AGATGG	814.0	10668.9	-7.980
GTATGA	127.0	1640.7	-7.980
GGCCGG	145.0	1866.5	-7.980
ACAGGA	238.0	3676.7	-7.980
TCGCAC	25.0	545.7	-7.980
CATTAC	147.0	1712.1	-7.980
GGCGTC	53.0	890.8	-7.980
CGATCC	123.0	1029.6	-7.940
TCGAGC	62.0	599.9	-7.923
CCAGGT	791.0	8124.4	-7.895
CCCGTA	59.0	421.0	-7.877
ATACCG	39.0	242.7	-7.871
GAGGGC	324.0	3101.6	-7.853
AGGATC	254.0	2366.8	-7.845
ACGCGA	25.0	209.8	-7.762
GCACAC	298.0	3312.8	-7.753
ATAACA	134.0	1850.0	-7.698
CACAAT	365.0	3545.5	-7.691
TAACGC	40.0	253.1	-7.689
TACGAC	12.0	166.7	-7.648
GCTAGT	202.0	1837.3	-7.637
TGGACC	207.0	1891.6	-7.633
ACTCCG	115.0	958.2	-7.607
CGCATG	103.0	848.6	-7.590
GGGGAC	257.0	2410.2	-7.583
ACTATG	278.0	2633.2	-7.498
TTGCGC	79.0	618.1	-7.393
GCTAGA	180.0	2444.9	-7.346
ACTAAA	183.0	2540.3	-7.340
ATCTTA	239.0	2241.2	-7.248
TCTGTT	993.0	10413.3	-7.235
CATCCG	85.0	681.6	-7.211
GCACGC	122.0	1260.7	-7.211
GTACTG	198.0	1814.5	-7.166
ACCGGT	33.0	377.3	-7.152
GGAACT	280.0	2764.6	-7.099
TATAAG	137.0	1704.7	-7.099
AGGGAC	240.0	2694.2	-7.099
GGATAA	110.0	1792.0	-7.076
TTGTCG	97.0	804.1	-7.022
CTTACA	246.0	2327.2	-7.020
GGTCGG	73.0	571.0	-6.928
TATATG	249.0	2369.3	-6.841
GCCGGA	67.0	835.2	-6.841
TAGTAG	449.0	9979.6	-6.835
AAGCTA	189.0	1888.9	-6.825
AATCTC	562.0	5728.2	-6.764
CCGAGG	122.0	1672.3	-6.727
CGGTGG	114.0	1685.6	-6.726
TCGTAC	36.0	232.1	-6.705
GACTTA	166.0	1504.4	-6.691
GATACT	89.0	1574.4	-6.652
CTCTGT	1532.0	16461.3	-6.594
TGGCCC	417.0	4171.4	-6.593
CATACT	192.0	1786.0	-6.574
AATTGT	294.0	2859.2	-6.540
GTGCGT	93.0	1173.2	-6.525
TGAAAT	411.0	4107.1	-6.509
ACAACA	147.0	2308.6	-6.503
GGTATG	194.0	1810.9	-6.501
AATTAC	258.0	2592.2	-6.457
GCTGAA	342.0	3370.7	-6.432
ACGACC	48.0	400.3	-6.410
TAGACG	57.0	430.2	-6.367
ACTCTT	470.0	4757.4	-6.350
AGAGCA	304.0	3712.6	-6.295
GAGATA	233.0	2625.4	-6.295
CACGTC	88.0	997.3	-6.295
TAACAG	185.0	2089.6	-6.295
AATTAG	157.0	3099.3	-6.295
CAATCA	190.0	2298.4	-6.295
GACAGT	206.0	2849.6	-6.295
TGCCGA	56.0	721.3	-6.295
TGATCA	306.0	2996.0	-6.282
TACGGT	49.0	356.3	-6.279
AACTCT	357.0	3540.0	-6.269
GAGAGC	185.0	2753.7	-6.248
GTGATC	1057.0	11231.4	-6.195
GTGACG	87.0	728.0	-6.180
AAAATT	621.0	6426.6	-6.160
ACCATA	165.0	2130.5	-6.158
ATCGTC	51.0	377.2	-6.153
ATCGGT	40.0	276.7	-6.146
GCGGTC	65.0	511.4	-6.143
AAGCAG	417.0	4201.2	-6.143
ACGGAT	30.0	409.0	-6.118
TGCTAC	201.0	1892.7	-6.111
CGTAAA	50.0	369.3	-6.084
GTAATT	316.0	3121.0	-6.065
CGTCCG	33.0	371.2	-6.064
ACGGCT	96.0	821.9	-6.061
ATTAAG	210.0	1997.4	-5.959
GTCTAA	145.0	1323.7	-5.904
CGAGCT	93.0	797.9	-5.856
ATATAA	251.0	2441.0	-5.855
GTCAAG	195.0	1840.5	-5.839
GGCGCC	332.0	3308.7	-5.800
TGTATA	300.0	2958.0	-5.792
TCTCGG	592.0	6135.8	-5.759
TGCGCT	105.0	923.5	-5.728
TTGCAA	346.0	3460.3	-5.722
CCTGAA	389.0	3933.4	-5.690
ATTGTA	255.0	2485.9	-5.650
TTATGG	271.0	2664.1	-5.649
ACGACG	9.0	169.8	-5.642
CCAGCT	1006.0	10734.9	-5.634
GTTGGG	402.0	4078.3	-5.606
CAGATT	368.0	3709.6	-5.593
AATCGA	45.0	333.0	-5.581
AAATAT	432.0	4406.7	-5.564
CCAACA	147.0	3127.8	-5.562
TCCGAC	33.0	429.0	-5.562
TCGCAA	23.0	366.1	-5.547
TATCGT	42.0	305.1	-5.532
ACGATT	51.0	627.8	-5.530
AGACCG	74.0	615.4	-5.529
TACAAC	160.0	1490.0	-5.504
CAAAAT	378.0	3820.7	-5.493
CATAGC	216.0	2086.5	-5.480
AACGCC	61.0	489.7	-5.431
ACTGTG	559.0	5806.9	-5.396
AAATTC	328.0	3292.7	-5.342
CCATAC	122.0	1595.2	-5.297
AGCTTA	205.0	1976.9	-5.274
CGCGCT	24.0	554.1	-5.257
TTATTA	604.0	6315.3	-5.251
CGGTCT	109.0	981.3	-5.250
TCATCG	64.0	524.6	-5.202
TCTTAA	329.0	3313.2	-5.201
ACGATC	156.0	1636.1	-5.163
GACCGA	46.0	443.0	-5.159
GGACGA	29.0	456.5	-5.157
GCGCTA	56.0	447.5	-5.156
ATAACC	121.0	1101.1	-5.126
CAGGTT	732.0	7745.9	-5.097
TCGCGG	9.0	370.7	-5.089
ACAATC	273.0	2720.3	-5.087
TATTTA	910.0	9724.5	-5.087
CGCGTC	48.0	371.3	-5.062
TGTCAC	707.0	7476.8	-5.061
CATGTG	513.0	5336.6	-5.020
GTAACA	153.0	1446.4	-5.016
GTGGAA	291.0	2918.6	-4.981
TTGTCC	370.0	3778.0	-4.962
AACACC	143.0	1848.1	-4.938
CCACTG	726.0	7704.8	-4.903
TGCGCA	51.0	835.3	-4.896
AGTAGA	415.0	10034.4	-4.896
CCGTAA	51.0	405.2	-4.879
TCACCT	514.0	5362.0	-4.878
AGTCCT	367.0	3753.9	-4.836
CTACAC	139.0	1672.3	-4.835
AACTAG	104.0	1370.3	-4.810
CGCGAA	27.0	182.0	-4.769
GCAATA	147.0	1393.9	-4.762
GCACGA	141.0	1702.3	-4.760
ACGCCA	229.0	2260.1	-4.728
AACTTC	328.0	3335.8	-4.724
TACGAT	38.0	398.3	-4.720
GATCGG	45.0	350.6	-4.707
GTCACT	322.0	3271.3	-4.655
CATGAG	471.0	4906.6	-4.638
ATGTGA	325.0	3308.7	-4.624
ATTCAT	344.0	3516.3	-4.604
GGCTAG	291.0	2944.8	-4.593
ATGCCA	412.0	4262.4	-4.584
GCGTTG	72.0	622.8	-4.582
CCGGTT	98.0	892.0	-4.573
CAATCG	43.0	334.8	-4.560
CGTTCG	27.0	185.3	-4.515
AAGTAC	167.0	1611.5	-4.500
CGGAAT	65.0	554.9	-4.500
CGAAGT	45.0	740.7	-4.491
TTCTCG	151.0	1450.2	-4.466
TAAGCT	204.0	2009.0	-4.465
GCGCGT	54.0	446.8	-4.407
TCACTC	683.0	7275.8	-4.398
GAATTC	257.0	2584.5	-4.393
AAAGTA	272.0	2776.7	-4.375
TTGACT	334.0	3430.1	-4.370
GCACGG	100.0	920.4	-4.351
TCTTAC	272.0	2759.0	-4.326
AGTAGG	182.0	2105.0	-4.323
ACCAGG	353.0	3644.1	-4.294
ATGCCG	46.0	641.6	-4.290
CAACCG	19.0	468.7	-4.255
TCGCGA	28.0	199.4	-4.225
CAACTT	313.0	3214.9	-4.178
ACATAG	206.0	2048.7	-4.178
CCGAAT	30.0	570.3	-4.176
TTACTA	223.0	2239.4	-4.167
CGTGTC	91.0	833.9	-4.154
GCACGT	130.0	1238.4	-4.149
AATGTA	231.0	2319.7	-4.137
TAACGT	29.0	472.0	-4.117
GCGCGC	98.0	1098.8	-4.111
CTCGAC	89.0	814.1	-4.108
TTAAGT	339.0	3497.3	-4.104
GTCCGG	71.0	627.8	-4.099
CTGGCC	766.0	8239.6	-4.098
TACCGA	22.0	311.5	-4.094
CGCGAC	11.0	191.3	-4.092
TGGAAA	408.0	4260.3	-4.066
GACATG	247.0	2505.6	-4.051
CGCTAC	58.0	496.0	-4.041
ACGTGC	132.0	1271.7	-4.022
CCGATT	63.0	585.1	-3.957
CGTACG	7.0	117.5	-3.930
ACGTAT	51.0	429.3	-3.928
CAACAC	169.0	2079.7	-3.914
TAACCT	234.0	2368.1	-3.914
GTACGA	36.0	281.2	-3.905
TCTGTA	386.0	4042.4	-3.875
TCGGAC	30.0	382.0	-3.871
GTCGCG	33.0	253.7	-3.864
GCGCGA	138.0	1898.6	-3.863
CGAAAG	56.0	482.9	-3.831
TGATCT	880.0	9556.1	-3.813
CGCCCC	184.0	1838.6	-3.778
AGCGTA	15.0	314.5	-3.778
GCTACG	40.0	323.9	-3.774
CGAATC	41.0	333.1	-3.767
TCCGAA	56.0	545.6	-3.744
AATTCG	30.0	405.7	-3.728
GATGGA	596.0	6390.3	-3.721
TCTCAG	918.0	9999.7	-3.717
ATTGTC	238.0	2427.9	-3.702
AATTCC	303.0	3138.0	-3.696
CCTCTG	1020.0	11154.6	-3.648
TACGTA	50.0	427.6	-3.643
TTAACA	268.0	2762.2	-3.641
TACATA	231.0	2353.5	-3.633
TAAAGC	160.0	1955.7	-3.632
TCTAAT	259.0	2660.0	-3.626
TGCACG	116.0	1112.9	-3.618
CGTCCT	95.0	898.8	-3.598
TCAAAG	320.0	3330.0	-3.597
ACGTCC	74.0	678.9	-3.550
AAACGT	81.0	751.8	-3.550
GACATA	137.0	1345.9	-3.532
GCTCTA	193.0	1955.1	-3.532
GCAAAC	197.0	1988.4	-3.527
GAATAG	134.0	2097.3	-3.521
AGTTCT	440.0	4670.9	-3.498
CCGTCA	73.0	671.2	-3.459
ATAGAT	185.0	1870.9	-3.449
CGGGGG	127.0	1240.5	-3.447
GCTAAC	99.0	1391.4	-3.433
TAATGT	262.0	2710.1	-3.425
ATACTT	260.0	2687.2	-3.424
TACGGA	26.0	345.8	-3.416
CTACGC	60.0	536.2	-3.414
CCCAGA	516.0	5540.8	-3.361
ATAGTC	143.0	1421.1	-3.343
AGCCCG	108.0	1051.2	-3.312
CGAGAC	75.0	1280.0	-3.311
TCGGCT	544.0	5853.6	-3.294
AACTGT	259.0	2686.2	-3.293
GATAGA	120.0	1740.8	-3.288
GCTCTG	1028.0	11310.1	-3.268
CAACGT	69.0	636.0	-3.255
GGACGG	83.0	785.6	-3.255
AAGCGC	33.0	698.3	-3.254
GCGTGA	440.0	4875.3	-3.245
ACGAGT	24.0	445.9	-3.243
TGAAAA	386.0	4104.0	-3.232
ATAACG	31.0	288.4	-3.231
ATGACT	235.0	2430.2	-3.213
TATCGG	34.0	278.9	-3.198
AGACTT	287.0	3006.5	-3.196
GTTCTC	388.0	4132.9	-3.184
ATCGTT	54.0	482.9	-3.183
TCTAGA	236.0	2444.4	-3.174
AAAATC	277.0	2895.2	-3.135
AGATAG	178.0	2427.4	-3.133
TAACGG	16.0	278.5	-3.119
TCGAAG	45.0	392.1	-3.114
TCCAAC	222.0	2300.8	-3.113
GCTAAA	180.0	1837.5	-3.099
TCGTCC	70.0	653.7	-3.087
TTTAAC	329.0	3484.4	-3.065
GAACGC	50.0	445.2	-3.057
AGTATA	173.0	1763.4	-3.044
CGCGTG	43.0	538.3	-3.040
ATGGTT	283.0	2973.4	-3.036
TGATGA	298.0	3149.8	-3.025
GAAATG	342.0	3628.7	-3.023
CCTCGA	105.0	1034.9	-3.007
GCTCCT	438.0	4700.4	-3.002
CGCACG	46.0	406.8	-2.992
TACGTT	64.0	594.0	-2.986
GAAACG	80.0	765.6	-2.983
TCGAAT	49.0	438.2	-2.957
CGTATG	45.0	397.3	-2.952
CGCACA	86.0	832.0	-2.935
TAGCCC	178.0	1827.8	-2.923
TCTCAA	629.0	6864.6	-2.920
GGGTGG	475.0	5133.3	-2.906
TGTCCC	354.0	3782.0	-2.902
AGGCGG	191.0	2196.7	-2.888
AAGTCG	27.0	410.1	-2.842
CGGTGT	87.0	849.0	-2.802
CGGTTA	42.0	370.0	-2.801
GGGGCG	98.0	1481.3	-2.798
CGGGTC	48.0	634.0	-2.798
CAACTC	247.0	2602.1	-2.785
GTCCTC	298.0	3172.0	-2.782
TCGAGA	89.0	1085.5	-2.739
TCGATA	30.0	250.3	-2.733
TTCATA	283.0	3002.7	-2.731
ACGTTG	91.0	896.9	-2.721
GAGCAT	227.0	2380.9	-2.696
GACGCC	71.0	681.6	-2.696
TCGCTC	372.0	4008.0	-2.687
CTAGCG	31.0	325.8	-2.686
ATATGA	187.0	1948.5	-2.664
CATAAG	151.0	1553.1	-2.663
TACGAA	31.0	262.0	-2.661
GCGGCA	71.0	683.3	-2.651
CACGGG	92.0	911.7	-2.638
GCCCGA	47.0	725.4	-2.631
TGGCTA	642.0	7060.8	-2.609
GAAAAA	385.0	4159.2	-2.606
ATACCT	204.0	2136.1	-2.605
GAGAAA	377.0	4065.8	-2.595
CCGCGT	25.0	486.8	-2.570
AATTAA	285.0	3041.4	-2.565
GTATTG	177.0	1844.0	-2.549
ATGTGC	368.0	3975.0	-2.547
CTCTCG	141.0	1449.7	-2.546
GGTTTT	911.0	10118.2	-2.534
ATAACT	174.0	1811.4	-2.533
CGCTGT	130.0	1328.9	-2.518
TTAACG	32.0	427.1	-2.514
TCTAAA	248.0	2639.3	-2.513
ATCTCG	513.0	5611.2	-2.510
TTAGAA	302.0	3234.6	-2.509
AAGAAC	192.0	2018.7	-2.502
CGCAAC	78.0	766.0	-2.502
CGTAAC	30.0	257.8	-2.476
ACACAT	279.0	2981.9	-2.469
GTCGGG	69.0	670.4	-2.468
GTTGTC	241.0	2562.7	-2.466
AAAGAT	278.0	2970.0	-2.456
CCGACG	23.0	187.5	-2.454
CGACAC	30.0	425.6	-2.449
GCGTGT	153.0	1592.0	-2.449
GTAAGC	138.0	1422.8	-2.442
CGTCAG	67.0	758.4	-2.437
GTATTC	186.0	1956.5	-2.432
CACCCA	972.0	10844.9	-2.414
ATTTAC	298.0	3210.2	-2.403
GCTATA	128.0	1314.1	-2.382
AAATGG	328.0	3543.6	-2.378
GACTCG	55.0	523.0	-2.366
AGTATT	301.0	3238.5	-2.360
CATCGG	46.0	428.8	-2.358
TTAACT	282.0	3029.5	-2.345
CAAAAC	246.0	2632.6	-2.337
GGTCTT	629.0	6953.2	-2.333
CGATCG	17.0	131.5	-2.306
CATCAA	182.0	1921.5	-2.302
ATTTCG	81.0	809.4	-2.297
TACAAT	211.0	2243.8	-2.296
ATACCA	166.0	1739.1	-2.290
TTCGCC	141.0	1467.5	-2.288
TAACTA	131.0	1355.1	-2.280
GCGGCC	112.0	1154.7	-2.276
ACGTGT	105.0	1076.7	-2.262
ATCGAA	28.0	243.1	-2.252
GGCGAG	98.0	999.4	-2.250
TTAAGG	215.0	2293.2	-2.249
TCCGGA	87.0	879.7	-2.230
CGTTGC	75.0	747.4	-2.219
CGAGGG	86.0	870.7	-2.196
CTGAAA	368.0	4019.3	-2.182
TCATAT	249.0	2685.2	-2.160
GAGACG	569.0	6985.0	-2.156
ATGTAT	277.0	2991.3	-2.150
ACTCGA	44.0	415.7	-2.149
AAAGTT	343.0	3739.3	-2.133
TAGGAC	137.0	1622.7	-2.131
ATAATG	218.0	2341.9	-2.117
ACCGAA	36.0	331.6	-2.107
CGTGAG	336.0	3674.9	-2.083
CAACGA	34.0	311.2	-2.077
TCTCCT	1617.0	18308.7	-2.050
GAATAA	155.0	2187.8	-2.040
GGTACC	91.0	1320.9	-2.040
AACAGT	236.0	2547.5	-2.038
AAATTG	274.0	2982.6	-2.024
TTAGTT	387.0	4258.6	-2.018
ATCATT	306.0	3338.7	-2.011
GGTTAA	161.0	1707.5	-1.988
AACGAT	44.0	516.6	-1.986
CGATTG	48.0	465.0	-1.977
CTTAAA	286.0	3117.5	-1.975
ATCGGC	44.0	423.4	-1.955
AGTTAT	229.0	2476.1	-1.932
TCATAG	230.0	2489.5	-1.925
GGGGCT	387.0	4271.1	-1.920
TGTACC	205.0	2211.5	-1.909
ACTAAT	183.0	1968.9	-1.906
ATCCGT	51.0	501.9	-1.899
CGCTTC	99.0	1034.2	-1.893
TAATTG	229.0	2481.3	-1.885
CCATCA	348.0	3833.6	-1.874
TCTACG	37.0	351.2	-1.860
GCGGGA	88.0	1141.1	-1.848
AGGCGA	86.0	892.1	-1.836
TCTCGT	126.0	1333.9	-1.830
TTAAAA	629.0	7048.5	-1.801
GGAGAC	310.0	3415.6	-1.777
CGTAAT	39.0	376.4	-1.775
CGCATC	54.0	540.6	-1.770
AACTGA	237.0	2589.0	-1.770
CCGGCA	81.0	840.3	-1.769
CCATTA	199.0	2156.5	-1.765
AACGTT	60.0	607.1	-1.764
GTTGAC	157.0	1695.0	-1.755
ACTAAC	94.0	988.3	-1.743
CCGAAG	73.0	753.4	-1.731
AAGCTT	276.0	3041.2	-1.730
CTAGTA	160.0	1721.2	-1.717
TCCTTT	929.0	10508.3	-1.712
TCCTTA	281.0	3091.4	-1.710
AGCAGG	381.0	4236.4	-1.669
CGACTC	68.0	702.4	-1.662
GTGATA	176.0	1911.1	-1.661
AGTTAA	214.0	2343.8	-1.660
AATAAG	188.0	2051.3	-1.658
GAAATT	289.0	3193.9	-1.656
CCGAGC	91.0	961.6	-1.654
CGGCAA	30.0	514.7	-1.643
ATACTA	123.0	1314.4	-1.640
AATATC	173.0	1880.6	-1.633
ACAACT	172.0	1869.0	-1.630
GTAGAC	106.0	1134.1	-1.610
GACCAA	150.0	1628.4	-1.607
TCGCAT	43.0	429.5	-1.589
AGCATA	162.0	1756.4	-1.589
GCGCGG	80.0	911.7	-1.588
GAATGA	237.0	2611.3	-1.582
GACAAC	71.0	1186.4	-1.577
GTCCCC	256.0	2825.9	-1.574
AAACGG	69.0	719.5	-1.569
GATAGC	101.0	1081.2	-1.560
ACCTTT	402.0	4498.4	-1.557
AAGCTC	415.0	4645.7	-1.555
TTGGGG	434.0	4870.6	-1.527
TCGGCA	51.0	522.0	-1.513
ATGCAC	255.0	2821.9	-1.508
CCGTGA	75.0	791.4	-1.507
CTTAAC	166.0	1812.8	-1.505
TTAATG	270.0	3001.9	-1.502
GATGTG	306.0	3407.8	-1.499
TAAATG	308.0	3433.8	-1.484
GACCGG	48.0	559.3	-1.483
GACTTT	368.0	4121.9	-1.483
GTTATG	153.0	1676.9	-1.475
CGATTT	100.0	1077.6	-1.471
TGTCAA	227.0	2507.2	-1.470
CTCGCC	142.0	1550.0	-1.469
GAACAA	166.0	1816.3	-1.467
CGTCAC	74.0	783.1	-1.462
TTGGCG	73.0	773.5	-1.445
TGCGCG	23.0	562.0	-1.431
CGTCTT	95.0	1024.1	-1.431
CAGTTC	342.0	3827.4	-1.428
CTTGCG	64.0	673.6	-1.422
AGATAC	160.0	1751.6	-1.419
ACATCG	39.0	394.3	-1.413
TAATCT	255.0	2835.1	-1.411
CATAAT	194.0	2150.1	-1.410
AGACGG	584.0	6700.2	-1.407
AGCATT	341.0	3819.4	-1.406
ATTAAC	144.0	1579.4	-1.397
AGACGT	74.0	788.1	-1.392
GTGTCT	332.0	5157.6	-1.385
CCGTGG	71.0	1318.4	-1.383
TCCTCG	32.0	1083.7	-1.383
CGCACT	52.0	649.2	-1.381
TCCCCG	130.0	1419.6	-1.379
CACTTC	263.0	3898.1	-1.378
CTACGA	29.0	285.8	-1.375
ACACGA	50.0	518.8	-1.374
TCAGCT	599.0	8701.1	-1.373
GTACGG	18.0	298.2	-1.370
TGCAAA	330.0	3704.1	-1.369
GTGTAA	145.0	2117.8	-1.359
CATAGG	157.0	1735.9	-1.357
TCGCTT	126.0	1375.4	-1.355
GAAAAT	313.0	3514.5	-1.352
ACACTT	277.0	3094.5	-1.350
TCTGGA	397.0	4905.3	-1.346
CCGAAA	50.0	520.9	-1.341
AACTTT	418.0	4986.6	-1.335
ATAATT	343.0	4049.3	-1.333
GCGAGC	63.0	668.7	-1.331
CAAAGT	864.0	9852.0	-1.331
CAGGAG	421.0	7703.0	-1.331
AAAGGC	174.0	2672.1	-1.329
AGGACT	267.0	2990.3	-1.328
TGCCTT	676.0	7687.4	-1.324
CAGCCC	430.0	5536.6	-1.319
ATTGAT	190.0	2994.3	-1.317
ATGAGT	218.0	2552.6	-1.316
AAGGCG	75.0	805.3	-1.316
TATGTT	432.0	5313.0	-1.312
ATACGA	26.0	255.8	-1.310
ATTGAA	225.0	2518.4	-1.305
GGTGAT	439.0	4961.5	-1.305
TGATGC	226.0	2717.7	-1.299
GAGCTA	160.0	1843.9	-1.292
GGGACG	78.0	841.0	-1.288
TGCCTG	974.0	11139.0	-1.277
AATATA	202.0	2658.8	-1.261
TGGCCT	822.0	9396.3	-1.260
TTGGTG	361.0	4664.7	-1.258
GCGAGG	89.0	970.9	-1.257
GCCGCG	65.0	696.1	-1.255
TTGCCT	534.0	6864.7	-1.252
CGTTCA	43.0	629.9	-1.250
GTTACA	115.0	2333.2	-1.246
ACGAGC	42.0	437.5	-1.237
TCTCGA	275.0	4239.9	-1.232
CGACGC	7.0	202.0	-1.231
GGTCAA	84.0	1584.7	-1.224
CTGTAC	191.0	2139.6	-1.224
GCATCG	43.0	449.6	-1.223
TTCGGC	70.0	755.9	-1.221
GAAGAA	302.0	3405.0	-1.218
CATATT	318.0	3598.4	-1.213
CAGTCC	277.0	3116.2	-1.212
GCCGAT	38.0	394.2	-1.208
CAAATA	262.0	2949.9	-1.206
GGATGA	130.0	2546.4	-1.204
TTACAT	344.0	3892.1	-1.198
TAGGGC	137.0	1520.3	-1.196
TAGAGC	144.0	1602.7	-1.196
ATACCC	122.0	1542.7	-1.193
GTTACC	150.0	1673.4	-1.192
AACGAC	25.0	250.8	-1.175
TATGGC	162.0	1804.5	-1.175
CCAAAA	304.0	3436.8	-1.170
ACCGGA	36.0	373.4	-1.167
ACCGAT	10.0	311.9	-1.165
TGGGTA	193.0	2633.7	-1.164
ATTCCT	404.0	4595.4	-1.163
CTTACG	47.0	498.6	-1.159
GGATCG	42.0	442.5	-1.155
ACGAAC	25.0	251.5	-1.154
GGGTTT	700.0	13094.6	-1.151
CGTTGG	83.0	911.0	-1.143
ACGACT	18.0	382.9	-1.141
AACCTT	261.0	2949.6	-1.133
GAGAGT	226.0	2543.7	-1.130
TGCGTG	148.0	1657.7	-1.127
TAATTA	286.0	3239.7	-1.124
ATCAGC	147.0	2372.8	-1.122
GCTTAG	177.0	1987.1	-1.121
CGGCGC	51.0	697.1	-1.116
CGGCTT	121.0	1343.1	-1.116
GCGCTC	63.0	959.4	-1.115
CACGAT	160.0	1788.9	-1.112
GTGTTC	267.0	3026.0	-1.109
TGGTTG	298.0	3387.4	-1.108
TAATAT	214.0	3011.2	-1.107
TGCTGC	358.0	6211.1	-1.102
TTTTCC	997.0	11467.1	-1.099
GGATAG	121.0	1345.8	-1.098
TACCAG	180.0	2026.3	-1.095
AAAATA	526.0	6016.1	-1.095
CTTCTG	673.0	7859.4	-1.092
GGTCAC	192.0	2169.2	-1.088
ATGGCT	282.0	3961.7	-1.085
GGGGGT	266.0	3018.4	-1.082
AAATGC	289.0	3283.6	-1.081
TATGCT	204.0	2303.0	-1.078
TTATCA	249.0	2827.3	-1.078
CCAAGG	231.0	3509.5	-1.074
GATCGA	34.0	356.4	-1.073
GGACTT	237.0	2776.9	-1.070
ATGATA	171.0	1924.9	-1.070
GTTTAA	235.0	3296.3	-1.069
ATCGAT	33.0	345.6	-1.068
TTCTAT	361.0	4113.8	-1.067
AACTCG	49.0	527.8	-1.066
GAACAC	156.0	1760.0	-1.062
GATCTA	120.0	1338.6	-1.059
GGGCAT	227.0	2739.8	-1.055
CCGCTA	49.0	528.3	-1.052
CTTCTT	646.0	8534.4	-1.051
ACTTCT	401.0	4583.6	-1.050
CTAGCA	117.0	1722.1	-1.043
GTTTGT	611.0	8679.0	-1.041
TGATGT	321.0	3655.2	-1.040
TAGTCG	22.0	223.2	-1.039
GATATT	185.0	2951.8	-1.034
AACTTA	167.0	1882.2	-1.033
TGCGTA	17.0	376.5	-1.031
CCTAGT	174.0	2221.5	-1.030
AACGTC	42.0	495.4	-1.028
TTGGTA	283.0	3221.4	-1.028
ATCATC	114.0	2060.4	-1.026
AGCACG	68.0	749.2	-1.021
AATTGG	175.0	1978.9	-1.020
ACATTT	588.0	6758.1	-1.018
TTACCT	278.0	3162.4	-1.018
TCAACG	33.0	348.6	-1.018
AGATGT	274.0	3128.8	-1.009
GGGCAG	345.0	5053.4	-1.007
CCTGGT	375.0	4859.8	-1.006
TTGGGT	267.0	4136.5	-1.002
CCCGCT	93.0	1345.6	-1.001
TCATAC	128.0	1440.3	-0.992
TTGTAA	306.0	3495.2	-0.987
GGCCAC	235.0	3287.8	-0.986
GATTGT	216.0	2611.6	-0.985
AATCGT	24.0	388.2	-0.984
AATCCT	318.0	3794.2	-0.982
TACCGC	37.0	409.4	-0.978
CTCTCA	452.0	5194.0	-0.977
CATCAT	296.0	3388.5	-0.976
CTGTCT	711.0	8198.9	-0.975
AGATTT	443.0	5084.9	-0.971
TAAGCG	29.0	518.7	-0.970
GTCATC	192.0	2188.1	-0.967
GTTAAA	166.0	2185.7	-0.966
GTCCTT	327.0	3744.0	-0.965
CGAAAA	40.0	433.0	-0.964
TTGTGC	285.0	3478.6	-0.963
TTCAAT	177.0	3033.2	-0.958
CAGCGG	97.0	1123.2	-0.955
TTACCC	207.0	2357.4	-0.953
GGAACC	159.0	1811.0	-0.950
CGTAGA	37.0	399.4	-0.947
GGCGAT	62.0	687.1	-0.946
GTCTGA	196.0	2554.4	-0.944
ACAACG	36.0	388.9	-0.941
GCATAT	172.0	1955.9	-0.941
ACGTTC	50.0	549.9	-0.940
ACTTAC	146.0	1659.9	-0.935
TAAGCA	172.0	2282.4	-0.935
AAAAGT	317.0	3640.9	-0.933
AGACAA	244.0	2792.4	-0.933
TAATGG	191.0	2183.9	-0.926
CGATCT	441.0	5642.6	-0.925
CACGAG	63.0	933.6	-0.924
TGTCTA	218.0	2495.4	-0.919
TACACC	139.0	1580.0	-0.914
GTTTAC	154.0	2398.0	-0.914
ATTCGA	31.0	332.5	-0.910
GATGTA	136.0	1545.9	-0.910
TTAACC	165.0	1876.9	-0.908
AATACG	30.0	321.8	-0.903
TCTAAG	182.0	2080.3	-0.900
GCTTCA	329.0	3782.2	-0.898
GATGAT	222.0	2548.9	-0.892
ACCCCT	272.0	3127.7	-0.890
CGACCT	113.0	1277.5	-0.889
TGTGGA	362.0	4164.3	-0.888
TAAATA	301.0	3842.8	-0.888
CAATTG	75.0	1483.8	-0.879
GAAGCG	67.0	751.4	-0.876
CTTGAT	283.0	3251.7	-0.875
ACTAGA	129.0	1467.8	-0.874
TACCTT	255.0	2924.3	-0.873
CCTTGG	514.0	6778.3	-0.871
AGATGC	226.0	2588.0	-0.869
GTCAGC	123.0	2487.9	-0.869
CTGTGG	541.0	6255.4	-0.867
AATAGG	142.0	1622.4	-0.863
GGCCTG	497.0	5740.4	-0.857
TCATGT	324.0	3730.2	-0.855
CAATCC	227.0	2603.1	-0.850
TATGGA	137.0	1899.2	-0.842
TGTTCT	523.0	6098.8	-0.838
ATTCAA	268.0	3090.8	-0.833
TTGCCG	68.0	768.8	-0.832
GCGTGG	99.0	1656.8	-0.832
GCACCC	319.0	3943.5	-0.828
ATATCT	235.0	2705.6	-0.823
CACAAG	201.0	2445.8	-0.822
GGTGGT	351.0	4057.3	-0.821
CCTAAA	208.0	2393.8	-0.817
CAGGGC	366.0	4365.4	-0.809
GATGCA	190.0	2191.5	-0.809
ACCTGC	405.0	4693.8	-0.802
ATCGAG	43.0	479.4	-0.800
CGGATC	50.0	561.1	-0.800
AATCAT	220.0	2605.9	-0.797
AATGAG	249.0	2880.8	-0.797
ACGGTC	44.0	491.4	-0.795
TTGCGG	63.0	713.4	-0.795
GTGTTT	573.0	7584.0	-0.792
TGCTCT	782.0	9074.2	-0.792
ACCGTA	36.0	399.2	-0.788
CGGCAC	59.0	668.6	-0.781
GGATTT	438.0	5072.1	-0.781
CAGCGA	49.0	902.1	-0.780
AAGTTT	433.0	5023.4	-0.778
CGTATT	55.0	621.7	-0.778
TTGTGG	299.0	4678.9	-0.777
TGTACG	36.0	400.4	-0.776
ATTTGT	492.0	6371.0	-0.775
ACATCC	194.0	2246.7	-0.773
CCACGT	137.0	1680.2	-0.772
CGTAGT	28.0	414.8	-0.771
GATAAA	170.0	1959.1	-0.771
GGAACA	148.0	2333.9	-0.770
CACTGA	216.0	3650.6	-0.769
AAAGTG	869.0	10109.8	-0.766
ATTCGT	46.0	517.2	-0.763
CCAGTC	298.0	3460.0	-0.760
CCGCAT	57.0	646.4	-0.760
TCGACC	55.0	623.6	-0.757
CGGATA	25.0	273.8	-0.756
ACTTTA	278.0	3218.3	-0.751
CGAGGC	126.0	1451.2	-0.744
ATAAGT	149.0	1725.3	-0.743
ACCCGT	46.0	519.9	-0.741
TAAGAT	193.0	2241.1	-0.737
CGGTTG	50.0	567.9	-0.736
GGCGGC	106.0	1227.3	-0.735
TTTCTG	679.0	10924.5	-0.734
TCACAC	290.0	3741.7	-0.727
TGGCAG	415.0	4827.4	-0.722
TCCTAA	263.0	3055.8	-0.719
TGTAAA	275.0	3492.1	-0.716
TTTCTA	558.0	6495.6	-0.713
CATAGT	186.0	2222.1	-0.710
ATCAAT	142.0	1647.4	-0.709
AGATCG	67.0	771.0	-0.708
CGCTCT	354.0	4124.5	-0.707
GCTTAT	181.0	2104.6	-0.700
TCGACT	46.0	523.9	-0.699
GGGGAG	383.0	4462.0	-0.696
CCCACT	361.0	4834.2	-0.696
GTATAC	99.0	1150.9	-0.696
GTCCGT	41.0	465.8	-0.695
GTAAAT	221.0	2576.2	-0.692
CCTCGT	61.0	2248.5	-0.691
TGTCGA	39.0	442.3	-0.691
TGTCTT	544.0	7043.6	-0.689
TACTCT	244.0	2844.0	-0.687
AACACT	212.0	2469.0	-0.687
GTACGT	37.0	419.5	-0.687
TGGAGG	467.0	5586.0	-0.686
TTCTTC	738.0	8616.0	-0.686
ATAAAG	216.0	2517.8	-0.685
TGAACG	44.0	501.8	-0.685
TTGACG	32.0	467.0	-0.682
GAGCAA	137.0	2598.2	-0.679
CTTTGA	379.0	4724.3	-0.678
TGAATT	384.0	4480.9	-0.677
GCATAA	144.0	1677.1	-0.676
ACATAT	209.0	2467.6	-0.675
TCTGAT	330.0	3851.5	-0.670
AGGAAT	248.0	3170.3	-0.669
TTCCGC	86.0	999.1	-0.668
CGGCCC	135.0	1572.4	-0.658
ATTACC	139.0	1620.4	-0.657
ATAAAT	340.0	3966.3	-0.656
CATAAC	98.0	1144.3	-0.650
CACTCC	281.0	4398.1	-0.639
TTCCTG	658.0	8824.9	-0.638
CTTCCT	602.0	10320.1	-0.638
CCAGAC	285.0	3332.1	-0.636
ACAGCG	74.0	862.9	-0.634
AGGGCT	274.0	3841.8	-0.634
TATGGG	175.0	2046.0	-0.634
CTTGGG	413.0	4962.0	-0.631
TCCGTA	35.0	401.5	-0.626
GTTAAC	103.0	1208.3	-0.621
CGAAGA	37.0	425.5	-0.621
AGCGAA	39.0	482.9	-0.621
TAATCG	24.0	271.0	-0.620
AGGGCG	82.0	959.2	-0.619
GCGCTT	73.0	852.4	-0.614
TCAGGT	474.0	5992.5	-0.611
TTGATG	287.0	3364.6	-0.607
CTGAAT	276.0	3487.2	-0.607
CCGCGC	148.0	1738.7	-0.605
CAACTG	193.0	2268.5	-0.604
CCTTTA	314.0	3685.7	-0.601
CCTTGC	283.0	3909.7	-0.600
ATATGC	144.0	1691.1	-0.600
TACGAG	27.0	308.4	-0.600
CAGAGG	377.0	5058.8	-0.598
AAATAG	221.0	2834.4	-0.596
TAATAC	126.0	1476.8	-0.593
CTCTAG	167.0	2594.0	-0.589
AAAGTC	216.0	2668.3	-0.587
ACGGAC	34.0	393.9	-0.586
TTATCT	235.0	4306.0	-0.584
ATACGT	29.0	503.6	-0.583
TTGGCA	305.0	3580.4	-0.582
AAACCG	37.0	429.4	-0.580
GCAAAT	200.0	2347.5	-0.579
ATCTCA	653.0	7667.6	-0.579
TTAGCG	38.0	441.9	-0.578
AATCTA	141.0	1659.3	-0.578
TGCGGG	92.0	1085.7	-0.576
TTACGT	56.0	655.2	-0.574
GGACCT	187.0	2203.3	-0.571
CTTTGT	616.0	7985.2	-0.569
ATAGGG	147.0	1735.1	-0.561
GGGCCC	236.0	2909.8	-0.560
CTTCCG	129.0	1519.6	-0.557
ACGATG	47.0	551.2	-0.555
TTCCCA	579.0	6799.8	-0.553
GACGCG	28.0	324.4	-0.552
TCACCA	416.0	8899.9	-0.547
AAGCAC	189.0	2235.0	-0.543
TGTAGG	215.0	2538.8	-0.543
GCCCGC	246.0	3576.6	-0.543
GGGCTT	325.0	4000.9	-0.542
CGCGGC	57.0	673.0	-0.542
AGCTAT	197.0	2329.6	-0.542
GATGAG	250.0	2954.7	-0.541
CATATC	134.0	1584.0	-0.541
ACCCGC	163.0	1921.7	-0.539
CTTAAT	180.0	2638.2	-0.538
AACCGG	32.0	373.9	-0.537
GGATAC	94.0	1115.9	-0.537
CGACGT	14.0	158.2	-0.536
TAACTC	147.0	1832.5	-0.536
AATGAT	241.0	2894.1	-0.535
GTGGTA	189.0	2236.9	-0.535
CGAAGC	43.0	505.2	-0.534
TGAGGG	306.0	3607.6	-0.532
GCCGAA	40.0	470.5	-0.529
GAAATA	222.0	2835.1	-0.525
TTTCGG	79.0	937.7	-0.523
ACACCG	44.0	641.8	-0.522
CATGTA	211.0	2496.1	-0.519
AAATAA	430.0	5071.5	-0.516
TAACTT	276.0	3268.5	-0.515
CCACGG	61.0	1131.6	-0.510
TTCAAC	149.0	2370.0	-0.510
ACGCAC	50.0	803.8	-0.509
TAGCGA	33.0	389.4	-0.507
ATGCTA	160.0	1892.8	-0.506
TCGCTA	47.0	557.9	-0.506
CAAGAG	270.0	3198.9	-0.503
TTGCTA	199.0	3177.2	-0.500
CTTAGT	192.0	2282.9	-0.499
TGTGAA	333.0	3940.9	-0.499
TCTATC	199.0	2355.4	-0.498
ATACAA	224.0	2662.6	-0.493
TCACCG	121.0	2237.4	-0.490
TGAAGG	271.0	3214.5	-0.489
TCTGGT	349.0	4131.3	-0.488
GATATA	107.0	1498.1	-0.487
AAGATT	245.0	2909.6	-0.484
GTAACC	116.0	1377.7	-0.484
TAGATT	237.0	2811.3	-0.483
AAACTC	426.0	5035.3	-0.481
CAGATC	198.0	2348.4	-0.480
GTGTAC	140.0	1707.6	-0.476
CATCAC	267.0	3279.0	-0.475
CGTGAT	201.0	3443.4	-0.472
TAGTCA	148.0	1767.9	-0.472
GTCTAC	92.0	1264.0	-0.471
CACATC	221.0	2914.1	-0.470
GTCGGT	35.0	417.8	-0.470
GGGGAT	107.0	2491.8	-0.469
GATTTA	210.0	2809.2	-0.468
TGTGTC	426.0	5498.2	-0.467
ATAAGC	139.0	1659.5	-0.466
ACGCCG	21.0	371.5	-0.462
ATCCTA	91.0	1777.5	-0.460
TATAGC	62.0	1409.4	-0.459
CACCGT	157.0	2615.1	-0.458
CTGTCG	250.0	3683.0	-0.457
CGCGGG	35.0	632.9	-0.455
TTCCGA	48.0	726.2	-0.454
TAACAC	132.0	1578.0	-0.453
CGCTAA	30.0	358.4	-0.451
CCGAAC	27.0	322.6	-0.449
ACCCCG	72.0	1220.5	-0.449
TATCAC	158.0	1894.9	-0.449
CGGTAC	18.0	213.6	-0.448
TGGTAT	256.0	3043.1	-0.447
ACTCTG	620.0	7340.6	-0.446
TGCATT	363.0	5181.8	-0.445
TGCGAA	34.0	408.3	-0.444
AATAAC	140.0	1677.4	-0.444
ATAAGG	135.0	1616.5	-0.443
CAGACG	86.0	1036.2	-0.442
AGGATT	378.0	4485.8	-0.442
CATACG	29.0	347.3	-0.442
CATGGA	235.0	2800.1	-0.441
TTGTAC	202.0	2408.0	-0.440
CGCTAT	48.0	578.1	-0.438
GCGGGC	90.0	1301.1	-0.436
TTGTCA	380.0	4514.6	-0.433
TGGTTA	227.0	2704.4	-0.432
GGACAA	84.0	1888.5	-0.431
TGAACA	216.0	2584.0	-0.428
TGGCGG	105.0	1268.8	-0.428
ACGCAG	49.0	841.3	-0.425
CACCGG	57.0	768.4	-0.425
TTCTAG	319.0	3794.5	-0.423
AACGGA	41.0	495.1	-0.423
TAAACT	202.0	2627.5	-0.420
AGTTGA	201.0	2403.0	-0.420
CTCTGC	891.0	11483.0	-0.417
GTGGCC	261.0	3725.8	-0.417
GGGTGT	291.0	3589.4	-0.413
GCGTAT	26.0	314.9	-0.411
TGCACA	292.0	3897.7	-0.410
GACTTG	190.0	2571.1	-0.409
ATGTAG	168.0	2014.9	-0.409
CTATTA	170.0	2039.1	-0.408
CATATA	175.0	2101.0	-0.405
GCTAGC	101.0	1226.6	-0.402
TTGACC	261.0	3122.1	-0.396
GGTCCG	42.0	511.3	-0.395
GCTAAT	1042.0	12333.7	-0.394
ATCCGA	26.0	316.3	-0.393
TCGTTC	61.0	743.4	-0.388
GCGGAA	42.0	512.2	-0.388
TATGAC	114.0	1375.5	-0.385
CCAAAT	262.0	3139.1	-0.384
TTCGTC	45.0	550.4	-0.383
TAACAT	194.0	2340.2	-0.383
ATATTC	210.0	2524.6	-0.383
GCTGCC	358.0	4862.5	-0.380
CAAGTT	246.0	3115.5	-0.380
GGAATC	100.0	2108.9	-0.379
CACGGT	92.0	1123.0	-0.377
AAGACT	206.0	2477.1	-0.375
CAAACT	422.0	5136.0	-0.375
TACGGC	20.0	303.2	-0.375
TAAAAC	201.0	2416.2	-0.374
GATGAC	119.0	1809.3	-0.374
AGAAAT	354.0	4238.6	-0.373
TGTCTC	531.0	7612.7	-0.372
ATCTGA	223.0	2688.2	-0.371
ACCTTA	156.0	1891.0	-0.371
TTGTGT	548.0	6526.4	-0.371
CCTTGA	337.0	4040.6	-0.370
AAGAGT	185.0	2708.5	-0.368
ACTGAT	201.0	2418.8	-0.368
TATACG	26.0	319.7	-0.368
TCATAA	167.0	2014.8	-0.367
ACGTAC	22.0	362.3	-0.367
CGTTCC	59.0	723.8	-0.366
AACGGG	46.0	565.2	-0.365
GACCGT	36.0	443.4	-0.362
ACTCTC	159.0	2914.0	-0.360
AACATC	158.0	1920.4	-0.357
CTCCAC	591.0	7041.2	-0.353
AACGAA	30.0	370.9	-0.353
ATTAGA	203.0	2448.4	-0.352
GGAAAA	310.0	3723.3	-0.352
CTATCA	141.0	1713.1	-0.351
GGTTGT	238.0	2868.7	-0.349
CACCTT	343.0	4974.5	-0.347
CAACCC	180.0	2180.6	-0.347
CTCGTA	27.0	334.3	-0.346
CAATGA	172.0	2082.2	-0.346
CCGCAA	77.0	947.8	-0.345
TTTGCT	684.0	9213.8	-0.345
ACACTG	263.0	3490.6	-0.341
TATCCT	219.0	2650.3	-0.338
AATATT	390.0	4688.9	-0.337
TGTTCA	333.0	4038.8	-0.336
CTAACG	25.0	311.8	-0.334
AGTGGG	261.0	4064.8	-0.333
GTTGGT	341.0	4095.6	-0.332
GTTGAT	195.0	2357.7	-0.331
ATACAT	160.0	2490.8	-0.328
AGTCGA	23.0	287.2	-0.328
ATTTCT	647.0	9116.9	-0.327
GTAACG	19.0	265.1	-0.322
ACGCGG	26.0	325.7	-0.321
CGAGTT	60.0	855.4	-0.321
GTTTTC	454.0	7632.4	-0.321
AGGCCT	364.0	4453.1	-0.318
ATTCTG	421.0	5140.8	-0.318
TCGGGC	57.0	708.9	-0.317
TTTGGT	626.0	7482.5	-0.315
TTGGGC	274.0	3316.5	-0.315
GAATAT	178.0	2167.4	-0.312
AGTCCA	153.0	2428.4	-0.312
GATAGT	127.0	1554.8	-0.312
TACGCG	10.0	125.6	-0.311
TTGTAG	427.0	5128.9	-0.309
AACACG	53.0	660.1	-0.309
CCGGTG	65.0	808.2	-0.308
CGCCAT	236.0	2860.4	-0.308
TGTGTA	317.0	4113.5	-0.307
TTATCG	30.0	377.7	-0.304
GGCAAT	152.0	1863.2	-0.303
ATTAAT	244.0	2961.5	-0.303
TGATAA	173.0	2111.0	-0.301
AGAGCG	77.0	957.2	-0.301
ATTGGA	118.0	2134.0	-0.301
CGCGGA	26.0	328.6	-0.300
ATCCCG	18.0	666.8	-0.299
CCGTAG	27.0	431.5	-0.299
TTCCAG	389.0	6270.3	-0.296
TAAAGA	249.0	3027.0	-0.295
ACCCGA	40.0	542.2	-0.293
GTCGAG	35.0	442.7	-0.290
AGACAC	188.0	2869.1	-0.288
GCCCGT	68.0	849.7	-0.288
ATATAG	117.0	1574.5	-0.287
CTCTTT	713.0	10326.0	-0.286
TAGTAT	173.0	2116.2	-0.285
ACCTAA	115.0	1635.8	-0.284
ACGGGA	61.0	765.1	-0.283
ACCATT	278.0	3369.9	-0.280
AAGATC	167.0	2044.9	-0.280
TAGGTT	201.0	2763.6	-0.279
GTTCGT	40.0	506.9	-0.277
AGCAAC	119.0	1995.8	-0.276
CGGCTG	123.0	1516.0	-0.276
CCCAAA	883.0	10560.9	-0.272
TTTACA	403.0	4993.0	-0.270
CTGTAT	267.0	3250.7	-0.269
TCGAAA	18.0	348.0	-0.268
GGTACT	98.0	1396.2	-0.267
GACATT	227.0	2766.4	-0.266
TAGACT	130.0	1653.6	-0.266
CTTATG	174.0	2137.9	-0.263
TAGCAT	141.0	2286.3	-0.262
ACCTGA	242.0	2967.4	-0.259
CGTAGG	29.0	372.3	-0.258
GGTACG	31.0	398.4	-0.258
GTATAA	122.0	1511.5	-0.255
GACGCA	44.0	562.0	-0.254
GCAAAA	219.0	2685.7	-0.254
GCGATG	52.0	660.3	-0.252
TAAGGG	136.0	1685.7	-0.251
CATGGG	214.0	3052.8	-0.251
ATCGGA	20.0	260.1	-0.249
CTGCAT	301.0	4484.9	-0.249
GAGGCG	157.0	1945.6	-0.248
TCGGTC	49.0	624.1	-0.248
ACGTCA	51.0	649.7	-0.246
CGCGAT	137.0	1865.0	-0.246
CGGGCC	79.0	1029.5	-0.246
GCCAGG	628.0	11648.9	-0.242
CATGAC	163.0	2010.1	-0.241
AAAGGT	165.0	2381.2	-0.240
TGGCAA	244.0	2992.0	-0.239
CGAACA	25.0	325.1	-0.239
TTTGGC	412.0	4993.3	-0.239
CACTTT	587.0	7082.4	-0.237
CCAGCG	92.0	1343.1	-0.237
TAATAA	229.0	2806.3	-0.236
TCATTC	362.0	4399.9	-0.235
TGAATC	179.0	2211.0	-0.234
GCCTTG	506.0	6124.7	-0.234
GCTCCG	111.0	2232.8	-0.234
AACTCC	771.0	9273.3	-0.230
TAGCGC	23.0	370.1	-0.230
AAATTA	330.0	4597.0	-0.230
GAAGAC	158.0	1966.7	-0.228
AAGATG	257.0	3147.8	-0.228
GAACGT	40.0	516.2	-0.228
CCTGCA	221.0	4930.0	-0.227
AGAGGT	249.0	3716.1	-0.225
CCAATT	206.0	2538.6	-0.224
TATAAA	274.0	3363.5	-0.221
TGCTTA	250.0	3077.7	-0.219
CGAGCC	67.0	856.7	-0.218
ACCATC	201.0	2797.5	-0.218
AGCATG	240.0	3271.3	-0.217
ACCTTG	283.0	4571.5	-0.216
TGGTCT	786.0	12527.9	-0.212
AAAACC	208.0	2570.0	-0.212
AGCCGT	52.0	671.0	-0.211
TGACCA	232.0	2858.5	-0.208
ACGGCC	50.0	646.4	-0.208
CGGCCA	104.0	1318.7	-0.207
AGGTTG	350.0	4279.4	-0.206
CTAATT	1176.0	14096.3	-0.204
CTGCCC	452.0	7216.0	-0.204
TTCTCA	533.0	6504.5	-0.203
TACCGT	33.0	435.0	-0.203
CTAGTG	143.0	1791.7	-0.203
GGTATC	117.0	1469.8	-0.202
GTCTTT	423.0	6531.0	-0.201
TCCGTC	96.0	1222.8	-0.200
ATGAAT	224.0	2776.6	-0.199
GTCCAT	153.0	1918.9	-0.198
CCCTGA	326.0	3994.3	-0.198
TCTTAG	244.0	3016.0	-0.196
GCCCCA	289.0	4076.6	-0.196
GTCCAA	124.0	1587.4	-0.195
CTGAAC	188.0	2342.3	-0.195
CTATCG	27.0	360.0	-0.193
TCCGAG	71.0	913.5	-0.193
ACTCAC	232.0	2867.2	-0.192
CGATGA	28.0	372.4	-0.192
TGCTCC	168.0	4154.7	-0.191
AACCCC	229.0	2833.0	-0.189
GCAACG	39.0	513.6	-0.188
CCTGTC	429.0	5235.0	-0.187
GGACGT	46.0	602.9	-0.187
TTACGA	16.0	312.7	-0.186
GGTCCT	217.0	2696.8	-0.186
ATAGAC	90.0	1153.8	-0.186
TGTTTC	508.0	6873.0	-0.184
ATATTA	180.0	2701.0	-0.182
AGGTAC	119.0	1503.9	-0.181
ACCAGA	179.0	2239.0	-0.181
CGTACA	26.0	349.2	-0.181
GCAGAT	231.0	2862.9	-0.180
GATAAT	174.0	2176.2	-0.180
GGAGAT	264.0	3264.2	-0.180
CGGGGC	108.0	1379.0	-0.179
AATTCA	252.0	3114.8	-0.178
GTATGC	94.0	1207.5	-0.177
GTTAGA	130.0	1642.4	-0.177
TGTTAC	190.0	2791.6	-0.176
AATGGA	215.0	2677.8	-0.176
TAACAA	152.0	1917.4	-0.175
AGAACA	234.0	2904.3	-0.174
TAACCA	133.0	1682.1	-0.172
AACTAA	128.0	1706.1	-0.171
TCGAGG	48.0	720.1	-0.169
AGGACC	171.0	2145.3	-0.168
CGAATT	43.0	570.2	-0.167
TCTGAC	245.0	3047.6	-0.165
ATTGAC	119.0	1511.2	-0.164
CGTATC	19.0	262.6	-0.164
GAGGTG	332.0	4838.6	-0.164
GCAGGT	199.0	3795.7	-0.162
AGCGGC	63.0	824.9	-0.162
TCGTGT	57.0	832.9	-0.161
GTCACA	163.0	2498.0	-0.161
CTGTAA	393.0	5104.3	-0.161
CATCGA	24.0	328.8	-0.160
TCTTCG	59.0	775.9	-0.159
AGAACG	42.0	560.0	-0.159
ACTTAA	177.0	2226.2	-0.157
GTTAAT	184.0	2314.3	-0.157
AAGGTC	167.0	2102.8	-0.157
TAGCAA	135.0	1715.2	-0.157
TAACGA	21.0	290.8	-0.155
CCGCGA	21.0	290.4	-0.155
TAAATC	158.0	2004.0	-0.155
GAACCA	176.0	2216.1	-0.154
TCAGGG	323.0	3991.0	-0.153
GGAAGA	297.0	3687.3	-0.152
TCGTAT	32.0	434.6	-0.152
CGTGCT	82.0	1134.4	-0.151
TGACCG	44.0	588.7	-0.150
AGTCGG	44.0	588.2	-0.150
ACCTCT	622.0	7588.7	-0.150
CTCGGG	72.0	1597.2	-0.145
CGAGAA	43.0	577.1	-0.145
AGGAAC	179.0	2260.5	-0.143
AAGGGT	172.0	2173.4	-0.143
AAAACG	52.0	693.8	-0.141
CGAAAT	19.0	394.2	-0.141
AACAAT	174.0	2199.8	-0.140
AGGGTT	331.0	5150.2	-0.140
TTCAGC	390.0	4819.1	-0.139
ATGGAT	187.0	2363.5	-0.139
GGTCTG	243.0	3367.5	-0.139
CTATGT	315.0	3916.9	-0.136
CAAATG	257.0	3208.0	-0.136
GAAGGC	200.0	2516.6	-0.135
TTCCCG	115.0	1476.3	-0.135
TGATAG	152.0	1940.3	-0.135
AAGCGG	49.0	657.8	-0.134
CTTTCG	71.0	936.4	-0.133
CTATAA	146.0	1866.2	-0.133
TTCATG	349.0	4327.3	-0.133
ACACAC	453.0	5571.7	-0.132
TAAGGA	169.0	2143.0	-0.132
GAAGGT	179.0	2268.2	-0.131
TCGGAA	33.0	453.6	-0.131
ACTCCC	286.0	3601.9	-0.130
TCAGAT	281.0	3505.2	-0.129
TACCCC	117.0	1505.0	-0.129
AGCGTG	86.0	1128.2	-0.128
TGTAGA	336.0	4178.2	-0.128
ATTAGG	146.0	1870.4	-0.126
CGCTTA	9.0	364.3	-0.126
TATCGC	21.0	391.1	-0.126
TGTAAT	409.0	5052.1	-0.124
CGTCCA	58.0	929.2	-0.124
GTAATA	117.0	1508.7	-0.124
CCCGAA	49.0	813.8	-0.123
ACGTGA	51.0	958.3	-0.123
TAGGAA	196.0	2476.9	-0.122
GACCGC	32.0	443.5	-0.122
CCGCTG	103.0	1347.3	-0.120
CGTTGA	33.0	457.9	-0.119
AACGCG	15.0	219.6	-0.118
GCTTGC	190.0	2671.8	-0.118
ATAGCC	107.0	1399.5	-0.117
AAGTCC	187.0	2380.2	-0.117
TAAGGT	129.0	1663.8	-0.117
GACATC	117.0	1513.1	-0.116
ATACGG	24.0	340.8	-0.115
AAGAGC	195.0	2470.1	-0.115
CAGTAT	185.0	2371.5	-0.114
GGTAAC	84.0	1112.0	-0.113
ACTGAG	250.0	3757.4	-0.113
GACGAG	57.0	769.9	-0.112
ATATCA	143.0	1843.2	-0.112
TCGATT	40.0	551.6	-0.112
TTTCAG	446.0	7350.6	-0.110
TTATGC	158.0	2033.2	-0.110
CGTGTA	40.0	683.3	-0.110
TACCCA	235.0	2966.0	-0.110
TCTATT	360.0	4641.1	-0.109
ACATAA	157.0	2021.9	-0.109
GTATGG	109.0	1430.0	-0.109
CCTACA	124.0	1879.0	-0.108
GGCAGG	451.0	6446.5	-0.108
TCTGTC	1022.0	12420.6	-0.108
AAAACT	258.0	3248.0	-0.107
CCTTAA	182.0	2325.1	-0.107
ACGCTG	69.0	1107.3	-0.107
CGCTGA	60.0	810.7	-0.106
CTGCGC	143.0	1848.3	-0.105
TCTGAA	284.0	3882.7	-0.105
GAACTC	536.0	6607.7	-0.105
GTGGTC	210.0	2668.8	-0.105
AATCAA	151.0	1949.1	-0.104
CGCCGA	19.0	277.3	-0.104
TCATTG	305.0	4162.2	-0.104
GTCGAT	17.0	250.8	-0.104
GGTAGG	152.0	1963.2	-0.103
TTCCAA	339.0	4231.3	-0.103
CCAACG	37.0	515.1	-0.103
GTGCTT	296.0	3724.7	-0.100
TGTAAG	192.0	2458.2	-0.100
TTTGTA	1061.0	17023.7	-0.100
ATAGAG	179.0	2452.9	-0.099
TCTCCG	110.0	1449.2	-0.099
AACGGT	26.0	373.0	-0.099
GACTTC	218.0	2938.2	-0.098
AGGTTT	434.0	5394.8	-0.098
CTATCC	114.0	1488.1	-0.098
TTATCC	190.0	2435.4	-0.097
AAGAGG	269.0	3398.6	-0.097
GAACTT	212.0	2701.2	-0.096
CGGCGT	8.0	448.2	-0.096
CAACAG	171.0	2735.6	-0.096
AGGCCG	120.0	1665.7	-0.095
CACACG	60.0	1286.7	-0.095
GGCCGC	90.0	1198.1	-0.095
CTAATC	105.0	1389.0	-0.095
CCTGTT	413.0	5141.5	-0.095
TTCACG	158.0	2046.3	-0.094
TGGTAG	232.0	2945.0	-0.094
GGAGCA	223.0	3176.2	-0.093
CCTTAT	201.0	2565.5	-0.093
ATTGGC	160.0	2546.5	-0.092
AGATGA	295.0	3722.4	-0.091
AATGTG	260.0	3290.6	-0.091
TAGCGT	30.0	429.3	-0.090
ACGCTC	42.0	674.0	-0.090
TGTCCG	46.0	638.7	-0.090
CTGACG	46.0	638.6	-0.090
CGGCAG	74.0	998.9	-0.089
ATGGGC	202.0	2582.9	-0.089
TCAAAA	302.0	3801.8	-0.089
AGATAA	196.0	2506.8	-0.089
ATGAAC	152.0	1975.1	-0.089
CTCATT	447.0	5860.6	-0.088
TATTTC	370.0	6219.3	-0.088
TAGACA	173.0	2229.5	-0.088
ATTGGT	199.0	2547.7	-0.087
GAACGA	24.0	351.0	-0.087
ATCGCC	43.0	601.5	-0.087
GATCTG	351.0	4406.1	-0.086
TGCGAG	46.0	641.0	-0.086
GTGTAT	236.0	3004.3	-0.086
TTAATC	189.0	2434.5	-0.086
AACTTG	182.0	2539.1	-0.085
ATCGCA	38.0	536.7	-0.085
CCTTAC	147.0	1915.4	-0.085
GTACAC	100.0	1333.7	-0.085
TAGCAC	124.0	1624.9	-0.085
CGTATA	20.0	297.3	-0.085
GTGGAC	122.0	1755.9	-0.083
GAAACA	180.0	2994.7	-0.083
CTGTCA	613.0	7567.9	-0.083
GTGTCC	240.0	3058.4	-0.083
TAGTGT	181.0	2336.3	-0.083
CATTCG	33.0	472.4	-0.082
TTAAAC	205.0	2627.7	-0.082
TTCGTG	68.0	926.4	-0.082
CGCTTT	106.0	1411.1	-0.082
TAATCA	154.0	2007.7	-0.082
GGACCG	31.0	464.0	-0.082
AGACGC	37.0	726.5	-0.082
TAGAAG	182.0	2349.9	-0.082
TAGTTA	153.0	1995.6	-0.082
CTGTTC	361.0	4528.3	-0.082
GGTGTT	285.0	3607.5	-0.081
ATCGGG	26.0	379.1	-0.081
TTTACC	276.0	3506.0	-0.081
CGAAGG	36.0	512.4	-0.081
ACAATG	189.0	2439.0	-0.081
AATCAC	194.0	2503.6	-0.080
GGTGCT	260.0	3448.7	-0.079
CGAGAG	52.0	736.3	-0.079
GGGCGG	133.0	1744.6	-0.078
GAGAAG	331.0	4174.4	-0.078
CAGATA	193.0	2493.8	-0.078
GGGCGT	80.0	1084.3	-0.077
CACTCA	284.0	3600.9	-0.077
CTACGT	35.0	501.7	-0.077
CGGCCG	55.0	762.3	-0.077
GTAATC	201.0	3217.3	-0.076
AAGGCA	236.0	3280.5	-0.076
TTTATC	309.0	4476.0	-0.076
TTAGAT	207.0	2660.9	-0.076
TTTCAT	635.0	7850.6	-0.075
GCGAAT	24.0	356.0	-0.075
CACTCT	592.0	7506.1	-0.075
CGACCG	14.0	218.9	-0.075
AGCTAC	208.0	2896.2	-0.074
CTAGTT	208.0	2676.0	-0.074
TAGGTA	129.0	1742.9	-0.074
CCGTAT	28.0	410.8	-0.074
GTGTTA	158.0	3312.8	-0.073
TACGTC	24.0	356.7	-0.073
ACTATC	86.0	1165.9	-0.072
ATGTGG	289.0	3673.2	-0.071
GGTTAC	121.0	1599.8	-0.071
AATAAA	376.0	4727.0	-0.071
GTAGGG	147.0	1930.7	-0.071
GTATGT	220.0	2832.3	-0.071
TCCGAT	26.0	385.6	-0.070
TTCATT	608.0	7548.8	-0.070
AAACTA	148.0	1943.8	-0.070
CTAGGG	126.0	2033.1	-0.070
TGCGGC	54.0	973.8	-0.070
AAGACG	49.0	690.6	-0.069
TGCTAT	191.0	3287.1	-0.068
TGTCAT	317.0	4024.6	-0.068
TTCCTA	295.0	3755.5	-0.068
TGACGT	50.0	704.6	-0.067
AGTACG	18.0	301.0	-0.067
CCCAAC	196.0	2717.1	-0.066
ATACAC	121.0	1604.8	-0.066
TCTGCG	74.0	1016.8	-0.066
TGGGGG	392.0	4929.4	-0.066
AAAGAG	282.0	3592.5	-0.066
CGTTAC	25.0	373.9	-0.066
GACGGC	39.0	561.7	-0.065
CCCATG	173.0	3372.5	-0.065
CCGAGA	49.0	1109.3	-0.065
TTTCGC	158.0	2077.8	-0.064
GTATCA	123.0	1632.7	-0.064
AACAAC	134.0	1772.5	-0.064
GATCCA	238.0	4267.7	-0.063
CGACTT	40.0	576.9	-0.062
CGGCGA	18.0	279.3	-0.062
ACTCGC	37.0	536.5	-0.062
GACCTG	218.0	2819.1	-0.061
GTCCAC	116.0	1969.2	-0.061
AGTCCG	30.0	444.3	-0.060
TCATCA	258.0	3306.7	-0.060
TTTACT	424.0	5329.3	-0.060
AAGAGA	319.0	4052.4	-0.059
CCTCTT	506.0	7216.8	-0.058
CCCTCG	76.0	1049.2	-0.057
CTTGTG	368.0	4661.6	-0.057
TAGTTC	164.0	2151.4	-0.056
TGTGGG	411.0	5181.0	-0.056
AACCGT	26.0	393.1	-0.056
TTGAAT	321.0	4084.1	-0.055
GAAAGC	183.0	2395.4	-0.055
AACATT	270.0	3469.2	-0.055
AGGTCT	269.0	3456.9	-0.055
TCATTA	214.0	2779.1	-0.055
CGGACG	16.0	255.2	-0.054
TCAATG	142.0	2153.3	-0.054
TTTAGT	672.0	13170.0	-0.053
GGTGTC	200.0	2604.6	-0.052
AGAGGA	310.0	3961.3	-0.052
ACGTTA	29.0	436.1	-0.052
GAGGGG	299.0	3821.7	-0.052
GGCTGC	358.0	5325.5	-0.052
GTGGGT	300.0	3835.4	-0.051
ATACTG	149.0	1980.2	-0.051
ATATCC	119.0	1597.1	-0.050
GCACCG	56.0	796.7	-0.050
AGGACG	49.0	704.3	-0.050
TTTGTC	478.0	6464.9	-0.050
TGACTT	374.0	4756.3	-0.049
ATGCGT	39.0	595.7	-0.049
TATCCG	17.0	272.8	-0.049
GAAAGG	247.0	3200.1	-0.048
ACTAGG	77.0	1524.5	-0.048
GAGATG	843.0	10432.8	-0.048
GTCATA	110.0	1498.7	-0.048
GACACG	47.0	791.5	-0.048
GCGCTG	62.0	1284.4	-0.047
GCCCAT	177.0	2814.1	-0.047
AAGTTG	184.0	2677.7	-0.047
CTCAAA	527.0	6620.0	-0.046
CTATTC	188.0	2474.0	-0.046
GATCAG	145.0	1936.7	-0.046
GGGCCG	87.0	1203.5	-0.046
GGCCCG	72.0	1124.2	-0.046
TACGCT	12.0	414.8	-0.046
CTTGTA	215.0	2808.9	-0.045
CCCGAC	65.0	1083.1	-0.045
AACAGC	171.0	2258.7	-0.045
AATTTA	326.0	4409.2	-0.045
GAGGAG	321.0	4835.0	-0.044
GTTCTG	330.0	4224.9	-0.044
GGCGCT	84.0	1171.7	-0.044
TGCATG	305.0	3916.6	-0.044
CTTTTC	747.0	10665.6	-0.043
TGTACA	205.0	2683.5	-0.043
ACTTGC	190.0	2504.8	-0.043
ACTTGT	216.0	2827.4	-0.042
CATTGT	294.0	3790.5	-0.042
CTTCGA	37.0	552.7	-0.042
CAAGGA	198.0	2813.7	-0.042
CTAAAC	108.0	1480.7	-0.042
GTTCCG	39.0	579.3	-0.042
CTATTG	165.0	2187.5	-0.042
ACGCAA	25.0	389.0	-0.042
TCGTAG	25.0	389.1	-0.042
CTATAC	70.0	988.8	-0.042
CGACGG	12.0	204.5	-0.042
TCACTA	229.0	3189.2	-0.041
ACCAGC	237.0	3800.6	-0.041
GATATC	87.0	1210.1	-0.041
CTGATA	151.0	2022.8	-0.041
ACTTGG	266.0	3447.4	-0.040
AAATGA	288.0	3891.0	-0.040
AGAGTT	331.0	4247.9	-0.040
TGGATA	188.0	2485.8	-0.040
CTTAGA	162.0	2205.9	-0.040
TAGAAC	115.0	1561.5	-0.040
CTATGC	130.0	1755.5	-0.039
TGAAGA	268.0	3475.9	-0.039
GGCTAT	141.0	1896.8	-0.039
GTTCGC	25.0	392.0	-0.039
TTCAGT	358.0	5424.2	-0.039
ATAATC	126.0	1870.2	-0.039
TCGGGA	74.0	1044.0	-0.039
TAAGTT	177.0	2921.0	-0.039
AGTAAA	201.0	2642.3	-0.039
TCACTT	400.0	5556.7	-0.039
TATGGT	154.0	2064.8	-0.038
TCTTTA	355.0	5927.3	-0.038
CCCCGT	96.0	1332.9	-0.038
CCCGGA	54.0	1029.3	-0.037
TATGTA	197.0	2593.1	-0.037
TTGGCC	715.0	10441.5	-0.037
CGTCAA	23.0	364.0	-0.037
GTCAAC	78.0	1099.4	-0.037
GCATCT	232.0	3225.1	-0.037
CGAACT	156.0	2547.5	-0.036
CGGGAA	55.0	798.7	-0.036
AGATCT	232.0	3033.2	-0.036
CAATAC	83.0	1178.7	-0.036
ATGGAC	119.0	1619.3	-0.036
CATTAA	159.0	2134.8	-0.036
CGATGT	38.0	572.9	-0.035
CAGATG	328.0	4222.6	-0.035
CTTGAC	238.0	3112.4	-0.035
CTTGAA	493.0	6247.0	-0.035
CAAAGA	225.0	2959.9	-0.035
CCCGTC	95.0	1323.8	-0.035
AACATA	164.0	2189.7	-0.034
TAAACG	28.0	438.0	-0.034
CCGTTA	21.0	339.3	-0.034
GATTCG	29.0	451.3	-0.034
AGCGAC	38.0	574.4	-0.033
AGATTG	212.0	2795.7	-0.033
AGCGGA	37.0	561.3	-0.033
AGATCA	211.0	2783.1	-0.033
GGTCAT	143.0	1934.5	-0.033
GCCTAT	156.0	2103.0	-0.033
TAGGGT	183.0	2437.3	-0.033
GATGTT	240.0	3145.8	-0.032
GAACGG	27.0	425.4	-0.032
CTAGAA	189.0	2517.7	-0.032
AGGCAA	199.0	2812.7	-0.031
GGGTTG	233.0	3067.7	-0.031
TGAACT	433.0	5525.5	-0.031
GGTTAG	110.0	1525.6	-0.030
GCGTTT	83.0	1175.1	-0.030
TCTCAT	388.0	5221.3	-0.030
AACACA	224.0	2960.8	-0.029
TCGCGT	11.0	197.3	-0.029
ATAAGA	132.0	1800.6	-0.029
GTATAG	87.0	1229.7	-0.029
TGTGGT	392.0	5715.1	-0.029
AGTCAA	132.0	1801.4	-0.029
CGGAAA	37.0	566.0	-0.029
CGACTG	5.0	563.7	-0.029
GTTTCA	591.0	11118.1	-0.028
ATAATA	192.0	2563.6	-0.028
AACTCA	179.0	2724.7	-0.028
GAGGAC	166.0	2228.5	-0.028
CAATGG	276.0	4690.8	-0.027
ACATTG	198.0	2631.8	-0.027
ATGATG	230.0	3032.2	-0.027
ATCGTG	43.0	713.9	-0.027
TACCTA	55.0	1681.6	-0.027
GAAAAC	189.0	2531.3	-0.026
CTGATG	265.0	3475.0	-0.026
CTAGCC	139.0	1898.6	-0.026
CAGTTA	194.0	2596.1	-0.026
CTCTGG	475.0	6116.3	-0.026
ATGCTT	278.0	3631.4	-0.026
GCAGAG	325.0	5200.3	-0.026
ATGTTG	567.0	9938.2	-0.026
TGCCGG	61.0	1019.3	-0.025
AACGTG	63.0	920.2	-0.025
TATGAA	177.0	2379.4	-0.025
CCAACC	178.0	2392.7	-0.025
ATATGT	227.0	3000.8	-0.025
CCCTGT	403.0	5185.5	-0.024
CGCCCT	96.0	1356.7	-0.024
TTCCGG	69.0	1001.0	-0.024
GACTGT	196.0	2614.6	-0.024
AATCCG	26.0	420.4	-0.024
TACATT	283.0	3701.4	-0.024
GGCTGT	325.0	4580.1	-0.024
CCATAG	121.0	1669.5	-0.024
GATGCG	37.0	574.0	-0.024
AGATAT	180.0	2453.3	-0.024
ACTAGT	86.0	1227.2	-0.024
ACGAGG	71.0	1030.5	-0.023
ACATCT	222.0	2954.8	-0.023
CGACAT	22.0	364.8	-0.023
GCTATT	195.0	3143.8	-0.023
GACCTC	486.0	8149.7	-0.023
CTTGCA	248.0	3278.5	-0.023
AAATCG	18.0	397.2	-0.023
TATACT	137.0	1881.3	-0.023
CCTACG	16.0	462.1	-0.022
GTTTCG	131.0	1805.4	-0.022
CTTTCT	912.0	14232.1	-0.022
CAAATC	141.0	2147.8	-0.022
CCAGTA	197.0	2635.3	-0.022
ACTCAT	176.0	2376.1	-0.022
TATACA	156.0	2130.4	-0.022
ACGAAG	38.0	590.3	-0.022
GTAAAA	176.0	2377.4	-0.022
GCATAG	106.0	1494.9	-0.021
AAATAC	230.0	3337.0	-0.021
TATCCA	160.0	2171.6	-0.021
AACGCA	25.0	410.5	-0.021
TACCAT	202.0	2702.2	-0.021
AGACGA	64.0	942.5	-0.021
CCCTTA	148.0	2028.3	-0.021
CCTATC	107.0	1508.6	-0.021
GTCGTA	12.0	220.9	-0.021
TAGAAA	267.0	3519.8	-0.021
AGATCC	154.0	2108.3	-0.021
ACATAC	125.0	1731.3	-0.021
ACCGTT	13.0	495.7	-0.020
AGAACT	208.0	2783.2	-0.020
GGCGGT	52.0	783.9	-0.020
CTCATC	253.0	3342.7	-0.020
CTATGG	123.0	1707.9	-0.020
AGAAGA	280.0	3680.9	-0.020
CAAGGG	193.0	2688.0	-0.020
GAGACC	260.0	3434.1	-0.019
GGCCCC	234.0	3393.2	-0.019
CCGTCT	110.0	1913.5	-0.019
GTTTGG	316.0	4243.4	-0.019
AAATCC	184.0	2490.3	-0.019
AGCCCA	331.0	4321.9	-0.019
ATGGCC	198.0	2658.5	-0.019
ACATGA	179.0	2425.1	-0.019
TAGATA	139.0	1920.8	-0.019
ATGGGT	171.0	2552.3	-0.018
ACAGTA	143.0	1973.0	-0.018
TGAAAG	236.0	3140.8	-0.018
CCTATT	200.0	2686.4	-0.018
ATCACC	218.0	2920.6	-0.018
GACAGC	174.0	2362.6	-0.018
GTAGGA	124.0	1726.2	-0.018
GCCGAC	31.0	499.2	-0.018
CGCTCG	17.0	440.3	-0.018
GCATGG	202.0	3203.8	-0.018
CCCTCA	234.0	4199.6	-0.018
TCCGGT	36.0	570.5	-0.018
TTCTGC	450.0	7057.4	-0.017
CAATAA	142.0	1963.2	-0.017
TCGGTG	45.0	694.4	-0.017
ACGAAA	25.0	416.4	-0.017
TTACGC	13.0	430.2	-0.017
ACCAAA	166.0	2262.7	-0.017
TCGTAA	19.0	329.9	-0.017
TTCGCG	15.0	270.5	-0.017
TGTTCC	317.0	4162.9	-0.017
TAATTC	205.0	2758.9	-0.017
CGGTAT	9.0	310.3	-0.017
CGTAAG	28.0	460.1	-0.016
TCCAAA	268.0	3553.1	-0.016
TCCACG	68.0	1006.7	-0.016
GGACAC	151.0	2084.1	-0.016
CTTGTC	286.0	3775.4	-0.016
GAATTG	188.0	2554.9	-0.016
AATATG	164.0	2242.6	-0.016
GATTTG	227.0	3862.3	-0.016
CGTGGA	61.0	914.9	-0.016
ACCTAT	107.0	1524.7	-0.016
GAAAGT	197.0	2659.8	-0.016
GTGAGC	662.0	8410.5	-0.016
AAACAG	264.0	3506.1	-0.015
GGAGAG	316.0	4490.7	-0.015
CGGGAG	127.0	1938.0	-0.015
TAACCC	96.0	1382.1	-0.015
TGACGA	26.0	435.4	-0.015
AGAATT	266.0	3970.1	-0.015
GTAAAC	95.0	1370.5	-0.015
CTCCCC	423.0	6592.6	-0.014
GTCATT	239.0	3199.1	-0.014
ATCCCT	227.0	3043.1	-0.014
GCCGCT	73.0	1079.4	-0.014
GTACCG	13.0	312.0	-0.014
ATCAAC	87.0	1266.3	-0.014
GCCCTA	109.0	1557.2	-0.014
GGGAAC	147.0	2042.5	-0.014
CCGGTA	17.0	305.1	-0.014
GGAGGG	406.0	5283.7	-0.014
GTTAAG	108.0	1545.1	-0.014
TCATGA	252.0	3361.1	-0.013
TGGATC	181.0	2476.1	-0.013
AAACAT	243.0	3258.4	-0.013
GAAGAT	172.0	2359.4	-0.013
CGATAT	20.0	351.3	-0.013
GCCATT	418.0	5435.4	-0.013
CGATAA	12.0	231.1	-0.013
ACATCA	137.0	2238.0	-0.013
CTTATA	132.0	2016.8	-0.013
TATGTC	150.0	2088.9	-0.012
ATGACC	82.0	1868.5	-0.012
GGAGAA	335.0	4413.8	-0.012
GAGTTT	574.0	7429.2	-0.012
GAGCTC	271.0	3616.1	-0.012
GGGGTT	516.0	9217.6	-0.012
TATTCC	200.0	2718.7	-0.012
GGAAAT	224.0	3031.1	-0.012
CTAGAT	125.0	1764.3	-0.012
TCCAGA	310.0	4124.6	-0.012
TTAGGA	203.0	2758.1	-0.012
GTTATA	109.0	1567.8	-0.012
TGATCC	611.0	7824.7	-0.011
CCCGTG	68.0	1103.2	-0.011
GAAATC	152.0	2119.8	-0.011
ACCGTG	181.0	2485.7	-0.011
ACAGCA	253.0	3713.2	-0.011
ATACGC	16.0	295.3	-0.011
ATAGTA	121.0	1714.8	-0.011
AACCAT	144.0	2016.2	-0.011
CTGTGC	455.0	5900.3	-0.011
TTAATA	267.0	3572.5	-0.011
TCGGGT	26.0	770.1	-0.011
ACTCGT	30.0	501.8	-0.011
TACTAG	83.0	1226.6	-0.011
GAATTT	362.0	4954.6	-0.011
CAGGTC	201.0	2738.5	-0.011
TTCTGT	683.0	8862.6	-0.010
TACACA	177.0	2439.9	-0.010
CCATCG	43.0	685.3	-0.010
CGTCTC	106.0	1902.8	-0.010
GACCTA	81.0	1201.7	-0.010
CACGTT	82.0	1216.2	-0.010
GCGAAA	28.0	475.9	-0.010
TTGCGT	47.0	742.7	-0.010
AAATCA	217.0	2955.7	-0.010
TGCCAG	399.0	5227.3	-0.010
GTTGGC	371.0	6145.4	-0.009
TCAATA	124.0	1763.9	-0.009
TGAACC	170.0	2987.5	-0.009
CCTAGA	157.0	2197.7	-0.009
GTCGTC	30.0	506.1	-0.009
ATTGCC	205.0	2802.3	-0.009
GTCAGT	182.0	2514.6	-0.009
ACTCTA	137.0	1939.4	-0.009
TTGAAC	405.0	5316.5	-0.009
AGTAAG	131.0	1861.1	-0.008
AGCCCT	314.0	4183.8	-0.008
TGTGCT	325.0	5162.1	-0.008
GAACCT	110.0	2198.0	-0.008
TCGTCT	50.0	791.9	-0.008
GAACAT	150.0	2116.0	-0.008
CAACAT	163.0	3135.5	-0.008
CCATAA	110.0	1601.7	-0.008
GACGAT	21.0	381.0	-0.008
CATCCA	234.0	3182.2	-0.008
AGCACA	208.0	3191.6	-0.007
AAGGTT	187.0	2592.9	-0.007
GGCGGA	66.0	1500.9	-0.007
AAAGGA	261.0	3526.9	-0.007
CGATGG	40.0	655.1	-0.007
CGCCTT	128.0	1830.7	-0.007
GAATCA	157.0	2214.6	-0.007
ACGTGG	83.0	1245.3	-0.007
GCGTAA	19.0	352.3	-0.007
TCTACA	171.0	2386.2	-0.007
CAACGC	21.0	383.4	-0.007
CATTGC	258.0	3530.5	-0.007
CGCATT	32.0	544.8	-0.007
GTCCTA	102.0	1501.3	-0.007
AATTGA	165.0	2331.1	-0.007
GGCCGA	85.0	1274.6	-0.007
GGGCGA	55.0	867.7	-0.007
AAAACA	330.0	4401.8	-0.007
AGAGAA	327.0	4362.1	-0.007
CCCGAT	29.0	502.1	-0.006
CGTCTG	66.0	1168.2	-0.006
GGGGCC	210.0	3220.9	-0.006
AATCTG	202.0	2942.5	-0.006
GGTCGT	23.0	416.4	-0.006
AATGAA	239.0	3264.9	-0.006
TAGATC	96.0	1428.0	-0.006
GCCCCT	304.0	4081.9	-0.006
TATTCG	18.0	341.8	-0.006
GCCAGT	240.0	3278.8	-0.006
GTACCC	90.0	1348.9	-0.006
GCTATG	163.0	2292.9	-0.006
GATTGA	120.0	1823.1	-0.006
TCAACT	152.0	2447.8	-0.006
CAATAG	90.0	1349.6	-0.006
ATGACG	26.0	462.5	-0.006
GAGGGT	198.0	2742.9	-0.006
ATCAAA	145.0	2070.8	-0.006
GATGCT	208.0	2874.2	-0.006
TGCGGA	37.0	622.4	-0.005
CGGTCC	32.0	551.3	-0.005
TACTTA	140.0	2006.8	-0.005
TGTTCG	33.0	566.7	-0.005
GAAGCA	214.0	2957.7	-0.005
CCAGAA	263.0	3577.2	-0.005
ACCGCG	96.0	1435.3	-0.005
TCTTCT	695.0	8942.3	-0.005
TAGGCC	116.0	1689.5	-0.005
TAACCG	13.0	280.5	-0.005
TCAGTT	364.0	4846.8	-0.005
GACCAT	117.0	1749.4	-0.005
AGTGAG	363.0	5459.1	-0.005
CGTTAA	19.0	360.9	-0.005
GTCAGA	177.0	2485.2	-0.005
AGGGGT	221.0	3053.5	-0.005
CGTTTC	79.0	1206.3	-0.005
GCGGAC	13.0	447.4	-0.005
ACCGCT	36.0	611.3	-0.005
TGGAAG	304.0	4096.6	-0.005
GTGAAT	191.0	2672.8	-0.005
TGTTAA	169.0	2836.5	-0.005
AACCAG	181.0	2540.7	-0.005
CTCGTT	64.0	1003.6	-0.005
ATTCGC	14.0	371.0	-0.005
TCCTTG	383.0	5091.4	-0.005
GGGGGA	216.0	2991.4	-0.005
GAACTG	187.0	2622.5	-0.005
ATTGGG	152.0	2173.5	-0.005
TTTCGT	88.0	1332.3	-0.005
CAATAT	100.0	1865.5	-0.005
TGCATA	160.0	2530.0	-0.005
ACGTCT	51.0	825.8	-0.005
AGCGAG	72.0	1115.6	-0.005
GGGAGA	311.0	4195.0	-0.005
GCACAT	209.0	2903.0	-0.004
CACATG	268.0	3654.9	-0.004
AGCAAA	221.0	3061.7	-0.004
TCCTCA	357.0	5110.2	-0.004
TACATC	100.0	1496.9	-0.004
AAGATA	146.0	2096.5	-0.004
TCGTTG	34.0	663.1	-0.004
ACCAAT	104.0	1550.0	-0.004
TAAGAG	159.0	2269.4	-0.004
AGGGTA	121.0	1765.5	-0.004
CTCCTT	531.0	7326.5	-0.004
GACGAA	18.0	481.1	-0.004
CTATCT	200.0	2786.7	-0.004
AAAGCA	260.0	3552.1	-0.004
AAACGA	36.0	616.9	-0.004
GACCCG	34.0	589.7	-0.004
TTAGGC	128.0	1862.3	-0.004
GTTAGT	134.0	1943.0	-0.004
TGCTCG	55.0	887.5	-0.004
CTAGTC	106.0	1583.2	-0.004
CAGGAT	331.0	5482.7	-0.004
ATCTGT	293.0	3983.7	-0.004
AATGCT	248.0	3415.3	-0.004
GATCCC	132.0	1919.1	-0.004
CGTGAC	38.0	649.0	-0.004
GGCAAG	188.0	2649.7	-0.004
GCTCCA	277.0	3780.4	-0.004
GGACCC	144.0	2079.8	-0.004
GATAGG	107.0	1598.9	-0.004
ACCCTA	96.0	1450.1	-0.004
GAAACT	210.0	2928.2	-0.004
GCCAAG	260.0	3748.8	-0.004
CCGATG	22.0	415.6	-0.004
CCCATA	118.0	1734.1	-0.004
ATCAGG	170.0	2414.6	-0.004
ACCTAC	70.0	1522.9	-0.003
GAAGAG	257.0	3528.3	-0.003
GTCGAA	12.0	259.4	-0.003
GGTCTC	831.0	10675.2	-0.003
TATGTG	265.0	3685.4	-0.003
ACTGCT	222.0	3832.8	-0.003
CGGTTT	74.0	1157.1	-0.003
CTCATA	132.0	1927.0	-0.003
CGTTAT	26.0	478.9	-0.003
AGGTGA	435.0	5781.2	-0.003
AAGTCA	191.0	2700.2	-0.003
CATCTG	328.0	4436.7	-0.003
TGCTTG	349.0	4702.9	-0.003
GGCCCT	275.0	3774.0	-0.003
CGGACC	23.0	434.9	-0.003
GGTTAT	125.0	1932.6	-0.003
CACGAA	28.0	509.7	-0.003
GTCAAT	96.0	1460.9	-0.003
CCATTC	424.0	5641.2	-0.003
AAGGCT	213.0	3222.9	-0.003
TGGACG	38.0	656.3	-0.003
GCTATC	85.0	1340.5	-0.003
ATGGAA	220.0	3079.9	-0.003
AAGACA	220.0	3080.4	-0.003
GTCGGA	15.0	373.2	-0.003
GGGGGC	201.0	2829.7	-0.003
GGAACG	32.0	572.0	-0.003
GAGTTA	125.0	1844.4	-0.003
CACCGA	36.0	631.6	-0.003
AAGGGC	162.0	2326.4	-0.003
ATGTCT	271.0	3735.9	-0.003
ACGAAT	18.0	361.7	-0.003
CATGTC	200.0	2819.8	-0.002
AGTCAG	223.0	3126.9	-0.002
TCGGTA	15.0	314.8	-0.002
GGAGCC	245.0	3491.2	-0.002
GTCTAT	122.0	1807.9	-0.002
CGCAAA	26.0	485.9	-0.002
GGCAAC	133.0	2168.5	-0.002
CCTATA	96.0	1470.2	-0.002
GTTACG	17.0	347.2	-0.002
GCCAGC	285.0	3914.3	-0.002
CAAACG	37.0	693.4	-0.002
AAGGGA	260.0	3597.3	-0.002
TAGTGG	192.0	2734.4	-0.002
AGCGCG	10.0	408.6	-0.002
CGGTCG	8.0	199.5	-0.002
TAAACA	193.0	2750.7	-0.002
CGAGGT	82.0	1284.6	-0.002
GGCCTT	344.0	4666.7	-0.002
GGATCC	124.0	1842.2	-0.002
AATTTC	340.0	4616.3	-0.002
ACACTA	91.0	1409.7	-0.002
CGTCGT	8.0	200.8	-0.002
ATTGCG	26.0	490.8	-0.002
GACGTC	25.0	475.5	-0.002
GCTGTC	221.0	3113.2	-0.002
CTGCGG	87.0	1355.3	-0.002
ACGGAA	33.0	595.6	-0.002
GCGCCG	39.0	683.2	-0.002
CATCTA	133.0	1966.9	-0.002
AATGCG	19.0	384.1	-0.002
CATAGA	109.0	1656.6	-0.002
AAGGAT	164.0	2370.0	-0.002
CTGCTA	200.0	2837.2	-0.002
GCTAAG	120.0	1793.9	-0.002
ATATCG	7.0	248.2	-0.002
CTACAT	110.0	1937.4	-0.002
GCGGGT	55.0	914.6	-0.002
CCAGAT	214.0	3202.7	-0.002
TTACTC	195.0	2774.6	-0.002
ACAAGA	155.0	2266.5	-0.002
ACTGAC	121.0	1810.4	-0.002
ACGGTG	59.0	1093.2	-0.002
TGGTCA	276.0	3829.3	-0.002
CTGAGG	365.0	6606.4	-0.002
ATCAGT	160.0	2323.3	-0.002
GGTATA	79.0	1310.3	-0.002
TCGGGG	56.0	932.7	-0.002
AAGGAA	294.0	4061.4	-0.002
TGTCCA	272.0	3781.6	-0.002
AACCCT	177.0	2554.2	-0.002
GTTGTA	136.0	2017.8	-0.002
GAGCGT	34.0	618.0	-0.001
TCCCGT	58.0	963.2	-0.001
GAAGTC	167.0	2494.7	-0.001
GAGATC	201.0	2865.0	-0.001
AGGTAG	140.0	2398.7	-0.001
GCCGTC	17.0	672.3	-0.001
GGGGTA	98.0	1519.9	-0.001
AAGTTC	198.0	2828.2	-0.001
GTCGAC	9.0	225.7	-0.001
CCTGAT	224.0	3178.9	-0.001
TCCATA	139.0	2066.5	-0.001
GAGCTT	210.0	2991.3	-0.001
ATAGTG	150.0	2214.6	-0.001
CCACTT	332.0	4554.5	-0.001
TATCTA	92.0	1879.9	-0.001
ATATTG	210.0	3257.4	-0.001
CGCCAA	33.0	608.8	-0.001
CTAAAA	244.0	3437.5	-0.001
CGGATG	28.0	533.7	-0.001
CAACGG	22.0	442.7	-0.001
GACGGG	247.0	3832.9	-0.001
TTGTCT	396.0	6146.5	-0.001
TAGGGA	165.0	2410.4	-0.001
TCACAA	179.0	2598.5	-0.001
CACTAG	92.0	1447.4	-0.001
CAAAAG	201.0	2881.4	-0.001
AATGCC	140.0	2505.0	-0.001
AACCTA	86.0	1365.1	-0.001
GGCAAA	168.0	2452.5	-0.001
GACAAA	146.0	2170.6	-0.001
AAGAAG	241.0	3404.6	-0.001
TTATAC	117.0	1777.6	-0.001
CTAGAC	83.0	1324.1	-0.001
ATCCAT	188.0	2723.2	-0.001
AATAAT	254.0	3566.4	-0.001
GAAAGA	197.0	3420.7	-0.001
GCAAGA	172.0	2508.5	-0.001
CTATAT	129.0	1943.5	-0.001
GTTTAG	163.0	2389.9	-0.001
CATCGC	35.0	643.4	-0.001
CTTTAG	225.0	3208.8	-0.001
GCTCTC	255.0	3583.1	-0.001
CTACCC	131.0	1972.5	-0.001
ACAAGG	175.0	2553.9	-0.001
ACGCTA	3.0	280.2	-0.001
GCCTTT	448.0	6044.2	-0.001
TATTCA	215.0	3078.5	-0.001
CAGGAC	197.0	2838.7	-0.001
ACGAGA	28.0	540.3	-0.001
CGCTCC	64.0	1065.5	-0.001
GTGGGC	215.0	3434.7	-0.001
ACTTCC	283.0	3952.3	-0.001
AGAGCT	258.0	3632.0	-0.001
ACCCCA	198.0	3584.8	-0.001
ATCCGG	24.0	480.5	-0.001
GTATCC	81.0	1308.6	-0.001
ACATGT	195.0	3136.7	-0.001
GAGGAT	214.0	3071.0	-0.001
TTCGTA	29.0	558.0	-0.001
CATTGG	169.0	2479.4	-0.001
ATCCCA	251.0	4726.5	-0.001
CGGTCA	25.0	497.0	-0.001
GTAGTA	88.0	1405.0	-0.001
TTCTAC	186.0	2760.5	-0.001
CTAATA	110.0	1709.3	-0.001
TCCCCA	346.0	6324.8	-0.001
ATAGCG	13.0	306.0	-0.001
TTCGGG	45.0	799.4	-0.001
GATATG	114.0	1752.0	-0.001
CACGGA	39.0	711.3	-0.001
AAGGTG	188.0	3003.6	-0.001
GCGGCG	41.0	821.0	-0.001
TACTGA	155.0	2311.3	-0.001
GCACTC	141.0	2956.5	-0.001
TTTGCC	459.0	6740.9	-0.001
CCCCTT	332.0	4597.8	-0.001
AAAAAG	326.0	4517.3	-0.001
TATGCA	139.0	2096.5	-0.001
CGGCGG	39.0	713.1	-0.001
TTAGTC	128.0	1947.0	-0.001
CCCGTT	46.0	816.8	-0.001
CCAAAG	734.0	9736.4	-0.001
TTGGTC	303.0	4226.9	-0.001
TATGCG	8.0	364.0	-0.001
AACGCT	23.0	471.3	-0.001
AGTTTC	489.0	6590.5	-0.001
GCCCTC	263.0	3717.1	-0.001
CACATA	159.0	2372.5	-0.001
TATCCC	112.0	1745.9	-0.001
CAAACC	132.0	2157.0	-0.001
CAGACC	164.0	2426.2	-0.001
TCTCTT	593.0	9723.9	-0.001
CAGCAC	182.0	4893.7	-0.001
TGGGGA	379.0	5201.3	-0.001
ATGGCA	237.0	3754.2	-0.001
ACTGTC	174.0	2805.9	-0.001
AGAGGG	275.0	3885.6	-0.001
AATGGT	225.0	3241.9	-0.001
CTAAGA	124.0	1901.0	-0.001
TCCCTG	503.0	6780.5	-0.001
TGGCCG	92.0	1475.0	-0.001
GTACTT	152.0	2285.1	-0.001
TTGCAT	311.0	4348.3	-0.001
GTCTTC	233.0	3498.7	-0.001
TTCACT	489.0	6607.5	-0.001
GGAAAC	167.0	2476.3	-0.001
CAAACA	219.0	3165.8	-0.001
GCCATA	87.0	1408.4	-0.001
GTACTC	68.0	1141.0	-0.001
TGCTAA	160.0	2429.2	-0.001
ATAAAA	294.0	4136.5	-0.001
TATCAA	98.0	1563.0	-0.001
GCTTCT	356.0	4932.2	-0.000
GCCGTT	34.0	647.8	-0.000
ACGCTT	36.0	678.1	-0.000
CCCCTC	378.0	5203.7	-0.000
TAAACC	99.0	1577.2	-0.000
GTCCGC	28.0	557.2	-0.000
TGAGCT	374.0	5165.9	-0.000
TCGTTA	21.0	447.4	-0.000
CACACA	506.0	6836.1	-0.000
CGCCGT	19.0	415.4	-0.000
CGGTAG	19.0	415.5	-0.000
ATCCAG	218.0	3158.4	-0.000
AAACAC	169.0	2510.9	-0.000
TTGATC	167.0	2922.3	-0.000
CTGACA	197.0	2877.3	-0.000
AACGGC	21.0	448.2	-0.000
GGGAGC	212.0	3080.6	-0.000
CTGCAC	376.0	5184.4	-0.000
TGGTCC	183.0	2702.3	-0.000
CCTTCT	497.0	7446.1	-0.000
CCGTGT	133.0	2037.1	-0.000
GTAAGT	91.0	1884.3	-0.000
ATTCAC	156.0	2630.5	-0.000
CTTCGC	47.0	894.7	-0.000
TGGGCG	104.0	1654.8	-0.000
ATGTCG	20.0	436.0	-0.000
ATTTGG	289.0	4544.6	-0.000
GTGAGG	256.0	3656.4	-0.000
CGCAGA	39.0	730.8	-0.000
ATTCCA	230.0	3461.3	-0.000
GTCGGC	29.0	579.3	-0.000
GCGGAG	88.0	1437.6	-0.000
GCTCGT	33.0	641.9	-0.000
AATCGC	32.0	626.4	-0.000
ACTTTG	431.0	5908.3	-0.000
CACTAA	104.0	1661.6	-0.000
CTTTAA	302.0	4258.6	-0.000
CGACGA	3.0	123.5	-0.000
ATGTAC	69.0	1678.3	-0.000
ATATAC	101.0	1716.7	-0.000
GTGACC	161.0	2555.0	-0.000
ATTGTG	192.0	3570.4	-0.000
TATCAG	145.0	2217.5	-0.000
AAAGCG	39.0	736.1	-0.000
AATGGG	190.0	2818.5	-0.000
AAGTTA	153.0	2328.6	-0.000
TATATC	108.0	1724.0	-0.000
ATCCGC	127.0	2239.7	-0.000
TCTAGT	163.0	2495.2	-0.000
CTCTAT	207.0	3037.1	-0.000
ACGGTA	13.0	324.0	-0.000
GACCCC	140.0	2153.8	-0.000
AGAAAC	211.0	3094.2	-0.000
TATAGT	146.0	2237.9	-0.000
TCAGTA	184.0	2741.6	-0.000
TTCGGA	19.0	533.1	-0.000
TCGCCA	95.0	1546.6	-0.000
GCAACA	164.0	2470.6	-0.000
TGCTTC	364.0	5384.5	-0.000
TCACGA	44.0	815.9	-0.000
AATCCA	177.0	2648.3	-0.000
GTGAAA	238.0	3449.3	-0.000
TGATTG	214.0	3196.8	-0.000
TACCAA	89.0	1633.7	-0.000
CAGTAA	145.0	2226.0	-0.000
TACTCC	108.0	1988.8	-0.000
AACCGA	11.0	376.6	-0.000
TCGCCG	13.0	408.6	-0.000
CATATG	150.0	2297.3	-0.000
AGCCAG	368.0	6597.5	-0.000
AGAAGT	219.0	3211.9	-0.000
CCACTC	238.0	3782.9	-0.000
CCGTTC	33.0	653.4	-0.000
GCTTTG	406.0	5629.4	-0.000
GGGTGA	200.0	3218.1	-0.000
TACACT	125.0	1959.0	-0.000
GCGACG	3.0	223.6	-0.000
CAGTAC	72.0	1652.4	-0.000
GAGCAC	139.0	2280.6	-0.000
GCGGTA	7.0	321.4	-0.000
AAGCCA	259.0	4007.6	-0.000
ATTCGG	20.0	451.0	-0.000
CTTTAC	194.0	2896.6	-0.000
GTAAGG	87.0	1447.0	-0.000
CCGCAC	65.0	1133.8	-0.000
AACCAA	122.0	1925.0	-0.000
TGACGG	28.0	581.9	-0.000
TCCGCA	33.0	659.9	-0.000
CAGAAT	236.0	3445.2	-0.000
GGCGAC	35.0	691.6	-0.000
TTGCCA	320.0	5133.8	-0.000
CTACTA	133.0	2079.7	-0.000
GGACAG	209.0	3093.2	-0.000
GCATTT	440.0	6072.8	-0.000
CGTTCT	62.0	1094.3	-0.000
GCTGAC	155.0	2384.0	-0.000
ATTGCT	281.0	4086.5	-0.000
AGTTTA	239.0	3537.2	-0.000
AACCTG	196.0	2919.7	-0.000
CTTAGG	161.0	2454.9	-0.000
AGTTAC	91.0	1893.2	-0.000
TGAATG	232.0	3398.9	-0.000
GGTAGT	77.0	1541.7	-0.000
GACAAG	146.0	2264.4	-0.000
AATACC	92.0	1526.8	-0.000
ACCGTC	22.0	490.7	-0.000
AAGCCC	178.0	2694.6	-0.000
CCTAAT	145.0	2254.8	-0.000
TGGTGG	498.0	6827.0	-0.000
TATCGA	8.0	245.7	-0.000
GAGGTA	111.0	1796.0	-0.000
GTTCCC	196.0	2932.0	-0.000
TCGGCG	14.0	357.4	-0.000
ACGATA	9.0	266.0	-0.000
GTTCCT	274.0	3968.0	-0.000
TAAAAG	199.0	3143.5	-0.000
CCGATA	7.0	227.5	-0.000
GACGTT	26.0	559.9	-0.000
CTTCTA	219.0	3248.7	-0.000
GTCCCT	235.0	3453.3	-0.000
CCGACA	19.0	445.5	-0.000
ACATTA	130.0	2055.8	-0.000
CTCCGT	94.0	1565.7	-0.000
TGCTAG	170.0	2594.2	-0.000
TCAGCA	284.0	4097.4	-0.000
GTGAAC	116.0	1957.6	-0.000
TACTAA	143.0	2238.9	-0.000
ACTCAA	139.0	2284.8	-0.000
TGATCG	23.0	560.4	-0.000
CTTCCA	425.0	5916.1	-0.000
GGTTCC	161.0	2475.2	-0.000
AAAATG	351.0	4975.5	-0.000
AAGCCG	33.0	676.0	-0.000
AATGTT	274.0	4179.9	-0.000
TCGACG	1.0	110.8	-0.000
ACCCAC	251.0	3918.6	-0.000
GGCTTC	294.0	4244.3	-0.000
GTCTGC	202.0	3030.2	-0.000
GCGGCT	57.0	1041.1	-0.000
TGTATG	209.0	3130.9	-0.000
GTAATG	110.0	1803.5	-0.000
TCCGTG	55.0	1014.4	-0.000
AGTTCG	37.0	742.2	-0.000
TTTCTC	614.0	11665.5	-0.000
GATGAA	160.0	2475.3	-0.000
TCGAAC	162.0	2503.4	-0.000
GTTACT	147.0	2310.5	-0.000
GGGAAG	310.0	4463.4	-0.000
TAAGGC	100.0	1666.1	-0.000
CCCTAC	114.0	1850.4	-0.000
AGAATC	123.0	2730.9	-0.000
CTCTGA	362.0	5133.8	-0.000
TACGTG	17.0	701.3	-0.000
TGGCGA	41.0	807.1	-0.000
ATCGAC	5.0	194.0	-0.000
TTCACC	459.0	9103.4	-0.000
CCCATC	283.0	4114.1	-0.000
CCCCTA	104.0	1841.5	-0.000
GTGGTT	286.0	4228.6	-0.000
CAAGAT	170.0	2620.7	-0.000
AAAAGA	304.0	4388.9	-0.000
CAAGGT	172.0	3104.7	-0.000
GCGTCG	7.0	237.5	-0.000
TTTACG	27.0	590.3	-0.000
GATACG	9.0	404.5	-0.000
TCAACA	143.0	2262.2	-0.000
CAAGAA	183.0	2803.1	-0.000
GAACCC	141.0	2235.9	-0.000
TTGCAC	158.0	3065.1	-0.000
GTCAGG	325.0	4668.4	-0.000
TCGTCA	28.0	608.1	-0.000
AGAAAA	379.0	5367.0	-0.000
TGAGCG	44.0	859.2	-0.000
TTCCCC	419.0	5891.1	-0.000
ATGAGG	206.0	3111.1	-0.000
GATCTC	743.0	10004.9	-0.000
CCAAGA	205.0	3097.6	-0.000
GTTCGG	15.0	413.2	-0.000
AAACCT	186.0	2851.4	-0.000
TTACAC	94.0	1979.6	-0.000
AGCTCC	390.0	5524.5	-0.000
ATGTCA	180.0	2770.5	-0.000
CGTGAA	41.0	817.7	-0.000
CCAGTT	292.0	4343.7	-0.000
TCTTTC	800.0	12182.3	-0.000
ATTCCG	23.0	531.2	-0.000
CTTCGG	46.0	895.5	-0.000
GGCAGA	261.0	4525.4	-0.000
CCCAAT	112.0	1855.4	-0.000
CCGGAA	26.0	619.5	-0.000
AGACCA	207.0	3505.4	-0.000
GACAAT	89.0	1529.8	-0.000
ATAAAC	115.0	1886.6	-0.000
AGACCT	163.0	2546.1	-0.000
GTTCCA	182.0	2810.5	-0.000
CCCTAT	103.0	1734.7	-0.000
CGCTAG	14.0	380.3	-0.000
TCCGCG	15.0	399.5	-0.000
ATGAAG	187.0	3007.8	-0.000
TAGTCC	118.0	1933.0	-0.000
GGGTAT	98.0	1663.2	-0.000
TCCTAT	148.0	2354.1	-0.000
GAGCCG	77.0	1361.6	-0.000
CATCTT	335.0	5039.1	-0.000
TTCGAT	18.0	452.9	-0.000
GACACT	134.0	2159.3	-0.000
TAATGA	149.0	2429.0	-0.000
CGATAG	4.0	264.9	-0.000
GAAAAG	229.0	3436.7	-0.000
TAAGTC	103.0	1738.7	-0.000
GGAAGT	184.0	2845.2	-0.000
GGCCAG	537.0	9144.4	-0.000
ATATGG	124.0	2024.7	-0.000
AAGGTA	101.0	1712.2	-0.000
CTGCTT	513.0	7134.8	-0.000
CCGCTC	62.0	1146.2	-0.000
TAGTAA	121.0	1984.0	-0.000
TGTCGT	36.0	751.1	-0.000
TATACC	72.0	1295.7	-0.000
AATCAG	154.0	2447.9	-0.000
CAGCAG	382.0	5454.5	-0.000
GCTGAT	207.0	3157.1	-0.000
GTCCGA	10.0	314.4	-0.000
AAACTG	224.0	3392.6	-0.000
CACTTG	267.0	3957.2	-0.000
TAGGGG	73.0	1772.7	-0.000
AGGATA	104.0	1761.8	-0.000
AGGGAA	257.0	3822.8	-0.000
TGAGCA	244.0	3878.2	-0.000
GCCAGA	225.0	3410.1	-0.000
AACGAG	17.0	443.3	-0.000
GTCGTT	18.0	461.6	-0.000
CATGAA	175.0	2737.6	-0.000
GTACAT	109.0	1838.5	-0.000
CCGTCG	6.0	232.3	-0.000
CGTCAT	29.0	647.0	-0.000
TCGCAG	32.0	773.5	-0.000
AAGGAG	240.0	3635.2	-0.000
TACAAA	185.0	3662.7	-0.000
TCCAAT	128.0	2098.1	-0.000
CCCGCA	45.0	903.1	-0.000
CGCCAG	74.0	1339.7	-0.000
GTTTCT	519.0	7681.5	-0.000
AAACCA	182.0	2846.5	-0.000
CCGTCC	44.0	890.8	-0.000
AGCTTT	376.0	5585.2	-0.000
CCAATC	94.0	1633.3	-0.000
TGCTGA	336.0	4893.7	-0.000
CCATGT	425.0	9267.5	-0.000
TCCCTA	192.0	2990.7	-0.000
ATTTCA	368.0	5838.2	-0.000
AGAAGG	257.0	3853.9	-0.000
ATCCAA	99.0	1711.0	-0.000
TGTCGG	27.0	624.0	-0.000
TTAGCA	172.0	2715.6	-0.000
AGAAAG	294.0	4432.7	-0.000
CCAAAC	143.0	2419.1	-0.000
GAAGTT	199.0	3080.5	-0.000
TGACAA	117.0	2197.4	-0.000
AATAGT	133.0	2220.3	-0.000
CGGACA	18.0	472.5	-0.000
CAATGT	148.0	2398.0	-0.000
GATTTC	270.0	4040.7	-0.000
CGTTTG	43.0	883.5	-0.000
TCGTCG	3.0	167.0	-0.000
ACTTGA	132.0	2991.4	-0.000
CGTCGC	7.0	263.7	-0.000
CCTTCG	48.0	962.6	-0.000
CTTTGG	437.0	6894.8	-0.000
GTAAGA	101.0	1748.6	-0.000
GCCAAT	120.0	2007.7	-0.000
CAGCAA	210.0	3370.9	-0.000
TTCGGT	26.0	613.6	-0.000
ATGCGG	26.0	613.1	-0.000
CGTCTA	11.0	346.2	-0.000
CGCCGG	28.0	646.1	-0.000
AGGGCC	195.0	3037.9	-0.000
ACTTAG	107.0	1838.9	-0.000
GGCAGC	252.0	3873.1	-0.000
GACGGT	25.0	598.4	-0.000
ACAAAT	153.0	2806.6	-0.000
GATCGC	31.0	698.5	-0.000
ACCTTC	219.0	3377.0	-0.000
TAGAAT	152.0	2734.2	-0.000
GTGGAT	187.0	2946.4	-0.000
TTTCCC	577.0	8048.3	-0.000
GAACAG	151.0	2455.5	-0.000
ACACAA	145.0	2372.7	-0.000
GAGGGA	250.0	3999.6	-0.000
TCCCAT	287.0	4285.2	-0.000
AGGGGA	217.0	3359.1	-0.000
TCTATA	115.0	1950.9	-0.000
ATTCCC	190.0	3134.7	-0.000
CTCTAA	158.0	2562.9	-0.000
CCTTTG	426.0	6109.5	-0.000
GGTCGA	11.0	353.9	-0.000
AGCGCT	42.0	882.9	-0.000
CTCTTA	195.0	3056.9	-0.000
ATCGCT	35.0	888.8	-0.000
AAAGCT	198.0	3098.8	-0.000
GGACAT	125.0	2097.5	-0.000
GCTACT	193.0	3044.0	-0.000
AACCCG	33.0	739.2	-0.000
TATTAG	145.0	2383.8	-0.000
ACGGCG	13.0	394.3	-0.000
CTAACA	108.0	1869.5	-0.000
TTCCTT	800.0	11598.6	-0.000
TGTCTG	421.0	6066.0	-0.000
CCCTTG	242.0	3706.2	-0.000
GGCGTT	40.0	855.5	-0.000
GGTAGA	142.0	2346.4	-0.000
CGCTTG	60.0	1214.3	-0.000
TCTTCC	430.0	7104.0	-0.000
TCACAT	226.0	3487.9	-0.000
ATCCAC	315.0	4683.2	-0.000
CGCGTT	9.0	318.2	-0.000
CCGGAC	24.0	595.9	-0.000
CTCGAA	165.0	2687.9	-0.000
TAATGC	90.0	1825.3	-0.000
CGAGGA	36.0	795.3	-0.000
AGCTCT	333.0	4924.1	-0.000
CATTCC	223.0	3503.7	-0.000
CCATAT	150.0	2469.7	-0.000
AGCCAA	201.0	3160.4	-0.000
CTGTCC	273.0	4137.8	-0.000
AGGGGG	165.0	2670.0	-0.000
GGGAAA	231.0	3569.3	-0.000
CGAATG	12.0	383.1	-0.000
ACCTGT	245.0	3765.6	-0.000
ACCAGT	137.0	2343.6	-0.000
GGCCGT	33.0	751.4	-0.000
GGTCGC	17.0	504.7	-0.000
AACAAG	129.0	2175.9	-0.000
GCGAGA	40.0	865.8	-0.000
AGCCGA	51.0	1038.3	-0.000
CTTACC	112.0	1945.6	-0.000
GGAAGC	203.0	3195.0	-0.000
CGACAA	6.0	259.0	-0.000
AGTATG	99.0	1758.9	-0.000
TATCTC	201.0	3170.1	-0.000
GCTTCG	37.0	819.2	-0.000
CCACAT	196.0	3726.1	-0.000
AGGTCA	212.0	3327.2	-0.000
CGGAGA	21.0	795.8	-0.000
CAGAGA	321.0	4782.1	-0.000
ATCTTC	213.0	3462.7	-0.000
ACAAAC	135.0	2271.9	-0.000
TTCGCT	84.0	1545.6	-0.000
CCGATC	11.0	368.7	-0.000
TGTACT	161.0	2629.7	-0.000
CTTATC	112.0	1957.6	-0.000
GGATGG	256.0	5106.3	-0.000
AATGTC	161.0	2633.6	-0.000
GACCCA	122.0	2174.0	-0.000
ACTCGG	50.0	1034.4	-0.000
ATCTCC	380.0	5576.2	-0.000
GCCGGC	52.0	1160.7	-0.000
ATGCTG	292.0	4585.3	-0.000
CCTTCC	573.0	8782.0	-0.000
ATAGCA	110.0	1937.1	-0.000
AGCACC	133.0	2730.0	-0.000
AGCACT	227.0	4362.1	-0.000
CCTCTA	173.0	2813.9	-0.000
ATCAGA	150.0	2501.4	-0.000
CCATCC	234.0	3828.7	-0.000
CGTTGT	28.0	684.4	-0.000
TAGTAC	62.0	1227.7	-0.000
GCTCTT	384.0	5648.1	-0.000
CTAACC	70.0	1350.2	-0.000
TCCGCT	53.0	1092.4	-0.000
GGTGAA	128.0	2915.6	-0.000
GGTGGC	310.0	4682.5	-0.000
GCCTGT	370.0	6158.7	-0.000
GGAAAG	229.0	3590.8	-0.000
CCAATG	106.0	1893.0	-0.000
AGGTCG	21.0	570.2	-0.000
TTCACA	280.0	4284.9	-0.000
TCATCT	291.0	4439.0	-0.000
AGTCCC	163.0	3180.2	-0.000
AAAGAC	137.0	2338.4	-0.000
AATGGC	284.0	4348.4	-0.000
ACCCTG	269.0	4367.4	-0.000
GGGTAA	87.0	1624.1	-0.000
TCTGTG	408.0	7232.8	-0.000
CAGCGC	51.0	1075.5	-0.000
AGAATA	146.0	2475.4	-0.000
TACTTG	163.0	2705.8	-0.000
TCCCTC	348.0	7059.2	-0.000
GGTAAT	98.0	1792.0	-0.000
ATTCAG	221.0	3516.4	-0.000
TCAGAA	221.0	3519.8	-0.000
ATAGGA	92.0	1707.4	-0.000
ATAGAA	124.0	2163.3	-0.000
CAGCTC	590.0	8433.2	-0.000
GCCATG	267.0	4522.2	-0.000
AAAAAC	207.0	3327.5	-0.000
AACAGA	173.0	3104.6	-0.000
AATGAC	111.0	1994.7	-0.000
TCTGCA	241.0	5207.7	-0.000
CCTATG	116.0	2054.1	-0.000
GTTTCC	342.0	5150.7	-0.000
TCGATG	14.0	455.1	-0.000
TGGGCA	259.0	5398.2	-0.000
TCGACA	7.0	309.0	-0.000
TAATAG	116.0	2056.3	-0.000
GGTTTG	291.0	4481.1	-0.000
CCATGA	157.0	2816.7	-0.000
GCAGGA	286.0	4718.8	-0.000
ACCCAA	115.0	2281.7	-0.000
TACTCG	23.0	624.2	-0.000
GATAAG	76.0	1478.6	-0.000
ATCTAT	92.0	2216.6	-0.000
GAGAGG	250.0	4507.5	-0.000
CCCTCT	422.0	6238.4	-0.000
CACTCG	34.0	819.4	-0.000
CATTGA	146.0	2504.3	-0.000
ACGTCG	2.0	176.9	-0.000
TTACCA	160.0	2695.9	-0.000
TAGGAG	149.0	2552.2	-0.000
TAGGTC	71.0	1412.4	-0.000
TACCCT	123.0	2175.8	-0.000
CTAAGG	96.0	1792.6	-0.000
CTACTT	209.0	3388.3	-0.000
GTTAGG	95.0	1779.8	-0.000
TCTACC	153.0	2663.4	-0.000
TTAGTG	163.0	2746.4	-0.000
TGCCCT	346.0	5243.5	-0.000
ACACTC	123.0	2320.8	-0.000
CCGACC	40.0	926.8	-0.000
GGACGC	22.0	618.8	-0.000
CCGCGG	22.0	618.0	-0.000
GGAGGA	333.0	5078.9	-0.000
AACATG	159.0	3275.0	-0.000
GGTGAC	109.0	2663.0	-0.000
CAGAAA	273.0	4275.4	-0.000
TCGATC	30.0	1514.5	-0.000
AACCGC	11.0	465.8	-0.000
ACAAAG	172.0	2883.6	-0.000
ATTTAG	206.0	3356.4	-0.000
GCGGAT	22.0	622.7	-0.000
AATTGC	134.0	2350.2	-0.000
GAGCCC	215.0	3489.6	-0.000
GTAAAG	115.0	2073.5	-0.000
AAGGAC	117.0	2103.8	-0.000
ATCTAC	81.0	1579.1	-0.000
TGTCAG	244.0	3890.7	-0.000
ACCAAC	75.0	1670.7	-0.000
CATACA	105.0	1942.2	-0.000
ACTAAG	70.0	1413.2	-0.000
CTTCAT	265.0	4176.4	-0.000
CAAGGC	173.0	2909.9	-0.000
GGATAT	100.0	1934.5	-0.000
CTTCCC	521.0	7579.7	-0.000
GATTGG	115.0	2081.1	-0.000
ATGAAA	185.0	3085.4	-0.000
AGTTTG	300.0	5135.8	-0.000
TCTCTG	586.0	9372.0	-0.000
AACAAA	242.0	3873.9	-0.000
ACAATA	90.0	1725.7	-0.000
TAAGAA	152.0	2627.1	-0.000
CGGAAG	26.0	703.5	-0.000
TACGCA	4.0	330.5	-0.000
CGCGGT	20.0	596.0	-0.000
CCCACA	240.0	3991.0	-0.000
CCTAAC	75.0	1504.8	-0.000
TGGATG	208.0	3414.0	-0.000
GGGCAA	166.0	2825.1	-0.000
TAGCCA	167.0	4278.1	-0.000
TTTCCT	892.0	12701.1	-0.000
CGACCC	11.0	538.3	-0.000
TACTTC	137.0	2420.3	-0.000
ATGGCG	98.0	1857.2	-0.000
TGACCC	129.0	2539.2	-0.000
CTGTTA	175.0	2960.0	-0.000
CACAGA	248.0	3976.8	-0.000
GGTCAG	278.0	4374.4	-0.000
TCGGAG	28.0	746.3	-0.000
TTCATC	241.0	3881.4	-0.000
GGCGAA	5.0	457.4	-0.000
CTCGAT	46.0	1719.3	-0.000
TCCATT	306.0	4766.1	-0.000
CCGTTG	21.0	622.1	-0.000
CATCTC	362.0	5527.3	-0.000
TTCCTC	431.0	7433.4	-0.000
TGGTAA	125.0	2259.7	-0.000
GAGGCC	280.0	4424.6	-0.000
CATAAA	137.0	2441.0	-0.000
CATTAG	105.0	2070.5	-0.000
AAACAA	251.0	4052.6	-0.000
AATCGG	4.0	285.3	-0.000
CACATT	260.0	4169.4	-0.000
TGTCCT	338.0	5237.4	-0.000
ACATTC	125.0	2707.9	-0.000
TTAGGG	136.0	2436.7	-0.000
GAGCGG	33.0	850.2	-0.000
AACCCA	155.0	2717.5	-0.000
AAGAAT	176.0	3009.6	-0.000
GATGGC	139.0	2483.2	-0.000
ATCCCC	128.0	2322.4	-0.000
GCCGGT	23.0	675.5	-0.000
TAGTGA	129.0	2338.0	-0.000
CGGTAA	6.0	324.0	-0.000
ACACGG	33.0	946.3	-0.000
CTTCGT	34.0	872.7	-0.000
AGGGAG	319.0	4981.6	-0.000
CTATGA	96.0	1862.9	-0.000
AGAATG	210.0	3498.6	-0.000
ACGGGG	184.0	3731.8	-0.000
TACTCA	136.0	2449.3	-0.000
GAATCG	20.0	623.2	-0.000
GTTATC	72.0	1496.8	-0.000
TTCGAC	6.0	338.4	-0.000
GAATGT	161.0	2807.5	-0.000
GTCAAA	95.0	1854.3	-0.000
CGTTAG	12.0	467.4	-0.000
ATCGCG	3.0	335.5	-0.000
GGCCAT	155.0	2740.0	-0.000
TCCATC	251.0	4089.0	-0.000
GCTGTT	280.0	4481.8	-0.000
AAAAAT	536.0	7917.4	-0.000
CGGTGA	34.0	887.3	-0.000
CATGTT	442.0	9369.5	-0.000
CGGAAC	7.0	367.9	-0.000
AGCGCC	38.0	959.3	-0.000
ACAGAA	219.0	3657.1	-0.000
ATTAGT	114.0	2147.4	-0.000
AAAAGC	158.0	2802.6	-0.000
TCAGAG	251.0	4286.9	-0.000
CGTCGG	3.0	256.7	-0.000
GGCTTT	359.0	5581.8	-0.000
CCATCT	415.0	6340.2	-0.000
TGACCT	511.0	9667.6	-0.000
GAACCG	10.0	439.9	-0.000
GGTTGC	153.0	2740.1	-0.000
AAAGGG	172.0	3006.9	-0.000
GCTTGT	174.0	3277.2	-0.000
GGCCAA	218.0	3664.4	-0.000
TGGTCG	16.0	568.3	-0.000
TTTAGG	197.0	3550.0	-0.000
CAAAGG	167.0	2937.4	-0.000
CGTTTA	20.0	647.2	-0.000
CGTGGT	80.0	1658.5	-0.000
AGGTTA	100.0	1968.2	-0.000
AGCAAG	174.0	3044.8	-0.000
AGGATG	178.0	5189.7	-0.000
CTCTAC	189.0	3273.8	-0.000
CCCCAA	204.0	3479.4	-0.000
GTCTGT	297.0	4783.0	-0.000
GCTTTA	173.0	3042.5	-0.000
CATTTG	347.0	5496.8	-0.000
TAGACC	40.0	1108.6	-0.000
GGATGT	142.0	2605.7	-0.000
AAACGC	12.0	497.4	-0.000
CTGATC	149.0	2711.3	-0.000
AGACCC	133.0	2473.8	-0.000
CGGAGC	41.0	1041.5	-0.000
TTCTCT	666.0	11139.2	-0.000
CGAAAC	5.0	449.9	-0.000
GCGGTT	20.0	662.1	-0.000
AAGACC	111.0	2160.6	-0.000
TCCGTT	31.0	870.2	-0.000
CTCGTC	26.0	782.5	-0.000
GATGTC	91.0	1861.6	-0.000
AAAAGG	179.0	3158.3	-0.000
CCGGTC	17.0	610.2	-0.000
CTTCTC	408.0	6322.5	-0.000
ACTTCG	19.0	652.0	-0.000
TCTTCA	296.0	4813.1	-0.000
CGGAGG	53.0	1262.8	-0.000
CCGCTT	40.0	1117.8	-0.000
CAGAAG	239.0	4028.1	-0.000
TTTCCG	42.0	1079.8	-0.000
CCATGG	184.0	3252.8	-0.000
ACATGG	192.0	3464.7	-0.000
CCTCTC	476.0	7395.9	-0.000
CCGTTT	50.0	1218.5	-0.000
CTCTCT	628.0	10431.7	-0.000
CATTTC	392.0	6134.4	-0.000
AGGAGA	310.0	5023.4	-0.000
CCTTCA	260.0	4331.5	-0.000
TCCTTC	460.0	7750.6	-0.000
TAAAAA	407.0	6358.4	-0.000
TGAGGT	292.0	4782.2	-0.000
GAGGTT	238.0	4027.4	-0.000
CAGAGC	270.0	4593.4	-0.000
CTTCAC	199.0	3471.4	-0.000
CCTTGT	288.0	4732.5	-0.000
CGTGTT	101.0	2050.8	-0.000
ATCTGC	291.0	4781.9	-0.000
ATGTCC	130.0	2482.3	-0.000
ATGTTC	147.0	2740.0	-0.000
GGTGAG	232.0	3958.2	-0.000
ATGTTA	161.0	2941.5	-0.000
GCAGCA	220.0	3802.0	-0.000
AAACCC	167.0	3034.5	-0.000
TCCATG	232.0	3966.6	-0.000
GCGTTA	8.0	467.2	-0.000
GATCCG	100.0	2163.8	-0.000
CCCTAA	95.0	1975.0	-0.000
CGAGAT	36.0	1001.9	-0.000
TGATGG	234.0	4006.3	-0.000
GAGGAA	222.0	3850.3	-0.000
TTTAGC	182.0	3273.5	-0.000
ATTTGC	262.0	4410.3	-0.000
TTCCAC	229.0	3946.0	-0.000
AGTTAG	98.0	2034.2	-0.000
GCACTT	225.0	4168.4	-0.000
GAAGGG	198.0	3507.2	-0.000
TTAGGT	134.0	2578.7	-0.000
CATTTA	284.0	4918.0	-0.000
CCCTTT	426.0	6690.0	-0.000
GCCCTT	216.0	3786.6	-0.000
CATTCA	203.0	3601.7	-0.000
CACTTA	123.0	2428.2	-0.000
TGAGGA	240.0	4140.4	-0.000
TTAGTA	433.0	10545.3	-0.000
GCGAAG	7.0	439.2	-0.000
CTAATG	93.0	1990.7	-0.000
TTTGCA	395.0	6314.8	-0.000
ACCCAT	127.0	2507.9	-0.000
GACCTT	192.0	3477.6	-0.000
ATGGTC	151.0	3506.8	-0.000
ACCCTT	145.0	2882.4	-0.000
CAGAAC	120.0	2409.9	-0.000
GAAACC	132.0	2826.6	-0.000
AATAGA	114.0	2329.4	-0.000
AGGTAA	111.0	2300.7	-0.000
GGATGC	100.0	2134.8	-0.000
AAGAAA	316.0	5288.6	-0.000
CCATTT	435.0	6932.6	-0.000
AGAGCC	158.0	3143.4	-0.000
TTCCGT	31.0	976.9	-0.000
TGGACA	154.0	2971.1	-0.000
AAGGCC	121.0	2463.7	-0.000
CAACAA	104.0	2216.7	-0.000
TCTATG	106.0	2253.5	-0.000
AGCAGA	203.0	3702.3	-0.000
GAGAAC	102.0	2193.2	-0.000
TTCCAT	306.0	5181.1	-0.000
TCTCCA	429.0	6891.2	-0.000
GAGAAT	184.0	3474.1	-0.000
AGTTCC	149.0	2923.3	-0.000
GAATCC	75.0	1772.6	-0.000
GACGCT	10.0	561.9	-0.000
AGGTCC	84.0	2000.4	-0.000
GCCAAA	113.0	2387.3	-0.000
GTTTGC	197.0	3662.1	-0.000
TCCCTT	382.0	6303.6	-0.000
AAAGAA	281.0	4880.0	-0.000
AGGAAA	249.0	4434.5	-0.000
TCGTGA	46.0	1978.4	-0.000
GGTAAA	80.0	1880.1	-0.000
GCAAAG	132.0	2699.9	-0.000
CTGGTC	595.0	9245.0	-0.000
TGGTGA	237.0	4633.3	-0.000
CCATTG	155.0	3073.3	-0.000
ATGGTG	298.0	5169.5	-0.000
CCAGGA	365.0	7215.9	-0.000
TCTACT	182.0	3490.3	-0.000
GGAGGC	346.0	6814.9	-0.000
CCAATA	54.0	1469.8	-0.000
GCAAGG	104.0	2312.4	-0.000
CCTGTA	221.0	4685.0	-0.000
GAAGCC	141.0	2887.1	-0.000
ATCTCT	325.0	5597.5	-0.000
CAAGAC	109.0	2443.6	-0.000
TCCACT	202.0	3833.1	-0.000
ACCGAC	1.0	365.5	-0.000
GGTAAG	67.0	1724.1	-0.000
TGTATC	95.0	2408.3	-0.000
ACTTTC	206.0	3902.8	-0.000
CACAAA	139.0	2893.3	-0.000
CAGGAA	198.0	4347.9	-0.000
GAAGGA	184.0	3673.9	-0.000
TGGCCA	606.0	9982.6	-0.000
ATGGGG	375.0	6358.1	-0.000
AGGAGG	339.0	5850.1	-0.000
TCAGGA	261.0	4756.6	-0.000
TCTGCT	384.0	7015.7	-0.000
GTAGAA	97.0	2274.2	-0.000
GGTCCC	111.0	2508.5	-0.000
GGGGAA	165.0	3352.9	-0.000
ACAAAA	250.0	4642.4	-0.000
GAGGTC	148.0	3106.5	-0.000
CTTTCA	304.0	5420.6	-0.000
GACCCT	123.0	2708.3	-0.000
AGGCCA	226.0	4292.0	-0.000
GGAGGT	204.0	3978.4	-0.000
TTCGCA	2.0	459.5	-0.000
GTCTCT	362.0	6469.1	-0.000
TAATCC	190.0	3793.7	-0.000
CTTTGC	307.0	5679.5	-0.000
CTACTC	114.0	2601.2	-0.000
GAATGG	116.0	2660.7	-0.000
CTCCAT	271.0	5043.3	-0.000
GATGGT	246.0	4672.6	-0.000
CTGACC	409.0	8136.0	0.000
CCCCAT	178.0	3824.1	0.000
CAAAAA	254.0	5233.6	0.000
GTAGAG	585.0	11357.4	0.000
CTTTCC	311.0	7347.7	0.000
AGGAAG	240.0	4861.6	0.000
CATGGT	181.0	3913.2	0.000
TTTCCA	423.0	7419.2	0.000
CCTTTC	345.0	7142.1	0.000
CCCTTC	265.0	5193.8	0.000
AAAGCC	113.0	2673.4	0.000
GGTTTC	504.0	11092.1	0.000
TTTCAC	590.0	11895.4	0.000
CTCTCC	262.0	6606.8	0.000
GGAAGG	197.0	4384.7	0.000
TCCTCT	429.0	7634.8	0.000
TCCCCT	304.0	5702.7	0.000
TTCCCT	376.0	7543.1	0.000
TCTCTC	584.0	9811.2	0.000
GGGAGG	435.0	8456.5	0.000
GCTGCT	318.0	6198.4	0.000
AGGACA	133.0	2948.7	0.000
CTCTTC	289.0	6017.8	0.000
ATTTCC	276.0	5262.5	0.000
TGTTAG	201.0	4291.7	0.000
TCCACA	168.0	3534.5	0.000
TCTCTA	223.0	4720.0	0.000
AAAAAA	956.0	16999.9	0.000
GCTTTC	244.0	4668.7	0.000
CCCATT	197.0	4217.5	0.000
GCAGAA	159.0	3389.1	0.000
AAGGGG	107.0	2834.4	0.000
CAAAGC	107.0	2901.6	0.000
GTTAGC	64.0	2937.9	0.000
CTGCTC	298.0	5826.6	0.000
AATCCC	157.0	3813.8	0.000
ATGGTA	76.0	2244.8	0.000
AGAACC	49.0	1940.3	0.000
GTACGC	0.0	216.7	1.000
CGTCGA	0.0	89.8	1.000
