OligoSequence	Target Occurences	Background Occurences	Enrichment(ln p, up to 2 mismatches)
TGCATG	1363.0	6708.4	-888.707
GCATGC	840.0	4853.5	-499.952
ATGCAT	527.0	2489.8	-406.495
GCATGT	749.0	5334.6	-349.035
GGGGGG	1528.0	16697.5	-301.330
CATGCA	644.0	4873.8	-279.846
GTGTGT	2595.0	33895.3	-274.563
TGTGTG	2859.0	38861.5	-257.540
CGCATG	263.0	1963.8	-215.874
GTGCAT	552.0	4601.6	-210.653
TGTATG	231.0	3602.6	-192.295
TGCATA	94.0	1943.2	-172.728
ACGCAT	132.0	796.1	-171.748
GTATGT	177.0	3175.7	-152.409
TGCGTG	301.0	5698.4	-139.724
ATGCGT	82.0	1172.0	-132.979
GCATGA	371.0	3895.5	-126.377
GTGTAT	187.0	3384.8	-125.156
GCATAC	34.0	988.8	-124.823
TTGCAT	248.0	2819.9	-122.211
CATGTG	657.0	7907.2	-118.786
TGCACG	286.0	2814.0	-117.014
GCGTGT	344.0	5203.1	-113.965
TACATG	81.0	2161.6	-111.649
CCCCCC	647.0	7962.5	-110.867
TGAATG	190.0	3836.5	-110.363
CATGCG	140.0	2034.9	-110.051
GTGCGT	212.0	3970.6	-107.418
AGCATG	456.0	5200.8	-106.266
GCACGC	189.0	2883.4	-100.285
TATGTG	212.0	4116.6	-96.890
TATGCA	90.0	1805.6	-96.429
ATGTGT	520.0	6591.4	-93.538
GTATGC	75.0	1459.4	-90.908
GCACAC	485.0	5864.8	-89.103
TGCATT	170.0	3500.9	-85.825
CATGTA	118.0	2550.3	-84.673
AAGCAT	133.0	2146.0	-83.945
TGCTTG	326.0	5920.5	-81.145
TGTGTA	258.0	4957.9	-78.606
CGTGTG	413.0	7149.5	-77.478
GCGTGC	272.0	4447.3	-77.331
ATGCAC	265.0	3272.2	-76.233
CACGCA	237.0	2467.9	-74.803
TGTGCA	622.0	8705.6	-73.553
ACATGC	218.0	3636.5	-73.386
ATGTAT	104.0	2168.4	-69.302
CGTGCA	182.0	2872.7	-68.292
TGTGCG	269.0	5412.5	-67.882
ACACAC	516.0	8911.9	-67.233
GCACGT	239.0	2653.3	-64.456
TTCATG	109.0	3240.0	-64.294
GAGCAT	229.0	3523.9	-62.671
TGTTTG	273.0	6743.4	-62.209
CGCGCG	385.0	4984.1	-60.854
GGCGGC	793.0	12386.7	-60.800
TGCATC	117.0	3454.2	-59.404
GAATGC	109.0	2646.8	-59.374
CACACA	720.0	11157.4	-57.567
GTTTGT	191.0	5138.3	-56.973
GTACAC	101.0	1551.7	-56.496
CATACA	76.0	1601.6	-56.470
ATGCTT	127.0	2577.7	-56.425
GTGTGC	648.0	12004.4	-55.502
TTGTGT	281.0	6216.7	-55.456
CTGCAT	416.0	5712.9	-54.553
ATACAT	39.0	1449.5	-53.683
GTGAGT	316.0	8235.9	-53.021
CGCACG	114.0	1898.3	-53.018
GCGCAT	124.0	1708.4	-52.557
TGTGTT	402.0	7843.4	-51.422
TGTACG	52.0	883.3	-50.706
GCATGG	522.0	7816.7	-49.639
GTGTGA	342.0	8773.5	-49.493
TGCAAG	123.0	4126.3	-49.473
TGGATG	213.0	6995.9	-48.723
ACACGC	192.0	2087.2	-48.589
GAGTGT	260.0	6856.2	-48.502
CACACG	249.0	3022.4	-48.465
GTGTTT	207.0	6209.2	-47.924
ATGAAT	114.0	2149.2	-47.724
ACACAT	234.0	3274.9	-46.791
GTTAGA	140.0	1340.6	-46.722
CATGCT	343.0	4702.6	-46.246
TGAGTG	398.0	9273.3	-45.742
TCCATG	197.0	5058.7	-45.275
CATGTT	200.0	4461.8	-45.246
GTCTGT	359.0	7360.9	-45.230
GCTTGT	230.0	4216.8	-44.794
GGCATG	392.0	8004.0	-43.874
CACGCG	158.0	1884.8	-42.847
GCTTGC	185.0	4323.5	-42.562
CGGCGG	551.0	8704.8	-42.298
GTACAT	58.0	1339.4	-42.270
GGGGAG	1310.0	23822.7	-41.746
AAATGC	221.0	2735.8	-40.783
TGTCTG	563.0	10423.0	-40.694
CATGCC	282.0	6439.0	-40.546
CATGAA	125.0	2898.5	-40.511
CGCGTG	190.0	3007.2	-40.110
GCATAT	60.0	1391.7	-40.003
CACATA	119.0	1937.2	-39.651
TGTGTC	397.0	9411.4	-39.488
AGTGTG	368.0	9278.5	-39.111
ACGCGT	87.0	699.7	-38.857
GTACGT	33.0	1077.2	-38.502
AGCACA	340.0	4935.7	-37.989
GCATTC	86.0	2517.6	-37.919
GAATGT	178.0	3054.7	-37.803
ACGCAC	137.0	1624.7	-37.303
TCGTCG	79.0	628.8	-36.945
CATACG	34.0	430.0	-36.647
TGTGAG	479.0	10217.4	-36.357
ATTCAT	50.0	1860.0	-35.313
ACGATA	41.0	194.2	-35.052
TACGCT	64.0	454.8	-35.039
CTATTA	94.0	854.7	-34.748
TGCCCC	653.0	11146.4	-34.460
GTGCAC	372.0	5684.5	-34.325
TTTGTG	280.0	6484.2	-34.283
AATGCA	203.0	2631.7	-33.934
TACACA	113.0	2262.6	-33.797
CATGTC	273.0	3899.1	-33.053
TCTCTC	476.0	7748.0	-32.928
GCCCCC	723.0	12647.1	-32.897
CTTGCA	195.0	4234.0	-32.849
GAGCTT	291.0	4254.4	-32.071
TAGACG	67.0	527.1	-31.870
TTCGTA	54.0	362.6	-31.758
GCGCGT	160.0	2540.9	-31.757
GCGCAC	101.0	2953.5	-31.418
GCGCGC	403.0	6416.5	-31.417
CATGAG	285.0	4843.8	-31.302
AGCACG	93.0	2122.1	-31.187
AACACA	180.0	2855.5	-30.998
TGTACA	174.0	2261.4	-30.865
ACATGT	131.0	3716.2	-30.484
ATGGAT	105.0	2775.5	-30.092
AAACCA	182.0	2376.3	-30.071
TGCCTG	683.0	15528.3	-30.008
TACGCA	38.0	438.0	-29.851
CTAAAC	92.0	918.0	-28.934
CTCCCT	727.0	13035.2	-28.628
CACGTG	311.0	4789.0	-28.515
CTTTCT	415.0	6789.5	-28.408
GAGCCC	608.0	10646.7	-28.152
GCACAT	167.0	3654.4	-27.905
GTGCTT	228.0	4872.1	-27.822
CTGTGT	525.0	14331.8	-27.471
GTTCGG	61.0	1404.4	-27.311
GCATTT	151.0	3811.9	-27.294
GAGGGG	1159.0	22137.8	-27.026
GCATCT	154.0	4486.2	-26.954
GGGTGT	632.0	12716.1	-26.786
CGATAC	38.0	219.2	-26.744
GTGTCT	435.0	8405.5	-26.481
GGAGGG	1422.0	27760.7	-26.434
AGGGGG	774.0	14224.4	-25.982
TTTACG	59.0	492.7	-25.883
TTGCGT	58.0	1051.7	-25.762
GTGGGT	635.0	12952.8	-25.762
TTACGC	57.0	468.9	-25.617
GGGCCC	814.0	15073.4	-25.551
CCAAAT	172.0	2329.3	-25.466
ATGTAC	78.0	1413.5	-25.422
ACAGCA	340.0	5488.2	-25.359
GCCTGC	703.0	12846.5	-24.955
CGGGGG	561.0	12262.2	-24.588
CGTGCG	106.0	2980.1	-24.467
TCGCAT	34.0	582.6	-24.464
AGGCAT	208.0	4930.8	-24.440
ATCCAT	116.0	1965.5	-24.430
AACGCA	33.0	832.2	-24.415
CGTATG	16.0	667.1	-24.333
CGCATA	26.0	421.6	-24.224
GGTTAG	158.0	2132.5	-24.029
ACGGCA	123.0	1526.2	-23.705
ATGTCT	193.0	3278.7	-23.333
CCCCTC	704.0	12997.6	-23.160
CATTCA	87.0	2571.2	-23.106
TCGTAC	41.0	287.9	-23.022
CAAGCA	128.0	3594.6	-23.015
TCTGTG	564.0	12673.9	-22.972
GCTCCC	588.0	10616.9	-22.915
CTCTCT	521.0	9268.2	-22.861
GAGCAC	260.0	4873.0	-22.812
ATGAGT	175.0	2809.0	-22.785
TCATGC	129.0	3429.2	-22.668
GCTTCT	384.0	6533.3	-22.321
CGCACA	121.0	2199.5	-22.259
GGGAGG	1622.0	32640.5	-22.106
CACACC	259.0	6527.7	-22.049
AGACCG	110.0	1367.4	-21.690
CATATG	65.0	1872.4	-21.568
AGCATA	58.0	1279.3	-21.388
TTAGAG	163.0	2319.7	-21.207
TGGGTG	900.0	18618.8	-21.170
GGAGCC	699.0	13083.1	-21.024
TCACAC	176.0	3965.2	-20.995
CGCTTG	77.0	2126.4	-20.984
CATTTG	123.0	3712.7	-20.973
TGCTTT	251.0	5567.1	-20.885
CCCCCA	659.0	12289.9	-20.762
GCGGCT	346.0	5854.9	-20.641
ATGGGT	236.0	4591.6	-20.633
GGGGTA	261.0	4214.1	-20.231
TAGAGC	147.0	2052.7	-20.120
GATGCA	215.0	3537.6	-20.077
GTGTAC	124.0	2118.7	-19.889
ATGCAA	119.0	1945.6	-19.867
TGCACA	373.0	6481.2	-19.867
CACGTA	47.0	835.7	-19.614
GTCCAT	133.0	2797.0	-19.355
GGCTTT	341.0	5852.9	-19.203
TTAGAA	107.0	1775.5	-19.051
ATGTGA	238.0	3812.8	-19.043
ACACGT	107.0	1631.8	-18.985
CTTAAC	50.0	1226.9	-18.936
GTGTTA	147.0	2093.8	-18.928
CTCGGA	163.0	2402.9	-18.917
GGGGGA	775.0	14950.2	-18.811
TAGCAT	104.0	1542.8	-18.740
ACGCGC	72.0	1651.2	-18.525
ATGAGG	314.0	5344.0	-18.457
CCCCCT	441.0	9349.9	-18.439
CAAATG	176.0	2658.2	-18.420
GAATTT	147.0	2113.9	-18.381
ATACAC	47.0	1319.9	-18.365
TAAACC	88.0	1072.9	-18.176
ACGGGG	309.0	5277.8	-18.111
AATGTC	145.0	2087.8	-18.027
CCTGCA	604.0	11382.9	-17.940
CTGCCC	899.0	17651.9	-17.871
CCAGGG	874.0	17134.1	-17.770
CTCGTA	14.0	465.0	-17.767
CACATG	326.0	5689.4	-17.649
TGGAAA	289.0	4915.6	-17.568
ACACTC	98.0	2797.2	-17.550
TCCTTT	313.0	5400.2	-17.543
CCTGCC	962.0	19050.1	-17.531
CTTTCG	58.0	1110.8	-17.461
GGTCGG	222.0	3578.9	-17.450
GCGCCC	285.0	7194.9	-17.442
TCGGAT	67.0	756.1	-17.235
GAGCCT	456.0	8338.6	-17.213
TTAGAT	73.0	1149.0	-17.211
ACCCCC	306.0	6931.3	-17.092
TATACG	13.0	262.6	-16.815
TGTCGG	59.0	2273.8	-16.752
ACACAA	118.0	2105.3	-16.705
ACTCAC	141.0	2865.8	-16.685
GCATAA	51.0	1132.5	-16.679
AACGAT	38.0	322.4	-16.513
AATTTC	127.0	1818.2	-16.460
CACAAG	106.0	2964.4	-16.441
ACACAG	347.0	6145.0	-16.425
CCCCGT	237.0	3926.8	-16.404
CCACAC	264.0	6440.3	-16.384
TGTTAG	129.0	2271.6	-16.372
ATGTGC	256.0	4523.6	-16.307
CCCCAC	638.0	12253.3	-16.286
CGCCCC	402.0	8406.9	-16.269
TCTTAA	96.0	1702.4	-16.261
TTTCGG	101.0	1362.3	-16.098
AAGCAC	140.0	2754.8	-16.078
GTTGTA	112.0	1568.8	-16.009
TGTGGG	936.0	19695.5	-15.863
GGTGTG	821.0	17063.9	-15.818
ACCCCT	339.0	6030.9	-15.783
GTAGTC	117.0	1672.4	-15.718
CCATGC	219.0	6126.1	-15.705
TCTCTG	405.0	10878.0	-15.655
TCTGGT	194.0	5158.9	-15.655
CTGGTT	225.0	5255.1	-15.655
TGAGGG	557.0	13210.5	-15.655
TGGTTG	214.0	4900.3	-15.655
GGTTGG	338.0	7770.7	-15.655
AGGGGT	435.0	9869.4	-15.655
TGAGAG	279.0	6624.5	-15.655
GAGAGG	502.0	12695.3	-15.655
GAGGCC	553.0	12745.9	-15.655
GGTGCA	380.0	7829.1	-15.655
CATGGC	242.0	7065.2	-15.655
GCCTGT	469.0	11427.9	-15.655
CCTGTG	590.0	15935.5	-15.655
TTCTGT	270.0	6673.7	-15.655
TGTGGA	271.0	8628.9	-15.655
GAGGGT	354.0	9924.6	-15.655
AGGGTG	510.0	12637.1	-15.655
GTGTGG	873.0	17728.7	-15.655
TGGGAG	863.0	19029.0	-15.655
AGGGGC	690.0	15669.3	-15.655
GGCCCC	706.0	14538.6	-15.655
CCTCCC	781.0	21716.1	-15.655
CATCTG	242.0	6350.4	-15.655
TCTGTC	323.0	7764.6	-15.655
TGTCCC	373.0	9399.3	-15.655
TGGTGC	297.0	8450.6	-15.655
TCTCTT	263.0	5434.7	-15.655
CTTCCT	471.0	10859.0	-15.655
AGAGGG	488.0	12139.3	-15.655
GAGGGA	580.0	13794.2	-15.655
CTGCGT	130.0	3833.9	-15.655
GCGTGG	245.0	7391.4	-15.655
GTGGGG	1256.0	29602.0	-15.655
GGGGCT	820.0	20800.8	-15.655
TGGGGG	1274.0	27402.3	-15.655
GGGGGC	1027.0	22586.4	-15.655
GGCTTG	314.0	7583.7	-15.655
CTTGTG	278.0	5828.4	-15.655
TTGTGG	255.0	6488.9	-15.655
GGGACC	418.0	9300.7	-15.655
GCCCCT	540.0	12527.3	-15.655
CCCCTG	573.0	14154.1	-15.655
CCCTGT	462.0	10551.1	-15.655
GTGTCC	304.0	8730.3	-15.655
GTCCTT	205.0	4340.4	-15.655
TCCTTC	249.0	6868.6	-15.655
CAGACC	188.0	5057.7	-15.655
CCCGTC	173.0	3367.4	-15.655
CCGTCC	138.0	3256.4	-15.655
GTCCCC	303.0	9010.6	-15.655
CCCCAT	249.0	6852.7	-15.655
CCCATG	304.0	6947.5	-15.655
ATGCCT	216.0	5002.7	-15.655
GGGGTG	1078.0	24826.4	-15.655
TTTGGG	386.0	9468.6	-15.655
GGGGCG	735.0	17284.0	-15.655
TGTGCT	391.0	9014.4	-15.655
TGTGAA	186.0	4472.5	-15.655
ACGGGC	131.0	2859.7	-15.655
GCAGGC	472.0	12217.5	-15.655
CAGGCA	520.0	11939.0	-15.655
AGCGTG	160.0	3274.5	-15.655
CCCTCG	202.0	4148.5	-15.655
TGGGCA	567.0	13529.9	-15.655
GCAGGT	366.0	10271.1	-15.655
CTTGGG	435.0	10847.2	-15.655
TTGGGA	234.0	7822.3	-15.655
CGGCCC	272.0	7262.8	-15.655
CCCTCA	326.0	7357.0	-15.655
GGGGAC	453.0	11983.3	-15.655
GGACCC	317.0	7999.2	-15.655
CCCACG	211.0	4209.2	-15.655
CCACGC	163.0	4059.8	-15.655
CACGCC	165.0	4426.7	-15.655
GTCTCT	259.0	7305.2	-15.655
GCAAGC	118.0	3411.3	-15.655
GGCACA	321.0	6962.5	-15.655
CTCTGA	303.0	6825.8	-15.655
GAGTCC	190.0	5310.6	-15.655
CAGCCC	609.0	14989.8	-15.655
TGGGGT	660.0	16947.4	-15.655
GGTCCC	361.0	8588.9	-15.655
GTGCGC	174.0	4946.8	-15.655
TGCGCA	119.0	2735.6	-15.655
CATGGG	420.0	8590.5	-15.655
CCATGT	255.0	6708.7	-15.655
GGTGAG	543.0	13666.5	-15.655
GTGAGG	453.0	12683.2	-15.655
AGGGAG	745.0	16709.9	-15.655
TGTCCG	106.0	2531.1	-15.655
TCCGTG	137.0	3338.8	-15.655
ACGCAG	52.0	2472.7	-15.655
TGGCCC	466.0	11287.9	-15.655
GCCCTC	350.0	9646.8	-15.655
AGGGCA	366.0	10187.0	-15.655
GGGCAC	457.0	9683.6	-15.655
GGCACG	179.0	3775.8	-15.655
CACGGG	208.0	4197.2	-15.655
ACGGGA	97.0	2150.9	-15.655
GGAGGC	700.0	19063.3	-15.655
AGAGCC	375.0	7466.3	-15.655
GACGGG	240.0	4968.4	-15.655
TGCCCA	402.0	11098.5	-15.655
ATGCAG	249.0	5136.0	-15.655
TGCAGG	544.0	14142.4	-15.655
GGGTGG	1107.0	27200.4	-15.655
GGTGGG	1279.0	29849.0	-15.655
GGGTTG	294.0	8127.0	-15.655
GGTTGT	141.0	4270.1	-15.655
GTTGTG	199.0	5105.1	-15.655
CCTCTC	445.0	9947.9	-15.655
CTCTCA	236.0	5008.1	-15.655
CAGGGG	681.0	15884.0	-15.655
AAGGGG	397.0	8996.0	-15.655
CCACTC	214.0	5147.6	-15.655
CTGCCT	701.0	16878.2	-15.655
AGACCC	241.0	5473.6	-15.655
CCCGCC	429.0	10263.2	-15.655
CGCGAG	79.0	2276.8	-15.655
GCGAGC	118.0	3170.9	-15.655
AGCCCT	388.0	8857.0	-15.655
CCTGCG	181.0	6408.9	-15.655
TGCGTT	75.0	1373.7	-15.655
CGTTGG	63.0	1844.6	-15.655
GGGCAT	325.0	6608.2	-15.655
AGGCAC	302.0	6085.7	-15.655
ACAGGC	314.0	8253.5	-15.655
GGCACC	338.0	7814.0	-15.655
GGCCCG	312.0	7373.9	-15.655
GCCCGT	149.0	2948.1	-15.655
GTGGGC	629.0	14149.2	-15.655
GACCCT	254.0	5791.7	-15.655
CATGGT	243.0	5780.5	-15.655
GTGGAT	155.0	4778.2	-15.655
GGCCCA	438.0	9976.8	-15.655
CCCCTA	153.0	3068.6	-15.655
CCCTAC	107.0	2893.3	-15.655
CTGACC	232.0	6995.3	-15.655
TTGGCT	259.0	6222.0	-15.655
GGCTCT	350.0	9872.8	-15.655
GCTCTT	180.0	5061.5	-15.655
TCCTCT	347.0	8307.3	-15.655
CCATGG	268.0	8001.3	-15.655
GGGCGC	423.0	10110.2	-15.655
CGGGCG	320.0	7338.2	-15.655
GGGCGG	779.0	18710.1	-15.655
GGCGGG	782.0	19748.7	-15.655
GCGGGG	637.0	18646.6	-15.655
TGCCCT	495.0	10964.3	-15.655
CACCCC	491.0	10280.3	-15.655
TCCCCC	366.0	8870.3	-15.655
GGCCTT	304.0	7350.2	-15.655
CTCCCA	391.0	12603.6	-15.655
GATGGG	519.0	11166.3	-15.655
ATGGGG	470.0	11215.4	-15.655
GGAGAG	531.0	13613.5	-15.655
CCTTCT	273.0	7571.9	-15.655
CCCCGA	139.0	3467.0	-15.655
CGAGGG	223.0	5497.9	-15.655
GGCTGC	670.0	17023.4	-15.655
GGGGAA	437.0	10439.4	-15.655
GGGAAG	564.0	14074.2	-15.655
TGCACT	224.0	5280.5	-15.655
GCACTG	348.0	7606.5	-15.655
CCCCCG	296.0	6843.4	-15.655
GCGTCT	72.0	2852.9	-15.655
CGTCTG	137.0	3120.3	-15.655
CTGTCT	376.0	9504.9	-15.655
CCTGTT	215.0	5501.3	-15.655
CCCCTT	336.0	7626.4	-15.655
CCCTTC	315.0	8617.9	-15.655
GTCCCT	389.0	8092.7	-15.655
GGATGT	167.0	4903.2	-15.655
GATGTG	272.0	6468.9	-15.655
TACCTG	158.0	3597.6	-15.655
CGTGAG	125.0	3790.5	-15.655
GAGCGT	97.0	2351.4	-15.655
GGGAGC	673.0	14310.2	-15.655
CCTTGG	401.0	9648.4	-15.655
GGTAGG	179.0	5240.6	-15.655
AGGAGG	706.0	18578.4	-15.655
GTTGGA	180.0	4099.7	-15.655
CTTTCC	300.0	6638.4	-15.655
GGCGGT	183.0	4833.9	-15.655
TGGCGG	315.0	7168.1	-15.655
GGCCGT	133.0	3941.7	-15.655
CCGCCC	354.0	9532.9	-15.655
CGCCCT	194.0	4757.2	-15.655
GAAGGG	470.0	11156.7	-15.655
AGGGGA	525.0	12636.3	-15.655
GTCGGC	118.0	2231.3	-15.655
GCGGCA	168.0	3868.2	-15.655
CGGCAG	237.0	5408.2	-15.655
GGCGCC	241.0	7908.6	-15.655
CCCGGG	460.0	12613.6	-15.655
CGCACC	116.0	2682.7	-15.655
GCACCC	306.0	7231.6	-15.655
GCGGGC	391.0	9559.2	-15.655
CTGTTC	177.0	5283.6	-15.655
CGGCTT	104.0	2805.9	-15.655
GGATGG	443.0	11055.2	-15.655
CGTGGT	153.0	3652.9	-15.655
TGTGCC	400.0	10143.2	-15.655
GTGCCT	337.0	8975.2	-15.655
GGACGG	188.0	4670.2	-15.655
CGGAAG	96.0	2800.1	-15.655
CATGGA	225.0	5083.9	-15.655
TGGGCG	248.0	7824.9	-15.655
AGCTTG	210.0	4452.6	-15.655
CTTGTC	158.0	3997.3	-15.655
CCCTAG	125.0	3330.9	-15.655
CTAGGG	189.0	4403.5	-15.655
TAGGGC	130.0	3390.0	-15.655
TTTGAG	214.0	5653.6	-15.655
TCTGCA	306.0	7978.3	-15.655
CTGCAC	365.0	9194.9	-15.655
GCCCAC	322.0	8184.6	-15.655
CCCACA	306.0	8050.3	-15.655
GCTCAC	348.0	7282.0	-15.655
CCTTGC	239.0	6102.0	-15.655
GCTTGG	382.0	8174.5	-15.655
GTGAGA	221.0	6023.7	-15.655
TGCGCT	117.0	3098.7	-15.655
CTTGCT	250.0	6398.7	-15.655
CTCGTG	106.0	2700.0	-15.655
TCGTGC	53.0	1745.8	-15.655
GCTCGC	99.0	2747.3	-15.655
CTCGCT	105.0	3032.0	-15.655
CGCTCT	104.0	2964.2	-15.655
GCTCTC	288.0	6055.4	-15.655
GGTGTA	97.0	2589.5	-15.655
TTGTGC	184.0	4135.0	-15.655
TGCGGG	301.0	7321.8	-15.655
TTCCCT	296.0	8150.6	-15.655
GGATGC	212.0	5624.0	-15.655
CACAGG	426.0	10000.5	-15.655
GACGGC	110.0	2626.2	-15.655
GCATCC	142.0	4451.0	-15.655
ATGCGG	73.0	1854.6	-15.655
TGCGGC	171.0	4448.5	-15.655
AGAAGG	309.0	7409.4	-15.655
CGGAGC	165.0	5449.2	-15.655
GCTCGG	182.0	4541.1	-15.655
GACTGT	165.0	4276.8	-15.655
TCCCTT	261.0	6130.3	-15.655
CGTGCT	132.0	3049.5	-15.655
CCACGG	160.0	3936.0	-15.655
GGAGCA	420.0	8794.6	-15.655
GTTTGC	174.0	3645.8	-15.655
GTGCTC	207.0	6221.9	-15.655
CGCGGG	231.0	7238.0	-15.655
TGTCTT	240.0	5478.2	-15.655
CCCCGC	444.0	9539.6	-15.655
CACCCA	363.0	8299.0	-15.655
CCTTTC	291.0	5959.1	-15.655
CTCTCC	455.0	9944.8	-15.655
ACGAGG	62.0	2362.0	-15.655
CCTGAC	214.0	6681.7	-15.655
TGGTTT	243.0	5456.3	-15.655
GCACTC	150.0	4202.2	-15.655
TGCCCG	190.0	5726.4	-15.655
TGCACC	219.0	6431.0	-15.655
TGCTCG	98.0	2246.4	-15.655
CTTGGT	181.0	5276.9	-15.655
TTGGTG	276.0	6666.2	-15.655
GTAGGG	205.0	5080.3	-15.655
ATGCCC	144.0	4976.0	-15.655
TTGCTT	253.0	4531.9	-15.655
GTTTGG	293.0	5686.6	-15.655
ATGTGG	309.0	7450.5	-15.655
TTAGGG	117.0	3311.9	-15.655
ATGGCT	213.0	4831.6	-15.655
CCCTTT	274.0	5746.2	-15.655
GTTTCT	178.0	5169.9	-15.655
CTTGCC	193.0	5585.6	-15.655
GTCGGG	180.0	4415.2	-15.655
GACCCA	140.0	4807.7	-15.655
CGGGTG	325.0	6814.9	-15.655
TGGGTA	161.0	4010.1	-15.655
GGAGCG	226.0	6389.0	-15.655
GCCGCT	189.0	4480.2	-15.655
CCGCTC	133.0	3597.0	-15.655
CGCTCC	182.0	4138.7	-15.655
GCCCGC	213.0	6696.1	-15.655
GGGACG	161.0	5089.9	-15.655
GAGCGC	167.0	4224.0	-15.655
GGCGGA	212.0	5900.5	-15.655
TCCTTG	247.0	5866.1	-15.655
GGAACC	158.0	4216.0	-15.655
GGGCGT	214.0	5824.8	-15.655
CCCGCA	128.0	3875.4	-15.655
GCGGGT	212.0	5286.5	-15.655
TCGGGA	97.0	2872.4	-15.655
ACCCCG	164.0	3900.4	-15.655
TGCGCG	144.0	3558.3	-15.655
GAGCGG	158.0	5774.4	-15.655
GGAATG	188.0	4950.1	-15.655
AAGGGA	213.0	6110.9	-15.655
TGCCTT	286.0	6824.1	-15.655
CGTGTC	105.0	2774.6	-15.655
GATTGG	133.0	3183.0	-15.655
GCCTTT	197.0	5107.2	-15.655
TGTGGT	416.0	9810.4	-15.655
GAGAGC	278.0	6557.3	-15.655
TAGGGG	186.0	5330.6	-15.655
GCGTGA	94.0	3208.9	-15.655
AAGCAG	225.0	5587.2	-15.655
GGTATG	95.0	2627.0	-15.655
AGTGCT	224.0	6427.9	-15.655
GAATGG	161.0	4407.3	-15.655
CGCGCC	215.0	4872.2	-15.655
GCTTGA	131.0	3366.3	-15.655
AATGGG	205.0	4754.8	-15.655
GTATGG	94.0	2230.0	-15.655
GTCGGT	67.0	1419.9	-15.655
TCGGAG	99.0	2495.1	-15.655
GGTTCG	66.0	1411.5	-15.655
TGGTAG	139.0	3157.1	-15.655
TGATTG	104.0	2797.6	-15.655
CCGCAC	114.0	2720.8	-15.655
TCGGTG	115.0	2638.2	-15.655
GTACCT	142.0	2140.9	-15.598
AGCTTT	173.0	3550.5	-15.550
TGAGCA	343.0	6145.7	-15.452
TTAACT	102.0	1402.4	-15.385
AGAAGC	280.0	4852.9	-15.370
CACACT	208.0	4481.1	-15.258
TCGTAA	15.0	280.2	-15.257
ATAAGT	19.0	1014.5	-15.180
GTCCGT	85.0	1752.1	-15.045
GCGGCG	506.0	9589.4	-15.018
GTCGTC	100.0	1378.3	-14.989
CTCACT	320.0	7016.7	-14.989
CGTAGA	50.0	527.3	-14.928
GGACAC	310.0	5506.5	-14.888
CTTTTA	117.0	2373.1	-14.856
TATTAT	100.0	1383.3	-14.832
GCCCCG	475.0	8952.8	-14.779
TCCGGT	105.0	1479.7	-14.763
ACCGCA	112.0	1613.2	-14.699
ACAAAT	76.0	1592.5	-14.626
CGGAAC	94.0	1281.0	-14.569
GCTTTG	338.0	6095.0	-14.562
ACTTTC	137.0	2529.5	-14.529
AAAGCA	143.0	3295.0	-14.444
AGTAGT	98.0	1362.4	-14.344
CTCGGG	340.0	6159.6	-14.320
CGTCGG	47.0	1563.4	-14.264
CCGCAT	100.0	1431.3	-14.133
AGAGCT	323.0	5833.0	-14.101
CGGCTG	368.0	6754.8	-14.080
GCACGA	41.0	1343.5	-14.063
CGAATG	22.0	700.3	-14.055
GCTTAG	151.0	2373.4	-13.878
ATACGC	14.0	263.7	-13.822
GGGAGA	641.0	12594.9	-13.817
CGTCGT	60.0	718.9	-13.700
ATTAAG	80.0	1069.4	-13.698
AACTAA	67.0	839.3	-13.678
TCCCTC	513.0	9867.0	-13.670
CATAAG	81.0	1184.1	-13.639
GAAATG	234.0	4047.2	-13.553
GCCCTG	902.0	18306.3	-13.458
CTGTAC	154.0	2453.4	-13.453
CGTGCC	224.0	3837.6	-13.450
AATGTG	183.0	3873.5	-13.412
CTCTCG	151.0	2394.4	-13.406
AACCAT	101.0	1451.0	-13.371
CTCTTT	251.0	5418.7	-13.366
TTTCTC	309.0	6247.9	-13.366
ATCTGT	181.0	3884.6	-13.366
ACCCCA	340.0	7288.1	-13.366
TATGAG	75.0	2055.3	-13.366
AGCAGA	256.0	6138.5	-13.366
GGCATT	133.0	3699.6	-13.366
GCATTG	178.0	3116.1	-13.366
ATCCCT	139.0	3873.9	-13.366
CACGCT	125.0	2454.0	-13.366
GAAGCA	211.0	4604.0	-13.366
GAACCC	137.0	4088.2	-13.366
CTTCTT	227.0	5229.6	-13.366
TTTCCT	317.0	7376.5	-13.366
ATGCGC	70.0	1579.0	-13.366
CGGTAG	30.0	1109.2	-13.366
GCTTCG	69.0	2104.0	-13.366
TTGTCC	147.0	3985.2	-13.366
GTTTTG	186.0	4821.5	-13.366
ATGAGC	173.0	3632.4	-13.366
TCTCAC	177.0	4281.2	-13.366
CTCACA	251.0	5045.7	-13.366
ATGTTG	178.0	4529.9	-13.366
CAAGTG	111.0	4506.8	-13.366
GCTCGT	67.0	1474.0	-13.366
CGCTCG	74.0	1887.7	-13.366
TCGTGT	46.0	1574.3	-13.366
CGTTTG	63.0	1521.6	-13.366
ACTGCA	205.0	7179.0	-13.366
GCACTT	188.0	4673.6	-13.366
CGGCAT	80.0	1442.1	-13.366
TTGAGC	151.0	3451.6	-13.366
CTCACG	109.0	2595.1	-13.366
CACGGA	77.0	2216.4	-13.366
CGAGCA	79.0	1823.9	-13.366
ACGTGC	111.0	2611.2	-13.366
ACCCAC	209.0	5304.6	-13.366
CACTTG	191.0	4447.8	-13.366
CACGAG	94.0	1915.4	-13.366
TTCCTT	276.0	6152.2	-13.366
GCTTTT	217.0	4217.6	-13.366
CACTCT	179.0	4563.3	-13.366
AAGGCA	214.0	4843.5	-13.366
TCTTCT	256.0	5883.6	-13.366
GTTTGA	100.0	3078.3	-13.366
CCTCGT	67.0	2378.4	-13.366
CCTTTT	192.0	4774.9	-13.366
CTTTTC	254.0	4974.1	-13.366
GCCCTA	104.0	2553.4	-13.366
CTGTAT	99.0	2395.5	-13.366
TCTCGC	86.0	2186.1	-13.366
CGTGTT	95.0	2117.9	-13.366
CGCGCA	65.0	2368.2	-13.366
ATCAGG	148.0	3126.2	-13.366
TATCTG	101.0	2497.6	-13.366
TACCCC	124.0	2495.5	-13.366
ACACCC	213.0	4778.2	-13.366
CACAGA	281.0	6289.9	-13.366
TTTGCG	54.0	1325.9	-13.366
CCGTTG	36.0	1424.8	-13.366
GGGTAA	71.0	2459.8	-13.366
CCTTCA	156.0	4765.3	-13.366
GGTACG	34.0	930.4	-13.366
GGTTTT	178.0	4836.6	-13.366
ACGGGT	73.0	1639.4	-13.366
TGTTCG	29.0	1083.0	-13.366
CTCCGT	85.0	2731.3	-13.366
GGATAG	77.0	1967.0	-13.366
GTCGGA	36.0	1327.7	-13.366
AGTATG	57.0	1538.5	-13.366
AGCGCA	75.0	2078.3	-13.366
CTCGCG	53.0	2015.1	-13.366
GTAGTA	51.0	898.2	-13.360
GAACAC	129.0	2416.6	-13.330
GGCAGC	718.0	14324.0	-13.269
CACTCA	222.0	4077.1	-13.235
GCTTTA	82.0	2004.3	-13.202
TAGTAA	69.0	887.9	-13.173
GGGGGT	810.0	16328.6	-13.133
ACATAC	86.0	1320.3	-13.128
GTCACG	118.0	1773.8	-13.030
TTACTC	82.0	1509.0	-12.966
CGGTAC	4.0	606.5	-12.894
GACACA	206.0	4164.8	-12.879
TTGGAA	208.0	3552.7	-12.833
AGCATT	127.0	2791.1	-12.792
GGAAAT	205.0	3490.5	-12.789
CTCTTA	106.0	1910.5	-12.755
ATAGCA	60.0	1530.8	-12.753
ATGTCC	200.0	3409.4	-12.719
CGGAAA	89.0	1248.3	-12.707
TACACG	48.0	783.2	-12.699
CAGAAC	127.0	3453.3	-12.655
GATTTT	173.0	2864.3	-12.645
AATGCG	27.0	813.2	-12.541
ATGCTC	192.0	3249.5	-12.531
ATAAGA	91.0	1293.8	-12.497
TAGTGT	122.0	1874.2	-12.483
TCACGC	139.0	2214.1	-12.483
GCCCCA	579.0	11414.5	-12.385
CTTTAC	72.0	1579.3	-12.222
GGGTAG	274.0	4954.5	-12.208
TATTAC	62.0	790.9	-12.184
TAAGCA	95.0	1705.9	-12.149
GCAGCT	530.0	10379.7	-12.102
CGGTCC	154.0	2522.8	-12.037
TCTTTC	281.0	5104.5	-11.992
TGTTGG	422.0	8076.0	-11.963
CACTGG	426.0	8175.5	-11.934
GTTCGT	62.0	797.0	-11.922
GCGCTA	72.0	978.6	-11.886
TGAGTT	207.0	3594.2	-11.770
GTAGTT	104.0	1569.7	-11.758
TAGAAT	90.0	1300.5	-11.757
CCCTCT	514.0	10099.0	-11.684
CACAGC	438.0	8443.6	-11.676
CACAAA	151.0	2480.9	-11.651
ATTGAA	96.0	1419.6	-11.646
ATTCGT	41.0	447.7	-11.642
AGTACT	87.0	1247.5	-11.641
ATTTCT	217.0	3820.4	-11.629
TTGGAT	160.0	2670.9	-11.594
CATGAT	177.0	3006.5	-11.590
CACTCG	59.0	1602.8	-11.538
TTATTA	108.0	1657.1	-11.528
CTTAGA	106.0	1833.4	-11.513
ATCTCT	152.0	4015.9	-11.480
CACTGA	180.0	4402.4	-11.480
ACGTGT	140.0	2443.2	-11.480
GTGAAT	95.0	2688.2	-11.480
TTCTTC	208.0	5115.5	-11.480
ACTGTC	138.0	3263.7	-11.480
GCGTTT	63.0	1637.1	-11.480
CTTTGA	173.0	3405.2	-11.480
GCAAGT	91.0	2597.0	-11.480
ACCCTT	83.0	3070.8	-11.480
TTGCAC	105.0	2878.5	-11.480
TTTGCA	226.0	4297.5	-11.480
TCGCTC	74.0	2410.6	-11.480
TCTTTT	235.0	5493.2	-11.480
TACGTG	29.0	1398.7	-11.480
CCATGA	138.0	4034.5	-11.480
ACACGG	75.0	2349.8	-11.480
AGCACT	189.0	5115.3	-11.480
ATGTTT	116.0	3221.2	-11.480
GACCTT	110.0	3311.6	-11.480
CAGACA	184.0	4979.5	-11.480
AAGTGT	107.0	3384.8	-11.480
TGTATT	70.0	3861.8	-11.480
TCATGT	112.0	3092.4	-11.480
ACGGCT	82.0	1837.8	-11.480
GACGCA	50.0	1657.7	-11.480
TGAGAA	212.0	4887.7	-11.480
GCATCG	62.0	1381.8	-11.480
GTATGA	54.0	1551.4	-11.480
GTTCTT	146.0	3552.8	-11.480
AAGAGC	147.0	3733.9	-11.480
ACGGCG	45.0	1737.0	-11.480
GCGTTC	61.0	1541.0	-11.480
CGGTCG	33.0	1106.4	-11.480
CGTTCC	65.0	1677.5	-11.480
GCATAG	77.0	1767.6	-11.480
GCGGTA	27.0	937.5	-11.480
CGTGTA	27.0	1029.5	-11.480
TGCGTA	21.0	913.3	-11.480
GTTAGG	141.0	2305.8	-11.447
TCCGTT	51.0	1021.3	-11.446
GTAGAC	93.0	1369.5	-11.437
ATTGCT	157.0	2618.3	-11.389
GGGTAT	135.0	2196.6	-11.166
CGTACC	31.0	597.0	-11.156
TGTCAA	118.0	1852.5	-11.148
GTTACG	23.0	536.6	-11.136
CACATT	163.0	2759.3	-11.117
ATATAG	62.0	821.2	-11.093
TCCGAC	65.0	877.5	-11.015
AATGTA	63.0	1515.8	-10.921
TAAATG	109.0	2172.8	-10.918
TTACTT	101.0	1702.0	-10.914
GTAGCA	120.0	1903.6	-10.907
TAGTTA	37.0	836.8	-10.901
GGTACC	140.0	2316.1	-10.818
GTGATG	328.0	6187.7	-10.817
TTCTTA	99.0	2167.6	-10.800
GGGGCA	739.0	15115.9	-10.775
TTATCG	31.0	305.6	-10.768
GACCCC	374.0	7183.0	-10.758
GTACGA	34.0	355.3	-10.573
TACTAA	36.0	1589.6	-10.542
TAGACC	59.0	1319.6	-10.525
GTACTT	98.0	1504.8	-10.474
GGTTTA	114.0	1824.3	-10.455
ACCAGG	349.0	6668.2	-10.428
ATATTA	27.0	951.4	-10.427
GGGTGC	630.0	12773.3	-10.425
CAGATC	171.0	2947.6	-10.422
AATTGC	99.0	1527.2	-10.409
AATATT	109.0	1727.0	-10.382
TTAAGA	99.0	1530.0	-10.361
CCCCAA	301.0	5671.8	-10.341
AATGAG	187.0	3274.6	-10.337
TATCTC	112.0	1789.9	-10.336
ACGTAC	10.0	458.2	-10.319
AAATGT	150.0	3100.8	-10.230
AATCTA	62.0	847.9	-10.214
TTAAAG	124.0	2018.9	-10.207
GTACCA	99.0	1536.6	-10.193
CCGTCA	94.0	1440.3	-10.125
TTAGGA	142.0	2397.6	-10.070
CAGAGC	489.0	9732.2	-10.036
TGCTTA	130.0	2181.5	-9.990
TCTATT	101.0	1587.6	-9.934
GTTCAT	69.0	2141.7	-9.902
TTGGGT	291.0	5479.8	-9.883
CATGAC	101.0	2380.1	-9.878
AGACAC	156.0	3459.5	-9.878
GACACG	72.0	1882.2	-9.878
GAAGAC	138.0	3014.5	-9.878
ACTTTG	123.0	4553.1	-9.878
GTTTTC	159.0	4066.7	-9.878
AAGAAG	198.0	4107.1	-9.878
CTTTCA	164.0	3250.7	-9.878
CCCATT	115.0	3661.1	-9.878
AAAGGC	166.0	3771.8	-9.878
TTAGGC	86.0	1779.4	-9.878
ATGAAG	116.0	3349.7	-9.878
AGACGC	69.0	1977.4	-9.878
CTTCAT	120.0	3246.4	-9.878
CCCTTA	96.0	2068.9	-9.878
CATCCA	149.0	3763.2	-9.878
TTCTCA	218.0	4779.3	-9.878
TGTTCA	172.0	3503.8	-9.878
TCTGAT	107.0	3016.6	-9.878
GAGAAC	152.0	3431.1	-9.878
ATGAGA	137.0	3118.6	-9.878
ATTTGT	97.0	2881.1	-9.878
TGACTT	149.0	3588.3	-9.878
TTGTAT	53.0	3269.6	-9.878
GGTACA	67.0	1994.4	-9.878
TTGGTT	208.0	3744.7	-9.842
GCAATG	166.0	2897.2	-9.835
TGGATT	182.0	3220.2	-9.835
CGCTAA	41.0	486.5	-9.820
GCACAA	77.0	2454.1	-9.789
GTGCCC	524.0	10527.1	-9.741
CCTTGA	210.0	3797.8	-9.711
CCAGAT	199.0	3579.1	-9.689
GGGTAC	147.0	2507.1	-9.621
TAAACG	15.0	404.9	-9.614
AGGAGC	492.0	9860.7	-9.600
AATAAG	61.0	1398.7	-9.599
CCTCTT	338.0	6511.7	-9.592
TCGCGA	49.0	631.0	-9.579
GCACGG	206.0	3719.5	-9.575
TACGTT	38.0	442.6	-9.541
GGCCCT	598.0	12182.7	-9.537
CCTCAC	356.0	6922.8	-9.517
TAACTA	46.0	648.0	-9.508
ATCTAG	78.0	1174.0	-9.502
ATATCT	65.0	1385.7	-9.400
TTTCTA	149.0	2562.3	-9.391
GCACAG	434.0	8613.1	-9.383
TATCTA	41.0	836.7	-9.363
TAGGCA	152.0	2628.2	-9.350
GGTTCT	248.0	4634.6	-9.312
TTCTAA	85.0	1805.2	-9.304
CACCAG	344.0	6683.9	-9.286
CGTTCG	47.0	604.6	-9.276
TAAGGC	110.0	1799.2	-9.272
AGCCCC	563.0	11436.7	-9.271
CGGATA	37.0	432.6	-9.241
CTCCCC	683.0	14095.0	-9.202
TAGGGA	196.0	3547.5	-9.198
TTCGCA	22.0	791.8	-9.098
GATGAG	253.0	4744.7	-9.080
CACGAA	23.0	785.0	-9.077
CCGGTC	120.0	2000.1	-8.965
TTGGCA	225.0	4166.5	-8.960
GTATCT	113.0	1877.1	-8.948
CATTCG	55.0	758.0	-8.945
AGTACG	39.0	473.6	-8.934
TCGAAA	34.0	388.3	-8.926
TTCGTT	26.0	730.0	-8.849
CTGAAT	111.0	2712.5	-8.844
ACCCAT	113.0	2527.0	-8.836
TAGTCA	75.0	1141.1	-8.821
ATACGT	23.0	476.9	-8.821
CTCACC	342.0	6683.5	-8.815
ACAGTA	75.0	1487.2	-8.807
TATTAA	69.0	1190.6	-8.782
ATGTTA	55.0	1436.2	-8.761
GCTTTC	226.0	4207.9	-8.728
CCATAA	74.0	1126.8	-8.715
TAGATT	78.0	1204.6	-8.713
ACTGTA	116.0	1952.1	-8.704
GTTGGG	451.0	9073.8	-8.642
TCACTC	211.0	3900.4	-8.634
AAGGCT	236.0	4442.8	-8.619
CGGGAG	435.0	8728.0	-8.616
TTTTAA	192.0	3501.3	-8.615
ACCATT	109.0	1812.2	-8.604
TAACGC	16.0	356.2	-8.598
CGAGCC	166.0	2977.2	-8.598
GTTATA	34.0	652.3	-8.547
CTTACT	89.0	1788.0	-8.527
CCCAAG	324.0	6333.0	-8.523
TAGTAC	41.0	627.5	-8.513
GACGAC	62.0	903.2	-8.510
GAAGGC	320.0	6240.5	-8.503
CTTAGC	102.0	2281.4	-8.497
ACTTGT	90.0	2284.0	-8.497
TTGTCA	129.0	2911.7	-8.497
ACAGAC	134.0	3712.9	-8.497
TCGCTT	46.0	1554.6	-8.497
CCGTCG	47.0	1207.2	-8.497
CTGTTA	95.0	2060.7	-8.497
TCTCTA	127.0	3540.8	-8.497
CACATC	120.0	3370.4	-8.497
TCGCGC	43.0	1591.5	-8.497
TATGTC	48.0	1524.1	-8.497
TATGCT	41.0	1516.7	-8.497
CACGTC	68.0	1819.2	-8.497
AGGGTA	150.0	2639.4	-8.495
CTGCTT	371.0	7344.6	-8.487
TCGTTG	19.0	870.5	-8.469
ATCCTA	84.0	1314.4	-8.454
CGTAGT	22.0	583.0	-8.451
GAATAT	37.0	1247.3	-8.441
GAGTGC	334.0	6556.0	-8.428
GTACGG	57.0	813.9	-8.415
TACCAA	66.0	983.7	-8.413
AAGAAC	117.0	1988.0	-8.407
TCGTCC	87.0	1377.5	-8.381
GCAAAT	109.0	1826.5	-8.350
AGCCGA	128.0	2206.0	-8.284
TATAGT	65.0	969.4	-8.280
ATGATG	201.0	3727.9	-8.273
GACCGG	137.0	2396.8	-8.272
TAGAAG	86.0	2148.9	-8.256
CAAACG	39.0	741.4	-8.253
CCCGTG	246.0	4681.6	-8.227
AACCAG	172.0	3115.1	-8.179
GTGGTA	153.0	2724.1	-8.169
TTTGGC	219.0	4119.7	-8.140
TCTGAA	186.0	3426.5	-8.139
ATTAGA	78.0	1229.6	-8.137
CTTTGC	273.0	5267.0	-8.134
CCGTGG	297.0	5781.9	-8.132
TTACGA	11.0	312.2	-8.132
CTTGTT	199.0	3694.4	-8.130
ATTTAA	70.0	1763.3	-8.124
ACTGGC	238.0	4508.9	-8.107
CAGCAT	280.0	5411.1	-8.088
TTGTAC	81.0	1292.8	-8.061
GGTTTG	277.0	5367.9	-8.058
CACGTT	85.0	1378.4	-8.028
CATACC	80.0	1275.0	-8.002
CTTACC	101.0	1680.9	-7.995
TCGTAG	43.0	568.9	-7.984
TCGGAA	63.0	983.0	-7.972
CGCATT	48.0	799.9	-7.971
CGTACA	23.0	483.8	-7.966
CCGTGC	210.0	3934.4	-7.934
GATACC	55.0	1087.4	-7.919
GTTGAG	188.0	3469.3	-7.869
TAGATG	112.0	1915.9	-7.860
CTAGAT	81.0	1302.3	-7.837
CCTTTA	126.0	2191.9	-7.818
CTGGTG	616.0	12834.8	-7.798
TTATCC	90.0	1466.3	-7.786
TCACAA	114.0	1962.4	-7.767
CCCTAA	115.0	2023.4	-7.753
CTGGGG	1320.0	28675.7	-7.750
AGAACA	174.0	3191.9	-7.742
ACACTG	244.0	4679.9	-7.740
TGGTAA	86.0	1977.3	-7.685
TTATAA	70.0	1332.7	-7.684
CTGAAC	166.0	3042.7	-7.668
AAACGC	28.0	835.4	-7.639
CCCGTA	49.0	689.3	-7.629
GCCCTT	316.0	6236.9	-7.623
TAAGAG	116.0	2013.1	-7.609
TTCCGT	78.0	1253.7	-7.591
AGATCC	146.0	2613.4	-7.578
ACTCTC	156.0	2833.6	-7.536
GTCTGC	338.0	6726.9	-7.532
ACTAAG	70.0	1097.7	-7.529
CGCTTT	96.0	1602.7	-7.512
GATTTA	81.0	1317.7	-7.510
TGGGTT	347.0	6922.1	-7.499
CCATTA	81.0	1318.7	-7.489
TCTTAC	57.0	1526.5	-7.483
TGAACA	93.0	2625.3	-7.478
TGTTAT	101.0	1708.5	-7.459
AGCTTA	53.0	1384.8	-7.445
AGATGA	193.0	3615.1	-7.434
TACGAT	14.0	247.7	-7.424
TTGGGG	632.0	13244.3	-7.412
GCGTAT	7.0	515.8	-7.396
CTTCTC	362.0	7278.8	-7.365
CCTAAC	83.0	1365.0	-7.357
CGACGG	79.0	1285.3	-7.346
AAAAGT	119.0	2072.3	-7.339
TCCATA	82.0	1346.2	-7.338
ATTAAT	50.0	1257.6	-7.333
GCATTA	64.0	1349.4	-7.331
GGGTCG	206.0	3895.8	-7.322
TAACTT	81.0	1326.2	-7.319
AGCTCT	306.0	6057.4	-7.296
AGACCA	127.0	4449.8	-7.294
CACTTT	189.0	4517.8	-7.294
CTATCC	43.0	1474.7	-7.294
ACTCGC	16.0	1260.4	-7.294
CGTTCT	71.0	1529.5	-7.294
CCTATC	49.0	1370.6	-7.294
GAATGA	128.0	3113.0	-7.294
TTAGGT	62.0	1772.6	-7.294
TCACTT	153.0	3737.6	-7.294
AAGGAT	71.0	2388.6	-7.294
GGATAC	51.0	1231.1	-7.294
GATGTA	38.0	1529.9	-7.294
TTGACT	91.0	2080.7	-7.294
GAAAGA	125.0	3802.9	-7.294
TTTCCG	63.0	1678.7	-7.294
CGTCTT	49.0	1564.8	-7.294
ATAAGG	90.0	1491.4	-7.280
ATTAGG	44.0	1539.0	-7.252
TGGTTA	111.0	1929.4	-7.250
ATCGTT	36.0	466.1	-7.177
CAAATT	88.0	1455.6	-7.176
GTCCGG	170.0	3146.8	-7.167
GGATTT	177.0	3304.5	-7.133
GCGCTT	121.0	2127.9	-7.131
TTGAAA	98.0	2371.5	-7.103
TCTCCC	473.0	9756.9	-7.103
GAAATT	104.0	1791.4	-7.098
ACGTTC	58.0	880.2	-7.086
CCCTGA	408.0	8323.1	-7.083
CTGTCC	469.0	9684.5	-7.072
CAAAAG	127.0	2259.2	-7.064
CGTGGG	384.0	7809.0	-7.046
TGCTCT	380.0	7711.1	-7.032
TAGCTT	69.0	1668.5	-7.015
CCGGGG	541.0	11294.7	-7.007
TGGGGA	845.0	18122.3	-6.993
CATTAG	67.0	1476.3	-6.985
TAGGAA	88.0	2536.7	-6.985
TTCGGA	33.0	1007.1	-6.979
GACCTG	351.0	7081.6	-6.975
GTCTTC	212.0	4062.6	-6.973
ATTGGA	113.0	1988.4	-6.966
CTTGAC	132.0	2375.3	-6.950
TCGGTT	58.0	954.8	-6.913
ACGCAA	36.0	498.0	-6.900
CTTTAT	125.0	2229.6	-6.881
TGGAGC	464.0	9588.0	-6.859
ACTTTT	158.0	2927.0	-6.854
ATGTCA	147.0	2686.1	-6.847
ACACGA	42.0	741.9	-6.831
AAACGG	69.0	1108.1	-6.828
ACAGAA	149.0	3394.3	-6.817
TCATAC	57.0	872.3	-6.802
AGTAAT	68.0	1091.2	-6.767
CCCAGG	1009.0	21859.5	-6.755
AATCGT	32.0	407.3	-6.746
CTAATC	58.0	894.7	-6.735
GCTACC	120.0	2131.2	-6.735
GAGACC	297.0	5929.5	-6.732
CGTCCT	144.0	2651.1	-6.729
CATTGG	160.0	2981.0	-6.728
CTCATA	82.0	1377.6	-6.710
GGGAGT	426.0	8774.6	-6.709
TATATC	50.0	741.8	-6.700
GTGGGA	598.0	12613.2	-6.699
TTCCTA	85.0	2521.9	-6.680
CGTTGT	70.0	1136.7	-6.648
GTAACT	79.0	1319.9	-6.643
AGGCCC	502.0	10470.1	-6.618
AACTAT	42.0	727.8	-6.583
TCTATC	35.0	1210.1	-6.579
TGTTAA	89.0	1777.2	-6.568
TACATA	36.0	1152.5	-6.566
CATTAC	66.0	1060.6	-6.558
TGTGAT	250.0	4935.6	-6.535
AGGGAT	242.0	4750.7	-6.525
AGCAGG	556.0	11690.1	-6.506
GTGTTG	305.0	6123.2	-6.502
GTTAAG	66.0	1305.8	-6.501
TAATTG	76.0	1265.9	-6.498
ATTACT	67.0	1206.4	-6.486
ATTATT	104.0	1828.1	-6.482
GGTCCG	148.0	2736.8	-6.477
ACGTGG	201.0	3881.8	-6.453
ACTCAT	107.0	1895.3	-6.419
AATTAA	79.0	1331.7	-6.408
AAGATG	191.0	3659.7	-6.394
TTTATC	99.0	1728.5	-6.392
TTATCT	80.0	1860.5	-6.367
ACAGAT	150.0	2788.9	-6.365
TTAGCA	91.0	1866.9	-6.362
TTCACA	161.0	3034.8	-6.344
GGTAGA	155.0	2901.1	-6.337
GGAAAC	205.0	3961.9	-6.333
TTCTTT	304.0	6120.5	-6.326
TAATCG	22.0	245.4	-6.321
GCTAAA	74.0	1234.4	-6.314
TCGGGG	310.0	6268.5	-6.297
ATGCGA	27.0	565.8	-6.281
CAACTA	49.0	738.1	-6.273
ATTGGT	103.0	1820.1	-6.272
ACTTGC	144.0	2686.9	-6.263
ACCCGT	52.0	1293.7	-6.242
CTCGTT	37.0	1041.6	-6.242
ACCACA	188.0	4096.9	-6.242
CCCATA	59.0	1739.3	-6.242
ACCTTT	107.0	2587.6	-6.242
GGAAAA	191.0	4016.4	-6.242
GAAAAG	161.0	3676.1	-6.242
ACAAGC	84.0	2236.4	-6.242
GTATTT	63.0	3777.3	-6.242
TAGGTT	72.0	1711.8	-6.242
CTATCT	78.0	1635.5	-6.242
AGAACC	127.0	2928.7	-6.242
GACTTT	87.0	2875.4	-6.242
GTTAGC	67.0	1488.1	-6.242
GTTAGT	52.0	1338.3	-6.242
TTCGGT	56.0	999.3	-6.242
TTGAAT	109.0	2019.2	-6.236
ACAAAC	100.0	1758.2	-6.236
ATAACT	54.0	938.3	-6.228
TTATAC	26.0	707.6	-6.219
TACGGT	24.0	500.2	-6.216
TTATAT	80.0	1364.2	-6.184
CGAAAT	21.0	402.5	-6.180
TGTACC	118.0	2126.4	-6.170
GAGGGC	600.0	12760.7	-6.165
TTTCTT	324.0	6599.8	-6.161
CACTTA	62.0	1730.2	-6.157
TTTCGT	38.0	823.3	-6.135
TCTCGT	69.0	1141.6	-6.125
ATCGTA	23.0	266.7	-6.122
TAGATC	36.0	839.3	-6.116
CCTGCT	631.0	13444.6	-6.114
ATTTTA	143.0	2678.8	-6.086
GGACCG	156.0	2945.9	-6.074
ATCCGA	38.0	537.0	-6.059
CCGTAC	22.0	534.6	-6.032
TCGGGC	175.0	3353.6	-6.019
TCGCTA	37.0	520.9	-5.982
TACTCT	77.0	1642.0	-5.971
ACCTGC	372.0	7679.2	-5.968
TACGGG	67.0	1109.6	-5.960
CTGGCG	280.0	5637.2	-5.955
AAGATT	89.0	1544.9	-5.946
GTAGAT	79.0	1358.7	-5.918
CTGTGC	593.0	12644.7	-5.914
CGATCA	34.0	467.9	-5.909
GAAGAT	144.0	2714.8	-5.909
GAAATA	100.0	1780.8	-5.896
ACTATT	36.0	894.4	-5.893
TTCAAA	113.0	2059.5	-5.887
AACGGG	94.0	1653.7	-5.885
GTACCG	22.0	730.7	-5.877
TAGTTG	80.0	1381.3	-5.871
GTATAT	64.0	1394.0	-5.864
AGAAAT	158.0	3009.3	-5.841
AAAAGC	112.0	2485.4	-5.830
GTAAGC	86.0	1490.3	-5.795
TCTCGG	183.0	3556.2	-5.789
ACTAAT	54.0	856.2	-5.785
TGGTGA	394.0	8203.3	-5.784
CGATAA	7.0	225.2	-5.752
AGGGCT	501.0	10585.6	-5.747
TTTAGA	71.0	1879.4	-5.737
TCCTAA	105.0	1898.5	-5.720
AGAGCA	290.0	5882.7	-5.713
GAAACA	147.0	2775.8	-5.706
TTCTCT	342.0	7050.2	-5.700
TTAAAC	40.0	1251.3	-5.699
ATACGA	11.0	256.0	-5.666
ACATGA	76.0	2505.3	-5.664
ACGCTT	37.0	893.4	-5.662
ATACCG	27.0	347.5	-5.651
TAAGAA	96.0	1749.8	-5.629
TTCATA	50.0	1334.9	-5.620
TACTCA	97.0	1734.6	-5.619
CTAAGG	127.0	2362.4	-5.614
GACCGT	77.0	1333.7	-5.613
GGTCCA	204.0	4034.7	-5.585
TATAAC	33.0	554.2	-5.578
CCCTCC	761.0	16499.8	-5.575
ACGTAT	9.0	447.8	-5.560
GAGCTC	296.0	6051.0	-5.528
TGTCTA	113.0	2085.4	-5.527
ACGAAT	18.0	349.1	-5.520
GAAGAA	206.0	4066.3	-5.504
TTGATC	87.0	1531.3	-5.470
TTAAAT	96.0	1828.7	-5.451
GTTCTG	288.0	5893.4	-5.436
AACATT	97.0	1748.0	-5.403
TCAGGC	319.0	6578.0	-5.396
TCTTAT	63.0	1566.0	-5.338
GTACAG	126.0	2362.5	-5.333
AGATAA	86.0	1518.0	-5.327
TATCGT	23.0	285.0	-5.324
AACATG	84.0	3732.3	-5.319
CTTGAA	128.0	3681.2	-5.319
CTTTAG	77.0	2116.8	-5.319
TAAGGA	86.0	2156.8	-5.319
AAGCTT	94.0	2309.9	-5.319
TCAGAA	160.0	3461.9	-5.319
GCGTAC	20.0	746.7	-5.319
ATGACT	91.0	2148.4	-5.319
CACTAG	41.0	1561.6	-5.319
ATATGT	105.0	2018.2	-5.319
TTACCT	83.0	1922.0	-5.319
TTAGTA	77.0	2272.3	-5.311
AAACGT	18.0	755.8	-5.304
CTTGGC	389.0	8150.6	-5.303
TACCTC	107.0	1971.5	-5.299
TAAATC	25.0	1055.0	-5.286
TTTAAA	164.0	3194.9	-5.286
CTTATC	72.0	1248.2	-5.283
ACGGTA	18.0	523.7	-5.278
CAAATC	85.0	1501.7	-5.266
GCTGCT	688.0	14907.5	-5.262
TTTAAC	72.0	1250.6	-5.247
ATAAGC	58.0	1076.3	-5.244
TTAACG	11.0	384.4	-5.240
GTTCCG	90.0	1609.6	-5.240
TGGTGT	406.0	8539.1	-5.234
GTTTAG	88.0	1784.2	-5.225
AGTAAG	94.0	1697.4	-5.207
TTGAGT	145.0	2773.3	-5.207
AGCTTC	232.0	4684.9	-5.190
AATAAT	89.0	1592.4	-5.179
GAGCCG	270.0	5520.2	-5.159
TAACTC	72.0	1256.2	-5.142
TTGATT	92.0	2066.0	-5.088
ATACTC	51.0	829.3	-5.066
CCTTTG	286.0	5893.9	-5.066
TATAGC	45.0	768.5	-5.063
TATCTT	84.0	1612.3	-5.051
TCTTGT	191.0	3790.4	-5.048
TTCTGA	213.0	4279.7	-5.044
TCGATA	1.0	178.1	-5.036
TTCTAC	92.0	1666.7	-5.026
ACTGGT	159.0	3106.2	-5.020
CATAGC	50.0	1718.5	-5.019
TCATAA	57.0	1045.5	-5.019
ATTAGT	58.0	973.5	-5.016
GTATAC	20.0	783.5	-5.013
TAGTAT	32.0	824.3	-5.007
TGCTTC	273.0	5613.8	-4.995
AAGGAG	342.0	7155.1	-4.966
GGAAGG	649.0	14085.6	-4.965
AAGAAT	105.0	1953.6	-4.959
TCTTCA	190.0	3779.6	-4.929
TACCAG	110.0	2064.3	-4.928
GGATTG	161.0	3162.5	-4.910
CTAAAT	45.0	1129.2	-4.906
GAACGT	30.0	1113.9	-4.903
AAGGTT	112.0	2110.1	-4.900
GTCTAA	58.0	979.4	-4.899
CCCTGC	789.0	17319.5	-4.885
ATCTAA	38.0	827.1	-4.855
ACATTC	98.0	1987.2	-4.847
CGTAGC	49.0	799.8	-4.834
CTAACC	73.0	1296.6	-4.830
GTAAAT	64.0	1514.5	-4.810
TTTGAT	123.0	2340.3	-4.799
GGGGCC	885.0	19542.9	-4.786
GATCCC	171.0	3380.1	-4.781
GAACGG	86.0	1555.2	-4.768
CGGTTT	73.0	1300.2	-4.765
TACCTA	43.0	1034.5	-4.764
TGCTAG	126.0	2410.8	-4.761
TCAACT	79.0	1428.2	-4.752
TGTCCA	270.0	5574.4	-4.741
GGTATC	77.0	1386.6	-4.739
ATGGGA	279.0	5768.7	-4.735
CCTAAA	82.0	1494.9	-4.721
TTAGCG	40.0	625.3	-4.719
AAACAC	106.0	2227.4	-4.711
AAACGA	19.0	502.1	-4.706
GGCTCC	564.0	12208.7	-4.703
GGTTGA	148.0	2888.1	-4.690
CACTAA	62.0	1074.8	-4.689
TCTAAA	76.0	1369.8	-4.677
GTTACT	87.0	1585.6	-4.651
CAGTAC	87.0	1585.7	-4.651
TAAGCC	98.0	1825.0	-4.645
AGCTAA	103.0	1933.7	-4.642
TAAGTA	53.0	890.7	-4.640
CGATAT	20.0	250.9	-4.632
GGTAGT	105.0	1978.3	-4.627
TGATTT	159.0	3145.1	-4.618
CGATGG	102.0	1914.2	-4.611
GGGTCC	462.0	9903.8	-4.608
CGGAGT	133.0	2580.4	-4.608
TCACGT	39.0	1614.0	-4.595
CATATC	55.0	1103.2	-4.592
AGTGTC	202.0	4097.3	-4.582
CTGTTG	284.0	5911.2	-4.579
GGACGT	120.0	2293.3	-4.560
TTAGTT	70.0	1604.8	-4.555
AGCAGT	229.0	4690.6	-4.550
TAAGAT	68.0	1208.4	-4.535
CGTACG	34.0	515.3	-4.527
TAAAGC	87.0	1594.2	-4.521
ACCACT	94.0	2823.5	-4.509
TGTATA	84.0	1854.4	-4.509
AATGCT	117.0	2624.6	-4.509
CATTTC	162.0	3708.1	-4.509
CTAAGC	75.0	1783.2	-4.509
TAGCAC	80.0	1637.4	-4.509
TGAACG	43.0	1089.9	-4.509
GTACGC	32.0	562.2	-4.509
GAGCAG	507.0	10946.7	-4.490
CGACCC	107.0	2037.3	-4.448
GCTAGA	104.0	1971.1	-4.441
AGTATC	58.0	1005.5	-4.435
CAGTCT	216.0	4422.0	-4.434
CCTGGT	446.0	9573.1	-4.433
GAGAAG	356.0	7568.1	-4.394
TATGCG	35.0	540.8	-4.386
AGCCTG	606.0	13254.3	-4.376
AGTCAC	148.0	2920.0	-4.362
AGTCCG	78.0	1434.0	-4.358
GAAGGA	326.0	6877.4	-4.356
GGCTTA	120.0	2312.6	-4.348
CGTATA	5.0	236.3	-4.347
TTTGAA	109.0	2972.0	-4.347
ACTAAC	23.0	694.0	-4.335
ACCCTG	412.0	8845.6	-4.332
CCCTAT	90.0	1674.1	-4.324
AATATC	23.0	957.7	-4.324
TTGTTA	103.0	1959.0	-4.321
TCGTGG	149.0	2948.4	-4.311
TTAACA	41.0	1349.6	-4.298
CTTTAA	107.0	2050.5	-4.288
TCTTAG	101.0	1918.5	-4.283
GAATCT	118.0	2276.7	-4.250
TGACTG	251.0	5209.7	-4.242
TACTTA	55.0	954.7	-4.226
CCTTAA	43.0	1568.9	-4.224
AATCCG	41.0	667.2	-4.217
CCTATA	57.0	997.0	-4.213
CAATGT	106.0	2036.7	-4.196
TAGCCG	65.0	1167.3	-4.186
AAGGCG	128.0	2508.7	-4.174
TGAATT	113.0	2194.4	-4.170
ATAATT	76.0	1404.7	-4.150
CCCTTG	312.0	6614.4	-4.142
CAGCTC	435.0	9401.4	-4.112
TCGACG	3.0	380.4	-4.109
ACGGAC	61.0	1088.1	-4.096
GCGTTA	36.0	572.5	-4.094
ACGCTC	78.0	1452.2	-4.085
GATAGA	53.0	1256.2	-4.078
AACTCT	118.0	2292.3	-4.070
AGGTAA	126.0	2473.8	-4.069
TGGACC	215.0	4444.5	-4.066
AGTTAG	80.0	1498.0	-4.051
AAATTC	82.0	1542.1	-4.047
CGCTAC	49.0	840.1	-4.040
CCAAGC	221.0	4567.7	-4.038
TCACAT	134.0	2657.7	-4.034
CGGTGC	201.0	4141.6	-4.034
TGTAAA	75.0	2680.5	-4.031
GGCCGA	195.0	4000.9	-4.029
TCCGTA	29.0	539.7	-4.027
TGACAG	248.0	5194.5	-4.006
TACTTT	91.0	1915.5	-4.003
TAATAT	61.0	1094.6	-3.999
TACTAT	45.0	760.3	-3.989
TTTTAC	77.0	1893.9	-3.970
AGTTTT	161.0	3262.0	-3.966
GTTTAC	79.0	1483.9	-3.965
TCACCT	274.0	5783.7	-3.958
GGTATA	58.0	1033.2	-3.956
AAGCTA	66.0	1204.0	-3.952
GAGTAA	81.0	1529.5	-3.934
GTCAAC	74.0	1377.8	-3.929
AGTAAC	60.0	1078.4	-3.920
TATCCG	32.0	501.7	-3.908
AATTTG	104.0	2016.1	-3.908
CGACCT	81.0	1531.8	-3.908
CATCAG	191.0	3921.9	-3.907
TGTTGT	225.0	4682.0	-3.898
TAACCT	79.0	1488.4	-3.897
ATAATA	64.0	1165.2	-3.889
ATCCGT	48.0	828.3	-3.884
ATTTGA	111.0	2176.1	-3.869
ATAGCC	71.0	1317.0	-3.862
AGGGCC	513.0	11238.2	-3.857
GTTATT	79.0	1491.9	-3.857
TATATG	80.0	1513.9	-3.849
GCCGAG	264.0	5582.0	-3.842
GACGTG	140.0	2814.8	-3.838
AGTCGC	66.0	1211.1	-3.833
TATAAG	54.0	957.3	-3.818
TTCGTC	45.0	769.5	-3.818
ACTTAC	49.0	1082.0	-3.814
CCATAT	43.0	1450.6	-3.807
GGTTAT	58.0	1412.1	-3.798
GGTAAC	65.0	1418.7	-3.798
TTCACG	35.0	1392.9	-3.798
AGTTTC	117.0	3406.0	-3.798
AATGGT	53.0	2181.6	-3.798
TTAAGG	68.0	1840.3	-3.798
ATGAAC	53.0	1761.5	-3.791
GGAGTA	121.0	2387.7	-3.786
TCTTTA	115.0	2275.4	-3.778
ATCGAT	21.0	293.9	-3.775
CGAAAA	33.0	527.5	-3.764
CATAAT	56.0	1003.7	-3.764
CAGAAG	292.0	6206.5	-3.764
CGAAAG	48.0	835.0	-3.758
ATACGG	31.0	488.2	-3.749
TTCGGG	131.0	2619.9	-3.739
ATAGAA	72.0	1349.8	-3.726
CCTGTC	417.0	9067.3	-3.709
AGAGGC	420.0	9145.6	-3.705
TTTACT	101.0	1968.5	-3.698
AGGACA	264.0	5605.7	-3.690
GCTTAC	70.0	1311.0	-3.661
CAGTGT	311.0	6669.5	-3.659
GTCGTA	20.0	329.1	-3.657
AGAACT	118.0	2650.2	-3.654
AAATTG	88.0	1685.7	-3.632
GATAAA	69.0	1291.1	-3.628
AATAGT	47.0	986.7	-3.628
CTAGAA	98.0	1908.5	-3.625
CCGATA	21.0	298.7	-3.623
ATGCCG	70.0	1313.6	-3.620
ATGTTC	126.0	2518.7	-3.616
GTAGCG	58.0	1055.9	-3.607
ATTCCG	46.0	802.6	-3.593
TATTTC	62.0	2146.0	-3.582
AACTTT	110.0	2182.5	-3.568
GGCCGC	367.0	7943.8	-3.565
GCAAAC	61.0	1973.8	-3.563
CTTTTG	211.0	4418.9	-3.559
ATCTTA	61.0	1123.7	-3.554
CAGGCC	584.0	12930.8	-3.553
CCTTAC	87.0	1669.6	-3.551
GAACCA	128.0	2570.2	-3.550
ATTCGA	22.0	395.1	-3.543
CGTAAT	22.0	320.9	-3.536
AAATAG	79.0	1516.0	-3.533
AACTGT	116.0	2323.0	-3.528
TAAGCT	74.0	1408.6	-3.523
CGCTTA	33.0	538.5	-3.523
AGCCCA	383.0	8340.4	-3.493
TCTAGT	75.0	1432.2	-3.491
AGACCT	182.0	3788.0	-3.485
TTTTCA	173.0	3576.6	-3.480
TTTCAT	149.0	3040.4	-3.467
TCAAAG	115.0	2306.6	-3.467
CTGGTA	137.0	2786.1	-3.464
CTTGGA	244.0	5179.8	-3.459
GCTCTG	606.0	13478.6	-3.452
TACCTT	85.0	1634.1	-3.451
TTTATA	98.0	1924.5	-3.446
CTGCTC	479.0	10535.7	-3.446
TCCCTG	645.0	14374.0	-3.426
CTGAAA	162.0	3348.1	-3.426
GGAGAA	368.0	7998.7	-3.413
CTACCC	145.0	2954.3	-3.411
TGGTAC	96.0	1883.9	-3.404
TATTGC	66.0	1244.8	-3.380
ATGTAA	51.0	2001.3	-3.371
ATGCTA	60.0	1331.1	-3.371
CAATTT	78.0	1508.0	-3.364
GCGTTG	87.0	1686.7	-3.363
TCGGGT	109.0	2181.0	-3.361
GTCACT	180.0	3756.9	-3.359
CCAATT	61.0	1137.6	-3.353
TATAGA	52.0	944.3	-3.353
CTGAGT	303.0	6525.2	-3.349
AAATGA	137.0	2800.3	-3.346
TTTCAG	200.0	4211.1	-3.334
AGAAAA	187.0	3903.5	-3.324
GTCTTA	51.0	1509.6	-3.322
ATAGTG	86.0	1667.3	-3.319
CCCTGG	865.0	19496.9	-3.317
CAAATA	66.0	1699.4	-3.317
CTGCTG	902.0	20371.9	-3.316
CCTCGG	284.0	6111.9	-3.305
GATAGC	59.0	1098.3	-3.301
TAGCGG	61.0	1141.3	-3.297
GCTAGG	173.0	3600.4	-3.297
CCACAT	198.0	4169.7	-3.295
TTACCC	95.0	1872.5	-3.285
CGCGTT	45.0	927.7	-3.279
TTTGCT	246.0	5257.4	-3.277
AAACAT	96.0	1895.1	-3.274
CGTGGC	246.0	5260.1	-3.257
CGGCCG	266.0	5701.0	-3.257
CTTCAA	111.0	2237.9	-3.253
CGTAAC	19.0	349.9	-3.253
AGAAGA	207.0	4367.8	-3.248
TGGCTT	333.0	7246.3	-3.243
TCTTCG	72.0	1386.6	-3.241
CAGGGA	573.0	12766.2	-3.233
CGAAAC	10.0	654.2	-3.232
TGGGTC	364.0	7961.1	-3.220
ACTCAG	218.0	4636.9	-3.215
TCGACA	27.0	432.9	-3.208
CTTATA	46.0	981.6	-3.187
AGTGAC	183.0	3852.6	-3.182
TAACTG	88.0	1725.2	-3.181
CTGTAG	206.0	4353.4	-3.180
GTCGAC	11.0	468.2	-3.178
AACAGA	112.0	2803.2	-3.177
ATAGGA	53.0	1589.0	-3.177
GCTTAT	46.0	1401.2	-3.177
CTCTTG	264.0	5693.9	-3.158
TTAAGT	76.0	1482.9	-3.154
TGTAGT	137.0	2823.7	-3.154
GGACCA	215.0	4574.4	-3.152
TTCCGA	53.0	979.5	-3.146
CTAAGA	59.0	1522.6	-3.142
TAAGAC	49.0	1071.8	-3.139
TTTCTG	343.0	7496.5	-3.132
TTTCGC	15.0	1046.1	-3.129
GAAAAT	122.0	2480.4	-3.124
AACCGC	56.0	1046.8	-3.117
CCGACG	57.0	1068.7	-3.109
CATAGG	101.0	2025.2	-3.101
TAGAAC	57.0	1154.8	-3.098
AGTGGT	237.0	5067.1	-3.097
GGAGAC	316.0	6872.3	-3.096
ACCAGA	147.0	3039.5	-3.095
TAACAC	63.0	1201.2	-3.082
ATAGGG	111.0	2256.8	-3.071
ATTAAA	81.0	1601.2	-3.065
TAATAA	64.0	1370.6	-3.061
ACATAG	67.0	1479.2	-3.060
GACTTA	63.0	1203.6	-3.056
AGATTT	113.0	2307.0	-3.038
CATAAC	40.0	825.0	-3.029
TTGTTG	206.0	4377.8	-3.028
GATTAA	55.0	1031.5	-3.028
GATACA	58.0	1206.3	-3.024
GACACC	183.0	3876.9	-3.015
ATATGC	50.0	1255.7	-3.014
CATTCC	174.0	3662.7	-3.013
TTACGT	30.0	502.7	-3.009
TCTGTT	248.0	5352.6	-3.003
AGCTCA	242.0	5211.9	-2.968
TAAATA	89.0	1767.7	-2.967
AAGCCC	234.0	5041.4	-2.965
CTTAAA	85.0	1741.2	-2.964
CTTAGT	77.0	1522.1	-2.957
GCTCAG	415.0	9181.4	-2.945
AAAAGG	153.0	3200.4	-2.939
CGGGGA	368.0	8097.2	-2.937
AATTAG	53.0	2255.5	-2.937
GTATTA	48.0	886.2	-2.934
GAATAA	61.0	1446.8	-2.923
TCCCCT	445.0	9894.3	-2.923
CAGTAG	129.0	2665.9	-2.920
ACAACT	71.0	1391.4	-2.919
GTTTCG	61.0	1171.0	-2.913
TGCGAG	113.0	2320.4	-2.911
ACGCTA	17.0	376.8	-2.908
GCAGTA	111.0	2276.8	-2.895
TGATGT	206.0	4398.4	-2.895
TCTACA	105.0	2140.6	-2.878
CTTACG	29.0	520.0	-2.870
TCAAAT	56.0	1563.5	-2.870
CGGTTG	75.0	1485.8	-2.869
TAGTCG	11.0	345.9	-2.859
GTGAGC	403.0	8942.2	-2.855
ACGTTG	55.0	1044.5	-2.852
GAGAGA	351.0	7733.0	-2.851
TGGGGC	893.0	20323.6	-2.850
ATACCA	58.0	1110.5	-2.849
CCAAGA	179.0	3806.6	-2.845
TCCGAT	20.0	553.4	-2.845
GATAAG	61.0	1321.5	-2.842
GGGCTT	397.0	8792.9	-2.833
TAGTTT	101.0	2054.9	-2.830
ACAACG	36.0	637.6	-2.829
TGATAA	55.0	1301.3	-2.827
ACGGAT	21.0	750.5	-2.816
TCCCCG	266.0	5780.7	-2.814
TTGATA	55.0	1047.4	-2.812
CAAACC	107.0	2194.4	-2.811
GGCGCA	190.0	4051.1	-2.804
ATACCT	63.0	1444.0	-2.804
TACATT	25.0	1552.9	-2.803
ATCTAT	41.0	1001.1	-2.802
GGTCTT	228.0	4923.3	-2.800
ATTAAC	47.0	874.5	-2.799
CGATCG	20.0	309.1	-2.797
TCTATA	26.0	844.5	-2.797
GTCTTT	191.0	4076.6	-2.796
GGGTTA	118.0	2426.9	-2.793
TGTCCT	373.0	8259.4	-2.790
TACGTA	15.0	340.9	-2.789
CCGCGC	247.0	5368.4	-2.775
GTAAAC	74.0	1531.7	-2.768
TACTTG	101.0	2063.6	-2.746
TAGCAG	131.0	2737.6	-2.724
TTCGAA	27.0	492.7	-2.722
TTTGGA	196.0	4209.4	-2.720
CGTTAT	7.0	366.5	-2.717
TGGCGC	202.0	4356.0	-2.710
ATAACA	68.0	1343.0	-2.705
AGGGAC	322.0	7104.4	-2.702
ATTGCG	38.0	687.5	-2.700
AGAATG	176.0	3756.2	-2.698
CGGATG	93.0	1886.8	-2.696
TTTAAT	77.0	2321.0	-2.687
GTACTA	25.0	674.2	-2.687
ATAAAC	59.0	1145.0	-2.684
AAAACA	116.0	2780.4	-2.683
TTACTA	46.0	861.8	-2.679
CACGGC	155.0	3285.8	-2.673
GTTGTC	125.0	2604.3	-2.673
AATTTA	64.0	1421.1	-2.664
AAGGAA	207.0	4460.2	-2.664
CTTCGC	93.0	1890.1	-2.658
TCGATT	15.0	417.9	-2.656
GTCCGA	57.0	1105.1	-2.640
TATCAG	25.0	1444.6	-2.636
ATCAGA	81.0	2222.4	-2.636
GTAGAA	55.0	1895.4	-2.633
TTAAGC	64.0	1261.1	-2.629
TCTGCG	162.0	3459.0	-2.626
AAATAC	69.0	2331.3	-2.623
ACAGGA	239.0	5201.6	-2.612
AGACGA	51.0	975.2	-2.610
GAGTAC	73.0	1466.8	-2.598
GGCACT	272.0	5971.0	-2.597
ATTTTC	150.0	3177.2	-2.596
TTCAAC	70.0	1398.5	-2.596
GCCGAA	56.0	1088.8	-2.581
ATCTTT	117.0	2453.3	-2.576
TAGCGT	32.0	567.6	-2.575
TATCAA	38.0	695.5	-2.575
ATGGAC	127.0	2663.3	-2.572
TCGTTT	48.0	913.2	-2.571
AATGAA	95.0	2601.1	-2.571
ATAGTA	45.0	849.1	-2.547
ACCTAG	88.0	1790.7	-2.531
CCGAAT	8.0	567.5	-2.523
ATATTG	70.0	1405.8	-2.521
GTGCTA	104.0	2159.5	-2.519
ACGAGC	59.0	1160.7	-2.518
TTGGCG	105.0	2182.1	-2.515
GGTAGC	120.0	2508.3	-2.514
TTAGTC	55.0	1073.5	-2.499
ACATAA	30.0	1150.6	-2.498
TAAGTC	58.0	1139.2	-2.495
CGTTAG	32.0	572.8	-2.492
CGATCC	48.0	920.3	-2.480
TTAATA	57.0	1319.6	-2.473
TTACAC	63.0	1253.5	-2.472
CAGAAA	191.0	4130.1	-2.470
TAACGA	19.0	304.0	-2.464
CCGTAG	46.0	878.0	-2.462
ACGTAG	35.0	639.1	-2.454
CCCACT	320.0	7110.4	-2.449
TACCCT	110.0	2308.7	-2.439
TTAATT	69.0	1997.0	-2.436
TGAGCT	338.0	7521.8	-2.434
GCGGAA	97.0	2008.4	-2.430
CATTTA	75.0	2192.0	-2.426
ACGCGA	32.0	577.9	-2.426
TAAACA	83.0	1711.1	-2.415
CTATAG	52.0	1014.2	-2.407
TATCCT	84.0	1712.3	-2.406
CCTAGA	127.0	2686.4	-2.405
TTTCCC	298.0	6615.9	-2.398
TACACT	42.0	1343.7	-2.398
TCCCTA	130.0	2759.1	-2.392
ACATTA	54.0	1060.9	-2.381
TTTACC	49.0	1698.4	-2.367
GACAAC	73.0	1489.1	-2.365
CAACCG	44.0	841.6	-2.364
ATTCAA	65.0	1309.6	-2.356
ATGATT	82.0	1904.0	-2.348
TACGAG	31.0	560.5	-2.342
ACTTTA	58.0	1482.6	-2.341
TGAATA	47.0	1664.2	-2.337
ACGGAA	48.0	971.3	-2.328
CATAAA	35.0	1442.5	-2.327
AAAGGT	123.0	2603.1	-2.324
CTATAA	27.0	1057.3	-2.321
GAACAT	67.0	2273.6	-2.318
AAGACA	126.0	2676.9	-2.311
ACGAAC	15.0	435.5	-2.309
TAAAAG	88.0	1815.1	-2.304
TACACC	72.0	1473.1	-2.303
GCCGGC	299.0	6663.3	-2.300
TTCCCA	311.0	6942.5	-2.297
TATACC	30.0	776.4	-2.293
GGGGTC	524.0	11890.1	-2.291
TCTACG	35.0	650.3	-2.289
CAGTAT	50.0	1478.6	-2.281
CCCCGG	382.0	8591.7	-2.280
ACGACC	42.0	803.5	-2.280
TCCTAT	74.0	1522.4	-2.272
AGGCTC	309.0	6898.4	-2.266
TTGACA	92.0	1913.1	-2.262
AACAAT	59.0	1183.7	-2.261
TTTTCG	45.0	871.7	-2.259
TGATGG	285.0	6344.1	-2.257
TGATAG	72.0	1479.2	-2.246
GGGAAA	294.0	6549.4	-2.245
AACAGT	71.0	1992.7	-2.243
CCGGAA	105.0	2217.9	-2.239
ATAATG	67.0	1367.4	-2.229
GAGAAA	212.0	4662.6	-2.224
GTGGTC	263.0	5851.4	-2.221
CACAGT	220.0	4859.2	-2.221
TTTACA	70.0	2133.3	-2.211
ATCGGT	12.0	519.6	-2.210
CTAGAC	40.0	1338.2	-2.198
TACGCG	22.0	449.4	-2.196
GCTAAG	98.0	2060.7	-2.194
GCATCA	128.0	2741.1	-2.189
CTCAGG	485.0	11001.4	-2.188
CATATT	37.0	1513.6	-2.187
TTATCA	35.0	1240.7	-2.183
TCCGTC	80.0	1669.8	-2.177
ACGTTT	34.0	978.7	-2.174
GCTTAA	65.0	1327.6	-2.174
ATCGAC	21.0	358.7	-2.172
CAAGAA	125.0	2673.4	-2.171
GTCGTT	8.0	720.0	-2.167
ACACTT	85.0	2386.9	-2.167
CGTTGA	28.0	678.2	-2.167
AAAGCT	114.0	2770.2	-2.167
CATTGA	94.0	1971.6	-2.165
TTAAAA	122.0	2820.0	-2.165
GTAAGA	81.0	1694.6	-2.164
TGAGTA	129.0	2769.5	-2.160
CGATTT	14.0	649.0	-2.157
GAACCT	141.0	3055.2	-2.154
CTACAA	76.0	1581.6	-2.151
CATTAA	55.0	1232.9	-2.139
GAAAAA	128.0	2749.1	-2.134
AGCCCG	197.0	4337.7	-2.131
GACTAA	46.0	904.3	-2.125
CTGAGC	466.0	10592.4	-2.122
GAAAAC	103.0	2307.2	-2.119
TGGACA	238.0	5276.8	-2.115
TTCGTG	75.0	1562.5	-2.110
TAACAA	49.0	1065.6	-2.108
AGATGC	195.0	4293.0	-2.107
CCCGAT	49.0	974.0	-2.104
AATAGG	68.0	1403.7	-2.098
AACTTC	97.0	2050.3	-2.095
CAAACA	111.0	2428.3	-2.094
ATAGTT	51.0	1124.7	-2.094
TTGTAA	91.0	1911.2	-2.093
AGGTTT	164.0	3593.1	-2.088
GCTGTA	145.0	3138.2	-2.083
GTCGCT	93.0	1959.5	-2.080
GCTATC	60.0	1224.1	-2.078
GGCTGT	558.0	12757.9	-2.078
TTAGAC	52.0	1052.9	-2.076
GTGACA	212.0	4692.8	-2.076
ACTGCC	241.0	5359.0	-2.075
CGCTGC	284.0	6364.5	-2.067
TGATGA	168.0	3670.5	-2.066
ACAGTC	120.0	2570.3	-2.065
CGGTTA	7.0	506.3	-2.064
GATATT	61.0	1248.1	-2.062
AGTATT	38.0	1372.2	-2.060
GTGCGG	254.0	5664.4	-2.050
AGAATA	69.0	1432.6	-2.047
AATGGC	139.0	3025.9	-2.045
TAGATA	45.0	889.4	-2.043
TGTCAG	256.0	5717.7	-2.039
TACAAC	45.0	890.1	-2.032
GGCGCT	240.0	5347.0	-2.021
GGCAAA	139.0	3029.9	-2.020
GTTATG	74.0	1550.3	-2.018
AGCAAT	98.0	2084.9	-2.017
AAACAG	147.0	3197.0	-2.015
TTCCTC	315.0	7090.5	-2.007
AATTGA	59.0	1208.3	-2.005
CAGTTA	74.0	1552.8	-2.001
ATCGAA	16.0	263.9	-1.994
ACTTAG	59.0	1510.3	-1.992
CCGAGC	167.0	3659.0	-1.991
GAGGCT	540.0	12375.0	-1.989
CGCAAA	16.0	669.3	-1.985
GTATAA	42.0	828.3	-1.982
AATAAC	59.0	1211.5	-1.976
TGCTGG	780.0	18004.4	-1.975
CGATGA	42.0	829.3	-1.970
AAACCG	19.0	855.2	-1.964
CTTGAT	92.0	1952.9	-1.959
GTTGCA	151.0	3307.5	-1.934
ATACTT	48.0	1165.7	-1.930
TGGCAG	514.0	11794.2	-1.925
AATTGG	80.0	1701.0	-1.925
GGAAAG	289.0	6526.0	-1.923
TAAACT	78.0	1654.0	-1.922
TATTCA	31.0	1438.2	-1.921
GAAAGG	258.0	5795.9	-1.919
TTTTCT	316.0	7139.5	-1.918
CAGGAA	329.0	7450.0	-1.913
ATCTTC	118.0	2547.3	-1.911
TACCCA	112.0	2430.9	-1.899
TAACCA	49.0	1209.2	-1.897
ATCGGA	25.0	564.3	-1.897
GACCTA	60.0	1243.4	-1.895
GGGCAA	233.0	5226.7	-1.894
CTCGAC	42.0	836.1	-1.890
ACCAAT	52.0	1061.6	-1.889
TGCTCA	268.0	6029.7	-1.886
CAAGAT	74.0	2229.0	-1.883
TTTTTC	219.0	4908.1	-1.873
GCGGTT	86.0	1824.6	-1.869
ATTGTA	39.0	1326.0	-1.867
ACGTGA	78.0	1661.3	-1.865
TCGAAT	18.0	369.9	-1.859
TATAAT	46.0	1146.4	-1.858
TACATC	56.0	1156.2	-1.858
TAACCG	24.0	441.2	-1.856
ATCCAG	166.0	3686.0	-1.847
GGTGCG	239.0	5366.3	-1.829
AACGTT	10.0	562.7	-1.823
GTCCTG	453.0	10395.0	-1.822
CTGTGA	369.0	8409.3	-1.818
GATACG	23.0	422.4	-1.815
ACAACC	80.0	1714.9	-1.815
CTAAAG	72.0	1529.6	-1.813
AAACAA	109.0	2373.1	-1.813
CATCGA	38.0	753.0	-1.812
CCCCAG	735.0	17018.6	-1.806
CATATA	51.0	1047.8	-1.805
GGGCCG	445.0	10213.1	-1.801
TGCCGG	197.0	4407.0	-1.796
AACGGA	39.0	777.5	-1.792
TATGTA	77.0	1648.0	-1.788
TCAGGA	293.0	6638.7	-1.788
ACCGTA	10.0	397.9	-1.784
TCAACA	93.0	2000.2	-1.782
CACAAC	94.0	2023.4	-1.781
GCAGAA	225.0	5057.9	-1.766
TATTCC	78.0	1676.0	-1.764
TCTAAG	69.0	1705.4	-1.763
CATAGA	38.0	1430.7	-1.763
TTTTCC	244.0	5508.5	-1.759
TGCCGA	71.0	1512.5	-1.759
ATACCC	61.0	1281.7	-1.757
TCGACC	38.0	759.4	-1.744
CCTCCT	640.0	14821.2	-1.743
GCCGAT	40.0	804.5	-1.739
TCAGGG	398.0	9119.5	-1.735
GGAACG	94.0	2031.7	-1.733
TGAAGG	262.0	5942.2	-1.733
TCTAAT	55.0	1146.3	-1.731
CGGCAA	52.0	1079.2	-1.724
GGCCGG	478.0	10996.2	-1.721
ATCGCG	37.0	739.9	-1.718
GATCCA	121.0	2650.4	-1.718
CCCAGA	412.0	9469.9	-1.715
ATACAG	75.0	1612.6	-1.706
CAGGTT	219.0	4949.0	-1.698
CTTCTG	375.0	8606.0	-1.695
TGAGGC	446.0	10251.8	-1.692
ATCTGA	117.0	2583.6	-1.691
CGGCTC	227.0	5125.1	-1.690
GGGTGA	445.0	10252.6	-1.689
CCAGAG	432.0	9933.8	-1.682
TCTAGA	84.0	1803.8	-1.679
TGACAA	93.0	2015.4	-1.678
GCCTCG	219.0	4954.3	-1.676
CCATAC	58.0	1224.7	-1.661
GGAAGA	315.0	7186.1	-1.660
TTACTG	112.0	2469.5	-1.657
GCGGCC	355.0	8147.0	-1.653
ACGTTA	5.0	441.9	-1.651
GTTAAC	34.0	940.0	-1.648
GTTTTA	107.0	2352.0	-1.646
GCGATC	57.0	1202.6	-1.646
GATTCA	80.0	1738.6	-1.644
CATCTA	73.0	1575.4	-1.640
TGAAAT	120.0	2640.6	-1.640
AGTGGG	518.0	11982.6	-1.638
TAGGAG	168.0	3753.3	-1.638
GGCAAT	90.0	1951.3	-1.637
CACTGT	275.0	6272.5	-1.637
GACAGA	238.0	5389.6	-1.633
CACGAT	43.0	883.4	-1.627
CGACTC	54.0	1135.6	-1.627
TATTCG	18.0	325.1	-1.623
GAATCA	86.0	1860.0	-1.616
AAGTCA	106.0	2334.7	-1.609
AAACTA	48.0	1000.3	-1.608
TCACCC	266.0	6053.5	-1.603
ATAGCT	58.0	1494.9	-1.597
CTAGAG	134.0	2984.2	-1.596
ACATCC	142.0	3179.7	-1.588
GTCCTA	78.0	1699.0	-1.587
TTCGAT	21.0	393.8	-1.580
TGGCTG	699.0	16278.0	-1.576
GGTACT	79.0	1725.5	-1.573
CGTACT	3.0	423.9	-1.569
TCCGAG	110.0	2437.7	-1.565
ATAACG	17.0	308.0	-1.563
CTCGTC	72.0	1562.7	-1.559
TCTGTA	142.0	3187.2	-1.551
GGTGAT	219.0	4985.8	-1.548
AAAATG	151.0	3384.9	-1.540
CTGGAA	335.0	7715.8	-1.538
GCCTTC	287.0	6582.3	-1.533
AGAAAC	133.0	2973.6	-1.531
CAGCAC	371.0	8557.0	-1.526
CTCCTT	313.0	7205.0	-1.515
CTTGCG	81.0	1781.1	-1.513
TTTAAG	96.0	2147.4	-1.511
TCTGAG	346.0	7960.6	-1.508
AGGAAG	431.0	9970.9	-1.505
AGTGCC	235.0	5373.6	-1.503
GACGGT	76.0	1664.3	-1.503
ACACCA	153.0	3441.3	-1.500
AAGACG	31.0	1147.2	-1.499
TCTTTG	228.0	5199.2	-1.496
TTGCGG	94.0	2070.7	-1.480
AAATAT	88.0	1928.3	-1.479
ACTTAT	47.0	991.0	-1.475
CAATAT	44.0	923.2	-1.472
CACCCT	335.0	7740.8	-1.461
TGGGAA	389.0	9001.6	-1.460
CGTAAA	20.0	385.7	-1.460
TATTAG	47.0	994.6	-1.457
TACAGA	107.0	2385.9	-1.457
AGGCTT	214.0	4884.6	-1.455
CTAACG	21.0	402.3	-1.452
AGCGTT	52.0	1110.9	-1.451
AAATGG	160.0	3624.8	-1.448
GAACTT	98.0	2262.3	-1.448
AGCGCC	167.0	3771.5	-1.447
AGTCTT	132.0	2966.4	-1.446
CGTTTA	26.0	515.1	-1.443
AAAATT	98.0	3165.8	-1.443
TCTGAC	159.0	3601.4	-1.441
CCACTG	387.0	8955.9	-1.440
GTAATA	41.0	858.1	-1.432
TTGACG	33.0	675.9	-1.427
GATAAC	40.0	836.7	-1.425
CTTGTA	85.0	1866.0	-1.425
GACTCT	167.0	3777.7	-1.420
CTAGGT	98.0	2176.6	-1.420
TCGTTC	32.0	832.1	-1.413
TGGATA	88.0	1942.7	-1.392
AAATAA	127.0	2856.9	-1.391
TTTCAA	75.0	2093.0	-1.387
CAGGAC	299.0	6910.0	-1.387
CTCTGG	530.0	13295.0	-1.377
ACATTG	96.0	2136.6	-1.376
ATTATC	43.0	911.4	-1.375
ACAATA	45.0	957.9	-1.373
TTCATC	123.0	2763.3	-1.373
CAGTCA	109.0	3483.5	-1.372
GCCACA	269.0	6198.2	-1.370
CCGCTT	91.0	2188.1	-1.369
TGAGTC	205.0	4683.1	-1.367
TGCTCC	315.0	8563.4	-1.365
ATATCG	12.0	210.9	-1.365
TTTCAC	137.0	3875.8	-1.363
GCTACA	87.0	1924.1	-1.360
TGAGCC	392.0	9697.6	-1.360
ATATTT	108.0	2427.3	-1.360
TGGATC	137.0	3108.2	-1.349
CTGTCG	75.0	2477.1	-1.348
TCCATT	116.0	2849.1	-1.347
TTCGGC	62.0	1358.4	-1.346
AACAAA	109.0	2454.7	-1.346
AGGGCG	246.0	6428.1	-1.344
AGTTAC	57.0	1241.1	-1.342
CCTAGG	180.0	4200.0	-1.342
AGAGAA	229.0	5268.4	-1.341
AATGGA	126.0	2842.6	-1.339
CACGGT	72.0	2389.7	-1.336
ACCGGC	106.0	2384.1	-1.334
TCACTG	290.0	7444.3	-1.334
TGTAAG	76.0	2250.7	-1.334
CAATTG	45.0	962.7	-1.331
ACTGAG	232.0	5347.7	-1.330
ATGTCG	19.0	1035.7	-1.328
ACGATC	26.0	525.5	-1.327
CTCTAT	59.0	1628.7	-1.326
GCCTTG	342.0	8088.9	-1.323
TCGACT	27.0	548.7	-1.322
TCGATG	35.0	732.5	-1.321
GATTTG	110.0	2756.3	-1.321
TGTACT	91.0	2026.6	-1.320
GCCCAA	159.0	3629.1	-1.320
CGTGAA	63.0	1385.6	-1.320
CGCTCA	42.0	2222.6	-1.314
TAATTT	109.0	3844.6	-1.314
TCCTTA	91.0	2111.2	-1.313
GAATTG	80.0	2101.4	-1.312
GTTGGC	196.0	4608.5	-1.307
GTAGCT	104.0	4068.5	-1.305
ACCGGG	134.0	3044.1	-1.304
TTCAGG	236.0	5456.7	-1.303
AATTTT	128.0	4299.7	-1.301
CGCAAG	57.0	1247.6	-1.298
CGGGGT	300.0	6966.0	-1.298
AGGGTT	132.0	5110.3	-1.295
CAGTCC	222.0	5104.2	-1.295
CAAGAG	167.0	3809.5	-1.290
GTCTAC	61.0	1342.8	-1.289
AGCGCT	96.0	2594.6	-1.288
ACTATA	32.0	666.3	-1.288
AAGAGA	174.0	3983.8	-1.286
CACCGC	160.0	3663.7	-1.280
AGGACC	162.0	5364.9	-1.278
CTGCCG	238.0	5489.2	-1.277
TAATGT	42.0	1510.5	-1.276
ACAGAG	300.0	6973.1	-1.275
TTACAT	59.0	1710.5	-1.275
CTCAGA	249.0	5922.0	-1.275
ATGCTG	283.0	6562.4	-1.273
TGACGG	92.0	2059.1	-1.272
CCGTTA	21.0	471.3	-1.267
CGTTGC	39.0	1374.3	-1.263
GTAGGC	99.0	2361.9	-1.261
TTCTGC	286.0	6644.5	-1.258
ACCCTC	239.0	5521.1	-1.255
TACGGA	25.0	559.0	-1.255
AGTGCA	213.0	5796.0	-1.252
CCAAGG	305.0	7087.8	-1.247
GTTCAC	119.0	2692.9	-1.245
CTGTCA	254.0	5880.8	-1.245
GAAACG	60.0	1326.2	-1.240
CTATAT	23.0	724.2	-1.236
TTTGTA	76.0	4273.6	-1.235
ACAATT	52.0	1138.8	-1.234
CAGGGT	446.0	10433.2	-1.229
CCGAAA	32.0	791.5	-1.228
TGGTCC	226.0	5227.9	-1.223
GGTGAC	266.0	6168.3	-1.222
TGATAC	46.0	1000.6	-1.219
AGAGAG	368.0	8590.9	-1.218
GAACAG	161.0	3704.4	-1.216
CTTAAT	54.0	1309.1	-1.215
ATTGCA	104.0	2395.7	-1.215
CCTACC	111.0	3171.3	-1.213
CTTAGG	125.0	2845.5	-1.213
TGGTGG	700.0	17404.7	-1.212
CCGAAC	36.0	767.8	-1.211
TACGGC	36.0	767.6	-1.211
AGTCTA	55.0	1212.0	-1.211
GACACT	132.0	3034.8	-1.206
CCGATC	30.0	629.5	-1.203
CAGATA	79.0	1786.0	-1.199
CTTCCC	395.0	11334.7	-1.198
AATATA	51.0	1120.6	-1.197
TTAGTG	88.0	1977.7	-1.196
TGTTCT	215.0	5451.0	-1.196
AACCAC	98.0	2218.6	-1.195
CTTTGG	330.0	7706.6	-1.191
CATTGC	132.0	3022.7	-1.190
GGCAAG	224.0	5187.6	-1.190
TAAAGT	67.0	1500.7	-1.189
GCACCG	120.0	3272.0	-1.186
CATTCT	106.0	3673.3	-1.185
TTGTGA	161.0	3902.6	-1.177
TGAAGA	172.0	3963.6	-1.174
AGGTTA	71.0	1598.2	-1.174
ACTGGA	180.0	4163.7	-1.172
GCAGAC	201.0	4663.7	-1.172
TGTTTA	79.0	2913.8	-1.172
TATGTT	72.0	2003.8	-1.169
TTTAGC	76.0	1718.7	-1.169
CATCGT	54.0	1195.9	-1.167
AAGTAA	60.0	1337.2	-1.167
GAGGTA	121.0	2758.8	-1.166
GTAATG	63.0	1505.8	-1.162
TAGTTC	60.0	1338.8	-1.161
CACTGC	386.0	9860.5	-1.157
AGGTTC	154.0	3546.0	-1.157
TGTCGT	52.0	1150.0	-1.156
ACCGAA	26.0	541.9	-1.156
TTATTC	74.0	1673.3	-1.152
TTTTAT	158.0	3647.2	-1.152
GTATAG	42.0	915.2	-1.152
TTGGCC	294.0	6863.1	-1.151
CAAGGG	245.0	6132.3	-1.149
ATCGGG	40.0	1491.3	-1.149
CCGGCG	202.0	4696.6	-1.147
GATCTT	91.0	2241.0	-1.146
TGTTAC	79.0	1795.6	-1.143
GTGCAG	391.0	11921.5	-1.140
CTTCTA	84.0	2202.9	-1.137
ATATGA	36.0	1210.6	-1.135
ATTTCG	14.0	595.2	-1.134
TACTGA	72.0	1630.9	-1.130
CCGGTG	168.0	3876.8	-1.130
TACTAC	32.0	683.1	-1.129
GTTGGT	166.0	4222.5	-1.127
TTGCTG	287.0	7669.4	-1.125
GGGCTC	553.0	13047.1	-1.124
CTCCTA	129.0	2965.3	-1.121
GGGCGA	132.0	4252.1	-1.120
CCCGTT	60.0	1611.1	-1.117
GAGGCA	380.0	10347.5	-1.115
GTCACA	113.0	3547.0	-1.114
ATACAA	50.0	1830.3	-1.113
TATACA	19.0	1232.1	-1.113
ACGAGA	41.0	896.9	-1.111
TGAATC	83.0	1897.1	-1.111
GGCGTG	297.0	8243.4	-1.109
CGCGTC	78.0	1778.5	-1.107
AAGAGG	265.0	6182.5	-1.107
GTAATT	63.0	1419.9	-1.106
ACTACC	50.0	1111.0	-1.103
ACATAT	64.0	1443.2	-1.102
GGGCTA	143.0	3314.4	-1.102
ACGGTC	47.0	1121.9	-1.102
AGTGTA	84.0	1899.6	-1.100
ACTCTT	111.0	2554.2	-1.100
GTCCCA	273.0	6391.1	-1.100
CGAGCG	64.0	2187.6	-1.097
TATCAC	47.0	1040.4	-1.096
TCGTCA	22.0	1111.2	-1.089
AAACCT	103.0	2362.2	-1.086
TTCAGA	146.0	3368.1	-1.084
TCGGTC	57.0	1279.2	-1.083
AGGCAA	147.0	3393.6	-1.083
GTAAGG	72.0	2356.2	-1.082
ACCAGT	93.0	2210.2	-1.081
ACACCG	63.0	1441.2	-1.077
CGTCCC	160.0	3718.0	-1.073
TCGTTA	8.0	349.5	-1.069
TCGCTG	125.0	2880.8	-1.068
AACCAA	64.0	1450.0	-1.067
AAAACT	82.0	1882.8	-1.066
GTCCCG	169.0	3919.2	-1.066
ATATTC	46.0	1115.3	-1.065
GCCACT	268.0	6276.7	-1.061
AACAGG	161.0	3746.6	-1.061
GGTCTG	321.0	9195.7	-1.060
CAGGTG	489.0	15979.8	-1.056
AACGAG	14.0	890.3	-1.055
CGACGA	24.0	505.4	-1.055
TGGCCG	239.0	5587.6	-1.054
CTCTGT	466.0	11074.3	-1.054
TAAGTT	45.0	1268.7	-1.053
CGCGTA	19.0	389.2	-1.052
GCTATA	11.0	903.4	-1.051
TTATGA	51.0	1540.6	-1.051
TAATAG	34.0	928.8	-1.049
TCAAAA	89.0	2032.7	-1.044
GGGTTT	290.0	7195.1	-1.044
TATCCC	41.0	1748.9	-1.041
ACCGCC	110.0	2545.8	-1.035
GCCGGA	149.0	3455.9	-1.035
TATATA	62.0	1555.2	-1.033
CTGAGA	298.0	7012.5	-1.033
TGAAAA	103.0	2761.6	-1.031
CCACGA	65.0	1480.8	-1.030
AAATTT	91.0	2084.5	-1.027
AAGTTT	99.0	2279.1	-1.024
GTGAAG	213.0	4988.0	-1.023
ATTTGC	99.0	2474.9	-1.018
CTACAT	43.0	1526.4	-1.015
CATACT	45.0	1096.2	-1.014
TAATCA	42.0	934.1	-1.011
TTGTCT	187.0	4361.9	-1.011
GGTCCT	260.0	6847.3	-1.011
GCAGCA	405.0	9566.0	-1.010
AAGGCC	200.0	5146.1	-1.010
CCGTTC	64.0	1459.8	-1.009
TGGACG	117.0	2722.5	-1.009
GTCTGG	359.0	9126.5	-1.009
CATTAT	58.0	1316.1	-1.007
GGGCAG	864.0	22424.4	-1.006
AAAGAA	112.0	3370.8	-1.003
TAGTCT	61.0	1389.6	-0.999
AGTTCT	142.0	3555.3	-0.995
CCTGTA	174.0	5224.2	-0.991
AGAAGT	138.0	3368.9	-0.990
GGGACA	359.0	9007.8	-0.989
GGGATA	77.0	2282.2	-0.986
GTCTAT	42.0	1288.7	-0.985
CCGAAG	77.0	1778.0	-0.984
AACATA	54.0	1226.0	-0.981
GCAAGG	187.0	5779.0	-0.978
GCAAGA	136.0	3174.2	-0.977
CGTATT	18.0	373.0	-0.974
CCGCGG	208.0	6057.8	-0.973
GATCGA	27.0	585.5	-0.970
GCAATA	42.0	940.4	-0.970
CGCCGG	191.0	4475.9	-0.970
TCTGCT	343.0	8114.6	-0.969
TCATCT	162.0	3798.7	-0.967
GGCAGG	792.0	22847.1	-0.967
TTCCTG	459.0	10887.2	-0.963
ACTGAA	101.0	2343.0	-0.963
TAACGG	24.0	515.5	-0.961
AGTAGG	123.0	2858.3	-0.960
CTTCGA	17.0	972.3	-0.959
AGAACG	32.0	1254.2	-0.959
TATGGG	109.0	4230.3	-0.958
TCGTCT	52.0	1181.4	-0.956
TAACAT	44.0	1531.1	-0.956
CTTCGT	59.0	1350.5	-0.953
AAATCG	24.0	516.1	-0.952
ATTATA	44.0	1176.0	-0.950
GCACCA	230.0	5420.3	-0.950
CAGATG	264.0	6242.8	-0.950
CCTTCC	466.0	11060.2	-0.948
GTCCAG	267.0	6295.3	-0.947
ACAAGT	69.0	1592.3	-0.946
GTTGAC	64.0	1598.7	-0.942
CAATGG	128.0	2986.1	-0.941
TTATGC	45.0	1218.2	-0.941
GCCCAT	190.0	4610.1	-0.941
TGCTGT	436.0	10354.8	-0.939
TTTATT	183.0	4309.9	-0.938
GCTCCG	135.0	4999.8	-0.938
TTGGAG	285.0	6739.0	-0.938
AGGAAA	217.0	5257.8	-0.936
AGGCCG	222.0	5396.6	-0.934
GAAGTA	52.0	1507.1	-0.932
CGAACG	21.0	448.4	-0.932
ATAACC	31.0	823.8	-0.932
TGCCAA	139.0	3262.9	-0.931
CTACGG	45.0	1018.4	-0.929
CATTGT	94.0	3175.5	-0.928
TTTAGT	103.0	3094.3	-0.923
ATCACA	94.0	2502.9	-0.923
GAGCAA	141.0	3314.3	-0.923
AAGAAA	117.0	3807.5	-0.921
TCCGGC	85.0	3177.3	-0.921
TGAAAG	111.0	3209.9	-0.920
GATGAA	116.0	2721.6	-0.918
TATCGC	17.0	355.5	-0.917
GCAGGG	807.0	20056.2	-0.917
TGCGGA	117.0	2747.9	-0.913
GAGTAT	57.0	1309.2	-0.912
CGAACA	25.0	544.1	-0.911
CCTAAT	54.0	1386.6	-0.911
ACCACC	201.0	4750.6	-0.905
AGGCGG	326.0	8335.6	-0.904
TCCTGC	520.0	12389.6	-0.898
CGTTAC	15.0	490.0	-0.897
TGCTAT	55.0	2014.5	-0.895
TTGCTA	75.0	1748.6	-0.894
GCCGCA	143.0	3372.0	-0.894
AAAGAT	81.0	1894.1	-0.893
CTGGAC	296.0	7018.1	-0.893
GAGTCA	149.0	3497.5	-0.892
TAAGGT	61.0	1410.2	-0.890
GTGATA	70.0	1628.0	-0.890
TAGCTA	46.0	1048.8	-0.890
AACGAA	20.0	429.8	-0.890
GTGCAA	77.0	2993.7	-0.887
GACCCG	95.0	3031.0	-0.886
ACAAGA	77.0	2068.3	-0.886
ATCTAC	49.0	1121.3	-0.885
GATGGA	221.0	5901.5	-0.884
CGCTAG	36.0	810.9	-0.878
TCGAGC	49.0	1123.1	-0.873
AGTTCG	50.0	1147.8	-0.872
GTGTTC	175.0	4223.7	-0.871
TGTTGA	137.0	3309.6	-0.871
GCCCAG	703.0	17505.4	-0.868
TTCGAC	21.0	455.3	-0.867
GGCGCG	303.0	7187.6	-0.866
TAAGCG	16.0	687.5	-0.864
AACCCT	84.0	3145.9	-0.864
TACCGT	6.0	457.8	-0.863
GAGTTA	68.0	1585.0	-0.863
TGCTAA	69.0	1725.0	-0.862
AATACT	45.0	1029.0	-0.861
CTACCT	104.0	2741.5	-0.861
TAGAAA	101.0	2367.2	-0.860
CTGTGG	673.0	18092.0	-0.859
TCCGGA	88.0	2049.0	-0.858
CGCATC	51.0	1330.4	-0.855
TAATAC	31.0	694.9	-0.854
CCGTTT	57.0	1320.9	-0.853
GATACT	44.0	1007.9	-0.851
CGGGCC	316.0	7601.8	-0.851
GACCGA	50.0	1152.3	-0.849
TTCGCT	43.0	1238.4	-0.847
GTGACT	200.0	4747.2	-0.844
ACAACA	72.0	1909.4	-0.843
ACAGTT	95.0	2224.1	-0.842
TTGCCT	213.0	5053.1	-0.840
ACTTAA	55.0	1274.5	-0.839
ATGGAA	124.0	3264.4	-0.836
CGGTGG	271.0	6445.1	-0.836
AGACAA	93.0	2177.3	-0.835
CCTTCG	95.0	2227.0	-0.834
CTCTTC	275.0	6550.0	-0.833
TAGGAC	71.0	1664.8	-0.832
GGACAG	393.0	9383.9	-0.831
ATCTCG	65.0	1518.6	-0.831
CTAAGT	59.0	1373.5	-0.830
GGTAAG	124.0	2919.2	-0.830
AGGGAA	253.0	7626.6	-0.830
CGATAG	6.0	313.9	-0.829
AAAGTC	80.0	1886.7	-0.823
CCATCG	62.0	1447.2	-0.823
ATCTCA	131.0	3095.9	-0.822
CGGGAA	89.0	3367.3	-0.821
ACATTT	119.0	3113.0	-0.821
ACCTCT	197.0	4946.9	-0.820
AAGTAG	86.0	2010.5	-0.817
GGCATC	206.0	4885.6	-0.816
GGCTCG	151.0	3759.2	-0.816
AGTCCC	240.0	5704.5	-0.816
CGCAGC	210.0	4988.6	-0.813
ACAGCT	208.0	5069.5	-0.813
CCGACC	90.0	2111.1	-0.808
AGTACC	43.0	1513.6	-0.806
GGCTCA	395.0	9424.4	-0.805
AGGCGA	88.0	2062.4	-0.804
GTTCTC	176.0	4180.6	-0.803
ATGGTT	96.0	2379.5	-0.801
GTGGAC	214.0	5095.4	-0.800
TCGGCA	63.0	1477.8	-0.799
CTGGGA	679.0	18824.0	-0.796
ATTTCA	106.0	2509.2	-0.794
CTGGGT	607.0	14526.5	-0.792
CAGTGC	270.0	7304.2	-0.791
CCGTAT	20.0	440.4	-0.791
CGAAGG	77.0	1821.0	-0.790
TAATGC	54.0	1374.9	-0.788
ATTGGG	128.0	3259.2	-0.786
CAGGCT	464.0	13840.5	-0.785
TCTGGG	596.0	15729.7	-0.784
TATGAT	51.0	1323.9	-0.784
AAGACC	117.0	2784.8	-0.782
ACGACG	26.0	585.7	-0.782
TACAAG	61.0	1432.4	-0.780
GTACTG	88.0	2068.6	-0.780
ATTCCT	141.0	3360.4	-0.776
AACACG	48.0	1117.5	-0.774
CGCGGC	252.0	6007.2	-0.772
GAAACC	156.0	3712.5	-0.770
GCGCTC	118.0	3763.2	-0.769
AGTTGT	108.0	2565.0	-0.768
AAAAAT	119.0	4828.9	-0.768
GTGGTT	211.0	5032.1	-0.766
GGCATA	46.0	1629.4	-0.762
AGGCCT	382.0	9152.6	-0.762
AACGCT	19.0	857.3	-0.760
CGACAT	27.0	612.8	-0.759
GGAAGC	266.0	7905.3	-0.756
ATATAA	45.0	1048.8	-0.754
ATTTAG	66.0	1560.7	-0.752
CTGATG	185.0	5346.8	-0.751
AGGCGC	200.0	4785.0	-0.749
TTTGGT	162.0	4063.1	-0.744
ACCCTA	48.0	1551.3	-0.743
GACAAA	82.0	2025.8	-0.743
TCCGAA	28.0	759.7	-0.742
TGCGGT	113.0	2697.4	-0.741
TACGAC	16.0	350.4	-0.734
GGCTGG	1173.0	28198.5	-0.731
CTAACT	55.0	1297.8	-0.729
GGCCAT	219.0	5254.0	-0.727
TACCGG	36.0	835.6	-0.726
TAGGTA	49.0	1295.3	-0.720
CCTGAG	502.0	12056.8	-0.720
CTCGGT	101.0	2407.2	-0.718
AGAGAC	196.0	5423.0	-0.718
GCACCT	243.0	6692.3	-0.718
ACCATG	125.0	5683.0	-0.717
AATACC	44.0	1031.8	-0.716
CCTGAA	197.0	4721.4	-0.716
GCTGCA	419.0	11193.4	-0.714
CCCACC	557.0	13395.2	-0.713
GGATAT	65.0	1545.2	-0.713
GGGGAT	311.0	7613.9	-0.711
CTTAAG	67.0	1595.6	-0.709
CTTATT	45.0	1717.9	-0.708
TCAGTA	67.0	1596.9	-0.705
ATGGTA	57.0	1675.7	-0.704
AGATCT	113.0	2710.8	-0.702
AGAATC	101.0	2412.0	-0.701
GTTCTA	65.0	1548.7	-0.700
CAGCAG	537.0	12913.0	-0.698
GTTGCG	59.0	1401.1	-0.698
TGGTTC	172.0	4118.1	-0.697
AGCAAG	125.0	4401.9	-0.697
TGCTGC	579.0	13937.6	-0.696
ACGACA	21.0	662.3	-0.693
TCACAG	195.0	5556.2	-0.693
GGGAAC	182.0	5345.5	-0.690
GGGGTT	340.0	9208.9	-0.688
TGACCC	200.0	5286.9	-0.687
ACACTA	38.0	1038.4	-0.683
GTAACA	54.0	1282.4	-0.682
CGGAAT	36.0	843.1	-0.680
GATCGG	39.0	1081.1	-0.679
TGTGGC	485.0	11666.2	-0.679
TAGTCC	79.0	1898.6	-0.679
TCTCAG	298.0	7175.3	-0.679
ATATCC	39.0	1070.4	-0.678
GTTCCT	211.0	5072.7	-0.675
TAGTAG	55.0	2503.1	-0.673
TCTAAC	46.0	1089.9	-0.672
GCAGGA	396.0	11637.7	-0.671
TAAATT	63.0	1506.1	-0.670
CCACAG	386.0	9288.4	-0.670
GTGTCG	75.0	1986.8	-0.666
CCGATG	50.0	1188.9	-0.665
TTCTAT	67.0	1623.4	-0.663
GCGTCG	33.0	1484.1	-0.663
AAGCGT	41.0	968.9	-0.663
ATCCGG	58.0	1385.2	-0.662
GTACCC	67.0	2138.9	-0.662
AAATCC	80.0	1928.5	-0.661
TCGCGT	31.0	725.9	-0.658
GGTGCT	409.0	9866.0	-0.655
TGGCCT	482.0	11629.2	-0.652
CCTGAT	149.0	3581.9	-0.650
TCCACG	92.0	2205.8	-0.646
TTTAGG	98.0	2560.7	-0.644
CAGTAA	69.0	1661.6	-0.642
ATCCCG	73.0	1760.7	-0.641
TCGGCG	82.0	1983.1	-0.641
AATCTT	68.0	1638.8	-0.638
TGCTGA	306.0	7383.5	-0.637
GATGCG	51.0	1775.1	-0.637
GTGAAC	86.0	2694.1	-0.637
CCACCC	499.0	12059.8	-0.636
CAAAGG	156.0	4202.7	-0.636
GTTCGA	43.0	1024.0	-0.635
ACACCT	154.0	4352.4	-0.635
TCATTA	46.0	1366.3	-0.632
AAAAAC	80.0	1936.1	-0.632
AGAATT	95.0	2284.5	-0.632
AAAGGA	155.0	3740.3	-0.631
AAGCCG	83.0	2012.0	-0.631
CCAGTC	189.0	4555.0	-0.630
CCAGTG	333.0	8051.8	-0.629
TAGACA	49.0	1586.5	-0.628
TATTTG	99.0	2385.2	-0.628
CCAGGA	486.0	11731.4	-0.628
GATTAG	48.0	1148.5	-0.627
AACTAG	40.0	951.2	-0.627
AGCAAA	110.0	2815.9	-0.623
CCACGT	122.0	2938.9	-0.620
CTACCA	82.0	1990.8	-0.620
TCCAGT	156.0	3770.9	-0.619
TTAACC	48.0	1150.4	-0.618
ACTTCT	137.0	3316.3	-0.618
AGCAGC	361.0	9671.7	-0.616
GCAGCG	249.0	6032.3	-0.615
GGCAGA	411.0	10451.0	-0.613
ATTGTT	92.0	2216.6	-0.610
AGTCGT	17.0	752.1	-0.609
TTAATC	35.0	1044.0	-0.606
CACTCC	212.0	5798.2	-0.605
AAGCTC	93.0	3174.7	-0.603
GGGCCT	602.0	16216.1	-0.603
TAGAGG	146.0	3525.6	-0.599
CGTCAT	43.0	1031.4	-0.598
CCTCTG	583.0	14102.4	-0.597
GGTCGT	58.0	1828.7	-0.597
TCGGCT	75.0	2878.6	-0.595
TACCAC	63.0	1526.1	-0.595
CGTCCG	63.0	1526.9	-0.595
TATCCA	61.0	1477.9	-0.592
AAAAAG	117.0	2847.9	-0.592
AACCCA	123.0	3108.2	-0.592
CCATTG	98.0	3169.7	-0.591
AGGAAC	120.0	3533.8	-0.590
ACCCAG	337.0	8665.1	-0.589
GCGTAA	17.0	392.3	-0.589
ACTGTT	95.0	2513.8	-0.586
CGTAAG	9.0	483.1	-0.585
GATTGT	89.0	2150.6	-0.585
TTTCGA	22.0	516.9	-0.585
AGGTAG	115.0	3398.3	-0.582
CCGTGT	106.0	3818.4	-0.581
CTGATA	43.0	1311.7	-0.580
AATCCA	77.0	1878.1	-0.578
CAATAA	47.0	1134.6	-0.577
TTGGGC	241.0	6106.0	-0.577
GGAGTG	480.0	12457.0	-0.576
TGGCGA	85.0	2053.8	-0.575
AGTTAA	48.0	1305.5	-0.573
CGTTAA	17.0	416.7	-0.572
GGGTTC	233.0	6415.5	-0.570
TTTTGG	211.0	5123.7	-0.569
CCGGCT	224.0	5433.3	-0.569
CCCGCG	208.0	5373.0	-0.569
AAATCT	71.0	1871.5	-0.567
GAGTCT	167.0	5078.6	-0.567
AGGGTC	282.0	6844.3	-0.567
CCTCGA	64.0	1558.9	-0.566
ATAGAT	37.0	1030.9	-0.566
AATGTT	81.0	2268.6	-0.562
TAATTA	50.0	1229.1	-0.561
CCTATT	60.0	1460.4	-0.561
AGTTTA	64.0	1560.4	-0.559
TTGCGA	29.0	693.1	-0.559
GAGTCG	76.0	1860.0	-0.557
TCAGTC	129.0	3195.7	-0.555
ATATAT	71.0	1736.8	-0.554
TCCCGT	89.0	2161.0	-0.554
TCTGCC	453.0	11009.6	-0.554
CAACAG	89.0	3181.0	-0.554
CGCGAC	43.0	1041.1	-0.553
CTATCA	43.0	1041.0	-0.553
GCGACG	57.0	1388.1	-0.553
CTGGAT	201.0	5006.6	-0.552
TGATTA	53.0	1290.1	-0.550
TAATGG	73.0	1787.8	-0.550
GGCTTC	271.0	7994.9	-0.549
CCGTGA	65.0	2371.3	-0.548
AGTCTG	197.0	4802.1	-0.542
TGTCAC	203.0	4957.2	-0.541
ACCTTC	139.0	3532.0	-0.541
CAGCTT	212.0	5874.7	-0.540
GCCATA	60.0	1467.8	-0.539
TCCGCT	86.0	2090.2	-0.539
ACTAGT	18.0	771.4	-0.539
TAGGGT	111.0	2820.6	-0.538
AGTCAA	59.0	1442.2	-0.537
TTCCCC	280.0	8062.2	-0.537
CACGAC	26.0	955.4	-0.537
AGTGTT	145.0	3526.3	-0.537
GCCGGT	114.0	2794.8	-0.536
AAGGAC	112.0	3198.9	-0.535
TCTTCC	296.0	7207.4	-0.535
AACTCA	84.0	2070.1	-0.534
CCGTAA	20.0	475.4	-0.534
TTATTT	170.0	4139.6	-0.533
ACCTAA	40.0	1056.1	-0.531
GATTGC	83.0	2043.8	-0.530
ACCGTG	110.0	2695.6	-0.529
GCTGGT	428.0	10423.0	-0.529
CATTTT	179.0	4373.6	-0.526
CAGGGC	668.0	16234.2	-0.525
AACTTA	33.0	969.2	-0.525
CCCGCT	119.0	4270.8	-0.525
AAGTCT	94.0	2296.0	-0.524
CCTGGG	1179.0	28623.3	-0.524
AGCGTA	19.0	452.9	-0.523
GGAACA	135.0	3795.4	-0.522
GATAGG	56.0	1926.1	-0.521
TCAGAG	246.0	6088.0	-0.519
CAGTTT	145.0	3907.3	-0.515
GCGGGA	280.0	6824.0	-0.515
TGTCAT	116.0	3370.2	-0.514
TGGTAT	80.0	1974.9	-0.512
GGTGGC	511.0	14744.8	-0.510
CGCGCT	101.0	2823.7	-0.509
GCCTGG	932.0	24742.7	-0.507
AGGATG	233.0	6693.5	-0.506
TGCCGT	92.0	2252.9	-0.505
GACAGC	205.0	5575.4	-0.504
ATAAAT	82.0	2027.6	-0.502
ACGGTG	116.0	2858.3	-0.502
ACTTGA	80.0	2602.2	-0.502
GATGTT	122.0	2984.5	-0.502
CTAGTG	86.0	2103.9	-0.501
ATACTA	23.0	555.6	-0.500
CCATTT	150.0	3671.9	-0.499
CCAAAG	102.0	5019.2	-0.499
TTGCTC	187.0	4568.7	-0.497
CCGACT	55.0	1355.3	-0.495
CGTCAC	70.0	1731.0	-0.494
CCTCCA	372.0	9085.0	-0.494
GTGCTG	619.0	15065.6	-0.494
TTGCCC	176.0	5769.3	-0.491
TGCCTC	396.0	10959.7	-0.491
TACAGT	75.0	1856.8	-0.490
ATAGGT	47.0	1430.2	-0.489
GTAACC	52.0	1281.9	-0.489
GAACGA	29.0	708.5	-0.488
TCAGAT	96.0	2808.8	-0.488
CGCACT	40.0	1524.3	-0.487
ACGTAA	16.0	382.9	-0.487
GCGCCT	161.0	4950.1	-0.486
TCTTGC	148.0	4867.2	-0.486
ATAGTC	23.0	761.5	-0.486
CCGCCT	281.0	6869.4	-0.486
CGCCTG	304.0	7427.8	-0.484
CTAGCA	77.0	1909.0	-0.484
AAACTT	75.0	1858.5	-0.484
TTGGAC	80.0	2495.2	-0.484
TCCTAG	123.0	3017.1	-0.484
GTTAAA	52.0	1372.1	-0.482
AGACGG	135.0	3323.6	-0.481
GGCTAT	76.0	1885.0	-0.479
ATTTAC	48.0	1322.7	-0.479
GGCGAC	81.0	2383.0	-0.478
ATCAGT	64.0	1767.3	-0.478
CTAGGC	129.0	3172.9	-0.478
GGAGCT	449.0	10962.4	-0.476
CTTTGT	195.0	5386.6	-0.476
GGGATG	430.0	10494.9	-0.475
ACTCTG	233.0	5722.9	-0.473
CGAATA	10.0	234.0	-0.472
TGGAAT	148.0	3633.3	-0.472
TAGGCC	98.0	2417.9	-0.470
TGTCTC	271.0	7567.7	-0.469
GAGGCG	271.0	7929.0	-0.467
TTCTTG	186.0	4585.7	-0.466
GATCAG	95.0	2343.8	-0.466
GACAGT	145.0	3560.8	-0.465
GAGGAG	599.0	17219.2	-0.465
ACGCTG	118.0	2900.0	-0.462
CCCAAA	195.0	5099.6	-0.461
ACTGGG	337.0	9164.8	-0.458
GCTGGG	1290.0	31406.4	-0.458
CTAGTT	53.0	1316.2	-0.456
ATATAC	16.0	949.2	-0.455
CGCCCG	109.0	5115.0	-0.454
TCTGGC	309.0	7582.7	-0.453
ATGGGC	262.0	7154.0	-0.452
CCGGCA	123.0	3553.6	-0.451
ACCTGA	159.0	3925.3	-0.450
CTATTT	79.0	1972.8	-0.447
GGCAGT	298.0	7321.8	-0.447
GAACAA	71.0	1772.2	-0.445
GCGAGT	77.0	1923.9	-0.444
CGGGCA	206.0	5086.9	-0.444
TGCGTC	82.0	2049.6	-0.444
TCAAGG	141.0	3494.5	-0.444
TTCCAT	111.0	3435.3	-0.443
CATCTC	161.0	5224.1	-0.443
TACCGC	30.0	743.7	-0.442
GCTGAA	177.0	4367.5	-0.441
GTCAAG	91.0	2252.5	-0.440
AGGTCG	71.0	1774.5	-0.440
AAAGCG	50.0	1246.2	-0.439
CTAATA	30.0	744.7	-0.438
GTAACG	20.0	492.6	-0.437
CGGCAC	100.0	2497.0	-0.436
CAACAA	66.0	1649.6	-0.436
GTCAGG	320.0	7863.8	-0.436
GTACTC	47.0	1172.1	-0.435
TACAAT	38.0	946.9	-0.434
CCACTT	170.0	4191.1	-0.434
CCAGAA	184.0	4818.5	-0.433
GTGGCT	480.0	12383.5	-0.432
CTTACA	44.0	1594.4	-0.431
CGGTGT	95.0	2760.4	-0.427
ATTTAT	97.0	2410.9	-0.426
CTACGC	28.0	696.7	-0.425
AACGGT	27.0	671.1	-0.425
TCATTG	109.0	2715.9	-0.423
TTCACT	129.0	3273.6	-0.422
CGGACA	64.0	1604.4	-0.421
TTGGTA	54.0	1818.6	-0.419
TCTATG	48.0	1893.9	-0.417
TGGCAT	164.0	5215.7	-0.417
GGTAAA	69.0	1793.2	-0.417
GTCAGT	134.0	3329.0	-0.416
GCAGAT	154.0	4277.7	-0.416
CGGGTA	51.0	1278.9	-0.416
AGCACC	230.0	5681.9	-0.415
GTGGCA	322.0	8780.6	-0.415
ACGCGG	83.0	2086.8	-0.415
ACCAGC	232.0	5734.8	-0.414
ATAGAC	34.0	851.8	-0.413
GATTTC	99.0	2466.6	-0.413
GCTGTT	217.0	5555.2	-0.413
AGCGCG	87.0	2879.2	-0.411
GGCCTG	793.0	19836.5	-0.411
TCCGGG	224.0	5528.9	-0.409
CAATAG	29.0	973.3	-0.409
TGGGCC	538.0	14478.0	-0.408
CGCAGG	150.0	5557.4	-0.404
CCCGAG	169.0	5180.8	-0.404
CATCGG	31.0	1265.5	-0.404
AACCTA	33.0	948.8	-0.404
CCAGTA	81.0	2040.3	-0.404
CCTTGT	207.0	5119.5	-0.402
ACGCCC	96.0	2853.3	-0.402
AACCTG	160.0	3979.2	-0.400
TTGTCG	26.0	834.4	-0.400
TGAACC	132.0	3288.3	-0.398
TTTTGC	147.0	3862.2	-0.398
GCCGGG	506.0	12439.1	-0.397
AATCAT	52.0	1310.7	-0.397
TACTTC	60.0	1531.2	-0.395
TGGCAA	131.0	3448.4	-0.395
GTCCAA	77.0	1942.3	-0.394
AAAAGA	110.0	2865.2	-0.393
CTATCG	5.0	415.8	-0.392
ACCGGA	33.0	1244.5	-0.392
GGCGAT	56.0	1413.6	-0.392
TTTGAC	66.0	1787.0	-0.391
TTGATG	78.0	2671.2	-0.391
CGAATT	17.0	425.4	-0.390
CGTTTT	49.0	1237.7	-0.389
CGCTTC	89.0	2487.3	-0.388
AGTTGG	173.0	4295.1	-0.388
GACTGG	268.0	6623.3	-0.387
ATCAAA	42.0	1060.6	-0.387
ATTCCA	111.0	2783.1	-0.387
TGAGGA	253.0	8355.0	-0.384
GCCGAC	70.0	1771.0	-0.384
TGTGAC	198.0	5275.9	-0.384
CAGCTG	575.0	14113.4	-0.382
TTCTCG	65.0	1644.0	-0.382
ACTAAA	64.0	1745.5	-0.380
GTGGCC	491.0	12091.6	-0.380
CACCAC	281.0	6948.0	-0.378
CTCTAC	85.0	3358.2	-0.377
AGCCTT	207.0	5133.5	-0.376
CAAAGC	115.0	3203.1	-0.374
GCCGTG	186.0	5181.9	-0.373
GACTGC	143.0	4374.6	-0.372
GCTCGA	41.0	1040.8	-0.371
TGAGGT	291.0	7194.1	-0.371
TTCTCC	327.0	8081.0	-0.367
CGTTTC	62.0	1574.9	-0.367
AACACT	79.0	2005.7	-0.367
GGATCC	153.0	3970.9	-0.366
GGACCT	186.0	5688.4	-0.365
CAGAAT	116.0	2923.1	-0.363
GCTGTG	714.0	17526.2	-0.362
GCTGTC	302.0	7468.7	-0.362
GGTGGT	436.0	10767.9	-0.361
CTATTG	49.0	1402.7	-0.360
ATCCTT	103.0	2593.0	-0.360
ACTTGG	196.0	4885.1	-0.360
AGTCAT	81.0	2060.2	-0.357
GTCATG	133.0	3338.8	-0.355
TACGAA	11.0	276.1	-0.353
CATAGT	55.0	1401.2	-0.353
AGTTTG	144.0	3927.1	-0.352
TCCAGA	203.0	5073.5	-0.352
TAGTGA	73.0	1859.0	-0.351
ACCTGT	204.0	5458.4	-0.350
GTTCAG	143.0	3598.7	-0.348
CGGTCA	54.0	1378.8	-0.348
ACTATC	23.0	767.7	-0.346
GGTGTT	195.0	5149.9	-0.344
TCTTGG	264.0	6699.3	-0.344
GACCAT	96.0	2423.0	-0.343
GACTGA	134.0	3370.6	-0.343
ACAGGG	292.0	9016.4	-0.343
ATCATT	42.0	1602.0	-0.342
AAGGGT	160.0	4017.7	-0.339
TCAGTT	117.0	2963.4	-0.338
TGCAGA	314.0	7786.6	-0.337
AGGCCA	331.0	8217.5	-0.337
AAGCCT	149.0	4140.8	-0.337
CAAAAT	82.0	2095.7	-0.336
TTGAGG	228.0	5687.4	-0.336
TTGACC	86.0	2172.0	-0.335
TGTAGG	141.0	3759.1	-0.334
GTCATT	91.0	2301.8	-0.333
GACAGG	338.0	8383.3	-0.333
ACGATG	40.0	1027.7	-0.333
ATCGTC	23.0	592.9	-0.333
TCACGA	38.0	976.6	-0.332
GGCGAG	182.0	5099.4	-0.331
CCTGGA	487.0	14070.8	-0.331
CTGCGG	278.0	7608.5	-0.331
GCTGAG	536.0	14187.1	-0.330
TGGCAC	250.0	6246.9	-0.329
TGCCTA	102.0	2585.0	-0.329
CGAACC	28.0	751.6	-0.329
TCCCCA	341.0	10792.2	-0.328
TCCAGC	353.0	8769.4	-0.327
CGTCAG	82.0	2101.0	-0.326
ACGGCC	89.0	2629.1	-0.324
ACCAAG	109.0	2766.9	-0.324
TCATTT	116.0	3400.2	-0.324
CGTCGC	50.0	1286.0	-0.323
GATATA	32.0	826.7	-0.323
AAGACT	68.0	2173.5	-0.322
TCTGGA	284.0	7078.4	-0.320
AACAAG	77.0	1976.4	-0.319
TTGTTC	134.0	3386.8	-0.318
GGATCT	132.0	3335.4	-0.317
ACTCGT	27.0	774.4	-0.315
AGACAG	234.0	6740.6	-0.315
AGGACT	174.0	4371.7	-0.314
CGAGCT	84.0	2132.8	-0.313
CCGGCC	306.0	8143.8	-0.313
TTATGT	63.0	1871.7	-0.312
ATTCTT	103.0	2621.0	-0.308
TACAGC	81.0	2183.2	-0.308
CCCAGC	650.0	19063.5	-0.308
ATGATA	39.0	1148.5	-0.307
GACGGA	68.0	2093.8	-0.307
AATCAG	74.0	2080.7	-0.305
GTGTAG	101.0	3152.1	-0.305
GCGTCA	56.0	1446.8	-0.305
ATTCTA	45.0	1288.1	-0.304
GTCTTG	193.0	5293.2	-0.304
TAGCCC	78.0	2321.9	-0.304
AAATCA	49.0	1770.4	-0.302
GCTGGA	517.0	12807.5	-0.302
CCTGGC	696.0	18707.4	-0.301
GCGCGA	46.0	1777.7	-0.298
TTCCGG	109.0	2781.6	-0.298
GACCAC	133.0	3374.7	-0.296
CCGAGT	102.0	2602.8	-0.296
AACTGG	142.0	3607.4	-0.296
TTTATG	77.0	2286.7	-0.295
CGGAGG	231.0	6885.3	-0.294
TATTGT	67.0	1733.7	-0.294
CCCATC	245.0	6147.2	-0.292
TAAAAC	43.0	1352.0	-0.292
ATTGAC	40.0	1074.8	-0.291
GGCAAC	115.0	2994.5	-0.290
AGCATC	113.0	3365.5	-0.290
GAAGCC	234.0	5888.1	-0.290
ACTTCC	172.0	4337.6	-0.290
TCGTAT	11.0	288.9	-0.289
TGGGAT	233.0	8677.6	-0.289
ACCTAT	38.0	1116.6	-0.289
ACTCCG	64.0	1658.2	-0.289
CTCTGC	523.0	13046.2	-0.289
TCCCAG	578.0	14322.8	-0.289
CTTCAC	144.0	3796.7	-0.288
TAGTGC	50.0	1661.2	-0.288
TCTCAT	134.0	3405.7	-0.288
TTCTAG	98.0	2504.5	-0.288
TAACCC	54.0	1402.3	-0.288
AGTGAG	242.0	8223.5	-0.288
CGGCGC	147.0	5244.6	-0.287
TGGAAG	311.0	7783.1	-0.285
ACCTGG	396.0	9857.9	-0.284
TCATAT	40.0	1242.1	-0.283
CACCTA	85.0	2174.9	-0.282
AGTTAT	45.0	1174.6	-0.282
ATGAAA	94.0	2406.2	-0.282
CTCTAG	106.0	2714.1	-0.281
GACCAG	198.0	5776.0	-0.280
GCGAAA	30.0	788.4	-0.279
ATTCGG	30.0	788.7	-0.279
GGATAA	59.0	1535.3	-0.279
GCCGCG	228.0	5736.7	-0.279
ATTCTC	107.0	3876.7	-0.277
GCCTCT	394.0	9839.9	-0.276
GGACTC	203.0	5133.4	-0.276
TATTGG	54.0	1750.2	-0.275
AGATCG	45.0	1177.6	-0.275
GGCTAC	90.0	2307.4	-0.275
TGAGCG	127.0	3235.2	-0.274
AATGCC	90.0	2650.5	-0.274
CCCAAT	66.0	1717.5	-0.273
AAAGGG	183.0	5228.4	-0.273
CATCCG	55.0	1435.2	-0.273
GAACCG	37.0	1450.5	-0.272
GAGCTA	83.0	2155.7	-0.271
ATTGAT	37.0	1318.9	-0.270
TCACTA	41.0	1383.6	-0.270
TCCCAT	178.0	4510.3	-0.270
TGAAAC	117.0	3005.4	-0.270
CCTCTA	84.0	2635.8	-0.269
GGAGGA	609.0	16383.2	-0.269
CTCGCA	59.0	1540.4	-0.268
AAGCAA	81.0	2737.7	-0.268
AAGTTA	48.0	1257.8	-0.268
AGCGGG	204.0	5969.7	-0.268
CAAGTC	92.0	2363.2	-0.266
CCATTC	135.0	3447.2	-0.266
AGGTAC	76.0	1978.4	-0.265
AAGCGG	90.0	2313.7	-0.265
CCGAGG	236.0	6148.6	-0.263
CTCTAA	65.0	1697.9	-0.263
GGTATT	64.0	1671.7	-0.262
TGTAAC	59.0	1543.1	-0.262
GCGCTG	245.0	6999.3	-0.261
GCTGGC	537.0	13355.5	-0.259
CGCCAA	55.0	1442.5	-0.258
CTAACA	48.0	1344.0	-0.257
GTAGGA	91.0	2841.3	-0.256
ACCTAC	55.0	1443.2	-0.256
TATGGT	62.0	1624.6	-0.256
GGGAAT	124.0	4480.8	-0.255
CCCAGT	283.0	7127.1	-0.255
CAGCCA	373.0	9346.0	-0.253
ATTCAC	58.0	1619.1	-0.253
CTCCGA	77.0	2011.9	-0.253
GTCCAC	139.0	3586.6	-0.253
TGAAGT	122.0	3120.1	-0.253
CGAAGA	35.0	928.1	-0.253
CTATAC	23.0	615.2	-0.253
CAGCGT	112.0	2888.2	-0.252
TCTACC	68.0	2116.1	-0.252
AGATTC	80.0	2090.7	-0.250
AAAGAG	135.0	3844.6	-0.249
ATAGGC	55.0	1507.2	-0.249
GTATCG	14.0	377.2	-0.249
CGAGTG	99.0	2570.1	-0.249
AGGAAT	123.0	3150.0	-0.248
CACCGG	89.0	3040.1	-0.248
GCTATT	62.0	1628.2	-0.248
AGACTT	93.0	2401.8	-0.247
CTGAGG	552.0	15339.6	-0.246
ATCACC	99.0	2557.3	-0.245
GATCCG	61.0	1603.7	-0.245
TCTTGA	129.0	3307.7	-0.245
CGGGGC	569.0	14157.3	-0.244
AACGCG	27.0	723.6	-0.244
CCTAAG	83.0	2172.9	-0.242
TGGTCG	72.0	1889.4	-0.241
TGATCG	30.0	802.3	-0.240
CTACTC	68.0	2469.1	-0.240
CTAGTA	25.0	806.7	-0.239
ACTCGG	93.0	2408.9	-0.237
AGCGGC	162.0	4632.3	-0.237
AGGTTG	196.0	4986.8	-0.235
GATGGC	206.0	5224.1	-0.235
ATGGTG	290.0	7345.4	-0.235
ACTCTA	42.0	1198.5	-0.234
GCAGTC	161.0	4123.5	-0.234
TTCCAC	141.0	3628.1	-0.234
GCCTAG	131.0	3368.3	-0.234
TGACCG	40.0	1714.7	-0.233
CTTGAG	198.0	5042.2	-0.233
TCAGCA	171.0	5510.2	-0.232
GCCTGA	278.0	7073.4	-0.232
GTGCGA	63.0	1662.3	-0.232
ATTGGC	82.0	2543.1	-0.231
ATAGAG	39.0	1789.0	-0.231
GAGTGG	434.0	11110.9	-0.231
CCTACT	85.0	2206.6	-0.230
TACTGC	82.0	2156.3	-0.228
CCTACA	68.0	2044.8	-0.227
TAAAAT	79.0	2162.0	-0.227
GGATCG	35.0	1279.6	-0.227
GCTAAC	45.0	1199.9	-0.226
AGAGCG	71.0	2881.9	-0.225
TAATTC	51.0	1356.7	-0.224
ATTTGG	130.0	3350.3	-0.224
GATGCT	161.0	4862.2	-0.223
GTAGCC	65.0	2244.5	-0.223
GCTTCC	252.0	8073.8	-0.223
AGTCGG	72.0	1967.1	-0.223
GATTGA	57.0	1512.4	-0.222
GCTACT	55.0	2960.4	-0.222
ATATCA	35.0	941.9	-0.221
CCGCTG	201.0	5596.3	-0.221
AAGTAT	36.0	1085.4	-0.221
AGCTGA	247.0	6274.4	-0.220
TCGGAC	27.0	1065.3	-0.219
ACTCCC	183.0	4688.6	-0.218
GCGAGG	217.0	5533.5	-0.218
CGATTA	9.0	249.7	-0.217
TATGAA	39.0	1437.8	-0.217
TATCAT	31.0	1037.6	-0.216
GGTCGA	19.0	981.1	-0.216
TATCGA	7.0	193.2	-0.216
TCCACA	165.0	4288.6	-0.216
CTCGCC	141.0	3643.7	-0.216
GCCCGG	348.0	10251.5	-0.215
CGAGAG	93.0	2423.6	-0.215
CTTTTT	220.0	5615.5	-0.215
CAGTCG	54.0	1439.1	-0.214
CGTTCA	33.0	893.0	-0.213
GACTCA	116.0	3022.5	-0.213
CTCAGT	216.0	5512.7	-0.212
ACCACG	92.0	2400.2	-0.211
CTCATT	129.0	3336.7	-0.210
GATCTG	171.0	4381.4	-0.210
GTGATT	120.0	3102.0	-0.210
AACAAC	47.0	1260.4	-0.209
AGCGAT	50.0	1338.9	-0.208
CGGACC	80.0	2118.7	-0.207
ACGATT	7.0	403.5	-0.207
TATATT	45.0	1398.1	-0.207
GGTGCC	332.0	10359.5	-0.206
TAGCCT	68.0	2450.3	-0.205
CTCCAT	180.0	5072.9	-0.205
ATGTAG	61.0	1634.4	-0.205
TGCTAC	72.0	1912.1	-0.205
AATAGC	45.0	1210.8	-0.204
CTTCGG	93.0	2431.4	-0.204
TTGCGC	51.0	1367.8	-0.204
ACAGCC	228.0	6424.7	-0.204
GTTTAT	73.0	1939.5	-0.203
ATGACG	40.0	1081.9	-0.202
TGACCT	227.0	6086.0	-0.202
AACCTT	72.0	1915.1	-0.201
ACGGAG	78.0	2830.4	-0.200
GTGGTG	613.0	15720.4	-0.200
GCCAAG	235.0	6006.8	-0.199
AACGGC	39.0	1056.4	-0.199
ATCGTG	49.0	1318.6	-0.198
TTTGTC	144.0	3739.3	-0.197
TTTTGA	131.0	4058.0	-0.197
TCATGA	103.0	2696.6	-0.197
CAGCGA	85.0	2230.8	-0.196
GCGCGG	310.0	7866.7	-0.195
CCTCGC	156.0	4030.0	-0.195
ATGGCA	160.0	4592.0	-0.192
GGGCCA	388.0	11349.9	-0.192
CAATAC	25.0	690.2	-0.191
TGTATC	57.0	1890.8	-0.191
AAAGTA	53.0	1427.6	-0.191
ATTTCC	112.0	3223.9	-0.190
AATCGC	28.0	771.6	-0.189
GAAGCT	148.0	5050.5	-0.188
CGCTGT	106.0	3320.6	-0.188
ACTGTG	287.0	7308.7	-0.188
CTGACT	179.0	4615.7	-0.187
CGCTGG	240.0	6163.2	-0.185
AGGCTG	712.0	19190.0	-0.185
GCCGTT	52.0	1404.6	-0.185
TACCGA	3.0	399.9	-0.184
TAACAG	56.0	1509.6	-0.184
TCCCAC	226.0	7018.9	-0.182
AACCCC	161.0	4176.2	-0.180
ATCGCT	42.0	1145.5	-0.180
TGACAC	101.0	3070.7	-0.179
TGGAAC	102.0	3506.6	-0.179
AAGTTG	90.0	2376.1	-0.176
AGAGGT	235.0	6037.1	-0.175
ATCCAC	84.0	2761.7	-0.174
CCTCAG	379.0	12498.7	-0.174
GTAAAG	43.0	1779.4	-0.173
TTAGCT	91.0	2408.0	-0.172
AGGTGT	259.0	8063.8	-0.171
AGTAAA	57.0	1544.2	-0.171
ACCCAA	77.0	2158.1	-0.171
TTATAG	45.0	1328.6	-0.171
CTGGCT	547.0	13774.9	-0.169
AAGGTC	106.0	2799.7	-0.169
CGACTG	44.0	1448.3	-0.169
GATCGC	42.0	1152.9	-0.169
TGTTGC	190.0	4902.5	-0.169
AGGTCC	128.0	4574.5	-0.168
AGGCAG	610.0	15330.5	-0.168
CTGGCC	602.0	15514.5	-0.168
ATTCAG	79.0	2577.8	-0.167
CTCAAT	57.0	1547.1	-0.167
ATAAAA	65.0	2079.3	-0.167
GCCAGT	192.0	4957.8	-0.167
GCTTCA	157.0	4086.7	-0.167
TTGAAG	110.0	2907.7	-0.166
CGTGAC	44.0	1723.7	-0.166
GGTTCA	139.0	4301.9	-0.166
TTGAAC	82.0	2796.7	-0.166
GCTATG	58.0	2257.5	-0.165
AGGACG	104.0	2751.5	-0.165
CAGACG	90.0	2386.2	-0.164
GATGAC	98.0	2595.3	-0.164
GGTCAC	180.0	4708.3	-0.164
CTGGAG	637.0	18349.9	-0.163
CTTCCG	105.0	2779.7	-0.163
CAGCGC	171.0	4585.7	-0.162
AAGATC	62.0	1682.2	-0.162
TCTCCT	333.0	9753.2	-0.162
CGCAAC	27.0	758.8	-0.161
AGATTG	85.0	2267.8	-0.161
ACCGTC	42.0	1157.7	-0.161
TACTGT	79.0	2168.6	-0.161
GGCTAG	121.0	3174.5	-0.160
CACCTC	249.0	7683.0	-0.160
AAGGGC	225.0	6052.1	-0.159
CTGATC	92.0	2444.2	-0.158
AATTCC	79.0	2130.4	-0.158
AAGGTA	73.0	1976.2	-0.156
TCGGTA	7.0	478.6	-0.156
CAGATT	84.0	2481.5	-0.155
CCGCGT	52.0	2129.3	-0.155
GTATTG	46.0	1369.6	-0.155
ACGCCT	91.0	2623.9	-0.155
CCGTCT	103.0	2858.4	-0.154
TGGGCT	576.0	14508.5	-0.154
TCCACT	146.0	3811.6	-0.154
ATTGCC	79.0	2134.1	-0.153
CCAATA	34.0	950.6	-0.152
CGCGAA	20.0	574.8	-0.152
CGAGTT	36.0	1004.1	-0.151
ACTCAA	55.0	1507.3	-0.149
CTAAAA	85.0	2269.4	-0.149
GCGAGA	54.0	2091.2	-0.149
AGTGGC	234.0	7767.1	-0.149
GAGTTT	139.0	3927.7	-0.148
TGCAAT	88.0	2349.0	-0.147
CATCTT	141.0	3715.7	-0.147
GGACAA	97.0	3037.1	-0.147
CGTGAT	44.0	1683.3	-0.147
GACATA	39.0	1087.5	-0.146
ATTACC	35.0	980.9	-0.146
GTCAAA	51.0	1405.0	-0.146
AAAGCC	127.0	3348.3	-0.145
ACTGAC	75.0	2349.8	-0.144
GGCGTC	78.0	3520.3	-0.143
GAAAGC	121.0	3361.0	-0.142
GAATAG	57.0	1566.4	-0.141
CAAGAC	101.0	2698.4	-0.140
TTTTAG	117.0	3775.9	-0.140
AGATGT	137.0	3618.4	-0.139
AAAACC	57.0	2145.0	-0.139
ACGTCT	44.0	1225.5	-0.139
GTCGCA	36.0	1012.6	-0.139
TAGGCG	43.0	1198.1	-0.139
AGCTGT	280.0	7199.0	-0.137
CAAGCT	131.0	3463.6	-0.137
GTGACC	202.0	5264.1	-0.137
CCTTAG	100.0	2687.7	-0.134
TGAAGC	105.0	3964.1	-0.133
GTTGAT	62.0	1705.3	-0.133
AGACTG	174.0	4552.3	-0.133
ATTTTG	138.0	3653.5	-0.133
TCGCAC	36.0	1016.1	-0.133
CAACTG	91.0	2443.8	-0.133
TAGCGC	28.0	801.9	-0.132
TTCTGG	315.0	8081.9	-0.132
AACGTG	51.0	1590.9	-0.131
CCAGCG	181.0	4740.8	-0.131
ACTAGA	38.0	1070.5	-0.131
GACCGC	63.0	1997.0	-0.130
ATCAAC	29.0	830.8	-0.130
ACGTCC	56.0	1550.1	-0.129
AGTTGC	88.0	2367.3	-0.129
TAATGA	56.0	1559.7	-0.129
GACGCT	41.0	1840.7	-0.128
GATAGT	37.0	1047.0	-0.128
GTGTCA	169.0	4427.8	-0.128
TGGAGG	575.0	17207.2	-0.125
CAGACT	148.0	3901.0	-0.125
GCGGTC	74.0	2299.7	-0.125
GCAATT	33.0	1469.1	-0.125
AAAACG	19.0	725.1	-0.125
CGGTTC	57.0	1581.7	-0.125
TCCTGT	266.0	8288.5	-0.124
ATTCCC	121.0	3216.2	-0.124
GTTGTT	111.0	3380.3	-0.124
TCAGAC	100.0	2833.1	-0.124
CCCGAC	86.0	2321.3	-0.123
CAGTGG	399.0	11763.7	-0.123
TATACT	27.0	780.5	-0.122
AGTACA	55.0	1530.2	-0.122
ATTACG	5.0	354.4	-0.122
TCGCCG	63.0	1742.8	-0.122
TTGGTC	73.0	3145.8	-0.122
TTTGTT	237.0	6720.7	-0.122
CAGTTG	126.0	3351.2	-0.122
CAAGCC	159.0	4198.2	-0.121
TTATGG	77.0	2114.8	-0.120
TAGACT	42.0	1186.3	-0.120
GTTACC	46.0	1295.0	-0.119
ACCATA	37.0	1053.8	-0.118
ATCATA	29.0	921.5	-0.118
GTTTAA	48.0	1597.4	-0.118
ACTATG	54.0	1508.0	-0.118
CTGCGC	208.0	5554.2	-0.118
GGTGTC	281.0	7264.9	-0.117
GTTATC	22.0	976.7	-0.117
GGTCGC	82.0	2249.7	-0.117
ACCGAT	12.0	410.8	-0.117
CTAGGA	105.0	2963.6	-0.116
CCCGGC	373.0	9577.5	-0.116
CCGGGA	259.0	6723.7	-0.116
GCGACC	62.0	1721.8	-0.116
TAAAGA	65.0	1801.2	-0.116
CCGGTT	50.0	1403.4	-0.115
GCCCGA	99.0	2674.6	-0.115
GCTGCC	538.0	14398.9	-0.114
GACTAT	31.0	895.0	-0.114
ATCAAT	26.0	835.3	-0.114
ACAGGT	202.0	5302.8	-0.114
TCATTC	96.0	2717.2	-0.114
AGGCTA	84.0	2279.8	-0.114
TAGGAT	66.0	1830.0	-0.113
GGGCTG	1012.0	26546.2	-0.113
AATACG	8.0	368.2	-0.112
GATCGT	22.0	758.1	-0.112
GTCTGA	164.0	4345.7	-0.112
TTTGCC	165.0	4372.9	-0.112
TAGCTG	151.0	5340.3	-0.111
AGTGCG	92.0	2494.4	-0.111
GGGTCT	361.0	10150.6	-0.110
TAAGGG	99.0	2680.4	-0.110
CTCCTC	441.0	11483.1	-0.109
TGTCGA	23.0	679.2	-0.109
CAAGGA	168.0	4429.3	-0.109
TGGCTC	375.0	10205.0	-0.109
CTGAAG	221.0	5767.4	-0.109
TTACGG	18.0	620.6	-0.109
CAGGCG	261.0	6793.6	-0.109
AAGATA	26.0	1152.0	-0.108
GGATGA	150.0	4516.9	-0.108
CTGGGC	800.0	22885.6	-0.107
CCATCA	132.0	3532.7	-0.106
AACTGA	65.0	2362.0	-0.105
AGATAC	44.0	1292.1	-0.105
TTCATT	103.0	2961.0	-0.105
ACGAGT	11.0	758.8	-0.104
GGCGTT	73.0	2025.8	-0.104
ATTATG	47.0	1334.0	-0.104
CAGAGA	289.0	7510.6	-0.104
TCATGG	149.0	5157.2	-0.103
GATGGT	180.0	4760.3	-0.103
TTAATG	61.0	1795.8	-0.102
ACCGGT	23.0	827.6	-0.102
GGTGGA	445.0	11414.7	-0.102
CGCGAT	26.0	768.3	-0.101
CGTCCA	44.0	1781.8	-0.101
CGACAC	26.0	915.9	-0.101
GTTCCC	143.0	5436.7	-0.101
ACTACG	16.0	490.9	-0.100
GGAATC	101.0	2747.3	-0.100
CTCCAG	453.0	11622.7	-0.099
CGGACG	60.0	1687.8	-0.098
TTGCAA	75.0	2087.8	-0.097
GCCATC	156.0	4157.6	-0.097
AGAAAG	143.0	5099.6	-0.096
AACTAC	32.0	936.0	-0.096
GCAAAA	79.0	2196.3	-0.095
GTCCGC	80.0	2222.4	-0.095
TCAATG	60.0	1691.9	-0.095
ACTGCT	169.0	4638.4	-0.094
GAAACT	101.0	2787.5	-0.094
GGCCTC	500.0	12784.6	-0.094
CAACTC	78.0	2171.9	-0.094
AACTTG	79.0	2198.7	-0.094
TCGAAG	25.0	746.2	-0.094
ATGGCG	111.0	3023.5	-0.093
GGAGTC	229.0	6017.2	-0.092
TTAGCC	55.0	2727.8	-0.092
GATTCT	87.0	3517.2	-0.092
CGGGTT	107.0	2918.1	-0.092
GACATG	127.0	3758.2	-0.092
TGGTCA	157.0	4919.9	-0.091
GGTGAA	156.0	4890.3	-0.091
GCGGAT	61.0	1723.8	-0.091
GCCATT	122.0	3292.5	-0.090
TTCAGT	118.0	3186.7	-0.090
ATTGTC	60.0	1770.1	-0.090
TGACGC	53.0	1509.1	-0.090
GTTAAT	44.0	1267.3	-0.090
GATAAT	39.0	1132.5	-0.090
AACCGT	23.0	702.6	-0.089
CGCCTC	217.0	5727.4	-0.089
ACCCGC	58.0	2896.0	-0.088
ACATCT	96.0	2631.3	-0.088
TGCAAA	117.0	3190.2	-0.088
ACAAAG	99.0	2712.5	-0.087
TAGGTG	130.0	3511.0	-0.087
TTTCCA	166.0	4854.6	-0.087
GTCAAT	33.0	971.7	-0.087
ACGAAA	14.0	449.1	-0.087
GTAAGT	64.0	1808.0	-0.087
TTCCGC	66.0	1862.8	-0.086
CCTATG	74.0	2077.0	-0.086
CTGGCA	354.0	9185.1	-0.086
CACCTG	465.0	12284.9	-0.086
TGCCGC	129.0	3866.3	-0.084
CATCCC	227.0	5982.2	-0.084
ACCAAA	58.0	1651.4	-0.084
CAAAAC	47.0	1950.2	-0.083
CCGATT	20.0	615.5	-0.083
CAGAGT	180.0	5755.7	-0.083
AAGTCG	29.0	866.5	-0.082
ATTGAG	78.0	2189.0	-0.082
GCGTCC	129.0	3494.9	-0.081
TGATAT	37.0	1363.0	-0.081
CAATTA	21.0	813.8	-0.081
GAGTTC	140.0	3789.8	-0.081
CGGCCT	221.0	5828.1	-0.080
CAGGAG	599.0	15812.5	-0.080
GACTTG	138.0	3737.0	-0.080
GACATT	79.0	2218.5	-0.080
TAGCTC	48.0	2074.8	-0.079
GAGAAT	126.0	3736.8	-0.078
CTTATG	40.0	1579.5	-0.078
CGGCGT	77.0	2167.7	-0.078
TCGATC	17.0	565.9	-0.078
CGGGTC	84.0	3686.5	-0.078
CGCCGT	64.0	1821.9	-0.077
AACCTC	140.0	3796.8	-0.077
GAATTA	34.0	1235.2	-0.077
AGTAGC	92.0	3420.9	-0.076
GCGCAA	37.0	1092.6	-0.076
TGGAGA	324.0	10476.8	-0.076
TCAATT	39.0	1148.2	-0.075
GTGCCG	134.0	3639.5	-0.075
TATGGC	70.0	1984.2	-0.075
ACCTTG	152.0	4094.9	-0.075
AGCTCG	67.0	1910.0	-0.075
AAATTA	92.0	2619.7	-0.074
AGCCGG	203.0	5481.5	-0.074
CGCCAG	138.0	3749.2	-0.074
CTACGA	16.0	508.3	-0.074
TACTCC	62.0	1772.5	-0.074
CCGAGA	97.0	2682.9	-0.074
ACTCCA	158.0	4259.8	-0.073
TCTCAA	114.0	3138.0	-0.073
GGCCAC	326.0	8504.6	-0.072
TGAACT	117.0	3285.7	-0.072
CTCAAA	108.0	3124.6	-0.071
TTGCAG	244.0	6450.2	-0.071
GAACGC	45.0	1448.9	-0.071
TATCGG	15.0	482.6	-0.070
AAGCGC	59.0	1696.8	-0.070
TCCATC	148.0	4000.5	-0.069
TTATTG	63.0	1872.3	-0.069
AGATGG	295.0	7746.0	-0.068
ACAGTG	225.0	5971.9	-0.067
ACCGCT	50.0	1485.1	-0.067
CTGTAA	120.0	4284.5	-0.067
GTACAA	34.0	1021.5	-0.067
TGGCTA	88.0	3528.8	-0.066
GCGAAT	17.0	543.5	-0.066
GGTCAT	107.0	2964.9	-0.066
ATAGCG	11.0	450.7	-0.066
GAAATC	67.0	1919.2	-0.066
TTCGAG	35.0	1558.4	-0.065
TGCAGC	402.0	10461.9	-0.065
TACAAA	47.0	2490.4	-0.065
GCCGTA	20.0	703.0	-0.064
TGATGC	130.0	3558.7	-0.064
GGACAT	125.0	3586.7	-0.064
TGACGA	28.0	858.9	-0.064
TCCTAC	72.0	2058.0	-0.064
CAAGTT	71.0	2032.0	-0.063
ATCGCA	22.0	689.7	-0.063
GTCAGC	173.0	4982.4	-0.063
AGATCA	70.0	2484.6	-0.062
GATCTA	28.0	860.3	-0.062
AGTCAG	148.0	4019.8	-0.062
AAAGTT	66.0	1899.3	-0.061
GCTACG	30.0	917.6	-0.061
TCGCCC	117.0	3243.7	-0.061
AAGTGG	197.0	5287.8	-0.061
AACAGC	110.0	3056.7	-0.061
CTGTTT	214.0	5722.6	-0.060
TAGGCT	76.0	2584.9	-0.060
AATGAC	52.0	1790.4	-0.059
GTTGCT	149.0	4231.6	-0.059
CAGGTA	143.0	3918.7	-0.059
TGTTCC	198.0	5320.1	-0.059
ACTGCG	84.0	2362.1	-0.059
GCGCCG	185.0	5078.7	-0.058
CTTCCA	213.0	5702.3	-0.058
GAGTAG	109.0	3620.1	-0.058
GAACTA	35.0	1060.9	-0.057
CTACAC	60.0	1745.0	-0.057
CTCATG	179.0	5112.4	-0.057
GACGAT	22.0	696.7	-0.057
CAGGTC	204.0	5689.8	-0.057
TCAGTG	217.0	6025.6	-0.057
AATATG	47.0	1392.8	-0.056
CAACCC	110.0	3066.7	-0.056
GCCAGA	219.0	5871.9	-0.056
CAACCA	72.0	2071.0	-0.056
TGCGAA	14.0	808.6	-0.056
CCACAA	79.0	2726.4	-0.056
TCAACC	56.0	1639.4	-0.056
CATCAC	110.0	3069.3	-0.055
ATCTGC	118.0	4180.7	-0.055
TCCTCG	78.0	2754.9	-0.054
TAGAGT	61.0	1777.4	-0.054
TCATAG	40.0	1543.7	-0.054
CACCCG	93.0	3821.1	-0.053
CCTAGT	63.0	1852.9	-0.053
CTATGA	46.0	1634.7	-0.053
ACTAGG	57.0	1749.1	-0.053
GCCGTC	91.0	2563.6	-0.053
AGAGTC	98.0	3464.6	-0.053
CATCGC	46.0	1371.5	-0.053
AATCGG	9.0	616.0	-0.052
GGTAAT	40.0	1398.2	-0.052
GGGTCA	227.0	6452.0	-0.051
CAGGAT	187.0	5046.8	-0.051
GAGCCA	298.0	8696.7	-0.051
TCTACT	72.0	2579.3	-0.051
GGACGC	99.0	3550.9	-0.051
GAAGGT	185.0	5022.7	-0.050
CCGCAG	202.0	5455.9	-0.050
ATCCCC	154.0	4212.7	-0.050
GAAGTG	210.0	5648.1	-0.050
CACCTT	168.0	4566.3	-0.049
CTGACG	66.0	1923.2	-0.049
GAGACA	206.0	5548.8	-0.048
CGCCTT	84.0	2601.9	-0.048
GTCAGA	127.0	3687.8	-0.048
AATTCA	53.0	1606.4	-0.048
AGGATA	49.0	1625.0	-0.048
GGCTGA	391.0	10855.9	-0.047
GTCGCG	49.0	1464.1	-0.047
TCGCGG	42.0	2141.8	-0.047
GCAGTT	133.0	3683.7	-0.047
GAAGTT	98.0	2767.4	-0.047
CGCTAT	21.0	680.7	-0.047
GAGACT	154.0	4224.5	-0.047
AATAAA	92.0	2608.0	-0.046
CGGTCT	57.0	1685.4	-0.046
TGAGAC	179.0	4875.5	-0.046
AGTCTC	154.0	4227.8	-0.046
AATTGT	53.0	1578.6	-0.045
AATACA	56.0	2181.6	-0.045
CCATAG	61.0	1797.9	-0.044
CACTTC	156.0	4285.8	-0.044
TGTAGC	82.0	2530.5	-0.044
ACCAAC	55.0	1635.4	-0.044
CCAGGC	718.0	18493.7	-0.044
GAGGAC	226.0	6314.3	-0.043
ATAATC	24.0	934.9	-0.043
AGTCCT	167.0	4771.3	-0.043
CCAGTT	123.0	3425.9	-0.043
ACGACT	17.0	569.6	-0.042
TCACGG	71.0	2075.5	-0.042
AGCCTA	65.0	1991.7	-0.041
CAAGGT	148.0	4080.6	-0.041
CCATCC	226.0	6091.1	-0.041
TCTAGC	60.0	1778.8	-0.041
ATAAAG	43.0	1692.5	-0.041
ATTGTG	119.0	3324.1	-0.041
GAACTG	141.0	3919.7	-0.041
GTCGAA	12.0	423.0	-0.041
GTCACC	192.0	5222.8	-0.040
TCCTCA	237.0	6368.8	-0.040
TCCAGG	426.0	11179.9	-0.040
TCGCAA	5.0	442.0	-0.040
TGTAGA	91.0	2596.8	-0.040
GATCCT	109.0	3471.2	-0.040
AAGCCA	147.0	4057.9	-0.040
AAACTG	94.0	3369.9	-0.040
CGAGAC	68.0	2000.7	-0.040
CCTAGC	98.0	2787.4	-0.040
TAGTGG	104.0	2950.4	-0.039
CAAGCG	64.0	1891.0	-0.039
AGTTGA	66.0	1947.0	-0.039
CAACTT	66.0	1947.2	-0.039
AGCCGT	62.0	1842.3	-0.037
CTATGC	46.0	1620.9	-0.037
GGTCAG	273.0	8000.8	-0.037
TAAGTG	63.0	2374.1	-0.037
TGACTC	129.0	3609.5	-0.037
TAAAGG	63.0	2119.8	-0.037
TTCGCC	52.0	1569.2	-0.036
GGAAGT	174.0	5476.4	-0.036
AGCGGA	78.0	2284.2	-0.035
AGCCAC	276.0	7412.4	-0.035
CAGTGA	257.0	6919.6	-0.035
AAACTC	84.0	2423.8	-0.035
CCTCCG	184.0	5059.7	-0.034
TCGCCA	52.0	1576.9	-0.034
TCAATA	26.0	866.8	-0.034
AGGATC	106.0	3024.9	-0.034
GATTCG	20.0	672.0	-0.034
ATGATC	45.0	1886.8	-0.034
GCTCCT	367.0	9716.2	-0.033
GCTCCA	231.0	7071.0	-0.033
GCTGCG	243.0	7160.7	-0.033
CTGACA	143.0	4005.1	-0.033
GAAGCG	91.0	2620.2	-0.033
CCGGTA	10.0	869.6	-0.033
CAACAC	76.0	2239.2	-0.032
ATCAGC	93.0	2676.2	-0.032
GGTTTC	201.0	5505.7	-0.032
AACGTC	21.0	704.2	-0.032
AGACAT	80.0	2426.0	-0.032
CCTTAT	50.0	1570.7	-0.031
TTCGCG	27.0	879.8	-0.031
CGTGGA	113.0	3223.5	-0.031
AGATAG	51.0	1555.1	-0.031
GCGGAC	82.0	2408.3	-0.031
TACGTC	14.0	667.6	-0.031
GCAACT	67.0	1998.8	-0.031
CCCAAC	113.0	3792.0	-0.031
CCACTA	56.0	1695.4	-0.031
CAGTTC	124.0	3498.8	-0.031
GCAAAG	131.0	3689.7	-0.030
ATGACA	83.0	2439.1	-0.030
CTCGAT	23.0	833.4	-0.030
GAGTGA	156.0	5870.3	-0.030
AGACTC	117.0	3339.3	-0.030
AGAGTA	48.0	1718.7	-0.029
CAGAGG	495.0	12992.5	-0.029
ACAAAA	114.0	3384.5	-0.029
GTTGAA	65.0	2033.9	-0.029
CTGATT	94.0	2715.5	-0.029
GTCATA	33.0	1056.9	-0.029
AATCGA	8.0	422.6	-0.029
TTACAG	74.0	4696.9	-0.029
TCTAGG	111.0	3180.4	-0.029
AGATTA	39.0	1228.6	-0.028
AAAATA	107.0	3395.0	-0.028
AATCTG	85.0	2474.4	-0.028
GAGACG	105.0	3471.5	-0.028
AGCTAG	76.0	2256.1	-0.028
GCGATA	9.0	345.4	-0.027
GATATC	24.0	801.2	-0.027
ACTTCA	82.0	2422.2	-0.027
TCGCCT	77.0	2285.3	-0.027
GGGATC	131.0	4165.3	-0.027
TCCTCC	419.0	11105.9	-0.027
GCGTAG	29.0	948.7	-0.027
CCCGGT	106.0	3053.5	-0.027
CGAGAA	40.0	1271.8	-0.027
TCCCGC	167.0	4634.6	-0.026
GAGGTT	179.0	4963.8	-0.026
GCAGCC	509.0	13471.9	-0.026
ACGCCA	56.0	1710.4	-0.026
CGTATC	9.0	416.2	-0.026
CAATGA	65.0	1960.8	-0.026
GCGCCA	117.0	3356.1	-0.026
CCGGGC	355.0	10065.2	-0.026
AACATC	65.0	1961.6	-0.026
GGTTAC	50.0	1546.1	-0.025
GACGCC	88.0	2567.7	-0.025
CGACCG	22.0	848.8	-0.025
GTAGTG	89.0	2600.3	-0.025
GTGGCG	186.0	6151.9	-0.025
GTTTCC	186.0	5163.0	-0.025
CACCAA	94.0	2734.3	-0.025
ATCCCA	169.0	5413.6	-0.024
AAACCC	101.0	3541.4	-0.024
GCACTA	36.0	1421.7	-0.024
GCGATG	64.0	1939.2	-0.024
TATTCT	63.0	1912.5	-0.024
CCAAAC	75.0	2243.2	-0.024
ACTGAT	38.0	1710.1	-0.024
TAGAGA	117.0	4276.4	-0.024
TCAAGA	79.0	2368.0	-0.024
TCCGCG	77.0	2300.2	-0.024
AACCGG	31.0	1222.7	-0.023
AGGTCA	184.0	5118.6	-0.023
CTACTT	61.0	2089.9	-0.023
AATCAC	51.0	1582.3	-0.023
GATGTC	98.0	2912.5	-0.023
AGTCGA	16.0	574.9	-0.023
AGGTCT	160.0	4493.5	-0.023
GACTCG	56.0	1722.8	-0.023
ATCTGG	182.0	5069.0	-0.022
ACTTCG	28.0	931.5	-0.022
TTACCA	43.0	1360.6	-0.022
AATTAT	40.0	1276.2	-0.022
CGCGGT	81.0	2419.4	-0.022
AACACC	70.0	2116.6	-0.022
CGAGGC	178.0	4967.6	-0.021
AGCTGG	583.0	15608.6	-0.021
GTATCA	27.0	1008.9	-0.021
TCAGGT	182.0	5079.8	-0.021
CGATTG	14.0	636.2	-0.021
CATCCT	191.0	6086.0	-0.021
GATGAT	87.0	2586.6	-0.021
GCGGTG	249.0	6817.4	-0.021
GAATAC	27.0	907.0	-0.021
GCAGTG	463.0	12552.7	-0.021
AATTCT	80.0	2396.2	-0.021
CTAATT	79.0	2885.9	-0.021
GCAGAG	472.0	12992.2	-0.020
TGGGAC	305.0	8314.5	-0.020
AGCCAT	135.0	3852.4	-0.020
TCCGCA	63.0	1928.4	-0.020
CCCGAA	40.0	1503.4	-0.020
GTAGGT	77.0	2680.6	-0.020
AATCAA	26.0	1012.3	-0.020
TACTAG	20.0	703.4	-0.020
CGTAGG	31.0	1127.4	-0.020
AATTCG	10.0	392.2	-0.019
CGGGCT	211.0	5835.7	-0.019
CGGTAT	12.0	458.5	-0.019
TAATCC	77.0	2949.3	-0.019
ATATGG	32.0	3051.9	-0.019
GCCAAA	89.0	2626.5	-0.019
GTATCC	45.0	1430.4	-0.019
GCTGAC	175.0	4906.1	-0.018
ATGGCC	173.0	4852.6	-0.018
TACCAT	45.0	1432.3	-0.018
AAGGTG	226.0	6232.0	-0.018
GACAAG	100.0	2933.4	-0.018
TTGTTT	194.0	6290.5	-0.017
GACATC	77.0	2330.1	-0.017
ATCCGC	46.0	1465.1	-0.017
TGATCT	120.0	3637.5	-0.017
CCAATG	78.0	2361.3	-0.017
CTACAG	116.0	3381.5	-0.017
CGAATC	12.0	464.7	-0.017
GCTAGT	39.0	1431.4	-0.017
CAACGT	26.0	891.7	-0.017
CTGCAG	647.0	17237.9	-0.016
AGTATA	22.0	787.0	-0.016
ATACTG	42.0	1358.6	-0.016
CTCGGC	141.0	5640.8	-0.016
GGTTGC	156.0	4565.2	-0.016
ATCCAA	42.0	1360.4	-0.015
GACGCG	63.0	1953.4	-0.015
CGGGAC	145.0	4135.4	-0.015
GCCTCC	573.0	16118.7	-0.015
ATCGCC	32.0	1072.2	-0.015
GGAATT	86.0	2565.8	-0.015
TAGCAA	35.0	1298.3	-0.015
ACAATG	46.0	2007.3	-0.015
CTTCAG	207.0	5764.5	-0.015
AGGAGA	344.0	9333.1	-0.015
ACCGTT	16.0	643.8	-0.015
AGAGTT	100.0	2956.0	-0.015
CCAATC	40.0	1636.5	-0.014
GAGTTG	142.0	4087.9	-0.014
GATTAT	39.0	1279.8	-0.014
AGTCCA	93.0	3250.0	-0.014
AACGTA	2.0	319.9	-0.014
CCTCAT	164.0	4670.8	-0.014
TGGTCT	226.0	7234.5	-0.014
CAAGGC	181.0	5130.7	-0.014
GAGCTG	524.0	13974.7	-0.014
CTAGCG	20.0	877.9	-0.014
AAAAAA	335.0	9109.4	-0.014
TAACGT	10.0	410.9	-0.013
CTATTC	37.0	1341.0	-0.013
ACCGAG	59.0	1856.5	-0.013
GCCTAC	56.0	1971.8	-0.013
GTCTCG	95.0	2833.4	-0.013
TCGTGA	41.0	1345.4	-0.013
TCGCAG	64.0	1998.1	-0.013
GCCTTA	54.0	2112.1	-0.013
TCAATC	27.0	938.4	-0.013
AGCGGT	59.0	1924.4	-0.013
TAATCT	36.0	1305.0	-0.012
CTCAAC	65.0	2029.1	-0.012
CAAAGA	88.0	2644.3	-0.012
AGCCTC	347.0	10339.6	-0.012
TGATCA	65.0	2030.2	-0.012
TATAAA	50.0	1607.9	-0.012
CGATTC	30.0	1030.5	-0.012
AGGTAT	67.0	2089.9	-0.012
TATTGA	40.0	1324.3	-0.011
ACATGG	191.0	5504.8	-0.011
CACAAT	38.0	1754.8	-0.011
AGCTCC	259.0	7520.6	-0.011
GTCGAT	3.0	371.9	-0.011
TTGAGA	155.0	4458.9	-0.011
GTCGTG	59.0	2029.8	-0.010
ACGGTT	18.0	704.2	-0.010
CGACAG	49.0	1618.7	-0.010
GAAGAG	239.0	6656.1	-0.010
CCAGAC	180.0	5127.0	-0.010
GGCGAA	41.0	1361.8	-0.010
ATCATC	48.0	1562.6	-0.010
AGGTGC	232.0	8056.3	-0.010
GTCGAG	41.0	1364.5	-0.010
CAAAAA	87.0	3467.5	-0.010
TCATCG	27.0	953.1	-0.010
TACTGG	74.0	2529.2	-0.009
GGAGGT	404.0	12080.3	-0.009
GCTGAT	119.0	3505.9	-0.009
GAAAGT	89.0	2699.6	-0.009
CGTCGA	9.0	390.0	-0.009
CAATCG	10.0	425.1	-0.009
ATCACG	23.0	1106.6	-0.009
GAGGAA	268.0	7465.0	-0.009
GATCAC	74.0	2880.0	-0.009
CGGAGA	74.0	3014.3	-0.009
TGTAAT	104.0	3546.7	-0.009
CTCATC	122.0	3812.0	-0.009
CTATGG	72.0	2255.1	-0.009
CTCGAA	35.0	1198.0	-0.009
ATTAGC	35.0	2123.8	-0.009
GCTCTA	64.0	2031.0	-0.009
AGGTGG	588.0	15716.4	-0.009
GCTCAT	105.0	3666.5	-0.009
GACTCC	163.0	4706.7	-0.009
TTGTAG	84.0	2568.1	-0.008
CCGGAT	22.0	1312.1	-0.008
TCCAAG	137.0	4018.7	-0.008
AATGAT	51.0	1769.5	-0.008
ATGGAG	249.0	6970.5	-0.008
ACGTCA	34.0	1340.3	-0.008
CCGGAG	182.0	5311.3	-0.008
CTCCAC	241.0	6752.5	-0.008
AAGCTG	213.0	6025.8	-0.008
ATCACT	69.0	2395.4	-0.008
AGCGAA	25.0	908.2	-0.008
GTGACG	74.0	2324.9	-0.008
AATAGA	41.0	1386.0	-0.007
GTTCGC	25.0	1022.5	-0.007
TGAGAT	145.0	4229.7	-0.007
TGCCAT	167.0	4813.3	-0.007
AGGAGT	179.0	6206.9	-0.007
ACCTTA	35.0	1211.8	-0.007
ATCTTG	87.0	3077.8	-0.007
GTCATC	89.0	2727.7	-0.007
CCGCCG	192.0	5488.6	-0.007
TTCAAT	38.0	1302.8	-0.007
GCCATG	247.0	7187.9	-0.007
GCTAGC	44.0	1647.4	-0.007
CGACGT	16.0	635.9	-0.007
CATCAA	43.0	1449.4	-0.007
CGAGTC	47.0	1568.7	-0.006
CCGGGT	169.0	5556.4	-0.006
GATCAT	55.0	1800.1	-0.006
CGGTGA	84.0	2822.3	-0.006
GTCTAG	49.0	1777.0	-0.006
GGAATA	56.0	1834.5	-0.006
AACCGA	15.0	609.2	-0.006
GGTTAA	40.0	1386.1	-0.006
AGACGT	35.0	1253.2	-0.006
TCATCA	81.0	2548.2	-0.006
TACTCG	10.0	826.2	-0.006
GACTTC	104.0	3167.7	-0.006
TCAAAC	52.0	1722.9	-0.006
TGATTC	70.0	2554.2	-0.006
CACTAC	42.0	1433.9	-0.006
CGCCAC	80.0	3203.2	-0.006
CGGATT	15.0	830.3	-0.005
GTCGCC	81.0	2554.7	-0.005
CGCGGA	79.0	2498.5	-0.005
GGACTG	240.0	7386.2	-0.005
TCTCCG	96.0	2967.0	-0.005
AAAGTG	163.0	4770.9	-0.005
CGATGC	25.0	1159.1	-0.005
ACAAGG	112.0	3403.2	-0.005
CTGCCA	356.0	9835.1	-0.005
CTAATG	41.0	1559.1	-0.005
GGATTA	61.0	3974.2	-0.005
CTGCTA	83.0	2839.5	-0.005
TGACAT	89.0	2761.2	-0.005
AACTCG	23.0	872.5	-0.005
CTATGT	67.0	2226.2	-0.005
TCAGCT	204.0	5987.4	-0.005
AGGTGA	266.0	8456.7	-0.005
GTAAAA	41.0	1575.9	-0.004
ACCTCG	69.0	2231.9	-0.004
AGCCAG	366.0	10089.9	-0.004
GGCGTA	14.0	840.3	-0.004
TCAGCG	69.0	2234.6	-0.004
TGCGCC	124.0	4036.0	-0.004
TCCTGA	222.0	7760.6	-0.004
GTGGAA	183.0	5334.2	-0.004
GTATTC	34.0	1218.5	-0.004
GAGGTC	198.0	5918.4	-0.004
GCGGAG	246.0	7277.4	-0.004
AGAGGA	269.0	8129.5	-0.004
TATGAC	21.0	1102.3	-0.004
AATCCT	70.0	2274.9	-0.004
TCACCA	169.0	4952.3	-0.004
CCAGCC	608.0	16365.7	-0.004
CCATCT	206.0	5943.3	-0.003
TATTTT	195.0	5667.9	-0.003
CAACGA	12.0	535.8	-0.003
CAATCC	50.0	1705.9	-0.003
CACCGT	74.0	2400.4	-0.003
TATTTA	64.0	2114.6	-0.003
TGTTTC	166.0	4914.2	-0.003
ACCGAC	9.0	775.5	-0.003
GCCAAT	57.0	1914.2	-0.003
AGAGAT	140.0	4220.8	-0.003
CGGTAA	15.0	641.9	-0.003
AGCCAA	95.0	3332.0	-0.003
CTCCGG	165.0	4896.5	-0.003
CAACAT	94.0	2950.3	-0.003
GGGACT	288.0	8150.6	-0.003
CCGCAA	32.0	1178.9	-0.003
TATGGA	32.0	1824.7	-0.003
CGCCGC	191.0	6061.1	-0.003
CAGCGG	191.0	5579.7	-0.003
AAGAGT	71.0	2473.1	-0.003
GTCCTC	209.0	6060.0	-0.003
GCCTCA	273.0	8910.3	-0.003
CGCTGA	60.0	2514.5	-0.003
TCCAAT	39.0	1393.9	-0.003
CTAGCC	69.0	2272.9	-0.003
CGGCGA	56.0	1896.1	-0.003
TGACTA	32.0	1184.8	-0.003
CCTACG	24.0	937.6	-0.003
GCAACA	58.0	2754.2	-0.003
GGCCTA	88.0	2800.8	-0.003
GATTCC	85.0	2706.2	-0.003
CGCAGT	69.0	2276.1	-0.003
CTGGTC	253.0	7344.7	-0.002
GCCTAT	40.0	1598.1	-0.002
TCACCG	59.0	1988.8	-0.002
GCCACG	111.0	3609.7	-0.002
CCCGGA	101.0	4430.3	-0.002
ATTCGC	11.0	515.0	-0.002
AAGTCC	89.0	2827.4	-0.002
AAAATC	46.0	1611.2	-0.002
CCAGCA	374.0	10433.2	-0.002
GCGCAG	186.0	5489.5	-0.002
GGACTT	134.0	4103.5	-0.002
TCAAGC	57.0	2943.5	-0.002
AGCTAT	40.0	1436.4	-0.002
CGCCCA	151.0	4536.2	-0.002
TATAGG	39.0	1408.0	-0.002
GAATCC	71.0	2349.9	-0.002
AAAGAC	59.0	2001.0	-0.002
AAGTGA	134.0	4089.1	-0.002
CGTCAA	11.0	520.7	-0.002
ATGCCA	129.0	3949.8	-0.002
GCGAAC	17.0	726.9	-0.002
TACGCC	7.0	647.1	-0.002
TACCCG	21.0	990.9	-0.002
ATGGTC	91.0	2947.0	-0.002
GACAAT	32.0	1262.6	-0.002
AGAGTG	205.0	6112.0	-0.002
CAATGC	54.0	1971.0	-0.002
GAGGTG	501.0	14565.7	-0.002
GTGGAG	428.0	14375.0	-0.002
CTAGTC	30.0	1264.4	-0.002
TATGCC	48.0	1696.8	-0.002
CGACTA	6.0	343.2	-0.002
AGTTCC	107.0	3377.5	-0.002
CACCGA	38.0	1416.6	-0.002
AAGTTC	39.0	2075.4	-0.002
GCCTAA	39.0	1429.1	-0.001
CGGATC	26.0	1385.4	-0.001
ACCTCA	152.0	4782.4	-0.001
TCATCC	113.0	3553.6	-0.001
GAGAGT	139.0	4265.8	-0.001
TTGCCG	45.0	1611.5	-0.001
CAATCT	47.0	1673.1	-0.001
CTCGAG	52.0	1823.9	-0.001
ACATCA	56.0	2224.9	-0.001
CAGCTA	105.0	4080.1	-0.001
TTCCAA	80.0	2643.7	-0.001
CAGCCG	119.0	5269.4	-0.001
TGATCC	114.0	3596.8	-0.001
GGTTCC	160.0	5327.5	-0.001
TGCAGT	270.0	8341.1	-0.001
TCGAGA	37.0	1381.3	-0.001
CTACTA	40.0	1652.7	-0.001
TACAGG	125.0	5637.7	-0.001
CGAGGA	95.0	3058.5	-0.001
TTACCG	10.0	505.3	-0.001
TCCTGG	621.0	16942.6	-0.001
TCTCGA	36.0	1513.2	-0.001
TTCCAG	247.0	7193.9	-0.001
AGATAT	29.0	2474.0	-0.001
GTGTAA	51.0	1830.6	-0.001
GACGAG	35.0	1818.1	-0.001
CTCCTG	569.0	18282.5	-0.001
GGATTC	91.0	2955.1	-0.001
CCAGGT	302.0	9904.8	-0.001
TAAAAA	101.0	3410.1	-0.001
ACGTCG	8.0	626.0	-0.001
TGACCA	111.0	3540.1	-0.001
GTGAAA	97.0	3498.8	-0.001
TTTTTA	180.0	5431.7	-0.001
AATTAC	24.0	1035.8	-0.001
ACCCGA	32.0	1251.2	-0.001
TGGCGT	83.0	3392.9	-0.001
AGTGAT	106.0	3546.2	-0.001
AGGCGT	85.0	3224.9	-0.001
ACATCG	18.0	801.4	-0.001
AGCCGC	143.0	4446.8	-0.001
CCGCTA	22.0	935.1	-0.001
CGTCTC	76.0	2907.0	-0.001
CAGCCT	560.0	15807.4	-0.001
CGACCA	23.0	969.5	-0.001
TTACAA	30.0	1322.8	-0.001
CTCAGC	362.0	11046.8	-0.001
CGCAGA	74.0	2595.7	-0.001
ACCCGG	98.0	4102.4	-0.001
ACTAGC	24.0	1006.3	-0.001
TCCCGG	214.0	6738.4	-0.001
GCGAAG	35.0	1606.1	-0.001
GGAACT	108.0	3613.3	-0.001
ACGCCG	42.0	1579.9	-0.001
GCAATC	43.0	1610.2	-0.001
GAGATG	253.0	7431.7	-0.001
GAATCG	21.0	1028.2	-0.001
CTCAAG	95.0	4010.9	-0.001
TCGGCC	117.0	3762.0	-0.001
TGCCAG	300.0	9507.1	-0.001
GATCTC	106.0	3445.4	-0.001
TGTTTT	210.0	6861.3	-0.001
ACGAAG	20.0	919.8	-0.001
GAGCGA	68.0	2369.0	-0.000
TCAACG	9.0	568.2	-0.000
GGTCAA	62.0	2195.7	-0.000
CCAACA	103.0	3377.5	-0.000
TGACGT	37.0	1577.0	-0.000
TTCAGC	127.0	4159.7	-0.000
ATTCTG	80.0	3707.2	-0.000
TGGCCA	378.0	10798.6	-0.000
ACCATC	78.0	2682.5	-0.000
GACGAA	12.0	658.2	-0.000
GATATG	32.0	2757.5	-0.000
GTTACA	44.0	1667.6	-0.000
ACTCCT	114.0	5651.6	-0.000
GACGTA	7.0	433.1	-0.000
AAGTAC	23.0	1088.6	-0.000
GGAGAT	165.0	6871.9	-0.000
CCAACC	100.0	3308.4	-0.000
TCCCAA	160.0	5510.4	-0.000
GTTTCA	121.0	3893.2	-0.000
AGCGAG	90.0	3020.2	-0.000
GGACTA	62.0	2220.2	-0.000
CGCCAT	60.0	2162.3	-0.000
CAACGG	20.0	976.1	-0.000
GGCTAA	55.0	3056.0	-0.000
CTACCG	18.0	844.1	-0.000
GATCAA	25.0	1079.3	-0.000
ACTCGA	11.0	595.1	-0.000
TGTCGC	62.0	2229.7	-0.000
ACCTCC	230.0	6909.4	-0.000
GACGTC	39.0	1529.3	-0.000
CTAGCT	60.0	2172.2	-0.000
ATTTTT	246.0	7703.7	-0.000
GAAGTC	85.0	2939.9	-0.000
AAGTGC	110.0	4544.8	-0.000
CAAGTA	44.0	1692.0	-0.000
GGGATT	214.0	6494.8	-0.000
CCACCG	118.0	3834.7	-0.000
CGATGT	22.0	990.4	-0.000
CGCAAT	9.0	529.6	-0.000
CGACGC	22.0	994.4	-0.000
TGGACT	145.0	4804.1	-0.000
AACGCC	26.0	1128.5	-0.000
GCGACA	32.0	1326.0	-0.000
GTAGAG	135.0	4538.0	-0.000
ACAATC	23.0	1032.4	-0.000
CGACTT	19.0	896.2	-0.000
TTCACC	130.0	4302.5	-0.000
GTAATC	63.0	2560.5	-0.000
AACGAC	6.0	412.3	-0.000
ATCCTG	148.0	5763.3	-0.000
GTGATC	102.0	4228.3	-0.000
CGAAGC	35.0	1427.5	-0.000
CCAAAA	59.0	2171.9	-0.000
TCAGCC	311.0	9152.0	-0.000
GGACGA	32.0	1741.3	-0.000
GATGCC	138.0	4454.3	-0.000
CAGCAA	107.0	4101.3	-0.000
AACTGC	88.0	3178.7	-0.000
CAATCA	25.0	1419.4	-0.000
ATCCTC	117.0	3876.0	-0.000
CCGACA	28.0	1212.4	-0.000
GCTCAA	78.0	2759.2	-0.000
GAGATA	58.0	3033.4	-0.000
GAGATC	105.0	3532.5	-0.000
CCGGAC	64.0	2342.7	-0.000
CGATCT	28.0	1227.5	-0.000
GCGATT	25.0	1121.2	-0.000
ATCATG	75.0	2680.1	-0.000
GACCTC	155.0	5428.6	-0.000
CGGGAT	64.0	2355.3	-0.000
ACTACT	23.0	1060.7	-0.000
GACTAG	33.0	1391.8	-0.000
AGCGTC	50.0	1946.6	-0.000
AGTAGA	66.0	3164.2	-0.000
CGACAA	5.0	486.8	-0.000
GGTCTC	225.0	7838.9	-0.000
CCTCAA	83.0	3332.3	-0.000
CTCCCG	225.0	7042.5	-0.000
ACAGCG	59.0	2257.2	-0.000
GACGTT	20.0	961.8	-0.000
ATCAAG	36.0	1494.7	-0.000
AGCTGC	353.0	10358.9	-0.000
ACCGCG	38.0	1813.8	-0.000
TCCCGA	71.0	2582.6	-0.000
TTGCCA	118.0	3921.3	-0.000
AGCTAC	80.0	2856.9	-0.000
GCCGCC	273.0	8731.0	-0.000
AGTGAA	90.0	3128.7	-0.000
GCCAGG	589.0	17527.5	-0.000
ATCGGC	17.0	864.0	-0.000
ATCGAG	22.0	1039.3	-0.000
AATCTC	55.0	2171.3	-0.000
GACCAA	50.0	1946.5	-0.000
AGACTA	26.0	1179.0	-0.000
GGTCTA	33.0	1568.9	-0.000
CAATTC	39.0	1608.1	-0.000
TAGCGA	6.0	496.8	-0.000
TGCGAT	23.0	1089.5	-0.000
CGTCTA	8.0	537.2	-0.000
GGCCAG	497.0	15034.6	-0.000
ATGACC	57.0	2194.3	-0.000
CTCCGC	151.0	5036.0	-0.000
CCAACT	67.0	2505.8	-0.000
CCGCCA	104.0	3908.1	-0.000
TGCGAC	22.0	1072.8	-0.000
GCCACC	231.0	9765.1	-0.000
TCCACC	203.0	6407.9	-0.000
AGCGAC	28.0	1283.3	-0.000
CCGCGA	40.0	1678.3	-0.000
AAGCGA	33.0	1453.4	-0.000
TTTTGT	254.0	7808.1	-0.000
CCACCA	272.0	8504.4	-0.000
CGAGTA	21.0	1057.2	-0.000
CCAAGT	101.0	3680.1	-0.000
GTCTCC	232.0	7254.8	-0.000
TAGGTC	35.0	1537.7	-0.000
CTACGT	13.0	771.0	-0.000
CCACCT	301.0	9877.4	-0.000
TTTTTG	209.0	7956.0	-0.000
CTGCAA	102.0	5576.3	-0.000
CGGCTA	28.0	1318.7	-0.000
CGCCGA	34.0	1523.0	-0.000
TCCAAA	60.0	2382.1	-0.000
AACCCG	32.0	1681.1	-0.000
GAATTC	49.0	2014.9	-0.000
TTCAAG	106.0	3746.7	-0.000
GGCCAA	165.0	5458.4	-0.000
TGGAGT	240.0	9154.5	-0.000
GCGACT	23.0	1343.9	-0.000
GTTTTT	147.0	4945.4	-0.000
GAGGAT	138.0	4935.3	-0.000
GAGATT	64.0	2672.1	-0.000
GGATCA	79.0	3125.2	-0.000
CGCCTA	10.0	1001.5	-0.000
CGAGAT	28.0	1354.6	-0.000
CTACTG	66.0	2591.1	-0.000
AGGATT	74.0	2848.4	-0.000
AATCCC	94.0	4134.3	-0.000
GTTCAA	75.0	2888.7	-0.000
GCCAGC	310.0	10024.1	-0.000
TCGAAC	13.0	871.9	-0.000
CAACGC	15.0	907.3	-0.000
CACCAT	104.0	5916.0	-0.000
CACTAT	26.0	1456.8	-0.000
TCTCCA	197.0	6805.2	-0.000
TCCAAC	44.0	1943.7	-0.000
TCGAGG	56.0	2346.8	-0.000
CATCAT	55.0	2618.4	-0.000
CGGCCA	106.0	3888.9	-0.000
CCAGCT	381.0	12034.8	-0.000
AGTTCA	64.0	2625.2	-0.000
CGAGGT	72.0	2890.9	-0.000
TCCGCC	118.0	4263.0	-0.000
CGGACT	30.0	1514.1	-0.000
GTGCCA	196.0	6600.4	-0.000
GGAGTT	146.0	5825.3	-0.000
GCCAAC	71.0	2903.7	-0.000
TAGCCA	50.0	2602.0	-0.000
GTTGCC	115.0	4267.9	-0.000
GTTCCA	86.0	3565.8	-0.000
GTCTCA	139.0	5118.3	-0.000
CAAACT	35.0	2323.5	-0.000
CTGCGA	53.0	2361.8	-0.000
GCAACC	74.0	3044.1	-0.000
TGCCAC	197.0	6711.9	-0.000
ATCTCC	88.0	3985.8	-0.000
TTCCCG	73.0	3401.3	-0.000
GATTAC	21.0	3259.2	-0.000
CAAAGT	89.0	3692.2	-0.000
GAACTC	74.0	3359.5	-0.000
ATTACA	65.0	3599.9	-0.000
GCAACG	14.0	1041.0	-0.000
AGTGGA	145.0	6298.1	-0.000
CCAACG	14.0	1056.9	-0.000
GCTAAT	49.0	2688.9	-0.000
CGAAGT	9.0	877.1	-0.000
TCGAGT	10.0	925.1	-0.000
TCAAGT	53.0	2705.9	-0.000
CAACCT	84.0	3723.8	-0.000
TTTTTT	620.0	20219.7	-0.000
CTCCAA	84.0	3781.0	-0.000
ACTACA	34.0	2117.0	-0.000
AGCAAC	32.0	2144.5	-0.000
CGAACT	8.0	1060.2	-0.000
GACTAC	19.0	1734.7	-0.000
AACTCC	80.0	3979.4	-0.000
TGCAAC	41.0	2951.8	0.000
