OligoSequence	Target Occurences	Background Occurences	Enrichment(ln p, up to 2 mismatches)
AACTTA	48.0	4398.9	-26.334
CTTTTT	215.0	40332.5	-20.375
AAAAAA	187.0	34167.6	-20.342
CGCTGG	16.0	683.1	-19.430
CGTGTT	20.0	1259.5	-18.235
TCGGGT	13.0	475.7	-17.280
AACGGA	14.0	620.0	-16.490
CGGAAG	14.0	629.5	-16.307
ACCTAA	27.0	2433.1	-16.203
GAGTTA	31.0	3188.0	-16.171
CACAAT	36.0	4025.1	-16.008
CGGGTT	19.0	1309.0	-15.986
GTTAAG	30.0	3049.6	-15.812
CCAACC	22.0	1862.4	-15.209
GACTTT	53.0	7491.7	-15.127
CCACGA	12.0	490.1	-14.792
TCGTAA	12.0	494.2	-14.713
AACGTG	16.0	1001.8	-14.545
ACGTGT	16.0	1062.8	-13.824
GTAACG	10.0	343.2	-13.585
TGTGGC	32.0	3638.3	-13.550
AATGGA	38.0	4996.0	-13.423
GGCCCA	17.0	2097.5	-13.174
CACCTA	23.0	2130.3	-13.111
AGGACT	28.0	3140.0	-12.871
GCACAC	21.0	1989.1	-12.817
CTCGGG	13.0	733.4	-12.762
CAGACT	30.0	3650.2	-12.396
GGCACA	28.0	3257.1	-12.225
GTGGCC	21.0	2075.3	-12.201
CGAGTC	10.0	415.1	-12.071
GAGGAC	21.0	2104.2	-12.003
ACGAGT	10.0	420.6	-11.975
AGAAGA	47.0	7121.1	-11.932
TCACAA	31.0	3984.5	-11.847
TGCGTT	14.0	949.6	-11.815
TGCAGA	37.0	5190.4	-11.649
TGAGTT	48.0	7477.4	-11.637
ACACCT	26.0	2982.6	-11.467
TCGCTG	13.0	837.9	-11.446
TTTTTC	170.0	36596.7	-11.393
GGCCGA	12.0	729.0	-11.070
CGAGTT	2.0	703.1	-10.979
TGTTTT	167.0	36457.8	-10.971
CTTTCG	14.0	1042.8	-10.857
ACCAAC	20.0	2136.1	-10.561
ATTCCA	35.0	5017.9	-10.470
GTCGGT	8.0	289.3	-10.348
TTTTTA	190.0	42455.9	-10.309
CCTCGC	11.0	660.6	-10.195
GGGTTA	19.0	2003.8	-10.185
TGGCAC	28.0	3696.7	-10.121
GACTTA	4.0	2783.4	-10.118
GACAGC	19.0	2017.6	-10.101
CTAATG	25.0	3042.9	-10.084
TACAGC	20.0	2223.9	-10.034
GCTGAC	18.0	1837.8	-10.029
GCAGAC	13.0	1775.1	-9.912
CGGACT	3.0	374.7	-9.894
CCTTTT	81.0	15888.7	-9.836
GCCCCA	19.0	2066.8	-9.799
GAAGGC	23.0	2677.0	-9.781
GAAGTG	32.0	4491.1	-9.730
CAACTT	34.0	4980.9	-9.717
ATGCAC	20.0	2292.3	-9.639
TCCTCG	11.0	708.2	-9.626
CACGAG	10.0	571.0	-9.616
CCCGAG	7.0	1275.5	-9.575
TTCGTA	11.0	717.6	-9.522
AAATCT	43.0	7116.0	-9.506
ATTACC	21.0	2538.8	-9.422
TTGGAC	23.0	2763.1	-9.349
AGTAAT	32.0	4601.5	-9.321
CAAAGC	25.0	3208.4	-9.305
TGGCCC	20.0	2376.3	-9.184
CAAAAC	32.0	4644.4	-9.168
ACAATC	22.0	2807.9	-9.137
ACCACG	14.0	1241.4	-9.107
TAACGG	8.0	355.8	-9.070
CGTAAC	8.0	357.5	-9.036
GGAAGT	28.0	3969.8	-8.999
TTTCGT	17.0	1810.8	-8.991
TATTAC	27.0	3747.5	-8.951
GTGCAG	44.0	7596.0	-8.946
GCCTGT	29.0	4221.2	-8.945
GTAATT	36.0	5730.3	-8.902
GCGTTA	1.0	395.6	-8.859
AAAACG	14.0	1275.6	-8.849
TCAACT	27.0	3774.0	-8.842
AAGATT	40.0	6661.0	-8.506
AGTGAC	23.0	2948.2	-8.486
TATAGT	29.0	4354.7	-8.462
TTTGGA	56.0	10442.8	-8.431
GTTAGA	21.0	2749.9	-8.391
GCCCGA	2.0	381.8	-8.388
AGTGCA	46.0	8097.8	-8.385
GTCCCG	2.0	473.2	-8.344
TGGAGA	36.0	5920.9	-8.330
GCGGAC	1.0	223.1	-8.324
CTGAGT	31.0	4897.1	-8.304
GAACGG	8.0	406.8	-8.272
GCATTG	23.0	3013.4	-8.204
ATGAGA	32.0	4958.0	-8.109
AAGAGT	30.0	4706.3	-8.106
TTTTTT	1249.0	226027.4	-8.100
TGACAA	27.0	3987.3	-8.042
CTTATC	22.0	3052.1	-8.036
GCACAA	13.0	2795.3	-7.910
GGACTT	25.0	3555.5	-7.874
GATGAG	25.0	3560.2	-7.854
ACGGAA	10.0	725.2	-7.850
GCCCAA	9.0	2089.5	-7.845
ATGGAC	2.0	2124.9	-7.845
GGGTGC	15.0	1615.0	-7.817
TAAGTG	27.0	4062.0	-7.777
GGACTA	18.0	2237.8	-7.755
GATCAG	18.0	2238.3	-7.750
TAAATC	27.0	4077.0	-7.722
CAGAAG	33.0	5350.9	-7.695
TAGAAG	28.0	4333.9	-7.691
GGGGGT	16.0	1842.0	-7.650
TAAGCG	1.0	381.9	-7.629
TTTTTG	177.0	42032.0	-7.627
ACCTTA	12.0	2753.8	-7.500
TACCAA	20.0	2733.4	-7.477
AAACTT	44.0	8211.1	-7.442
AAACGT	13.0	1299.4	-7.394
TAACTG	25.0	3707.3	-7.317
AGTTAG	21.0	3004.5	-7.297
AGCGAA	1.0	568.5	-7.269
GTGACA	22.0	3259.6	-7.211
CAAACC	3.0	2440.4	-7.207
CGAAGC	2.0	409.9	-7.060
ATCACA	26.0	4030.6	-7.052
AAGGCC	17.0	2173.9	-7.034
TGAAGA	11.0	6836.0	-7.003
AGCTTA	17.0	3238.1	-6.968
TCCCGG	14.0	1563.4	-6.964
AATGTG	33.0	5611.3	-6.959
TTAAGA	38.0	7003.6	-6.920
GTGAAC	18.0	2427.4	-6.873
ATGAGT	23.0	3930.8	-6.860
GCAAGC	16.0	1997.6	-6.851
ATCTGA	7.0	4175.1	-6.845
AAACCT	12.0	4380.3	-6.833
GCAGAA	24.0	4873.5	-6.796
AGGTCT	22.0	3373.0	-6.794
CCCAAC	9.0	2038.8	-6.762
ATTTGG	42.0	7936.0	-6.760
GAATCC	17.0	2234.7	-6.754
AACTTG	18.0	4767.2	-6.720
TGGCCG	9.0	686.7	-6.719
CGTGGC	2.0	630.6	-6.716
GGTTCT	22.0	3396.8	-6.712
CCAAGC	8.0	2343.4	-6.680
CCAACT	20.0	2934.6	-6.669
ACAGAC	20.0	2936.7	-6.661
TTAAGG	26.0	4154.4	-6.653
CGACTT	3.0	593.8	-6.653
GAAGCG	2.0	618.3	-6.649
AGTCCA	10.0	2505.2	-6.617
ACGTAA	2.0	718.0	-6.574
GTTTTT	130.0	30941.4	-6.564
CCCGGG	14.0	1648.7	-6.501
AAGCGC	7.0	405.1	-6.489
TTTGAA	67.0	14474.6	-6.484
GATTCC	18.0	2524.3	-6.465
AAGCAA	35.0	6358.6	-6.452
CCGAAG	4.0	582.6	-6.425
TTTAAG	53.0	10870.6	-6.403
TGTATG	29.0	5040.9	-6.341
GAAATC	25.0	4004.2	-6.338
TGGCGC	3.0	1443.4	-6.306
AACCTA	10.0	2338.4	-6.302
CGTAAT	3.0	549.8	-6.282
CAACGT	1.0	656.6	-6.245
AAAACC	28.0	4811.3	-6.244
GCAATC	5.0	2810.3	-6.232
CGCGAG	1.0	204.8	-6.215
CGTTTT	9.0	2835.2	-6.211
ATCTTT	59.0	12624.0	-6.200
AGCTGA	24.0	3797.0	-6.197
GCATAC	11.0	1309.1	-6.194
AGACTT	23.0	5608.3	-6.188
TTAGAA	40.0	7622.5	-6.182
TCAGAA	34.0	6198.9	-6.168
TCTCGG	17.0	2371.2	-6.165
ACACCC	15.0	1935.8	-6.132
CAAGAG	23.0	3570.1	-6.128
TGGACA	14.0	3481.8	-6.107
TTCAAC	25.0	4083.1	-6.099
AACCTC	32.0	5688.1	-6.062
ACTTCA	27.0	4616.3	-6.055
TAGTTC	22.0	3600.7	-6.030
CTCGCT	15.0	1960.7	-6.015
ACATGC	18.0	2645.4	-5.990
ATTCAA	31.0	5719.2	-5.989
GAACTT	23.0	4900.9	-5.983
AAGCGA	10.0	1578.7	-5.976
AGCGCA	2.0	447.9	-5.966
CAGAAT	20.0	5811.7	-5.963
GTTTTG	70.0	15608.0	-5.876
GTGTGG	22.0	3654.0	-5.866
GCTCAT	19.0	2918.2	-5.859
CGAGGA	8.0	620.6	-5.842
AATCTT	39.0	7497.5	-5.835
TCCTGG	35.0	6630.8	-5.830
GCAAAC	9.0	2555.5	-5.805
GGCCTA	13.0	1577.9	-5.803
TTATCT	41.0	8112.5	-5.792
GTGGAC	4.0	1680.7	-5.787
ACTTTT	74.0	16770.4	-5.774
AACTCA	7.0	3961.4	-5.734
CCAAAC	12.0	2797.8	-5.715
CAACCT	30.0	5558.0	-5.711
ACAATT	30.0	5558.1	-5.711
CGCAGA	6.0	539.6	-5.701
ACGGGT	2.0	377.0	-5.695
GAAGAA	39.0	7566.1	-5.695
CAAGAT	22.0	3711.9	-5.687
AGTGGA	8.0	3745.7	-5.668
AATATA	37.0	7288.0	-5.661
GTGTAC	14.0	1821.6	-5.659
GGACGT	1.0	498.0	-5.651
GACAAT	18.0	2740.2	-5.645
TGGTTC	22.0	3726.8	-5.643
GGTGCT	16.0	2284.7	-5.597
TGCACA	23.0	3746.5	-5.584
TTGGAG	31.0	5901.6	-5.561
TCGCAA	1.0	325.3	-5.560
CCTGGA	24.0	4022.9	-5.531
GAGGGC	5.0	1910.7	-5.517
GGCGCA	4.0	789.3	-5.508
GCGAGC	6.0	344.1	-5.503
CCCAAT	13.0	2355.6	-5.478
GAGAAT	28.0	5112.4	-5.462
GGGAAG	25.0	4312.9	-5.451
TTACCA	23.0	3798.9	-5.434
ACCCAA	10.0	2686.9	-5.416
GTGCAC	1.0	1890.0	-5.415
TTTTCA	88.0	20897.0	-5.406
TAGCTT	27.0	4864.9	-5.405
TTGTCC	22.0	3817.0	-5.380
ACAACA	22.0	3819.2	-5.374
GACAAC	8.0	1546.8	-5.364
TACTTG	22.0	3825.7	-5.356
AGGCCC	2.0	1645.6	-5.352
TTGGAA	31.0	7618.9	-5.349
ACTCAG	21.0	3575.0	-5.340
ACTTAT	25.0	4360.7	-5.325
ATTGTG	32.0	6009.2	-5.320
ACTTCC	24.0	4102.9	-5.309
ATTTTT	194.0	50097.9	-5.301
AAGTGA	34.0	6591.4	-5.298
CTTGTC	22.0	3848.3	-5.290
AGCAAG	21.0	3600.8	-5.263
GAAGCA	23.0	3858.6	-5.261
TAATGG	21.0	3607.5	-5.245
AAAGCG	8.0	694.7	-5.241
TAGACT	18.0	2862.8	-5.225
CTTGAC	19.0	3112.3	-5.213
AACTGA	25.0	4405.1	-5.206
GAGTAA	18.0	2873.4	-5.188
TACACG	7.0	533.9	-5.148
GAAAGC	13.0	3566.9	-5.138
GGCTTT	33.0	6385.9	-5.128
TTTTGT	139.0	35092.2	-5.120
ATGGAA	30.0	5822.3	-5.109
CCATGG	17.0	2661.4	-5.084
TTGCGT	9.0	905.7	-5.058
ATAAGT	21.0	3673.3	-5.057
CCTTAT	22.0	3937.9	-5.045
CTTATA	23.0	3937.9	-5.045
AGAGTT	33.0	6436.1	-5.024
CTGATC	16.0	2439.6	-5.021
GAGTTT	37.0	9367.1	-5.012
GAATTT	52.0	11449.4	-4.961
CACACC	18.0	2944.9	-4.961
GAGTGG	18.0	2945.9	-4.958
ATCTGT	29.0	5622.2	-4.930
CTCAGA	24.0	4246.5	-4.929
GAAGTA	15.0	3503.7	-4.913
GACTAT	13.0	2268.1	-4.908
AAGACT	4.0	4256.0	-4.886
AAGGAC	17.0	2722.3	-4.882
CACTCA	19.0	3222.9	-4.880
ACGGAC	4.0	319.0	-4.879
ACGATA	6.0	402.0	-4.871
GCTTTT	61.0	13902.7	-4.869
ATCCTC	21.0	3745.6	-4.858
AGTGTG	24.0	4277.8	-4.852
GGCCAA	16.0	2491.5	-4.839
AGAAGT	21.0	5893.0	-4.839
TTGACA	26.0	4827.2	-4.837
GGAAGC	18.0	2991.8	-4.817
ACAACT	8.0	3006.6	-4.812
ACCTCA	14.0	4451.5	-4.810
CAACAC	15.0	2261.7	-4.806
TTCGAA	4.0	749.0	-4.806
TCGAAG	3.0	522.6	-4.790
GCTTAT	17.0	3638.6	-4.786
ATCTTG	31.0	6268.8	-4.779
CTGTGG	26.0	4854.7	-4.773
AGGCCT	16.0	3008.5	-4.769
GACCTT	19.0	3261.8	-4.767
ATCGTA	1.0	455.5	-4.766
GGAGCG	7.0	580.5	-4.762
GACTAG	12.0	1585.3	-4.758
AGTCGG	6.0	417.8	-4.723
ACGCCT	1.0	1097.1	-4.722
AGATCA	20.0	3535.3	-4.719
CTTCAC	21.0	3799.6	-4.715
ACAACC	1.0	1911.2	-4.709
CCCCAT	18.0	3029.4	-4.701
CTTGGA	11.0	4250.0	-4.684
CACGGG	2.0	461.4	-4.667
GGAGAA	28.0	5461.5	-4.667
TCACGA	3.0	633.7	-4.664
CAGCAT	23.0	4087.4	-4.657
ATGTGA	26.0	4909.2	-4.649
ATTGGA	21.0	3827.2	-4.641
TTCAGA	13.0	7445.7	-4.632
TACTTC	21.0	3832.3	-4.627
CATGCA	19.0	3312.8	-4.622
GTGCGG	3.0	537.1	-4.617
ACGGTG	8.0	784.8	-4.607
ACTTAG	10.0	3181.5	-4.604
CCGGGG	3.0	560.9	-4.602
GATTGG	16.0	2565.1	-4.597
AGGGAA	26.0	4935.2	-4.590
TGAGGA	26.0	4937.5	-4.585
CCCTTC	23.0	4126.8	-4.560
TTATGA	7.0	5765.0	-4.557
GTAACT	11.0	2998.8	-4.539
AGAGAA	37.0	7899.0	-4.526
AGCAGA	7.0	4390.6	-4.506
AGAAGC	22.0	4150.6	-4.501
AATCAC	19.0	3355.6	-4.501
TGCCTG	30.0	6124.0	-4.487
GTGTTT	48.0	10791.7	-4.485
AGCAAA	28.0	5548.9	-4.485
AAGCTC	10.0	3296.9	-4.483
ACTGTG	26.0	4985.2	-4.479
AAGGTC	15.0	2359.1	-4.469
CTTTGA	39.0	8243.3	-4.466
AACGGT	6.0	445.6	-4.463
TGAGAA	11.0	7694.5	-4.462
CACACT	4.0	3254.5	-4.452
GAGGCC	9.0	2622.0	-4.436
ATAGAC	14.0	2130.3	-4.430
ACAGCT	19.0	3383.5	-4.427
AGTATT	33.0	6751.9	-4.418
TTGGCC	23.0	4969.0	-4.416
ATCCCA	14.0	4277.3	-4.412
GAAGCC	12.0	2880.4	-4.409
AAGGCT	20.0	3653.9	-4.408
TGCGCA	6.0	452.1	-4.401
TTTTGA	100.0	25285.4	-4.388
ATGAAC	19.0	3412.9	-4.349
GGAAGG	24.0	4493.8	-4.338
ACGATC	1.0	893.2	-4.326
AATTTG	46.0	10248.7	-4.325
GTAATC	17.0	2905.5	-4.323
ACAGCA	21.0	3956.8	-4.317
GCACAG	17.0	2909.9	-4.311
TGGATA	24.0	4517.1	-4.283
CGGTGG	6.0	922.9	-4.273
CTCCCG	15.0	2421.6	-4.268
CGGGTC	3.0	346.0	-4.268
CAGTCG	6.0	468.2	-4.265
TCACTC	28.0	5661.9	-4.258
CAGCTG	21.0	3986.6	-4.246
TTAATG	33.0	6847.2	-4.246
GCTCAC	21.0	6669.7	-4.245
TTCGGA	3.0	687.1	-4.243
TTGTTT	133.0	34838.0	-4.226
AAGTAA	27.0	5391.3	-4.224
TCCCGA	6.0	1363.2	-4.219
CGAGCA	6.0	474.2	-4.215
ATAGTA	19.0	3468.1	-4.202
GTGGCA	24.0	4555.0	-4.201
AACGTA	1.0	640.2	-4.200
GGCTCA	33.0	7057.3	-4.199
AGCACA	7.0	3324.8	-4.187
TATTCC	24.0	4561.6	-4.187
GAAGCT	16.0	3953.3	-4.175
ACCGTG	1.0	958.7	-4.172
TATCGT	1.0	625.0	-4.157
ACTGCG	2.0	727.8	-4.156
CACTTC	20.0	3754.4	-4.153
GCACAT	7.0	3040.1	-4.146
ACGGCA	2.0	481.8	-4.142
CCTACC	6.0	1728.7	-4.140
CTTGGC	27.0	5437.2	-4.132
TAAGAT	24.0	4586.8	-4.131
AATGCA	16.0	4807.5	-4.131
AGTTCG	2.0	572.5	-4.126
CCTAAA	19.0	3499.5	-4.124
TGAACT	27.0	5445.5	-4.115
TAGCTG	12.0	5423.5	-4.111
GACCTA	7.0	1371.7	-4.108
CCCACG	2.0	671.6	-4.100
CAAGCT	19.0	3510.2	-4.096
ACACAT	22.0	4326.4	-4.093
GAAGGT	17.0	2989.6	-4.086
GTTCAG	11.0	3650.6	-4.083
CTTAAC	5.0	2961.5	-4.081
AAGCTT	23.0	5129.6	-4.068
TCTCGC	4.0	1896.8	-4.060
AATTGA	27.0	5474.6	-4.059
CAATCT	23.0	4350.7	-4.040
GAAGAC	3.0	2989.8	-4.034
CCTAAT	17.0	3009.5	-4.030
CTTAGA	17.0	3857.2	-4.013
GATCGG	1.0	296.3	-4.008
AGCAGT	23.0	4368.9	-4.000
AAATCG	3.0	755.5	-3.998
AGTTTG	37.0	8232.7	-3.990
TTCACG	2.0	1202.3	-3.989
ATACTC	13.0	2022.1	-3.976
AGCTCA	23.0	4721.8	-3.974
ACCGAA	2.0	435.5	-3.950
TCTTTA	50.0	11871.4	-3.947
CACAGC	3.0	3194.5	-3.937
CGTATT	4.0	921.6	-3.936
ATTGCA	17.0	4941.4	-3.935
ATATAG	19.0	3581.0	-3.923
CCGTGG	4.0	708.4	-3.922
TTTCAG	49.0	11554.5	-3.917
AGCGTG	2.0	700.3	-3.913
TGAATC	20.0	3858.9	-3.907
TTTTCC	74.0	18466.8	-3.902
CTTGCA	19.0	3593.8	-3.893
GTTAAC	14.0	2294.5	-3.890
TTTATC	41.0	9258.3	-3.887
TTGGCA	24.0	4709.4	-3.871
GACCAA	7.0	2064.5	-3.855
CCCAGA	7.0	3933.2	-3.851
AGGCTA	15.0	2563.1	-3.841
GGCCTT	12.0	3282.7	-3.836
AGGAGT	11.0	4118.6	-3.816
AGTTCA	20.0	5102.6	-3.804
TTAAAT	54.0	13032.5	-3.802
ACTAGC	10.0	1363.2	-3.802
CACGAT	5.0	1101.1	-3.801
ACTTAA	25.0	5031.8	-3.799
CCCGTG	3.0	559.5	-3.790
TTCTGA	37.0	8368.3	-3.787
CAGCTT	8.0	5599.4	-3.785
TTGCAG	22.0	5414.2	-3.783
CACAAC	4.0	2211.0	-3.779
ATTCCT	30.0	6527.1	-3.760
AGCGAG	7.0	728.7	-3.758
AGAATT	38.0	8707.1	-3.756
GAAGGG	5.0	3578.3	-3.749
TGTAGC	16.0	2862.3	-3.728
CAAGCG	9.0	1442.1	-3.727
GCAACC	21.0	4219.3	-3.721
ATATGA	23.0	4504.7	-3.714
GTCCTA	11.0	1618.0	-3.713
AATCCT	22.0	4505.8	-3.712
TGGCAG	8.0	3963.6	-3.707
GCTCCT	17.0	3135.3	-3.702
TGGAAG	26.0	5373.5	-3.699
CCCGGA	2.0	592.3	-3.688
TAGACG	1.0	350.8	-3.687
CATGAG	20.0	3956.7	-3.687
GGCCCT	2.0	1935.2	-3.686
AGATTG	21.0	4238.2	-3.681
CTGACT	15.0	4022.9	-3.676
CAACCA	14.0	2367.9	-3.671
GTATTA	19.0	3696.2	-3.654
TTAGAC	16.0	2891.7	-3.652
CATCAC	16.0	2891.1	-3.652
CCAAGA	18.0	3425.4	-3.649
GGAACT	4.0	3163.1	-3.648
AGTTGG	19.0	3720.6	-3.647
ACTTGT	23.0	4537.0	-3.647
CTTTTG	58.0	14242.5	-3.644
TAATTG	26.0	5404.6	-3.644
TATCAG	20.0	3977.6	-3.641
TTGTCG	7.0	749.4	-3.637
AGGCTT	21.0	4259.8	-3.637
TCCCAA	29.0	6306.8	-3.626
AATCTA	19.0	3713.3	-3.616
CAAACT	19.0	4977.7	-3.602
CGTGCA	1.0	763.4	-3.601
TTGAAG	27.0	7104.2	-3.597
AGTGCG	3.0	494.9	-3.597
CAGTAA	6.0	3698.1	-3.594
GTCGCT	2.0	448.3	-3.591
CAGCAA	20.0	4003.8	-3.587
ACGCAA	2.0	397.5	-3.580
GCGTTT	9.0	1194.9	-3.568
AGTGAA	19.0	5472.2	-3.563
TTAGTT	37.0	8526.1	-3.561
TCCAGA	23.0	4587.0	-3.548
CTTATG	9.0	3297.2	-3.548
GCGCAG	5.0	626.3	-3.547
GCCTTT	28.0	6856.5	-3.542
GTCAAC	6.0	1500.8	-3.537
AGTGGC	23.0	5947.6	-3.528
TGGCAA	19.0	3755.7	-3.521
GTGAGT	18.0	3483.0	-3.516
CGAAAC	1.0	475.2	-3.512
AAGTGC	23.0	4605.2	-3.511
GGGTTC	19.0	3762.2	-3.508
TGAAGG	22.0	4607.8	-3.506
AATTGG	7.0	4017.0	-3.506
TCGGTT	7.0	775.6	-3.494
CACAGA	22.0	4618.5	-3.486
CCTAAG	4.0	2396.4	-3.480
AATTAC	22.0	4623.6	-3.476
GAGTTG	18.0	3502.0	-3.474
GCCCTA	2.0	1304.6	-3.473
TTTGTT	131.0	35530.0	-3.471
GACGAT	3.0	388.3	-3.469
CACAAG	10.0	2545.6	-3.465
CTCAAC	14.0	2443.0	-3.461
CATCTT	32.0	7023.8	-3.457
AGTTAC	16.0	2969.7	-3.455
CGCAAC	2.0	373.9	-3.453
AGCTAA	8.0	3360.4	-3.448
CGTTGC	6.0	582.5	-3.446
CGAACG	3.0	93.5	-3.446
TCAAGA	23.0	4643.1	-3.439
CCTGGC	13.0	5045.7	-3.438
GACTTG	12.0	3327.4	-3.432
GGGGTG	14.0	2453.6	-3.430
CTTCTG	31.0	7045.6	-3.423
CAATTT	42.0	9937.0	-3.422
AAGATC	16.0	2987.8	-3.412
CAATCC	13.0	2204.2	-3.410
TCCGCC	12.0	1952.1	-3.410
GGACCT	11.0	1706.2	-3.408
TTAACT	28.0	6138.7	-3.406
GAGTCC	8.0	1749.5	-3.404
TTGCGC	5.0	401.1	-3.397
CGGTTG	5.0	401.8	-3.397
CAGCTC	21.0	4380.0	-3.395
AGAATC	11.0	3853.2	-3.380
CCGACC	1.0	395.8	-3.379
GCTTAG	14.0	2474.5	-3.374
TGAACG	6.0	594.7	-3.372
TGCAGC	18.0	3851.1	-3.369
ATGCGA	1.0	393.0	-3.359
AGAAAA	45.0	13686.8	-3.356
GGACAA	8.0	2413.4	-3.355
ACTCCC	4.0	2200.1	-3.353
GGATAT	19.0	3835.8	-3.351
GTAAGT	4.0	3366.0	-3.345
TCAACA	19.0	3838.8	-3.344
GCAGTG	30.0	8470.3	-3.343
TACACC	10.0	1485.9	-3.341
CAGTGA	26.0	5576.4	-3.340
ATCTTA	23.0	4696.0	-3.339
TTGTGA	32.0	7103.0	-3.338
GGCCCC	10.0	1486.0	-3.337
AAAGCT	17.0	4929.1	-3.336
CGGGGG	6.0	600.4	-3.336
TTTTCG	6.0	1754.8	-3.332
CTCACT	42.0	10010.1	-3.331
CGAATC	1.0	403.0	-3.330
GGTCCT	3.0	1929.9	-3.313
TAGCTC	15.0	2762.1	-3.308
CGGTAA	5.0	413.4	-3.306
TAATGT	27.0	5902.1	-3.298
GTTACT	18.0	3584.5	-3.294
GGCCAT	13.0	2245.9	-3.293
ACTTAC	7.0	2896.2	-3.287
GGTTTT	37.0	13870.8	-3.283
TGAGTG	17.0	4094.5	-3.281
ACCAAG	11.0	2580.2	-3.277
CTGGTT	23.0	4730.1	-3.276
TGAAGC	11.0	3767.5	-3.268
ATCGCA	3.0	467.0	-3.265
GAATCT	16.0	4286.1	-3.262
CGCAAT	2.0	637.7	-3.260
ATAAGA	7.0	4243.9	-3.247
GGTCTC	19.0	3886.2	-3.247
TGACCC	12.0	2006.5	-3.246
ACCTGT	1.0	3387.2	-3.245
TGGATC	10.0	2633.9	-3.243
AAGATG	24.0	5041.3	-3.242
CCAGGG	11.0	2723.0	-3.237
AACCTT	6.0	4252.4	-3.237
GTGGGC	12.0	2010.7	-3.234
TTTGAC	20.0	5962.7	-3.220
ATGAAT	29.0	6565.8	-3.214
AACCAC	14.0	2538.0	-3.209
TATGAG	15.0	3128.8	-3.204
TGGGTT	29.0	7099.2	-3.201
AACTTC	15.0	4619.9	-3.188
ACTTGG	8.0	3854.0	-3.186
GGTCCG	4.0	253.8	-3.185
TCCACG	6.0	626.5	-3.184
ATCTAA	17.0	3359.3	-3.182
CCCCGG	1.0	562.3	-3.180
GTGGGG	16.0	3085.5	-3.179
CTCATC	16.0	3086.9	-3.177
GTTAGT	15.0	2824.3	-3.159
GACTGT	10.0	2971.9	-3.150
CCACGG	4.0	619.7	-3.147
CCCAAG	17.0	3688.0	-3.146
AGCTCC	16.0	3102.5	-3.142
AAATCC	19.0	3939.7	-3.139
GACATG	15.0	2833.3	-3.137
CCCATG	14.0	2569.5	-3.128
CGAACT	2.0	852.5	-3.126
GGGCCC	8.0	1325.6	-3.125
CCCGAT	2.0	342.5	-3.111
CCGGTA	4.0	261.4	-3.108
CTTGTT	23.0	8615.4	-3.102
TGTTAG	21.0	4534.3	-3.102
GTGAAG	19.0	3959.8	-3.100
CATGGC	14.0	2582.5	-3.095
GACATC	11.0	2058.4	-3.095
AGGAAT	15.0	5403.8	-3.089
GTGGCG	4.0	1717.9	-3.087
ATTGAC	15.0	2855.9	-3.085
TTGACG	3.0	668.3	-3.082
TGGAAC	8.0	2999.9	-3.082
TTTTAA	117.0	32210.5	-3.075
CCCTGG	6.0	3199.7	-3.073
TTTGAG	66.0	17079.5	-3.070
CTGTTT	18.0	12931.5	-3.067
CCGGGT	5.0	1294.5	-3.056
CCAAAT	23.0	4856.6	-3.051
GACTCC	6.0	2101.5	-3.050
ATCAGT	16.0	4160.2	-3.048
GAGTGA	6.0	3904.5	-3.040
TCCCGC	4.0	655.0	-3.038
GGAGTT	11.0	5314.7	-3.036
GAAACC	6.0	3061.2	-3.034
GTGACT	14.0	3415.6	-3.028
TCTCCC	25.0	5470.3	-3.021
CTTATT	29.0	8665.5	-3.014
GATTTT	64.0	16763.5	-3.012
ATTGTA	25.0	5478.1	-3.009
TGCCCG	5.0	1019.6	-3.007
ATCGTG	4.0	689.1	-2.990
GCATCC	12.0	2099.9	-2.986
GCGTAA	1.0	326.4	-2.980
GAGTAT	13.0	2636.4	-2.979
GACGTT	1.0	794.4	-2.975
GCCGAA	4.0	430.4	-2.975
AATCCA	18.0	4125.1	-2.973
GACCCA	11.0	1846.5	-2.973
CGCAAA	5.0	462.1	-2.966
CAGACG	1.0	665.0	-2.965
TCGGAA	4.0	584.2	-2.961
GCAGTT	20.0	4324.2	-2.957
ACGAAT	6.0	668.7	-2.956
TCCCCC	15.0	2914.9	-2.950
CGAGCG	1.0	173.3	-2.950
TGGGTC	12.0	2326.4	-2.947
TAGATC	11.0	2468.1	-2.946
CTAAGA	16.0	3192.1	-2.946
CTGGGT	24.0	5218.0	-2.945
GGCACG	4.0	1257.4	-2.941
TGCCCC	12.0	2118.2	-2.933
TGACTT	28.0	7204.9	-2.927
CAACAT	13.0	4155.6	-2.923
AGCATA	15.0	2927.4	-2.920
TTCCAG	29.0	6769.5	-2.918
GAAGAT	18.0	4326.7	-2.918
TAAGGG	12.0	2125.9	-2.917
AAAAAC	21.0	8067.3	-2.914
GATACT	13.0	2390.3	-2.912
GCAGAT	16.0	3208.0	-2.911
GATCTT	25.0	5669.9	-2.910
GAACGT	6.0	677.4	-2.909
AGAGTA	10.0	3299.1	-2.904
CATTGT	27.0	6157.7	-2.903
AGTGGG	16.0	3217.6	-2.902
GCACGA	4.0	952.5	-2.898
AGCCTA	3.0	2388.9	-2.896
CAAGTG	13.0	4516.2	-2.893
CCCAAA	23.0	5994.0	-2.890
CTGTAT	23.0	4954.0	-2.886
CTAACG	1.0	425.6	-2.881
CTTAAT	25.0	5560.5	-2.879
ATGGGT	15.0	2946.5	-2.879
CTTGCG	5.0	476.1	-2.878
TTGACC	4.0	2946.7	-2.875
GCAAAT	20.0	4372.3	-2.871
CGTAAG	3.0	466.3	-2.868
ACAAAA	25.0	9006.7	-2.865
TGGGAC	10.0	3230.0	-2.864
CGAGTA	1.0	952.7	-2.859
GCTGAG	13.0	4309.0	-2.858
GCCAAC	10.0	1658.0	-2.849
GCATAG	2.0	1917.1	-2.848
AAGTCC	14.0	2687.5	-2.847
CATAAG	13.0	2417.7	-2.846
GTCCCT	13.0	2417.8	-2.846
CGGCCT	3.0	1527.4	-2.840
AGCAAC	2.0	2519.7	-2.840
CCGAGT	3.0	1190.3	-2.840
CTGCGT	6.0	692.3	-2.839
CAGAGT	16.0	6291.8	-2.822
CGAAGA	4.0	614.4	-2.822
TTTTAT	119.0	33159.2	-2.819
CGCATA	4.0	350.8	-2.817
TATTGT	32.0	7480.3	-2.815
ACTGGA	16.0	3650.5	-2.815
GAGTAC	2.0	1689.5	-2.810
TGGACG	1.0	547.1	-2.810
CAACCG	2.0	325.9	-2.803
AACGGG	1.0	437.3	-2.800
TTACTT	40.0	9798.6	-2.798
GCAACT	9.0	2441.1	-2.798
AGTCCC	12.0	2171.1	-2.797
ATGGGA	12.0	3936.7	-2.796
ATGTTT	50.0	12933.6	-2.795
AGAATA	25.0	5616.4	-2.794
TGGACT	11.0	3379.5	-2.793
GTCAAG	3.0	2157.2	-2.792
TCCCCG	1.0	710.6	-2.788
CACCCA	10.0	5131.8	-2.787
ATTCGA	1.0	611.2	-2.773
TTATTC	34.0	8163.3	-2.770
TTCGAG	2.0	849.2	-2.764
TTTGGC	15.0	6707.2	-2.760
GAATTG	13.0	4511.6	-2.756
TTGTAA	32.0	7526.7	-2.756
AACGTC	1.0	503.9	-2.756
TCGTGT	7.0	935.3	-2.754
CAAATC	7.0	3440.5	-2.751
GAGTGC	29.0	6893.8	-2.750
CATTCC	18.0	3861.5	-2.745
GAGCAA	8.0	3136.3	-2.745
CAAGAC	8.0	2733.6	-2.735
GAAAAA	44.0	11232.6	-2.732
GCGAGG	5.0	502.4	-2.723
TTCAAG	34.0	8206.7	-2.718
GGACTC	1.0	1823.8	-2.717
TGGCTC	24.0	5376.8	-2.697
GTCTCG	13.0	2482.7	-2.693
ACGATT	2.0	770.7	-2.692
GATAGA	14.0	2757.7	-2.690
CACAGG	15.0	3035.4	-2.690
GGAGTA	13.0	2484.3	-2.688
GAATAA	22.0	5079.1	-2.686
TGAGTC	12.0	3040.4	-2.686
GGAACG	5.0	509.9	-2.683
TGCAAC	23.0	5090.6	-2.670
ACAGCG	1.0	588.1	-2.668
GTAGCT	21.0	4793.5	-2.662
TCCAAC	12.0	2531.0	-2.661
TGGAAA	33.0	7928.7	-2.660
AGTTAA	22.0	5097.7	-2.658
GAATAC	13.0	2500.6	-2.653
AAGCAC	6.0	2780.0	-2.653
GATATG	14.0	2775.4	-2.652
GCCTAA	6.0	2015.0	-2.650
TTGCAC	11.0	3190.9	-2.645
CGTGGG	2.0	768.6	-2.641
TTGTTC	18.0	7388.1	-2.639
CTCCCT	24.0	5417.9	-2.635
AAACGG	5.0	780.0	-2.631
TTTCGA	2.0	941.3	-2.630
TAGCAT	17.0	3639.7	-2.622
CATGGA	17.0	3651.3	-2.601
CATGCG	1.0	522.1	-2.600
CGTGAG	9.0	1468.5	-2.592
ACCTCT	20.0	4539.0	-2.591
TGGCCA	21.0	4839.4	-2.590
TGATCC	17.0	3664.4	-2.577
GGTTGG	14.0	2811.2	-2.576
AACCCC	2.0	2127.7	-2.572
AAGAAG	28.0	6716.6	-2.566
AGGGCT	7.0	2775.7	-2.560
TGCATG	18.0	3973.9	-2.547
TATGAA	25.0	5788.1	-2.545
TAGTCC	8.0	1860.8	-2.544
TAATCC	6.0	3863.7	-2.540
TTGGCG	2.0	642.5	-2.534
GAGCTT	8.0	3609.9	-2.530
CCAGAG	17.0	3690.2	-2.530
GAGTTC	7.0	3891.3	-2.529
AACTGG	16.0	3404.4	-2.526
ACACGT	1.0	837.5	-2.526
ACCCGG	1.0	765.6	-2.522
CTGGAT	20.0	4589.5	-2.511
CATTGC	17.0	3703.2	-2.508
GCCATG	14.0	2845.5	-2.506
TCAACG	1.0	366.0	-2.505
GAGGGG	13.0	2570.5	-2.498
GACGAA	1.0	548.7	-2.489
GCAGTA	12.0	2505.7	-2.489
CGGCTT	1.0	811.6	-2.484
TCATCA	20.0	4606.2	-2.484
GGGCTT	15.0	3144.5	-2.476
ACAGCC	4.0	2400.5	-2.473
GGATAG	10.0	1770.9	-2.472
GCTCAG	8.0	3280.9	-2.460
CAACTG	12.0	2712.9	-2.456
CAAGCA	11.0	4267.8	-2.453
GGTGGC	8.0	2603.4	-2.453
AACCAA	17.0	3734.8	-2.453
GTCTAG	10.0	1778.2	-2.451
CTGCCA	17.0	3737.5	-2.449
GGCATA	7.0	2137.5	-2.449
ACTGCA	32.0	8219.0	-2.447
CAACTA	11.0	2047.0	-2.446
TGCAGT	37.0	9452.5	-2.444
TGTGGG	19.0	4335.6	-2.439
GGTTCG	4.0	381.1	-2.434
GGAATT	23.0	5622.8	-2.430
CTATGA	14.0	2885.3	-2.427
ATCTCA	27.0	6508.7	-2.426
GATGGT	17.0	3751.9	-2.424
CGAAGG	2.0	497.9	-2.421
CTCATT	29.0	7155.0	-2.420
GATCAA	12.0	2334.5	-2.410
AAGGCG	1.0	559.9	-2.409
ATGCGT	3.0	526.4	-2.409
TCTGCG	5.0	562.8	-2.409
CCCGCT	5.0	563.3	-2.404
CGCCAG	5.0	564.8	-2.399
AAAACA	25.0	10241.9	-2.392
TAATGC	14.0	2904.5	-2.390
GAGACT	5.0	4142.6	-2.387
GGGGGG	7.0	1532.8	-2.385
CTTAAG	11.0	3677.9	-2.379
CCTCCC	37.0	10072.8	-2.376
CGGAAT	2.0	578.3	-2.374
AACTAA	10.0	3695.7	-2.372
AGGATT	22.0	5592.9	-2.371
TTATAG	24.0	5610.5	-2.364
GTACTT	7.0	3411.8	-2.362
GACGTG	1.0	699.2	-2.362
CATACT	13.0	2636.3	-2.360
AATCGT	1.0	661.6	-2.358
TCACTT	29.0	7213.5	-2.351
TAAGAA	27.0	6569.4	-2.350
AGAGTG	19.0	4393.0	-2.350
TGTGAG	23.0	5309.5	-2.350
GCCTAT	5.0	2430.1	-2.350
GCGTGC	2.0	586.6	-2.348
CGTCCC	1.0	504.2	-2.348
TTGAAC	14.0	5143.3	-2.343
GGTTCA	22.0	5317.9	-2.340
CAGTGG	29.0	8392.4	-2.339
AAGCTG	18.0	4100.1	-2.338
AACATC	16.0	3509.0	-2.337
TCTAAG	16.0	3510.2	-2.335
ACAAGA	17.0	3805.8	-2.334
GCCATC	12.0	2371.0	-2.334
CTAGCA	11.0	2096.3	-2.331
GTTTCG	4.0	1199.3	-2.325
GGGGCT	7.0	2304.7	-2.321
AGGTCG	4.0	365.7	-2.320
GCCTCA	25.0	5958.3	-2.319
TGACAG	18.0	4114.0	-2.315
GTTTGG	12.0	5525.6	-2.315
TTGAGA	34.0	13734.5	-2.314
GAGCGG	1.0	459.5	-2.314
GCAGCC	14.0	2944.5	-2.313
CCGGTT	1.0	584.7	-2.312
AGATTT	42.0	10973.5	-2.309
GCGCAA	4.0	563.5	-2.308
AAGGTG	15.0	3237.2	-2.304
CGGTGA	5.0	585.2	-2.299
CTTTAA	36.0	9258.3	-2.296
CCCCAA	14.0	3011.2	-2.294
TTTCTC	61.0	16528.3	-2.290
AGTACT	8.0	2878.4	-2.290
AGAAAT	38.0	9950.2	-2.289
AAGAAT	29.0	7273.6	-2.285
AAGCCT	16.0	3544.2	-2.278
ACCAAA	15.0	4085.9	-2.276
TCTTGG	28.0	6953.7	-2.276
ACTCGC	1.0	312.4	-2.274
CACCCC	11.0	2121.6	-2.273
TGCACG	3.0	731.7	-2.272
TTTTGG	60.0	16166.3	-2.272
GTAGCG	1.0	361.0	-2.271
TTCAGG	22.0	5368.9	-2.270
ATGGAT	18.0	4144.9	-2.269
ATGCGC	1.0	382.2	-2.268
TGGAGC	8.0	2886.1	-2.266
CGACCT	5.0	593.4	-2.262
CCGCAT	2.0	435.8	-2.252
TACCAC	11.0	2134.8	-2.246
TTGACT	24.0	5701.0	-2.245
ATTGGC	14.0	2981.3	-2.243
CAACCC	1.0	1918.8	-2.242
GCCTTA	12.0	2414.1	-2.241
ACCGCA	2.0	778.6	-2.240
GGCAAA	7.0	3424.0	-2.240
GCAAGA	12.0	3165.0	-2.235
AGTTGA	10.0	4258.2	-2.226
TTTTAG	30.0	15766.2	-2.224
TAAATG	15.0	7790.8	-2.223
GTCCCA	9.0	2352.9	-2.222
AAAGTG	12.0	7525.4	-2.218
CGGACG	1.0	115.9	-2.214
TAAGTA	18.0	4185.6	-2.206
GTGAAT	12.0	4606.2	-2.206
CACGAA	5.0	606.5	-2.203
AGTAAC	7.0	2457.4	-2.198
TAAGGT	14.0	3006.9	-2.198
AAGCCC	6.0	2154.7	-2.197
ACATCA	11.0	3345.4	-2.189
GTAAGC	7.0	1638.6	-2.188
AATCCG	3.0	406.3	-2.185
AATGCG	2.0	488.1	-2.182
ACCTGG	15.0	3312.8	-2.174
AACAAC	15.0	3313.8	-2.172
GCCCGG	8.0	1358.1	-2.169
GGAATC	9.0	2559.0	-2.165
AATATG	14.0	5257.3	-2.164
ATACCA	13.0	2738.9	-2.162
GCCAAA	14.0	3027.8	-2.161
GGCTTA	11.0	2853.6	-2.156
TGTCGG	4.0	393.7	-2.156
CCCCCA	14.0	3030.2	-2.155
GGACAT	11.0	2815.4	-2.153
TTCATA	27.0	6737.2	-2.151
CAATGT	17.0	3921.9	-2.150
AATGTT	35.0	9067.9	-2.149
CCCCAG	15.0	3326.1	-2.149
GGGTTT	22.0	7995.2	-2.147
AAGAAA	44.0	14093.4	-2.143
GCGTTG	4.0	446.5	-2.141
GCTCAA	15.0	3332.3	-2.139
TGGCAT	20.0	4852.1	-2.128
GACTTC	10.0	3380.5	-2.127
CGGATT	2.0	649.1	-2.125
GGTCGG	3.0	316.9	-2.121
TGAGCG	1.0	548.8	-2.120
ACTGAG	17.0	3941.3	-2.120
TGACAC	5.0	2515.0	-2.117
GGAAGA	11.0	5314.6	-2.114
TTCCCG	5.0	904.8	-2.113
ACCTCC	21.0	5175.1	-2.112
TGTCCC	13.0	2768.8	-2.107
CCGCTG	5.0	629.9	-2.105
TAGGAC	6.0	1778.9	-2.103
TCGACT	1.0	465.3	-2.101
CTGGCA	9.0	3107.7	-2.099
CATACC	9.0	1653.8	-2.095
CCGATG	2.0	391.3	-2.093
ACAGGG	16.0	3658.8	-2.092
GAACCT	5.0	2389.9	-2.091
AGACTG	17.0	3960.6	-2.090
TCAGGT	18.0	4265.0	-2.090
GTCCGA	1.0	209.3	-2.090
AGCGTT	2.0	846.9	-2.088
CAAAAG	12.0	5368.2	-2.088
ACCTTG	16.0	3663.6	-2.084
AACACA	19.0	4576.7	-2.083
GATGCA	12.0	2497.5	-2.077
GGGCCG	1.0	531.1	-2.075
AACTTT	39.0	10944.3	-2.073
GCTTGT	8.0	3713.3	-2.069
CTTCCC	21.0	5209.2	-2.069
CCCCGA	3.0	484.9	-2.068
TTGCAT	29.0	7476.8	-2.059
TACCTC	7.0	2480.0	-2.059
TACTGT	19.0	4594.7	-2.058
TTTCAA	45.0	11977.6	-2.057
CCGAGG	6.0	885.7	-2.055
AACTGT	12.0	4668.8	-2.055
CAGTCC	5.0	2003.1	-2.053
GTTTCA	32.0	8151.0	-2.053
TGACTG	12.0	3869.5	-2.052
CTAGCT	10.0	2586.9	-2.052
AGCGGA	4.0	414.8	-2.049
ACCTTT	24.0	6677.4	-2.048
TTATTA	45.0	11988.6	-2.048
CTTTTA	22.0	13777.5	-2.047
TAAGCC	11.0	2228.6	-2.046
GTTAGC	2.0	2100.8	-2.043
AATCGG	4.0	415.1	-2.043
GAACTG	4.0	3291.5	-2.043
TCGAGT	2.0	567.4	-2.041
CTACTG	6.0	2783.7	-2.038
CAGTGT	15.0	5146.9	-2.035
CTGTGA	13.0	5438.2	-2.033
ATCCGC	5.0	647.2	-2.031
CTGAGG	18.0	4308.0	-2.028
CAAAAA	21.0	9867.1	-2.027
GGAGGG	15.0	3401.7	-2.026
TTGAGG	21.0	5243.3	-2.025
TCAGCT	13.0	5992.4	-2.025
GTAATG	10.0	3094.9	-2.024
GAATTC	7.0	4196.5	-2.023
CGCCTT	6.0	896.1	-2.018
TGGTTG	17.0	4010.3	-2.017
GTCCAG	12.0	2528.4	-2.017
TACCTG	12.0	2855.8	-2.014
TGTGAC	15.0	3492.6	-2.012
AACAAA	21.0	8936.5	-2.010
GTGACG	2.0	530.5	-2.007
TCTGAG	20.0	4945.2	-2.005
GGGGCC	7.0	1497.3	-2.003
GTCACT	14.0	3120.1	-2.002
GAACAA	16.0	3718.4	-2.001
TTAGAT	23.0	5582.8	-1.998
TCCTGC	24.0	5903.8	-1.996
CCTCAC	7.0	2772.3	-1.990
ACTGAC	6.0	2282.1	-1.989
GAGGAA	21.0	5273.5	-1.988
GCCTCC	35.0	9240.0	-1.987
GAATAT	21.0	5274.8	-1.986
AGCATT	22.0	6235.3	-1.983
CTATTG	16.0	3730.6	-1.982
TCAGCA	18.0	4342.7	-1.981
CAAGGC	6.0	2382.2	-1.979
GCAAAA	21.0	5283.6	-1.974
ACGTGA	5.0	1004.3	-1.974
TAAGAG	9.0	3741.4	-1.972
AGTGAG	12.0	5087.6	-1.971
CACGGA	3.0	606.5	-1.970
TCCAGC	15.0	4176.3	-1.967
TGTGTT	39.0	10307.3	-1.965
AAGGGC	7.0	2088.6	-1.961
CGATGA	1.0	495.5	-1.961
GCCAGC	2.0	2000.6	-1.959
ACACCA	4.0	2787.4	-1.953
GAGCGA	5.0	668.0	-1.949
ACATCC	5.0	2516.2	-1.945
AAGCCA	15.0	4051.6	-1.942
TCTTAT	20.0	6992.5	-1.942
CACTCC	10.0	2811.0	-1.939
CTCGGC	6.0	2823.5	-1.939
GCATAA	13.0	2864.9	-1.937
CCCAGG	37.0	10517.2	-1.937
TTTTGC	43.0	13455.9	-1.936
TTTAGA	36.0	9645.5	-1.934
TAAAGC	6.0	3462.6	-1.932
CGATGG	3.0	528.1	-1.932
AGGACC	9.0	1724.6	-1.931
CAGAGA	23.0	5638.5	-1.931
CGTTGG	1.0	575.6	-1.929
GTTGGC	14.0	3166.3	-1.927
CCACGC	4.0	1184.6	-1.927
ACTGGG	14.0	3167.7	-1.926
GGATTT	29.0	7609.7	-1.923
TCATAA	16.0	4331.6	-1.922
CAGCCT	33.0	9271.2	-1.918
CTCTGC	23.0	5650.8	-1.917
TATGCG	1.0	396.8	-1.917
CTTTAG	23.0	5652.0	-1.916
AAGCTA	13.0	2876.5	-1.916
TATCTG	18.0	4392.3	-1.912
GAAGTT	21.0	5920.9	-1.912
GGGGTC	5.0	1544.3	-1.911
TGAAGT	26.0	6627.3	-1.911
GAGCGT	4.0	442.6	-1.910
TTTGTC	26.0	9997.7	-1.909
TGCGTG	1.0	781.7	-1.903
ATACTT	23.0	5666.0	-1.900
GGAGTG	25.0	7990.2	-1.897
AACCGC	2.0	341.7	-1.897
AATCTC	16.0	4793.8	-1.894
TCTCGT	6.0	935.4	-1.893
TCATGA	18.0	4408.2	-1.891
TCTGAT	24.0	5999.6	-1.886
TGTAAG	8.0	4340.2	-1.885
CAGGAG	7.0	4880.2	-1.882
AGTGCC	7.0	2314.7	-1.882
CGCTGC	5.0	687.4	-1.881
CCCGGT	4.0	448.3	-1.881
TCGCAT	4.0	448.7	-1.881
AACACC	10.0	2197.1	-1.881
TGAGGC	12.0	3689.6	-1.880
CAGTGC	6.0	2989.0	-1.877
AAAGCC	10.0	3309.3	-1.876
ATTACT	20.0	5048.5	-1.875
AAAAAG	23.0	10842.4	-1.872
CCGGTG	1.0	417.7	-1.871
TACTGC	12.0	2610.5	-1.869
ACATCT	18.0	4428.7	-1.865
GTGACC	7.0	1995.8	-1.864
GCGAAG	1.0	472.0	-1.863
ATGCAG	16.0	3942.4	-1.863
TCACAG	18.0	4429.3	-1.863
GACTGG	12.0	2616.2	-1.859
TGGGTG	16.0	3815.9	-1.858
CCTCAT	15.0	3814.1	-1.853
TGTGAA	27.0	7016.6	-1.850
GGATTC	13.0	2917.1	-1.849
TGTAAC	14.0	3218.9	-1.846
GAGGGT	3.0	2265.7	-1.844
TGGATG	6.0	3703.7	-1.844
TTTCAC	35.0	9401.9	-1.843
CCACCT	10.0	4864.2	-1.840
GGCCCG	4.0	460.8	-1.840
ACAAGC	2.0	2180.6	-1.838
CTTTAT	31.0	10971.6	-1.838
CTGAAG	16.0	5287.9	-1.837
TGATGA	21.0	5399.9	-1.836
GTTGCG	4.0	458.6	-1.836
TGCGAG	3.0	450.6	-1.835
TTGGAT	13.0	5795.7	-1.830
TAAGGC	7.0	2029.0	-1.827
ACTTCT	14.0	6232.1	-1.823
CTCACA	8.0	3674.4	-1.822
ACTTGA	12.0	4695.2	-1.820
AGTAGT	7.0	3527.9	-1.818
TCCGGC	4.0	462.9	-1.818
ATTCAC	6.0	3649.8	-1.817
GCGGCC	1.0	527.7	-1.816
TCTTTT	130.0	38478.9	-1.816
ATTCCC	3.0	3400.4	-1.815
AGCTTG	9.0	3305.0	-1.814
AGCGCG	2.0	215.8	-1.813
GGGAAT	14.0	3240.3	-1.812
GTCCGC	3.0	241.7	-1.811
GGGTCT	14.0	3241.0	-1.810
GGGTCA	9.0	1887.6	-1.808
AATCTG	19.0	4787.6	-1.808
CTCAGT	7.0	4619.1	-1.807
TTATCC	9.0	3989.7	-1.805
CCCTAA	3.0	2196.2	-1.804
GGCCTG	6.0	2944.6	-1.804
ATCCCG	4.0	466.9	-1.800
CCAATC	9.0	1785.3	-1.799
GGGTCC	3.0	1240.8	-1.794
CTCCTG	38.0	10517.7	-1.793
GATTTA	22.0	5760.0	-1.793
CTCATA	6.0	2908.2	-1.791
AAGGAA	12.0	7994.2	-1.788
TACGGC	1.0	281.5	-1.787
GTGGCT	17.0	4446.6	-1.785
TAGTGC	7.0	2083.5	-1.784
TAGGCC	5.0	1379.6	-1.781
TGAGAG	19.0	4809.9	-1.780
TCCGTG	5.0	717.0	-1.779
GTGGGT	12.0	3088.0	-1.776
AAGACC	7.0	2497.4	-1.775
GAGCGC	1.0	408.9	-1.774
GTCGGG	1.0	375.4	-1.772
AGCCTT	20.0	5135.3	-1.772
GTCACA	3.0	2553.2	-1.770
ATCTGG	11.0	3377.9	-1.769
CCAACA	9.0	3199.4	-1.767
GGCAAG	11.0	2377.7	-1.767
TTGTCA	19.0	6763.0	-1.764
ATGCAA	11.0	3749.2	-1.761
ACTCCA	12.0	3700.9	-1.759
AAACCC	8.0	2959.7	-1.759
TTCGTG	6.0	982.9	-1.755
CCTGAG	16.0	4742.7	-1.754
ATTGGG	7.0	2941.6	-1.752
AACCTG	3.0	3078.5	-1.751
CTTTGG	11.0	7800.8	-1.750
CACACG	1.0	679.4	-1.750
TGTCGC	2.0	1702.2	-1.745
GTTGAC	3.0	2198.3	-1.742
AATGTA	4.0	5881.1	-1.742
TGGGCC	8.0	2131.8	-1.740
CGATCT	5.0	2124.0	-1.740
GTTCTG	18.0	4527.0	-1.740
CGCAGT	1.0	648.8	-1.739
TTGTTA	27.0	8486.5	-1.737
TGAACC	5.0	2775.1	-1.737
AGAACA	12.0	5095.0	-1.737
GGGTTG	11.0	3019.7	-1.735
CACAGT	17.0	4217.7	-1.735
GTGTTA	9.0	3786.2	-1.733
GCGCAC	1.0	337.0	-1.729
TAACTT	19.0	6636.3	-1.727
TGTTTG	20.0	13727.8	-1.726
GCCAGA	12.0	2696.8	-1.725
CAACTC	7.0	2421.8	-1.725
ATCAAG	13.0	2996.8	-1.725
CTTGCC	8.0	3575.9	-1.725
TCCAGG	8.0	4244.8	-1.723
TACAAC	6.0	2153.4	-1.723
ATGGCA	16.0	3916.5	-1.721
TTCCAC	10.0	4290.7	-1.717
AAAGAA	26.0	13199.2	-1.713
CGGAGG	2.0	763.8	-1.711
CACCTT	15.0	4102.5	-1.701
TTATTG	18.0	9609.7	-1.701
GTATGA	12.0	2712.7	-1.700
CTTAGT	15.0	3623.0	-1.700
AGATGA	18.0	5447.8	-1.699
ACCTAT	8.0	2263.0	-1.698
TCGCTC	5.0	1919.9	-1.698
CATGAA	17.0	4871.0	-1.698
AGTCCT	14.0	3318.4	-1.697
TTCAGT	31.0	8535.2	-1.695
GAGAAG	14.0	5615.0	-1.694
CAACAA	16.0	3943.1	-1.686
AAGAAC	9.0	4291.1	-1.684
ACCCCA	10.0	2557.3	-1.683
CTACCT	12.0	2724.6	-1.681
GTTCTA	13.0	3027.8	-1.678
CTGGCT	17.0	5509.9	-1.677
TGAGGG	11.0	2972.0	-1.674
TTTCCC	32.0	9881.5	-1.673
TTTGTA	39.0	14491.7	-1.673
TCTCAG	12.0	6867.5	-1.672
CCTGGG	24.0	6282.1	-1.669
GTAAAC	11.0	2434.9	-1.669
GAGTCA	7.0	2760.0	-1.665
CGGGCT	5.0	751.2	-1.663
TGAGAC	30.0	8231.4	-1.661
AGCAAT	14.0	5124.5	-1.657
CTGGAA	21.0	5560.5	-1.657
ACAGTC	12.0	2740.3	-1.656
CCTGTT	21.0	5561.4	-1.656
AGCTTT	33.0	8929.5	-1.655
ACGGAG	6.0	2113.8	-1.654
AACGCA	2.0	505.8	-1.651
AGATCT	8.0	3922.0	-1.650
CACCTC	14.0	4046.2	-1.646
AGAGCA	6.0	4023.6	-1.642
TGGCCT	13.0	5234.2	-1.642
CGATTC	7.0	1297.6	-1.642
CTGGAG	35.0	9648.6	-1.640
CCTTGT	16.0	4705.2	-1.637
ATTTAG	26.0	6906.3	-1.632
ATCGGG	3.0	271.9	-1.631
CATCCC	11.0	2717.9	-1.631
GCACCT	5.0	2376.0	-1.631
GTTGGA	10.0	3556.1	-1.630
ACATGG	14.0	3366.4	-1.629
ACCTAC	5.0	1561.0	-1.623
ATCCAA	13.0	3065.8	-1.623
CTCGTT	3.0	905.4	-1.620
TTCACT	29.0	7938.4	-1.618
GCGGAA	3.0	397.5	-1.617
TGTGCC	8.0	4135.1	-1.614
CCTCCG	8.0	1592.8	-1.613
TGACTC	13.0	3072.4	-1.612
CTAAGG	6.0	2031.5	-1.612
TTAGAG	4.0	4818.1	-1.610
CATTGG	13.0	3074.3	-1.609
CAGGTC	9.0	1882.2	-1.607
GTACTG	10.0	2175.0	-1.607
TTAAGC	14.0	3383.3	-1.607
CTGGGG	14.0	3383.2	-1.607
CAGGCT	30.0	10902.4	-1.605
GGCGTA	1.0	275.9	-1.602
TCCTGA	19.0	7154.6	-1.600
TTAGCA	5.0	4344.1	-1.599
ACATTA	17.0	4330.3	-1.596
AATTCA	25.0	6614.4	-1.592
GTGGAG	6.0	3474.2	-1.591
CGGCTC	8.0	2150.4	-1.589
AGCCTC	25.0	6620.1	-1.586
AAACCA	19.0	4980.8	-1.584
TGAGGT	5.0	4368.2	-1.582
GGCTAC	7.0	1325.5	-1.579
CCAAAG	16.0	5636.4	-1.575
TGAACA	19.0	4989.8	-1.575
AGATCC	3.0	2367.0	-1.571
GTGATT	22.0	5972.6	-1.571
TTCAGC	16.0	5098.1	-1.570
GCCAGG	16.0	4035.3	-1.570
ACCAGG	11.0	2495.2	-1.569
CCTCGG	1.0	1297.1	-1.568
CCGTAT	2.0	438.0	-1.567
AAGGGA	17.0	4354.8	-1.567
GCTATA	10.0	2199.6	-1.567
GGCTAT	5.0	2234.0	-1.566
GCACGG	4.0	524.9	-1.566
TACATC	2.0	2323.3	-1.562
TCACTG	32.0	9089.7	-1.561
ACTCGG	2.0	510.0	-1.559
CTAACT	12.0	2805.3	-1.557
GGGTGG	9.0	3022.5	-1.556
CTGTTA	18.0	4687.3	-1.552
TCAGGA	10.0	4795.6	-1.547
TAACGC	3.0	287.3	-1.546
CTCTCA	17.0	4375.5	-1.542
TCATCT	21.0	6185.6	-1.542
AGGCAA	8.0	3484.5	-1.541
CCGATT	4.0	531.2	-1.540
TCATAC	10.0	2215.5	-1.539
GATAAG	3.0	2492.0	-1.538
ATGACA	9.0	3907.0	-1.537
GAAGTC	7.0	3297.4	-1.535
CCTGCG	2.0	643.2	-1.535
GTTAGG	10.0	2218.6	-1.534
TGTACC	10.0	2218.3	-1.534
GCCCCG	2.0	584.0	-1.533
GAATGT	6.0	4955.3	-1.530
AGACCT	9.0	2672.2	-1.525
CTTTTC	52.0	16762.6	-1.524
TGCATA	13.0	4114.4	-1.524
ATTTTG	37.0	18117.9	-1.523
TGGTCC	5.0	1829.0	-1.520
CAGACC	4.0	1928.5	-1.520
TGACCT	7.0	4761.4	-1.519
TGCTGA	19.0	5042.4	-1.517
AGTATG	4.0	3234.0	-1.517
ACGAAC	2.0	309.5	-1.516
ACATTG	17.0	4399.5	-1.516
TCGAGC	1.0	413.5	-1.515
GAATGC	9.0	3133.2	-1.510
TTACCT	14.0	4633.8	-1.510
GTCGGA	3.0	294.6	-1.510
CCGAAC	1.0	275.0	-1.510
TGGACC	3.0	1558.8	-1.510
TCCTTT	57.0	16584.9	-1.509
GGATTG	1.0	3158.4	-1.508
AATTCC	8.0	4484.2	-1.504
CCTAAC	8.0	1649.0	-1.502
CACGCA	1.0	642.9	-1.502
TCATGG	3.0	3603.1	-1.502
GTTCTT	29.0	8079.1	-1.500
ACTTTC	25.0	6715.1	-1.499
TGGGGT	18.0	4736.5	-1.498
GAGTCG	1.0	439.5	-1.497
GTTCAA	22.0	6050.2	-1.495
CGCTCT	9.0	1947.6	-1.491
TCGTTG	5.0	810.3	-1.489
TCTTGT	29.0	8728.7	-1.488
TTTCGC	6.0	1227.0	-1.485
CATAAC	3.0	1955.7	-1.482
CATAAT	10.0	4315.2	-1.474
TGCACC	3.0	2429.0	-1.471
CCGGCC	6.0	1092.1	-1.471
GCTTGA	13.0	3176.4	-1.468
GGGCGC	1.0	631.1	-1.468
CAACGG	1.0	344.0	-1.468
CCTAGC	3.0	1575.7	-1.467
CGCATT	4.0	552.7	-1.466
GTTATG	5.0	2959.3	-1.465
CTGAAT	16.0	5963.4	-1.465
CCTGCC	22.0	6083.0	-1.465
ATGAGC	7.0	3336.2	-1.464
TGGAGT	36.0	11249.4	-1.461
CGTGTG	6.0	1096.7	-1.461
GTTATT	28.0	7782.0	-1.460
GCCTGA	8.0	2904.2	-1.456
TTTTAC	31.0	11280.0	-1.456
TTCACA	23.0	6095.0	-1.452
TGCCTC	27.0	7448.1	-1.452
ATCCTG	15.0	3817.7	-1.451
ACCTGA	6.0	2958.2	-1.450
GGTCCC	4.0	1351.0	-1.450
GCCGTA	1.0	266.9	-1.449
AATACT	18.0	4783.1	-1.448
GCGCGG	1.0	428.2	-1.446
AGAAGG	14.0	4904.9	-1.445
ACATGA	5.0	3981.5	-1.443
TCATTA	21.0	5773.7	-1.442
GATTAT	19.0	5115.2	-1.442
GACATT	10.0	4877.1	-1.442
CAGTAT	16.0	4146.0	-1.439
CCCCCT	3.0	2315.6	-1.438
GTTGAT	16.0	4148.2	-1.437
GCCGAT	3.0	336.7	-1.436
CCCCCG	2.0	624.6	-1.432
GTATTG	12.0	3366.6	-1.429
CAGGGC	10.0	2284.0	-1.429
AGAGGA	12.0	4693.2	-1.426
ATTATT	48.0	14009.0	-1.426
CTCATG	10.0	3679.2	-1.425
CAGGCG	9.0	1986.4	-1.425
CTAATC	1.0	1992.8	-1.423
CTTGTG	14.0	4604.5	-1.423
ATGGAG	20.0	5463.8	-1.423
GCCGTG	3.0	629.9	-1.423
GCCCAG	19.0	7673.5	-1.420
TTGCCG	4.0	567.0	-1.419
TCAGAC	5.0	2718.9	-1.418
CTTTGT	24.0	11697.3	-1.417
GATAGC	7.0	1403.8	-1.414
GGAAAT	21.0	5806.7	-1.412
TCACCT	16.0	4171.3	-1.411
TTAGTG	17.0	4494.2	-1.411
TCACAC	5.0	2980.6	-1.409
AAACCG	2.0	589.6	-1.409
GATCAT	2.0	3278.1	-1.409
GGTCGC	1.0	228.0	-1.408
GACTCA	11.0	2604.8	-1.406
GTTCGA	2.0	506.0	-1.406
GTTTAT	31.0	8898.7	-1.406
AGACTA	10.0	2548.9	-1.404
ATGGCC	6.0	2274.7	-1.403
CCTCTT	19.0	6562.7	-1.402
TTCGCC	3.0	827.4	-1.402
TATTGC	8.0	4088.4	-1.401
TACTGG	6.0	2758.4	-1.401
CAAGAA	17.0	5040.5	-1.401
ACTTTA	18.0	7313.8	-1.397
CATTAG	12.0	2921.8	-1.394
GGGTCG	1.0	337.8	-1.393
CCAGTG	14.0	3550.2	-1.392
GGTCGT	3.0	319.2	-1.392
GGATCT	11.0	2614.8	-1.391
CCAGTC	7.0	2517.2	-1.390
TTTATG	26.0	10464.0	-1.390
TTAGGA	17.0	4514.1	-1.389
AGCCAT	15.0	3872.2	-1.387
GCACTG	2.0	2836.3	-1.385
GATCCG	2.0	648.2	-1.385
CTGCAT	7.0	4822.8	-1.380
ACTTTG	28.0	8251.1	-1.376
ACTCAA	11.0	3125.6	-1.375
GGGACA	6.0	2360.7	-1.374
GCCAAG	7.0	2779.1	-1.374
GACTGC	7.0	2029.7	-1.374
GATTTG	12.0	6634.7	-1.373
TTAAGT	24.0	7323.4	-1.371
TCGTGC	4.0	582.1	-1.371
GTATCG	1.0	326.2	-1.371
GTTGCT	16.0	4209.9	-1.369
AATGGG	8.0	3657.9	-1.369
GTACAG	7.0	2834.4	-1.368
AGATTC	16.0	4210.7	-1.368
GAGGAT	10.0	3244.4	-1.364
GCAGTC	9.0	2024.3	-1.363
GTTTTC	33.0	12774.0	-1.362
TTGCCC	21.0	6599.8	-1.362
ATCAAC	5.0	2149.1	-1.361
ATGCCA	4.0	3505.6	-1.360
GGCAGA	14.0	3775.2	-1.359
GTCTTG	12.0	6427.2	-1.358
TGCGAC	1.0	317.0	-1.357
GATGGA	9.0	5393.7	-1.355
GTGGTC	9.0	2029.7	-1.355
CTTAGC	11.0	2643.8	-1.351
AGGGCC	5.0	1646.0	-1.351
TAGGTC	8.0	1945.8	-1.350
TGTGGA	13.0	4675.1	-1.349
GCGCAT	3.0	329.1	-1.349
GGGCTC	8.0	2689.8	-1.348
GGACGA	1.0	372.3	-1.347
CCAGGC	35.0	10051.6	-1.347
ACGTAT	2.0	805.3	-1.345
GCGATC	7.0	1440.3	-1.343
AAACAA	17.0	9155.6	-1.341
AAGTGT	16.0	5428.5	-1.340
CAATGC	2.0	2144.4	-1.340
CGTAAA	4.0	592.4	-1.340
CCCGAA	2.0	532.9	-1.336
AGGCCA	12.0	2966.8	-1.336
CCGTGT	5.0	868.0	-1.335
ATCATC	12.0	2967.1	-1.335
CATCAT	16.0	4242.4	-1.334
TTCCTG	29.0	8296.4	-1.331
CAATAT	5.0	4358.2	-1.330
GTCTTT	30.0	10366.1	-1.329
TCCCAC	12.0	3795.6	-1.328
GAGAAC	6.0	2853.5	-1.328
CCAATG	10.0	2352.8	-1.327
TCATTG	22.0	6236.5	-1.327
GCTGGT	16.0	4251.4	-1.325
CTACAG	13.0	3290.3	-1.325
CACCTG	5.0	4093.3	-1.324
AGCATC	11.0	2664.7	-1.323
ATTTCA	38.0	11181.0	-1.323
AGTTGT	19.0	5238.2	-1.322
TCCTAC	10.0	2356.8	-1.321
AAAGAT	25.0	6923.2	-1.321
TTCCGG	3.0	713.2	-1.321
GGGAGT	6.0	2660.6	-1.320
CTCCGG	1.0	633.3	-1.320
TTAAAG	12.0	8370.1	-1.320
GAAAAC	19.0	5328.8	-1.319
TTACAC	12.0	2980.7	-1.317
ACAGTG	18.0	4912.4	-1.317
CGGGCC	1.0	456.7	-1.316
TGACAT	17.0	4585.6	-1.316
GTATTT	43.0	13275.5	-1.315
GAATTA	18.0	5087.1	-1.314
TGACGA	3.0	487.3	-1.313
CACGTG	6.0	1165.6	-1.309
GTGCTA	9.0	2059.7	-1.309
CGGATC	2.0	347.5	-1.308
CTAAGC	8.0	1757.2	-1.307
TCAAAG	19.0	5255.7	-1.306
TGGGGC	8.0	2477.7	-1.306
GCGCGA	2.0	721.5	-1.304
CCATTC	17.0	4601.6	-1.300
GCAGCA	4.0	3141.8	-1.300
GGTGAA	13.0	3312.9	-1.298
TTAGCT	18.0	4934.0	-1.297
GACAAA	16.0	4278.2	-1.296
AGGCGC	5.0	885.1	-1.296
AAACGC	4.0	623.2	-1.294
GACACC	7.0	1467.5	-1.292
CATTTT	55.0	22517.7	-1.291
ACTGGC	5.0	2217.8	-1.288
TTGCAA	12.0	5996.3	-1.287
TAGTTG	14.0	3642.2	-1.285
TACTCC	5.0	1916.7	-1.283
CATGCC	10.0	3944.8	-1.282
GGATAC	3.0	1476.8	-1.281
AACACG	1.0	699.1	-1.277
CTTCTT	29.0	12815.9	-1.277
TGGGGG	9.0	3231.9	-1.275
CTCAAT	13.0	3333.2	-1.274
TTGTTG	19.0	12221.4	-1.274
AATTGT	24.0	6642.4	-1.272
CCTACA	9.0	2084.0	-1.271
GTTGAG	5.0	3470.9	-1.271
TTTGCA	28.0	10251.4	-1.271
GCGGGT	2.0	466.8	-1.271
GCAGGC	2.0	2157.9	-1.270
AAAAAT	58.0	17456.1	-1.268
CTTGTA	17.0	4634.6	-1.267
TAAGCT	12.0	3021.8	-1.267
GATCGA	3.0	349.6	-1.267
TTCCCC	19.0	5299.9	-1.265
TGTTGT	15.0	9543.9	-1.264
TTATCA	21.0	6282.9	-1.263
CGAGAA	1.0	686.0	-1.263
CTCTAC	10.0	2398.5	-1.262
CCGCAA	2.0	520.1	-1.261
GTCGGC	1.0	309.1	-1.261
ATTTGA	33.0	9469.8	-1.260
GACTAA	2.0	2089.0	-1.259
AGATAC	11.0	2713.7	-1.259
CACTGC	27.0	7697.9	-1.256
AAGTTG	12.0	4948.9	-1.256
ACACAC	11.0	5089.3	-1.255
GGTTAG	6.0	1837.0	-1.254
GCGCGC	3.0	353.1	-1.251
ATTGAA	10.0	6082.7	-1.249
CCTGTG	15.0	3998.9	-1.249
TACCAG	6.0	2263.7	-1.244
TGAATG	13.0	6179.2	-1.243
AATAAG	17.0	4660.4	-1.243
CTGAGA	9.0	5764.0	-1.242
GCTTTG	9.0	6372.0	-1.241
CCAAAA	19.0	5329.6	-1.238
ACTACA	5.0	3506.3	-1.238
TCCCTT	25.0	7030.1	-1.237
TATAGC	7.0	2421.5	-1.233
GCGCCT	4.0	780.6	-1.231
TTCACC	17.0	4673.6	-1.230
GGGGGC	5.0	1500.1	-1.227
TGAATA	22.0	6357.9	-1.226
GAATGG	11.0	3551.0	-1.226
AGATCG	4.0	631.5	-1.225
GCATTT	10.0	9857.4	-1.225
GACCTC	2.0	2995.9	-1.223
TCAGTG	15.0	5209.3	-1.223
GTGTAG	4.0	2369.4	-1.221
CAGGGA	14.0	3702.9	-1.220
CCGCCT	10.0	2429.4	-1.220
GCCTGG	10.0	5449.5	-1.215
CATCCT	7.0	4152.7	-1.214
CCACGT	5.0	920.4	-1.214
CCGGAG	4.0	636.2	-1.212
CTAGAT	11.0	2750.2	-1.211
AGTTTT	51.0	18856.5	-1.210
TCCCTG	10.0	4620.4	-1.209
TCGCCC	4.0	1854.2	-1.206
CAAGTT	15.0	4807.3	-1.203
TACATG	15.0	4044.2	-1.203
ATCTAT	16.0	4373.0	-1.202
GCCCCC	1.0	1583.0	-1.202
GCATGC	5.0	2096.0	-1.201
GCGTGG	2.0	730.3	-1.199
TCCGTT	1.0	972.0	-1.195
TGGTTT	22.0	12366.5	-1.194
TAAAAG	25.0	7087.7	-1.194
TAAGGA	3.0	3953.2	-1.192
TCGCAC	1.0	408.5	-1.191
ACACTT	4.0	4740.5	-1.190
TCGTTT	4.0	2031.5	-1.189
TTGAGT	20.0	6592.8	-1.188
GCCTAC	6.0	1336.2	-1.188
CTCGTA	3.0	370.5	-1.187
CCGGGC	5.0	933.4	-1.185
CTATAT	14.0	3736.9	-1.184
GAGAAA	28.0	8151.2	-1.183
CATTAA	18.0	5057.7	-1.183
TCAGTA	10.0	4072.6	-1.182
GCTCGC	3.0	372.0	-1.180
GTCGCC	1.0	1558.8	-1.178
GGTGAC	7.0	2247.5	-1.177
CCATGA	12.0	3097.6	-1.177
GGATTA	13.0	6342.1	-1.176
TCTGCC	21.0	6080.9	-1.174
GCATAT	13.0	3423.5	-1.172
AGGGCA	11.0	2871.8	-1.171
GGGCCA	4.0	1795.2	-1.171
CATCAG	2.0	3448.8	-1.170
TTATGC	13.0	3425.5	-1.169
TAACTC	6.0	2634.4	-1.169
TCCTTG	6.0	5952.1	-1.169
TATAAG	5.0	3655.9	-1.168
CTCTTT	48.0	14486.1	-1.167
CGAACC	2.0	256.7	-1.166
TGAATT	27.0	10169.0	-1.165
GCTGAT	11.0	2954.7	-1.165
AGGGGG	8.0	1847.6	-1.165
TCTCAT	23.0	6437.1	-1.163
CACACA	21.0	6096.2	-1.161
CTCTCG	4.0	655.3	-1.161
TATCTT	28.0	8425.2	-1.159
GGTGCA	5.0	2746.2	-1.159
AGACAT	16.0	4418.1	-1.159
AACTAT	14.0	3761.2	-1.158
CCAGGA	14.0	4378.2	-1.152
TAACAG	9.0	3546.7	-1.152
AACAGT	16.0	4425.7	-1.152
TTCATG	20.0	6586.0	-1.152
GCCTCT	6.0	3793.7	-1.151
TACTCG	2.0	396.6	-1.150
CAACGA	3.0	384.1	-1.138
ACAACG	3.0	484.9	-1.138
TTCTCT	49.0	14942.7	-1.136
ATATGG	3.0	3234.9	-1.135
CTGCCT	31.0	9296.5	-1.135
CTAAAG	12.0	3135.3	-1.133
ATGTGT	19.0	6949.8	-1.132
GTTTTA	29.0	12702.8	-1.131
CGCCCG	1.0	884.2	-1.129
TATCAT	17.0	4787.8	-1.125
TAGAAA	27.0	7887.4	-1.123
GAGCCC	8.0	1877.9	-1.121
ACAATA	13.0	3896.4	-1.120
CACTGA	3.0	4249.1	-1.119
GTGAGG	9.0	3068.3	-1.118
ACGGCC	1.0	362.8	-1.113
TCTCTT	43.0	13051.6	-1.113
GTTTGA	15.0	6514.8	-1.113
AAGTAC	4.0	2765.2	-1.113
GCTAGA	9.0	2287.7	-1.110
CTCGCC	4.0	675.2	-1.110
ACTGTA	15.0	4139.7	-1.110
TAGCCT	10.0	3066.5	-1.107
GTCCTG	11.0	2838.3	-1.106
CCTGCA	5.0	3113.0	-1.105
CCTATT	13.0	3944.7	-1.103
GCTCTT	17.0	5953.7	-1.103
CCAAGG	7.0	2865.2	-1.102
TGTATC	9.0	4035.4	-1.095
CGATAA	3.0	398.8	-1.094
ACTTGC	11.0	2849.3	-1.094
GTACCT	8.0	1898.8	-1.092
CTTGAG	6.0	4687.3	-1.089
AAAAGA	28.0	11019.7	-1.088
ATGATT	7.0	6814.1	-1.088
GTAGCC	7.0	1590.1	-1.087
CGCCTA	2.0	395.1	-1.087
TTGAAA	36.0	10841.2	-1.086
GAAACT	18.0	5170.0	-1.086
AGGTCA	5.0	2998.2	-1.082
AGTCTA	10.0	2538.4	-1.082
AGTGTA	12.0	3423.6	-1.082
TGTATT	34.0	11789.6	-1.081
CCCTTT	18.0	7839.9	-1.081
TGTGTA	20.0	5859.5	-1.079
GCTGGC	8.0	2231.0	-1.079
TGAGTA	15.0	4291.9	-1.079
ACAGTA	11.0	3401.4	-1.078
GGTCAC	7.0	1597.5	-1.076
CCGGGA	1.0	758.5	-1.071
TACAGT	13.0	4744.5	-1.071
TAACGT	1.0	808.7	-1.070
GGCCAC	1.0	1865.8	-1.068
CACTTA	9.0	3923.3	-1.068
CCCATC	6.0	2897.2	-1.066
GAACTA	8.0	2405.5	-1.065
CTTCTC	12.0	6321.0	-1.064
TGGGAG	18.0	5503.0	-1.064
CTCAAG	9.0	4651.5	-1.064
GATGGG	8.0	4060.7	-1.063
GAGACA	25.0	7273.5	-1.061
CTATTT	24.0	10617.6	-1.059
AAAAGG	20.0	5886.6	-1.059
CGGCAC	1.0	336.1	-1.058
ACTTCG	2.0	651.3	-1.057
GCACCC	3.0	1703.7	-1.056
AGCTGT	7.0	4214.0	-1.055
CGTGTA	2.0	633.9	-1.055
ATCTCG	8.0	2250.0	-1.055
GTTTAG	6.0	4156.8	-1.054
AATCCC	12.0	3210.9	-1.053
TATGAC	7.0	2322.7	-1.053
CTCCGC	7.0	1613.2	-1.051
CTGAGC	7.0	2962.8	-1.051
TGATCT	23.0	6590.0	-1.050
GATGAA	8.0	4579.2	-1.048
TGCAAA	16.0	6321.1	-1.047
GTGAGC	14.0	3880.2	-1.042
CAGATT	16.0	5726.4	-1.041
TGATAG	12.0	3222.1	-1.041
GCCCAC	7.0	2431.0	-1.041
TAGGAT	13.0	3552.6	-1.039
GGCTCC	1.0	1945.2	-1.039
GCATTA	11.0	2898.3	-1.039
GATCTA	3.0	1808.4	-1.037
ACGTTT	3.0	2035.6	-1.037
ACACAG	12.0	4209.6	-1.037
TGGCTT	24.0	6960.9	-1.034
CCAGAA	11.0	4602.1	-1.034
GACACA	5.0	3098.3	-1.033
GGTACT	5.0	1606.0	-1.030
TAATTA	25.0	7319.8	-1.030
GAATCA	6.0	3572.8	-1.029
ATTGTC	13.0	3563.1	-1.029
AACGCC	2.0	372.6	-1.029
CTGATG	15.0	4227.8	-1.029
GGTTAA	11.0	2908.4	-1.028
GCAAGT	10.0	2586.7	-1.025
TTGGGA	18.0	6140.3	-1.025
TGTTAT	23.0	7465.9	-1.024
ATAGAG	12.0	3240.6	-1.023
CTTCCA	20.0	5936.8	-1.021
AGCCCC	7.0	1944.4	-1.020
TGACCG	2.0	409.2	-1.020
ACTAAG	9.0	2272.9	-1.017
AGGGAC	6.0	2185.8	-1.016
GTTCCT	11.0	4579.1	-1.016
ACTGAA	12.0	5423.3	-1.016
ATGACT	5.0	3867.0	-1.016
TCTGGC	13.0	3577.7	-1.015
AAGCAT	9.0	4529.8	-1.014
ATGCCG	3.0	424.6	-1.014
CCCGGC	4.0	1545.9	-1.012
CCAGCG	2.0	653.1	-1.012
CCGTAA	3.0	425.3	-1.011
CAGCAG	8.0	4133.2	-1.010
TCGGAT	2.0	440.4	-1.009
CACGGT	4.0	719.5	-1.009
ACTATG	11.0	2926.9	-1.008
GGTTAT	12.0	3254.0	-1.008
TGTTTA	27.0	11075.7	-1.008
AGCTGG	19.0	5900.6	-1.007
TATTTT	130.0	41136.7	-1.005
TGATTC	9.0	5213.7	-1.003
TCGGCG	1.0	153.4	-1.001
TCTAAT	18.0	5280.7	-0.997
TCGGAG	1.0	605.1	-0.997
GTTGTT	20.0	9552.2	-0.996
ACGCCA	4.0	726.0	-0.995
CCTCGT	1.0	868.0	-0.994
GGCTCG	2.0	553.6	-0.994
AACATA	10.0	4579.5	-0.993
TGAGCC	18.0	5288.7	-0.992
TAAACG	4.0	727.5	-0.991
TTCTTA	20.0	9833.9	-0.990
TACTAC	6.0	1864.7	-0.990
TGACTA	5.0	2872.2	-0.989
TGGAAT	23.0	6680.2	-0.987
CAAATG	18.0	5294.3	-0.987
TAATCG	2.0	433.7	-0.986
TAAGAC	10.0	2622.9	-0.986
GGCTGA	8.0	4000.5	-0.984
GCCTCG	3.0	1247.6	-0.981
GCGGGC	1.0	579.5	-0.980
GCCACG	3.0	665.4	-0.979
TCCAAG	7.0	3650.3	-0.977
AGCCCA	5.0	2862.7	-0.977
TTACGA	2.0	561.3	-0.977
TGTAAT	24.0	7047.9	-0.977
GGTCAA	3.0	1831.9	-0.976
TGCCAA	7.0	3489.4	-0.976
ACGCAG	2.0	560.7	-0.975
TCTCTC	30.0	9202.0	-0.975
TTTGTG	27.0	12090.5	-0.975
TCTTAA	18.0	7186.6	-0.971
GTCGAC	2.0	160.0	-0.971
GCCGAG	5.0	1043.5	-0.971
AGGACG	1.0	568.9	-0.970
TTAGTA	4.0	5770.7	-0.970
CCAGAC	8.0	2439.7	-0.970
AGAACT	11.0	4809.8	-0.970
ATAGTC	8.0	1990.4	-0.969
TATGCC	9.0	2313.9	-0.968
ATGTGG	12.0	4158.5	-0.967
GTGCCC	8.0	1992.8	-0.966
TTTAAC	18.0	7271.2	-0.966
AAAGGA	23.0	6713.8	-0.965
CAGGAA	18.0	5325.0	-0.964
ATACCT	5.0	3130.0	-0.963
GGGACT	9.0	3062.7	-0.962
AGCGCC	3.0	442.3	-0.962
ATTGCG	3.0	457.3	-0.961
GCATGA	14.0	3972.4	-0.959
GCTAGC	3.0	1342.3	-0.957
TACGAC	2.0	257.2	-0.956
CCGCTC	3.0	445.7	-0.954
GCTGGA	30.0	9247.6	-0.950
CGTGGA	2.0	716.0	-0.950
AGCCAA	10.0	3325.0	-0.949
TTTGCG	5.0	1055.6	-0.949
GGATGG	11.0	2987.4	-0.946
ATTAAT	25.0	7452.7	-0.944
TAAGCA	13.0	3654.0	-0.944
CCTTAG	8.0	2715.6	-0.943
ATCGAA	3.0	449.6	-0.943
CGAAAT	1.0	655.0	-0.942
GTTGCA	10.0	3271.4	-0.940
TAGACC	5.0	1453.3	-0.938
TGCAGG	4.0	3453.5	-0.938
GGTCTT	17.0	5016.6	-0.937
GAGAGT	12.0	3327.6	-0.937
CTCCTT	24.0	7109.6	-0.937
TCACTA	10.0	3097.1	-0.935
ACGGCT	1.0	558.3	-0.932
TCGAAC	4.0	755.0	-0.932
GTTGGG	11.0	3002.0	-0.931
GAGGCA	7.0	3670.3	-0.931
AAGTGG	10.0	3985.2	-0.931
AGACAA	15.0	4345.9	-0.929
GAAGAG	13.0	4992.2	-0.928
AACCCA	10.0	2969.6	-0.928
TTGTCT	21.0	9047.1	-0.928
CCATCG	3.0	455.9	-0.926
TTCATC	10.0	6011.0	-0.926
GCGCTG	2.0	616.2	-0.926
TTGTGG	18.0	5928.5	-0.925
TTCCTC	27.0	8204.2	-0.924
GTCCAA	5.0	1873.4	-0.923
TGCCTT	22.0	7480.0	-0.923
AAATGC	18.0	5381.4	-0.922
TGTACG	3.0	457.1	-0.921
AAACTG	14.0	5619.9	-0.920
ATTAGA	8.0	4673.2	-0.920
GGGCCT	8.0	2085.9	-0.920
GGTAGC	6.0	1388.9	-0.920
TGGATT	22.0	6786.8	-0.918
CCATGC	7.0	3388.3	-0.918
GGCAAC	8.0	2033.1	-0.916
CTCAGC	19.0	7733.5	-0.916
CCTATC	7.0	1711.0	-0.916
TATCTA	13.0	3686.0	-0.916
TGCGTC	3.0	459.1	-0.916
GAAATG	22.0	6789.1	-0.916
GTTCGT	2.0	556.4	-0.915
TGCAAG	9.0	3610.6	-0.914
GCAACG	1.0	466.3	-0.913
ATTGTT	23.0	9268.6	-0.913
TGGAGG	11.0	4350.5	-0.912
TCTGAA	15.0	6532.6	-0.912
ATGATA	14.0	4028.5	-0.911
ATACAG	13.0	3692.4	-0.910
TTGATC	14.0	4029.7	-0.910
GGCAGC	4.0	2175.0	-0.908
CCAGCC	12.0	4443.0	-0.907
CTTGAA	16.0	6733.9	-0.907
ATACTG	12.0	3361.7	-0.906
CGCGCA	1.0	173.3	-0.905
CATTAC	6.0	2499.8	-0.904
CTACAT	11.0	3030.6	-0.904
GGTGTC	8.0	2045.4	-0.902
ACCTAG	4.0	2019.7	-0.901
CAGGCC	5.0	2422.8	-0.901
GTGCCT	12.0	3420.2	-0.901
CGAGGC	1.0	773.9	-0.900
TCTCAC	19.0	5760.2	-0.899
AGATGC	9.0	2729.5	-0.898
GCCACA	6.0	2611.1	-0.898
CCATCC	4.0	2747.1	-0.898
TTACAG	23.0	8333.4	-0.897
ATACGC	1.0	338.6	-0.896
GTACAC	6.0	1404.2	-0.896
GCGATT	6.0	1405.3	-0.895
TGCTAG	10.0	2709.2	-0.894
ACAGAA	16.0	6455.6	-0.891
GATTGT	10.0	4033.3	-0.890
TCCGGT	1.0	461.4	-0.890
TATCAC	6.0	2730.7	-0.889
CACTGT	18.0	5428.2	-0.889
CGATCC	3.0	470.3	-0.888
TATCCT	15.0	4400.6	-0.885
ATCACT	14.0	4061.4	-0.884
CAGTTG	14.0	4061.4	-0.884
CGAGGG	2.0	510.3	-0.883
TACCTT	15.0	4607.3	-0.882
CCTCCT	26.0	7916.6	-0.882
TTCGCA	3.0	496.2	-0.881
CAGTTT	34.0	10493.8	-0.879
AAGTAT	17.0	5097.2	-0.878
ACTCAC	9.0	2394.6	-0.878
ACGGAT	3.0	475.0	-0.877
CACAAA	5.0	4889.2	-0.875
AGACCC	8.0	2069.3	-0.874
TCCTAA	12.0	3909.2	-0.873
GAAACG	2.0	914.1	-0.872
GAGTCT	23.0	6859.8	-0.872
CAGATG	9.0	4552.5	-0.871
TATTTG	33.0	11544.8	-0.869
CCCCAC	10.0	2734.8	-0.868
GGTGCG	2.0	944.5	-0.868
GAACGA	1.0	472.3	-0.868
CCACAG	10.0	3514.4	-0.865
TACCCC	3.0	1275.7	-0.863
ACTCCT	15.0	4740.9	-0.863
CGCATC	1.0	390.0	-0.863
TATAGA	14.0	4089.0	-0.862
GATAGT	2.0	2516.8	-0.861
TAGAGT	10.0	3879.4	-0.861
AGCCGT	1.0	451.7	-0.860
GGAATA	13.0	3751.5	-0.860
GTCTCA	16.0	6323.5	-0.859
TCCCCA	15.0	4435.5	-0.859
TATCCC	1.0	2303.4	-0.858
TTACGT	1.0	1091.4	-0.858
TTGGGT	10.0	5106.9	-0.857
CAAGCC	3.0	1911.1	-0.857
ATAGCA	5.0	3268.8	-0.856
TTCTCA	11.0	8038.6	-0.853
GGCCGT	2.0	407.2	-0.851
AGCGTA	1.0	396.4	-0.851
GGCGCG	2.0	1028.6	-0.851
TGACCA	5.0	2905.1	-0.851
ACTAAA	14.0	4104.8	-0.850
TCTTAG	15.0	4446.6	-0.850
GTACGG	1.0	224.9	-0.849
TTTTCT	133.0	42967.4	-0.849
TGAGCT	13.0	4200.8	-0.849
CGGCCC	3.0	617.3	-0.849
AAGCAG	13.0	4594.3	-0.846
TTCAAA	32.0	9816.1	-0.845
GTTCGG	2.0	322.5	-0.845
TTGTGT	27.0	9512.5	-0.844
TCAGTT	25.0	7705.1	-0.843
TTGTGC	8.0	3781.0	-0.842
TGCGCC	1.0	768.8	-0.840
TATGTG	18.0	5500.3	-0.840
CACCAA	6.0	2920.5	-0.838
TGTTAC	7.0	3848.8	-0.837
TAGCCC	3.0	1740.8	-0.837
TTTAGC	12.0	5260.5	-0.834
GGACAC	7.0	1776.9	-0.834
TTTAGG	16.0	6419.6	-0.834
GATTCA	13.0	3783.4	-0.834
GAGTAG	7.0	3822.4	-0.833
AGAACG	1.0	738.1	-0.832
ACGGTA	1.0	433.6	-0.830
CGGAGT	8.0	2110.0	-0.830
CGACAG	1.0	552.9	-0.828
TCCAAA	18.0	5518.5	-0.827
GTGGAT	11.0	3114.8	-0.827
CTGCAA	23.0	6936.7	-0.826
TAAGTT	6.0	6524.7	-0.825
CTCCCA	26.0	8469.7	-0.825
TCAATC	8.0	2416.7	-0.825
CGGACC	1.0	238.0	-0.824
CGAGCC	1.0	461.6	-0.823
CCCCTA	1.0	1465.9	-0.823
CACTTT	21.0	9216.6	-0.822
ACAGGC	12.0	5161.2	-0.822
AGACAG	25.0	7663.7	-0.821
TAGGTA	10.0	2784.8	-0.821
GCATCG	1.0	357.7	-0.820
CTGGTC	4.0	3598.2	-0.819
AAGTTA	15.0	5301.0	-0.819
CTGGCC	13.0	3804.4	-0.817
AACTGC	3.0	2869.8	-0.817
TATGGA	7.0	3538.6	-0.816
ACGCTA	1.0	303.9	-0.814
GATTGC	5.0	3036.9	-0.813
CTACCA	6.0	2206.7	-0.812
TTTACC	15.0	5008.0	-0.812
TGTTTC	33.0	10259.5	-0.812
AGCGGG	3.0	502.3	-0.811
CACTAA	9.0	2460.3	-0.810
CTCAGG	12.0	4381.5	-0.810
TGTCGA	3.0	503.8	-0.809
TTGCCA	8.0	5196.0	-0.808
AGTAGC	14.0	4414.8	-0.807
GGTCTG	9.0	2463.6	-0.807
TCCTGT	14.0	5732.3	-0.807
AATGCT	17.0	5202.9	-0.805
ATGCCT	16.0	4854.7	-0.805
CAGTAG	10.0	3022.7	-0.804
TTCCAA	20.0	6738.6	-0.803
TTCTCG	4.0	1086.7	-0.802
TTTGGG	21.0	9040.8	-0.800
ACAAGT	11.0	3391.1	-0.799
CTGTGT	21.0	6625.0	-0.799
ACCAGT	10.0	2808.2	-0.799
TTACCG	1.0	505.7	-0.798
CCGAAA	3.0	605.0	-0.798
ACGACT	2.0	432.1	-0.797
CAGGAT	10.0	3913.4	-0.796
CATGTA	13.0	3831.1	-0.796
CCATTG	5.0	3925.3	-0.794
TTGTAT	31.0	10715.7	-0.794
TTTGAT	34.0	11998.4	-0.792
ATTTGT	29.0	13137.1	-0.792
ATGAAG	9.0	5485.9	-0.792
ACCCTT	11.0	3154.5	-0.791
GAAATT	20.0	8205.0	-0.791
CCCCGC	1.0	825.7	-0.789
CAGACA	11.0	3613.8	-0.786
AGGGTT	11.0	4180.9	-0.785
ATAGTG	4.0	3092.7	-0.785
CAGGAC	3.0	2174.7	-0.784
TTGAGC	14.0	4193.2	-0.783
CCAGCT	11.0	4784.8	-0.783
TTATGG	15.0	4541.0	-0.782
CACATC	5.0	2844.9	-0.781
GCGACC	1.0	272.1	-0.780
GAACCA	8.0	2717.2	-0.780
AAACTC	10.0	4657.6	-0.779
AAAGGC	12.0	3511.9	-0.778
ATCCAG	6.0	3473.3	-0.778
TAGGAG	4.0	2824.9	-0.777
ACAATG	6.0	3747.4	-0.776
CACGGC	2.0	580.1	-0.775
CGCCTC	8.0	2162.3	-0.774
TATGCA	12.0	3516.8	-0.774
GTATAG	8.0	2163.5	-0.773
TATTTC	35.0	12602.2	-0.773
AGATTA	15.0	4554.5	-0.772
ATATGC	11.0	3180.4	-0.770
CCTTCC	24.0	7399.2	-0.769
AGCGAT	6.0	1501.3	-0.768
AATAAA	16.0	11864.2	-0.768
ACACGA	3.0	522.9	-0.767
TCCTCC	19.0	5968.6	-0.767
ACTCAT	4.0	3647.5	-0.766
GGAGCA	3.0	2707.3	-0.766
AGCGCT	3.0	523.5	-0.765
CAGAAC	10.0	3223.4	-0.765
TAGCGC	1.0	277.3	-0.764
CAGTAC	7.0	1837.4	-0.764
GCCTTG	11.0	3999.0	-0.764
GATGGC	8.0	2174.7	-0.762
GCCCTG	10.0	2850.7	-0.761
CATGGG	9.0	2512.0	-0.760
ACACGC	2.0	465.2	-0.759
ATGTTA	18.0	5626.7	-0.759
AGCTCT	14.0	4580.8	-0.759
GCAGCT	9.0	3036.5	-0.759
TATGTT	28.0	8884.3	-0.757
GTTGCC	17.0	5276.0	-0.757
GTCCGG	1.0	313.5	-0.757
TTTAAA	76.0	24448.1	-0.755
GAAGGA	17.0	5280.4	-0.755
GGCAGT	10.0	2890.9	-0.753
AAATGG	20.0	6349.2	-0.752
CATTCG	3.0	530.5	-0.750
AGGAGA	3.0	5329.3	-0.750
TGCCGC	3.0	531.1	-0.748
TCTGGG	11.0	4604.2	-0.748
GGCTTG	10.0	2866.5	-0.747
GACAAG	9.0	2527.3	-0.746
AGTCAC	7.0	2653.2	-0.746
CCAGCA	14.0	4244.2	-0.746
AATGAA	26.0	8172.5	-0.746
TGGCTG	9.0	5357.3	-0.745
TAAGTC	3.0	2748.4	-0.745
CCTGAC	4.0	3419.5	-0.743
ACGGTC	1.0	345.7	-0.741
AGGCTC	2.0	2615.5	-0.738
CGATTT	3.0	1265.0	-0.737
TTCTTG	34.0	10807.5	-0.736
TTACTG	15.0	5686.9	-0.735
GCAGAG	12.0	4043.8	-0.735
TTTGCC	24.0	7464.7	-0.734
GAACAC	6.0	2371.1	-0.734
AAATTG	22.0	7103.6	-0.733
CCCACA	10.0	2884.7	-0.732
CAGAAA	24.0	7758.7	-0.731
TAGTGG	6.0	2817.8	-0.731
CCTTAA	12.0	3740.8	-0.730
AGGTCC	4.0	1612.8	-0.730
GTGTCC	3.0	2267.1	-0.730
CGCCTG	2.0	1568.0	-0.728
CTATAG	4.0	2334.2	-0.728
TCAAGC	15.0	4620.4	-0.727
GTGTTG	9.0	4230.4	-0.727
CAATAC	7.0	2035.9	-0.727
GTATGT	15.0	4623.4	-0.725
CGGGAG	1.0	953.8	-0.724
CTAAAT	8.0	4572.6	-0.723
TAGACA	11.0	3239.5	-0.722
TGTTAA	21.0	6764.4	-0.721
TTGCCT	23.0	7126.4	-0.721
AGGAAG	15.0	6432.1	-0.721
TACGAA	3.0	549.5	-0.721
CTGTTC	16.0	4984.3	-0.719
AACAAT	10.0	5131.5	-0.719
TTCTCC	31.0	10092.7	-0.717
AATGAG	7.0	4972.5	-0.716
GTACTA	1.0	1599.7	-0.716
ATCTAG	4.0	2367.2	-0.716
GGGGTA	6.0	1546.1	-0.715
TAATTC	17.0	5345.6	-0.715
TCTGCT	20.0	6416.9	-0.714
AATCGC	2.0	504.4	-0.714
TAGAAT	12.0	5953.8	-0.712
AACGTT	3.0	1295.6	-0.712
TCCCAG	19.0	6693.6	-0.712
CGTTGT	4.0	882.8	-0.710
ACGTGG	2.0	850.1	-0.709
TCGTGA	1.0	927.9	-0.708
ATGATC	12.0	3602.6	-0.708
CAAATT	22.0	7153.9	-0.707
TTGTAC	8.0	3486.9	-0.707
AGACTC	7.0	2782.9	-0.707
TCGGGG	3.0	553.0	-0.706
GGTAAG	4.0	2276.4	-0.706
TTACTC	2.0	3778.7	-0.705
AATATT	24.0	12390.7	-0.704
TCGGCT	7.0	2307.8	-0.704
AAGCGG	2.0	503.3	-0.704
TACCCG	1.0	303.0	-0.704
TCTGAC	6.0	3244.6	-0.703
GGACCC	1.0	1260.3	-0.703
AACCAG	11.0	3265.7	-0.702
GCTTAA	7.0	3160.3	-0.700
CGGTCT	2.0	613.4	-0.699
TAATGA	17.0	5372.1	-0.698
AGAAAC	17.0	5374.1	-0.698
GTGCTG	14.0	4910.7	-0.697
TGCCCA	16.0	7290.6	-0.697
GGGCAG	10.0	3055.2	-0.697
GTCCCC	6.0	1563.7	-0.696
CAGTCT	16.0	5023.4	-0.695
ACGAAA	3.0	785.2	-0.695
TTTAGT	21.0	11123.2	-0.695
GTATTC	11.0	3276.6	-0.693
CATGTG	12.0	5161.5	-0.692
GTAGCA	8.0	2248.0	-0.692
GTATGC	6.0	1567.2	-0.691
AGTGTT	9.0	6572.1	-0.690
AGAGTC	6.0	4097.6	-0.689
CAAACG	3.0	707.0	-0.688
TGTTCT	23.0	8189.1	-0.687
GCTTTA	16.0	5037.6	-0.687
GCAACA	4.0	2833.1	-0.687
GATCTG	4.0	3000.3	-0.686
CAACAG	10.0	3344.3	-0.686
CCTAGA	6.0	2583.8	-0.686
CTTCAA	10.0	4998.3	-0.686
AACGGC	1.0	385.9	-0.686
GTGATC	10.0	4599.6	-0.684
AATTTT	80.0	29095.5	-0.684
TCAACC	3.0	2189.6	-0.684
GGACAG	4.0	2582.3	-0.683
TCTTCT	40.0	12873.4	-0.683
GTAGTG	4.0	2319.4	-0.681
AGTAAG	5.0	3135.6	-0.680
CACCAT	4.0	5102.9	-0.680
AGTTGC	10.0	2948.7	-0.679
CTAAAC	8.0	2260.9	-0.679
CACGCC	5.0	1827.9	-0.679
CACTGG	8.0	2987.2	-0.679
TAGATT	19.0	6125.0	-0.677
TATGGG	8.0	2263.1	-0.677
TATTGG	7.0	4295.3	-0.675
TAGGGG	6.0	1583.8	-0.675
GTGGTT	6.0	5131.3	-0.674
CGCTAC	2.0	239.0	-0.672
TGCGGT	2.0	749.0	-0.672
CAAGTA	12.0	3656.6	-0.670
GATGCT	1.0	3077.5	-0.669
TCAAGT	17.0	5443.7	-0.669
TTGCGA	3.0	573.6	-0.668
CGGGGC	1.0	625.1	-0.668
TAATCA	13.0	4009.0	-0.668
GTTGTG	12.0	3659.4	-0.668
GTGTGC	8.0	2879.0	-0.667
CCTCTC	14.0	4366.6	-0.664
TGCCAG	12.0	3665.1	-0.663
CGAAAG	3.0	577.0	-0.663
TCAAAA	22.0	8224.7	-0.663
CGTATC	2.0	372.6	-0.662
AAACAT	18.0	7243.4	-0.661
GGGATT	11.0	6997.4	-0.661
TAGTAG	13.0	4018.6	-0.661
AGGTGC	8.0	2281.8	-0.661
TGCTAT	14.0	4372.8	-0.660
CAATGG	7.0	3597.0	-0.660
TTACAA	11.0	5453.1	-0.660
ATTAAG	8.0	4259.0	-0.658
GAGATT	17.0	5442.3	-0.658
GCCGGA	2.0	509.7	-0.657
AAAATA	25.0	14544.7	-0.656
CGCGCG	2.0	245.5	-0.652
AATACC	6.0	2527.6	-0.652
TCACCC	6.0	4194.7	-0.652
CTGCTG	9.0	4854.5	-0.650
CATATT	20.0	6539.0	-0.650
TCACCA	8.0	4596.1	-0.647
GATCTC	15.0	4749.0	-0.647
CAGCGT	1.0	780.6	-0.646
AGAGAC	3.0	4923.3	-0.646
GCGTCT	3.0	587.4	-0.643
GCTGTG	15.0	4755.0	-0.643
GGGGTT	13.0	4226.1	-0.643
GGGAGC	2.0	1895.7	-0.641
GACCAG	3.0	2434.7	-0.641
TTTCCT	58.0	19140.6	-0.640
AATAGG	10.0	3001.7	-0.639
CCGGTC	1.0	297.1	-0.638
ACCACA	9.0	3951.5	-0.637
CTTAAA	21.0	6929.9	-0.637
GGCTCT	6.0	3199.5	-0.635
TGCCAC	7.0	3613.6	-0.635
TCATTT	51.0	16640.2	-0.635
TCCGCT	3.0	592.3	-0.635
AAGTTC	8.0	4452.3	-0.634
CCTCGA	1.0	625.8	-0.634
GGCCTC	10.0	4061.7	-0.633
ACACTC	3.0	1989.5	-0.633
TTCGTT	5.0	1892.0	-0.632
TGCTGT	20.0	6574.4	-0.632
TTTCAT	46.0	16161.1	-0.631
ACGACC	2.0	253.4	-0.631
TCTACA	11.0	3364.8	-0.629
TGTTGC	23.0	7314.2	-0.628
CAGCAC	5.0	3458.1	-0.628
TCTGTT	30.0	13072.6	-0.628
TTGGTT	29.0	9552.3	-0.628
ATTGCC	7.0	3245.4	-0.627
GGCTAG	6.0	2029.0	-0.625
GTGGAA	8.0	3985.0	-0.625
AACGCT	3.0	598.6	-0.625
CAATAG	8.0	2323.8	-0.625
CCCGCC	1.0	1495.5	-0.624
CGTTCC	3.0	600.5	-0.621
CTTACC	6.0	2208.5	-0.621
CAGCCA	4.0	3599.4	-0.620
CTGCAG	14.0	5036.9	-0.620
GGTTGA	9.0	2679.7	-0.619
CCCACT	12.0	3731.9	-0.619
ATAGGC	4.0	1943.2	-0.619
ACACGG	3.0	602.2	-0.618
GGAGGC	4.0	3685.9	-0.617
ATTATC	8.0	4111.9	-0.616
GGTGGG	10.0	3438.9	-0.616
GAGCCT	4.0	2756.0	-0.616
TCCAGT	12.0	4728.6	-0.616
ATCACC	6.0	2535.4	-0.615
ATCCTT	11.0	6112.6	-0.614
CTCTCT	29.0	9588.3	-0.613
CCCCCC	6.0	1644.7	-0.611
CATAAA	17.0	5528.2	-0.611
AGTTCT	21.0	6984.2	-0.611
GCCATA	4.0	1779.1	-0.611
GCTGAA	9.0	4327.1	-0.611
GTGCCA	5.0	3277.3	-0.611
TTACGG	1.0	562.8	-0.610
AGTATA	10.0	3644.0	-0.610
AACGAT	3.0	607.8	-0.610
TGTCTT	28.0	10970.4	-0.610
GACCCC	5.0	1299.4	-0.609
ACTACC	4.0	1394.1	-0.609
TCTGTA	18.0	5894.7	-0.609
TTTATT	113.0	38890.3	-0.608
TTATTT	119.0	39696.0	-0.608
TTTCTT	117.0	46766.0	-0.608
TTCTTT	104.0	44998.4	-0.608
ACCCCG	2.0	551.2	-0.607
ATCGAC	1.0	263.0	-0.607
CATCTA	5.0	3096.5	-0.607
CCTACT	5.0	2482.8	-0.607
ACTCCG	3.0	680.5	-0.607
TCCTCT	21.0	6993.1	-0.606
AGACCA	6.0	3229.4	-0.605
ATCCAC	7.0	2712.7	-0.605
CCCAGC	16.0	5180.3	-0.605
TTACAT	16.0	7543.4	-0.605
TGCGAT	4.0	957.6	-0.604
AGTAGA	15.0	4824.6	-0.603
GTTTGT	32.0	12150.1	-0.603
TAAAAC	18.0	5906.2	-0.603
TGGGCT	14.0	4471.0	-0.601
TAGCAA	2.0	3323.6	-0.600
CTATCG	1.0	330.8	-0.598
CTACGA	1.0	343.7	-0.597
CGACTC	1.0	443.2	-0.596
GCCTGC	5.0	2549.5	-0.595
GATCCT	10.0	3063.0	-0.595
GACTAC	6.0	1934.7	-0.594
CGCTTT	1.0	1172.7	-0.594
GTATGG	7.0	2010.6	-0.594
CCTGTA	6.0	3918.2	-0.594
TAGTAC	5.0	1813.1	-0.592
TCTAGT	12.0	3773.6	-0.592
GGGCAC	6.0	1664.2	-0.592
CTCTTC	7.0	6159.3	-0.591
CAGGGG	1.0	2233.3	-0.590
CCTTCA	15.0	4849.1	-0.589
GATACC	1.0	1398.3	-0.589
CTCGAG	3.0	621.0	-0.589
TATGGC	6.0	2356.9	-0.588
TTTATA	40.0	13148.2	-0.588
CCTTGA	6.0	4256.8	-0.587
AGCCAG	7.0	3647.4	-0.587
TGCATC	8.0	3298.7	-0.586
GTTCAC	9.0	3069.4	-0.586
CCACAC	7.0	2894.0	-0.586
AAGATA	11.0	4873.6	-0.585
ACCGGT	2.0	271.7	-0.585
CACGCT	1.0	612.4	-0.585
GTAACA	9.0	2724.2	-0.584
ACTGCC	7.0	2435.0	-0.584
GCCCCT	7.0	2023.2	-0.584
GTGCTT	14.0	4504.9	-0.582
CGGCGC	1.0	273.7	-0.580
TGATTT	41.0	15587.3	-0.580
AGGCCG	4.0	977.0	-0.580
TTCTGG	18.0	7458.0	-0.579
AGCCTG	14.0	4508.5	-0.579
CATCTC	14.0	4509.3	-0.579
CAGTCA	10.0	3087.3	-0.577
CCCCGT	2.0	593.7	-0.576
ATGCTG	14.0	4513.7	-0.576
ATCATA	10.0	3672.6	-0.574
GGTATT	13.0	4160.1	-0.574
AGGCAC	9.0	2785.9	-0.573
GTTGGT	11.0	3669.8	-0.573
AATGGC	6.0	3926.9	-0.573
AGTCAA	9.0	3086.8	-0.571
CTGACC	10.0	3096.1	-0.571
ATGACC	4.0	2051.5	-0.571
CCTTTG	17.0	7528.5	-0.570
GACCGG	2.0	299.3	-0.570
GTTAAT	4.0	4758.3	-0.569
ATGCAT	13.0	4167.8	-0.569
TGATCA	12.0	3810.6	-0.569
CACATT	18.0	6183.6	-0.568
TCCTTA	15.0	4888.3	-0.568
TTAGGT	10.0	4347.0	-0.567
CTCTGA	13.0	5329.3	-0.567
CACCGA	1.0	369.9	-0.566
CGAGGT	3.0	635.9	-0.566
CCCACC	12.0	3816.4	-0.565
ATTCAT	22.0	7457.7	-0.564
CGTGCC	4.0	990.4	-0.564
GACATA	8.0	2399.8	-0.564
TTAACA	13.0	6017.7	-0.563
CTTTCA	17.0	8858.1	-0.562
GTACGA	2.0	281.3	-0.562
GATGTG	3.0	3503.1	-0.562
GAGCAT	6.0	3165.0	-0.561
GGCCAG	10.0	3651.9	-0.561
GGGCTG	10.0	3111.8	-0.561
GCAGGT	1.0	2707.3	-0.559
CCCTAG	6.0	1699.6	-0.559
TTCCCT	14.0	8216.3	-0.557
CGGCCA	3.0	641.7	-0.557
ACCCAC	7.0	2160.7	-0.556
CAGCTA	2.0	3211.3	-0.555
CATCGT	3.0	642.9	-0.555
TCACAT	6.0	4970.6	-0.553
TAGCAG	9.0	2947.4	-0.553
TCTAGC	7.0	2223.9	-0.553
TGGGCG	2.0	933.8	-0.553
ATACGT	2.0	842.2	-0.552
TATTAA	22.0	7487.9	-0.552
CTCACC	5.0	2869.4	-0.551
TATTCA	19.0	6380.7	-0.550
TCCACA	4.0	3782.6	-0.550
ATACCC	3.0	1563.5	-0.550
ATTATG	16.0	5285.4	-0.550
AAGAGA	14.0	6762.9	-0.549
ATCATT	20.0	6754.6	-0.548
ACCCCC	3.0	1479.6	-0.547
AACAAG	12.0	3847.6	-0.547
GATCAC	5.0	2365.8	-0.547
AAGGTT	8.0	4341.6	-0.547
TGCCGT	3.0	648.9	-0.546
GCGCTA	2.0	288.9	-0.546
CGCGGC	1.0	288.4	-0.546
GGCTTC	7.0	3102.2	-0.545
CGGATA	2.0	290.2	-0.542
GCAATT	10.0	4612.5	-0.541
ATAGCT	11.0	3500.9	-0.541
CGTGCT	3.0	652.0	-0.540
TCGAGA	2.0	793.6	-0.540
TTATGT	22.0	8255.2	-0.540
GGACTG	7.0	2341.5	-0.539
CGGAAA	1.0	740.7	-0.539
CATTGA	10.0	4679.2	-0.539
GGAAAC	8.0	3642.1	-0.538
GCCTTC	9.0	3548.8	-0.538
GACAGA	9.0	6047.5	-0.538
CGCTAA	1.0	292.9	-0.537
CGATAG	2.0	292.1	-0.537
TATCCG	2.0	292.4	-0.537
CCCCTT	12.0	3864.1	-0.537
TCTTGC	20.0	6779.2	-0.537
GGCACC	6.0	1727.0	-0.536
GAGAGC	4.0	2369.8	-0.534
GTAGAA	8.0	3845.3	-0.533
CGACCC	1.0	294.3	-0.533
GTAGTT	6.0	4849.4	-0.533
GTCGAT	1.0	300.0	-0.532
AATACG	3.0	665.8	-0.531
TTCCCA	19.0	6424.6	-0.531
AACATG	9.0	4495.7	-0.531
TATTAT	27.0	10458.0	-0.530
CAGGGT	12.0	3878.6	-0.529
TTCCTT	57.0	19137.4	-0.529
GAGTGT	9.0	3180.2	-0.528
TTTGGT	32.0	11183.2	-0.528
GCTACT	8.0	2448.3	-0.528
AACTCC	13.0	4466.5	-0.527
CCAAGT	10.0	4037.1	-0.527
CCATCT	15.0	4967.8	-0.527
CATCTG	12.0	4447.2	-0.527
AAGGAG	14.0	4607.9	-0.525
ACGTCT	1.0	752.7	-0.524
GTAACC	1.0	1564.8	-0.523
TTCTTC	41.0	13757.4	-0.523
TAAAGG	5.0	4026.2	-0.523
GCGCTT	1.0	586.9	-0.522
ATAGAA	14.0	5340.1	-0.521
TGCTTT	31.0	14366.8	-0.519
CTTCGA	1.0	573.8	-0.518
GTCATC	8.0	2462.4	-0.517
AAGTTT	28.0	11209.6	-0.517
GCGTAG	1.0	302.0	-0.516
CTGACA	10.0	3181.5	-0.516
ACTATC	6.0	1749.9	-0.516
CTCCGT	4.0	1032.6	-0.515
TCCATG	13.0	4266.5	-0.514
CCGCCC	1.0	1051.8	-0.512
CAGTTA	12.0	3909.1	-0.512
ATCCTA	8.0	2472.2	-0.511
TGGTAG	11.0	3550.6	-0.511
GTAGAC	1.0	1408.0	-0.511
CCGTTC	1.0	447.4	-0.510
GATTAG	2.0	2471.5	-0.509
ATACCG	1.0	306.5	-0.508
AACCGG	2.0	306.5	-0.508
GAATCG	2.0	569.8	-0.507
CGAATA	2.0	454.5	-0.506
ACGCTG	3.0	685.4	-0.506
CACGTC	1.0	608.7	-0.506
ACAGGA	3.0	3711.6	-0.506
CTGAAC	6.0	2774.4	-0.505
CAGTTC	9.0	4088.7	-0.505
GGTGCC	6.0	1762.7	-0.505
ACCGGA	2.0	308.9	-0.504
ATGCCC	8.0	2481.8	-0.504
CTCCTA	6.0	3039.3	-0.504
CTCGGA	1.0	493.3	-0.504
AGTTCC	2.0	3376.5	-0.503
TATCTC	8.0	4308.5	-0.503
TACCGA	1.0	309.7	-0.502
CCTCTG	17.0	5752.3	-0.502
CAGAGG	7.0	3932.0	-0.502
CGTATG	1.0	480.5	-0.500
AAAACT	23.0	7615.3	-0.500
TCTTTC	26.0	19726.7	-0.500
ACTATT	9.0	4799.8	-0.499
TCGTAT	3.0	683.9	-0.499
CAAGTC	8.0	2489.3	-0.499
GCTGGG	23.0	7619.0	-0.498
CCTGAT	8.0	3177.4	-0.498
TGCGCT	1.0	563.3	-0.498
GCCCTT	8.0	3314.4	-0.498
TCTATC	10.0	3213.5	-0.497
CCGGAT	1.0	420.6	-0.497
GGTCTA	2.0	1788.3	-0.497
CTTACA	11.0	3575.4	-0.496
GATTAC	12.0	5394.6	-0.495
CCGGAC	1.0	314.0	-0.495
TCTCCT	18.0	9236.3	-0.494
CCGTGC	3.0	688.6	-0.493
CTGTTG	20.0	6888.2	-0.491
CCGCCA	3.0	689.8	-0.491
TGTTCC	11.0	4685.8	-0.491
TACCTA	5.0	2441.1	-0.490
TATGAT	10.0	4636.1	-0.489
CTGCCC	5.0	3179.3	-0.488
TGCTTA	14.0	4682.6	-0.488
AAATAT	36.0	12288.8	-0.485
CACGAC	2.0	318.4	-0.485
CATAGA	6.0	3111.2	-0.485
GAGCCG	3.0	695.8	-0.484
GGCAAT	5.0	2373.1	-0.483
TGGCGT	4.0	1157.0	-0.482
CTCCCC	5.0	3325.8	-0.482
ATAGGT	9.0	2875.1	-0.482
ACCCAG	16.0	5429.1	-0.481
TCAGAG	6.0	4775.8	-0.481
CTTCAG	13.0	5568.2	-0.481
ACAGTT	16.0	5474.7	-0.480
CTCTTG	17.0	6331.3	-0.477
GCTAAC	1.0	1349.4	-0.477
GCTATT	13.0	4342.0	-0.475
GGTTGC	7.0	2347.9	-0.475
TACAGA	14.0	4714.4	-0.473
TAGTGT	11.0	3620.6	-0.471
AGTACA	10.0	3259.5	-0.470
GATCCA	8.0	2535.6	-0.469
TTCCAT	25.0	8457.2	-0.469
AAAATC	20.0	6951.9	-0.467
TGTGAT	16.0	6668.7	-0.467
TAGAAC	6.0	2787.5	-0.465
ATTACA	24.0	8088.1	-0.464
TTTACA	18.0	9409.3	-0.464
ATTTTC	45.0	17974.8	-0.463
TTATAT	28.0	9896.9	-0.463
CCACTG	14.0	4736.8	-0.462
GTGAGA	8.0	4555.0	-0.462
TTGAAT	26.0	9425.6	-0.461
CCCGTA	2.0	332.3	-0.459
GACAGT	9.0	3144.8	-0.459
TTCTGC	20.0	6973.9	-0.459
AGAATG	14.0	5977.9	-0.458
TTCAAT	19.0	6599.1	-0.458
TAGCAC	1.0	2045.3	-0.458
ATTGAG	12.0	4575.0	-0.457
TCGACC	2.0	334.8	-0.456
AGTCGA	1.0	334.9	-0.456
TTAATT	33.0	15870.1	-0.456
CTCACG	1.0	988.1	-0.455
GATCCC	5.0	1720.8	-0.455
CTGTCT	18.0	6236.9	-0.454
GCACTA	5.0	1462.9	-0.453
AGGATC	6.0	2259.3	-0.453
GCATGG	8.0	2677.9	-0.453
GTCTCC	10.0	3290.1	-0.453
ATTTTA	56.0	23520.2	-0.452
ACTAAC	1.0	1654.7	-0.452
AAACAC	13.0	4390.8	-0.452
AGGGTG	4.0	2639.1	-0.451
ATCTCT	12.0	5952.3	-0.451
ATTAGT	11.0	4388.2	-0.450
TATCGC	1.0	339.1	-0.447
GGGTAC	1.0	1360.6	-0.447
GCCTAG	4.0	2212.5	-0.447
ATATTT	51.0	18527.3	-0.447
AAAAGC	7.0	5140.3	-0.445
AGGAAC	9.0	2938.4	-0.445
CGAATT	3.0	727.2	-0.445
TAAAAA	37.0	15113.0	-0.444
AATAGT	13.0	4407.8	-0.444
ACGTTG	2.0	903.1	-0.444
ATTCGC	2.0	342.3	-0.442
ATCGGC	2.0	342.3	-0.442
CCCTTG	9.0	2944.4	-0.441
CGGTAT	1.0	343.6	-0.441
TCGCCT	3.0	731.0	-0.440
TAAACC	4.0	2574.5	-0.439
GACAGG	11.0	3681.2	-0.439
GATGCG	1.0	344.8	-0.439
CGCACT	1.0	420.9	-0.438
GCGAGA	1.0	712.9	-0.438
TTTCCA	25.0	11927.8	-0.436
TGGTCG	2.0	346.0	-0.436
TCGGTA	1.0	346.4	-0.436
CACATA	11.0	3689.4	-0.435
GTTTCT	23.0	10646.7	-0.435
GAGCCA	14.0	4797.3	-0.435
CCACAA	4.0	3016.3	-0.434
CCGAGC	1.0	485.1	-0.434
CATAGT	2.0	3141.9	-0.433
GAAAGG	13.0	4430.2	-0.433
GGAGAT	4.0	3345.7	-0.433
TCGCTA	1.0	348.7	-0.432
GACGTC	1.0	348.7	-0.432
TCCATT	22.0	7807.9	-0.430
AAATGT	29.0	10415.8	-0.430
GCTTAC	6.0	1938.1	-0.429
ATATCA	12.0	4071.3	-0.428
ATAGCC	6.0	1864.3	-0.428
AGTGGT	15.0	5185.3	-0.427
CTAGTT	12.0	4074.9	-0.427
AGTCTC	18.0	6306.3	-0.427
ATCCGT	2.0	504.9	-0.427
TAATAG	10.0	3747.9	-0.426
GTGCAT	9.0	2972.2	-0.426
CCTACG	1.0	353.9	-0.424
ATCCCC	6.0	1871.0	-0.424
AGCGAC	1.0	354.6	-0.423
ATCAGC	8.0	2611.6	-0.421
TTGATA	16.0	5573.2	-0.421
TGTCAA	9.0	4218.6	-0.420
ATGGCT	9.0	3980.7	-0.419
CCTGGT	6.0	3252.3	-0.419
TTGGGC	4.0	3050.4	-0.418
AAAGCA	16.0	6473.9	-0.418
GATAGG	6.0	1899.9	-0.416
GCGGTG	2.0	895.1	-0.416
TAGCGG	2.0	359.1	-0.415
AGCCCG	2.0	548.9	-0.414
CAAAAT	22.0	8000.1	-0.413
CCCTGC	7.0	2997.3	-0.413
TAGGAA	4.0	4628.9	-0.412
CTATCT	10.0	3370.3	-0.410
AGCACT	5.0	4086.2	-0.409
ACGCTC	1.0	363.1	-0.409
GCAAGG	3.0	2176.6	-0.408
AGGTTT	18.0	7720.5	-0.408
AAGGAT	4.0	3974.8	-0.407
TCCCGT	2.0	664.2	-0.407
TTAATC	8.0	4956.1	-0.406
GACGTA	1.0	365.4	-0.406
GCTGCC	3.0	2357.5	-0.405
TAGATG	10.0	3382.7	-0.404
GAAAAT	14.0	9174.3	-0.403
TGAGAT	23.0	8259.5	-0.403
GTTCCA	4.0	3424.1	-0.401
CTATCA	8.0	2651.9	-0.399
TCACGT	1.0	1019.1	-0.399
TATGCT	11.0	3765.7	-0.398
CCCATA	6.0	1908.2	-0.398
TCTGGT	9.0	4326.8	-0.397
ATAATA	18.0	6389.1	-0.396
GTCCTT	4.0	4540.3	-0.396
GCGACT	1.0	372.1	-0.395
CGTAGG	1.0	372.9	-0.395
TATATG	15.0	5270.5	-0.393
GCCCAT	7.0	2330.9	-0.393
CGGCAT	2.0	374.3	-0.392
CGTCTT	3.0	956.3	-0.392
ATGGTA	7.0	3856.2	-0.391
CGGGAC	1.0	376.6	-0.389
CGGACA	1.0	377.7	-0.388
AATAGA	12.0	4890.1	-0.388
AAGTCT	1.0	5073.3	-0.388
CTGCTC	10.0	3417.7	-0.387
TGTCAG	6.0	4427.8	-0.387
ATTTCG	1.0	984.8	-0.386
GTCGAG	2.0	379.8	-0.385
GCTTCC	5.0	3787.5	-0.385
AGGTGA	12.0	4167.1	-0.385
AGCCCT	9.0	3050.0	-0.384
CCGGCT	2.0	1079.6	-0.384
ACTCGA	1.0	433.0	-0.384
ACCGTC	1.0	380.4	-0.384
TTATAC	7.0	3882.0	-0.383
GAGCTA	2.0	1923.4	-0.382
TACGCA	1.0	381.5	-0.382
TTTCCG	3.0	1288.2	-0.382
ATATTA	19.0	6812.4	-0.381
TTTAAT	34.0	17963.3	-0.381
GAAATA	20.0	7196.5	-0.380
GGTTTC	16.0	5682.2	-0.379
AGTGCT	9.0	5618.3	-0.379
AGAACC	7.0	2526.1	-0.378
TCATGC	7.0	3131.6	-0.378
CATACA	9.0	3063.4	-0.378
GCACCG	1.0	384.9	-0.378
CGGGAA	1.0	660.0	-0.378
GAGCAG	9.0	3444.1	-0.377
TCTTCA	12.0	7566.2	-0.376
AGCTTC	6.0	3748.7	-0.376
TTGGCT	22.0	7977.2	-0.375
GATATT	13.0	6407.8	-0.374
ACCCGA	2.0	387.9	-0.374
GGCGCT	2.0	624.7	-0.372
TCTGGA	7.0	5340.6	-0.371
CAAGGT	7.0	2994.2	-0.371
TGAAAG	14.0	6217.9	-0.371
GCCAGT	4.0	2800.9	-0.369
TCGGCA	1.0	391.0	-0.368
ACCCGT	1.0	391.4	-0.368
CACATG	10.0	3457.5	-0.368
AAAATG	32.0	11130.8	-0.368
CATGAC	3.0	2096.2	-0.367
GCTTCA	6.0	3714.7	-0.367
TAATCT	11.0	5032.5	-0.366
TGTCCG	1.0	424.2	-0.366
CCGTTA	1.0	394.7	-0.366
GCTAAG	6.0	1960.0	-0.366
ATAGTT	15.0	5896.3	-0.365
AGCTAG	1.0	2146.1	-0.365
AGGCAG	14.0	4966.9	-0.365
GGAGGA	12.0	4516.1	-0.365
GCGACA	1.0	485.7	-0.363
AAGGCA	12.0	4222.4	-0.362
TATATT	32.0	11157.6	-0.361
TTAGCC	7.0	3301.7	-0.361
ACTGTC	5.0	2803.0	-0.361
CCGTTG	1.0	494.0	-0.359
CGTTAC	2.0	400.0	-0.359
TAATTT	33.0	21029.2	-0.359
CGCTTA	2.0	430.6	-0.358
CGTCAA	1.0	400.5	-0.358
CGTCTA	1.0	400.4	-0.358
GTGTTC	5.0	3545.2	-0.357
CTAGAG	5.0	2788.7	-0.357
CTCCAG	12.0	4937.7	-0.356
GGATCC	2.0	1471.2	-0.356
TGTCCA	10.0	3485.8	-0.356
AACATT	22.0	8044.9	-0.355
GACTCT	4.0	2973.5	-0.355
TCTTGA	17.0	7339.6	-0.355
CGCCAT	2.0	923.7	-0.355
TCAGGC	9.0	3111.9	-0.354
GGAGTC	11.0	4275.7	-0.354
AGGCGT	3.0	1468.4	-0.353
CCGTCC	1.0	404.5	-0.353
AGGTAC	5.0	1600.0	-0.353
GTGTAT	13.0	4626.7	-0.351
CCCTGA	9.0	3120.0	-0.351
AGTTTC	22.0	8632.1	-0.350
GGAGCT	5.0	2811.3	-0.349
CGATAT	1.0	407.9	-0.349
TTGCTT	18.0	12180.9	-0.347
GTAAGA	9.0	3127.4	-0.347
CTAGTG	4.0	2113.9	-0.344
GCTTCT	13.0	4652.2	-0.344
GTAGGC	3.0	1337.1	-0.344
GAATAG	6.0	3325.6	-0.344
GCTACC	4.0	1226.0	-0.343
TTTCTG	37.0	16123.5	-0.343
ACGATG	2.0	559.8	-0.343
AGCTAT	9.0	3137.2	-0.342
AGTAAA	15.0	5408.8	-0.342
TGGGTA	4.0	3115.4	-0.342
TATTTA	37.0	16874.7	-0.341
TCCGAT	1.0	413.9	-0.341
CCCCTG	6.0	2565.9	-0.341
GTAAAT	15.0	5416.5	-0.339
CATCGA	1.0	416.0	-0.338
GTGTGT	16.0	10037.4	-0.337
AATGAC	8.0	3694.8	-0.336
TCTTTG	35.0	12470.6	-0.336
GAGGTC	3.0	2142.1	-0.335
GGACGC	1.0	418.4	-0.335
GTGTCG	1.0	418.7	-0.335
TATACC	6.0	2151.1	-0.335
TCTCAA	17.0	6192.8	-0.335
TACGGA	1.0	419.1	-0.334
GAGGGA	10.0	3537.9	-0.333
CGATTG	2.0	421.9	-0.332
GGGAGG	13.0	5101.6	-0.331
ATCAGA	12.0	4300.9	-0.331
TCCCTC	13.0	4891.6	-0.331
GGTAAT	8.0	2785.0	-0.330
TAGTTT	33.0	12216.1	-0.329
GGCGAT	2.0	423.4	-0.329
TAAACA	16.0	5830.1	-0.328
GGTTCC	3.0	2134.0	-0.327
TAACAT	14.0	5071.8	-0.327
TACTTT	32.0	11302.1	-0.327
GTCATT	12.0	5417.7	-0.326
ATCAGG	8.0	2794.9	-0.326
TAAAGA	18.0	6604.3	-0.326
AGATGG	19.0	6992.8	-0.325
TGTCTC	8.0	5927.1	-0.325
TGGCTA	7.0	4171.1	-0.324
AGACGT	2.0	789.3	-0.324
CTTACT	6.0	4391.9	-0.323
CTACTT	11.0	4431.5	-0.323
CTGGGC	12.0	4666.2	-0.322
CAGGTG	13.0	4711.0	-0.320
TCAGAT	9.0	5458.1	-0.320
ATAGGA	8.0	3027.5	-0.319
TAACAA	9.0	4412.5	-0.317
TGTCAT	16.0	5866.1	-0.317
GTAGGG	5.0	1657.5	-0.317
TATGGT	5.0	3589.8	-0.316
TTAGGG	5.0	3295.8	-0.316
CACTCG	1.0	435.8	-0.315
CTGATT	17.0	6258.3	-0.314
ATGGCG	3.0	862.7	-0.314
TATACT	11.0	3966.6	-0.314
CCACAT	8.0	3822.9	-0.313
GACGCT	1.0	437.6	-0.313
CTGTAG	7.0	3930.0	-0.313
ACGGGG	1.0	852.6	-0.312
ATGAGG	6.0	3401.9	-0.311
GTATAT	6.0	5186.5	-0.310
AGATAG	5.0	3305.4	-0.310
CCCTCA	5.0	2809.0	-0.310
ACAAAT	7.0	6303.7	-0.308
GTCCAC	4.0	1276.0	-0.308
CCTTGG	12.0	4363.3	-0.308
GGCGAC	1.0	442.0	-0.308
GATGAT	11.0	3984.6	-0.307
AGGATA	3.0	3135.7	-0.307
TGTCAC	7.0	5204.9	-0.306
TTGTAG	16.0	6280.8	-0.306
CATAGC	6.0	2067.4	-0.306
ATTCAG	9.0	5654.1	-0.305
AATTTC	27.0	9801.8	-0.305
TGGGAT	13.0	7564.6	-0.305
GAGCTC	7.0	2457.4	-0.304
CCTCAA	8.0	3998.2	-0.303
CCACTC	6.0	2564.8	-0.303
GCTCTG	17.0	6298.5	-0.302
GATTTC	17.0	6299.0	-0.302
AGGCAT	6.0	4698.6	-0.302
GGATCA	5.0	2451.5	-0.302
CCCTTA	7.0	2462.9	-0.302
GCTGTA	8.0	2851.0	-0.301
ACTCTC	8.0	2852.5	-0.300
GGCGGA	1.0	758.7	-0.300
ACTAGT	4.0	2049.3	-0.300
CTCTTA	12.0	4388.7	-0.299
TCATAG	8.0	3476.6	-0.299
TCCCTA	8.0	2855.2	-0.299
AATCAA	4.0	4440.0	-0.298
TTTGCT	19.0	13534.2	-0.297
TCATGT	13.0	5753.6	-0.297
CTGTAA	15.0	5546.4	-0.297
GGGTAG	2.0	1718.0	-0.295
ACATTT	26.0	14088.6	-0.295
TGTCTA	10.0	3635.6	-0.294
GTTCAT	13.0	4965.0	-0.294
GTTCCG	2.0	456.6	-0.293
CCTGAA	13.0	4790.6	-0.293
CCCGAC	1.0	457.1	-0.292
GGCATG	11.0	4381.5	-0.292
CGCCCT	2.0	636.4	-0.292
TACTGA	6.0	4062.9	-0.291
CCCGCA	2.0	458.8	-0.291
GGAATG	8.0	3976.2	-0.291
CAATTG	3.0	2889.1	-0.290
AGTATC	7.0	2489.2	-0.289
CACCCT	7.0	2489.5	-0.289
GGATGC	2.0	1808.1	-0.289
GGAGAC	8.0	2882.8	-0.287
TTAGCG	2.0	462.3	-0.287
GTCGTG	1.0	463.4	-0.286
GTAATA	4.0	3232.1	-0.284
TAGGGC	1.0	1512.5	-0.283
TGAAAC	13.0	4976.5	-0.282
ATAAGC	7.0	2506.3	-0.282
CCTGCT	11.0	4056.8	-0.281
GGCGTG	6.0	2117.5	-0.281
TGGGCA	6.0	4086.8	-0.280
AGGTTC	9.0	3287.6	-0.280
TCCTAG	7.0	3188.9	-0.280
TTACCC	7.0	2511.6	-0.280
GCGTTC	2.0	522.4	-0.279
TAGGCT	5.0	2803.0	-0.278
ACTAAT	5.0	3466.2	-0.277
TCGATG	2.0	472.8	-0.277
CTTTCT	41.0	21093.3	-0.277
GCTAAT	4.0	4314.9	-0.276
ATTTAT	40.0	18733.3	-0.276
CAATCA	8.0	2912.5	-0.275
CATGTT	16.0	7089.4	-0.275
TCAGTC	9.0	3301.2	-0.275
TGGTAC	2.0	2009.6	-0.274
ACTAGA	7.0	2525.2	-0.274
GGGTGA	7.0	2525.3	-0.274
AAAATT	27.0	15288.4	-0.272
TATATC	10.0	3697.5	-0.272
CCAGGT	11.0	4084.1	-0.272
GAGACC	7.0	2533.4	-0.271
GTCAAA	9.0	3313.3	-0.270
AGTTTA	20.0	7585.7	-0.270
CACCCG	3.0	923.9	-0.269
GGTATG	6.0	2145.6	-0.268
GTATCA	7.0	2542.1	-0.267
TCCGTA	2.0	483.5	-0.267
CTATCC	5.0	1751.0	-0.266
AAGACA	14.0	5265.5	-0.265
CGTCAG	2.0	485.1	-0.265
ATATAA	17.0	6439.2	-0.263
TTGCTG	20.0	7615.2	-0.263
TGTGCT	13.0	4886.4	-0.263
ATGACG	1.0	487.7	-0.263
GCCGTT	1.0	487.2	-0.263
ATCTTC	11.0	5020.6	-0.262
AAATTC	19.0	7227.5	-0.262
CGTTGA	1.0	605.6	-0.262
GCGTGA	5.0	1762.8	-0.260
TACCGT	1.0	492.1	-0.258
TCACGC	1.0	1130.8	-0.258
TACTCA	8.0	2956.4	-0.258
AGGGGC	4.0	1917.5	-0.258
ACGTCA	2.0	493.8	-0.257
TATCAA	5.0	4078.3	-0.257
AGGACA	9.0	3352.0	-0.256
GGGGCG	1.0	700.7	-0.255
ACAAAG	13.0	4913.9	-0.255
ATCAAA	5.0	4928.4	-0.254
AGGCGA	2.0	497.6	-0.254
CCTTCT	14.0	7285.1	-0.254
ATGTCG	1.0	498.2	-0.253
TTATAA	19.0	8167.0	-0.253
CACTAC	1.0	1708.1	-0.253
CTAATA	9.0	3364.8	-0.252
AACGAA	2.0	733.3	-0.252
AAAGGT	3.0	4061.6	-0.252
GAGAGA	17.0	6487.9	-0.251
ACCATC	5.0	2384.3	-0.251
CCTCAG	19.0	7275.6	-0.250
TTTCTA	19.0	12801.7	-0.250
ACCTTC	3.0	3147.2	-0.250
ATGGGG	4.0	3704.4	-0.250
TAGGTG	5.0	2707.0	-0.248
CGATGT	2.0	504.5	-0.248
AATCAG	5.0	4196.5	-0.247
TGTGTC	5.0	5250.7	-0.247
GCAGGA	9.0	3378.9	-0.247
TGGGAA	15.0	5722.2	-0.247
TTGATG	16.0	6117.2	-0.246
GAGATC	4.0	2600.2	-0.246
TACTTA	6.0	4353.6	-0.245
CCAGAT	5.0	3170.5	-0.245
GCGCCA	2.0	680.8	-0.245
GCATCA	3.0	2307.6	-0.244
GTTGTC	8.0	2994.1	-0.244
ATCATG	6.0	4096.8	-0.244
TAATAC	7.0	3184.9	-0.243
AAATAA	23.0	13197.1	-0.241
ACATAC	6.0	2724.4	-0.241
ATAACG	1.0	513.1	-0.240
AAATTT	45.0	17836.6	-0.240
AGTCTT	8.0	7791.4	-0.239
CCTTGC	8.0	3235.5	-0.238
CTAAGT	5.0	3158.7	-0.238
ATACAC	7.0	2614.8	-0.238
TTCTAA	15.0	7957.7	-0.238
GTCACG	2.0	516.6	-0.238
AACTCG	1.0	516.9	-0.238
GGGGAC	1.0	1521.2	-0.237
GTGGGA	7.0	3564.5	-0.235
CTCGTC	1.0	520.9	-0.235
AATTTA	21.0	11211.8	-0.234
GCATCT	9.0	3491.9	-0.234
AAGGGT	2.0	2675.5	-0.234
GGACCA	4.0	1639.9	-0.233
AACAGC	4.0	2894.8	-0.233
TTGATT	25.0	11602.0	-0.233
ACAGGT	10.0	3817.0	-0.232
TGTTCA	12.0	6744.8	-0.232
GGTAGG	5.0	1852.8	-0.232
GCGGCT	1.0	524.2	-0.231
GATTCT	14.0	6802.1	-0.231
ACACAA	7.0	3885.4	-0.231
GCCGCT	2.0	525.6	-0.231
GGCACT	6.0	2235.8	-0.230
GGTGAG	5.0	3098.8	-0.229
ACCCCT	6.0	2237.4	-0.229
CTGCGA	2.0	527.2	-0.229
GGCATT	5.0	3801.5	-0.229
GCTTGG	2.0	2983.8	-0.229
TGAAAT	26.0	9768.9	-0.228
CTATTC	9.0	3437.5	-0.228
AATGCC	8.0	3098.2	-0.227
GCTGCT	5.0	3715.8	-0.227
ACCCAT	2.0	2494.7	-0.227
ATGTAA	7.0	5613.4	-0.226
GGCTGT	6.0	3417.9	-0.226
CGCCAC	3.0	993.4	-0.226
ATGCTT	15.0	5808.2	-0.225
AAGTCA	7.0	4585.0	-0.224
AAATGA	21.0	8881.1	-0.224
CATCAA	7.0	3192.4	-0.223
CCCTCC	5.0	4148.2	-0.223
CCCTAT	5.0	1845.1	-0.223
CCTTTC	19.0	8251.4	-0.222
TCGAGG	2.0	538.2	-0.222
CTTGGG	4.0	3954.6	-0.222
TCATAT	15.0	5826.4	-0.221
TGAGCA	10.0	4373.2	-0.221
GGAGCC	4.0	1916.8	-0.220
AGTGTC	7.0	3105.8	-0.220
GTCTAT	8.0	3067.0	-0.220
CAGCGC	1.0	540.2	-0.219
TTTACG	3.0	1007.6	-0.218
TATTAG	9.0	4669.5	-0.217
TACAAG	1.0	3033.0	-0.217
GTATCT	10.0	3952.2	-0.216
TTCTGT	17.0	12713.9	-0.216
TTGGTC	9.0	3476.1	-0.216
AAAGTT	22.0	8631.0	-0.216
AGGAGC	7.0	2679.5	-0.215
CGGAGC	2.0	546.6	-0.215
TGTGCA	11.0	4832.4	-0.215
TGCTCG	1.0	547.4	-0.214
CTAGAC	1.0	1477.1	-0.214
CCATGT	13.0	5068.4	-0.213
ACCATG	7.0	4535.9	-0.213
ACTATA	8.0	3149.3	-0.212
GTGGTA	7.0	2688.0	-0.212
ACAAAC	2.0	3840.9	-0.212
CATTCA	11.0	5675.1	-0.212
TCTAAC	7.0	2689.5	-0.212
AACCCG	1.0	551.9	-0.211
GTAGTA	6.0	2285.2	-0.211
GTGCAA	9.0	3921.5	-0.211
TAAACT	12.0	5416.6	-0.211
GGTTAC	2.0	1706.1	-0.211
CATTAT	15.0	5870.9	-0.211
GCTGTT	8.0	5132.6	-0.210
AGGAAA	16.0	8452.4	-0.209
CAGATC	5.0	2411.6	-0.209
GGTGGT	4.0	3093.5	-0.208
GGGAAC	1.0	2092.1	-0.208
TGGTAA	7.0	3938.1	-0.207
AGAGGG	4.0	3376.4	-0.207
AATACA	11.0	5746.8	-0.207
GTCAGT	7.0	2967.8	-0.207
GATGTT	13.0	5095.6	-0.207
TCCACC	6.0	3872.8	-0.207
GTTTGC	12.0	4703.8	-0.206
TAGGTT	7.0	4912.0	-0.205
TCAAGG	4.0	3297.8	-0.205
CGAAAA	1.0	781.5	-0.205
CAATTC	8.0	4095.2	-0.205
TCAGCG	1.0	561.6	-0.205
GTGTCA	8.0	3113.6	-0.205
TCTTCC	16.0	8040.5	-0.204
GGTCAT	6.0	2478.4	-0.204
GTTACA	7.0	3244.6	-0.204
GATGCC	4.0	1910.0	-0.203
GCAATA	5.0	2580.9	-0.203
AAGTAG	11.0	4316.9	-0.203
AATTCG	1.0	680.0	-0.202
CTTACG	1.0	565.2	-0.202
TCGGGA	1.0	566.7	-0.201
GGCATC	5.0	1899.4	-0.201
GGGAGA	10.0	3926.6	-0.201
TAGAGG	7.0	2721.9	-0.201
ACCCGC	1.0	567.8	-0.201
ATATAC	10.0	3927.2	-0.201
AAAAGT	18.0	8488.4	-0.200
TGCTGG	16.0	6314.8	-0.200
CGTTCA	1.0	568.7	-0.200
TAGCCA	8.0	3128.4	-0.200
TGTGTG	20.0	11678.8	-0.200
ATACTA	7.0	2725.7	-0.200
CGCCCA	4.0	2303.7	-0.200
GAGGTA	2.0	2247.5	-0.199
CGCGAT	1.0	703.3	-0.199
CAGGCA	13.0	5134.9	-0.198
GTCGTT	2.0	571.9	-0.198
GGGGAA	6.0	3708.6	-0.197
GTGTGA	10.0	5035.9	-0.197
AATTGC	6.0	3788.9	-0.197
GGCGAG	1.0	573.9	-0.197
GGAAAA	19.0	7803.7	-0.197
ATAAAA	20.0	10659.7	-0.196
TGCATT	19.0	8106.1	-0.196
GAACAT	10.0	4178.5	-0.196
GGGCGA	2.0	574.4	-0.196
AGACGG	5.0	2635.2	-0.195
CAGGTT	10.0	5286.3	-0.194
GTCTGT	13.0	5150.0	-0.194
ACCGTT	1.0	579.9	-0.193
TCTACC	6.0	2354.9	-0.192
TCAGGG	8.0	3156.9	-0.192
CTTCAT	16.0	6359.6	-0.191
GCTTTC	14.0	5562.9	-0.191
ATGAAA	20.0	7963.0	-0.191
ACATAA	10.0	4460.0	-0.191
GTATAC	5.0	1929.2	-0.190
CCTATG	5.0	2356.7	-0.190
AATAAC	10.0	3970.3	-0.190
AAATCA	14.0	6663.4	-0.189
TGATTA	9.0	5214.1	-0.189
GTTCTC	6.0	3868.7	-0.189
ATATGT	16.0	6372.2	-0.188
TAGAGA	7.0	6547.6	-0.188
GCAAAG	6.0	3560.9	-0.188
ACTGGT	7.0	2763.4	-0.188
TCAATA	10.0	3978.6	-0.187
CATATG	10.0	3981.0	-0.187
TAGAGC	5.0	1940.8	-0.186
GGAAAG	11.0	5271.9	-0.186
ATAGGG	5.0	1941.4	-0.186
AATCAT	13.0	5186.4	-0.186
TGTAGA	5.0	4941.8	-0.183
GAGGAG	6.0	4152.6	-0.183
AGCCGG	2.0	596.7	-0.182
AGCACG	1.0	596.3	-0.182
GCATTC	6.0	2959.1	-0.182
GCATGT	9.0	3599.2	-0.181
TGGGGA	8.0	4325.1	-0.180
ACATTC	9.0	4194.1	-0.180
CATCCA	8.0	3198.1	-0.180
ACAGAG	17.0	6816.8	-0.180
CAGCCC	6.0	2623.0	-0.180
TAATAT	18.0	7221.0	-0.179
ATTATA	12.0	7007.8	-0.179
ATTCTT	24.0	11684.4	-0.179
GGTAAC	2.0	1598.6	-0.179
CGTTTG	2.0	1329.2	-0.179
CCCATT	8.0	5210.7	-0.179
GGCTGG	27.0	10521.0	-0.179
TGCGGG	1.0	603.7	-0.178
TCGTCA	1.0	603.3	-0.178
ACTGTT	13.0	5726.0	-0.177
AAACGA	1.0	922.5	-0.177
GACCAT	5.0	1967.3	-0.177
GGCGCC	2.0	777.6	-0.176
AGAAAG	23.0	8853.4	-0.176
CAGCGG	2.0	606.8	-0.176
TACTAA	8.0	3215.0	-0.176
GTATCC	1.0	1936.8	-0.176
TCAATG	7.0	3369.4	-0.175
ACATGT	12.0	4834.3	-0.175
ATTTAA	21.0	12020.5	-0.175
CGCACC	1.0	610.0	-0.175
TCCTAT	9.0	3630.6	-0.174
CTGCTT	17.0	6850.0	-0.174
GGTAGT	3.0	2267.4	-0.173
CGGTTT	3.0	1100.2	-0.172
ATAACC	5.0	1984.7	-0.171
TTGGGG	10.0	4610.3	-0.170
TCAGCC	14.0	6356.5	-0.170
AGATAA	8.0	5178.0	-0.170
AACTCT	11.0	4458.4	-0.169
GGTCAG	5.0	2495.1	-0.168
TATTCT	19.0	8728.8	-0.168
AGTGAT	15.0	6078.4	-0.168
CTCGAT	1.0	690.8	-0.167
GCCAAT	2.0	2173.3	-0.167
AATTAT	22.0	8914.0	-0.167
TATTCG	1.0	623.5	-0.167
CTGTCC	7.0	2839.7	-0.166
CCACCC	7.0	2841.2	-0.166
TAACTA	7.0	3014.6	-0.165
TAAATA	24.0	9333.2	-0.165
GCCACC	3.0	4258.6	-0.164
TGCTGC	2.0	3969.1	-0.164
CTAATT	10.0	7696.3	-0.163
GACGGA	5.0	2008.8	-0.163
AGGTGT	10.0	4083.5	-0.163
GAACTC	9.0	3676.4	-0.163
GACCCT	5.0	2157.1	-0.162
CTACAC	1.0	1579.5	-0.161
TGCCTA	3.0	3617.7	-0.160
CAAGGG	1.0	2193.1	-0.159
TCCACT	9.0	3689.0	-0.159
ACGCCC	2.0	790.6	-0.159
GAACAG	6.0	3299.0	-0.159
GTCTGA	7.0	2870.9	-0.158
TCCCAT	7.0	4725.5	-0.158
GGCTAA	3.0	3204.3	-0.158
TGCCAT	8.0	4985.4	-0.158
ATGCTC	1.0	2318.3	-0.158
CCATAC	4.0	1591.0	-0.157
ATCCCT	5.0	3341.0	-0.157
GCAATG	8.0	3605.6	-0.156
GCGGGA	1.0	643.5	-0.156
AACTAC	3.0	2263.5	-0.155
GCCGCC	1.0	645.6	-0.155
CTAGAA	10.0	4119.9	-0.155
AGCATG	7.0	3593.0	-0.155
TGCACT	8.0	3656.0	-0.155
ATAATC	6.0	3527.3	-0.154
TTAAAC	10.0	5554.8	-0.154
AGAGCC	6.0	2469.4	-0.153
TTCCGT	2.0	1019.4	-0.152
GGCGGC	1.0	651.3	-0.152
GGAACC	2.0	1560.0	-0.152
TCAATT	16.0	6742.3	-0.151
CCGAGA	1.0	851.6	-0.151
GGAGAG	9.0	4182.6	-0.150
CAGAGC	5.0	3462.5	-0.149
CATAGG	5.0	2056.5	-0.149
TAGTTA	1.0	3925.7	-0.149
CCCAGT	8.0	3459.9	-0.147
CTTCGG	1.0	662.2	-0.147
TATAAT	17.0	7012.8	-0.146
CCCCTC	3.0	2685.5	-0.146
GCTGCG	1.0	664.0	-0.146
CTTAGG	5.0	2708.3	-0.146
ACCACC	2.0	2610.3	-0.146
AGGGTC	6.0	2499.6	-0.145
TGTGGT	13.0	5941.4	-0.145
TTAAAA	43.0	19038.4	-0.144
TGATGG	8.0	4886.6	-0.144
GTAGAT	7.0	3277.7	-0.143
GACCTG	5.0	2076.2	-0.143
GTACCA	2.0	1931.7	-0.143
ACTACT	6.0	2508.9	-0.143
CCTGTC	8.0	3352.1	-0.142
CTCAAA	15.0	6224.4	-0.142
CCGCTT	2.0	672.1	-0.142
GTCATA	6.0	2516.2	-0.141
GCACTC	5.0	2085.4	-0.141
TGGCGG	2.0	675.6	-0.141
ATGTGC	9.0	3779.6	-0.140
CTGGGA	20.0	8422.8	-0.140
TGCCCT	9.0	3782.5	-0.139
CAAAGG	9.0	3786.3	-0.139
CACTTG	2.0	4023.4	-0.138
TACATT	19.0	7885.5	-0.138
TAACCT	4.0	3113.2	-0.138
GACTGA	7.0	2957.0	-0.137
AGAGCG	2.0	685.9	-0.136
AGAGGC	7.0	2965.1	-0.135
AGGCTG	25.0	11751.8	-0.135
TCTATT	16.0	8482.0	-0.135
CTAGGA	1.0	2926.9	-0.134
ATAATT	21.0	9756.3	-0.134
TGGTGC	8.0	3391.3	-0.134
TTGGTA	8.0	4889.1	-0.134
CTCCTC	8.0	4297.0	-0.133
GTTTCC	14.0	5874.0	-0.133
CAGGTA	7.0	2983.8	-0.131
TGATTG	11.0	4653.1	-0.131
TCGTTC	1.0	698.6	-0.131
ATTCTC	18.0	7530.7	-0.130
ATGTAT	12.0	6712.2	-0.130
TTCTAC	10.0	4243.7	-0.130
CATATA	11.0	4662.6	-0.129
AGGTGG	4.0	3553.7	-0.129
TATTGA	10.0	6665.4	-0.127
CTAGTA	5.0	2139.6	-0.127
TTAGGC	5.0	2141.7	-0.126
CAATAA	10.0	4272.0	-0.125
GAGGTG	2.0	3433.3	-0.125
CTTTAC	5.0	4680.0	-0.124
CTGCGC	2.0	714.8	-0.124
AAAGGG	9.0	3862.4	-0.124
TAAATT	29.0	11735.7	-0.124
TTCATT	40.0	15587.3	-0.124
TCGCCA	1.0	717.5	-0.123
CACCGT	2.0	936.3	-0.122
CTGTGC	8.0	4094.4	-0.122
AGACAC	5.0	2952.7	-0.122
TTAATA	14.0	8053.6	-0.122
CTTCCT	28.0	11341.0	-0.121
TTCCTA	14.0	5953.6	-0.121
TGTAGG	2.0	3177.7	-0.121
TTGCTC	7.0	6512.2	-0.120
AGGGGT	5.0	2238.3	-0.120
AACAGG	4.0	3151.2	-0.120
ATTAGC	7.0	3040.1	-0.120
GAGGTT	9.0	3887.1	-0.119
AGCCAC	9.0	4758.6	-0.119
TACAGG	10.0	6481.0	-0.118
AATTAG	8.0	4971.7	-0.117
TGCAAT	7.0	5502.7	-0.116
AAGAGC	4.0	3125.7	-0.116
GGGTAT	4.0	2014.2	-0.115
AAGAGG	8.0	4270.5	-0.115
GATTGA	3.0	2847.8	-0.115
GTACAT	7.0	3066.1	-0.114
ATTTCT	37.0	17508.0	-0.114
GGAACA	7.0	3110.5	-0.114
AGGAGG	10.0	4338.9	-0.114
TGGTGA	7.0	4961.7	-0.114
GAAACA	12.0	5304.3	-0.114
CACTAG	3.0	1669.5	-0.113
CTATGG	1.0	1955.5	-0.113
TACGTA	2.0	746.6	-0.112
CTGATA	2.0	3251.3	-0.112
ATAATG	11.0	4774.3	-0.111
GGGATG	6.0	2650.3	-0.111
GTTACC	3.0	1699.6	-0.111
CGTTAT	1.0	751.5	-0.110
TTCGCT	2.0	1058.1	-0.110
GCCCGC	2.0	754.4	-0.109
ATCAAT	5.0	4008.9	-0.109
CCTAGT	5.0	2221.5	-0.108
GTGGTG	12.0	5213.3	-0.108
AATAAT	21.0	8956.3	-0.108
CGGCTG	2.0	760.8	-0.107
CTAAAA	14.0	6054.9	-0.107
AGGGAG	8.0	4104.2	-0.107
CCAATT	3.0	4117.9	-0.106
ACAAGG	2.0	2585.7	-0.106
GGTTTG	12.0	5562.9	-0.106
GAACCC	3.0	1685.2	-0.106
CTGGTA	6.0	2679.2	-0.105
TTAGTC	4.0	3165.7	-0.105
ATGTTG	17.0	7317.3	-0.105
CTAGGT	6.0	2682.3	-0.105
CGAGAT	2.0	767.1	-0.105
ATTTGC	9.0	7313.5	-0.105
GGTAGA	4.0	2650.4	-0.104
ATATTG	11.0	5810.8	-0.104
AGCAGC	5.0	3242.4	-0.104
GCAGGG	2.0	2582.0	-0.104
GGATGT	3.0	2710.6	-0.104
GTCTTA	5.0	3504.3	-0.104
GGATAA	2.0	2973.2	-0.104
GTCTAA	5.0	2243.1	-0.104
GTAAAG	3.0	3296.3	-0.103
GCGGAG	1.0	772.5	-0.103
ACATAT	12.0	5249.0	-0.103
TACACA	7.0	3724.7	-0.103
GCTCTC	4.0	2489.5	-0.102
AATGGT	6.0	4523.3	-0.102
GTGCGA	2.0	776.9	-0.102
AACAGA	12.0	5400.7	-0.101
GGTTTA	2.0	4060.8	-0.100
GTCAGA	4.0	3160.4	-0.099
CTCTAA	8.0	3586.7	-0.099
ATGGTT	11.0	4863.7	-0.098
CCAGTA	6.0	2717.9	-0.098
GCTCCC	3.0	1904.6	-0.098
CGTTTC	3.0	1324.8	-0.098
AGGTTG	5.0	4270.1	-0.098
CCTATA	3.0	2158.1	-0.098
CTCTGG	6.0	4191.9	-0.098
CTAACC	1.0	1362.4	-0.097
CGCTGT	2.0	795.2	-0.096
TCACCG	1.0	796.3	-0.096
TGTACA	9.0	4035.0	-0.096
ATATCT	6.0	5371.6	-0.095
TAGGGT	6.0	2736.1	-0.095
TGGTCA	7.0	3178.1	-0.095
TCAAAC	9.0	4045.2	-0.094
CCTAGG	6.0	2743.8	-0.094
TCTCCG	1.0	803.4	-0.094
TGTAGT	8.0	4830.6	-0.093
ACAGAT	4.0	4580.3	-0.093
GTAGGA	1.0	2316.0	-0.092
ATAACT	5.0	4049.0	-0.091
TGACGT	2.0	816.0	-0.090
TGCTCA	7.0	3966.2	-0.089
CACCAG	6.0	2774.6	-0.089
GTGTCT	8.0	5268.0	-0.088
ACCAGC	6.0	2776.2	-0.088
AATATC	6.0	4220.1	-0.087
CGAGAC	1.0	833.2	-0.087
CCATAG	2.0	1908.6	-0.087
CGTGAT	2.0	1413.0	-0.087
CTTTGC	14.0	6872.1	-0.087
CCACTT	11.0	4960.6	-0.086
GGTACA	2.0	2075.2	-0.085
AGTAGG	5.0	2343.7	-0.085
AAAGTA	14.0	6244.3	-0.085
GGTCCA	1.0	1429.0	-0.084
ACACTG	8.0	3693.7	-0.083
GGGACC	3.0	1409.6	-0.083
AGCAGG	4.0	3108.4	-0.083
TGTTGG	12.0	6277.2	-0.083
CAAAGA	7.0	5738.9	-0.082
AACTAG	3.0	2458.6	-0.082
CTAGCC	2.0	1499.6	-0.082
GATATA	7.0	3268.2	-0.081
ATTAAC	6.0	3344.8	-0.081
ATATTC	8.0	5393.6	-0.080
TGCTTG	8.0	5221.0	-0.079
ATTCGT	2.0	856.1	-0.079
GAGATA	8.0	3743.8	-0.078
CACCAC	4.0	4616.4	-0.078
TCCTCA	7.0	4688.7	-0.078
CGTGGT	2.0	862.5	-0.078
AGGTTA	3.0	3151.3	-0.077
ATGGTG	10.0	4607.1	-0.077
GCCACT	8.0	3740.0	-0.077
TAGTAA	7.0	3616.2	-0.076
TATAAC	4.0	2756.1	-0.076
GCCATT	11.0	5049.0	-0.076
GGCAGG	6.0	3694.9	-0.076
CCTTTA	11.0	6316.7	-0.075
ACCTGC	3.0	2458.9	-0.075
TGGTTA	9.0	4198.1	-0.075
GGGGCA	3.0	2008.1	-0.074
TAGATA	8.0	3762.0	-0.074
ACTCTA	5.0	2413.9	-0.074
GAGAGG	3.0	3843.2	-0.074
ATGCTA	6.0	2880.6	-0.073
GACACT	5.0	2419.9	-0.073
CTGCTA	6.0	2889.6	-0.072
CTTGAT	8.0	4964.2	-0.072
TAGTAT	8.0	4213.2	-0.071
TGCTTC	11.0	5097.8	-0.071
GGTAAA	7.0	3350.5	-0.070
CTAACA	3.0	2773.4	-0.070
GTGTAA	7.0	3354.2	-0.070
GTCTGG	4.0	2843.3	-0.070
ACTGCT	8.0	3808.6	-0.069
TGAAAA	25.0	10675.5	-0.069
CAAATA	14.0	6406.1	-0.069
GTGCTC	4.0	1973.2	-0.068
GTAGTC	2.0	1723.3	-0.068
GTAGGT	4.0	2434.9	-0.068
AAATAG	13.0	6001.0	-0.067
GAGGCT	8.0	3888.5	-0.067
ATTAGG	6.0	2927.7	-0.067
TGATAC	5.0	2468.0	-0.066
TGATGC	6.0	2932.7	-0.066
TAACCA	4.0	2905.8	-0.066
GTTTAA	8.0	7065.6	-0.064
ATCCAT	9.0	4302.3	-0.063
ACTCTT	4.0	5725.2	-0.063
AAGGGG	2.0	2641.6	-0.063
TTCTAG	13.0	6048.9	-0.063
ATAACA	7.0	4035.0	-0.062
GTCTGC	4.0	2015.7	-0.062
GTAAAA	12.0	5630.4	-0.062
TACCCA	5.0	2830.3	-0.061
GTGAAA	10.0	5760.4	-0.060
GGTTGT	8.0	3893.4	-0.060
GCACTT	8.0	4010.9	-0.059
GGTGAT	6.0	3576.5	-0.059
GTCTCT	6.0	5008.6	-0.059
GTCCTC	3.0	2132.0	-0.059
CTTTCC	12.0	9296.2	-0.059
CCATAT	4.0	3512.9	-0.058
AAACTA	4.0	4695.2	-0.058
GGTGTT	3.0	4187.0	-0.058
AGGTAT	7.0	3469.2	-0.057
TTTACT	20.0	10631.4	-0.057
GAAAGT	11.0	5248.7	-0.057
CAAGGA	2.0	3363.4	-0.057
TAGGCA	5.0	2917.0	-0.056
AAACAG	12.0	5699.3	-0.056
AGTCAG	4.0	3329.8	-0.055
CTACTA	4.0	2067.4	-0.055
CATGCT	7.0	3489.5	-0.055
AGAGCT	3.0	3719.9	-0.055
TGATAT	11.0	5420.7	-0.055
ACCATT	6.0	4673.7	-0.055
AAATAC	11.0	6001.6	-0.055
TTGCTA	10.0	4838.2	-0.055
AGGTAG	5.0	2566.9	-0.054
CATGGT	1.0	3570.2	-0.054
CCCTGT	7.0	3505.1	-0.054
CCTCCA	9.0	4866.1	-0.054
CCAGTT	9.0	5010.3	-0.053
CACTAT	4.0	2883.8	-0.052
TGTACT	6.0	3587.5	-0.052
ATTGAT	13.0	6185.5	-0.052
GGGATA	4.0	2094.1	-0.052
GTCTTC	9.0	4429.2	-0.052
ACATAG	6.0	3064.3	-0.052
AGTCTG	7.0	3895.8	-0.052
AGGGGA	5.0	3024.8	-0.051
GGGGAT	4.0	2108.8	-0.050
GATATC	4.0	2108.5	-0.050
TGTCTG	12.0	5775.2	-0.050
GTCAGC	2.0	1822.2	-0.050
ATAAAT	19.0	9902.2	-0.050
CATTTG	20.0	9372.4	-0.049
ATGGGC	2.0	1880.1	-0.049
AGCTAC	4.0	2121.0	-0.049
TGTCCT	11.0	5361.7	-0.048
GGGCAA	4.0	2565.5	-0.048
TGTTGA	14.0	7530.9	-0.048
CACTCT	12.0	5809.3	-0.048
TACCAT	7.0	3571.2	-0.048
GGGTAA	4.0	2133.8	-0.048
TCTCTG	13.0	7962.5	-0.047
TCTAAA	4.0	5679.7	-0.047
GCTATG	3.0	2209.7	-0.047
GGTGTG	7.0	4547.1	-0.046
TCTACT	3.0	3979.3	-0.046
CCCTCT	8.0	4054.0	-0.046
GGTGGA	6.0	3135.3	-0.045
CTGGTG	5.0	3575.4	-0.045
ATTCTA	5.0	5494.2	-0.045
GAGCTG	4.0	3228.4	-0.044
GATACA	5.0	2667.0	-0.044
CTAGGC	3.0	2076.9	-0.044
AGTCAT	8.0	4082.7	-0.044
TCCCCT	6.0	4010.1	-0.044
ATTTAC	13.0	6318.4	-0.043
CCTTAC	3.0	2112.9	-0.043
CATGAT	9.0	4550.2	-0.043
GCTTGC	4.0	2183.2	-0.043
TCAAAT	11.0	6756.7	-0.043
GAAAGA	14.0	7719.3	-0.042
TCTAGA	5.0	3723.9	-0.042
CTGTCA	9.0	5726.0	-0.041
TACGTT	1.0	1066.7	-0.041
AGGTAA	5.0	3506.1	-0.040
TCTGTC	17.0	8130.5	-0.040
TGTATA	8.0	6154.6	-0.040
TAGTCA	5.0	2717.2	-0.040
AGGGAT	6.0	3203.0	-0.040
AGGGTA	2.0	2254.4	-0.040
ATAGAT	8.0	4140.7	-0.040
GATAAT	8.0	4151.7	-0.039
ATTTCC	18.0	8602.4	-0.039
AGGATG	7.0	3690.5	-0.039
GCTGTC	4.0	2229.0	-0.038
GGGAAA	8.0	5389.0	-0.038
GCTAGG	3.0	1696.4	-0.038
TCATTC	6.0	6272.3	-0.038
GCTAAA	5.0	2740.6	-0.038
TACTAG	3.0	2002.0	-0.037
AATTCT	15.0	9063.1	-0.037
GTTCCC	2.0	2340.5	-0.037
GATTAA	5.0	3648.6	-0.037
ATGTCA	3.0	4133.8	-0.037
GGGGAG	4.0	3014.2	-0.036
ATCTCC	6.0	3597.8	-0.036
ACTCTG	12.0	6139.2	-0.036
ATAAGG	3.0	2825.1	-0.036
GTTTAC	7.0	3738.6	-0.035
ATGATG	9.0	4669.1	-0.035
CAAAGT	13.0	6653.6	-0.034
CTATGC	2.0	1799.1	-0.034
CTATTA	2.0	3828.8	-0.034
GTACCC	1.0	1134.1	-0.034
CTAGGG	3.0	1746.0	-0.034
TACCCT	4.0	2290.6	-0.033
TATGTA	8.0	5653.7	-0.033
CTGAAA	12.0	7071.0	-0.033
CCAATA	2.0	2541.8	-0.033
AGAGAG	8.0	6405.7	-0.033
CGTTTA	2.0	1144.9	-0.033
GTAGAG	8.0	4268.6	-0.032
TCTTAC	7.0	3797.8	-0.032
TGTAAA	15.0	7435.8	-0.032
TAGGGA	5.0	2827.0	-0.032
GTTAAA	6.0	5262.7	-0.032
TATAGG	5.0	2837.7	-0.031
GCTAGT	2.0	1797.3	-0.030
ATATAT	24.0	11018.3	-0.030
TGGTGG	9.0	4758.7	-0.030
GGGGGA	2.0	2343.7	-0.030
CTAGTC	2.0	1504.5	-0.029
GGAGGT	5.0	2955.3	-0.028
GTTGAA	10.0	5261.6	-0.028
AATTAA	9.0	8176.1	-0.028
GGTACC	1.0	1192.9	-0.028
TAATAA	10.0	6895.1	-0.028
GAGACG	5.0	2885.1	-0.028
GAGATG	12.0	6748.0	-0.028
AGAGAT	12.0	6185.0	-0.028
GTTGTA	6.0	3397.6	-0.027
ATCTGC	6.0	3461.0	-0.027
GCTACA	3.0	1840.9	-0.026
AGCTGC	4.0	2790.6	-0.026
ATGTCT	11.0	5770.7	-0.026
GCTCTA	3.0	1940.5	-0.026
GTACTC	1.0	1219.2	-0.026
CATTTC	14.0	9542.6	-0.026
CCACCG	1.0	1229.6	-0.025
GTTATA	3.0	3464.9	-0.025
AAAGAC	5.0	4412.6	-0.024
CTTCTA	9.0	4899.4	-0.024
AATGTC	7.0	4625.5	-0.023
CTCCAT	8.0	4444.3	-0.023
TCTCGA	2.0	1261.5	-0.023
CCATTT	22.0	10889.2	-0.023
GAGCAC	2.0	1844.8	-0.022
CCATCA	6.0	3498.0	-0.022
ACTGAT	6.0	4041.7	-0.022
AGATGT	8.0	4528.7	-0.022
GGCTGC	5.0	3000.3	-0.022
CTTGGT	8.0	4486.2	-0.022
ATACAT	7.0	5394.8	-0.022
CATATC	3.0	2857.9	-0.021
AAATTA	14.0	10217.3	-0.021
TCTGCA	6.0	5027.5	-0.021
ATATCC	5.0	3034.0	-0.020
TCTGTG	11.0	7252.1	-0.020
CTGCAC	5.0	3186.2	-0.020
AGATAT	7.0	4905.9	-0.019
GGTATC	1.0	1865.4	-0.019
CATTTA	20.0	10100.7	-0.018
CCATAA	4.0	2559.3	-0.018
GTCATG	4.0	2567.0	-0.018
ATTGGT	2.0	4199.9	-0.018
TACAAT	7.0	4120.9	-0.017
GTCACC	2.0	3700.5	-0.017
ACCCTA	2.0	1549.3	-0.017
TGGTAT	8.0	4631.6	-0.017
CTGTAC	2.0	2348.5	-0.017
ATAAAG	10.0	5596.4	-0.016
TATAAA	16.0	8375.6	-0.016
CATGTC	5.0	3139.3	-0.016
TCCATA	1.0	3387.3	-0.016
AGCACC	1.0	2127.9	-0.016
GGATGA	4.0	2980.3	-0.016
ACCACT	4.0	3047.7	-0.016
TAAAGT	9.0	6313.5	-0.015
TAGCTA	4.0	2760.8	-0.015
GGGTGT	3.0	2402.4	-0.015
ATGTAC	4.0	2631.6	-0.015
TCATCC	5.0	3173.3	-0.015
GGGATC	1.0	1650.1	-0.015
GCTGCA	6.0	3698.6	-0.015
GTCAGG	2.0	2783.8	-0.014
ACCAAT	4.0	2654.3	-0.014
TCTAGG	5.0	3200.0	-0.014
GTCAAT	3.0	2548.0	-0.014
CCTCTA	4.0	2688.4	-0.013
TAAAAT	9.0	13234.2	-0.013
TCTCTA	8.0	5287.9	-0.013
ATGTTC	7.0	4298.3	-0.012
TACACT	3.0	2835.7	-0.012
TCCTTC	18.0	9544.2	-0.012
TTCTAT	8.0	7958.5	-0.012
GAAAAG	13.0	7217.3	-0.012
ACCCTG	3.0	2791.4	-0.012
ATTCTG	7.0	7843.1	-0.011
CTACCC	2.0	1505.5	-0.011
TTGGTG	7.0	5620.1	-0.011
ATGTAG	4.0	3226.2	-0.010
CAAACA	7.0	5114.4	-0.010
TTACTA	7.0	4395.2	-0.010
TAGTGA	4.0	3502.7	-0.010
AATGAT	10.0	5898.4	-0.010
CTCCAC	4.0	3690.8	-0.009
GTGATG	3.0	4153.6	-0.009
TGCTCC	3.0	2711.8	-0.009
GAATGA	8.0	5042.1	-0.009
CTCTCC	4.0	4287.5	-0.009
TGCTCT	11.0	6975.2	-0.009
CAATGA	5.0	3426.5	-0.009
GGTGTA	3.0	2276.2	-0.008
CTATAC	2.0	1596.7	-0.008
TGCTAC	2.0	2101.0	-0.008
TATGTC	5.0	3461.8	-0.008
AAAGAG	11.0	6537.3	-0.008
ATACAA	5.0	4520.1	-0.007
TCTATG	3.0	3390.3	-0.007
TAACCC	1.0	1646.2	-0.007
TGATGT	8.0	5908.5	-0.007
CCACCA	5.0	5608.4	-0.007
ATGGTC	1.0	2139.0	-0.007
CAATTA	6.0	4090.6	-0.007
CTCCAA	4.0	3630.1	-0.006
TACAAA	5.0	5946.8	-0.006
ACCATA	3.0	2478.7	-0.006
TCCAAT	5.0	3592.2	-0.006
AAGGTA	3.0	3112.7	-0.006
GATAAA	7.0	4682.0	-0.006
TGATAA	7.0	4691.4	-0.006
CTATGT	6.0	4260.2	-0.005
TATACA	7.0	4730.3	-0.005
CAGATA	4.0	3719.7	-0.005
ATCTAC	2.0	2199.8	-0.005
ATAAAC	6.0	4301.8	-0.005
AACACT	4.0	4084.6	-0.004
TGGTCT	9.0	5912.9	-0.004
CTATAA	4.0	3789.1	-0.004
CTCTAG	2.0	2725.9	-0.004
TTAACC	2.0	3039.7	-0.004
ATTGCT	9.0	5977.8	-0.003
AACCAT	4.0	3439.6	-0.003
AAAGTC	4.0	4291.8	-0.003
GATAAC	2.0	1914.1	-0.003
CTCTGT	17.0	10912.4	-0.003
GCCCTC	2.0	1929.1	-0.003
TGCTAA	4.0	3482.2	-0.003
CCACTA	2.0	1990.5	-0.003
GATGTA	3.0	2774.3	-0.002
GTGATA	3.0	2963.1	-0.002
TCCATC	5.0	4032.7	-0.002
ATTAAA	15.0	9292.8	-0.002
AATAGC	2.0	3090.6	-0.002
CTTGCT	11.0	7389.0	-0.002
TGGTGT	8.0	5884.0	-0.001
CTACTC	1.0	2164.0	-0.001
ACACTA	1.0	2165.9	-0.001
GTATAA	1.0	3399.0	-0.001
AGAGGT	2.0	3779.4	-0.001
GTACAA	1.0	2396.6	-0.001
TACTAT	2.0	3723.0	-0.001
CATTCT	6.0	7992.0	-0.001
TATCCA	2.0	3699.6	-0.001
GGTATA	2.0	2294.3	-0.001
TATATA	15.0	9751.2	-0.001
GATGTC	1.0	2331.2	-0.001
ATGTCC	3.0	3132.7	-0.001
TAGTCT	3.0	3587.3	-0.001
TACTCT	2.0	3902.8	-0.001
TCTCCA	7.0	5704.8	-0.001
GCACCA	2.0	2444.4	-0.001
CCATTA	2.0	3347.2	-0.000
CTACAA	1.0	2870.8	-0.000
TCTATA	3.0	3940.6	-0.000
TACATA	4.0	4815.3	-0.000
AGTTAT	0.0	5255.7	1.000
AAGCCG	0.0	573.2	1.000
AGCCGA	0.0	673.5	1.000
CTCTAT	0.0	3613.3	1.000
GACCAC	0.0	1545.2	1.000
GTCCAT	0.0	2288.3	1.000
GATCGT	0.0	542.3	1.000
ATCGTC	0.0	444.2	1.000
TCGTCT	0.0	782.4	1.000
GGGCTA	0.0	1330.4	1.000
AATCGA	0.0	530.6	1.000
ATCGAT	0.0	524.3	1.000
TCGATT	0.0	794.0	1.000
GGGCAT	0.0	2331.3	1.000
CCGTAG	0.0	372.2	1.000
CGTAGT	0.0	551.3	1.000
CTGGAC	0.0	2399.8	1.000
AGTCCG	0.0	324.0	1.000
GTCCGT	0.0	411.8	1.000
TCCGTC	0.0	794.7	1.000
GTCTAC	0.0	1276.5	1.000
TTCCGA	0.0	692.6	1.000
ATCCGA	0.0	375.5	1.000
TCCGAA	0.0	567.3	1.000
CCGAAT	0.0	498.9	1.000
CGAATG	0.0	564.7	1.000
ACCAGA	0.0	2673.1	1.000
CACGTT	0.0	1113.4	1.000
TCCGAG	0.0	591.0	1.000
CGAGCT	0.0	469.2	1.000
TTATCG	0.0	596.5	1.000
ATCGCC	0.0	429.0	1.000
TGTTCG	0.0	621.7	1.000
TCGAAT	0.0	647.4	1.000
GTGCGT	0.0	570.2	1.000
ATTCGG	0.0	546.4	1.000
TTCGGC	0.0	515.6	1.000
CGGCTA	0.0	730.7	1.000
AGGGCG	0.0	516.4	1.000
GGCGAA	0.0	380.6	1.000
CTGCGG	0.0	662.7	1.000
TGCGGC	0.0	475.7	1.000
GCGGCG	0.0	466.9	1.000
CGGCGT	0.0	214.8	1.000
GCGTAT	0.0	434.9	1.000
TTCGAT	0.0	687.8	1.000
GTCGTA	0.0	296.3	1.000
TCGTAG	0.0	452.1	1.000
CGTAGC	0.0	347.9	1.000
ACTAGG	0.0	1777.5	1.000
GGCGGG	0.0	1154.3	1.000
CGGGCA	0.0	620.2	1.000
GACGGT	0.0	402.6	1.000
ACGGTT	0.0	468.4	1.000
AGCGTC	0.0	428.7	1.000
CGTCTG	0.0	734.6	1.000
GGGCGT	0.0	520.2	1.000
GCGTAC	0.0	176.1	1.000
CGTACA	0.0	343.6	1.000
TAGCGT	0.0	510.3	1.000
CGGCGG	0.0	395.4	1.000
CGGGTA	0.0	307.4	1.000
GTAAGG	0.0	2119.3	1.000
TCTACG	0.0	401.8	1.000
GAGGCG	0.0	926.9	1.000
GGCGTT	0.0	566.7	1.000
CGTTCT	0.0	963.0	1.000
GCGGCA	0.0	379.7	1.000
TAACAC	0.0	2522.6	1.000
CCGGCA	0.0	418.6	1.000
CGGCAG	0.0	576.3	1.000
ACGACA	0.0	431.9	1.000
CGACAT	0.0	351.9	1.000
CTGCCG	0.0	738.3	1.000
CGAACA	0.0	368.0	1.000
GCTCCA	0.0	2438.1	1.000
ACCCTC	0.0	2007.6	1.000
AACCCT	0.0	2571.2	1.000
ACGTGC	0.0	768.6	1.000
TCCGGA	0.0	493.7	1.000
GACGCA	0.0	344.7	1.000
ACGCAT	0.0	502.2	1.000
GCGATG	0.0	450.7	1.000
ATTCCG	0.0	503.5	1.000
CTCGCA	0.0	398.4	1.000
GCTCGT	0.0	483.7	1.000
CACCGG	0.0	388.5	1.000
ACCGGC	0.0	315.7	1.000
CGGCAA	0.0	393.4	1.000
ACGAGA	0.0	565.1	1.000
CGGGGT	0.0	979.8	1.000
GCGTGT	0.0	769.4	1.000
AACGCG	0.0	149.3	1.000
ACGCGG	0.0	176.0	1.000
TAGCCG	0.0	320.3	1.000
AGCCGC	0.0	491.9	1.000
TCGTCC	0.0	466.7	1.000
CGTCCT	0.0	513.7	1.000
CCCTCG	0.0	498.4	1.000
TATCGA	0.0	418.4	1.000
CGACTG	0.0	413.3	1.000
CGGGGA	0.0	645.6	1.000
TCCGGG	0.0	566.7	1.000
ACGAAG	0.0	675.1	1.000
TGCCGG	0.0	545.1	1.000
GCCGGT	0.0	377.9	1.000
GGCCGG	0.0	905.2	1.000
GCCGGG	0.0	944.1	1.000
CGGGTG	0.0	652.4	1.000
CAGCCG	0.0	622.6	1.000
GACCCG	0.0	339.1	1.000
CGCTCG	0.0	181.9	1.000
GCTCGG	0.0	543.6	1.000
TCGGCC	0.0	1132.8	1.000
CCCGTC	0.0	549.8	1.000
GCGAGT	0.0	405.8	1.000
CGAGTG	0.0	501.7	1.000
TGACGC	0.0	365.0	1.000
CCTTCG	0.0	841.5	1.000
CTTCGT	0.0	974.8	1.000
CGTGTC	0.0	645.0	1.000
GCCGGC	0.0	486.2	1.000
AGCGGC	0.0	482.8	1.000
AGCTCG	0.0	478.1	1.000
GCTCGA	0.0	363.7	1.000
GGGCGG	0.0	857.1	1.000
CTCGAC	0.0	432.0	1.000
CCGCAC	0.0	478.8	1.000
CGCCCC	0.0	722.0	1.000
CGCACA	0.0	431.1	1.000
CACGCG	0.0	211.0	1.000
CGCGGA	0.0	190.9	1.000
GACGCC	0.0	381.3	1.000
CGCCAA	0.0	334.1	1.000
CACCGC	0.0	1096.4	1.000
GATGAC	0.0	2205.9	1.000
GGCCGC	0.0	506.0	1.000
TGCGTA	0.0	487.6	1.000
CGGTTC	0.0	501.7	1.000
TAGCGA	0.0	350.8	1.000
CATACG	0.0	505.2	1.000
ATACGG	0.0	428.7	1.000
GATTCG	0.0	522.2	1.000
ATGCGG	0.0	455.9	1.000
CGGTGC	0.0	443.6	1.000
ACGGCG	0.0	181.8	1.000
CGGCGA	0.0	160.3	1.000
GAACGC	0.0	394.2	1.000
CGCGGT	0.0	310.7	1.000
CGGTGT	0.0	698.8	1.000
TGTGCG	0.0	702.8	1.000
GCCGCA	0.0	424.4	1.000
CCGACA	0.0	256.3	1.000
CCCGTT	0.0	621.6	1.000
CGTTCG	0.0	92.6	1.000
TTCGGT	0.0	731.4	1.000
TCGGTG	0.0	559.1	1.000
CCGCAG	0.0	669.3	1.000
AGTACC	0.0	1608.5	1.000
CGCTCC	0.0	478.5	1.000
ACATCG	0.0	454.7	1.000
ATCGAG	0.0	477.5	1.000
AGACCG	0.0	446.5	1.000
AGACGA	0.0	741.7	1.000
GACGAC	0.0	268.5	1.000
CGACCA	0.0	256.9	1.000
TACCGG	0.0	301.4	1.000
CTCGGT	0.0	654.3	1.000
TCGGTC	0.0	375.2	1.000
CGGTCC	0.0	288.9	1.000
GATACG	0.0	436.5	1.000
ACGTAC	0.0	356.6	1.000
CGTACG	0.0	70.0	1.000
GTACGT	0.0	502.2	1.000
TACGTG	0.0	810.0	1.000
AAGACG	0.0	756.2	1.000
AGACGC	0.0	460.7	1.000
CGCTCA	0.0	519.3	1.000
GCGTCC	0.0	377.5	1.000
ACCGGG	0.0	404.2	1.000
GGGACG	0.0	480.4	1.000
GGACGG	0.0	424.0	1.000
CGTGCG	0.0	229.2	1.000
TTGCGG	0.0	568.6	1.000
CGGATG	0.0	426.6	1.000
GACACG	0.0	522.5	1.000
ACTACG	0.0	351.7	1.000
CTACGT	0.0	576.8	1.000
TACGTC	0.0	386.0	1.000
ACGTCC	0.0	473.0	1.000
CGTCCG	0.0	175.7	1.000
GCCGTC	0.0	305.2	1.000
CCGTCA	0.0	456.0	1.000
CGTCAT	0.0	527.4	1.000
ATATCG	0.0	429.6	1.000
TCGTCG	0.0	101.9	1.000
CGTCGT	0.0	133.7	1.000
GTCGTC	0.0	373.0	1.000
TTTCGG	0.0	1008.2	1.000
CGATTA	0.0	504.5	1.000
CTGGCG	0.0	657.9	1.000
CGTCTC	0.0	1028.8	1.000
TAGGCG	0.0	400.9	1.000
CGTGAA	0.0	917.2	1.000
ATTACG	0.0	617.9	1.000
TTACGC	0.0	367.0	1.000
ACGCAC	0.0	419.9	1.000
GTTATC	0.0	2543.5	1.000
CAGCGA	0.0	566.7	1.000
GCGATA	0.0	270.0	1.000
GCACGC	0.0	520.3	1.000
CGCAGG	0.0	573.9	1.000
ACCGCC	0.0	397.6	1.000
GCAGCG	0.0	686.0	1.000
CCGTGA	0.0	617.1	1.000
ACACCG	0.0	375.6	1.000
TTCGGG	0.0	602.2	1.000
ATCACG	0.0	702.8	1.000
CATCCG	0.0	488.7	1.000
ATCCGG	0.0	320.8	1.000
CCCTAC	0.0	1404.7	1.000
CTACGG	0.0	245.4	1.000
TACGGT	0.0	468.1	1.000
CTAGCG	0.0	329.0	1.000
AACGAG	0.0	568.2	1.000
CGTCCA	0.0	527.7	1.000
CGCTGA	0.0	596.6	1.000
CGGCCG	0.0	347.2	1.000
CGGGCG	0.0	429.1	1.000
GCGTCA	0.0	336.3	1.000
GCCCGT	0.0	415.8	1.000
TCGGGC	0.0	384.6	1.000
GCGGAT	0.0	376.1	1.000
GTGCGC	0.0	477.7	1.000
TGCGCG	0.0	203.0	1.000
GCGCGT	0.0	183.4	1.000
CGCGTG	0.0	251.6	1.000
TGCGGA	0.0	400.2	1.000
GGACCG	0.0	331.0	1.000
GACCGC	0.0	221.9	1.000
CCAACG	0.0	382.0	1.000
CAACGC	0.0	318.1	1.000
GCGGGG	0.0	882.4	1.000
GGTCGA	0.0	268.7	1.000
TCGATA	0.0	380.7	1.000
GCGCCG	0.0	285.1	1.000
CGCCGT	0.0	177.3	1.000
CGCTTC	0.0	696.9	1.000
ACCGAC	0.0	212.3	1.000
CCGACT	0.0	422.5	1.000
TCGCAG	0.0	468.1	1.000
AACCGA	0.0	444.6	1.000
ACCGAT	0.0	328.3	1.000
CCGATA	0.0	270.1	1.000
GTACCG	0.0	276.2	1.000
ACCGTA	0.0	386.0	1.000
CATCGG	0.0	379.9	1.000
ATCGGA	0.0	379.7	1.000
GACGGG	0.0	945.8	1.000
ACGGGC	0.0	363.0	1.000
AACGAC	0.0	398.8	1.000
TTAACG	0.0	694.2	1.000
TATACG	0.0	485.9	1.000
TCGGAC	0.0	249.5	1.000
TCGTGG	0.0	690.0	1.000
CTCGTG	0.0	991.5	1.000
CGGTCA	0.0	345.5	1.000
GGCGGT	0.0	414.7	1.000
GCGGTC	0.0	309.7	1.000
CGGTCG	0.0	81.6	1.000
AGGCGG	0.0	1052.4	1.000
GCGAAA	0.0	520.0	1.000
CCGTCT	0.0	1003.4	1.000
GACTCG	0.0	420.6	1.000
ACTCGT	0.0	511.6	1.000
TCGATC	0.0	566.9	1.000
TGGCGA	0.0	595.6	1.000
GCGAAT	0.0	342.5	1.000
GATCGC	0.0	486.7	1.000
GCTCCG	0.0	771.1	1.000
AGCGGT	0.0	526.1	1.000
GCGGTT	0.0	540.0	1.000
CGGAGA	0.0	679.0	1.000
AGTCGT	0.0	498.0	1.000
GAACCG	0.0	334.9	1.000
AACCGT	0.0	463.5	1.000
TCGTTA	0.0	703.2	1.000
CGTTAA	0.0	600.3	1.000
ACCGCT	0.0	354.0	1.000
CGATAC	0.0	226.8	1.000
ATACGA	0.0	491.3	1.000
TACGAG	0.0	328.1	1.000
CGTATA	0.0	591.5	1.000
CTGACG	0.0	497.1	1.000
ACGAGG	0.0	628.3	1.000
ACCTCG	0.0	1009.9	1.000
ATAGCG	0.0	343.8	1.000
CGATCA	0.0	418.8	1.000
CGTCAC	0.0	472.2	1.000
CCGGAA	0.0	531.3	1.000
TAACGA	0.0	524.1	1.000
ACGAGC	0.0	323.6	1.000
GCGCTC	0.0	412.0	1.000
GCCGCG	0.0	301.8	1.000
CCGCGG	0.0	306.5	1.000
CGCAGC	0.0	557.6	1.000
GTGCCG	0.0	503.8	1.000
TGCCGA	0.0	499.7	1.000
TGTCGT	0.0	745.9	1.000
CACGTA	0.0	673.5	1.000
ACGTAG	0.0	555.0	1.000
GGATCG	0.0	335.5	1.000
ATCGTT	0.0	877.8	1.000
ACGTTA	0.0	780.2	1.000
CTACCG	0.0	280.0	1.000
CGAAGT	0.0	727.9	1.000
CTCCGA	0.0	548.6	1.000
GCACGT	0.0	777.0	1.000
ACGTTC	0.0	564.0	1.000
CGGTAG	0.0	327.4	1.000
CGTACC	0.0	219.3	1.000
TACGCC	0.0	244.8	1.000
TCCGCA	0.0	446.9	1.000
GTTACG	0.0	394.0	1.000
GCTATC	0.0	1432.0	1.000
TCACGG	0.0	623.5	1.000
GCGGTA	0.0	251.1	1.000
CCGCTA	0.0	284.9	1.000
CGCTAT	0.0	446.1	1.000
CCGTTT	0.0	1334.6	1.000
TGACGG	0.0	515.9	1.000
GCTACG	0.0	282.3	1.000
CGGGAT	0.0	529.4	1.000
TAACCG	0.0	300.8	1.000
ATCGCT	0.0	651.6	1.000
TCGCTT	0.0	1001.0	1.000
CGCTTG	0.0	649.5	1.000
CTACGC	0.0	222.6	1.000
GCCGAC	0.0	281.9	1.000
CGACCG	0.0	102.1	1.000
ACCGAG	0.0	515.1	1.000
TGCGAA	0.0	535.9	1.000
TACCGC	0.0	263.8	1.000
TGATCG	0.0	599.7	1.000
GTTCGC	0.0	283.5	1.000
TAGTCG	0.0	217.2	1.000
AGTCGC	0.0	335.7	1.000
GTCGCA	0.0	282.5	1.000
CGATGC	0.0	343.3	1.000
AAGCGT	0.0	640.1	1.000
TACGGG	0.0	300.7	1.000
CGACTA	0.0	235.7	1.000
CATCGC	0.0	395.4	1.000
CGTAGA	0.0	408.0	1.000
CTGTCG	0.0	1679.7	1.000
GCGCCC	0.0	863.6	1.000
ACGCGC	0.0	170.2	1.000
CTCGAA	0.0	946.5	1.000
CCGGCG	0.0	239.5	1.000
TCGAAA	0.0	570.9	1.000
CGTTAG	0.0	533.0	1.000
TCGTAC	0.0	201.0	1.000
CGTACT	0.0	325.4	1.000
ACGGGA	0.0	551.2	1.000
TTCGTC	0.0	603.3	1.000
TACGAT	0.0	542.3	1.000
CGAGAG	0.0	633.7	1.000
AAGTCG	0.0	469.0	1.000
GTCGAA	0.0	349.0	1.000
ACGTCG	0.0	127.5	1.000
CGTCGC	0.0	167.7	1.000
ACGCTT	0.0	684.9	1.000
TTCGAC	0.0	345.5	1.000
CTTCCG	0.0	874.6	1.000
AGTACG	0.0	346.7	1.000
TCTTCG	0.0	901.9	1.000
TTCCGC	0.0	677.8	1.000
CGCAAG	0.0	321.8	1.000
CCGATC	0.0	231.0	1.000
CCCGCG	0.0	284.9	1.000
CCGCGA	0.0	174.9	1.000
CCGTCG	0.0	154.8	1.000
CGTCGG	0.0	141.1	1.000
CGTGAC	0.0	510.8	1.000
CGCTAG	0.0	247.7	1.000
GCGAAC	0.0	239.2	1.000
CGATCG	0.0	107.0	1.000
TATCGG	0.0	295.8	1.000
CAATCG	0.0	349.8	1.000
CGGTAC	0.0	209.3	1.000
GACGGC	0.0	336.8	1.000
ACCGCG	0.0	398.4	1.000
CCGCGC	0.0	474.2	1.000
CGCGCC	0.0	608.7	1.000
CGCGAA	0.0	91.0	1.000
ATCGGT	0.0	384.5	1.000
GGTACG	0.0	301.9	1.000
CGGTTA	0.0	359.2	1.000
TCGCCG	0.0	178.0	1.000
CGCCGG	0.0	267.6	1.000
GACCGA	0.0	359.6	1.000
GTACGC	0.0	163.5	1.000
GCTTCG	0.0	490.6	1.000
CGGAAC	0.0	308.2	1.000
TCGACA	0.0	329.3	1.000
GACGCG	0.0	186.2	1.000
ACGCGA	0.0	129.2	1.000
CGCGAC	0.0	134.6	1.000
GCGACG	0.0	135.3	1.000
CGACGG	0.0	157.4	1.000
CGACAC	0.0	246.9	1.000
CTTCGC	0.0	668.9	1.000
TCATCG	0.0	569.3	1.000
ATCGCG	0.0	183.2	1.000
TCGCGG	0.0	175.7	1.000
GACGAG	0.0	471.2	1.000
CGCACG	0.0	178.2	1.000
ACGCGT	0.0	152.6	1.000
CGACAA	0.0	352.8	1.000
TCCGAC	0.0	246.0	1.000
GTCGCG	0.0	124.3	1.000
TCGCGA	0.0	119.2	1.000
GGCGTC	0.0	402.3	1.000
TACGCT	0.0	377.3	1.000
CTCGCG	0.0	204.5	1.000
TCGCGT	0.0	143.2	1.000
CGCGTT	0.0	196.0	1.000
CGCATG	0.0	409.9	1.000
CCGCCG	0.0	319.8	1.000
CGCCGC	0.0	366.0	1.000
ACGACG	0.0	123.6	1.000
CGACGT	0.0	104.6	1.000
CGCCGA	0.0	180.7	1.000
CCGTAC	0.0	224.8	1.000
CGCGGG	0.0	301.8	1.000
GACCGT	0.0	413.7	1.000
TTCGCG	0.0	141.5	1.000
TCGCGC	0.0	221.4	1.000
ACGCCG	0.0	205.1	1.000
CGCGTC	0.0	157.0	1.000
TACGCG	0.0	86.5	1.000
TCCGCG	0.0	182.6	1.000
CGCGCT	0.0	194.7	1.000
CCGACG	0.0	122.2	1.000
CGACGC	0.0	105.8	1.000
CGACGA	0.0	77.7	1.000
GCGTCG	0.0	139.6	1.000
CGCGTA	0.0	83.5	1.000
CGTCGA	0.0	80.2	1.000
CCGCGT	0.0	212.0	1.000
TCGACG	0.0	63.5	1.000
