OligoSequence	Target Occurences	Background Occurences	Enrichment(ln p, up to 2 mismatches)
TTTTTT	15471.0	168695.7	-190.135
TTATTT	4789.0	52039.7	-189.037
TTGTTT	3310.0	35826.3	-154.811
TTTGTT	3354.0	36870.0	-144.523
TTTATT	4432.0	50418.0	-142.378
TGTTTT	3423.0	39923.1	-104.995
TTTTAT	3847.0	45541.3	-102.693
TTTTGT	3056.0	37235.8	-72.947
TATTTT	4289.0	55706.7	-53.096
GTTTTT	2618.0	32870.7	-52.153
GGGGGG	143.0	1490.7	-48.036
CCCCCC	176.0	1552.0	-46.062
ACCCCC	116.0	1339.7	-41.944
GTTTTG	1309.0	15916.0	-38.824
CCCCTC	164.0	1964.1	-37.554
TTGGTT	727.0	10562.3	-36.461
TTTTTA	4092.0	55031.0	-35.816
CCCCCT	165.0	1790.5	-30.123
GTTGTT	616.0	10394.4	-29.591
TAACCG	37.0	362.6	-29.206
TACCCC	136.0	1459.8	-28.829
CCCCGT	37.0	546.3	-28.058
TGGTTT	900.0	13068.8	-26.514
TTAGTT	638.0	11103.8	-25.377
AGCTGA	283.0	3782.1	-24.797
CCCCTA	116.0	1466.4	-24.254
AAGGAT	355.0	5135.5	-23.381
CTTATT	718.0	11161.7	-23.381
TTACTT	922.0	12901.8	-23.381
TATTAT	1146.0	18704.6	-23.381
ATTATT	1520.0	23366.3	-23.381
TTTACT	933.0	13877.5	-23.381
TCTTTT	2203.0	34747.7	-23.381
CTTTTA	1130.0	17604.5	-23.381
TTTATC	717.0	11368.7	-23.381
TATTTC	1036.0	16444.9	-23.381
TAAGGT	250.0	4252.7	-23.381
TAAGCT	274.0	3867.2	-23.381
TTATAT	1045.0	18831.5	-23.381
TTTATG	1061.0	15417.3	-23.381
TCTTAT	544.0	9047.9	-23.381
GTAAGT	262.0	4648.4	-23.381
AAGTTG	435.0	6096.8	-23.381
TTAATT	1501.0	23867.5	-23.381
TAATTT	1830.0	29852.3	-23.381
TGCAAA	475.0	7456.3	-23.381
GCAAAA	417.0	6456.2	-23.381
TCAACT	273.0	4197.2	-23.381
AACTGA	451.0	5769.1	-23.381
ACTGAA	497.0	6980.0	-23.381
TTTAAT	1709.0	27410.8	-23.381
TTAAGC	303.0	4212.8	-23.381
TTGATT	862.0	14450.4	-23.381
TGATTA	496.0	7826.2	-23.381
GTGTTT	787.0	12632.4	-23.381
TTTGTG	856.0	14378.1	-23.381
GGTTTA	357.0	5443.4	-23.381
AAAGTG	532.0	8080.3	-23.381
CTGATT	467.0	7025.9	-23.381
TGATTT	1288.0	19502.3	-23.381
GATTTG	465.0	7664.1	-23.381
GGTTTT	1022.0	14174.3	-23.381
GTATTG	291.0	4818.1	-23.381
AACTTA	424.0	6545.4	-23.381
TTACTG	446.0	7296.4	-23.381
TACTGA	357.0	5459.1	-23.381
TTGAAG	484.0	7941.8	-23.381
TGTATT	974.0	16382.4	-23.381
GTATTT	945.0	17618.7	-23.381
CTTTTT	2532.0	37349.3	-23.381
TTTTTC	2283.0	36209.0	-23.381
GAAGTA	312.0	4660.0	-23.381
AAGTAG	312.0	5004.1	-23.381
AGGTAA	298.0	5257.7	-23.381
GGTAAA	346.0	5115.8	-23.381
AAATGG	530.0	8076.4	-23.381
AGTGAA	503.0	6715.0	-23.381
GTTAAG	278.0	4106.0	-23.381
GATTTT	1283.0	20812.6	-23.381
GAATTG	355.0	5677.8	-23.381
CTTTGT	680.0	12095.2	-23.381
GGTTTG	370.0	5904.7	-23.381
TTTGTA	1053.0	18329.9	-23.381
ATCAGT	324.0	4954.1	-23.381
GTTATG	278.0	4397.5	-23.381
AATGGT	348.0	5750.2	-23.381
TTTTCT	2504.0	41358.4	-23.381
TTTTTG	2573.0	39193.5	-23.381
TTTTGA	1426.0	25600.5	-23.381
AAGTCA	331.0	5082.8	-23.381
TGAAAC	377.0	6039.7	-23.381
AAACCA	432.0	6423.6	-23.381
TTTGTC	534.0	10565.0	-23.381
TTGTCT	518.0	9321.1	-23.381
TTATGT	812.0	13261.1	-23.381
AAAGCT	373.0	6055.6	-23.381
GTCAAA	250.0	4305.3	-23.381
AGTTAA	495.0	7836.4	-23.381
TAATGG	292.0	4930.0	-23.381
CATGAT	319.0	5074.9	-23.381
TCATTT	1322.0	20054.1	-23.381
TTATCT	645.0	10177.5	-23.381
TGAACT	354.0	5697.2	-23.381
GTAAAG	315.0	4488.3	-23.381
GTGAAA	450.0	7272.9	-23.381
ACTAAA	455.0	6670.5	-23.381
TACACT	226.0	3688.7	-23.381
AGCAAA	455.0	6814.3	-23.381
ATTATG	541.0	8513.3	-23.381
ATTTTT	3809.0	60671.8	-23.381
GTTTTA	1228.0	17846.9	-23.381
TTTTAG	1023.0	18687.1	-23.381
TTTAGT	770.0	13583.8	-23.381
TAGTTT	818.0	15447.2	-23.381
GTGAAT	394.0	5977.9	-23.381
AGATGA	440.0	6125.0	-23.381
TTCATT	1146.0	18852.6	-23.381
ATGTTT	1173.0	18983.3	-23.381
TGTTTC	703.0	11639.1	-23.381
TTTCTT	2455.0	38973.4	-23.381
TTCTTT	2233.0	36967.3	-23.381
CGTTTT	239.0	3050.7	-23.381
TGCTTT	928.0	14995.0	-23.381
GGAAAA	668.0	10233.6	-23.381
TAAATG	772.0	12315.7	-23.381
AATGCT	447.0	6759.7	-23.381
TGAAAG	479.0	7618.9	-23.381
GAAACT	355.0	6016.1	-23.381
TATATT	1214.0	21302.1	-23.381
TCTGTT	743.0	12749.3	-23.381
CTGTTT	909.0	13738.3	-23.381
GTTTGG	315.0	5535.5	-23.381
GCTTTT	881.0	13979.6	-23.381
TTGTTA	846.0	12476.8	-23.381
TGTTAT	757.0	11036.4	-23.381
GTGTTA	302.0	5263.1	-23.381
AATGAA	780.0	12594.5	-23.381
TGATTG	354.0	5802.0	-23.381
GTTATT	740.0	11072.8	-23.381
TTATTG	777.0	13474.0	-23.381
TATTGT	705.0	11555.7	-23.381
ATTGTT	803.0	13511.2	-23.381
TGTGTT	739.0	12562.6	-23.381
TGTTGT	685.0	10737.8	-23.381
TTTGCT	762.0	13564.1	-23.381
TTGCTT	751.0	12817.0	-23.381
TTGTGT	681.0	11683.3	-23.381
CAGTAT	331.0	5358.8	-23.381
AAGTGA	439.0	6993.6	-23.381
TGAAGA	471.0	7874.7	-23.381
GAAGAT	346.0	5125.7	-23.381
TCTTGT	470.0	8065.6	-23.381
TTGTAT	766.0	14426.9	-23.381
TATGTT	730.0	13439.3	-23.381
AATGGA	434.0	6363.8	-23.381
GACTTA	241.0	3506.7	-23.381
TTATTC	610.0	10679.6	-23.381
TCTAAG	276.0	4375.2	-23.381
ATACTG	338.0	5037.6	-23.381
GTTTTC	837.0	13320.2	-23.381
CTTTAT	826.0	13850.4	-23.381
ACTGAT	379.0	4950.2	-23.381
CTTGTT	562.0	8530.5	-23.381
TTGTTG	695.0	12741.6	-23.381
TGTTTA	1047.0	15421.0	-23.381
TTGTTC	476.0	8137.7	-23.381
TGTTCT	557.0	9282.7	-23.381
GTTCTG	275.0	4746.3	-23.381
GATGAT	363.0	4982.7	-23.381
TTAAGG	341.0	5348.9	-23.381
CAATGA	312.0	4489.1	-23.381
GAATGA	391.0	6251.0	-23.381
GTTTAT	877.0	12597.1	-23.381
TTTGAT	860.0	15105.8	-23.381
CAAACT	327.0	5212.4	-23.381
AACTGT	428.0	6208.5	-23.381
TATTTG	1095.0	16660.8	-23.381
ATTTGT	1139.0	17956.1	-23.381
AATTGG	387.0	5322.5	-23.381
CAAGAT	280.0	4334.4	-23.381
CAGAAT	421.0	6628.1	-23.381
TTCGTT	133.0	1748.9	-23.381
TTTACG	84.0	1160.7	-23.381
TTGAAC	335.0	5452.8	-23.381
CTTAAG	284.0	4209.8	-23.381
TTTGGT	785.0	12271.4	-23.381
TGATGT	480.0	7537.6	-23.381
CTATTT	749.0	13909.3	-23.381
CTGATA	297.0	4355.8	-23.381
TGATAA	499.0	7758.6	-23.381
AAGCTT	309.0	5645.5	-23.381
TTATTA	1243.0	19870.8	-23.381
AAACTG	552.0	7285.5	-23.381
TGTAAG	378.0	5699.2	-23.381
GTAAGA	277.0	4101.4	-23.381
GTAGAA	318.0	5107.1	-23.381
GTAATA	402.0	6210.5	-23.381
AAGGTA	265.0	4769.8	-23.381
GAAAAC	451.0	6949.8	-23.381
GTAATG	310.0	4724.0	-23.381
AACAGT	370.0	5417.1	-23.381
AGAGTA	271.0	4198.0	-23.381
GTTTAG	304.0	5093.4	-23.381
TCTATT	539.0	11080.8	-23.381
GAAATC	305.0	4593.8	-23.381
ACTTGA	363.0	5386.1	-23.381
TCGTTT	143.0	2073.5	-23.381
AAGACT	331.0	4920.1	-23.381
TAATGC	284.0	4332.4	-23.381
ATTGAC	267.0	3943.7	-23.381
CTGAAT	432.0	6993.6	-23.381
GGTTGT	241.0	4296.4	-23.381
GCCAAA	299.0	3492.1	-22.921
CGATGA	29.0	476.3	-22.780
TGATGA	562.0	6651.5	-22.401
CCTAAC	127.0	1849.7	-22.314
GGGGAG	265.0	2750.3	-22.137
GGGGGA	175.0	2322.6	-21.621
CCGAAC	24.0	221.2	-21.534
AAGCCG	46.0	475.1	-21.493
CTACCC	96.0	1434.2	-21.371
GGGAAG	302.0	3904.0	-21.172
TAACTC	238.0	3270.6	-20.749
CCTAAA	325.0	4539.3	-20.749
AGCTAA	313.0	4185.6	-20.749
CAGTAA	345.0	5112.3	-20.749
CAAATC	286.0	4063.5	-20.749
AATCAG	316.0	5028.1	-20.749
GTTAAC	210.0	3353.5	-20.749
CTAAGT	262.0	3918.9	-20.749
TAAGTC	206.0	3432.2	-20.749
AGTAGA	299.0	5005.5	-20.749
GAATAG	282.0	4249.8	-20.749
AGTCAA	254.0	3714.6	-20.749
AACATC	234.0	4041.3	-20.749
CAAGTA	257.0	4071.3	-20.749
CTAACA	222.0	3636.4	-20.749
ATAGCA	312.0	4523.8	-20.749
TAAAGC	293.0	4667.7	-20.749
TTAACC	307.0	4122.3	-20.749
TAACCT	273.0	3924.3	-20.749
CATACT	249.0	3783.5	-20.749
ACAAAC	318.0	4728.7	-20.749
GGATAA	280.0	4023.6	-20.749
ACTACT	219.0	3388.1	-20.749
AGATCA	228.0	3914.6	-20.749
GTAATC	199.0	3240.7	-20.749
ACTAGT	192.0	2796.7	-20.749
ACAGTA	317.0	4807.4	-20.749
ATGAAC	286.0	4453.7	-20.749
AAACGT	108.0	1614.1	-20.749
CTAAAC	213.0	2979.3	-20.749
AGCATA	315.0	4461.2	-20.749
AACTCA	288.0	4502.9	-20.749
TAACAG	298.0	4544.2	-20.749
TAAACC	259.0	3774.5	-20.749
CTAATG	267.0	4226.5	-20.749
GACAAT	224.0	3382.0	-20.749
CGAAAT	49.0	697.1	-20.749
GTAAAC	259.0	3545.7	-20.749
CCTAAT	242.0	3937.5	-20.749
GATAAG	207.0	3265.5	-20.749
CGGTTT	71.0	946.5	-20.749
CGTGTT	86.0	1232.6	-20.749
CTTAAC	266.0	3508.5	-20.749
TGTTCG	36.0	672.9	-20.749
GTTTCG	55.0	864.9	-20.749
ACGAAA	58.0	824.0	-20.749
CCCCCG	52.0	539.8	-20.567
GACTAA	225.0	2790.1	-19.959
ATGACG	35.0	538.2	-19.954
TAACTG	425.0	4932.4	-19.734
TGACGA	37.0	483.3	-19.108
AGCGTA	31.0	475.3	-19.020
CTGACC	142.0	2269.1	-18.924
CCCAAA	370.0	5482.5	-18.649
TAACCA	307.0	4137.4	-18.521
GTACTA	167.0	2485.9	-18.521
TAATCC	205.0	4268.6	-18.521
CAATAC	178.0	2676.8	-18.521
AGCTGT	330.0	4503.7	-18.521
ACTAAG	208.0	3117.4	-18.521
TGAAGG	314.0	4513.4	-18.521
CATAAC	203.0	2787.5	-18.521
TAACAC	214.0	3371.1	-18.521
GAACTA	208.0	3217.2	-18.521
CAACTA	158.0	2798.3	-18.521
ACCATA	214.0	3549.1	-18.521
CCATAA	248.0	3719.6	-18.521
GGGAAA	417.0	6258.4	-18.521
TGGAAG	366.0	5321.5	-18.521
ACTAGA	241.0	3441.4	-18.521
TGCTGA	337.0	5279.2	-18.521
AATACC	279.0	3836.0	-18.521
AACTAG	205.0	3239.4	-18.521
ACTGTG	347.0	5283.1	-18.521
AAATCG	53.0	896.1	-18.521
GATAAC	190.0	2519.2	-18.521
AATCGT	58.0	794.9	-18.521
TGGTGA	295.0	5156.6	-18.521
TGGGAA	394.0	6046.9	-18.521
AACCTA	236.0	3328.1	-18.521
ATGCTG	328.0	5033.7	-18.521
ATACCA	299.0	4256.2	-18.521
ACCTAA	257.0	3676.1	-18.521
TGACTG	299.0	4043.2	-18.521
CTAATC	154.0	2309.9	-18.521
CGTAAA	63.0	885.4	-18.521
TTAACG	66.0	901.9	-18.521
TAACGT	59.0	1109.6	-18.521
CTAACC	145.0	1635.6	-18.518
GCCGAC	23.0	204.0	-18.517
CCCCAC	178.0	2153.3	-18.055
AGCCAA	262.0	3522.1	-17.711
ACCCCT	162.0	1935.7	-17.587
ATGATG	511.0	6222.6	-17.320
CAAACC	228.0	2653.1	-17.116
AGTGTA	411.0	4875.6	-16.904
TCCCCC	209.0	2403.8	-16.765
CGTAAC	41.0	391.9	-16.730
TACCGC	28.0	214.2	-16.602
GGGCGG	29.0	662.8	-16.602
AACCTG	248.0	3478.1	-16.598
GCGAAG	24.0	377.5	-16.588
ATAACC	217.0	2933.6	-16.580
CTCTGA	301.0	4721.3	-16.580
TACTAC	182.0	2751.5	-16.580
TGAGGA	327.0	5051.0	-16.580
GAAAGG	284.0	4754.3	-16.580
ATGGTG	287.0	4664.1	-16.580
CTGATG	278.0	4192.1	-16.580
AGTGGT	299.0	4586.6	-16.580
GTGGAA	316.0	4473.5	-16.580
AAGGTG	280.0	3533.5	-16.580
AGGGAA	352.0	5282.6	-16.580
ACCTGT	258.0	3887.4	-16.580
ACTTGG	265.0	3895.3	-16.580
TGATGG	280.0	4858.7	-16.580
GTGATG	292.0	4591.5	-16.580
GTTCGT	34.0	606.7	-16.580
TAAACG	64.0	911.6	-16.580
AACGTA	59.0	968.2	-16.580
ACTGAC	202.0	2435.9	-16.544
TAACGG	53.0	356.6	-16.472
AGCGGA	28.0	332.8	-16.385
GCCGTC	21.0	254.7	-16.278
CGCCTT	71.0	551.3	-16.197
AGCAGC	204.0	2642.9	-16.094
CCCCGA	54.0	397.9	-16.006
CCAAAC	239.0	3003.0	-15.850
CCCCAA	225.0	2965.4	-15.767
GTCTGA	260.0	2903.8	-15.685
AGCCGA	54.0	532.5	-15.601
AGCCGT	29.0	424.9	-15.593
GCGTAA	29.0	375.4	-15.583
GCTGCT	276.0	3133.8	-15.493
CAGTGA	419.0	5361.3	-15.347
AACCGA	23.0	456.6	-15.327
GCCGAA	37.0	346.7	-15.253
ACCAAA	460.0	5644.4	-15.234
CGAACC	27.0	189.9	-15.213
GTAACG	38.0	379.2	-15.184
AGCTGC	215.0	2334.6	-15.164
CCAAAG	358.0	4996.4	-15.116
AACCCC	150.0	1995.8	-15.028
CCCTAA	171.0	2505.4	-15.027
GTACGG	27.0	225.6	-14.935
CTCCCC	197.0	2342.4	-14.925
CAGCAG	284.0	3257.1	-14.878
AAGCGG	30.0	463.1	-14.874
TAGCTG	272.0	4264.1	-14.860
ATCGAA	29.0	518.8	-14.860
TTAGGG	214.0	3751.5	-14.860
AAGTGG	313.0	4173.0	-14.860
ATGCAG	283.0	3989.7	-14.860
AGGTGA	255.0	4081.2	-14.860
GGTGAT	234.0	3798.6	-14.860
TGGTAG	225.0	3921.6	-14.860
ACAGTG	334.0	4877.5	-14.860
GTGACT	234.0	3638.9	-14.860
GAGGAA	345.0	5373.7	-14.860
AGTGAG	285.0	4731.0	-14.860
CTGAAG	302.0	4749.3	-14.860
AGTGGA	293.0	3848.9	-14.860
AGGAGA	288.0	4840.0	-14.860
AGAGGA	300.0	4626.5	-14.860
GGAATG	255.0	4000.2	-14.860
TGGCAA	276.0	4021.6	-14.860
ACTGGT	227.0	3032.0	-14.860
GGAAGT	266.0	4008.4	-14.860
AGTGCT	281.0	4933.3	-14.860
GGTGAA	222.0	3658.1	-14.860
AAGGGA	261.0	4519.6	-14.860
GCTGTA	213.0	3344.1	-14.860
CGTAAT	39.0	807.7	-14.860
AACGAT	53.0	743.8	-14.860
GAAGGT	218.0	3113.0	-14.860
ACGTAA	55.0	1038.3	-14.860
GGTTCG	44.0	284.6	-14.860
GTACCG	22.0	266.6	-14.831
CTGACA	262.0	3432.9	-14.822
GGGTGG	227.0	2513.3	-14.724
GACGAG	30.0	436.2	-14.699
CGCCCC	31.0	533.3	-14.650
GACCAA	171.0	2263.3	-14.619
CCGAAA	55.0	584.2	-14.568
ACCCGT	39.0	424.5	-14.385
GAACTG	237.0	3442.2	-14.250
AACCGC	25.0	362.9	-14.244
AACCCG	43.0	450.5	-14.075
TGACAA	409.0	5010.1	-13.996
ACCCAA	218.0	3001.3	-13.962
AACGTG	74.0	1055.4	-13.934
ACCGCC	38.0	297.1	-13.924
ACTAAC	212.0	2342.9	-13.798
GCCAGA	214.0	2370.0	-13.786
TAACCC	180.0	2109.7	-13.566
CGAATC	42.0	279.6	-13.524
CACCCC	152.0	1693.1	-13.480
CGAAGC	24.0	296.7	-13.361
TGACCT	240.0	4081.7	-13.321
CTGCAA	261.0	4638.5	-13.321
GCTGAT	187.0	3062.0	-13.321
TGATGC	210.0	3235.0	-13.321
GCAGAA	314.0	4645.7	-13.321
GTGGTA	195.0	3446.1	-13.321
CCTGTA	259.0	4032.3	-13.321
AATGGG	243.0	4129.1	-13.321
GTCAGT	203.0	3216.3	-13.321
TGAGCA	246.0	4276.9	-13.321
AGTGCA	280.0	4898.8	-13.321
TGGACA	241.0	3687.3	-13.321
GCTGAA	275.0	4135.1	-13.321
CAAGTG	204.0	3780.1	-13.321
AAGAGG	241.0	4266.3	-13.321
GGCAAA	274.0	3904.9	-13.321
GATGCT	212.0	3255.5	-13.321
ACCCTT	197.0	3134.2	-13.321
CCTGAT	205.0	3284.8	-13.321
GCAAAG	260.0	3704.4	-13.321
TCTGAC	213.0	3128.6	-13.321
AATACG	55.0	945.8	-13.321
CGAATA	30.0	618.0	-13.321
ATCTGA	400.0	4914.6	-13.319
AAGCTG	341.0	4108.3	-13.214
GCAGTT	352.0	4255.4	-13.198
GGGAGG	304.0	4243.7	-13.069
ACCCGA	26.0	316.8	-12.966
AACTGG	298.0	3694.0	-12.864
CGCCAA	20.0	304.1	-12.852
GACTGA	237.0	2951.9	-12.737
CCGATG	16.0	310.9	-12.719
TTTTCG	167.0	1800.6	-12.694
GGAAGG	265.0	3842.8	-12.680
GATGAC	203.0	2369.7	-12.624
GGCAGC	154.0	1631.6	-12.590
ATTTAT	2019.0	28460.9	-12.442
ACTACC	113.0	1742.9	-12.399
CCCTAC	93.0	1349.9	-12.386
GACGAC	19.0	185.9	-12.195
TACCCG	25.0	314.6	-12.120
TAAGCG	30.0	408.4	-12.040
ACCCCA	185.0	2498.4	-12.012
CTAAGC	128.0	1951.7	-12.003
GGACGA	32.0	309.5	-12.001
GTAGGG	128.0	1822.7	-11.977
CCCGTG	26.0	501.4	-11.960
CCTCAC	188.0	2097.0	-11.954
CAACCC	109.0	1627.0	-11.953
ACTGCA	282.0	5274.2	-11.935
GAAGCA	258.0	3845.9	-11.935
ATGGCA	256.0	3985.4	-11.935
CTGTAC	210.0	2907.9	-11.935
AGCATG	223.0	3935.6	-11.935
GCAGAT	218.0	3145.8	-11.935
GTTGAC	137.0	2448.7	-11.935
CAAAGG	247.0	3950.7	-11.935
AAGGGT	216.0	3028.9	-11.935
GGAAAC	251.0	3971.8	-11.935
GAACAG	240.0	3398.1	-11.935
GCAATG	186.0	3320.0	-11.935
GAGGAT	191.0	3406.0	-11.935
TGGAAC	192.0	3050.9	-11.935
CCTGAA	296.0	4468.4	-11.935
TAACGA	39.0	619.3	-11.935
GACAGT	262.0	3093.4	-11.865
GACCCC	82.0	1099.5	-11.864
CATTCC	300.0	3615.1	-11.773
AAACCG	52.0	694.8	-11.749
CGTGGC	57.0	466.4	-11.747
GACAGC	127.0	1819.1	-11.719
CCCCCA	207.0	2575.7	-11.708
ACCGCT	36.0	329.2	-11.626
CCCCGC	68.0	596.1	-11.613
GTCCGA	13.0	218.2	-11.612
AAGGCC	135.0	1894.6	-11.587
TATTTA	1898.0	26822.4	-11.548
CCGTAA	44.0	563.9	-11.542
CCCACC	173.0	2805.2	-11.504
CGGCAG	22.0	417.4	-11.469
ACGATG	36.0	611.2	-11.331
CTGAAC	228.0	2828.3	-11.319
TGTACC	183.0	2952.1	-11.319
GGGGAA	281.0	3776.9	-11.255
ACCTGA	206.0	3120.4	-11.248
GTAACC	124.0	1844.5	-11.168
CGAAAC	26.0	460.9	-11.114
ACCGAA	39.0	497.2	-11.066
GGAGGG	248.0	2949.6	-10.988
GCAGCG	36.0	478.4	-10.952
GATGAG	285.0	3456.7	-10.906
GTGAAG	331.0	4104.8	-10.843
AAACCC	233.0	3340.5	-10.813
CTGATC	192.0	2199.0	-10.750
CCCCAT	224.0	2634.1	-10.745
TCGCCT	56.0	472.5	-10.740
GTGTAC	208.0	2627.8	-10.704
GGAGGA	245.0	3696.8	-10.703
ACAGCT	230.0	3506.4	-10.680
CAACTG	204.0	3097.0	-10.680
GATGCA	190.0	2778.8	-10.680
AAGGCT	217.0	3300.7	-10.680
CATGGA	259.0	3841.6	-10.680
GATGGA	255.0	4482.1	-10.680
AGGACA	238.0	3531.9	-10.680
GACATG	198.0	3157.0	-10.680
GGAACA	216.0	3358.6	-10.680
GAAGCT	244.0	3637.6	-10.680
GGATGA	239.0	3141.6	-10.680
TAGGGA	208.0	3329.2	-10.680
AGTGAC	242.0	3024.7	-10.678
GAAGCG	37.0	504.2	-10.624
GAGGGG	180.0	2227.5	-10.612
CCCGAA	50.0	406.0	-10.608
CAGTGG	297.0	5120.8	-10.596
GTACCA	152.0	2405.8	-10.533
TAGCGG	17.0	247.6	-10.530
GTAACA	303.0	3726.2	-10.494
GCAGCT	206.0	2406.3	-10.484
CCGATC	29.0	183.5	-10.471
CGTCGG	6.0	86.5	-10.451
GCAGTG	312.0	5187.3	-10.426
GGAAGC	172.0	2595.0	-10.422
ACCGAC	10.0	247.6	-10.401
CCCGTA	37.0	327.7	-10.383
TAGCCG	21.0	331.2	-10.331
AGCAGT	326.0	4060.3	-10.325
GTCCCC	109.0	1277.5	-10.259
AAGGCG	37.0	470.8	-10.239
TGGCAG	279.0	3406.8	-10.201
TGAAGC	291.0	3583.4	-10.165
TTTTAC	1104.0	15308.1	-10.161
GCCGCT	19.0	373.6	-10.135
AACCAA	382.0	4851.1	-10.118
CAAAAC	448.0	5799.9	-10.106
ACCACC	187.0	2160.1	-10.022
GGTCGG	37.0	271.9	-10.013
GTTCGA	56.0	486.4	-9.977
CCCGCA	29.0	304.0	-9.949
AGGGCC	112.0	1343.6	-9.936
AACTGC	242.0	3098.5	-9.898
AAAGCG	73.0	692.9	-9.897
GACTAG	147.0	1643.9	-9.896
ACCGAT	26.0	382.7	-9.895
GGGTAG	132.0	1826.9	-9.888
CAGCTG	224.0	3317.9	-9.837
CGTACC	7.0	230.0	-9.833
CACTAA	266.0	3253.9	-9.797
ACCCCG	55.0	478.5	-9.783
AAGATG	451.0	5854.8	-9.779
CCGCTA	18.0	248.4	-9.778
ATTTTG	1674.0	23779.9	-9.713
ATGACA	384.0	4911.1	-9.680
GAGCAG	181.0	2689.2	-9.666
ACTACG	47.0	387.2	-9.657
GAACAC	217.0	2587.1	-9.612
CGGAAA	46.0	590.8	-9.594
CCAATG	212.0	2517.3	-9.592
ACACTA	246.0	2990.5	-9.576
TGCCAA	312.0	3913.7	-9.566
ATCCCC	133.0	1758.8	-9.565
TGACCG	32.0	387.8	-9.564
GCCCGC	17.0	564.5	-9.561
TAAGGG	159.0	2580.0	-9.542
CCCTTA	164.0	2577.5	-9.542
AGAAGC	228.0	3907.3	-9.542
GTAGAG	248.0	3552.3	-9.542
TACCCT	169.0	2633.8	-9.542
TATGGC	161.0	2877.1	-9.542
CACTGA	314.0	4137.5	-9.542
GCAAGA	188.0	3221.6	-9.542
AGATGC	197.0	2846.0	-9.542
GTAGCT	209.0	3659.2	-9.542
AGTCAG	204.0	3242.5	-9.542
GGACAT	212.0	3192.8	-9.542
GACAAA	403.0	5196.1	-9.517
CAACGC	12.0	218.2	-9.503
TAAACT	584.0	7786.9	-9.493
CGGGGG	28.0	513.9	-9.480
AACAGC	244.0	2966.2	-9.479
AAGCAG	350.0	4441.5	-9.476
GGCCGA	44.0	545.9	-9.467
CGCCCT	33.0	404.1	-9.430
CAGTCA	238.0	2955.0	-9.408
GCCGGC	43.0	346.5	-9.403
CGACGA	2.0	81.8	-9.403
ATCACC	197.0	2491.1	-9.341
ACTCGT	38.0	597.2	-9.293
CCGCTG	47.0	488.6	-9.270
GTGATT	514.0	6802.9	-9.261
AGCGCG	21.0	118.9	-9.261
GCACCG	38.0	293.6	-9.236
CGTGAC	30.0	427.2	-9.213
GTGTAG	235.0	2867.9	-9.171
CCGACG	4.0	81.4	-9.144
AACACC	190.0	2434.9	-9.122
TGCCCC	142.0	1605.2	-9.093
CCCTCC	211.0	2528.1	-9.062
ACCGCG	11.0	338.1	-9.043
TCGTAG	49.0	423.8	-8.988
GCCCGT	41.0	331.1	-8.944
TGAACG	63.0	592.8	-8.937
GAAGGG	215.0	3181.5	-8.929
CACTAG	115.0	1818.7	-8.882
CCCGTC	48.0	480.5	-8.874
CGTAGC	23.0	284.3	-8.862
TAACGC	25.0	308.4	-8.852
GGACAA	160.0	2494.1	-8.850
AGTGAT	474.0	6253.7	-8.840
TGCAGC	184.0	2839.1	-8.831
ACCAAC	147.0	2278.0	-8.798
TCAGTG	389.0	5051.9	-8.764
ATACCC	148.0	1941.4	-8.764
ATAGCC	158.0	2165.2	-8.762
AATCGG	31.0	414.0	-8.756
GAACGC	30.0	274.9	-8.744
AACTTG	410.0	5345.7	-8.730
GCTAAA	312.0	3965.2	-8.718
GAGGAG	248.0	3300.5	-8.710
TGTCCC	200.0	2406.0	-8.676
GTTTGT	927.0	12884.2	-8.670
TCACCT	299.0	3774.4	-8.666
CCGACC	29.0	285.6	-8.597
GGAGCC	123.0	1366.9	-8.595
AACCGT	54.0	560.6	-8.581
AACGCG	15.0	90.7	-8.562
AGCGAA	34.0	479.8	-8.534
GCCCTA	94.0	1244.3	-8.508
CTTACC	169.0	2371.5	-8.506
CTACCT	182.0	2891.7	-8.506
AAAGCC	247.0	3648.9	-8.506
AATGCC	224.0	3435.9	-8.506
GACAAG	166.0	2561.2	-8.506
CAAGCA	205.0	3299.9	-8.506
ATGCCA	264.0	3842.3	-8.506
AGGGTA	215.0	3015.4	-8.506
GGGTAA	201.0	2622.5	-8.506
TAGCAG	234.0	3121.4	-8.506
GAATGC	199.0	2957.5	-8.506
GCAGTA	194.0	2908.6	-8.506
GTAGGA	161.0	2750.0	-8.506
GGTAAG	183.0	2723.1	-8.506
GAAGAC	181.0	3126.6	-8.506
TGGTAC	138.0	2306.0	-8.506
TGACAC	161.0	2511.0	-8.506
TTCGGA	33.0	555.2	-8.506
GTACGC	13.0	151.2	-8.483
AACCCT	204.0	2832.2	-8.471
ACCGGG	37.0	294.4	-8.454
CCCGAT	32.0	283.0	-8.431
CTGTTA	455.0	6020.9	-8.430
ATCGGA	23.0	344.6	-8.380
CATACC	172.0	2066.5	-8.356
AATCTG	432.0	5702.9	-8.311
CGTTCG	12.0	103.0	-8.288
GGTGGG	233.0	2887.3	-8.267
TCCGAA	35.0	449.9	-8.255
TAGGGG	112.0	1794.2	-8.246
CGCTGA	27.0	471.7	-8.196
TGAAAT	1001.0	14038.3	-8.169
CCAAAA	511.0	6847.0	-8.167
GGCGAA	15.0	337.7	-8.164
GCCAAG	185.0	2379.7	-8.150
CCCATG	196.0	2375.9	-8.129
CGTGTA	74.0	798.0	-8.129
CGCGTT	9.0	151.1	-8.125
GGGGCG	48.0	565.5	-8.124
ATGACC	173.0	2327.1	-8.105
TGACAT	449.0	5954.0	-8.095
TGACTA	287.0	3648.8	-8.075
AAATAG	701.0	9626.9	-8.069
CTGCTG	316.0	4068.9	-8.065
CGCTAA	34.0	326.8	-8.054
GACCGT	21.0	343.1	-8.038
TCTGAG	366.0	4768.5	-8.027
ACCGGA	10.0	295.6	-7.991
TGGACG	36.0	455.3	-7.991
ACATTC	380.0	4987.1	-7.965
GCTGAC	141.0	1637.5	-7.964
GTGACA	265.0	3344.9	-7.961
GGCGAT	41.0	348.8	-7.959
CCCTCG	25.0	383.8	-7.954
AGCGGG	26.0	435.8	-7.936
TCACCC	188.0	2899.6	-7.934
AGTATA	505.0	6789.3	-7.930
AGCTTA	304.0	3897.5	-7.925
AACGGC	16.0	291.9	-7.920
GGCAGT	216.0	2659.8	-7.918
GTGGAC	90.0	1639.0	-7.918
GCCCCT	103.0	1438.7	-7.885
CGAGTC	37.0	304.2	-7.846
CTGAAA	618.0	8447.9	-7.811
CATAGC	127.0	2242.6	-7.807
CGGTAA	29.0	410.2	-7.804
ACCAGC	128.0	2415.5	-7.790
CGAGGG	35.0	435.1	-7.779
TTATGG	448.0	5981.3	-7.762
GCGGAA	23.0	352.1	-7.747
GGACGG	20.0	318.9	-7.736
CCCGAC	19.0	321.6	-7.734
ACATGC	232.0	2904.8	-7.700
AACACT	376.0	4950.7	-7.647
GTACTG	210.0	2603.1	-7.633
ACGACC	17.0	199.5	-7.631
ACCCTA	145.0	1959.0	-7.619
TAGAGG	240.0	3012.5	-7.612
GCCGTA	16.0	267.3	-7.599
ATGGAC	168.0	2407.5	-7.595
GAAGCC	173.0	2384.0	-7.587
ACGGCC	28.0	208.9	-7.574
CGAATG	34.0	529.8	-7.568
AGTAGG	185.0	2991.4	-7.563
GAGAAC	218.0	2984.8	-7.563
ACACCT	187.0	2820.1	-7.563
TACCTC	158.0	2468.7	-7.563
AGCACT	211.0	4108.7	-7.563
TGCTAC	160.0	2394.7	-7.563
TGAACC	183.0	2823.6	-7.563
GGTAGA	195.0	2997.1	-7.563
GCAAAC	170.0	2707.8	-7.563
GAGTAG	202.0	3092.9	-7.563
CAGAAC	212.0	3043.4	-7.563
GTACAG	226.0	3151.4	-7.563
TAGGCA	176.0	3133.7	-7.563
TGACCA	212.0	3117.0	-7.563
GTGATC	164.0	3099.6	-7.563
GCAGCA	201.0	2678.2	-7.541
CCGTCC	36.0	298.0	-7.530
GTGGGG	217.0	2696.6	-7.510
GCGTAG	13.0	347.5	-7.500
TTTCGT	155.0	1839.1	-7.492
TACGAC	19.0	254.2	-7.477
ATCGCC	19.0	330.4	-7.476
CGCCGA	11.0	130.0	-7.457
CCGTGA	37.0	533.3	-7.405
CCAATC	97.0	1792.0	-7.376
CCGCCG	31.0	244.1	-7.373
GAAGGC	161.0	2145.1	-7.370
AACCCA	227.0	3293.2	-7.304
AGCCCG	22.0	373.6	-7.289
AGCGGT	27.0	391.4	-7.262
GACGGT	17.0	340.6	-7.249
CAGACC	99.0	1661.2	-7.241
GCAGTC	136.0	1599.7	-7.227
GCTTAA	300.0	3885.0	-7.215
GACGAA	36.0	467.2	-7.210
AGGGGG	133.0	1643.3	-7.155
CTGGTT	349.0	4606.7	-7.127
CAGTGT	393.0	5243.0	-7.091
GATGAA	416.0	5570.2	-7.082
ACTGCT	298.0	3880.6	-7.076
GCCCCA	138.0	1634.7	-7.075
CGAAGG	41.0	424.5	-7.070
CAAAGC	256.0	3284.7	-7.041
AGGCCC	113.0	1290.7	-7.027
AGGACG	28.0	435.8	-7.019
GCGTTG	41.0	366.2	-7.019
GGAAAG	404.0	5403.7	-7.019
ACCGGT	16.0	243.6	-7.003
GGACCG	15.0	251.6	-6.988
ATCACG	61.0	615.2	-6.986
GAGTGA	281.0	3631.4	-6.976
CTACCA	200.0	2494.5	-6.975
AAGCGT	62.0	628.6	-6.973
CACCTT	281.0	3633.2	-6.946
GCGAGT	38.0	332.8	-6.940
GAGTAA	290.0	3769.6	-6.939
GCCCGA	30.0	280.0	-6.931
AACGCA	35.0	466.1	-6.927
AGCAGA	314.0	4118.7	-6.927
AACTAA	438.0	5899.3	-6.906
TGTAAC	326.0	4287.9	-6.903
AGTAAC	260.0	3338.6	-6.898
GCGGAG	34.0	540.1	-6.897
CGTGTC	53.0	517.1	-6.855
TGAGTG	331.0	4370.7	-6.815
GACTAC	103.0	1731.2	-6.812
GCTAAG	184.0	2273.9	-6.789
GGGCAG	184.0	2275.3	-6.752
CCGATA	28.0	281.1	-6.742
GCCCCC	96.0	1178.0	-6.738
CCCTCA	181.0	2255.2	-6.718
TGGGGG	232.0	3175.0	-6.717
ATACCG	40.0	374.5	-6.706
CCAAGA	244.0	3599.6	-6.705
GCAACA	197.0	3011.1	-6.705
AAGGAC	205.0	2931.8	-6.705
GAAACC	206.0	3285.9	-6.705
AACCAG	223.0	3484.0	-6.705
GTGGTG	219.0	4305.0	-6.705
CCAAGT	222.0	3426.4	-6.705
AAGCAC	171.0	2993.9	-6.705
GGATAG	116.0	2121.4	-6.705
CGTGGA	30.0	711.7	-6.695
ACCTGC	158.0	2132.5	-6.694
TGTTTG	999.0	14207.7	-6.693
AGCACC	122.0	1886.3	-6.685
GAACGG	22.0	312.3	-6.670
GGAAGA	400.0	5371.9	-6.665
GGTCGA	16.0	226.2	-6.645
TACGGC	27.0	233.6	-6.639
ACAACC	118.0	1991.9	-6.637
GGGCAA	141.0	2414.9	-6.637
AGGGGA	232.0	2969.5	-6.631
CCGTAT	55.0	548.9	-6.619
TAGTCA	270.0	3507.0	-6.618
CCGGAA	28.0	376.6	-6.606
ACGCCC	20.0	503.7	-6.592
ACCAGT	238.0	3106.0	-6.581
CAGCCA	236.0	3017.3	-6.580
CAAGGA	275.0	3586.3	-6.560
TGTACA	471.0	6424.2	-6.539
CAGCGG	28.0	431.3	-6.531
TAGTGA	356.0	4748.5	-6.513
GAACCG	27.0	313.0	-6.512
CCGCCA	31.0	470.9	-6.491
CGACCC	20.0	176.2	-6.464
GTGGGA	258.0	3339.3	-6.444
AGCCAG	246.0	3175.6	-6.443
GCAGAC	116.0	1577.7	-6.438
ACCGTA	35.0	559.0	-6.431
AGTCAT	349.0	4662.4	-6.428
GTCAGC	131.0	1567.0	-6.426
CGCCGT	6.0	131.8	-6.419
GTACCC	84.0	1262.8	-6.414
CTAACG	19.0	444.0	-6.408
CCACAC	132.0	2238.4	-6.396
TGCGAA	30.0	553.4	-6.394
TCAGCG	33.0	450.6	-6.393
GGCAGA	194.0	3106.3	-6.389
CAGTCG	38.0	343.9	-6.389
GCAGCC	126.0	1907.7	-6.384
CGCAGT	29.0	459.7	-6.369
CCGTGT	52.0	766.2	-6.368
TCGCGT	8.0	90.5	-6.351
ATCCGA	32.0	273.8	-6.335
GTGGCC	133.0	1598.6	-6.330
CGAACG	3.0	60.4	-6.318
ACCCGC	41.0	401.6	-6.315
GAAAGC	279.0	3649.8	-6.306
GCGCGT	21.0	150.1	-6.302
GTAAGC	152.0	1889.6	-6.301
AAGTCG	43.0	504.9	-6.288
CCGCAT	24.0	309.0	-6.287
TTCGTG	84.0	939.8	-6.276
GCTGCC	132.0	1831.7	-6.267
CCGACA	22.0	237.2	-6.265
AGCAGG	211.0	2685.7	-6.231
GTCGGG	36.0	323.5	-6.196
TGTACG	50.0	551.2	-6.189
CCAAGG	196.0	2483.1	-6.177
GCTAAC	112.0	1580.0	-6.165
CGATAA	50.0	497.5	-6.160
CATGCC	157.0	2805.9	-6.160
CGTCAC	36.0	324.2	-6.147
GTAGCG	24.0	258.0	-6.140
GACTGT	245.0	3181.9	-6.135
GGCCCC	90.0	1030.4	-6.127
CCGTAC	15.0	241.8	-6.077
CGGACG	3.0	81.5	-6.075
TGGCGG	35.0	498.6	-6.069
AGGATA	318.0	4232.5	-6.044
ATAGCG	24.0	376.5	-6.024
GCTGTT	391.0	5306.9	-5.995
CGCGTA	9.0	59.1	-5.993
GGCCGT	22.0	329.7	-5.981
GTACGA	27.0	286.7	-5.980
CTACGA	36.0	328.6	-5.965
CCCCTT	234.0	3044.2	-5.957
TTCGCC	47.0	465.3	-5.938
CTGGCG	47.0	466.0	-5.938
GATTTA	607.0	8488.7	-5.930
AGTGGG	219.0	3040.5	-5.928
GCATAG	144.0	2380.8	-5.924
CGTAAG	44.0	560.6	-5.920
TATGGG	229.0	2975.7	-5.883
GTGTAA	342.0	4602.2	-5.863
GAGAAT	419.0	5729.5	-5.858
GCCGTT	33.0	499.0	-5.856
GGGCCG	30.0	354.9	-5.838
GCCCAA	105.0	1791.7	-5.834
GGGGTA	149.0	1837.2	-5.824
GGGGGT	144.0	1780.3	-5.823
GATGGC	159.0	1981.2	-5.817
GGCCAA	170.0	2141.6	-5.806
TAGCGC	20.0	186.9	-5.782
CCGTTA	30.0	479.2	-5.748
CGAGGA	50.0	508.9	-5.746
GAGGGT	177.0	2248.8	-5.724
ATACTC	210.0	2718.1	-5.722
CTACGG	30.0	261.4	-5.722
CCGCCC	49.0	782.4	-5.712
ATTTTA	2529.0	37487.2	-5.696
CGACTG	27.0	332.4	-5.691
GACAAC	144.0	1787.1	-5.689
TTCGAA	71.0	785.5	-5.689
CCGAAG	44.0	434.2	-5.676
CCAACG	16.0	285.2	-5.676
ACACCA	187.0	3018.7	-5.670
ACTGTT	518.0	7210.9	-5.649
CCTGAC	142.0	2465.4	-5.646
AGTCGT	49.0	498.9	-5.646
AAATTG	767.0	10904.6	-5.639
CCTACC	121.0	1585.6	-5.623
TCCCCG	52.0	537.7	-5.622
TCCCCT	234.0	3258.0	-5.619
CCGTCA	41.0	397.4	-5.616
GTGAAC	205.0	2653.0	-5.603
AAGGCA	311.0	4178.0	-5.594
TCGTGT	79.0	899.0	-5.543
GTGGCA	212.0	3367.3	-5.538
AGACTA	240.0	3151.9	-5.510
ACGCGA	11.0	58.1	-5.490
CCGTAG	26.0	333.8	-5.476
CACCAC	192.0	3149.9	-5.476
AATAGG	307.0	4126.9	-5.476
CCCTGA	188.0	2656.4	-5.475
CGAGCC	33.0	303.0	-5.470
TTAGCG	45.0	452.4	-5.467
ACTAGC	103.0	1485.4	-5.465
GCGGGT	25.0	385.5	-5.453
AGGATG	283.0	3776.8	-5.446
TCGTCG	9.0	75.8	-5.439
TCCGAG	40.0	389.2	-5.433
CGGAAG	31.0	502.1	-5.420
TGGAGC	176.0	2252.2	-5.419
CAGTCC	107.0	1714.2	-5.417
GCCAAC	104.0	1536.4	-5.411
AACCGG	31.0	307.5	-5.405
TATGGA	346.0	4705.3	-5.400
TACCGA	38.0	365.2	-5.396
CAGTTA	366.0	4987.8	-5.395
AGTCGA	26.0	364.0	-5.391
TACGAA	59.0	636.6	-5.384
AGCCGC	16.0	389.7	-5.379
CCGTCG	9.0	70.6	-5.377
TCCGAC	23.0	186.9	-5.363
ACGTGT	106.0	1265.8	-5.361
AACGGT	42.0	467.1	-5.351
TCCGTA	51.0	532.6	-5.350
GAAATG	622.0	8777.4	-5.345
TCGTAA	61.0	664.4	-5.330
AGATTA	476.0	6614.6	-5.329
CACAAC	120.0	2341.5	-5.327
GTGATA	327.0	4433.9	-5.319
GCCCCG	35.0	450.4	-5.319
CGTCCG	15.0	132.4	-5.311
TAAGGC	179.0	2303.7	-5.303
GTAACT	302.0	4064.6	-5.301
AACGGG	29.0	359.3	-5.289
ATAGAC	216.0	2822.7	-5.288
CTGCCC	171.0	2188.5	-5.267
AAACAC	406.0	5599.4	-5.262
AGCATC	193.0	2498.3	-5.261
ACAGTC	189.0	2440.8	-5.239
TAGACT	256.0	3414.3	-5.230
GGGTTG	163.0	2882.7	-5.214
TCACCA	243.0	3751.3	-5.214
CCTCAA	204.0	3412.5	-5.214
CCACAA	217.0	3392.8	-5.214
CAACAC	167.0	2414.3	-5.212
ACACCC	121.0	1648.3	-5.210
AATTGA	579.0	8166.2	-5.192
ACTTGT	393.0	5416.4	-5.189
ACCAAT	258.0	3432.4	-5.186
GCGGAC	16.0	164.0	-5.185
GGTAGG	118.0	1965.3	-5.185
GATAGC	133.0	1720.2	-5.158
CAGATC	172.0	2210.9	-5.158
AATAGC	298.0	4032.8	-5.144
CGACAA	31.0	340.6	-5.143
GTAGTG	212.0	2774.6	-5.133
TGCCGA	39.0	385.0	-5.130
CTGACT	267.0	3574.6	-5.126
TTGCAG	375.0	5155.0	-5.125
TGACAG	297.0	4018.0	-5.124
TCGCCG	5.0	137.1	-5.123
CCGAAT	38.0	472.4	-5.121
CGAGTA	40.0	581.5	-5.108
CTAACT	239.0	3166.2	-5.105
AACACG	41.0	747.8	-5.103
TGGGGA	316.0	4299.3	-5.097
GAGTGG	192.0	2627.8	-5.087
CCCCTG	152.0	1951.0	-5.083
GTTCAG	274.0	3685.6	-5.081
CAAGGC	138.0	1893.0	-5.079
AAGCCC	122.0	1985.1	-5.073
AACGCC	18.0	282.8	-5.061
GTTGGT	299.0	4039.0	-5.061
GAGGGC	84.0	1534.4	-5.059
GTGCAG	266.0	4823.2	-5.058
TGAACA	451.0	6275.5	-5.056
AATACT	552.0	7771.2	-5.055
CTGCCG	47.0	489.9	-5.054
CCAGTG	242.0	3216.9	-5.047
CAGCTT	350.0	4786.1	-5.046
ATGGCC	163.0	2086.4	-5.035
TCGGGC	29.0	263.3	-5.022
ACGAGC	29.0	263.9	-5.022
CCGCAC	14.0	323.9	-5.020
TTTCGA	83.0	974.2	-5.017
GCGACC	21.0	169.9	-5.008
GCGTAC	17.0	214.4	-5.007
TTCGGT	61.0	675.2	-5.004
CTTAAT	542.0	7629.5	-5.001
TGTTAC	392.0	5420.4	-4.994
GACGAT	30.0	380.4	-4.992
AAGCGC	31.0	288.0	-4.991
GCCATA	148.0	2181.7	-4.978
GGTGGA	214.0	2815.2	-4.976
TCGGAG	25.0	413.5	-4.975
TGAGTA	374.0	5154.3	-4.968
GTAAGG	194.0	2533.8	-4.967
TGCTGC	262.0	3511.2	-4.961
ACAGCC	161.0	2061.8	-4.961
CAGGAT	270.0	3635.0	-4.950
ACCACA	226.0	4039.7	-4.943
AATGAT	649.0	9234.2	-4.939
TACGAG	34.0	361.9	-4.937
GCCATG	198.0	2594.7	-4.934
CGATCA	33.0	314.5	-4.930
GGCGGT	31.0	348.7	-4.927
CCTCCC	242.0	4873.8	-4.924
AACGCT	33.0	525.1	-4.924
CGGGAA	43.0	562.0	-4.919
CTCCTC	202.0	2655.1	-4.917
ACTGGA	276.0	3730.2	-4.913
AGGGCA	174.0	2530.1	-4.888
GCGGTT	28.0	396.6	-4.884
CCCTTC	212.0	2792.3	-4.879
TGACCC	140.0	1876.1	-4.877
GACCGA	21.0	324.6	-4.874
TACCAG	213.0	2808.7	-4.872
ACGGAC	9.0	265.8	-4.867
TGATAC	270.0	3643.0	-4.865
GGCAAG	154.0	2178.7	-4.858
GAACCC	102.0	1496.3	-4.853
GGCTAA	164.0	2758.4	-4.852
ACTGCC	165.0	2141.1	-4.849
AAGGGC	154.0	1966.1	-4.848
TGGTTG	326.0	4462.7	-4.846
TAGCCC	126.0	1575.6	-4.845
CGAGCT	30.0	279.5	-4.844
CTTCCC	267.0	3599.5	-4.829
TAGGAC	118.0	1966.2	-4.828
CACCAA	214.0	3020.5	-4.827
CCAAAT	434.0	6060.3	-4.826
AGTAAA	611.0	8682.2	-4.806
AGCGGC	24.0	355.7	-4.795
CGGAAC	15.0	248.8	-4.761
CGTGGG	50.0	537.5	-4.757
GAGGAC	141.0	1797.2	-4.748
GCCTAA	158.0	2153.8	-4.739
AGGGCG	17.0	383.5	-4.726
AGCCAT	284.0	3854.2	-4.722
GGACTG	153.0	2076.8	-4.697
ACGCGT	7.0	114.9	-4.693
AGCGTT	67.0	769.0	-4.686
CACCTC	178.0	2526.7	-4.679
TAATCT	471.0	6625.5	-4.677
CCAACC	122.0	1655.4	-4.676
CACTAC	134.0	1700.3	-4.671
GGAAAT	531.0	7507.7	-4.670
ATTGGA	360.0	4982.0	-4.669
AACTCG	39.0	544.3	-4.668
CGACTA	16.0	238.8	-4.664
CGCATA	34.0	333.8	-4.658
ACCGTG	44.0	832.6	-4.653
TAAGGA	373.0	5171.0	-4.653
CGTCGT	9.0	103.5	-4.650
CCACCC	169.0	2201.4	-4.627
CAGCGA	34.0	489.7	-4.614
CGGTCA	13.0	282.4	-4.609
CTAAGG	173.0	2455.5	-4.605
AGTTGA	390.0	5432.0	-4.597
AAGCTA	286.0	3897.6	-4.590
GCGAAC	14.0	185.7	-4.588
AAACCT	393.0	5480.9	-4.585
CGGGGC	43.0	451.2	-4.584
ACTAAT	389.0	5417.5	-4.578
CCAACA	188.0	3237.0	-4.570
CAGCTA	188.0	3086.0	-4.570
AGACCA	192.0	3192.2	-4.570
CATCAG	207.0	3160.0	-4.570
CATGAC	172.0	2261.0	-4.570
CAAGAC	162.0	2536.8	-4.570
CACCAT	212.0	4057.0	-4.570
CCAGTA	172.0	2914.0	-4.570
ACCTCA	236.0	3582.9	-4.570
CAAGTC	160.0	2348.1	-4.570
ACGGTT	43.0	578.5	-4.570
CGACCA	21.0	263.9	-4.528
CTCGTC	39.0	400.5	-4.527
AGGGTG	189.0	2490.6	-4.518
GACCCA	123.0	1711.2	-4.505
AGGACC	98.0	1578.2	-4.502
ACGACT	29.0	366.3	-4.502
ACGTGG	57.0	764.6	-4.500
CCGACT	19.0	356.5	-4.498
ACCAGA	226.0	3034.3	-4.493
TTAAAC	572.0	8143.8	-4.488
AAGCCA	304.0	4170.6	-4.480
TGGAAA	690.0	9928.7	-4.476
ACGTCG	2.0	78.6	-4.468
CCTAGC	112.0	1395.7	-4.468
TAAGCA	343.0	4751.9	-4.457
AATGCA	433.0	6087.1	-4.455
TCTGAT	460.0	6491.7	-4.446
TAGGGC	96.0	1407.5	-4.445
GCGAAA	24.0	519.0	-4.435
ATTGGG	247.0	3343.3	-4.433
CGGTGG	43.0	714.1	-4.429
GCCTGC	138.0	1774.4	-4.419
GACGGC	13.0	234.9	-4.415
CATCAC	197.0	2618.3	-4.410
GACGTA	30.0	427.5	-4.410
AAGGGG	174.0	2589.0	-4.403
GCCAGT	169.0	2563.7	-4.400
GTGACG	23.0	441.1	-4.400
CACCCT	161.0	2098.7	-4.399
AGCCCC	108.0	1528.8	-4.393
CTAAAG	299.0	4102.0	-4.383
GAAGTG	317.0	4367.1	-4.382
AATGTG	574.0	8191.3	-4.379
TAGTGC	171.0	2248.4	-4.374
ACCAAG	189.0	2785.7	-4.373
ACACTC	101.0	1922.0	-4.366
ACCACT	226.0	3045.3	-4.356
ATGTGA	493.0	6991.7	-4.352
TCGACG	2.0	55.0	-4.351
CCTGGT	203.0	2713.3	-4.349
GGCGGA	36.0	590.5	-4.339
CGCAAA	36.0	425.3	-4.331
GATGTA	298.0	4107.6	-4.329
CCACTC	142.0	1838.8	-4.326
GAGCGG	31.0	374.1	-4.312
TAGACG	38.0	411.0	-4.306
ACGCCA	20.0	461.6	-4.302
CATTGG	244.0	3310.1	-4.289
ACATCC	160.0	2258.7	-4.288
AGTCGG	29.0	305.6	-4.286
TAATTG	589.0	8439.9	-4.277
CTCCGA	34.0	343.8	-4.270
AGTGGC	217.0	3562.7	-4.269
CCGAGG	57.0	648.9	-4.265
ACAGCA	287.0	3944.8	-4.255
AGTCAC	190.0	2525.8	-4.251
GACCTA	124.0	1655.3	-4.251
ACAAAA	890.0	12964.7	-4.245
GTTGAA	450.0	6354.0	-4.244
ACGTCT	57.0	649.6	-4.239
TGTACT	363.0	5077.4	-4.212
TTCAGG	375.0	5252.6	-4.205
CGGGCC	33.0	332.9	-4.204
TGTAGC	234.0	3182.0	-4.190
CCCAAT	152.0	2509.5	-4.186
CCATGA	248.0	3380.6	-4.183
CTGCTA	226.0	3061.0	-4.172
CCAGAT	230.0	3122.2	-4.169
GGACAG	174.0	2307.9	-4.169
CTGAGG	244.0	3867.3	-4.166
CCACTA	168.0	2219.9	-4.154
TCGACT	35.0	359.3	-4.153
ATGCAC	189.0	2519.9	-4.137
CATCCC	136.0	2164.4	-4.133
TAAGTG	398.0	5596.2	-4.126
GACCCG	21.0	274.1	-4.126
AGGAGG	243.0	3726.0	-4.123
TTCGAC	23.0	355.7	-4.121
GTCACC	144.0	2424.8	-4.116
CGCGTC	11.0	125.2	-4.116
ATATAG	458.0	6501.3	-4.111
CGCAAG	31.0	309.1	-4.110
CGCGGA	6.0	123.3	-4.098
TCCGTG	54.0	614.3	-4.093
TACCAC	190.0	2591.2	-4.091
ATGCCC	131.0	2017.6	-4.074
GATAAT	453.0	6426.7	-4.067
CTGCCA	227.0	3085.3	-4.061
GAAATA	789.0	11480.7	-4.060
GCGTGG	49.0	547.5	-4.060
TACTTT	1041.0	15296.4	-4.060
GAACGT	52.0	655.5	-4.057
TGCCGG	35.0	362.8	-4.046
GGCAAC	93.0	1880.2	-4.037
CGGATG	21.0	379.4	-4.031
CCTTCC	271.0	3734.2	-4.028
CACGTG	78.0	949.2	-4.026
TAATCG	50.0	562.3	-4.015
CGGACA	18.0	277.8	-4.013
GCTAGA	167.0	2215.6	-4.008
CTTGAC	197.0	2650.8	-4.007
TACCTG	249.0	3413.9	-3.999
TTGACA	409.0	5790.0	-3.994
CGACCT	32.0	325.3	-3.988
AACTCC	199.0	3262.4	-3.986
TCAAGC	187.0	2898.8	-3.986
TAGAGC	139.0	2050.0	-3.986
AGAACC	165.0	2449.3	-3.986
GAACCA	194.0	2808.0	-3.986
GATCAG	160.0	2345.4	-3.986
TGGGAG	298.0	4656.3	-3.986
CGTGAA	56.0	874.8	-3.986
TAGCCA	226.0	3451.2	-3.986
AAGACC	163.0	2554.4	-3.986
ACCGTT	49.0	644.6	-3.986
ACGGTC	12.0	272.3	-3.986
TCGAGG	31.0	454.2	-3.978
ATGCCG	35.0	364.2	-3.977
GCTGTC	150.0	1965.5	-3.974
CCCGCT	40.0	467.5	-3.971
AGGGAG	218.0	3661.7	-3.965
GGTGTA	204.0	2759.2	-3.964
CGCTAG	10.0	197.7	-3.953
AGCCTA	154.0	2306.4	-3.951
CGATAG	32.0	326.5	-3.951
GGCGGC	26.0	497.8	-3.936
AGTGCC	160.0	2117.0	-3.930
AGGACT	228.0	3113.8	-3.918
TTACCC	207.0	2809.8	-3.915
GGACCC	48.0	1094.6	-3.907
ACCCAT	215.0	2917.4	-3.902
CGTCGC	7.0	77.3	-3.901
ACGCCG	4.0	126.7	-3.901
CTAGAC	118.0	1546.5	-3.898
ACGATA	47.0	526.1	-3.897
AATGTA	728.0	10589.8	-3.896
GGAGCA	147.0	2342.8	-3.890
TACTCG	22.0	417.2	-3.885
CATCCG	31.0	315.8	-3.883
CGGTTA	27.0	360.3	-3.881
TGCGTG	68.0	815.6	-3.880
AGCTAG	168.0	2239.2	-3.879
CTTAGC	195.0	2630.7	-3.878
TGCGAG	33.0	342.0	-3.875
TAAGCC	172.0	2405.6	-3.874
CCCATA	169.0	2255.9	-3.873
GTCAAC	115.0	1678.4	-3.869
GGGTGA	145.0	2537.4	-3.869
CAACGA	21.0	383.2	-3.869
GGAACG	31.0	404.0	-3.868
AGGTAC	155.0	2048.2	-3.852
GCTGAG	232.0	3661.4	-3.849
GAATAC	248.0	3412.7	-3.847
GCCGCA	15.0	322.6	-3.844
GGAGAG	188.0	3389.7	-3.838
AGGTGG	240.0	3290.4	-3.832
GAAGAG	343.0	4820.1	-3.828
TCGAGC	25.0	241.5	-3.797
TAAATC	433.0	6169.3	-3.793
CACCTG	184.0	3251.4	-3.792
TACAGC	192.0	2592.4	-3.791
ACCGAG	38.0	410.0	-3.786
TGGCCC	123.0	1595.9	-3.780
GCAAGG	148.0	1965.5	-3.767
GTATGC	164.0	2189.3	-3.755
AATCCG	31.0	405.4	-3.745
GCAGGT	188.0	2767.1	-3.743
GACATC	153.0	2026.3	-3.740
CAGCGC	34.0	358.2	-3.737
GTCGTA	34.0	358.7	-3.737
TGGCCG	49.0	559.4	-3.731
GTCAAG	160.0	2132.1	-3.725
TACTTG	363.0	5134.5	-3.718
CCACTG	255.0	3926.9	-3.715
TCGGGG	35.0	447.2	-3.712
CCCAAC	139.0	1836.9	-3.703
GGAGAA	378.0	5361.1	-3.694
TGAGGG	183.0	2954.8	-3.693
CGTCTG	50.0	575.0	-3.693
TACGGA	37.0	443.1	-3.689
TCCGCA	19.0	338.8	-3.685
CTAGCC	107.0	1368.5	-3.677
GAGCCT	160.0	2136.1	-3.671
TCGGCA	31.0	321.9	-3.667
GACTCA	172.0	2317.8	-3.662
TGAATG	527.0	7599.0	-3.653
ATCGAC	24.0	232.9	-3.648
CTCGTA	34.0	383.4	-3.640
GTGGAG	201.0	3022.4	-3.639
ACGGCT	16.0	374.0	-3.638
ACTGTA	405.0	5771.9	-3.630
CCAGTC	148.0	1975.8	-3.628
GCACAG	191.0	2592.0	-3.625
TGCTGT	475.0	6812.4	-3.620
CAGTAC	140.0	2234.0	-3.613
GGTAGC	109.0	1460.9	-3.606
CAAGTT	379.0	5388.2	-3.601
GTCGGA	18.0	223.3	-3.599
GGCGAC	32.0	336.4	-3.598
GTCTGC	142.0	1888.4	-3.597
CCGAGC	28.0	311.3	-3.596
ACTAGG	147.0	1964.0	-3.593
CGTACG	7.0	67.8	-3.587
ATAGAA	585.0	8478.1	-3.584
CAGCCG	26.0	438.9	-3.582
AGTACC	146.0	1950.4	-3.571
CGAGCA	32.0	337.8	-3.565
TGCGCA	30.0	311.0	-3.562
CTGAGC	189.0	2567.9	-3.560
CTGCGG	32.0	481.4	-3.558
ACCGTC	26.0	307.7	-3.552
GAGGCC	135.0	1873.3	-3.547
TAAGAC	242.0	3349.1	-3.539
CTGAGA	355.0	5031.9	-3.517
CTGAGT	312.0	4398.7	-3.505
GGAGGT	176.0	2769.1	-3.505
GACCGC	21.0	198.7	-3.496
TCTGAA	513.0	7408.4	-3.492
CATGGC	165.0	2225.3	-3.491
ATCCGC	22.0	409.6	-3.490
GCTACC	91.0	1162.6	-3.489
TGACGC	14.0	275.3	-3.486
CTGACG	25.0	410.5	-3.486
TACCAA	286.0	4009.3	-3.477
CGCTGG	40.0	447.4	-3.474
GTAGCC	116.0	1563.1	-3.474
AGGAAA	705.0	10319.2	-3.472
AATCGA	53.0	625.1	-3.468
TCTACG	39.0	434.5	-3.462
GATTAA	405.0	5793.1	-3.460
TACGTG	65.0	1078.9	-3.459
AGTAGC	171.0	3065.9	-3.459
CAACCA	172.0	2516.0	-3.459
AGCGCC	22.0	288.5	-3.447
GTAAAA	651.0	9502.0	-3.436
GTAGCA	185.0	2517.1	-3.432
TCGTGG	52.0	613.9	-3.426
ACGCTA	28.0	334.7	-3.422
ACACTG	273.0	3828.9	-3.417
CGTAGT	47.0	544.7	-3.414
TAGCAC	131.0	2438.0	-3.404
CATAAT	485.0	7008.0	-3.402
TTGGAC	206.0	2840.2	-3.398
CGGGTA	22.0	277.8	-3.392
CCGCAG	35.0	485.1	-3.392
CCGGCG	22.0	213.9	-3.390
ACCTTA	261.0	3644.9	-3.387
GGGACG	34.0	369.6	-3.382
ATCAGC	173.0	2356.3	-3.373
CCGCGA	3.0	123.1	-3.372
AATGCG	31.0	507.1	-3.361
ACCACG	40.0	831.7	-3.361
GTAGAC	132.0	1757.8	-3.355
CGATAC	22.0	219.1	-3.354
TCGTCT	53.0	630.7	-3.350
GGTAAC	140.0	1983.1	-3.348
GTGGAT	248.0	3461.2	-3.348
AGCGCA	32.0	344.4	-3.335
CTTGGT	309.0	4371.2	-3.335
GGTACG	12.0	262.3	-3.331
CCATAC	119.0	1849.4	-3.326
CCTGTT	376.0	5377.0	-3.320
CAAGCT	202.0	2786.6	-3.319
CGAAAG	45.0	521.2	-3.305
GCGGCC	21.0	369.3	-3.304
CTGTAA	459.0	6629.1	-3.299
AGGCGA	36.0	455.0	-3.298
TCAGGG	214.0	2957.3	-3.298
AGATAA	528.0	7671.1	-3.296
CGATCG	2.0	50.6	-3.294
ACTGAG	282.0	3967.5	-3.292
GTTACT	329.0	4678.0	-3.287
TTCAGA	559.0	8140.6	-3.286
CGGCCC	21.0	438.4	-3.285
CTACCG	28.0	293.1	-3.283
CAGGGC	131.0	1748.1	-3.278
GCCGGT	13.0	247.5	-3.269
TTCCCC	314.0	4459.3	-3.265
CATGCA	257.0	3611.2	-3.263
GCCGAT	26.0	268.0	-3.261
GTCGGT	23.0	267.1	-3.258
TACTGC	202.0	2792.6	-3.254
CAGTAG	223.0	3100.8	-3.254
ATTCGT	72.0	903.4	-3.240
TTATGA	606.0	8856.1	-3.240
GCTACG	15.0	262.2	-3.239
TCCCCA	254.0	3622.7	-3.235
GAACAT	376.0	5388.9	-3.233
AAATCC	318.0	4510.3	-3.232
CCGCGG	24.0	246.7	-3.232
TAGTTG	337.0	4796.5	-3.231
TGTGAA	600.0	8774.9	-3.225
TCAAGG	233.0	3258.3	-3.222
CGACCG	9.0	85.2	-3.220
AGGCTT	276.0	3898.8	-3.210
GGTTAA	279.0	3929.6	-3.210
TTCCCG	54.0	650.9	-3.209
TCACCG	33.0	576.5	-3.209
GGTGCT	163.0	2219.2	-3.203
GACGCC	17.0	237.1	-3.196
AAGTAA	577.0	8425.5	-3.195
ACTCAC	124.0	2231.9	-3.186
GCGAGG	28.0	401.1	-3.185
CAAGCC	126.0	1712.2	-3.183
TCGCAG	17.0	340.1	-3.178
AGTCCC	124.0	1905.8	-3.178
GCCTGA	147.0	2398.9	-3.176
GGCGTA	25.0	293.6	-3.172
CCTCTA	178.0	2449.9	-3.171
TAGTGG	226.0	3155.3	-3.169
GTCCGT	36.0	404.0	-3.167
GGACTA	138.0	2045.6	-3.163
AGATGT	411.0	5916.5	-3.157
CAATCC	121.0	1938.7	-3.157
TGTAAA	792.0	11706.8	-3.153
CACCGA	29.0	387.6	-3.151
AATAGA	527.0	7679.8	-3.147
GAGGTA	203.0	2818.6	-3.145
TCGGTT	56.0	681.2	-3.141
ATGACT	343.0	4904.7	-3.137
GTCGAC	14.0	164.4	-3.130
GCCCTC	102.0	1345.8	-3.128
CAAGGT	219.0	3051.8	-3.126
TTGGGG	337.0	4810.3	-3.124
TAACTA	345.0	4938.6	-3.122
AGGTCG	32.0	351.5	-3.118
ACATTG	413.0	5955.9	-3.115
CCCGCC	70.0	1002.2	-3.115
CAGTTG	295.0	4192.7	-3.114
CGCACC	19.0	343.0	-3.113
TTAACT	594.0	8693.4	-3.108
CTGGTC	135.0	2443.2	-3.107
CACACT	220.0	3069.9	-3.105
TAGAAC	245.0	3442.8	-3.098
CGGAGG	37.0	620.4	-3.098
GGTGGC	128.0	2098.9	-3.093
ACCCTC	124.0	1658.4	-3.087
GGGTCG	21.0	292.2	-3.084
CTTCGT	62.0	769.3	-3.082
AGACGT	59.0	727.5	-3.078
TGACGG	20.0	405.8	-3.074
GCTTCA	238.0	3336.6	-3.073
CCGCGT	7.0	131.7	-3.072
CCTTAC	164.0	2246.1	-3.070
CCACCA	223.0	3816.3	-3.069
CACCCG	44.0	637.9	-3.068
AGTCGC	25.0	260.6	-3.068
CCCTTG	186.0	2566.0	-3.067
GCCGAG	62.0	770.1	-3.062
GCGGGG	31.0	632.4	-3.060
GTGCGT	51.0	615.6	-3.060
TACTGT	463.0	6716.2	-3.056
CGCTGC	36.0	491.5	-3.054
CATTCG	43.0	504.8	-3.044
CTCACC	157.0	2142.9	-3.044
GGTCCG	15.0	209.6	-3.041
AACCAC	193.0	2920.9	-3.034
ACGGGA	38.0	436.1	-3.033
CGCGGT	23.0	235.7	-3.030
GTATGG	184.0	2539.6	-3.028
GCGCAA	29.0	314.7	-3.026
CCTAAG	181.0	2590.8	-3.025
CTAAGA	285.0	4045.2	-3.024
AGAACA	410.0	5919.9	-3.024
CGCCGG	13.0	189.7	-3.019
CTACGC	19.0	184.8	-3.017
CCAATA	245.0	3451.3	-3.013
GCGGCT	21.0	398.7	-3.005
GCAAGC	88.0	1550.7	-2.999
GCGGTA	19.0	252.9	-2.997
GACCAC	105.0	1409.8	-2.995
GGCAAT	186.0	2573.8	-2.992
ACGGTG	47.0	597.5	-2.992
AGTTGG	270.0	3830.3	-2.986
CGTCAG	35.0	396.5	-2.985
CTACTC	120.0	2130.9	-2.984
TCGGAA	38.0	453.5	-2.984
ATTCGG	37.0	478.3	-2.984
TCACGT	72.0	917.2	-2.982
TTAAGT	708.0	10448.4	-2.976
ATAGCT	316.0	4527.0	-2.973
ACTTAA	520.0	7591.8	-2.972
GCAAGT	195.0	2713.1	-2.968
CAGCCC	116.0	1897.6	-2.967
ATACTT	618.0	9092.4	-2.966
GACGTC	25.0	263.6	-2.964
AAGTGT	455.0	6617.3	-2.957
TACACC	101.0	1839.8	-2.954
TACTAG	214.0	2993.0	-2.951
CCGGTT	22.0	385.2	-2.950
ACTCAT	277.0	3945.7	-2.944
ATGGAA	496.0	7246.7	-2.944
GTGGGT	214.0	2993.8	-2.941
AGGCCA	185.0	2563.0	-2.940
GGCTTA	193.0	2685.7	-2.940
GATACC	125.0	1685.9	-2.936
TAGGCC	102.0	1358.0	-2.936
AGGGGC	86.0	1545.4	-2.934
GATCGT	41.0	481.5	-2.933
AGCGTG	48.0	578.6	-2.931
GCTAGC	69.0	1257.1	-2.920
GAGCTG	198.0	2765.9	-2.914
GCGTCG	4.0	87.1	-2.901
GGGGTG	164.0	2261.8	-2.900
TTCCGA	44.0	524.4	-2.895
GACGCG	5.0	111.8	-2.894
TCTCCG	46.0	552.5	-2.890
CAGAGG	229.0	3232.3	-2.886
TCGAAT	52.0	637.4	-2.886
GCCGCG	21.0	213.4	-2.885
GGGAGT	174.0	2415.9	-2.881
GGAGCG	26.0	407.5	-2.877
GCATAC	140.0	1955.9	-2.875
CTTGGA	280.0	3987.8	-2.860
TATAGC	253.0	3594.5	-2.859
ATGAAG	456.0	6649.5	-2.857
AATGAC	329.0	4734.1	-2.856
CACCGC	57.0	709.9	-2.853
CGTTCC	35.0	401.6	-2.850
GAGCGT	29.0	395.3	-2.848
TATCAC	236.0	3330.5	-2.839
CAGAGC	156.0	2853.3	-2.837
CCGCAA	34.0	388.7	-2.833
CAGACT	223.0	3144.1	-2.831
GACTGC	107.0	1745.0	-2.830
CGTCCT	35.0	402.9	-2.823
GGCCGC	31.0	360.5	-2.820
TGGTAA	388.0	5625.4	-2.818
CGAACA	29.0	389.3	-2.818
CTGGTA	214.0	3007.2	-2.815
GCGAAT	23.0	345.6	-2.809
CGGTGA	42.0	500.9	-2.808
AAGCAT	393.0	5708.0	-2.804
TACTCT	311.0	4470.5	-2.801
CACACC	158.0	2309.6	-2.795
AAAGGT	380.0	5515.0	-2.795
TTTACC	444.0	6478.2	-2.793
CGACGC	1.0	57.9	-2.793
TCTTAA	618.0	9129.0	-2.780
TGGAGG	257.0	3667.5	-2.773
CTTCGC	35.0	410.2	-2.772
TAAAGG	373.0	5405.2	-2.771
CGGGGA	26.0	524.9	-2.769
ACAAGC	155.0	2137.4	-2.762
GGACCA	112.0	1505.7	-2.760
TACCGT	43.0	622.6	-2.758
ATCCGT	44.0	531.0	-2.758
CCTTTT	972.0	14547.5	-2.756
TGTAGA	417.0	6075.7	-2.754
GGCCCT	105.0	1416.2	-2.749
TGGATG	285.0	4080.5	-2.748
ATCGTA	53.0	658.4	-2.743
AACATT	826.0	12310.8	-2.741
TTAGTG	405.0	5900.0	-2.730
ATAGTG	305.0	4385.7	-2.725
GACTAT	207.0	2924.1	-2.722
CGTTGA	52.0	645.6	-2.721
ATGTAC	321.0	4625.1	-2.717
TTCGTA	71.0	918.3	-2.717
TGAGCG	42.0	504.9	-2.715
GGCGTT	42.0	504.7	-2.715
AAGGTT	367.0	5317.4	-2.713
TTTCGG	67.0	861.8	-2.710
ATAACG	54.0	674.7	-2.706
AGCCCT	170.0	2433.3	-2.706
GTATAG	238.0	3377.5	-2.705
TTGGCA	327.0	4723.7	-2.702
CGCTCC	19.0	327.8	-2.697
TACTCC	138.0	1900.0	-2.695
CCGGTA	20.0	214.5	-2.694
AGAGGG	205.0	2896.7	-2.694
CGACAT	19.0	382.5	-2.691
TCAACG	24.0	379.8	-2.689
CCCAGT	210.0	2975.8	-2.684
AAGCCT	248.0	3536.6	-2.683
TGCCCT	210.0	2976.1	-2.675
TCGATA	41.0	492.1	-2.671
TTGTGA	564.0	8318.7	-2.668
GACCAG	120.0	2098.2	-2.666
CACGAA	20.0	538.9	-2.664
TAGGCG	32.0	367.1	-2.664
GCATTG	231.0	3289.1	-2.659
TATCTG	384.0	5585.1	-2.659
AGGTAG	221.0	3133.7	-2.657
TGTAAT	720.0	10708.2	-2.654
ATGTAA	671.0	9962.7	-2.649
AATTCG	58.0	735.5	-2.646
GTTGTG	286.0	4109.1	-2.644
CTGCTC	161.0	2577.8	-2.642
GAATGT	417.0	6093.2	-2.641
CAATCG	27.0	300.3	-2.637
GCAGGG	155.0	2149.3	-2.631
GCCTAC	94.0	1262.2	-2.629
GGCCCG	30.0	341.5	-2.629
CACGCC	31.0	1056.2	-2.626
AGACCC	114.0	1689.8	-2.626
GTGTTC	263.0	3764.5	-2.625
CGTTGG	42.0	508.8	-2.625
CAAATG	472.0	6937.5	-2.621
CGGTAG	13.0	260.2	-2.615
AGACGC	29.0	328.1	-2.611
CGAAGA	40.0	580.7	-2.608
CTTAAA	663.0	9853.7	-2.593
CGCCAT	35.0	562.4	-2.591
GTAGGC	91.0	1445.7	-2.579
ATAAGC	236.0	3363.0	-2.566
CTGGAA	371.0	5404.7	-2.565
TCGTAC	25.0	296.2	-2.565
AAACGG	31.0	733.2	-2.564
ACTCCA	230.0	3285.4	-2.563
TGGTCG	27.0	303.2	-2.562
GCAAAT	391.0	5714.2	-2.562
TAGACC	108.0	1564.1	-2.559
CGGCTT	42.0	511.0	-2.559
CCTGCT	197.0	3143.4	-2.558
TTACGG	31.0	535.3	-2.558
ACCCAC	145.0	2019.5	-2.557
TATCCG	29.0	330.6	-2.556
CGCACG	16.0	157.4	-2.552
AGCGAG	47.0	637.3	-2.552
GTCCGC	19.0	204.2	-2.552
AAATGC	486.0	7149.7	-2.551
TCAGTA	355.0	5164.9	-2.549
CCTTAA	317.0	4585.1	-2.548
TACGCC	17.0	196.4	-2.546
ATGGGG	191.0	3303.8	-2.546
TCCTCA	273.0	3932.5	-2.546
CGGTAC	18.0	192.5	-2.538
CGAGTG	38.0	456.4	-2.538
ACGCTG	42.0	512.6	-2.537
ACTGCG	28.0	536.3	-2.537
CGCCAG	32.0	372.9	-2.533
CCTGTG	266.0	3824.9	-2.531
TCGACA	24.0	383.9	-2.530
TAGCGT	36.0	548.3	-2.529
GCAGAG	219.0	3134.4	-2.526
TTCGCG	6.0	111.7	-2.522
TAATAC	400.0	5852.5	-2.516
GTCACT	197.0	2792.6	-2.508
GCTTGG	171.0	2407.4	-2.503
AGGGAC	139.0	1933.3	-2.501
CCCGTT	44.0	542.4	-2.498
ACCGCA	44.0	543.0	-2.498
CCGTGG	33.0	556.0	-2.484
TCGGTA	33.0	388.8	-2.479
GGGCGT	31.0	423.9	-2.476
CGTCTA	35.0	417.0	-2.473
GAATGG	277.0	4006.8	-2.473
GCCTTC	180.0	2549.5	-2.471
GAACGA	36.0	431.3	-2.471
GCTCGT	30.0	347.6	-2.468
CACATC	187.0	2643.4	-2.461
CTCTCC	197.0	2799.7	-2.454
CGGCCG	19.0	278.4	-2.453
TGTGCG	56.0	716.4	-2.453
GTGCCA	197.0	2860.6	-2.450
AAACTA	498.0	7351.9	-2.449
CACCAG	167.0	2351.2	-2.445
CACCTA	166.0	2337.5	-2.436
CCACCG	36.0	883.2	-2.433
AGCCGG	24.0	466.5	-2.432
AGTCTG	259.0	3726.1	-2.429
CAAGGG	145.0	2031.7	-2.429
TATGAC	232.0	3333.4	-2.421
CCCTGT	216.0	3083.9	-2.418
TCGAAG	36.0	458.4	-2.416
TTCGGG	35.0	505.1	-2.416
GTTCCG	31.0	363.6	-2.412
CGTTAC	26.0	395.4	-2.404
GTTGGG	206.0	2947.7	-2.386
ACGTGA	53.0	928.0	-2.372
GATTGA	252.0	3640.5	-2.368
ATGCTC	165.0	2329.0	-2.368
TAACAT	554.0	8226.9	-2.361
GCGTTC	33.0	393.8	-2.358
CCCTAT	149.0	2085.9	-2.354
GCTACA	135.0	2217.3	-2.350
GGATGT	231.0	3328.0	-2.347
GGATGC	108.0	1705.1	-2.346
TGCAGA	331.0	4841.0	-2.343
CACCGG	12.0	250.4	-2.340
GCGAGC	23.0	256.7	-2.338
CGAGAA	36.0	586.6	-2.335
ACGCGC	11.0	108.4	-2.331
ATAATC	351.0	5134.5	-2.327
CTTCAC	218.0	3126.8	-2.327
GTTATC	205.0	2938.5	-2.326
ACGAAC	26.0	306.8	-2.325
GGTCGC	17.0	176.2	-2.325
TATCGG	17.0	313.8	-2.322
CAGACG	40.0	494.2	-2.321
ATCGGG	19.0	257.7	-2.319
ATAACT	433.0	6395.0	-2.318
CACTGC	221.0	4186.6	-2.316
GCTTCG	23.0	371.3	-2.311
AAAGTA	651.0	9725.6	-2.310
CGAAGT	40.0	596.5	-2.310
GCATAA	261.0	3774.2	-2.308
CCCATC	165.0	2337.4	-2.306
ACGCAA	32.0	383.6	-2.299
GGTTGG	185.0	2630.0	-2.296
GGGCCC	75.0	1004.3	-2.296
GGTCAG	145.0	2303.4	-2.294
CACTCC	140.0	2108.9	-2.294
CCAGAA	317.0	4624.2	-2.287
GTCGAA	21.0	290.1	-2.286
AGAAGT	453.0	6700.8	-2.283
CTCAGT	277.0	4033.5	-2.279
CGCGTG	15.0	151.6	-2.277
CTCCCT	233.0	3368.3	-2.277
CGGTGC	27.0	313.1	-2.277
GCACGT	53.0	683.5	-2.275
TTGTAC	330.0	4836.6	-2.268
TAATAG	425.0	6273.6	-2.267
GGATGG	194.0	2774.7	-2.266
AACATG	402.0	5928.9	-2.263
TAGTCG	25.0	286.0	-2.262
TGCCGT	38.0	598.0	-2.262
GCGCTA	13.0	186.5	-2.260
TGCCAG	199.0	3314.7	-2.257
GGTCAA	152.0	2141.1	-2.253
TATAGA	445.0	6590.9	-2.252
GTACTC	110.0	1517.9	-2.246
TGCGGA	22.0	330.9	-2.240
GCTGCA	212.0	3043.7	-2.238
AGGCAA	259.0	3753.5	-2.238
AGAGCG	23.0	556.2	-2.238
CAAAAT	788.0	11846.0	-2.237
GAGGGA	225.0	3247.7	-2.236
GCGTTT	82.0	1113.7	-2.234
CACCCA	208.0	3738.4	-2.233
CTACAA	252.0	3658.8	-2.230
CAATGC	165.0	2344.8	-2.226
TGCTTC	307.0	4489.0	-2.224
CATGCT	251.0	3644.9	-2.221
CGTTAG	44.0	556.9	-2.219
ATCTGT	448.0	6646.8	-2.218
TTACCG	37.0	554.3	-2.217
GACATA	241.0	3486.7	-2.215
GCCCTG	143.0	2022.1	-2.215
CATCTG	286.0	4170.2	-2.212
GAGGTG	218.0	3140.3	-2.212
GTCTAC	117.0	1627.0	-2.212
CTAATA	377.0	5561.8	-2.207
GCCTTG	203.0	2923.0	-2.206
GAGCCG	30.0	567.7	-2.202
CGATGC	27.0	316.3	-2.200
ACGGCA	16.0	419.9	-2.199
GTTCGG	24.0	277.3	-2.198
ATGATC	248.0	3600.9	-2.195
TGTGAT	529.0	7889.5	-2.194
TTTAAG	947.0	14316.8	-2.186
CGTGCC	42.0	689.2	-2.181
CGGCAA	29.0	345.8	-2.171
ATAGGG	168.0	2398.4	-2.163
TGATCG	40.0	502.2	-2.158
TCTAAT	484.0	7207.1	-2.158
TCCAAG	237.0	3431.2	-2.157
GATTAG	214.0	3085.0	-2.152
GTGACC	127.0	1784.4	-2.150
GTGGTC	131.0	1845.2	-2.148
ACATCG	34.0	492.7	-2.142
ACTCGA	23.0	374.7	-2.142
GTGGCG	34.0	872.2	-2.134
GGGAGC	103.0	1541.9	-2.132
TGAAGT	500.0	7448.2	-2.128
ACGAGG	36.0	541.5	-2.126
CAGCAC	166.0	2891.1	-2.125
TTTTCA	1582.0	24138.4	-2.121
TCTACC	182.0	2620.6	-2.120
GCACCA	133.0	1970.4	-2.116
ATGCTT	470.0	6999.7	-2.115
CGGCGA	10.0	120.1	-2.114
ACGAGT	36.0	455.6	-2.111
CGGTCC	8.0	209.1	-2.108
CCAAGC	134.0	1895.1	-2.107
AACACA	394.0	5841.2	-2.107
CACAGG	186.0	2670.5	-2.098
GTCGGC	18.0	216.6	-2.098
TTGTAA	743.0	11192.7	-2.097
AAGCGA	49.0	892.0	-2.097
GCCAAT	172.0	2468.1	-2.095
GACCTG	126.0	1868.4	-2.094
CCATAG	154.0	2189.2	-2.092
GTAAAT	589.0	8829.3	-2.092
AACCAT	313.0	4607.7	-2.089
CAGATG	301.0	4414.5	-2.087
CTGTGA	366.0	5403.3	-2.083
CTACAT	284.0	4159.5	-2.078
ATCGGT	26.0	422.2	-2.076
GCACTA	106.0	1607.9	-2.075
GGGGCA	115.0	1637.2	-2.075
CACGTC	32.0	419.8	-2.074
CTAAAT	478.0	7125.8	-2.071
CTGGTG	206.0	2987.2	-2.064
TCCCTC	216.0	3129.4	-2.061
GGACGT	31.0	444.1	-2.059
TCTGGT	284.0	4162.4	-2.058
TGCACT	240.0	3493.1	-2.057
CCGGTG	21.0	329.2	-2.057
AGAGGC	165.0	2364.7	-2.054
GCTAGG	113.0	1580.6	-2.053
CCACGT	56.0	741.7	-2.052
CCTACA	165.0	2365.6	-2.045
CATCGC	23.0	291.2	-2.045
CCCACT	206.0	2990.1	-2.041
CGGCCA	36.0	451.3	-2.038
TTGCGT	61.0	815.4	-2.037
CCCGGA	31.0	379.5	-2.036
ACGAGA	31.0	508.3	-2.032
GCCTTA	175.0	2522.0	-2.029
GCGGCA	25.0	295.7	-2.028
CCTACG	27.0	323.3	-2.028
GAGGCG	53.0	698.9	-2.025
GTGCTA	178.0	2570.2	-2.024
TACGCG	7.0	55.1	-2.021
CAAAGA	449.0	6685.1	-2.020
GGAATA	344.0	5089.6	-2.020
GCGCCA	20.0	456.2	-2.019
GAAACA	458.0	6836.0	-2.018
CGCAAT	35.0	438.2	-2.012
GATAGG	150.0	2137.8	-2.008
ACTCCG	28.0	507.6	-2.007
ATCTGC	215.0	3121.2	-2.006
TAATCA	395.0	5878.6	-2.000
ACAGAC	193.0	2791.9	-2.000
TGCGTT	67.0	907.9	-1.994
GAAATT	760.0	11485.7	-1.992
ATTTCA	957.0	14522.9	-1.990
CCCACA	176.0	2562.5	-1.986
GGTGGT	200.0	2903.3	-1.986
CCGTTC	20.0	392.2	-1.981
CCGGGG	36.0	454.1	-1.978
ATCGTG	56.0	746.9	-1.975
CCGTTG	38.0	483.0	-1.972
AGGGCT	166.0	2389.6	-1.969
TGGGGC	126.0	1928.5	-1.967
GTATGA	269.0	3952.6	-1.966
GCCGCC	37.0	469.6	-1.965
ACACCG	26.0	408.9	-1.961
AAGACG	51.0	673.2	-1.959
ACTTCG	43.0	556.2	-1.956
TCGGTG	33.0	453.8	-1.943
GATGCG	21.0	287.2	-1.943
GCTTAC	143.0	2052.9	-1.940
GACGTG	37.0	568.9	-1.939
ATTCGC	27.0	327.7	-1.935
TACGCA	32.0	398.2	-1.934
ACCCTG	166.0	2591.2	-1.931
TGACTC	199.0	2895.5	-1.930
GTACAA	260.0	3814.4	-1.930
GCGTCA	23.0	271.3	-1.929
CGCCGC	23.0	271.6	-1.929
CACTGG	175.0	2638.5	-1.927
ACGTGC	38.0	703.3	-1.926
CTCCAC	152.0	2322.0	-1.925
GGGAGA	243.0	3560.5	-1.921
GGTTCC	126.0	1793.0	-1.920
ACTTCA	351.0	5204.4	-1.920
CACAAA	415.0	6191.3	-1.918
CGAGCG	10.0	152.8	-1.917
ATCTAC	194.0	2818.1	-1.915
CGCAGA	30.0	446.6	-1.915
ACAAGG	196.0	2850.0	-1.910
GTTTAC	326.0	4833.0	-1.908
GGTCAT	177.0	2569.2	-1.908
AGACTG	250.0	3674.7	-1.906
GTCATT	423.0	6309.9	-1.906
AGTACG	30.0	371.8	-1.903
CGCGAA	7.0	57.8	-1.902
CGTCCC	17.0	338.4	-1.901
TTCGAT	56.0	751.6	-1.900
ATACGG	38.0	487.0	-1.898
ACTTGC	192.0	2789.6	-1.897
ACGGTA	19.0	457.1	-1.895
CGACTC	22.0	266.5	-1.895
CTGGGG	192.0	2790.2	-1.889
GGACTC	104.0	1474.6	-1.887
GGAGGC	176.0	2835.3	-1.880
GTTAGA	250.0	3678.6	-1.879
CAATAG	218.0	3186.1	-1.878
CCGAGT	49.0	649.2	-1.877
CTCCAA	217.0	3170.7	-1.877
GTCGCC	39.0	714.7	-1.876
AGCCTG	262.0	3855.6	-1.874
AACATA	527.0	7926.4	-1.873
TGGGTT	429.0	6416.2	-1.872
CGCATC	8.0	287.9	-1.863
CTACTG	211.0	3078.3	-1.859
ACATCA	275.0	4066.0	-1.854
GCGGTC	16.0	218.8	-1.854
CGCACT	21.0	246.6	-1.854
GATCGA	20.0	332.1	-1.853
TGATCA	289.0	4276.6	-1.849
CCCAAG	184.0	2795.9	-1.849
GGGTGT	174.0	2529.7	-1.848
TTGGTC	234.0	3446.0	-1.844
AGACGA	42.0	596.2	-1.844
TGGTCA	226.0	3318.2	-1.843
TCATCG	38.0	490.0	-1.843
TAGTAC	186.0	2703.2	-1.841
CTAGTC	114.0	1617.7	-1.837
CATCCT	238.0	3496.1	-1.823
TGGACC	86.0	1486.2	-1.823
GCATGG	134.0	2406.0	-1.818
GCCCTT	179.0	2613.9	-1.809
CATCGG	22.0	287.9	-1.804
GGCCTG	146.0	2114.5	-1.802
ACAGTT	440.0	6597.2	-1.802
ATGGTC	148.0	2146.3	-1.796
ATCTTA	433.0	6499.9	-1.794
TATCCC	169.0	2458.2	-1.793
GAGCTA	151.0	2178.3	-1.791
TTTGAC	439.0	6583.7	-1.790
CAACTC	156.0	2256.4	-1.789
GAGTCG	24.0	291.3	-1.787
CAAATA	650.0	9837.1	-1.786
CCTCGT	44.0	595.4	-1.785
GGCCTA	102.0	1454.5	-1.783
TACCGG	18.0	289.3	-1.781
TCAGAG	292.0	4337.3	-1.776
GGTACC	78.0	1130.9	-1.774
TTTAAC	685.0	10384.0	-1.770
TACGGG	25.0	306.7	-1.769
TAGCCT	198.0	2902.4	-1.765
GAGTAC	127.0	1825.4	-1.763
AGTGTT	525.0	7919.6	-1.758
ACGGGG	28.0	634.2	-1.757
GCCATC	129.0	1856.3	-1.756
GATGCC	120.0	1789.9	-1.755
ACGCGG	11.0	112.4	-1.752
GTACAC	132.0	1990.8	-1.746
CTAGGA	205.0	3017.3	-1.736
TCTCCC	262.0	3878.5	-1.734
GTTCCC	138.0	1999.1	-1.732
TTTTGG	1080.0	16513.2	-1.731
AGAGCC	134.0	2023.5	-1.729
GCGACA	31.0	394.6	-1.728
ATACCT	303.0	4508.1	-1.727
GATCTA	154.0	2233.4	-1.721
CTCGCC	30.0	380.5	-1.720
GAAGTT	434.0	6532.2	-1.718
TTACGA	51.0	689.8	-1.716
CTCCGG	29.0	366.3	-1.712
ACGCAC	26.0	323.5	-1.710
ATAGAT	442.0	6651.1	-1.709
GGCCTT	181.0	2658.2	-1.707
CCCCGG	36.0	469.4	-1.701
GTGTCG	30.0	381.9	-1.700
GCACTG	168.0	2476.7	-1.692
TGGCGA	35.0	455.1	-1.691
CTATAC	167.0	2441.8	-1.689
GTGCCC	104.0	1557.0	-1.688
CACCGT	35.0	812.9	-1.688
CACGCG	13.0	141.8	-1.686
AAAACC	414.0	6223.1	-1.686
CTTGTA	355.0	5316.8	-1.681
ACTGTC	194.0	2851.5	-1.679
CAGGTA	228.0	3375.3	-1.679
CAGTCT	265.0	3935.8	-1.679
CCACGA	26.0	397.3	-1.675
ATCACT	288.0	4291.2	-1.674
ACAATC	197.0	2901.2	-1.665
ATTAAG	445.0	6712.8	-1.663
CTGCAC	174.0	2745.4	-1.655
GTCGAG	18.0	312.6	-1.654
TCTCGT	55.0	754.3	-1.650
AGTTGT	433.0	6531.8	-1.648
CACGCT	34.0	443.2	-1.646
GTCTCC	156.0	2274.1	-1.646
TGGGCG	27.0	687.6	-1.642
CGGATC	17.0	289.4	-1.641
GTCGAT	25.0	313.0	-1.639
TACGGT	35.0	531.4	-1.638
TGCCAC	197.0	2905.6	-1.637
TACCCA	206.0	3048.8	-1.635
TCGCAA	27.0	342.0	-1.635
AGGTCC	88.0	1255.6	-1.634
TTCTAC	359.0	5392.1	-1.632
CCTTGC	175.0	2575.1	-1.630
TAATGA	557.0	8446.8	-1.629
AGTAAG	280.0	4170.5	-1.627
GCACCT	105.0	1892.4	-1.624
ACTCAA	255.0	3802.0	-1.623
GGGATG	180.0	2706.0	-1.621
CAAACG	40.0	651.4	-1.614
TACGCT	22.0	395.5	-1.613
ATACGC	24.0	347.1	-1.613
GCAGGC	109.0	1565.6	-1.605
TCCGGT	23.0	286.0	-1.602
CCATCA	219.0	3244.7	-1.602
ATAGGA	270.0	4030.1	-1.601
CTAGCG	6.0	221.3	-1.598
TCAACC	141.0	2062.3	-1.597
ACATTA	492.0	7452.6	-1.591
CACGAG	32.0	417.6	-1.590
ACGAAG	41.0	636.7	-1.589
TGAGAA	562.0	8527.0	-1.588
GGCTGC	142.0	2142.6	-1.587
CTGCTT	401.0	6046.9	-1.586
GGGCCA	108.0	1551.9	-1.586
GTCCCT	139.0	2032.6	-1.585
CCTCAT	234.0	3486.6	-1.585
CGTACA	33.0	516.8	-1.582
CGTACT	28.0	424.4	-1.581
GCACGG	17.0	378.7	-1.574
TAGCTC	167.0	2457.4	-1.570
CGCTTA	17.0	394.7	-1.568
CATAGA	270.0	4036.4	-1.567
AAGTAT	563.0	8549.9	-1.566
GCTTAG	172.0	2538.8	-1.559
ACGCAT	31.0	455.4	-1.558
GTCGCT	25.0	316.4	-1.557
TATAAC	331.0	4982.2	-1.553
GTCACG	30.0	389.6	-1.551
CGGCAT	28.0	360.5	-1.548
ACCTTG	244.0	3638.6	-1.545
CGGAGC	29.0	393.8	-1.544
AATAGT	495.0	7517.8	-1.537
TGCCGC	22.0	364.4	-1.536
CAGGGA	225.0	3351.7	-1.534
GATAAA	508.0	7721.1	-1.534
TTGACG	40.0	538.6	-1.533
ATAGGC	147.0	2227.6	-1.532
AAAACT	732.0	11177.4	-1.532
CTCAAC	147.0	2165.6	-1.531
GCGCTC	22.0	274.4	-1.530
TACAAT	453.0	6861.1	-1.529
TTCACC	264.0	3947.6	-1.525
CCGTCT	38.0	834.8	-1.509
AAATGT	1076.0	16542.4	-1.506
ATCGAT	46.0	630.2	-1.504
GGGAAC	114.0	1912.3	-1.496
GACGTT	55.0	766.4	-1.494
CTTAGT	280.0	4196.2	-1.493
CACGGA	21.0	472.6	-1.492
CCTATC	123.0	1795.9	-1.491
CGAACT	22.0	607.6	-1.490
GTTAAA	568.0	8657.3	-1.489
GGGTTT	465.0	7056.3	-1.488
GGAGTA	165.0	2438.8	-1.487
CAACGG	22.0	276.3	-1.487
ACGTTA	71.0	1009.7	-1.486
TTTCAG	799.0	12247.3	-1.485
TGCACC	146.0	2155.1	-1.484
TCGTTC	43.0	587.9	-1.482
ATGCGA	27.0	394.6	-1.481
AGCTAC	133.0	2412.6	-1.479
CCCTAG	102.0	1546.2	-1.474
CACGTT	79.0	1133.6	-1.473
GCGTGT	52.0	723.0	-1.471
TAGAAG	355.0	5361.5	-1.470
GATGGG	168.0	3205.4	-1.469
GTATAA	405.0	6140.0	-1.466
TACAGT	400.0	6058.4	-1.464
GATGTT	442.0	6710.2	-1.463
AGTCCG	23.0	293.0	-1.457
CCGATT	36.0	484.8	-1.455
CTGTCC	145.0	2144.6	-1.452
ACGTAG	45.0	620.0	-1.451
ATGCAT	400.0	6061.9	-1.450
CCTTCG	39.0	557.3	-1.448
TCGCCC	46.0	804.4	-1.448
GAGCGA	24.0	519.5	-1.447
AGCTGG	211.0	3833.9	-1.445
AACGGA	41.0	560.0	-1.443
CCGCTT	26.0	460.6	-1.439
AATCGC	22.0	480.8	-1.438
CGTCAT	43.0	624.7	-1.435
GGGGCC	61.0	1091.4	-1.427
TTCTTA	804.0	12339.1	-1.426
TGCTCG	31.0	411.8	-1.425
AGGCCT	152.0	2332.1	-1.423
CGTGCG	14.0	164.8	-1.421
CTTTCG	55.0	772.1	-1.421
CCATCC	141.0	2157.8	-1.417
TGCTAG	197.0	2940.1	-1.415
TCGACC	16.0	193.4	-1.410
TGTGAC	248.0	3727.7	-1.406
CCTTGT	296.0	4473.6	-1.405
TGCGTC	28.0	368.6	-1.404
GAAAGT	405.0	6155.7	-1.404
TACCTT	382.0	5790.3	-1.402
ATTGAA	589.0	9010.6	-1.400
GCTGCG	34.0	458.4	-1.399
CTATCT	247.0	3713.7	-1.398
AGAACG	44.0	608.0	-1.398
CCCGGT	21.0	356.3	-1.396
TAGCTT	376.0	5709.0	-1.395
CTCATA	238.0	3569.1	-1.393
CCTCTG	253.0	3811.8	-1.391
CCCGAG	30.0	635.9	-1.390
GCATGC	129.0	1947.7	-1.388
ATTCCC	228.0	3425.5	-1.388
GCTAAT	224.0	4301.3	-1.386
ATGAGA	396.0	6010.3	-1.383
GGCTCC	89.0	1296.0	-1.383
CGGGTT	39.0	723.1	-1.381
CGTAGA	38.0	519.5	-1.376
CCACCT	218.0	3267.4	-1.375
CGAATT	54.0	761.5	-1.373
CCACAT	257.0	3880.7	-1.368
CTAGAG	179.0	2678.8	-1.368
AGGGGT	130.0	2338.6	-1.365
GCCACA	159.0	2477.7	-1.359
GGGCGA	29.0	429.5	-1.359
TCCAAA	414.0	6301.8	-1.358
CCCTGC	121.0	2047.6	-1.357
ATTCAG	435.0	6636.1	-1.357
ACGTTG	53.0	930.8	-1.356
AGTAGT	294.0	4482.8	-1.355
CGCTCA	28.0	371.6	-1.353
GACCCT	96.0	1767.0	-1.352
AAGAGA	475.0	7244.8	-1.352
GCTCCA	113.0	1867.4	-1.351
AAAGCA	504.0	8059.0	-1.351
AGTACT	259.0	3900.9	-1.349
AGGAAG	400.0	6086.4	-1.349
TAAGAT	426.0	6487.8	-1.349
CGGAAT	37.0	507.0	-1.349
TCCGAT	25.0	327.0	-1.348
TGGTCC	112.0	1642.6	-1.346
GACACC	72.0	1301.3	-1.343
TGACGT	51.0	764.4	-1.341
GCATCG	23.0	298.3	-1.341
GGATTA	303.0	5698.6	-1.340
TGTCGA	33.0	447.5	-1.340
CACTTG	253.0	3821.4	-1.337
AAAGAT	626.0	9603.8	-1.337
GGGCTT	174.0	2604.6	-1.336
GGGGAC	78.0	1397.1	-1.335
TTTATA	1359.0	23290.7	-1.333
ACGTTC	47.0	658.6	-1.333
CAGGTC	113.0	1659.7	-1.333
AAATCT	624.0	9570.1	-1.333
ACTGGC	122.0	2022.5	-1.330
ATGTAG	322.0	5016.8	-1.330
AAACGC	33.0	559.4	-1.330
GCCAGC	88.0	1533.5	-1.329
TACTCA	223.0	3732.0	-1.326
GAATCG	34.0	548.7	-1.325
AGACAA	336.0	5097.7	-1.325
CGACGT	5.0	89.2	-1.322
TGATAG	298.0	4524.4	-1.321
GCTTCC	175.0	2623.0	-1.320
ATTTCG	75.0	1087.2	-1.319
TGTCCG	30.0	403.8	-1.315
TGCTAA	319.0	4836.5	-1.315
CCATGT	319.0	4836.7	-1.315
CTCCGC	30.0	708.4	-1.313
GCTCCT	149.0	2212.7	-1.312
ACGACA	18.0	417.8	-1.310
CACTGT	331.0	5036.7	-1.306
GTGGTT	355.0	5399.1	-1.304
CTAGTG	159.0	2371.7	-1.304
CGGCGT	12.0	140.5	-1.301
GATCGG	12.0	260.0	-1.301
GGCCCA	106.0	1556.9	-1.292
GCCGTG	25.0	466.9	-1.291
AGGCGT	44.0	1001.4	-1.290
AATAAC	419.0	6403.7	-1.286
CACTAT	229.0	3460.4	-1.285
TTGAAA	985.0	15202.9	-1.284
ATCGGC	14.0	246.8	-1.282
ATAGGT	257.0	3898.3	-1.280
CCAGAC	133.0	1980.8	-1.280
GTCAGA	166.0	3185.9	-1.279
AATTGT	667.0	10255.4	-1.275
ATCCTA	208.0	3141.1	-1.272
GTATAC	232.0	3513.4	-1.272
ATGGGA	273.0	4299.1	-1.271
CCAACT	185.0	2774.1	-1.270
CACTCA	183.0	2797.6	-1.269
TTGGCG	34.0	467.1	-1.265
CGCATT	35.0	482.5	-1.265
CTTGCC	179.0	2695.4	-1.263
TATACT	457.0	6999.1	-1.262
TCGATC	25.0	332.4	-1.261
CAGGAC	125.0	1954.7	-1.261
ACCTTC	181.0	2861.2	-1.261
GCTATC	109.0	1606.5	-1.261
TAAAGT	620.0	9524.9	-1.259
ACTGGG	176.0	2854.9	-1.259
ATAAAC	460.0	7051.9	-1.257
AATCCT	287.0	4652.8	-1.257
GATCTG	174.0	2617.3	-1.256
GGCATA	149.0	2599.2	-1.255
AAGTGC	247.0	4026.4	-1.255
GCGATG	29.0	392.0	-1.254
CGGTTG	29.0	392.0	-1.254
TCATCC	181.0	2730.9	-1.250
ATTTGG	625.0	9614.9	-1.249
GAGCAT	174.0	3313.4	-1.243
TCCCGT	39.0	544.2	-1.239
ACAGCG	33.0	480.3	-1.238
GGTAAT	245.0	4082.1	-1.237
ATGCGC	18.0	230.6	-1.235
CTGTTC	304.0	4625.3	-1.235
CAGCGT	37.0	600.8	-1.233
TGATCT	362.0	5533.1	-1.230
ACATAA	493.0	7568.5	-1.229
TGTATC	330.0	5038.1	-1.228
AGCAAG	220.0	3577.5	-1.228
GAGCCC	97.0	1462.2	-1.227
CCGCTC	25.0	335.2	-1.225
GAGTGT	232.0	3521.8	-1.224
CAATGG	152.0	3067.5	-1.223
GAGCCA	216.0	3495.4	-1.221
GTTTCT	718.0	11070.4	-1.221
ACGTCA	33.0	510.7	-1.219
TCGATT	60.0	867.1	-1.218
TCACTA	227.0	3443.0	-1.217
AATATC	414.0	6338.7	-1.215
CCGAGA	36.0	596.9	-1.215
TTGCAC	212.0	3201.5	-1.214
ACGATC	25.0	444.7	-1.213
AATCCC	195.0	3146.1	-1.210
ACACAA	333.0	5092.8	-1.209
GCAACG	18.0	297.0	-1.208
ACGGAT	25.0	446.2	-1.204
GGGATA	181.0	2738.0	-1.204
ACAATG	315.0	5208.6	-1.202
TTCTGT	842.0	13964.3	-1.200
TGTCTT	598.0	11483.9	-1.200
TTGGAA	529.0	8758.6	-1.198
CTGGCA	190.0	2868.0	-1.197
GGCCAT	127.0	2207.4	-1.196
TGTCTG	374.0	5726.5	-1.194
TAATGT	664.0	10248.3	-1.194
ACGGAA	44.0	672.0	-1.193
TGGGTG	246.0	3738.1	-1.192
TTACCA	349.0	5345.4	-1.190
CAATCA	203.0	3077.2	-1.188
GTAGTC	114.0	1886.5	-1.187
AGGCTG	271.0	6440.2	-1.186
GGTATG	186.0	2805.0	-1.186
ACTTAT	413.0	6523.4	-1.186
TGCGGC	24.0	342.1	-1.185
GTATCG	23.0	307.8	-1.181
GGTTAT	276.0	4562.5	-1.181
CCAGAG	204.0	3163.8	-1.178
ATTACC	232.0	3531.7	-1.173
GATTGG	168.0	2708.3	-1.173
ATGCGG	15.0	369.2	-1.170
TAGCAT	335.0	5118.1	-1.169
ACTCCC	118.0	1760.9	-1.168
TGTGCT	355.0	5433.8	-1.168
AAACTC	276.0	4742.2	-1.168
TATTCT	681.0	11739.1	-1.168
ATGAGC	185.0	3058.5	-1.165
CGGATA	23.0	308.9	-1.164
AGAATA	566.0	8722.0	-1.164
ACTCGG	29.0	398.1	-1.164
TCCGCG	3.0	134.1	-1.162
TCTTAC	297.0	4544.5	-1.162
GTGTTG	295.0	4511.0	-1.161
CGTAGG	26.0	373.2	-1.161
GGACGC	20.0	271.0	-1.158
TCGTTA	56.0	811.7	-1.157
GTGAGG	187.0	2857.7	-1.157
TTTTAA	3009.0	48361.7	-1.154
CAGCAT	273.0	4169.5	-1.154
ATCAAG	233.0	3552.0	-1.151
AACAGA	363.0	6444.4	-1.151
AAACAT	750.0	11597.9	-1.149
GACGCT	23.0	310.0	-1.148
GACTCG	23.0	309.9	-1.148
TAGCGA	24.0	324.4	-1.147
TAGACA	261.0	3975.5	-1.146
AACAGG	208.0	3508.6	-1.146
CAGCTC	168.0	2653.3	-1.144
GGATTG	213.0	3231.9	-1.143
CTCATC	171.0	2647.0	-1.142
ACGACG	7.0	74.8	-1.141
GATACT	219.0	3328.7	-1.139
TCGGAC	9.0	190.1	-1.136
CGGGAG	48.0	690.5	-1.136
CGCAAC	19.0	250.9	-1.135
ATGAGG	238.0	3634.5	-1.134
CATAAG	213.0	3233.7	-1.133
GGTCTG	148.0	2241.4	-1.132
TTATCC	292.0	4469.1	-1.132
CATTGA	369.0	5659.3	-1.131
CGTTGC	35.0	492.2	-1.130
AAGCAA	389.0	6819.1	-1.129
TAAAAG	713.0	11034.3	-1.129
TCTTCG	46.0	661.6	-1.120
TTTGCG	60.0	877.2	-1.119
TGGATT	501.0	7722.1	-1.118
TCAGCA	273.0	4178.1	-1.118
TCAGCT	281.0	4292.0	-1.117
CCTCAG	235.0	4171.3	-1.116
ACAAAG	392.0	6031.1	-1.116
GTTGTA	322.0	4934.5	-1.115
AGCTTC	207.0	3156.9	-1.115
CAGAAG	309.0	5099.4	-1.110
CTTCAG	316.0	4853.6	-1.107
GCGGAT	19.0	318.0	-1.105
GGATAT	323.0	4953.2	-1.105
GCGCTG	27.0	462.1	-1.104
ATTGAT	545.0	8873.1	-1.099
AACAAG	305.0	4675.1	-1.097
ATAGTC	182.0	2774.7	-1.095
CGTATT	83.0	1237.7	-1.095
CCTGCG	30.0	419.5	-1.094
CCCTCT	192.0	2919.7	-1.094
CTTCAT	432.0	6660.2	-1.092
AATGAG	368.0	6284.9	-1.090
AAGGTC	154.0	2328.7	-1.087
CCTTGA	251.0	3842.8	-1.086
CTACAC	107.0	1736.4	-1.085
GCGCAG	32.0	450.5	-1.085
CGCTAC	16.0	208.0	-1.085
GAGAAG	339.0	5207.6	-1.085
CAGTGC	168.0	2598.6	-1.084
TATACC	212.0	3502.6	-1.083
CCGGAT	20.0	280.6	-1.083
ACTCGC	18.0	238.3	-1.082
TCATAC	200.0	3050.0	-1.080
TATCTC	302.0	4630.2	-1.077
ATTGTG	488.0	7778.2	-1.074
TTGGAG	344.0	5293.7	-1.073
CTTTGC	372.0	5726.4	-1.072
GTGTAT	480.0	7413.7	-1.070
TAAGAG	274.0	4528.2	-1.070
TGCGCG	5.0	172.0	-1.069
TTCCTT	951.0	14776.4	-1.068
CTGGGA	250.0	5477.5	-1.067
AGAGCA	238.0	3766.8	-1.066
CTCAAA	379.0	6374.4	-1.066
GTACCT	154.0	2332.8	-1.064
CAGGCC	117.0	1760.8	-1.064
ATAATG	536.0	8290.1	-1.063
GAGATG	310.0	5306.5	-1.063
TAGGAT	290.0	4453.6	-1.062
ACCTAC	130.0	1967.2	-1.060
GGGCCT	102.0	1540.3	-1.060
TCGGGT	22.0	379.1	-1.059
CGTCTT	56.0	821.1	-1.059
CGTGGT	53.0	775.1	-1.058
ATTGGT	318.0	5459.1	-1.056
TTGACT	404.0	6233.6	-1.056
ACAACA	307.0	4803.0	-1.055
TGTGGG	272.0	4177.7	-1.054
CGGTCG	5.0	61.0	-1.047
AAAGGG	280.0	4293.4	-1.046
GATTAT	472.0	7302.4	-1.045
CCTTGG	220.0	3365.1	-1.044
GGCGCT	20.0	379.6	-1.044
CTAGGG	97.0	1725.3	-1.042
TCCACA	228.0	3495.4	-1.042
CGGCGG	24.0	331.9	-1.039
CGTCGA	2.0	45.7	-1.039
CAACAG	206.0	3376.3	-1.039
CGCCTA	15.0	330.6	-1.037
TAGTAG	213.0	4351.1	-1.035
CTCGGA	28.0	392.1	-1.035
GTCATG	191.0	2915.5	-1.035
GGGAAT	235.0	3611.1	-1.033
TCAAAG	374.0	5771.8	-1.032
TTAAGA	602.0	9327.8	-1.025
CAACCG	16.0	317.0	-1.023
CTCCAT	239.0	3662.9	-1.023
ATCTAA	320.0	4985.2	-1.023
CCTGCC	215.0	3289.1	-1.021
CAAACA	389.0	6008.6	-1.021
GGTACT	133.0	2021.3	-1.021
TGTTAA	701.0	11019.3	-1.020
GACATT	405.0	6261.9	-1.019
TTCGGC	27.0	378.4	-1.019
GCGATA	22.0	323.3	-1.015
GACGCA	19.0	268.9	-1.013
TTTTGC	789.0	13661.1	-1.012
GGCCAG	147.0	2645.4	-1.011
AGCCCA	163.0	2587.2	-1.010
GCTCGC	16.0	212.2	-1.010
CGATCC	20.0	284.4	-1.008
CGTATG	47.0	688.0	-1.008
GGAACC	100.0	1517.6	-1.005
AATCAC	248.0	3855.1	-1.002
GGGTTC	145.0	2216.3	-1.000
TCCGGG	29.0	410.0	-0.999
CATCGT	47.0	688.8	-0.998
CCCTGG	158.0	2409.4	-0.993
CATGTA	386.0	5967.8	-0.993
TTGTGC	276.0	4258.4	-0.992
CAGACA	233.0	3588.3	-0.992
GGGACA	142.0	2170.4	-0.991
GATGGT	212.0	3560.0	-0.990
AGGAAC	184.0	3111.5	-0.989
TCTAAC	175.0	3103.4	-0.987
TATCTT	621.0	10745.1	-0.985
GTATTC	280.0	4309.9	-0.984
CACACG	43.0	628.0	-0.982
CAGCAA	248.0	4041.2	-0.981
GAACCT	152.0	2365.8	-0.981
ACGCCT	42.0	681.0	-0.977
GTTAGT	235.0	3976.7	-0.976
CATTAC	226.0	3478.0	-0.973
AAGATA	479.0	7430.0	-0.971
GCTTTG	349.0	6100.1	-0.970
ACGTTT	142.0	2174.4	-0.969
CTACAG	169.0	3182.2	-0.968
CATCGA	27.0	382.8	-0.965
AGGGTT	273.0	4216.2	-0.964
TGGCCT	248.0	3823.4	-0.964
CGTGTG	73.0	1100.0	-0.959
GAGCAA	200.0	3076.6	-0.959
AGCTCC	126.0	2105.5	-0.954
AGGCAG	246.0	4045.5	-0.954
AAGAGC	201.0	3094.6	-0.952
GGAGAT	221.0	3402.8	-0.951
CAGGGT	211.0	3240.7	-0.950
ATCGTT	68.0	1022.6	-0.947
CTCACA	210.0	3241.5	-0.945
TAGTTA	368.0	6582.9	-0.942
GGCGAG	22.0	447.2	-0.941
GGCATG	203.0	3129.2	-0.939
CTTTTG	793.0	14193.5	-0.938
TCATCT	395.0	6135.7	-0.938
GGTTGA	189.0	2903.6	-0.936
TACAAC	203.0	3130.4	-0.935
GATACG	34.0	493.4	-0.934
GTTAAT	468.0	7518.9	-0.929
GACTCC	114.0	1735.2	-0.928
AGGTTT	591.0	9208.4	-0.928
GCATTC	194.0	2987.0	-0.927
CACTCG	24.0	339.0	-0.926
ATCGCG	7.0	132.3	-0.925
ATTAAC	357.0	5675.7	-0.923
AGATAG	256.0	3965.5	-0.919
TACAGA	389.0	6040.0	-0.918
CAAAGT	425.0	6598.6	-0.915
CCTATA	190.0	2925.1	-0.911
CGGACT	15.0	291.9	-0.911
AGTTTT	1302.0	22783.4	-0.911
ATCAAC	180.0	2780.8	-0.908
GGCTAC	88.0	1342.2	-0.908
AGAATG	460.0	7162.8	-0.908
GGTACA	187.0	2877.3	-0.907
ATGGAT	340.0	5275.1	-0.905
TTGGAT	440.0	6839.7	-0.904
GGTCGT	16.0	335.5	-0.904
CCTTCA	240.0	3945.1	-0.904
ATGGAG	288.0	4464.0	-0.902
GAGCAC	108.0	1644.3	-0.901
AGAAAC	420.0	6536.7	-0.900
CCATGG	163.0	2508.9	-0.900
AGAACT	343.0	5386.8	-0.899
TATGAG	282.0	4365.1	-0.899
TGGCTG	270.0	4184.2	-0.898
CGGTAT	31.0	450.2	-0.897
TAGAGT	286.0	4431.9	-0.897
GCTGGT	189.0	3108.3	-0.897
TCTTTA	744.0	14251.8	-0.896
TGCAGG	223.0	3448.1	-0.896
AGCCTT	276.0	4284.8	-0.894
GGCCGG	45.0	668.7	-0.892
GACTGG	141.0	2245.5	-0.892
TACAGG	223.0	5018.7	-0.889
TGCTTA	375.0	6172.0	-0.888
TTAGCC	191.0	3153.0	-0.887
ACTATG	245.0	3793.2	-0.886
TGCACG	37.0	556.9	-0.885
AGGTGC	103.0	2029.0	-0.885
ACATGG	252.0	3910.0	-0.881
CTGCGC	25.0	438.0	-0.880
ATGGCG	32.0	549.1	-0.880
TCGGAT	32.0	467.5	-0.880
TACTTC	292.0	4535.4	-0.879
CCCGCG	17.0	235.1	-0.878
TACTTA	464.0	7224.7	-0.878
CATATT	656.0	10232.6	-0.877
ATAACA	430.0	6696.4	-0.876
ATGATT	628.0	10024.7	-0.875
AGTGTC	199.0	3080.0	-0.874
ATTTAG	601.0	10202.2	-0.874
ATTGGC	197.0	3047.3	-0.873
ACGGGT	22.0	344.0	-0.872
ACGTAC	18.0	487.2	-0.870
TACATC	205.0	3178.7	-0.870
TAGGAA	396.0	6158.4	-0.869
TCTGTA	479.0	7468.3	-0.865
GGTGTT	287.0	4457.6	-0.863
AAGGAG	284.0	4408.5	-0.863
TAATTC	476.0	7418.9	-0.862
CTTACT	328.0	5106.0	-0.862
TTATCG	48.0	718.1	-0.861
GTGTGC	194.0	3001.8	-0.860
GAATCA	220.0	4071.2	-0.859
ATTAGT	426.0	6636.0	-0.859
TCTGCG	28.0	516.0	-0.858
ACATAG	272.0	4353.6	-0.857
GTATTA	415.0	6467.8	-0.856
TGGGCC	110.0	1684.1	-0.855
CTACGT	43.0	641.3	-0.855
GCCTCT	170.0	2630.4	-0.855
TAACTT	573.0	9192.4	-0.854
GATCCG	21.0	413.5	-0.853
AGCACA	212.0	3512.5	-0.853
CTATGG	152.0	2341.2	-0.851
TTTGGC	399.0	6215.4	-0.851
GTCCGG	15.0	206.6	-0.850
CCTTCT	345.0	5377.0	-0.848
GCGGCG	22.0	360.9	-0.848
GATCAA	172.0	2664.2	-0.847
TCCAGG	215.0	3330.4	-0.845
GGCACC	77.0	1178.2	-0.844
CGGTCT	27.0	392.4	-0.841
GACTTG	189.0	3183.7	-0.839
TGGTGG	267.0	4207.3	-0.838
CGTGAT	58.0	1004.4	-0.836
AGCACG	30.0	440.2	-0.836
CGTCAA	16.0	357.7	-0.836
TCAGAA	455.0	7103.5	-0.835
ATTGCA	373.0	5817.3	-0.833
ACCTCT	221.0	3431.2	-0.833
ACATAC	290.0	4516.1	-0.831
ACCTCC	158.0	2774.8	-0.829
GAAGGA	317.0	4932.0	-0.829
CGAGTT	41.0	613.9	-0.826
TGATTC	330.0	5149.3	-0.826
TTCAGC	285.0	4435.8	-0.825
GGGGAT	129.0	2187.0	-0.823
GCACAC	121.0	1866.8	-0.823
TTAGGC	159.0	2461.4	-0.821
ACCTGG	182.0	2884.7	-0.819
AACGTT	97.0	1500.3	-0.817
TAAGTA	462.0	7213.8	-0.816
TCGGGA	32.0	473.2	-0.815
TGCACA	272.0	4294.5	-0.814
TGTCAA	304.0	5181.2	-0.812
ATCTCA	363.0	5673.1	-0.810
CTATCC	120.0	1852.5	-0.808
GCCTGT	235.0	3667.5	-0.808
AACGAC	18.0	361.8	-0.808
ATCAGG	165.0	2958.7	-0.807
TGAGGT	304.0	4739.3	-0.807
CATACG	32.0	555.6	-0.806
TAAACA	591.0	9259.6	-0.806
CTCTAG	170.0	2642.4	-0.805
GAATTA	476.0	7442.6	-0.800
AGATGG	292.0	5151.6	-0.799
CGGGTG	32.0	507.0	-0.798
GATCGC	18.0	343.9	-0.798
TCTCCA	293.0	4577.3	-0.796
CAGATT	402.0	6286.1	-0.794
GAGGCT	196.0	3050.5	-0.794
TCCCGC	30.0	444.8	-0.793
AACTAC	195.0	3193.7	-0.793
TTCTGA	590.0	9248.5	-0.792
TATCGC	21.0	303.1	-0.791
ATTGTA	551.0	9122.3	-0.789
AGACCT	170.0	2697.6	-0.789
CTTACA	294.0	4596.3	-0.789
AGTAAT	461.0	7507.6	-0.786
TCGTCA	33.0	530.8	-0.785
GCACCC	90.0	1419.4	-0.784
CTCAGA	246.0	3838.9	-0.782
TCGCTA	23.0	335.8	-0.780
GATTCG	28.0	413.3	-0.780
TGAATC	254.0	4376.7	-0.777
GAAGTC	196.0	3159.5	-0.775
CTGTGC	218.0	3571.9	-0.775
ATTCAC	285.0	4451.1	-0.774
GAATCC	143.0	2229.7	-0.773
GGCTTG	155.0	2407.8	-0.772
GTCGTC	20.0	289.4	-0.771
GATTTC	422.0	6617.3	-0.770
TTGGTA	399.0	6244.9	-0.770
AGTTAG	242.0	3776.3	-0.768
CGGTGT	34.0	509.3	-0.767
ATGAAA	782.0	12483.7	-0.767
CCTAGA	151.0	2725.0	-0.765
ACATGA	326.0	5373.3	-0.764
TTGACC	182.0	3059.6	-0.764
GTGGCT	239.0	3728.2	-0.764
ACAACG	36.0	551.8	-0.763
AGAGTG	258.0	4026.2	-0.760
AAGTAC	229.0	3700.2	-0.760
TTTCAT	1215.0	19686.5	-0.760
CCATCG	25.0	368.9	-0.760
GCTTGT	226.0	3714.3	-0.759
TTGCGC	20.0	290.6	-0.758
ATCGCA	25.0	428.1	-0.758
AACGAG	36.0	554.0	-0.756
GATGTG	251.0	4049.2	-0.755
TTCGCA	32.0	479.5	-0.755
TAGGAG	196.0	3061.5	-0.753
AAATAC	632.0	9918.4	-0.752
CGCTGT	39.0	590.1	-0.752
AGAAAT	897.0	14087.0	-0.750
CTCGGT	28.0	417.4	-0.748
TAGGTA	275.0	4310.6	-0.748
AATGGC	232.0	3824.4	-0.747
CTCCTA	176.0	2753.9	-0.746
AAAGGC	221.0	3514.6	-0.746
AGTTCG	35.0	527.8	-0.745
ATCCCG	23.0	338.3	-0.745
GTCCCA	133.0	2074.4	-0.744
CGTTCT	55.0	844.8	-0.744
TTAATG	684.0	10740.0	-0.743
GCATCA	148.0	2317.5	-0.743
ATGAGT	335.0	5244.3	-0.743
ATATCA	382.0	5984.1	-0.742
GAAAAT	889.0	13979.8	-0.741
ATTCCG	34.0	512.3	-0.739
ACCTAG	149.0	2318.1	-0.739
AGAGAG	362.0	5682.7	-0.738
ATGCAA	325.0	5151.0	-0.736
ATTTTC	1357.0	21339.8	-0.736
CAACAT	313.0	4999.2	-0.736
ATGTCG	32.0	481.8	-0.735
CTCTAC	139.0	2426.7	-0.735
GCCACG	29.0	434.8	-0.735
AACGAA	56.0	861.1	-0.734
AAATGA	856.0	13641.7	-0.733
CGGAGA	27.0	456.9	-0.732
CGCATG	17.0	370.1	-0.731
TGCAAG	213.0	3372.1	-0.727
GAGAGG	200.0	3133.2	-0.726
GCCGGA	22.0	324.3	-0.725
GCCTTT	387.0	6075.6	-0.724
ATAGAG	235.0	4114.6	-0.723
ATAAGG	253.0	3971.8	-0.723
GTTAGC	143.0	2241.8	-0.722
ATGTCA	319.0	5339.8	-0.721
GGTGAC	130.0	2031.9	-0.719
ATCGTC	22.0	346.3	-0.717
TGCCTT	418.0	6570.1	-0.715
GTTGGA	225.0	3529.6	-0.715
ATGCTA	257.0	4439.9	-0.713
TAAAAC	594.0	9337.1	-0.713
TGGACT	210.0	3300.2	-0.713
GCATGT	274.0	4305.6	-0.713
GGCTGA	189.0	2968.7	-0.712
CCAGCG	31.0	468.3	-0.709
CGCGAC	6.0	74.3	-0.708
GAGAGC	121.0	1889.9	-0.706
AGAAGG	292.0	4589.5	-0.706
GTGCTT	296.0	4657.2	-0.703
AATTAA	937.0	14750.7	-0.700
ATCAGA	297.0	4823.2	-0.700
AGTACA	252.0	4250.9	-0.700
TCGCCA	31.0	469.3	-0.700
ATATTG	579.0	9116.5	-0.700
TGTTCC	284.0	4459.9	-0.699
CTGCAT	285.0	4475.6	-0.699
GCTCTA	124.0	1939.1	-0.698
CCGTTT	83.0	1297.0	-0.696
AGAGGT	240.0	3765.1	-0.696
CAACCT	186.0	3452.2	-0.696
TTACCT	370.0	5898.3	-0.694
TCCTGT	332.0	5228.7	-0.694
AGGTGT	266.0	4366.7	-0.693
TTAGCT	363.0	5716.3	-0.691
CTCGTT	53.0	819.0	-0.690
ATTCGA	32.0	657.5	-0.689
GCACAA	170.0	2909.4	-0.683
GTCATC	145.0	2283.4	-0.681
AGAGAA	556.0	8758.0	-0.679
TGAGGC	191.0	2999.1	-0.678
GTGCGA	29.0	440.6	-0.676
CGCCAC	16.0	611.4	-0.675
ACAGAA	435.0	7676.6	-0.673
CTAGCT	156.0	2447.2	-0.672
GTTACC	115.0	2194.8	-0.671
ACTTAG	261.0	4103.5	-0.671
ACGGCG	10.0	139.7	-0.671
TGGCGC	31.0	679.3	-0.670
AGCGCT	27.0	408.7	-0.670
ACCATC	149.0	2568.4	-0.669
TATCCT	312.0	4919.7	-0.668
ACCTTT	471.0	7428.0	-0.668
TGTAGG	229.0	3763.8	-0.666
CACAGT	251.0	4125.4	-0.666
ATGATA	414.0	6983.7	-0.665
ACGCAG	28.0	441.9	-0.665
TCGAAC	19.0	536.5	-0.663
TGGTGC	168.0	2645.2	-0.662
CAATTA	369.0	5812.8	-0.661
CAGGAA	325.0	5124.0	-0.661
TCCTCT	331.0	5224.2	-0.660
CCTTAG	171.0	2694.2	-0.659
GCGCCT	19.0	476.6	-0.659
CTCTTA	304.0	4789.8	-0.659
CGAGGC	34.0	521.2	-0.658
GTGGGC	87.0	1616.3	-0.656
CGTTAT	63.0	984.2	-0.656
AGGTTA	246.0	4336.1	-0.656
GCGGTG	43.0	665.0	-0.654
TTCAGT	607.0	9579.6	-0.654
TCCCTT	362.0	5714.3	-0.654
TTGTCA	390.0	7504.0	-0.653
GTGTCA	211.0	3318.5	-0.652
TCTACT	310.0	4891.9	-0.652
TGCTTG	310.0	4892.8	-0.652
GGCGCC	20.0	504.3	-0.652
GTTCCT	259.0	4077.3	-0.650
TCCTAC	147.0	2323.1	-0.650
ATTTGA	795.0	12820.6	-0.649
CACGTA	49.0	822.9	-0.647
CACGCA	31.0	475.9	-0.645
AATGTT	879.0	13871.8	-0.645
CTCGAC	16.0	236.0	-0.645
AAGCTC	152.0	2710.1	-0.644
AATCAT	458.0	7234.3	-0.643
CGCTCG	8.0	109.9	-0.639
TGTGCC	227.0	3585.6	-0.638
AGTTAT	490.0	7963.9	-0.637
AAAATG	1075.0	17352.6	-0.636
AGCGAT	42.0	824.7	-0.633
ACAACT	249.0	4150.3	-0.633
AAACAG	440.0	7011.5	-0.632
CTGCGT	39.0	628.3	-0.628
TAGGTC	135.0	2135.9	-0.623
CATATC	211.0	3327.5	-0.622
CGTTTA	88.0	1393.0	-0.621
ACACGA	16.0	499.3	-0.619
CAGTTC	226.0	3575.5	-0.619
TCTACA	273.0	4321.5	-0.618
CAGATA	278.0	4970.6	-0.618
CATTGC	234.0	3708.8	-0.618
TGGCGT	46.0	718.0	-0.615
GTCGTG	28.0	431.1	-0.613
GATAGA	239.0	3776.1	-0.609
ACGCTC	17.0	255.8	-0.608
TCACGA	36.0	559.7	-0.607
CTAAAA	568.0	8988.9	-0.606
CGCAGC	24.0	367.5	-0.606
CTCATG	213.0	3366.1	-0.604
GGGTCA	115.0	1816.7	-0.603
ATTCTG	519.0	8616.0	-0.602
ACCTAT	210.0	3335.0	-0.602
ACGAAT	47.0	737.6	-0.600
GTATCA	220.0	3483.6	-0.597
TCGCAC	18.0	272.4	-0.597
TGCGCT	25.0	384.6	-0.596
TGCCCG	35.0	763.8	-0.596
ACTCCT	217.0	3468.2	-0.596
TGGTTA	360.0	5721.1	-0.596
CCGGCA	21.0	357.2	-0.595
TTGCCG	32.0	498.0	-0.594
ACAATA	411.0	6503.3	-0.593
CTGCGA	24.0	377.9	-0.592
TCCTAA	288.0	4564.6	-0.591
TTACGT	70.0	1432.8	-0.588
CTTGGC	197.0	3453.6	-0.588
CGATGG	28.0	434.7	-0.587
GGGGGC	75.0	1222.5	-0.586
ATTAGG	237.0	4174.7	-0.585
ATCCTC	178.0	2831.7	-0.582
ATGTTA	599.0	9495.3	-0.581
GGATCG	17.0	294.4	-0.579
ATTACT	458.0	7750.8	-0.579
TGAGCT	245.0	3886.8	-0.579
TATCGT	51.0	804.7	-0.579
TTAATC	420.0	6669.0	-0.577
TGCTCC	132.0	2098.0	-0.576
ATGGCT	269.0	4270.5	-0.574
TGTGTA	573.0	9076.7	-0.574
CTCTAA	258.0	4088.0	-0.573
ACACAC	341.0	5410.0	-0.573
TCTTAG	319.0	5057.1	-0.572
GTTTAA	611.0	10006.2	-0.570
CTCAAG	206.0	3494.7	-0.569
CCTGCA	170.0	2704.4	-0.569
CTAGCA	141.0	2323.0	-0.567
GTTACG	32.0	506.9	-0.567
ACCTCG	32.0	621.9	-0.567
TGTCAG	255.0	4525.0	-0.566
GCAATA	228.0	3626.7	-0.566
TTAGAC	204.0	3247.6	-0.564
TTCCGG	28.0	487.4	-0.564
TCAAGT	321.0	5094.4	-0.563
AGATCC	129.0	2053.0	-0.562
ATTTAA	1310.0	21054.0	-0.562
GTCAGG	137.0	2466.1	-0.562
GATCAC	124.0	2199.0	-0.562
GCGTTA	29.0	457.4	-0.562
CTTCTC	288.0	4576.3	-0.561
TTGGGC	157.0	2502.8	-0.559
ATCTCC	186.0	2954.0	-0.559
CTGCAG	240.0	3960.1	-0.555
TGGCAC	164.0	2610.4	-0.555
TCGAGT	33.0	518.9	-0.554
AGGCAT	250.0	4173.6	-0.554
GCGTCT	30.0	470.5	-0.554
CATAGG	155.0	2464.4	-0.551
TTAGGA	367.0	5825.6	-0.551
GGCACG	30.0	685.7	-0.550
GAGTCA	163.0	2595.7	-0.548
TTCGTC	33.0	519.8	-0.547
AAATCA	601.0	9591.9	-0.544
GTGAGC	145.0	3157.6	-0.544
CTATAG	200.0	3188.5	-0.544
CGCGAG	7.0	129.4	-0.543
TCCAGA	244.0	4131.4	-0.543
CGTATC	27.0	447.4	-0.542
GTAGTA	219.0	3639.0	-0.542
CACGAT	37.0	712.6	-0.542
TACGAT	34.0	652.1	-0.541
GGTGAG	148.0	2794.0	-0.541
CTGTCA	272.0	4604.3	-0.541
CGCGGG	16.0	245.7	-0.541
CTTAGG	193.0	3074.2	-0.540
CGGATT	34.0	536.7	-0.540
AGTTGC	194.0	3091.9	-0.540
TCACAC	178.0	2846.8	-0.533
GGTCCA	85.0	1362.7	-0.531
ACTCAG	212.0	3374.3	-0.531
TATCAG	279.0	4549.7	-0.530
AGGCGG	49.0	780.7	-0.530
TCAGGA	270.0	4439.7	-0.530
AAACGA	68.0	1087.0	-0.530
GTACAT	320.0	5093.0	-0.529
GCATGA	198.0	3492.4	-0.528
GAGGCA	181.0	3068.2	-0.527
CGAGGT	36.0	570.3	-0.527
ATCGCT	33.0	523.0	-0.525
ATCCTG	229.0	3657.1	-0.525
CCCAGA	199.0	3337.5	-0.523
ATCCAA	225.0	3592.3	-0.523
ACGGGC	17.0	263.3	-0.522
CACAAG	163.0	2604.2	-0.521
GTGAGT	229.0	3660.9	-0.519
TGGGGT	265.0	4225.7	-0.519
GATGTC	154.0	2495.5	-0.519
GAGAGT	185.0	3241.1	-0.518
AAGGAA	593.0	9426.4	-0.518
GGAGTG	231.0	4439.1	-0.517
CCTTAT	265.0	4730.5	-0.516
CATCCA	180.0	2885.4	-0.516
CGGGAC	18.0	284.6	-0.515
CCACGG	18.0	444.7	-0.515
GATCCA	141.0	2262.0	-0.514
GAATAA	507.0	8079.0	-0.513
TGTTGG	376.0	5997.8	-0.512
GGAGCT	147.0	2368.0	-0.511
ATCATG	288.0	4858.0	-0.511
AGCTCA	208.0	3398.1	-0.508
TCCTCG	30.0	476.8	-0.508
AGAGCT	221.0	3531.6	-0.508
GTCCTG	150.0	2396.8	-0.505
TTCGAG	44.0	703.8	-0.504
TAGTGT	330.0	5271.9	-0.504
GCTTTA	379.0	6051.5	-0.504
AACTAT	376.0	6002.0	-0.503
GTCAAT	203.0	3252.8	-0.501
TTGCGG	26.0	489.4	-0.501
AGGTCA	193.0	3087.6	-0.501
CCGCCT	74.0	1191.7	-0.500
GAAAAG	481.0	8740.6	-0.500
AGCGTC	16.0	338.6	-0.499
TTACGC	23.0	363.6	-0.498
TGTCGG	22.0	356.0	-0.497
CAACGT	40.0	640.9	-0.496
ATGTTG	512.0	8349.3	-0.495
CGGACC	12.0	184.0	-0.494
TCAAAC	255.0	4085.3	-0.493
GTCCCG	13.0	322.2	-0.493
TGCGCC	16.0	491.5	-0.491
TTGGGT	352.0	5617.8	-0.490
CTGTGG	281.0	4488.2	-0.489
GGTATC	124.0	1991.1	-0.489
CTTACG	31.0	621.5	-0.488
AGGCTC	112.0	1797.0	-0.487
CTGTGT	456.0	7280.0	-0.484
CGCAGG	28.0	448.0	-0.483
GTTCTT	476.0	8379.0	-0.482
TGGGTA	189.0	3738.6	-0.481
GGTCCC	57.0	1044.1	-0.481
TACAAG	243.0	3891.7	-0.481
GGCAGG	165.0	2764.6	-0.480
ATAAGT	389.0	6217.9	-0.480
GAACTC	136.0	2847.7	-0.479
GGGTAC	100.0	1751.8	-0.479
TGCATG	295.0	4728.2	-0.478
GCAGGA	176.0	2832.3	-0.478
AAGACA	365.0	6250.2	-0.476
ATTAGC	230.0	3693.9	-0.476
AATTAG	454.0	7250.5	-0.475
TCCATA	272.0	4361.1	-0.474
TGCCAT	312.0	5000.1	-0.472
AATATA	963.0	15329.3	-0.472
AATCCA	274.0	4743.1	-0.471
GCACGC	19.0	301.2	-0.471
TAGCAA	267.0	4279.7	-0.470
GGGCTG	146.0	2358.6	-0.470
GGCTTC	153.0	2456.9	-0.469
TAATTA	773.0	13373.8	-0.466
ATTAAT	811.0	13832.2	-0.465
AACCTT	313.0	5051.9	-0.463
AGTTTA	623.0	10323.8	-0.463
GTCCAA	120.0	1934.6	-0.461
CCAGGG	138.0	2229.8	-0.461
TCGGTC	16.0	253.6	-0.460
TTGAAT	770.0	12270.4	-0.460
AGGAGT	240.0	3850.3	-0.458
ATCTGG	212.0	3410.7	-0.458
CAGGCA	219.0	3871.3	-0.457
TAGGCT	180.0	2905.1	-0.457
CGCGGC	14.0	223.4	-0.455
GTCACA	171.0	2757.2	-0.455
CCGGTC	9.0	199.3	-0.454
CCTAGT	149.0	2396.2	-0.454
TCAACA	284.0	4554.3	-0.453
CGTTAA	51.0	826.4	-0.453
CGGTTC	21.0	336.4	-0.452
TATGCT	320.0	5128.6	-0.451
GCTCAA	134.0	2592.7	-0.450
CTCAGC	199.0	3981.0	-0.450
GAAACG	53.0	860.0	-0.449
CGTTCA	41.0	665.0	-0.449
GATTAC	214.0	4521.5	-0.448
CGATTC	45.0	730.9	-0.448
CACATG	221.0	3927.5	-0.447
AAGTTT	885.0	14109.9	-0.447
AGAATT	696.0	11118.7	-0.445
TCAAAT	584.0	9331.6	-0.445
GACACT	132.0	2494.3	-0.444
CACAAT	297.0	4777.9	-0.444
CCAGCT	213.0	3614.1	-0.443
CACGGT	27.0	555.9	-0.442
CTCGAA	20.0	719.6	-0.442
AGGCAC	130.0	2285.0	-0.442
TGATCC	148.0	2942.8	-0.442
CGCGCG	13.0	235.2	-0.441
TCATGA	330.0	5302.1	-0.440
ATACAA	467.0	7479.2	-0.439
CCCCAG	160.0	2582.2	-0.438
CGGGCA	30.0	486.2	-0.438
GAGTAT	227.0	3659.5	-0.438
TCGCGG	8.0	122.3	-0.438
GGTAGT	169.0	2731.2	-0.438
GACCGG	15.0	239.6	-0.437
CTCGGG	29.0	470.0	-0.436
AAATAA	1512.0	24062.9	-0.436
AATTTG	842.0	13644.3	-0.435
GCTCAG	150.0	2418.0	-0.435
TCTCAG	314.0	5053.0	-0.435
CATGGT	233.0	3987.4	-0.434
CAACTT	337.0	5408.3	-0.433
GCGCCC	27.0	616.8	-0.433
GGGTTA	167.0	2700.6	-0.432
CGATGT	24.0	577.8	-0.432
ATCCCT	182.0	3127.1	-0.432
TGAAAA	985.0	15707.0	-0.430
TTGCCA	331.0	5325.0	-0.430
TAGATG	279.0	4482.5	-0.429
ACAGGG	177.0	2866.2	-0.429
GGTGCG	26.0	574.3	-0.429
TTTGGG	586.0	9377.3	-0.429
TCTGCC	235.0	3796.9	-0.427
ATCGAG	28.0	455.6	-0.427
CAGAGT	279.0	4985.5	-0.426
CTGTCT	343.0	5514.3	-0.424
ATTCCT	429.0	6883.1	-0.424
CAGGGG	116.0	1880.7	-0.423
CTGTAT	420.0	6745.4	-0.423
TCAGAT	375.0	6025.4	-0.423
GTCCTA	112.0	1815.4	-0.423
GAATCT	276.0	4451.5	-0.423
GTCTAA	170.0	2890.0	-0.420
GCCCAT	130.0	2111.3	-0.419
TGCGGT	26.0	564.6	-0.419
ACTCTC	143.0	2326.7	-0.417
TGTGGC	215.0	3468.8	-0.417
GATACA	257.0	4152.6	-0.416
TACGTC	26.0	424.1	-0.415
AGGCTA	156.0	2524.5	-0.415
AAGAGT	296.0	5361.3	-0.415
GCTCCG	25.0	428.2	-0.413
TCCGCC	39.0	902.8	-0.413
TGCAGT	423.0	6786.4	-0.412
GCTCAT	169.0	2741.0	-0.410
AAACTT	674.0	10785.7	-0.409
CAGAAA	576.0	9233.9	-0.408
TCTGGC	174.0	2825.0	-0.408
AACCTC	207.0	3355.2	-0.408
CCTGTC	140.0	2642.0	-0.407
ATGAAT	636.0	10195.2	-0.406
TAACAA	440.0	7067.6	-0.404
TGCGGG	24.0	495.7	-0.404
ATTCCA	378.0	6088.7	-0.404
GGCTTT	367.0	5900.1	-0.404
CTTCCT	420.0	6758.4	-0.402
TATGGT	328.0	5289.5	-0.400
ATACTA	313.0	5053.4	-0.400
GAGATT	368.0	5919.7	-0.400
GAACAA	274.0	4580.5	-0.399
TACATG	407.0	6554.0	-0.398
TGGAAT	471.0	7574.8	-0.398
TCGTGA	50.0	833.8	-0.397
GTTTGC	285.0	4599.3	-0.396
TATACG	49.0	805.8	-0.396
CCTGAG	214.0	3460.5	-0.395
AATCTC	272.0	4397.3	-0.395
TCATGG	230.0	3728.4	-0.393
ATCCAC	148.0	2417.1	-0.392
TCGTGC	27.0	444.2	-0.392
CTTATC	195.0	3302.9	-0.391
ACTCTT	342.0	5515.4	-0.391
AGCTCT	234.0	3796.1	-0.390
GTACTT	299.0	4822.3	-0.389
GTATCC	131.0	2138.7	-0.389
AAGTTC	304.0	4906.7	-0.389
CAAAAG	390.0	6481.7	-0.388
CCATAT	284.0	4586.1	-0.388
ACCATG	246.0	3982.5	-0.388
ATGCGT	40.0	659.2	-0.388
GCGTAT	32.0	527.5	-0.387
ATATTT	1841.0	32026.9	-0.387
GCTGGC	101.0	1661.3	-0.387
TTCAAC	281.0	4537.3	-0.386
GGTTAG	145.0	2448.7	-0.386
GCGGGC	27.0	509.7	-0.384
CATTTT	1578.0	27702.6	-0.383
ACTATC	141.0	2305.5	-0.383
CCAGCA	208.0	3573.2	-0.381
CATGAA	398.0	6410.7	-0.380
TCCCTG	224.0	3635.6	-0.379
ACGTCC	22.0	363.8	-0.375
TACTAA	334.0	5593.4	-0.374
ATGGGC	115.0	1880.4	-0.373
ATGGTT	370.0	6346.3	-0.370
GAGACC	133.0	2179.0	-0.370
TCGTTG	43.0	712.9	-0.368
ATATCG	29.0	573.0	-0.368
CCAGTT	310.0	5020.3	-0.367
GCGTGC	25.0	414.7	-0.367
TGTGGA	315.0	5221.1	-0.367
ACTATT	460.0	7422.8	-0.366
AAAACA	937.0	15011.2	-0.365
TCACTG	344.0	5759.0	-0.363
GCGAGA	21.0	564.9	-0.362
GACTTC	185.0	3010.2	-0.361
TATGAT	466.0	7513.7	-0.360
CTTCCG	24.0	555.9	-0.357
CTCGCA	17.0	282.5	-0.357
CTAGAT	215.0	3495.5	-0.357
CTACTA	177.0	3050.6	-0.356
GGGCTA	74.0	1305.7	-0.356
AAAGTC	296.0	4807.9	-0.355
TATGCC	169.0	2764.1	-0.354
TATAAG	368.0	5947.6	-0.354
CATGTT	513.0	8269.0	-0.353
CCGGAC	13.0	215.3	-0.353
TTACTC	255.0	4150.2	-0.353
ACACGC	26.0	434.1	-0.352
ATCATC	202.0	3331.9	-0.352
CCTACT	152.0	2621.1	-0.351
GTCCAC	71.0	1179.7	-0.350
CGACAG	28.0	483.0	-0.349
AATGTC	303.0	5663.2	-0.348
TATGCG	23.0	408.3	-0.345
AAGTCC	160.0	2618.5	-0.345
GTAATT	554.0	8927.5	-0.345
GTTCTA	250.0	4072.0	-0.344
CAGAGA	323.0	5237.6	-0.343
GTGCGG	23.0	385.0	-0.341
TGTTAG	354.0	5756.9	-0.339
GTTCGC	13.0	217.3	-0.337
CGAAAA	54.0	933.6	-0.337
GTGCTG	249.0	4255.8	-0.335
TCAGTC	180.0	2955.3	-0.335
ACATCT	311.0	5056.0	-0.335
TTGAGG	332.0	5396.0	-0.335
TTGATG	451.0	7288.4	-0.334
GCTCCC	79.0	1316.4	-0.334
GTTAGG	156.0	2655.8	-0.333
GCAACT	147.0	2424.8	-0.332
TGCAAC	200.0	3273.8	-0.332
CTCCGT	45.0	754.1	-0.331
TTCATC	378.0	6135.0	-0.330
CGTCCA	22.0	370.9	-0.330
CATTCA	392.0	6358.1	-0.330
CGACAC	14.0	235.6	-0.329
TCCCAA	299.0	4855.4	-0.329
GTTCCA	206.0	3376.0	-0.329
TAGGGT	193.0	3168.4	-0.328
ATCCGG	14.0	253.4	-0.327
GATCAT	227.0	3711.9	-0.327
ATTTAC	560.0	9859.6	-0.326
GGCTGT	168.0	2994.9	-0.324
CTCTGG	192.0	3145.5	-0.322
AAGTTA	483.0	7854.4	-0.322
TCACAA	278.0	4539.4	-0.321
AATTGC	283.0	5059.4	-0.321
TAGTAA	393.0	6381.6	-0.320
AGCCAC	188.0	3623.2	-0.320
GGATTT	535.0	8649.8	-0.318
AATTCA	562.0	9073.5	-0.317
GGTGCC	71.0	1370.7	-0.316
CCCTTT	405.0	6575.0	-0.316
TAAGTT	557.0	9005.9	-0.315
CGATTT	77.0	1290.0	-0.312
TATTGG	326.0	5477.4	-0.311
CGATAT	34.0	576.0	-0.310
GGTCCT	99.0	1654.1	-0.310
TTGGCC	182.0	3477.4	-0.309
GCGCAT	17.0	290.0	-0.309
CTCACT	267.0	5519.3	-0.309
GCTTCT	258.0	4209.8	-0.308
CCATTG	255.0	4176.1	-0.307
TGAATA	610.0	9867.3	-0.306
CAGCCT	259.0	5375.8	-0.306
ACTATA	319.0	5194.4	-0.305
TCAGAC	151.0	2536.0	-0.304
AATTTA	1147.0	19482.7	-0.304
TTCCAG	370.0	6016.5	-0.303
AATAAA	1348.0	21626.8	-0.302
TATGAA	570.0	9229.0	-0.301
AAAAGC	374.0	6830.3	-0.299
ACGCTT	27.0	580.8	-0.298
CCAGGA	220.0	3609.2	-0.297
TACTGG	186.0	3057.7	-0.296
TCCGCT	21.0	360.0	-0.296
GAGTCC	88.0	1477.4	-0.296
AACAAA	791.0	12767.9	-0.295
TTGGGA	377.0	6145.3	-0.291
ATAAAT	1128.0	18140.2	-0.291
TCCGGA	20.0	344.0	-0.291
AGTATG	276.0	4524.1	-0.290
CTATGC	127.0	2110.9	-0.290
TGGAGA	345.0	5631.1	-0.290
GATTGT	287.0	5066.1	-0.290
CTAATT	543.0	8797.4	-0.289
TCTGCA	295.0	4830.1	-0.289
CGATTA	33.0	563.2	-0.289
ACTACA	234.0	3850.3	-0.289
CCTCTT	310.0	5069.5	-0.288
TCACGG	24.0	443.6	-0.288
ATACAG	327.0	5342.8	-0.288
CTGGCC	138.0	2615.4	-0.288
ATACAC	230.0	4233.7	-0.287
TTTACA	840.0	13556.5	-0.287
CTCGTG	40.0	681.6	-0.287
TCGGCT	39.0	977.2	-0.287
TGATAT	494.0	8613.6	-0.286
ATTCAT	607.0	10251.0	-0.285
TCGTCC	18.0	310.4	-0.284
GCTCGA	15.0	259.6	-0.282
TGAATT	842.0	13599.8	-0.282
TCGTAT	55.0	934.3	-0.280
TCATCA	280.0	5012.6	-0.280
TGGTCT	283.0	4633.1	-0.280
GTGTCC	129.0	2148.4	-0.280
AGCTCG	19.0	328.2	-0.279
TATGCA	320.0	5230.9	-0.277
CCGCGC	19.0	420.4	-0.276
GCGGGA	28.0	482.5	-0.276
GTCATA	202.0	3337.9	-0.275
TACGTT	81.0	1368.1	-0.275
CAAGAA	357.0	5831.5	-0.275
TGCGTA	28.0	635.0	-0.274
ACCATT	364.0	5951.8	-0.274
ATTTCT	1260.0	20270.4	-0.273
TACCAT	310.0	5079.8	-0.273
GTGCCT	180.0	2986.5	-0.273
CGTTTG	69.0	1169.8	-0.272
CGCCCG	36.0	618.5	-0.272
CGACGG	5.0	83.2	-0.272
CCCACG	28.0	483.6	-0.271
GCACGA	25.0	476.7	-0.271
CCTCTC	172.0	2854.1	-0.270
AGATCT	245.0	4030.9	-0.270
CGTGCT	22.0	571.4	-0.269
AAGATC	194.0	3214.4	-0.268
AGGGTC	117.0	1954.5	-0.268
GTGTGA	283.0	5295.9	-0.268
TCAGGC	139.0	2321.1	-0.267
CTCCCA	241.0	4992.1	-0.267
ACACGT	58.0	988.7	-0.266
GCGCAC	13.0	227.2	-0.265
TGACTT	460.0	7774.6	-0.264
GGCTCT	145.0	2422.3	-0.264
CACGAC	15.0	262.1	-0.263
GGATAC	120.0	2007.0	-0.263
CGCTTG	27.0	468.7	-0.263
GACCAT	137.0	2291.0	-0.260
GTTGTC	180.0	2993.0	-0.260
AATTCT	662.0	10740.9	-0.259
TTGCAA	407.0	6653.4	-0.259
AGATTG	273.0	4887.7	-0.257
ATTGAG	340.0	5571.0	-0.257
GAGTTA	249.0	4208.2	-0.257
TCCCGA	21.0	648.8	-0.256
GCTTGA	187.0	3096.5	-0.256
CCTCCG	40.0	689.1	-0.256
TTCTCG	44.0	757.7	-0.255
ACAAGA	266.0	4378.1	-0.254
TTATAC	420.0	6867.6	-0.253
CCGTGC	27.0	562.2	-0.252
TAGATA	387.0	6331.6	-0.252
GTCTTA	243.0	4120.7	-0.251
GACAGA	229.0	4708.8	-0.249
CTTCGG	28.0	488.6	-0.249
GCTGTG	258.0	4247.1	-0.248
GACACA	192.0	3185.5	-0.247
TACACA	347.0	5700.5	-0.244
GCAACC	102.0	2219.1	-0.244
GAGCTT	200.0	3322.8	-0.243
TCCTTG	311.0	5118.6	-0.243
ACCGGC	14.0	249.0	-0.243
TCATGT	420.0	6876.3	-0.242
CGATTG	25.0	439.2	-0.241
GGAACT	160.0	3059.6	-0.240
GGCGGG	45.0	832.3	-0.240
ATAATT	1077.0	17411.0	-0.239
GTAGAT	251.0	4153.8	-0.238
ATCCCA	236.0	3992.9	-0.238
TTGTCC	226.0	3747.8	-0.237
CAATGT	328.0	5398.7	-0.236
GATTCA	255.0	4223.4	-0.235
TTAGAG	329.0	5416.5	-0.235
GATAGT	182.0	3312.5	-0.234
AGCAAC	148.0	2557.1	-0.233
ACAAAT	584.0	9853.3	-0.233
TATTGC	317.0	5212.7	-0.233
AAATTC	576.0	9387.0	-0.233
TTAGTC	231.0	3835.0	-0.232
CTCACG	40.0	696.0	-0.231
TGTCAC	244.0	4039.1	-0.231
TCCACC	145.0	2506.9	-0.231
GTGCAA	185.0	3187.4	-0.230
TTCCTG	443.0	7254.2	-0.229
CACACA	352.0	6370.4	-0.229
AAAAGT	763.0	12384.2	-0.229
ACAGGA	227.0	3771.5	-0.227
GACCTC	108.0	2069.9	-0.226
ACAAGT	262.0	4367.7	-0.226
GCTTAT	278.0	4685.1	-0.225
AACGTC	28.0	494.0	-0.225
GCATCC	100.0	1706.4	-0.225
AGGCCG	41.0	716.0	-0.224
GCGCCG	12.0	216.6	-0.224
CGGCAC	15.0	269.3	-0.224
CTTGTG	272.0	4503.4	-0.224
AAAGAC	326.0	5376.0	-0.223
AGATTT	870.0	14106.0	-0.222
AATTTT	2217.0	38954.7	-0.221
GTTGGC	140.0	2454.0	-0.221
TCATAA	410.0	6722.6	-0.221
AGACCG	21.0	374.0	-0.221
AGTGTG	283.0	4774.7	-0.220
CTAGAA	307.0	5094.1	-0.220
CATGTC	188.0	3136.7	-0.218
TATTAC	375.0	6398.1	-0.218
TAGTCC	118.0	1995.3	-0.218
AGGCGC	30.0	530.6	-0.217
GTGCTC	99.0	1693.7	-0.217
TGCCTG	245.0	4742.4	-0.217
TGGTTC	210.0	3679.6	-0.217
TTCCGT	55.0	955.1	-0.216
CACGGG	19.0	386.5	-0.215
GGTGTC	114.0	1929.0	-0.215
TTAATA	930.0	15081.1	-0.214
CTAGGC	95.0	1628.4	-0.214
TTACTA	430.0	7061.7	-0.213
TATCGA	28.0	497.6	-0.213
CGCTAT	21.0	376.2	-0.212
CTATGA	236.0	3918.8	-0.212
AGGTAT	293.0	4853.4	-0.212
CGGCGC	13.0	236.4	-0.212
TCCACT	205.0	3428.4	-0.210
GGTGCA	121.0	2222.3	-0.208
CTGTAG	260.0	4311.2	-0.208
CGCTTC	24.0	467.3	-0.207
AGATCG	32.0	567.4	-0.207
CATACA	301.0	4979.0	-0.205
CCTCCA	189.0	3162.5	-0.205
ACACTT	330.0	5460.4	-0.204
GTTGAG	230.0	3946.3	-0.204
TAAATT	1210.0	19582.7	-0.203
GTTGAT	320.0	5289.5	-0.202
GGACCT	92.0	1583.8	-0.202
TGGCTC	206.0	3451.9	-0.202
TCCCAC	165.0	2866.0	-0.202
GATTCC	147.0	2490.0	-0.202
AGGAGC	131.0	2301.8	-0.199
TGCATA	365.0	6033.4	-0.199
CATAAA	517.0	8745.8	-0.198
AGCTTG	197.0	3302.0	-0.197
GGACAC	92.0	1668.7	-0.197
GGGTGC	83.0	1435.0	-0.197
TGTGGT	350.0	6743.2	-0.197
ATGTGG	289.0	4908.3	-0.196
TAGAAT	532.0	8716.9	-0.196
GTTACA	282.0	4679.3	-0.196
GGGGTT	202.0	3478.3	-0.196
AGACTT	346.0	5726.8	-0.196
GAATTC	287.0	4765.6	-0.196
TCCACG	29.0	519.5	-0.196
TCGATG	27.0	485.1	-0.195
TACCTA	222.0	3961.2	-0.194
AATTCC	302.0	5006.3	-0.194
ACTTAC	220.0	3859.1	-0.193
CACTTA	286.0	4792.9	-0.192
TCTGTG	448.0	7380.4	-0.192
CGCGCA	6.0	125.2	-0.192
ATACGA	33.0	606.9	-0.191
AGGATC	124.0	2110.1	-0.191
GAGTGC	154.0	3470.4	-0.191
CTTATG	257.0	4292.1	-0.190
AATCTA	321.0	5446.8	-0.190
GTTGCG	22.0	399.7	-0.189
TCGAAA	35.0	675.5	-0.189
CAAGCG	31.0	671.1	-0.189
AAGATT	553.0	9064.0	-0.189
GGCACA	158.0	2668.3	-0.188
GCCTCG	37.0	659.7	-0.188
TTAACA	546.0	9174.6	-0.188
TTGTAG	439.0	7228.5	-0.188
GTGCAC	116.0	2007.1	-0.187
CTAGTA	173.0	2922.3	-0.187
GCCCAC	98.0	1801.3	-0.186
GCACAT	177.0	3505.6	-0.186
TCATTC	365.0	6047.9	-0.186
GTAGTT	354.0	5857.7	-0.185
TAGCTA	234.0	3922.1	-0.185
TAAATA	1133.0	18384.5	-0.185
CTTCAA	317.0	5255.0	-0.185
GGGACC	67.0	1173.4	-0.184
GATCCC	76.0	1433.6	-0.184
AGTCTA	167.0	3181.2	-0.183
AGGGAT	213.0	3568.6	-0.182
CTACTT	324.0	5378.3	-0.182
TGCAAT	294.0	5459.5	-0.182
AAATTA	1163.0	18886.8	-0.181
CTTTAC	307.0	5104.6	-0.181
AGTGCG	21.0	384.0	-0.180
AAAAGG	451.0	7429.8	-0.180
CGATCT	50.0	884.1	-0.180
ACGTAT	65.0	1240.8	-0.179
GTGCCG	20.0	367.0	-0.178
GTCTGG	144.0	2455.4	-0.178
AGTCCA	146.0	2489.9	-0.178
CGTTGT	46.0	851.9	-0.176
TTGTGG	379.0	6495.9	-0.176
TATTGA	537.0	9922.5	-0.175
AGACTC	147.0	2508.8	-0.175
TTATGC	266.0	4517.3	-0.175
CATCAT	295.0	4968.6	-0.174
TGGCCA	194.0	3811.3	-0.174
TTGGCT	393.0	6511.6	-0.174
TTCTAA	656.0	10741.3	-0.173
TGTTCA	457.0	7641.9	-0.172
TCTGCT	337.0	5594.0	-0.172
TCGGCG	5.0	116.9	-0.172
TATAGG	228.0	3831.2	-0.172
TGCGAC	12.0	226.7	-0.172
GTTGCA	216.0	3627.3	-0.172
GCTTGC	108.0	1852.2	-0.172
CGTGCA	39.0	699.4	-0.171
CTTGAT	337.0	5596.9	-0.170
CTGTCG	29.0	818.7	-0.170
TGAGAG	259.0	4639.4	-0.170
GTCGTT	33.0	597.3	-0.170
CTTGTC	197.0	3324.9	-0.169
GTTGCT	259.0	4328.8	-0.169
ATCAAA	422.0	6988.9	-0.169
AAAGTT	734.0	12011.1	-0.168
CTCTCA	204.0	3445.5	-0.167
TTTCGC	48.0	856.3	-0.166
CAATAA	413.0	6834.0	-0.166
TAGGTG	183.0	3214.8	-0.166
ACCAGG	129.0	2211.1	-0.166
TGGGCT	187.0	3158.0	-0.165
AATCTT	552.0	9078.0	-0.165
AGGATT	384.0	6513.2	-0.164
TATTCG	38.0	712.7	-0.163
AACTTC	288.0	4813.7	-0.163
TTCCCT	410.0	6786.9	-0.162
AATTAT	1004.0	16441.3	-0.162
ACTCTG	274.0	4903.4	-0.161
CTCAGG	188.0	3179.1	-0.161
CGCCTG	55.0	978.7	-0.160
AAAGGA	476.0	8216.0	-0.159
CAATTC	239.0	4013.8	-0.159
GCAATC	118.0	2029.1	-0.159
AGTTCC	186.0	3147.9	-0.159
GCATTA	244.0	4100.7	-0.157
CCGGCC	45.0	808.7	-0.157
ATTATC	346.0	5953.9	-0.156
TGTATG	483.0	7989.1	-0.156
CTTAGA	251.0	4502.5	-0.155
AGTTAC	241.0	4053.0	-0.154
CGTATA	49.0	878.8	-0.154
GGCCAC	79.0	1390.7	-0.153
GCGCGC	16.0	303.2	-0.153
GAAGAA	492.0	8481.0	-0.152
TCGCTT	43.0	776.8	-0.152
TTGGTG	354.0	5897.3	-0.150
CATGCG	24.0	447.4	-0.149
ACAGAT	333.0	5570.4	-0.148
GGGGCT	106.0	1846.6	-0.148
TCCTTT	845.0	13833.3	-0.148
CGGCTA	19.0	440.0	-0.147
TAAGAA	581.0	9587.9	-0.147
ATATGG	284.0	4999.3	-0.147
AATACA	566.0	9337.8	-0.147
GCACTC	97.0	1699.3	-0.147
CATAGT	259.0	4392.7	-0.146
TAGATT	523.0	8641.2	-0.146
GTCGCA	10.0	195.8	-0.146
AGTCCT	182.0	3107.0	-0.145
GTCCTC	97.0	1700.3	-0.145
TTCTAT	585.0	11128.9	-0.145
TCTTCA	448.0	7440.8	-0.144
CCACAG	179.0	3058.1	-0.143
TCTTCC	362.0	6045.2	-0.142
CTTCCA	292.0	4904.6	-0.142
CCATGC	148.0	2637.9	-0.141
ACCCGG	27.0	541.3	-0.141
GACAGG	162.0	2772.3	-0.141
TCATGC	177.0	3027.4	-0.140
ATCTTC	288.0	4839.5	-0.139
ATCTCT	340.0	5685.2	-0.139
TATTCA	559.0	9243.1	-0.139
GGCACT	110.0	1909.4	-0.138
CTTGCA	203.0	3454.9	-0.138
GCATAT	318.0	5324.1	-0.137
TTAAAG	714.0	11753.2	-0.136
TACAAA	571.0	9445.4	-0.136
TTGAGC	226.0	3832.9	-0.136
TTCAAG	412.0	6858.9	-0.134
GAGTTG	223.0	3805.3	-0.134
CACAGC	149.0	2616.7	-0.134
ACTTCC	200.0	3407.2	-0.134
GTTATA	368.0	6162.7	-0.134
CCTTTA	418.0	6964.2	-0.134
TGTAGT	384.0	6405.1	-0.133
CATCTC	209.0	3635.2	-0.133
TGGGAC	136.0	2356.2	-0.131
CCGGGT	36.0	664.6	-0.131
CCTCCT	247.0	4263.1	-0.130
GAGGTC	104.0	1830.0	-0.130
ACCCAG	181.0	3862.1	-0.130
CCTTTC	347.0	5819.5	-0.129
TGGTAT	374.0	6257.5	-0.127
AAAATA	1689.0	27441.8	-0.127
AGAATC	245.0	4149.0	-0.127
CCTCGA	20.0	383.6	-0.126
CTTTTC	802.0	14157.4	-0.126
ATGCCT	240.0	4564.6	-0.125
TCACAG	234.0	3981.4	-0.125
TGTCGT	40.0	737.4	-0.125
AGAAAA	1069.0	19201.8	-0.124
GGCGTC	14.0	275.6	-0.124
CTTCTG	364.0	6105.0	-0.124
CACTTC	189.0	3231.1	-0.123
AGCATT	445.0	7420.4	-0.123
ATAGTA	379.0	6350.3	-0.123
CGCGCT	7.0	143.1	-0.122
TAAAAT	1510.0	25004.9	-0.121
CCAGCC	152.0	3316.6	-0.121
TCGCAT	22.0	422.7	-0.120
GGTATA	233.0	3969.9	-0.120
TCCGGC	12.0	283.2	-0.119
GCTACT	154.0	2720.2	-0.118
CTATCG	16.0	315.0	-0.117
TCAATC	151.0	2607.1	-0.117
TCTAGA	261.0	4421.8	-0.116
CTTCTT	544.0	10526.9	-0.116
AAAACG	84.0	1563.1	-0.116
CCGGCT	32.0	602.5	-0.115
GTAGGT	179.0	3086.2	-0.115
CAACAA	286.0	4835.3	-0.115
CCATTC	244.0	4147.8	-0.115
CTCATT	427.0	7135.4	-0.114
TGTGAG	333.0	5615.4	-0.114
GAGATA	267.0	4526.9	-0.114
CTTGAA	417.0	7028.0	-0.114
TGCCCA	230.0	4616.9	-0.114
CATTAA	477.0	7948.8	-0.114
GACGGG	33.0	623.2	-0.113
GGCGCG	29.0	549.3	-0.113
TTACAG	481.0	8021.1	-0.113
CAGTTT	710.0	11729.1	-0.112
ATCACA	254.0	4619.2	-0.111
CTGTTG	365.0	6245.5	-0.111
ACAGGC	155.0	3384.1	-0.110
TGAGTC	167.0	2887.3	-0.110
TTTCAA	906.0	14901.3	-0.110
GTCTAG	111.0	1948.5	-0.110
CAGGTT	295.0	5045.5	-0.109
TTTCTG	1018.0	16792.1	-0.108
TCCTTC	320.0	5398.2	-0.108
TCACGC	37.0	693.4	-0.107
CAATAT	412.0	6900.1	-0.107
GAGCGC	17.0	336.3	-0.107
CGCCTC	52.0	956.5	-0.106
GGTTAC	98.0	2172.6	-0.106
ATACGT	76.0	1370.9	-0.105
GCTATG	153.0	2653.8	-0.105
AGGAAT	376.0	6569.5	-0.105
TCTCAA	355.0	5978.4	-0.104
CATTAG	232.0	3973.7	-0.103
CTTGCG	19.0	374.6	-0.103
AATATG	557.0	9274.0	-0.103
AAGTCT	321.0	5537.9	-0.102
GCATCT	191.0	3289.5	-0.102
GGCATC	92.0	1648.8	-0.101
GTTTGA	420.0	7298.7	-0.101
AGGTCT	188.0	3239.8	-0.101
CGCACA	16.0	396.5	-0.100
GTCGCG	4.0	86.9	-0.100
TCATTG	389.0	7111.3	-0.100
GCGCGG	17.0	348.2	-0.099
TTAGCA	329.0	5594.1	-0.099
AATCAA	386.0	6493.8	-0.099
TTCACG	38.0	919.1	-0.099
CTCGAT	25.0	485.3	-0.099
TGAGAT	473.0	7923.7	-0.099
GACGGA	27.0	1044.1	-0.099
GCGCGA	13.0	265.5	-0.099
AATAAG	453.0	7587.2	-0.098
GACTCT	161.0	2798.1	-0.098
ATAAAG	522.0	8715.7	-0.098
TGGTGT	336.0	5798.1	-0.098
GGTTGC	128.0	2251.6	-0.098
TTCGCT	40.0	752.7	-0.097
TGGATC	140.0	2456.8	-0.097
TCCGTC	29.0	557.4	-0.097
TTCAAA	761.0	12597.1	-0.097
TTTGCA	657.0	10900.4	-0.096
AACAAC	240.0	4240.3	-0.096
GGATCA	138.0	2423.8	-0.096
TCAGGT	242.0	4138.4	-0.096
TTCTGG	410.0	6886.9	-0.096
GCCACT	150.0	2958.0	-0.095
GTCCAG	118.0	2084.1	-0.094
GCCTCC	161.0	4208.9	-0.093
GATATA	355.0	5997.8	-0.093
TATCTA	337.0	5701.2	-0.093
CATTAT	533.0	8901.7	-0.092
AAGAAC	286.0	4871.2	-0.090
ATATCT	482.0	8082.2	-0.090
TGGGCA	200.0	3613.4	-0.090
GAATAT	511.0	8551.6	-0.090
TACTAT	356.0	6316.3	-0.090
ATGTGC	282.0	4804.9	-0.090
CTCAAT	219.0	3769.9	-0.089
ATGTTC	281.0	5500.0	-0.089
AGATAC	220.0	3787.2	-0.089
GGTTTC	278.0	4753.9	-0.089
CTCGAG	20.0	399.3	-0.088
AGCTAT	248.0	4257.9	-0.086
ATTAGA	406.0	6852.3	-0.086
CGACTT	25.0	492.9	-0.085
CAAATT	589.0	10103.0	-0.085
TTTAGG	465.0	8045.1	-0.085
GACCTT	176.0	3072.1	-0.084
TTTCTA	970.0	16713.4	-0.084
ATGGTA	313.0	5439.2	-0.084
GGCTCG	15.0	309.3	-0.083
TTCCAC	234.0	4039.0	-0.082
GGGTAT	143.0	2652.8	-0.082
TTCACA	388.0	6561.1	-0.082
CAAAAA	801.0	13275.3	-0.082
CCTATG	150.0	2722.8	-0.081
CTCCAG	216.0	3730.0	-0.081
ATCATT	548.0	9177.3	-0.081
GCTCTT	270.0	4628.9	-0.081
CATTTC	598.0	9993.0	-0.081
TCAGCC	197.0	3421.0	-0.081
ATCTTG	347.0	6048.9	-0.080
ATCCTT	349.0	5935.2	-0.079
CCTCGC	18.0	372.0	-0.079
CGGGCG	19.0	385.2	-0.079
AGTTTG	512.0	9036.1	-0.079
AACTCT	278.0	4801.5	-0.078
GAAAGA	462.0	8120.4	-0.078
TGTGCA	330.0	5891.0	-0.076
GATATG	242.0	4170.9	-0.076
AGACAT	317.0	5402.1	-0.075
TTGATA	521.0	8743.3	-0.075
CCATTA	259.0	4449.5	-0.075
GAGAAA	556.0	9322.5	-0.074
GATATC	147.0	2661.6	-0.074
CTTCGA	24.0	481.9	-0.073
GCGTGA	57.0	1089.9	-0.073
TTATCA	475.0	8199.2	-0.073
AAACAA	776.0	12911.0	-0.072
GCCTCA	170.0	3408.5	-0.072
GCGTCC	13.0	276.5	-0.072
TTCATG	462.0	7786.8	-0.072
TTAAAT	1350.0	22316.9	-0.072
GGTCTA	100.0	1929.0	-0.072
TATTAA	797.0	14322.0	-0.071
TTTGCC	411.0	6955.9	-0.071
TTTCCG	50.0	948.9	-0.070
AGTATC	163.0	3120.7	-0.070
CATTTA	833.0	14730.7	-0.069
ATTCTA	461.0	7796.1	-0.068
TTACAA	495.0	8351.0	-0.068
CTAGGT	163.0	2873.8	-0.068
TAATAT	878.0	14572.9	-0.067
GAACTT	301.0	5245.6	-0.067
TAGATC	153.0	2702.3	-0.067
ATTAAA	1004.0	16616.7	-0.067
ATGTAT	738.0	12315.7	-0.066
GATCCT	128.0	2471.4	-0.065
TCATAG	243.0	4208.2	-0.065
TCCAGC	186.0	3258.6	-0.065
GGGCAT	128.0	2292.7	-0.065
AAAATT	1568.0	25759.4	-0.064
CGGCCT	47.0	901.3	-0.063
TACATT	740.0	12346.8	-0.063
CTGGAC	106.0	2044.1	-0.063
TTGTCG	34.0	670.4	-0.062
CATCAA	223.0	3884.7	-0.062
GGGACT	127.0	2279.3	-0.062
CGGGAT	20.0	414.5	-0.062
TCAATG	244.0	4243.4	-0.061
GTTCAA	271.0	4825.9	-0.061
GATCTC	155.0	2746.9	-0.061
TCTAGC	124.0	2229.0	-0.060
TCCCTA	159.0	2817.0	-0.060
GAATTT	856.0	14259.5	-0.060
TCTGGG	219.0	3916.4	-0.059
GCGATT	39.0	763.9	-0.059
CTCTGC	204.0	3579.8	-0.059
ATCCAG	190.0	3339.0	-0.059
TCAGTT	494.0	8614.1	-0.059
TAAAGA	562.0	9459.9	-0.058
AAGAAG	404.0	7221.7	-0.058
TCTCTC	316.0	5442.4	-0.058
ACACAT	367.0	6269.7	-0.057
AGAAGA	444.0	7730.9	-0.057
CGTTTC	55.0	1050.2	-0.057
AAAATC	571.0	9749.7	-0.056
TGGCTT	375.0	6414.7	-0.056
GGCGTG	52.0	1218.9	-0.055
GTCCAT	141.0	2534.4	-0.054
ACGATT	45.0	901.2	-0.054
ATCATA	332.0	5715.9	-0.054
GCCGGG	39.0	768.9	-0.054
GGATCC	69.0	1300.9	-0.053
TTACAC	225.0	3939.0	-0.053
ATATGC	272.0	4722.0	-0.053
ACTTTA	588.0	10617.9	-0.053
GAGGTT	232.0	4061.4	-0.052
GCTCTC	97.0	1791.4	-0.052
GTACGT	29.0	589.4	-0.052
ATGGGT	190.0	3352.3	-0.052
CGCGAT	8.0	259.5	-0.051
TTCCTC	346.0	5952.7	-0.051
CACAGA	256.0	4537.9	-0.051
CACATA	310.0	5355.5	-0.051
TAGTAT	414.0	7066.5	-0.050
ATTGTC	250.0	4363.4	-0.050
CGAGAC	31.0	628.7	-0.049
GGTTCT	168.0	3425.6	-0.049
ATATCC	215.0	3774.5	-0.049
TCTTGG	322.0	5554.0	-0.049
TCAAGA	274.0	4767.9	-0.049
CGGGTC	12.0	270.3	-0.049
AGGTTC	147.0	2649.7	-0.048
TCCTGA	319.0	5505.7	-0.048
ACAGGT	224.0	3961.9	-0.047
CATGGG	127.0	2510.5	-0.047
CGTCTC	39.0	775.6	-0.047
GCCTAG	106.0	1940.2	-0.046
CAGGTG	178.0	3873.4	-0.046
ATTGCG	22.0	501.4	-0.046
CGGCTG	25.0	536.5	-0.046
CTCTTC	271.0	4724.6	-0.045
TTCTCA	472.0	8047.7	-0.045
TCTAGT	267.0	4655.6	-0.045
ATGTCC	177.0	3159.5	-0.045
AGGTTG	224.0	4356.3	-0.044
GTCTTG	251.0	4726.2	-0.044
AAGAAT	594.0	10041.4	-0.044
TCTCGG	51.0	995.4	-0.043
GCGCTT	13.0	384.8	-0.043
GCGATC	25.0	579.2	-0.043
TGCTCT	288.0	5217.0	-0.043
TTTCAC	468.0	8844.7	-0.042
GGATCT	125.0	2280.2	-0.042
ATTACG	26.0	741.3	-0.042
ACAGAG	274.0	5678.6	-0.042
GATCTT	294.0	5121.6	-0.042
CATCTT	415.0	7115.6	-0.041
TCATAT	495.0	8441.3	-0.041
GTGTGG	208.0	3705.4	-0.041
GTATCT	268.0	4686.0	-0.041
TGTCAT	395.0	7009.8	-0.041
TGTCTA	274.0	4791.4	-0.041
ATATTA	739.0	14002.6	-0.040
TCCTTA	318.0	5512.9	-0.040
TATAGT	430.0	7371.3	-0.040
ATTCTC	354.0	6113.9	-0.039
CTCCTG	273.0	5481.8	-0.039
TGGGAT	329.0	6204.7	-0.039
TGGAGT	299.0	6707.1	-0.039
CTTGGG	183.0	3423.1	-0.038
TCGCTG	26.0	547.4	-0.038
TGTTGA	509.0	9049.7	-0.038
ACAATT	478.0	8167.2	-0.038
ATTCAA	438.0	7513.6	-0.038
TGCTCA	201.0	3580.2	-0.037
GGGCAC	67.0	1290.4	-0.037
CTCTTT	688.0	11622.6	-0.037
GGGATT	267.0	5498.5	-0.036
GGCGCA	23.0	493.7	-0.036
CTCCTT	286.0	5018.6	-0.036
CCGGGA	27.0	568.1	-0.036
TTCCGC	11.0	418.6	-0.035
CCTCGG	40.0	809.6	-0.035
CTCTTG	266.0	4670.2	-0.035
ATATTC	486.0	8309.6	-0.034
TTGCTA	353.0	6116.2	-0.034
TCCAGT	250.0	4466.3	-0.034
CATTCT	449.0	7702.9	-0.034
TGGATA	318.0	5816.0	-0.034
CTGCCT	302.0	5274.6	-0.033
TCTAAA	467.0	8009.5	-0.033
GTGAGA	257.0	4538.9	-0.033
AGTTCA	291.0	5358.2	-0.033
CATGTG	345.0	5999.8	-0.032
TTTGAA	1108.0	18500.1	-0.032
CGGGGT	32.0	667.0	-0.032
ATTCTT	764.0	13406.0	-0.032
CGAGAT	21.0	637.1	-0.032
GGAATT	385.0	6657.9	-0.032
CAATTG	211.0	3754.4	-0.032
AACAAT	430.0	7738.8	-0.032
ACTTCT	358.0	6402.2	-0.031
TCACAT	332.0	5793.4	-0.031
ACGGAG	49.0	1121.3	-0.031
ACTTTT	1201.0	20021.9	-0.031
TATAAT	788.0	13798.8	-0.031
AAAGAG	429.0	7396.0	-0.030
TTCATA	573.0	9763.1	-0.030
ACTCTA	168.0	3216.7	-0.030
GTTTCA	402.0	8209.5	-0.030
TGTCCA	196.0	3516.9	-0.030
CATGAG	215.0	3831.7	-0.030
TTTAGC	354.0	6346.9	-0.030
GCTAGT	109.0	2030.0	-0.030
AATAAT	993.0	16891.9	-0.029
TGCTAT	344.0	5996.9	-0.029
TCCTAG	170.0	3084.9	-0.028
TTGAGT	438.0	7552.3	-0.028
CGCGCC	21.0	482.4	-0.028
TTGCTG	413.0	7142.9	-0.028
ACTTTG	516.0	8851.5	-0.027
TATGTA	637.0	11253.7	-0.027
TCCTGC	200.0	3596.5	-0.027
GTTCAT	298.0	5919.7	-0.027
CGAGAG	20.0	448.9	-0.027
ATTATA	751.0	13584.9	-0.026
TTTAAA	2250.0	40021.1	-0.026
AGCGAC	11.0	273.7	-0.026
AAATAT	1414.0	23550.2	-0.025
GATTGC	162.0	2955.4	-0.025
ATCTCG	53.0	1063.8	-0.025
TGCATT	531.0	9103.1	-0.025
TTAGTA	438.0	7569.6	-0.025
TGGCAT	265.0	4862.7	-0.024
GCTATA	191.0	3462.1	-0.024
TCTGGA	284.0	5014.5	-0.024
GGACTT	187.0	3381.8	-0.024
ATACAT	609.0	10411.8	-0.024
ATCTAG	169.0	3084.9	-0.024
TCCAAC	122.0	2307.4	-0.024
ATTGCC	183.0	3316.3	-0.023
CCGGAG	21.0	475.5	-0.022
GCCATT	283.0	5010.5	-0.022
GAGCTC	95.0	1827.8	-0.021
TTTTCC	1031.0	17625.3	-0.020
GCCTAT	114.0	2543.5	-0.020
GACACG	17.0	400.2	-0.019
GGTTCA	185.0	3368.3	-0.019
AGTATT	595.0	10209.3	-0.019
CGGGCT	22.0	500.6	-0.019
TCTATG	254.0	4553.0	-0.018
GTGCAT	202.0	3672.4	-0.018
TTATAA	900.0	15236.7	-0.018
CCGGGC	31.0	674.7	-0.018
ATATGA	437.0	7712.1	-0.018
TCACTC	187.0	3688.5	-0.018
AGAGTC	154.0	2846.5	-0.018
TCCTCC	191.0	3481.1	-0.018
TACGTA	45.0	1159.9	-0.017
TTCACT	416.0	7595.6	-0.017
GCTCTG	219.0	3961.8	-0.017
TTCCAA	426.0	7430.5	-0.017
CATCTA	208.0	3787.4	-0.017
ATTGCT	417.0	7289.1	-0.016
TCTAGG	182.0	3348.7	-0.016
TCGGCC	30.0	682.8	-0.016
AGTTCT	406.0	7113.9	-0.016
AGCTTT	527.0	9122.8	-0.016
GGTCTT	229.0	4145.1	-0.016
GGTCAC	75.0	1488.7	-0.016
ACACGG	23.0	528.0	-0.015
AGACAG	281.0	5606.1	-0.015
TCCTAT	242.0	4360.8	-0.015
TATTAG	402.0	7047.3	-0.015
AGCAAT	285.0	5301.7	-0.015
TCTCAT	371.0	6530.4	-0.015
TCACTT	409.0	7261.7	-0.015
ACACAG	239.0	4311.2	-0.015
CGTGAG	52.0	1075.3	-0.015
CCAGGT	159.0	3089.4	-0.014
AATATT	1276.0	22664.5	-0.014
TCCGTT	45.0	949.7	-0.014
GAAAAA	956.0	16409.8	-0.014
ACATGT	416.0	7368.0	-0.014
TAGAAA	691.0	11850.1	-0.013
GCCACC	143.0	2694.0	-0.013
GTCTTT	570.0	10779.9	-0.013
TTCCCA	338.0	5994.8	-0.013
GTTCTC	188.0	3458.7	-0.013
ACATAT	573.0	9910.6	-0.013
GGAATC	132.0	2506.7	-0.012
TAGTTC	232.0	4224.9	-0.012
TCAATA	339.0	6020.5	-0.012
AATTTC	715.0	12285.1	-0.012
GGCCTC	124.0	2368.7	-0.012
ATATAA	808.0	13804.0	-0.012
AAAAAT	1716.0	29438.5	-0.011
CTGGAT	213.0	4472.1	-0.011
GTCTGT	280.0	5034.1	-0.011
TCTTTG	711.0	12358.0	-0.011
CTGGGC	168.0	3137.4	-0.011
TTTGGA	651.0	11230.5	-0.011
TATCAA	329.0	5873.8	-0.011
TGAGTT	439.0	8464.3	-0.011
TTAGGT	310.0	5915.8	-0.011
CACGGC	15.0	382.9	-0.010
CTTGAG	241.0	4390.2	-0.010
CTTTGA	495.0	8667.9	-0.010
CCTGGA	197.0	3648.0	-0.009
CCTTTG	373.0	6630.8	-0.009
ATAAAA	1217.0	20590.2	-0.009
TACATA	548.0	9562.1	-0.009
GCTCGG	13.0	344.6	-0.009
CACATT	412.0	7514.7	-0.009
CTTTCT	734.0	14003.2	-0.008
GGGTCC	47.0	1158.1	-0.008
CCCGGC	51.0	1085.5	-0.008
ATAAGA	364.0	6504.7	-0.008
CGCTCT	42.0	920.4	-0.008
TCCATG	239.0	4379.0	-0.008
AGAAAG	494.0	9081.3	-0.008
TGTATA	612.0	11525.6	-0.007
TAGAGA	324.0	6259.8	-0.007
TGAGCC	210.0	3952.6	-0.007
CGCTTT	39.0	866.6	-0.007
AAGAAA	1060.0	18490.9	-0.007
TTCAAT	482.0	8492.8	-0.007
TTGCCC	217.0	4206.8	-0.007
GGGCGC	20.0	503.5	-0.007
TGCATC	167.0	3162.5	-0.007
GCCAGG	158.0	3048.8	-0.006
CTTTAA	673.0	12729.0	-0.006
GGCATT	232.0	4289.3	-0.006
TCGCGA	1.0	81.1	-0.006
TATTCC	321.0	5794.7	-0.006
ATTACA	486.0	9438.0	-0.006
GTTCAC	135.0	2614.3	-0.006
ATGTGT	584.0	10208.1	-0.006
GGGCTC	79.0	1621.8	-0.006
GGCTAG	84.0	1714.8	-0.006
AAATTT	1621.0	27785.2	-0.006
AAAGAA	917.0	16715.1	-0.006
CAAGAG	170.0	3230.5	-0.006
AGACGG	45.0	1456.7	-0.005
GCTCAC	151.0	3217.3	-0.005
TTGCGA	16.0	552.0	-0.005
TTGAGA	547.0	11214.4	-0.005
TTGATC	235.0	4358.6	-0.005
TTCTCC	389.0	6966.5	-0.005
CTTATA	340.0	6233.4	-0.005
AGATTC	226.0	4284.2	-0.005
CCACGC	26.0	686.6	-0.005
TATCCA	244.0	4509.5	-0.005
TGTTGC	296.0	6030.7	-0.005
ATCCAT	275.0	5049.5	-0.005
AGAGAT	341.0	6241.3	-0.005
TCATTA	468.0	8309.4	-0.005
AAAAAC	678.0	11873.8	-0.005
CTATTC	225.0	4194.7	-0.005
TTAGAA	610.0	10699.1	-0.004
GCAATT	260.0	4791.8	-0.004
TTACAT	687.0	11981.0	-0.004
CAGGAG	169.0	3941.4	-0.004
TTCTGC	334.0	6140.8	-0.004
TATCAT	400.0	7174.0	-0.004
CCTGGG	217.0	4059.9	-0.004
TATACA	506.0	8966.4	-0.004
TCTCTT	604.0	10599.3	-0.004
TCCAAT	219.0	4098.2	-0.004
CTAGTT	269.0	4962.5	-0.004
GTGCGC	13.0	392.4	-0.004
TATAAA	951.0	16374.7	-0.004
CATTGT	440.0	7858.3	-0.004
TTTCCT	981.0	16878.2	-0.004
TGCCTA	201.0	3804.7	-0.004
CCCATT	276.0	5204.5	-0.004
ATTTGC	446.0	8305.6	-0.003
TCGCGC	2.0	148.8	-0.003
CCCAGG	201.0	5420.6	-0.003
GAGAGA	323.0	5902.6	-0.003
GCACTT	211.0	3978.8	-0.003
TATGTC	253.0	4717.6	-0.003
CCTAGG	118.0	2362.1	-0.003
TTCTAG	385.0	6960.4	-0.003
ATAATA	763.0	13297.3	-0.003
AATTAC	389.0	7037.6	-0.003
AGCCTC	169.0	3496.4	-0.003
CTCTCT	308.0	5662.0	-0.003
CTCCCG	31.0	1097.0	-0.003
CCCAGC	198.0	3772.3	-0.003
CCATCT	222.0	4246.7	-0.003
TATATC	331.0	6067.7	-0.003
TGCGAT	23.0	638.2	-0.003
CTGGGT	217.0	4160.5	-0.003
TCTGTC	306.0	5641.4	-0.002
TTCTTG	557.0	10497.5	-0.002
CGGAGT	34.0	1083.9	-0.002
CTATCA	168.0	3262.1	-0.002
TAATAA	771.0	13466.0	-0.002
CATTTG	603.0	10663.9	-0.002
TGCTGG	235.0	4919.9	-0.002
GTCCTT	206.0	4113.3	-0.002
GCGACT	7.0	245.5	-0.002
TAGGTT	318.0	6118.5	-0.002
GCTTTC	252.0	4739.2	-0.002
AGAGAC	184.0	3977.8	-0.002
CTATGT	289.0	5375.3	-0.002
TTAGAT	435.0	7870.8	-0.002
TCCCGG	31.0	765.5	-0.002
CTTGCT	306.0	5667.9	-0.002
ATAGTT	496.0	9138.6	-0.002
GCTGGA	184.0	5070.1	-0.002
CTATAA	322.0	5942.7	-0.002
CATATG	327.0	6033.2	-0.002
CTATTA	332.0	6125.7	-0.002
CAATCT	209.0	4008.6	-0.002
AAAAAA	2776.0	47703.0	-0.002
TAGTCT	224.0	4314.3	-0.002
GATATT	506.0	9195.7	-0.002
TGGCTA	221.0	4215.0	-0.002
TGTGTG	809.0	16022.8	-0.002
TTTGAG	730.0	14146.1	-0.002
GGTATT	291.0	5433.7	-0.001
TTATAG	460.0	8324.7	-0.001
GGGATC	66.0	1455.1	-0.001
GAGACT	173.0	3589.5	-0.001
TCTCAC	213.0	4080.4	-0.001
GGAGTT	237.0	4498.8	-0.001
TATGTG	482.0	8699.7	-0.001
GGCTAT	132.0	2663.0	-0.001
TCTCTG	350.0	6444.3	-0.001
TCCCAT	235.0	4483.3	-0.001
TGTCGC	29.0	811.5	-0.001
TCTCCT	323.0	5997.4	-0.001
TCCTGG	236.0	4493.7	-0.001
CTCGCG	2.0	108.4	-0.001
TCAAAA	601.0	11086.7	-0.001
CCTATT	256.0	4861.6	-0.001
TCTTGA	400.0	7326.7	-0.001
TTGCCT	346.0	6412.7	-0.001
ATCTTT	813.0	14696.7	-0.001
TCTATC	176.0	3466.0	-0.001
CGGCTC	24.0	858.5	-0.001
GGATTC	134.0	2719.0	-0.001
TCTTCT	532.0	10867.5	-0.001
GTGTCT	271.0	5126.7	-0.001
AGACAC	147.0	2962.0	-0.001
CTTTGG	405.0	7433.9	-0.001
GGAGAC	112.0	2320.8	-0.001
TCGCTC	35.0	874.5	-0.001
AAAAGA	825.0	14795.8	-0.001
CTATAT	338.0	6288.9	-0.001
TTAAAA	1843.0	32992.3	-0.001
CATATA	479.0	8706.5	-0.001
TCCATC	164.0	3269.6	-0.001
ATATAC	397.0	7468.8	-0.001
GATTCT	305.0	5741.3	-0.001
GGTCTC	124.0	2560.1	-0.001
GAGATC	112.0	2440.1	-0.001
CTTTCC	348.0	6502.0	-0.001
AGAGTT	361.0	6959.9	-0.001
CTGGAG	246.0	5496.5	-0.001
AGTCTC	201.0	3955.0	-0.001
GTCTTC	195.0	3987.2	-0.001
AACTTT	760.0	13884.5	-0.001
TTCTTC	639.0	11467.8	-0.000
TGAGAC	255.0	5653.2	-0.000
TGTCTC	261.0	5007.4	-0.000
TGGGTC	105.0	2249.3	-0.000
TCCCAG	252.0	4866.4	-0.000
CACTCT	176.0	3892.7	-0.000
TCAATT	447.0	8246.8	-0.000
CCAATT	245.0	4752.1	-0.000
CAGGCT	222.0	5435.5	-0.000
TTCCTA	350.0	6624.2	-0.000
ACATTT	1102.0	20039.8	-0.000
TTTCCC	483.0	8868.2	-0.000
CCACTT	219.0	4458.3	-0.000
GGTGTG	203.0	4065.6	-0.000
GCCTGG	193.0	3845.4	-0.000
GCCCGG	36.0	932.9	-0.000
CTTCTA	294.0	5669.6	-0.000
CTCTCG	15.0	484.0	-0.000
TAAAAA	1465.0	26646.1	-0.000
ATCTAT	331.0	6280.0	-0.000
GTTGCC	156.0	3481.8	-0.000
GAGACA	224.0	5273.2	-0.000
GCTATT	290.0	5573.6	-0.000
TGTCCT	249.0	4855.4	-0.000
GTGTGT	675.0	13956.3	-0.000
CGCCCA	42.0	1162.7	-0.000
GTCTCT	217.0	4294.0	-0.000
TTTCCA	627.0	12464.7	-0.000
CTATTG	242.0	4741.0	-0.000
TTCTCT	693.0	12503.4	-0.000
ATGTCT	372.0	7025.3	-0.000
ATCAAT	276.0	5603.9	-0.000
TGCCTC	200.0	4108.7	-0.000
AAAAAG	833.0	15180.4	-0.000
TACACG	22.0	664.6	-0.000
GCCCAG	208.0	4208.7	-0.000
AGATAT	399.0	7878.4	-0.000
TCGAGA	21.0	646.0	-0.000
GACTTT	406.0	7682.5	-0.000
GTTTCC	285.0	5569.7	-0.000
TCTATA	324.0	6255.5	-0.000
CTTTAG	322.0	6232.3	-0.000
GGCTCA	172.0	3650.9	-0.000
GGGGTC	57.0	1422.5	-0.000
ATTTCC	476.0	9462.6	-0.000
TCTCTA	289.0	5670.7	-0.000
CCTGGC	153.0	3230.5	-0.000
TATATG	495.0	10134.2	-0.000
ATATAT	1386.0	25356.3	-0.000
AGTCTT	373.0	7154.7	-0.000
GCATTT	571.0	10928.4	-0.000
CTCTGT	397.0	7623.5	-0.000
GCTGGG	222.0	4683.4	-0.000
TTTCTC	768.0	14166.0	-0.000
GGCTGG	210.0	5361.7	-0.000
TGTGTC	274.0	5465.4	-0.000
TTTAGA	661.0	12215.9	-0.000
TATATA	1245.0	23076.8	-0.000
TTGCAT	464.0	8821.1	-0.000
GTATGT	378.0	7333.6	-0.000
TCTTTC	656.0	12777.4	-0.000
CTCGGC	47.0	1263.4	-0.000
TCCATT	448.0	8570.3	-0.000
CTTTCA	460.0	8793.1	-0.000
GGAGTC	110.0	2646.9	-0.000
GAGACG	48.0	1527.5	-0.000
ATATGT	634.0	12157.0	-0.000
GTCTAT	180.0	3853.5	-0.000
AGTTTC	428.0	8281.8	-0.000
GTCTCA	215.0	4491.3	-0.000
CTCTAT	194.0	4115.1	-0.000
ACTTTC	339.0	6729.6	-0.000
TTGCTC	228.0	4761.5	-0.000
GTCTCG	42.0	1204.5	-0.000
GAGTTC	156.0	3448.2	-0.000
CTGGCT	174.0	3803.7	-0.000
CTCGCT	30.0	958.8	-0.000
TCTCGC	28.0	917.9	-0.000
GAGTTT	449.0	9112.5	-0.000
GTATAT	523.0	10105.1	-0.000
TCTTGC	234.0	4982.7	-0.000
CCCGGG	26.0	900.2	-0.000
GGGTCT	107.0	2603.0	-0.000
TCTCGA	21.0	809.4	-0.000
TTCCAT	467.0	9344.8	-0.000
GAGTCT	191.0	4300.2	-0.000
CACTTT	445.0	9296.3	-0.000
CCATTT	616.0	12025.9	-0.000
CAATTT	612.0	12370.9	-0.000
CAGGCG	33.0	1218.3	-0.000
CCAGGC	189.0	5033.0	-0.000
GCGACG	0.0	100.7	1.000
