OligoSequence	Target Occurences	Background Occurences	Enrichment(ln p, up to 2 mismatches)
TTGTTT	47392.0	20187.6	-4881.904
TTTGTT	47495.0	20850.7	-4460.856
TTATTT	52190.0	24486.5	-3762.273
TTTATT	49844.0	24839.7	-2924.918
TGTTTT	42747.0	21104.8	-2783.763
TTTTGT	38402.0	21286.7	-1536.780
TATTTA	20889.0	11013.3	-1260.134
TTTTTT	206287.0	116514.4	-1259.057
TATCGA	1368.0	203.2	-1170.846
GGCTCA	9819.0	4487.1	-1145.140
ATTTAT	22870.0	12486.6	-1144.983
GTTTTG	17196.0	8999.6	-1110.495
GTTTTT	30549.0	17485.9	-1101.198
ATATCG	1435.0	241.5	-1086.543
TTGGTT	9497.0	6464.8	-1085.283
CAGCCT	13349.0	6697.8	-1069.790
CTCACT	13001.0	6587.0	-1004.547
TTTTAT	34743.0	20593.5	-969.330
ACTGCA	10425.0	5118.5	-935.253
TGCAGT	11302.0	5732.4	-882.709
GCTCAC	9207.0	4497.1	-851.774
TCGTTT	1786.0	1128.4	-841.421
GCCTCA	8998.0	4408.4	-824.957
TGTTTG	15693.0	8613.4	-817.327
GCAGTG	10031.0	5055.3	-814.548
GTTTGT	14265.0	7718.4	-808.727
ATCGAA	1088.0	189.8	-799.149
TCAAGC	6202.0	2784.4	-793.674
TTAGTT	6748.0	5286.6	-793.643
CCCAGG	12411.0	6584.8	-786.882
CTCAGC	11263.0	5873.2	-780.718
AGCCTC	10144.0	5191.6	-771.031
AGGCTC	2250.0	1524.9	-767.048
TTCGTT	1738.0	1069.7	-754.018
TCAGCC	9340.0	4758.5	-729.482
CACTGC	10035.0	5194.4	-727.520
GTTGTT	8493.0	6074.6	-710.838
TGCCTC	10825.0	5726.1	-705.697
TCACTG	11121.0	5936.6	-693.315
CCGCCT	3166.0	1878.3	-693.164
GAGTGC	8285.0	4161.8	-692.856
AGTGCA	9278.0	4779.2	-691.872
CCTCAG	10266.0	5432.6	-672.115
CAGTGG	9499.0	4950.4	-671.274
CTCCTG	13986.0	7903.0	-633.579
TGGTTT	11181.0	7646.9	-620.984
CCTCCG	2214.0	1239.2	-618.127
GGTTCA	7301.0	3667.0	-616.253
GGAGTG	8953.0	4711.8	-609.045
GTGCAG	8836.0	4678.9	-585.255
GCTCAG	2796.0	2024.2	-583.706
CTCACG	783.0	530.8	-572.578
TTTGGT	10110.0	7001.3	-568.310
TTGATT	9406.0	7441.3	-568.001
TATTTT	40465.0	26119.2	-547.536
CCCGGG	2524.0	1448.3	-541.048
CCTGGG	7292.0	3783.2	-536.686
GCCTCC	12937.0	7484.0	-516.373
TCAACC	1847.0	1156.1	-489.444
GTTATT	6815.0	5121.0	-489.053
AGGCTG	12243.0	7099.4	-485.221
CGCCTC	2898.0	1691.4	-477.258
AACCTC	6719.0	3520.0	-476.685
ACCTCC	6979.0	3685.5	-476.547
GGCTCG	572.0	447.8	-472.744
CAACCT	6729.0	3543.5	-466.829
GTTTAT	8427.0	5568.1	-465.750
TGGAGT	11770.0	6833.0	-465.683
CCTCCC	13769.0	8169.5	-465.140
CTCGGC	3330.0	2095.3	-464.471
CCTCGG	1070.0	1074.8	-461.326
AGTGGC	6387.0	3338.2	-459.097
CTGCCT	11750.0	6839.9	-457.399
CTGGAG	10019.0	5692.8	-457.085
CGTTTT	2280.0	1594.6	-450.641
TGTTGT	9248.0	6355.1	-449.931
TGAGAC	7897.0	4337.9	-441.535
TGTTAT	6710.0	4908.8	-441.397
TTATGT	7134.0	5469.5	-440.934
CGCAGC	523.0	382.6	-432.889
TTTAGT	7825.0	7141.7	-424.266
GGCGCA	928.0	511.9	-423.376
TGTGTT	9236.0	6882.6	-422.958
GCAGTC	2193.0	1216.2	-413.579
GACTCA	1791.0	1344.3	-413.501
TCACGC	1304.0	744.2	-412.546
GCAACC	5211.0	2679.6	-407.720
GCGGTG	892.0	588.8	-407.389
AGCGCA	382.0	252.0	-400.790
GGGTCA	1282.0	1211.2	-395.093
TCCTGC	7980.0	4485.6	-394.557
GCAGCC	3655.0	1871.9	-393.551
TTTTTG	36860.0	24441.2	-393.105
GCAGCG	647.0	432.8	-390.321
AGGCGG	1055.0	653.8	-389.707
CAAGCA	4198.0	2076.6	-389.490
TTGTTC	6398.0	4937.0	-388.976
CGGCCT	1099.0	1209.7	-387.821
GCTCAA	3738.0	1801.7	-384.982
CAGTGC	2283.0	1769.1	-380.595
CGAGGC	721.0	421.8	-379.697
CCAGGC	10757.0	6369.6	-379.008
TGCAAC	5762.0	3075.7	-378.950
TGATTT	12445.0	9563.5	-376.315
TGTTTA	9707.0	6756.9	-374.388
TTGTGT	7838.0	6411.7	-373.166
CCGAGG	870.0	514.7	-370.615
GCTGGA	9558.0	5589.0	-369.133
TGCCGC	491.0	383.7	-369.042
CTTGTT	7432.0	5615.5	-369.004
CGCAGT	595.0	375.0	-368.347
GTCGCA	197.0	132.4	-364.416
GCACTG	1871.0	1593.2	-359.172
CCGGAG	591.0	437.9	-354.458
GGGGGG	1899.0	940.8	-348.723
CAGCGT	626.0	449.6	-347.183
GTTTGG	4371.0	3106.2	-345.293
GCCTCG	1149.0	872.6	-344.443
CCTGCC	8006.0	4611.6	-344.108
CCAGCC	3889.0	2838.3	-342.209
GGCTGG	10553.0	6335.0	-340.456
GAGCCT	1977.0	1585.4	-339.101
TTTGAT	9169.0	7170.4	-336.795
TTGTTG	10316.0	7890.7	-335.374
GTGGCG	2531.0	1199.7	-334.359
GTAGTG	2431.0	1583.0	-334.107
TAGTTT	8840.0	7857.3	-332.622
AGTCGC	289.0	193.5	-329.248
GTTCAA	6667.0	3759.3	-328.137
CCCCAG	2871.0	2216.9	-324.196
CCTCAC	2191.0	1803.8	-322.210
TATGTT	7661.0	5996.1	-321.741
TTGTTA	7405.0	5579.4	-320.907
CAGGCT	11146.0	6799.5	-318.922
GGTTTG	4819.0	3425.3	-318.867
TTTCGT	1725.0	1180.6	-316.685
CCGCAG	580.0	435.2	-315.332
CAGACT	2489.0	1844.8	-315.127
GTGGTG	5962.0	3325.1	-314.070
TTAATT	13170.0	9617.4	-313.404
CTCCCG	3955.0	2287.6	-313.264
TGTATT	9008.0	8299.7	-312.946
CTCGAG	503.0	459.9	-312.050
GAGTGG	1813.0	1474.1	-310.075
TTACTT	8735.0	5938.9	-305.877
AGCGAT	2440.0	1119.5	-302.969
GTCTCA	6563.0	3745.4	-302.200
TCCGCC	2651.0	1584.2	-301.136
CTCCCA	10131.0	6165.4	-297.905
CTGTTT	11052.0	8285.2	-297.136
GTGTTT	9043.0	6750.1	-295.723
CTCACC	2610.0	1950.1	-292.252
CTTTTT	33612.0	22750.0	-291.817
TTGCTT	10977.0	7649.7	-291.117
AGCGTC	381.0	268.9	-289.929
CGGTGG	929.0	586.6	-285.869
GGCGGG	1336.0	1027.1	-284.030
CGCTCA	448.0	351.6	-283.731
GCCGCA	395.0	304.1	-283.719
TTCAAG	8372.0	5007.3	-282.643
GCGATC	1943.0	965.9	-280.415
TTATTG	7486.0	6466.2	-277.599
GCTCGA	324.0	245.8	-276.971
CTCCGG	642.0	469.9	-276.874
CTGCAA	7228.0	4248.3	-276.866
CTCAGG	3645.0	2759.9	-276.411
TTGTAT	7872.0	7678.4	-274.851
TCGCAC	323.0	194.9	-273.987
CGCACT	330.0	220.8	-273.763
TCACGG	556.0	384.3	-273.524
GGGTTC	5011.0	2782.2	-273.220
GGTTTT	11428.0	8080.4	-271.293
TCAGGC	2432.0	1893.6	-269.000
TGCAGC	4278.0	2319.9	-265.080
GGGTGG	2806.0	1857.2	-264.951
CACAGC	2181.0	1761.8	-263.004
CTGCAG	5520.0	3327.0	-262.982
GTGGCA	4465.0	2449.6	-260.451
GTTTTA	11505.0	7533.3	-259.774
TCTGTT	12505.0	8957.8	-258.856
ACCTCA	4205.0	2828.0	-258.243
TCCCAG	7134.0	4232.4	-257.794
TTTGCT	11316.0	8460.2	-255.557
ACCGCA	662.0	394.7	-251.151
CTCAGT	3660.0	2896.6	-250.692
TCGCGC	218.0	143.5	-250.435
CCAGGG	2071.0	1625.3	-249.275
CGGAGT	2114.0	1141.9	-248.598
CAGTCG	387.0	222.5	-248.040
CTCAAG	4779.0	2680.2	-247.595
CCCAGC	4495.0	3572.3	-247.145
TCGAGC	327.0	284.3	-245.707
GTGGAG	2487.0	1905.1	-245.327
ATCCTC	4462.0	2483.8	-241.897
CCTAGG	2230.0	1685.7	-241.081
CGGGAG	1067.0	608.0	-240.934
CAAGCT	3057.0	1988.8	-239.928
TGGCGC	1815.0	967.9	-239.907
GGGTCT	4192.0	2311.4	-239.073
AGGGTC	3160.0	1652.7	-235.018
ACGGCA	318.0	273.1	-234.922
TTATCT	6956.0	5420.8	-233.503
AAGCGA	2378.0	1166.5	-232.558
GCAAGC	1878.0	1165.1	-230.021
GCGCAA	631.0	321.8	-228.891
ATTCTC	9033.0	5619.3	-227.841
TCTTTT	33883.0	23382.3	-227.400
AGACTC	2036.0	1436.4	-226.476
GCGCAG	615.0	450.6	-225.878
ATCTCG	3002.0	1569.0	-225.098
CGATTC	2042.0	972.4	-224.443
CAGTCT	4484.0	3070.2	-223.391
CTGCCG	627.0	530.9	-223.079
CCCCGG	704.0	596.9	-222.821
TTATTC	6491.0	5529.8	-221.273
CACCTC	5152.0	2987.7	-220.002
CTCAAC	1983.0	1287.1	-219.115
TTTCTT	39448.0	27479.3	-218.670
TGGCTC	5566.0	3387.5	-218.665
CCCACG	494.0	422.2	-217.853
CACCGC	913.0	734.3	-216.591
CCACCT	5977.0	3552.6	-215.911
GATCCT	3465.0	1884.6	-213.716
TCGTGC	629.0	336.8	-213.306
GCCGGA	427.0	299.6	-212.540
CTTATT	7448.0	5507.9	-211.648
TGTTTC	9629.0	6557.0	-211.262
GGGGTG	2234.0	1495.7	-210.666
CGAGTG	427.0	307.3	-208.941
CTGGGC	4998.0	2909.8	-208.784
GCGGGA	591.0	461.1	-206.221
AGCCTG	4058.0	2516.7	-204.855
CGCAGG	456.0	425.7	-203.463
TATTTG	10262.0	7065.4	-203.437
AGCTCA	4867.0	2834.0	-203.424
ACCCTC	1590.0	1310.8	-202.984
TCGGCC	895.0	869.4	-202.635
TCCCGC	751.0	591.5	-202.093
CAAGCG	2261.0	1138.8	-200.543
GTGCAA	3164.0	2211.4	-200.515
TTTACT	9171.0	6316.2	-199.387
CTCTGT	11528.0	7471.6	-198.948
CTCCAG	3806.0	3024.2	-197.952
TTTTCT	36817.0	25744.0	-197.842
GTTTCG	960.0	707.7	-196.963
GGCGGA	794.0	478.7	-196.081
CACCCT	2092.0	1722.3	-195.693
TTTATG	8101.0	6423.6	-195.143
CCTCCT	9299.0	5914.7	-194.593
CTCCGC	2551.0	1422.9	-194.303
CCGGGG	654.0	529.1	-193.491
GGGAGG	4671.0	2724.6	-193.022
GGTCAC	1167.0	986.5	-192.431
TACTTA	3630.0	2764.1	-191.958
GTAACC	1243.0	820.5	-191.516
AGGCCG	890.0	567.2	-191.278
GGCCCA	1538.0	1177.5	-191.021
GCCACC	2972.0	3177.1	-190.850
CAGCCG	567.0	408.7	-190.695
GGTTCG	404.0	208.6	-190.635
TCACCC	4323.0	2709.1	-188.501
TGCTTT	11992.0	8538.8	-187.972
AGACCG	365.0	238.7	-187.307
TCCCGG	2274.0	1307.2	-187.010
CATCCT	3370.0	2618.3	-186.284
TATTGT	6443.0	5087.8	-186.278
GGAGGG	2582.0	1870.2	-186.223
CGGAGG	671.0	482.7	-185.965
GCAATC	2739.0	1561.2	-185.753
CGAGAC	894.0	394.6	-185.523
TCCAGC	3179.0	2413.1	-183.919
GTATTT	9233.0	8997.1	-183.611
TCGAGT	504.0	353.9	-183.005
GTTCGT	542.0	377.3	-182.835
AGTGCG	529.0	302.8	-181.776
GCGATT	2109.0	1071.6	-180.705
TCTCGG	3083.0	1698.1	-179.198
CTAGGC	1844.0	1157.9	-177.585
TAGTGC	1639.0	1251.3	-175.873
TGTCGC	2139.0	1233.1	-175.335
TTTGTG	9090.0	7540.5	-174.443
GGTGCA	2587.0	1827.2	-173.863
GTCACC	3934.0	2273.7	-173.768
CTCACA	2315.0	1959.2	-171.773
AGCCTA	1614.0	1249.0	-171.203
CGCAAG	300.0	165.8	-170.952
GCCGCC	997.0	690.5	-170.879
TCTCGC	2428.0	1289.4	-170.551
TGTTCT	7631.0	5814.0	-169.138
TTTAAT	14534.0	10696.1	-168.830
TTATAT	8451.0	7143.4	-168.696
ATTGTT	8064.0	6027.9	-168.616
TTTTTA	34412.0	24242.6	-167.909
TCGGCT	2901.0	1601.4	-167.846
CACGCT	465.0	385.8	-167.738
GATATC	2493.0	1336.7	-167.519
CCCAAG	3634.0	2160.6	-167.505
GGCGTG	2093.0	1441.9	-167.232
TCGAAG	736.0	275.8	-166.526
CTTTGT	9994.0	7333.2	-166.186
GATCTC	5023.0	3032.7	-165.735
AGACTG	2723.0	1922.6	-164.932
AGTGGT	5292.0	3218.3	-164.874
AGACAG	6557.0	4098.3	-163.827
TGAGCC	4315.0	3223.9	-163.795
CTTTAT	9836.0	7151.0	-163.660
GAAGTG	2739.0	2214.4	-163.232
CACGGC	509.0	378.2	-162.165
GGCTGA	3203.0	2099.4	-161.286
GGATCA	1924.0	1353.2	-161.023
TTATTA	10203.0	8325.2	-160.009
TCTTGT	7538.0	5870.3	-158.987
CGCGAT	752.0	446.7	-158.562
CGGCTC	2989.0	1709.6	-158.421
AGTCTC	6297.0	3939.0	-156.958
GTTTTC	10501.0	7846.2	-156.703
TCTCAC	5612.0	3463.0	-156.645
AAAAAA	20232.0	13963.5	-155.402
ACCGAG	438.0	314.8	-155.137
GCATCC	1390.0	1277.0	-154.751
TGCCGT	581.0	440.7	-154.355
TGGAGC	1799.0	1514.2	-153.920
ACGCTG	426.0	413.1	-153.745
TGTCAC	5206.0	3191.7	-153.344
CGACTC	398.0	249.4	-153.309
GGCCTC	2961.0	2858.2	-152.668
ACCTCG	701.0	755.3	-151.507
CAGGGT	4025.0	2622.7	-150.991
GAGGCT	3500.0	2179.4	-150.821
TCTGTC	8849.0	5762.7	-150.178
TGCCAC	2646.0	2437.4	-149.681
GCCGTG	590.0	454.9	-149.575
CGGGGT	755.0	890.2	-149.395
GGAGTC	3798.0	2643.1	-148.403
TACTGC	2179.0	1513.6	-148.027
TTGTCT	7406.0	6275.2	-147.967
GTCGCG	158.0	121.0	-147.508
TCACCG	678.0	625.2	-147.437
TCCTGG	6923.0	4411.2	-146.578
ACTGCC	1593.0	1444.3	-145.402
CTCGCT	2525.0	1398.8	-144.228
GCAGTA	1942.0	1433.2	-143.618
CGCAAC	361.0	200.8	-142.410
GGAGGC	3519.0	2066.3	-141.958
TGCGAC	251.0	171.9	-141.332
GCGTCA	341.0	219.9	-140.896
TTCTTT	37575.0	26823.5	-140.823
ATTTGT	11234.0	8413.4	-139.958
TCGGTT	659.0	522.3	-139.667
GGGGCG	730.0	683.2	-139.054
GACGGA	1934.0	1025.0	-138.766
GAGACA	6183.0	3917.7	-138.728
TCCTCC	6544.0	4331.5	-137.952
CGGTTC	458.0	371.9	-137.931
TCAGAC	1767.0	1314.2	-137.815
ACGCGA	88.0	54.5	-137.806
TGGTTC	2932.0	2478.2	-136.300
TTTGTC	7283.0	6734.6	-135.411
GATCAC	2204.0	1204.3	-135.229
CCTGCG	535.0	474.6	-134.810
GGAGCG	597.0	413.0	-133.752
CCTACC	1688.0	1112.6	-133.594
ATCGCG	151.0	92.4	-133.412
CCGGGT	2056.0	1112.0	-133.239
TTTTTC	29499.0	20939.5	-132.911
ATAGCG	265.0	190.6	-132.572
GGTGGA	2379.0	1768.2	-132.347
GACTGC	1405.0	1097.1	-131.957
AGTAGC	5113.0	3191.9	-131.433
AGGGTG	1971.0	1667.6	-131.253
ACGGAG	2010.0	1085.9	-131.163
CGGGTT	2063.0	1122.3	-129.687
GGGCGA	518.0	318.2	-129.633
TGGAGG	2911.0	2308.0	-129.033
GGCACA	2508.0	1720.9	-128.127
GACCGA	294.0	208.9	-127.682
GGCTCC	1446.0	1389.5	-127.604
GAGCGC	414.0	345.7	-127.337
AGTGGA	2193.0	1825.2	-127.130
TCGCTC	2262.0	1258.4	-126.941
GTAGCC	1431.0	978.8	-126.868
GCAGGC	1501.0	1324.4	-126.686
GTCTCG	2630.0	1805.4	-126.668
GGGTGC	1314.0	1072.2	-125.740
GAGGCG	952.0	605.0	-125.355
GGGCGG	995.0	846.3	-123.941
CTAAGC	1231.0	1022.3	-123.803
TTTATC	7568.0	5943.3	-123.607
CCAAGC	1660.0	1312.2	-123.223
GTTGTG	2939.0	2271.6	-122.231
GAGACC	2134.0	1183.1	-122.146
TAATTT	16533.0	12993.4	-122.054
CCTGAG	4312.0	3046.6	-121.636
CCAGGT	4347.0	2687.8	-121.548
TAGGCT	2602.0	1794.0	-121.181
CTCGTG	792.0	696.1	-120.214
CACTGG	1877.0	1694.2	-120.084
CAGCGG	544.0	393.6	-119.458
CTCGGT	530.0	493.7	-118.651
GGGCTC	3130.0	1858.0	-118.381
ACTGGA	2246.0	1730.9	-118.040
GAGTCC	1123.0	1078.8	-118.034
TGGCAC	3339.0	2003.2	-117.278
CTGTAG	3663.0	2623.9	-116.858
GTGATC	4814.0	3028.9	-116.649
GCGGCA	382.0	246.1	-115.939
CTTTTG	10542.0	8453.9	-114.913
CCAAGG	1820.0	1400.2	-114.778
CCTAAG	1670.0	1293.7	-114.366
TGCGGT	675.0	429.4	-114.056
ACGCAG	355.0	315.6	-113.732
CCCCCC	2059.0	1150.3	-113.540
TGGTGC	3556.0	2163.1	-113.341
GCTGCA	2860.0	2202.4	-112.542
CGTCCC	423.0	434.0	-111.700
GCTCTG	6675.0	4365.1	-111.518
ATTTTA	20334.0	14353.3	-110.618
TCTATT	6774.0	6331.5	-110.588
GTCGCC	2090.0	1217.8	-109.974
CACACT	2125.0	1841.6	-109.584
CGCTGC	753.0	531.2	-109.552
GTCTCC	3333.0	2353.6	-108.595
TCATTT	14535.0	10560.8	-108.088
GATTTA	4222.0	3392.6	-107.694
GCTCGC	451.0	345.1	-107.224
TCGCGG	168.0	166.2	-106.961
CTGTCA	5433.0	3498.0	-106.676
AGCCGC	459.0	367.2	-106.594
TCGCAG	328.0	235.4	-105.405
ACAGTG	3723.0	2533.4	-104.962
CCGAGT	1607.0	1028.2	-103.932
TCCCCC	2885.0	1944.6	-103.247
AGCAGT	3425.0	2257.9	-103.233
GTGGGG	2614.0	1838.4	-103.206
AGCTAC	2146.0	1228.2	-103.154
CCCTGG	2570.0	1950.7	-103.078
GTTCGA	554.0	276.9	-102.444
GGTGGC	2649.0	1572.3	-101.602
TGGTGG	4310.0	2724.2	-101.113
ACTGTA	3507.0	2409.8	-100.526
ACTGCG	506.0	526.5	-100.354
CGACCT	575.0	376.9	-100.156
GGTTGT	2784.0	2529.4	-100.019
GTCGTG	416.0	293.1	-99.976
TTTGTA	10108.0	9633.8	-99.827
CTGACT	2521.0	2139.3	-99.787
TTCGAG	823.0	489.3	-99.783
TGTCTT	8764.0	7628.0	-99.705
TATTTC	11357.0	8516.2	-99.586
CAACCG	217.0	167.0	-99.273
GGCAGG	2873.0	2024.0	-99.195
ATGTTT	10210.0	7794.8	-98.901
AGCGGT	368.0	313.8	-98.876
GCGACA	430.0	222.1	-98.755
AGGTTC	3394.0	2091.1	-98.736
TTTTGG	12311.0	8929.9	-98.163
TAGCCT	2743.0	1740.5	-97.799
CGTAGC	309.0	245.2	-97.724
GGGGGA	1900.0	1187.5	-97.059
GTGTTG	3575.0	2727.2	-96.940
CTGCCA	2609.0	2469.4	-96.728
TCCCAC	3964.0	2496.7	-96.630
TACCTC	2246.0	1677.6	-96.160
AGTGGG	2183.0	1594.7	-94.918
ACTCAC	1712.0	1282.6	-94.124
GCCCAC	1395.0	1496.3	-93.884
CAGCCC	1923.0	1731.4	-93.285
CATAGC	1923.0	1101.9	-92.786
AGGCAG	3658.0	2386.0	-92.756
ATCCTG	2760.0	2414.4	-92.653
CCTGGC	3754.0	3439.7	-92.308
GCTTTG	4735.0	3612.9	-91.816
AGTTCA	3478.0	2742.1	-91.439
GAGTCT	6414.0	4261.2	-91.238
CCGTGG	602.0	447.4	-91.180
CTGTCG	2050.0	1190.8	-91.034
TGACTC	2093.0	1724.1	-90.661
TCTTAT	6095.0	4611.6	-90.372
CGCTCT	2245.0	1324.4	-90.308
GTTTCT	9177.0	6758.5	-89.494
TTTTGC	9929.0	7836.6	-89.112
AGCGGC	491.0	350.8	-89.041
TTTGAG	13315.0	9323.6	-88.798
ACTCCG	539.0	343.7	-88.786
GCGCGA	789.0	518.6	-88.396
ACTCAG	2580.0	1966.9	-87.675
ATCGCA	332.0	240.7	-87.369
GACAGG	3486.0	2190.5	-87.299
TGGGGG	2989.0	1843.2	-87.255
GCCGAG	1007.0	579.1	-86.602
TCATCC	2400.0	1844.1	-85.908
GGGGGT	1867.0	1078.8	-85.784
TGGTTG	3212.0	2580.0	-85.722
GCGCAC	279.0	248.0	-85.672
TGGCGT	1372.0	751.8	-85.465
AGCAAT	3978.0	2542.4	-85.464
TTCATT	13963.0	10141.7	-85.430
ACACTG	2354.0	2012.4	-85.288
AAGCAA	4344.0	2803.3	-85.006
CCCGAG	1718.0	1117.6	-84.825
GCTTGA	2445.0	1810.8	-84.633
CAGGTT	5200.0	3416.7	-84.581
CAAGTG	4242.0	2733.5	-84.490
CGATCG	95.0	69.7	-84.118
TTTTCG	1530.0	1114.3	-83.724
CACTGT	4339.0	3326.5	-83.551
GACAGA	4351.0	2815.4	-83.262
AATCTC	3912.0	2887.3	-83.109
GCCTTA	1957.0	1530.6	-83.102
GGTGGG	3274.0	2056.4	-82.586
GTCTTG	5970.0	4406.7	-82.533
GTTCTT	6735.0	5188.3	-82.358
GTGCCG	424.0	325.1	-81.998
CGATCT	2423.0	1466.7	-81.991
GGTACA	1679.0	1318.6	-81.872
GCCCAG	7325.0	4966.8	-81.678
CGTGGC	570.0	473.4	-80.599
CGCCTG	1315.0	1195.9	-80.517
TGACAC	1459.0	1280.6	-80.099
CCCTCC	3545.0	3089.2	-79.525
CGCCAT	1266.0	692.0	-79.522
TAAGCC	1506.0	1201.9	-79.270
CTTAGC	2245.0	1607.6	-78.852
CTATTT	7934.0	7120.6	-78.748
ACTCTG	5199.0	3440.7	-78.607
GCTCCC	1567.0	1403.8	-78.482
TGTAGT	4828.0	3432.6	-78.379
CAGTAG	2253.0	1661.2	-78.169
TTGAGA	10982.0	7672.1	-78.055
GCTTAC	1784.0	1040.3	-77.694
CTACCT	2542.0	1824.7	-77.010
CTGAGC	2173.0	1789.0	-76.742
CTCGCG	163.0	171.5	-76.363
GGAGAC	1901.0	1259.3	-76.268
TGAAGT	4209.0	3409.6	-76.252
CCGCCG	637.0	436.0	-76.234
GGGGTC	1436.0	1175.7	-76.030
GTAATC	2614.0	1614.6	-75.998
TTCTGT	11764.0	8793.1	-75.926
GATCGC	438.0	286.3	-75.740
TGGGGT	3485.0	3094.7	-75.470
TGGGAG	4272.0	2788.6	-75.356
ACAGAG	4858.0	3211.7	-74.766
CTGGCT	3916.0	3657.4	-74.260
CAGGCG	1375.0	1499.0	-73.888
CGTGGG	560.0	502.1	-73.851
GTGCGA	931.0	486.7	-73.343
CGTTTG	889.0	653.5	-73.197
TGGGTT	6857.0	4670.2	-72.777
TCTCAG	5862.0	4335.2	-72.348
GCACAC	1497.0	1142.8	-72.080
CGGCAG	491.0	432.2	-71.873
AAGCAG	3078.0	1952.5	-71.867
TTTGGG	7178.0	4912.2	-71.553
AGTGAG	3797.0	2464.4	-71.288
CCGGCT	698.0	1065.2	-71.260
CAGCTT	4140.0	3164.4	-71.082
CTCTGC	5747.0	4220.0	-70.976
TATTAT	9509.0	7363.6	-70.899
AAGTGA	5244.0	3507.4	-70.643
CGTCAG	413.0	343.4	-70.468
TTTTAG	10297.0	9442.9	-70.248
TATATT	9378.0	8148.4	-70.051
ATCGAG	492.0	220.3	-69.780
TTCTCC	10426.0	7316.9	-69.703
AAGCCT	2088.0	1773.5	-69.681
GTGCGG	605.0	385.1	-69.460
TACTTT	9978.0	6986.3	-69.449
TCGCCC	2125.0	1294.0	-69.190
GTAGTC	1759.0	1045.0	-69.081
CGTGCA	575.0	461.7	-69.013
GTTTGA	4456.0	3369.1	-68.993
CTCCGA	378.0	295.3	-68.740
ACAGGG	3317.0	2132.5	-68.443
TGAAGC	2138.0	1893.2	-68.399
CCTCAA	3251.0	2306.0	-68.260
GTTTAG	2785.0	2356.2	-68.241
GGTGGT	2871.0	1818.1	-68.219
ACCCAG	4761.0	3169.3	-68.163
TCGTGG	582.0	423.1	-68.160
GCTTTT	10238.0	7817.4	-68.123
TCAAGT	5197.0	3487.7	-67.571
GCGTGC	497.0	426.9	-67.568
CCGCCC	977.0	1086.3	-67.496
CGCCGC	651.0	464.4	-67.301
TGGGCT	4262.0	2816.0	-66.701
GTTATG	2307.0	1792.8	-66.183
TCAGTC	2670.0	2057.8	-66.153
TGGGCG	880.0	596.1	-65.682
ACAGCC	1565.0	1327.1	-65.523
CTGGGT	5111.0	3435.1	-65.427
CCTGTA	3659.0	2388.8	-65.311
CAGGAG	3905.0	2564.5	-65.242
TAGTTA	3038.0	2589.7	-65.013
TCTCCT	10221.0	7200.1	-64.472
CTGAAG	3221.0	2477.3	-64.458
CTCCCT	4821.0	4058.5	-64.381
AGTGCC	1581.0	1344.6	-64.334
CCGGGC	1125.0	755.2	-64.265
CAAGCC	1406.0	1055.8	-64.178
CCAACC	1230.0	1120.4	-64.072
GATTCT	6761.0	4647.1	-63.959
AAGCGG	382.0	258.2	-63.491
AGGTGG	3146.0	2030.6	-63.199
GCCTGC	1784.0	1819.2	-63.142
ATAGCT	3222.0	2084.8	-63.138
ATTATT	12170.0	9338.7	-63.074
TTTATA	10428.0	8634.4	-62.805
GGTTTA	3631.0	2528.3	-62.160
TGGCGG	707.0	473.1	-62.112
TACTTG	3597.0	2356.1	-62.020
GTTCTG	3848.0	3290.1	-61.827
CCTTTT	12426.0	8863.6	-61.623
TACTCC	1610.0	1321.6	-61.430
ACGATC	1028.0	569.8	-61.229
GGCGCG	1188.0	871.7	-61.223
CGATCC	635.0	318.8	-60.740
CCCCTG	2254.0	1684.2	-60.585
ATACTC	1617.0	1236.4	-59.909
CTTGAG	3624.0	2508.0	-59.715
GCGGAG	716.0	511.5	-59.677
TCTTTA	9424.0	7519.0	-59.601
CCGCAA	454.0	278.0	-59.559
CGAAGA	559.0	272.5	-59.521
GAGCAG	2046.0	1670.2	-59.516
GCGGCG	805.0	543.5	-59.492
TCTGCC	6132.0	4356.7	-59.245
CCTGGA	2777.0	2519.6	-58.910
AGTGAT	5614.0	3835.0	-58.878
ACCGCC	351.0	279.3	-58.672
CCCACC	4110.0	2739.7	-58.644
TGTTCG	506.0	439.2	-58.556
ACGCCA	947.0	522.7	-58.375
AACCCC	1538.0	1143.8	-58.337
GTCAGC	1469.0	1142.4	-57.990
TCGAAT	550.0	269.5	-57.493
GAGTGA	2395.0	1813.6	-57.425
TCTCCC	5267.0	4132.5	-57.342
CAAGGC	1498.0	1087.2	-57.260
CTGCGT	581.0	520.9	-57.142
GCTGCC	1921.0	1589.1	-57.098
CCCCCT	2298.0	1585.0	-56.713
TCGACC	417.0	190.7	-56.549
ACTTAT	3167.0	2720.3	-56.375
ACGTAG	454.0	327.9	-56.222
GGTAGG	1432.0	1054.9	-56.203
AACCGC	208.0	187.8	-56.159
CAAGTA	3303.0	2168.3	-56.141
TGATCT	6410.0	4433.7	-56.100
GCTACT	2438.0	1552.1	-56.033
CAGGGG	1525.0	1267.8	-55.340
GGCAGT	1963.0	1595.9	-55.063
CCTGCA	2076.0	1965.3	-54.921
TATTCT	7490.0	6578.9	-54.755
GCCCCA	1559.0	1270.4	-54.689
GTCCCA	2091.0	1484.6	-54.295
ATGCAG	2495.0	2003.9	-54.227
AGTTAT	3816.0	3189.3	-54.023
TCACAC	2216.0	1622.8	-53.996
CGCCCA	2285.0	1776.0	-53.538
GAGGCA	2825.0	1835.5	-53.520
CTGTAA	4623.0	3136.8	-53.367
GCAACG	288.0	211.4	-53.221
GGTTCT	2586.0	2395.6	-53.212
CGAGTC	365.0	275.6	-53.134
CACTCC	2470.0	1585.4	-52.993
AGTCCA	1550.0	1389.3	-52.711
GCTAGA	1842.0	1263.8	-52.561
GACTCC	1519.0	1120.1	-52.437
GGTTGG	2419.0	1699.2	-52.246
CTACTG	2107.0	1658.6	-52.148
CACCTG	2927.0	2587.8	-52.133
TAGTCC	1750.0	1081.1	-51.990
CTCCTC	3551.0	3459.2	-51.667
TGTTAC	3641.0	2508.1	-51.655
GCCAGG	2855.0	2840.4	-51.540
CGTCTC	982.0	669.1	-51.099
GTCTTA	3097.0	2200.2	-50.957
TCGAGA	786.0	430.8	-50.695
GAGTAC	1668.0	1028.4	-50.518
CAGAGT	4961.0	3400.4	-50.254
TCTTTG	9794.0	7878.6	-50.151
GAGTAG	3838.0	2582.8	-49.725
GTTGGT	3080.0	2526.2	-49.604
CACTCT	4791.0	3279.3	-49.483
AAGCTG	2679.0	1978.3	-49.404
TTTTAC	8885.0	6443.5	-48.681
GGGGGC	1376.0	1070.0	-48.565
GAGACT	2746.0	1898.9	-48.364
ATGATC	3064.0	2028.2	-48.259
CTTTTA	11317.0	8150.7	-48.212
AAGTGG	2379.0	1916.2	-47.926
GGCATG	3705.0	2493.9	-47.925
AGACCA	2237.0	1437.3	-47.774
CGAGTA	1278.0	889.6	-47.578
GAGACG	2369.0	1631.5	-47.308
GCACGA	954.0	548.1	-47.222
ACAGCG	421.0	319.7	-47.207
CTTGGG	2959.0	2409.4	-47.085
GCAGGG	1906.0	1528.1	-46.994
CGGGGG	697.0	502.3	-46.903
TCCGGC	369.0	341.2	-46.444
GCGACC	268.0	180.5	-46.410
TCGCTT	914.0	523.0	-46.287
TCAGCG	423.0	336.5	-46.279
GAGCGA	562.0	292.6	-46.255
ACTCCC	1708.0	1408.6	-46.209
TTGGAG	3949.0	3050.6	-46.143
GTTGCC	4613.0	3166.6	-46.079
GCTTCA	2704.0	2140.8	-45.983
TGTTGC	6520.0	4578.5	-45.681
AAGTAG	3488.0	2346.4	-45.673
ACCTAC	1084.0	921.9	-45.634
CTGGGG	2522.0	2131.4	-45.608
GGCTCT	2107.0	2132.9	-45.594
CCACCC	2456.0	2037.4	-45.556
GGCGGT	373.0	305.5	-45.403
TGGTGT	4705.0	3887.5	-45.148
CTTACT	4013.0	2733.4	-44.866
AGCCTT	4009.0	2839.7	-44.751
TGCTGT	5210.0	4365.9	-44.439
AGGAGG	3137.0	2097.8	-44.382
CCCCCG	810.0	614.9	-44.304
TCGCCT	695.0	544.7	-44.221
TCAGTG	3558.0	2952.7	-43.733
TCATGC	2658.0	1807.8	-43.451
GCACCC	1273.0	1191.6	-43.344
CACGAT	1098.0	654.8	-43.117
CGGATC	380.0	183.8	-43.011
TGTAAT	5967.0	4185.5	-42.968
ACAGCA	2196.0	1819.9	-42.725
CAGCCA	2242.0	1958.0	-42.577
TTTTGA	18503.0	14677.8	-42.355
GCCTGA	1844.0	1549.8	-42.327
CAGTGA	4078.0	2794.8	-42.240
TCACTC	4861.0	3371.4	-42.141
AGACCC	1498.0	935.3	-41.677
GCTGAC	1182.0	1012.0	-41.614
TGAGGC	3086.0	2073.2	-41.512
GAGGGC	1324.0	1150.6	-41.319
AGTGCT	3887.0	3452.6	-41.240
GATTTG	4432.0	3669.1	-41.214
CGATCA	434.0	219.3	-41.065
GCTTAA	2257.0	1538.2	-41.007
TACAGT	3858.0	2640.8	-40.836
AATGCA	2831.0	2308.4	-40.743
TGCAAT	4105.0	3174.1	-40.702
CAGTGT	3941.0	3120.8	-40.611
GTTCAG	2551.0	2093.5	-40.482
TCGAAA	512.0	269.7	-40.323
GAGTCG	315.0	229.6	-40.225
GGCTTA	2189.0	1497.2	-40.164
CCCGCC	1416.0	1509.0	-40.052
GGAGTA	2012.0	1375.2	-39.794
AGGGCA	1648.0	1502.2	-39.700
AAGCTC	2644.0	1956.6	-39.689
GGGCAG	2017.0	1799.7	-39.662
GTGGTT	3831.0	3147.7	-39.630
CTTAAG	2860.0	1929.1	-39.623
CGCTGT	664.0	569.9	-39.584
TTGGGG	3726.0	2551.6	-39.385
GTGTAG	2106.0	1500.2	-39.319
CTCCTA	2640.0	2099.9	-39.287
TTGGGA	4496.0	3118.1	-39.216
ACCCCC	1383.0	992.2	-39.208
GGAGGT	2390.0	1627.6	-39.202
GCACTC	1757.0	1126.8	-39.011
ACTCCA	2846.0	1910.5	-38.943
GACCTC	2149.0	2125.9	-38.767
ATTTAA	8319.0	6673.8	-38.646
CACCCA	4690.0	3330.2	-38.617
CGTTTA	778.0	586.8	-38.550
TCCGGG	556.0	439.1	-38.319
GGCTAA	1869.0	2248.9	-37.699
TGTAAC	2461.0	1688.9	-37.486
GTGATT	5192.0	3644.5	-37.477
CCGTCG	166.0	123.3	-37.434
ACCTCT	4380.0	3043.8	-37.396
CGAGGT	660.0	384.2	-37.272
GCTGGG	6187.0	5596.1	-37.257
CGAGCG	189.0	161.3	-37.180
CGACAG	501.0	267.1	-37.097
GTTCAC	2741.0	1842.7	-37.024
TATCTT	7209.0	5709.6	-36.936
TGTAGC	2445.0	1818.1	-36.936
GCGAGA	580.0	320.5	-36.845
GCTGAG	3601.0	2472.8	-36.813
GGCCGA	647.0	384.6	-36.789
GGGAGT	1685.0	1518.1	-36.746
CCAAGT	3443.0	2356.7	-36.744
CCAGTC	1829.0	1673.5	-36.597
CCCGGC	1116.0	1491.5	-36.568
TGCGAT	1069.0	651.5	-36.509
GACTAG	1137.0	698.4	-36.486
TTCGGT	594.0	426.0	-36.285
AGCCCC	1512.0	1346.0	-36.209
GATCTT	5368.0	3785.5	-36.023
GCTGAA	2339.0	2123.1	-35.820
CTCGAC	528.0	287.2	-35.634
AGGCGA	456.0	241.3	-35.587
GGGGCA	1298.0	1059.5	-35.577
GCAGGA	2352.0	1727.0	-35.496
GAGAGC	1314.0	1073.0	-35.397
CGTAGT	435.0	311.7	-35.316
CCAGTG	2482.0	2123.7	-35.280
GACAGT	2442.0	1633.3	-35.269
GGCGAC	433.0	227.5	-35.089
AACCTA	1419.0	1255.5	-35.043
CCTTAG	2251.0	1581.0	-34.888
AGACGG	2278.0	1602.7	-34.823
TGATCA	3007.0	2046.4	-34.792
CGCAAT	629.0	356.0	-34.602
CGATAC	184.0	129.4	-34.517
GTGCAC	1477.0	1306.3	-34.495
CGGTCT	509.0	444.9	-34.482
GTAGCT	5238.0	3700.3	-34.273
ATCTCA	5377.0	3830.1	-34.132
GTCACT	2444.0	1885.2	-34.127
GGTCGC	238.0	180.1	-33.989
ATTTCG	788.0	623.0	-33.884
GTAGCG	284.0	240.8	-33.849
GATTTT	11296.0	9510.7	-33.455
AGCGAG	635.0	419.2	-33.442
GTTTAA	5076.0	3895.8	-33.292
CCCACT	2523.0	2270.7	-33.103
CGAGCC	352.0	300.0	-33.035
AGAGTG	3112.0	2133.4	-32.894
TCCCGA	1733.0	1131.5	-32.859
CGTCGC	181.0	140.0	-32.634
ACGGTC	254.0	211.1	-32.561
TAACCT	2484.0	1789.7	-32.032
CTCGCA	332.0	244.8	-31.920
CTGGCG	568.0	398.9	-31.703
AGATCG	567.0	321.1	-31.664
CAACCC	1258.0	1049.7	-31.601
GCAACA	1843.0	1215.9	-31.595
GAACCT	1513.0	1205.2	-31.591
TTGCTC	6029.0	4311.4	-31.526
TTTCGG	754.0	589.6	-31.344
GGTTGA	1716.0	1509.6	-31.226
TCACAG	2837.0	2398.2	-30.936
TTTTAA	23705.0	17768.3	-30.875
GCGACG	140.0	85.2	-30.776
ATACCG	252.0	174.2	-30.705
CATCCC	1767.0	1551.6	-30.687
TACTGT	3973.0	2933.8	-30.661
TTCTTG	8601.0	7033.9	-30.516
AGTCTG	3008.0	2417.0	-30.511
CTCAAA	4414.0	3112.0	-30.496
ACAGTC	2168.0	1455.3	-30.491
ACACAG	2268.0	1923.7	-30.402
GGTGCG	1103.0	692.3	-30.382
TGCTCT	6628.0	4771.0	-30.267
GTTACT	2890.0	2343.9	-30.255
GCCTAC	890.0	767.3	-30.111
GTCACG	396.0	279.1	-30.073
TAGCCG	380.0	201.2	-29.883
CTCCCC	3213.0	2600.6	-29.637
TCCGAC	198.0	174.5	-29.570
TATCGC	283.0	163.6	-29.425
AACGTC	346.0	295.1	-29.365
TAGCTC	2479.0	1824.5	-29.358
ACCTGC	1561.0	1527.5	-28.983
CCCTGC	2497.0	2068.6	-28.780
ATCCCA	2991.0	2209.4	-28.691
CGTGGT	920.0	569.5	-28.470
GGCACG	1183.0	767.9	-28.251
AACCTG	2175.0	1557.7	-28.191
GGCTTG	2006.0	1709.6	-28.076
TGAAAC	2957.0	2234.5	-27.903
ATTTTG	14500.0	10774.7	-27.864
GAGGTG	2705.0	1860.4	-27.782
TGCTCA	2995.0	2550.7	-27.728
ATCTTA	3690.0	2852.8	-27.669
ATTTAG	4614.0	3993.3	-27.641
GGAGCC	1296.0	1207.4	-27.604
AGTGAC	1872.0	1490.6	-27.594
AGTTTT	13269.0	11077.4	-27.580
ATCCCG	299.0	233.5	-27.576
CACGGT	516.0	420.8	-27.379
AAGACC	1666.0	1105.0	-27.299
TATCTA	2922.0	2665.1	-27.196
CAGGAT	2517.0	2268.6	-27.133
CCGTAG	290.0	227.0	-27.114
TACTCG	446.0	249.8	-27.030
TGAGTA	3804.0	2680.2	-26.944
CTTGCT	6680.0	4839.5	-26.896
GCGTCC	332.0	371.9	-26.852
CCTTGA	3254.0	2272.5	-26.766
CCTCCA	4466.0	3175.0	-26.752
AGGATC	1883.0	1264.4	-26.742
GCCTCT	3355.0	2664.3	-26.653
ACTCGG	508.0	314.7	-26.580
GCTGTA	2288.0	1739.0	-26.482
GGCGGC	993.0	627.7	-26.283
AGTGTA	2867.0	2133.9	-26.280
CACTTC	2722.0	2290.5	-26.084
CCCAGT	2523.0	2256.3	-26.067
GCCTGG	4437.0	3502.1	-26.059
GGGTCG	319.0	238.5	-26.050
TTACTG	4519.0	3531.5	-26.039
GCCCAA	1386.0	1091.9	-26.011
TCTTGC	6507.0	4717.3	-25.965
TAGTGG	2372.0	1627.7	-25.721
ATCTTG	5465.0	3935.4	-25.546
TCCACC	3786.0	2676.5	-25.530
ACTGAA	2880.0	2438.6	-25.264
ACACAC	3336.0	2342.7	-25.146
TGTGGT	4605.0	3895.9	-25.128
GTGTTA	2942.0	2380.7	-25.020
AGTACA	2573.0	1779.5	-24.789
CTAACT	1921.0	1727.7	-24.787
ACTTCA	3165.0	2470.6	-24.668
AGCTCG	358.0	314.9	-24.660
CATACT	2210.0	1513.9	-24.652
CGGTCG	124.0	80.4	-24.597
AGCAAC	1346.0	1114.7	-24.543
GCGTGG	781.0	483.5	-24.538
TCGTCC	395.0	309.1	-24.503
GGGATC	1314.0	1062.4	-24.452
ATCGAC	245.0	124.1	-24.242
GACAGC	1175.0	1033.2	-24.231
GAGTTC	2589.0	2261.6	-24.224
TAGCGT	389.0	300.1	-24.223
CCCCCA	2707.0	1962.7	-24.007
GATCGA	312.0	190.1	-23.822
TCCGAG	466.0	327.7	-23.683
AGAGCG	567.0	338.5	-23.661
GGCGTA	256.0	189.8	-23.622
TGCATC	2115.0	2102.5	-23.607
CGGGTC	316.0	259.6	-23.571
ATTTAC	4575.0	3705.6	-23.320
TTAAGC	2500.0	1734.6	-23.284
GCGATG	375.0	209.1	-23.230
GGCGAT	393.0	221.8	-23.200
CACTAC	1488.0	1047.1	-23.091
AGTTCG	502.0	294.3	-23.051
AGAGTC	3279.0	2314.4	-23.051
CCCAGA	2622.0	2180.0	-22.964
GCGATA	225.0	181.2	-22.744
ACTACA	2642.0	2432.2	-22.721
CTCATG	2782.0	2254.3	-22.699
TCCAGT	3317.0	2845.6	-22.645
CGACGA	110.0	45.4	-22.588
GACTGG	1798.0	1345.0	-22.565
GTGACC	1261.0	1041.3	-22.497
TACTCT	3543.0	2515.4	-22.489
AAGCTA	1893.0	1481.4	-22.414
TGCTTG	4110.0	3297.9	-22.349
GTCCAG	1849.0	1470.2	-22.231
TCGACG	73.0	58.5	-22.219
CGGTTT	811.0	578.3	-22.168
CTGTTG	6264.0	4568.7	-22.156
TCTTAA	5807.0	4223.3	-22.043
AGTTTG	5285.0	4598.5	-22.006
ATCACG	688.0	425.7	-21.870
GCGGAT	371.0	209.9	-21.813
CGGCTG	548.0	544.8	-21.784
GTGGTA	2275.0	1649.5	-21.727
CGCGAG	173.0	184.2	-21.586
AGCAGC	2165.0	1496.5	-21.518
CTACTC	1987.0	1365.7	-21.444
CTGGAC	1650.0	1346.4	-21.296
TGTTGG	4403.0	4141.9	-21.274
GGGCAA	1728.0	1176.7	-21.209
ATGCTC	1595.0	1471.9	-21.162
AGGGGG	1455.0	984.2	-21.160
GTCGCT	398.0	277.7	-21.037
AATCCC	2395.0	1669.7	-21.017
GCAGTT	3134.0	2219.5	-21.006
GTTCAT	3827.0	3240.4	-20.981
ATTTGA	6380.0	4668.6	-20.971
GTCACA	1678.0	1449.1	-20.707
AAGCCG	386.0	269.0	-20.658
TTGGGT	4194.0	3216.1	-20.535
GCTTTA	3864.0	2891.4	-20.535
GTTGCG	306.0	279.8	-20.521
ATCGTC	265.0	252.8	-20.494
AGCCCA	2064.0	1551.4	-20.413
GCAGAG	2287.0	2013.2	-20.350
CTGTTA	4109.0	2966.3	-20.267
GACGCA	261.0	199.8	-20.222
TAGCCC	1112.0	999.7	-20.150
TGATAC	1982.0	1441.3	-20.013
CGTCAC	419.0	245.6	-19.988
TGACGC	289.0	247.8	-19.871
ATCGCT	569.0	349.2	-19.781
AGTCGT	411.0	295.3	-19.760
GGTACG	287.0	174.5	-19.718
AGCTTC	2793.0	2175.4	-19.679
CGTAAC	202.0	163.9	-19.674
CCAGGA	2802.0	2397.0	-19.662
GCGGTA	181.0	160.7	-19.572
GCGGTC	292.0	255.9	-19.545
CGGCGG	738.0	468.6	-19.536
GGAGGA	2895.0	2051.5	-19.510
CCTGTC	3151.0	2243.7	-19.485
TCGGTC	328.0	283.4	-19.409
GATCGT	438.0	320.7	-19.382
CTTGGT	3636.0	3050.2	-19.353
GTTGGG	2410.0	1690.1	-19.348
GACTCG	273.0	226.4	-19.318
CCGAAG	381.0	301.7	-19.269
ATTGCA	3565.0	2808.7	-19.225
AGGCTA	2011.0	1427.4	-18.983
CGGTAG	230.0	182.6	-18.831
GCTGTG	3295.0	3078.5	-18.807
CAGCTC	4028.0	3033.9	-18.761
TAGCGC	191.0	178.4	-18.734
GCCATC	1971.0	1368.1	-18.727
CCTCAT	2655.0	2462.1	-18.695
ATGGCG	771.0	494.6	-18.506
ACCCGG	557.0	513.1	-18.505
CATGGC	2119.0	1480.3	-18.310
ATCACT	2955.0	2104.3	-18.275
GACCAG	1745.0	1203.5	-18.261
TGCCCC	1859.0	1394.1	-18.253
TTCTTA	8282.0	6211.8	-18.244
ATCAGC	1593.0	1439.8	-18.147
GTGACA	2324.0	1634.8	-18.116
AGGGAG	2267.0	2018.3	-18.058
GGCAAC	1431.0	974.6	-18.040
TCGGAG	384.0	275.7	-17.998
CGCGCT	208.0	254.6	-17.991
TCCCAA	5327.0	3898.8	-17.967
GAATCG	476.0	289.8	-17.898
TTGCCC	5482.0	4017.9	-17.846
GCTAAC	962.0	746.5	-17.797
TACCGC	222.0	180.6	-17.730
CACAGG	1896.0	1729.4	-17.694
CCTCTG	5479.0	4092.5	-17.669
CTAGAG	2159.0	1514.3	-17.634
GCACAA	2022.0	1412.2	-17.547
GCCTAA	1189.0	1044.9	-17.462
CCGCGT	188.0	201.8	-17.420
GCAATG	2419.0	1982.5	-17.402
AGGGGC	1198.0	1102.4	-17.394
TCCTTT	12514.0	9847.9	-17.234
CGAGGG	364.0	345.9	-17.220
GACGTA	238.0	218.8	-17.218
AGGTAG	1956.0	1513.6	-17.208
CAACCA	1351.0	1178.8	-17.192
ACATAG	2248.0	1583.1	-17.183
GGGGAG	2339.0	1694.4	-17.183
GTTTCA	5652.0	5340.6	-17.166
CCAGCT	3932.0	3237.6	-17.129
CGTAAT	445.0	316.5	-17.121
CTTCAG	4124.0	3164.2	-17.072
CACACA	3901.0	2826.3	-17.025
GTACAG	2226.0	1568.9	-16.942
ATTGAT	4535.0	4111.9	-16.890
CGGGCT	755.0	532.2	-16.839
TCTAGC	1962.0	1482.0	-16.806
CAATTC	3184.0	2288.2	-16.692
CACGCA	413.0	337.4	-16.605
GATAGC	1037.0	694.0	-16.564
CCGTTT	1015.0	677.3	-16.562
TTTCAT	13532.0	10256.7	-16.562
AGCGAC	259.0	176.8	-16.461
TCCGTC	757.0	491.9	-16.425
TAACCC	1167.0	842.8	-16.402
GCTTGT	2700.0	2350.7	-16.342
TAGCGA	261.0	184.0	-16.308
TGCACT	2936.0	2153.9	-16.123
GACGGT	320.0	187.9	-16.065
CACCTA	1678.0	1167.3	-15.950
TGCGGC	371.0	381.7	-15.924
GACGAG	366.0	218.5	-15.920
GCGTAG	233.0	201.0	-15.811
GTGGGA	2526.0	1863.2	-15.789
CTCCAA	2179.0	1873.1	-15.780
AGGTCG	329.0	237.8	-15.743
AACCTT	3045.0	2324.3	-15.621
CCGACG	130.0	64.6	-15.333
AGCCAG	2508.0	2127.8	-15.256
CCCGGT	399.0	310.9	-15.192
TAAAGC	2119.0	1706.2	-15.176
CCTCGA	616.0	395.1	-15.128
GAGATC	1867.0	1440.5	-15.120
GTTAGT	2155.0	1729.0	-15.114
TCGCTG	802.0	553.4	-14.993
TGCAAG	2625.0	1881.2	-14.835
GGTCTC	3949.0	2882.3	-14.791
AGCCGG	594.0	387.6	-14.770
CGGGGC	651.0	675.6	-14.766
CATGAT	3464.0	2516.8	-14.682
TCAGCT	5119.0	3865.3	-14.667
TTAAGA	4540.0	3333.9	-14.634
TCTTCT	10488.0	9196.8	-14.633
AAGGTG	2275.0	1620.5	-14.601
ATATTT	13587.0	12049.4	-14.544
ACTTTG	5865.0	4345.6	-14.532
TGTCTC	5848.0	4332.1	-14.503
CGAGCT	356.0	316.5	-14.492
GTCTTT	7777.0	6893.9	-14.486
CCACTG	3591.0	2790.5	-14.437
CTGAGT	4264.0	3125.1	-14.435
CTCAGA	2624.0	2197.7	-14.377
GCAATT	3347.0	2430.5	-14.357
TGGGAC	2418.0	2214.4	-14.255
GATCCC	950.0	1003.8	-14.207
GGTCGA	210.0	118.0	-14.197
GTAGCA	1659.0	1176.6	-14.180
TCCAAG	2058.0	1882.1	-14.041
CAGAGG	2275.0	1945.7	-14.026
ATTTCT	14755.0	11194.5	-14.017
ACCGAT	211.0	151.0	-13.997
TTTCTG	13287.0	10061.1	-13.996
TAGTCG	229.0	130.2	-13.986
GTATTG	2547.0	1987.3	-13.976
GCTTAG	1662.0	1356.4	-13.836
CGTAGG	301.0	179.2	-13.828
TAGAGT	2918.0	2110.3	-13.802
TCGGGA	586.0	378.1	-13.794
GTATCG	239.0	164.6	-13.730
CTTAAT	4384.0	3223.9	-13.686
TTTCCT	14605.0	11515.8	-13.673
TGCGTT	652.0	572.0	-13.670
AGTGAA	2967.0	2293.0	-13.654
CGAGAT	655.0	429.2	-13.647
AGCCGA	528.0	338.6	-13.597
AGCATC	1723.0	1484.3	-13.582
GGTCGG	349.0	275.4	-13.564
TTCCTT	13717.0	11513.7	-13.545
CTCCAC	3460.0	2523.9	-13.494
TCCCCG	678.0	575.0	-13.457
GATCAT	2742.0	1980.6	-13.361
CAAGAC	1657.0	1167.2	-13.345
CTGCAT	3083.0	2923.8	-13.339
CTGAGG	3536.0	2584.1	-13.142
CCGGAT	340.0	207.6	-13.067
AGAGCA	2338.0	1839.4	-13.028
GGGTGA	1851.0	1313.5	-13.008
TAAGAC	1722.0	1321.4	-12.983
AGCGTA	288.0	214.8	-12.980
GTTATC	1807.0	1494.1	-12.973
ACCGTT	458.0	290.3	-12.969
TACCGA	233.0	191.0	-12.939
CTTCTT	9297.0	8676.1	-12.916
AGATAG	2293.0	1646.5	-12.858
ACCCTG	2341.0	1684.0	-12.827
CGGCAA	235.0	197.0	-12.790
GGGAGA	2374.0	1709.2	-12.719
TCGCGT	107.0	92.8	-12.717
GGCTAG	1657.0	1171.2	-12.690
GCTCGG	388.0	408.6	-12.546
TGGCAT	3758.0	2760.8	-12.479
AGGAGT	2675.0	2103.3	-12.435
TAAGCG	362.0	224.3	-12.428
TAATGT	5002.0	3711.6	-12.300
TGGGTG	3163.0	2309.1	-12.292
ACTTGA	3150.0	2299.7	-12.275
GTTTGC	3626.0	3086.0	-12.182
TCGCCG	199.0	197.5	-12.178
AGGTTG	3275.0	2561.1	-12.168
GGTGTG	4143.0	3131.2	-12.152
CTGTCT	6139.0	4585.4	-12.109
CAACGT	468.0	300.6	-12.041
GGCGAA	273.0	164.7	-12.015
GCAGCT	2299.0	1658.7	-11.987
GACTGA	1686.0	1357.3	-11.986
TAATCT	4143.0	3058.8	-11.968
ACCTAG	1537.0	1086.9	-11.942
GGCCGG	892.0	731.8	-11.848
TCTCAA	4503.0	3334.8	-11.839
GCGTGA	1616.0	1215.2	-11.810
TGCGCT	377.0	319.5	-11.808
ACCGTA	294.0	246.4	-11.791
GTCAAG	1307.0	1056.5	-11.691
GCATCA	1414.0	1202.6	-11.620
GTTGCT	3389.0	2831.9	-11.539
GCGAGG	409.0	355.0	-11.539
CGAAAC	313.0	193.2	-11.491
ATTTTT	36452.0	29364.7	-11.480
GACACA	1482.0	1378.8	-11.478
CTTACC	1773.0	1265.6	-11.478
GCATGA	2934.0	2143.2	-11.443
AGCTTA	2322.0	1680.3	-11.425
TGAACC	1932.0	1387.0	-11.352
CTTGGC	4628.0	3437.7	-11.302
CAGGCA	3329.0	3089.7	-11.291
ACCCCA	1771.0	1429.1	-11.230
CCTCGC	547.0	520.0	-11.204
TTCACG	1151.0	803.1	-11.182
CAATCC	1640.0	1168.6	-11.170
GAACCC	1192.0	833.2	-11.141
GGGACG	396.0	277.8	-11.125
TGGCCC	1756.0	1454.4	-11.055
GGTGAC	1618.0	1152.5	-11.051
GCGACT	222.0	173.3	-10.974
CTTGAC	2408.0	1748.5	-10.956
AGCCGT	385.0	250.6	-10.905
TCCTAC	1860.0	1534.0	-10.891
GATAGG	1431.0	1014.5	-10.792
TAATTA	4882.0	4365.4	-10.716
GGCAGC	1592.0	1292.6	-10.678
GCAGAC	946.0	818.1	-10.655
ACTACT	1959.0	1411.2	-10.623
TGGCGA	411.0	264.1	-10.614
TACCGT	418.0	274.6	-10.533
TGGAAC	1725.0	1484.3	-10.526
TTGCGC	336.0	230.6	-10.497
CGAAAT	424.0	274.2	-10.396
TACTAA	2592.0	1893.9	-10.359
ACTTTA	5279.0	4130.3	-10.309
GAGCTC	1688.0	1439.5	-10.285
CGTACT	258.0	216.2	-10.271
CATGCT	2621.0	2156.0	-10.266
GTCGTA	216.0	129.2	-10.241
GAAACC	1730.0	1366.5	-10.198
CTCGGG	830.0	570.7	-10.184
GACCGT	265.0	163.0	-10.177
TTAGAC	1811.0	1472.3	-10.169
TACGGT	337.0	275.7	-10.165
CGAATG	347.0	220.9	-10.141
GGACTG	1602.0	1280.6	-10.109
CATGGT	2940.0	2161.6	-10.081
CAAAAA	5784.0	4339.2	-10.078
CGGCAC	270.0	251.3	-10.044
TAGACG	293.0	184.0	-10.015
CGACGG	128.0	79.4	-9.943
CAGGGC	1648.0	1376.8	-9.941
GGTCTT	4508.0	3362.8	-9.851
CTTAAC	2142.0	1557.1	-9.764
CTCTTG	5427.0	4126.2	-9.730
AACCGA	230.0	203.9	-9.715
GCGCCA	704.0	480.0	-9.693
AGTCCC	1819.0	1313.9	-9.672
TCTCCG	744.0	557.1	-9.652
GGATCG	335.0	214.2	-9.553
AGCGAA	312.0	212.5	-9.469
CTTTCT	14289.0	12933.4	-9.432
TAATCC	2929.0	2159.5	-9.416
TAGCTA	2387.0	1746.8	-9.405
TTAATG	5119.0	3838.6	-9.372
TAGTAC	1462.0	1047.5	-9.368
CGTCAT	547.0	367.0	-9.356
GGGGCT	1680.0	1469.5	-9.337
TAAGCT	2148.0	1657.5	-9.244
ACCGCT	253.0	268.8	-9.221
TTCGCT	790.0	546.7	-9.218
GGCAGA	2222.0	1724.8	-9.145
TCAAGA	2657.0	2170.3	-9.126
GCCGTC	310.0	245.2	-9.121
CTTGAA	4555.0	3408.3	-9.119
AGACGA	442.0	309.2	-9.095
CCGTAA	320.0	224.4	-9.078
CGAGTT	552.0	372.6	-9.032
TATTAA	5320.0	4902.4	-9.012
TCCTAG	2380.0	2092.6	-9.010
CGAAGG	399.0	261.9	-8.963
CTACCG	279.0	226.8	-8.927
ACTCCT	3721.0	2913.0	-8.920
TGAGGT	3476.0	2582.2	-8.912
CTAGCG	210.0	210.6	-8.767
TCTTGG	6129.0	4626.1	-8.761
TAACTG	2612.0	2050.6	-8.758
CGGAAG	427.0	282.9	-8.744
CACCCC	1826.0	1421.2	-8.724
CCATCT	4106.0	3068.1	-8.708
GATCAA	1296.0	1049.9	-8.706
GAAGAT	2525.0	1858.2	-8.630
CCCTGT	3156.0	2340.3	-8.627
AGTACG	256.0	185.8	-8.566
ATGTAG	2680.0	1978.4	-8.457
GCGCTA	244.0	153.5	-8.431
ATACAG	2570.0	1895.9	-8.415
CGAAGT	521.0	352.4	-8.409
TCGAGG	454.0	304.2	-8.377
GATTGT	3151.0	2539.6	-8.364
GAGGCC	1822.0	1463.4	-8.303
GCGCAT	287.0	184.8	-8.230
CTGCAC	2731.0	2030.4	-8.221
ACTCTT	4579.0	3440.4	-8.162
CGACGT	109.0	61.7	-8.160
CTGCTG	3783.0	3411.5	-8.145
GTACGA	240.0	151.1	-8.141
ATACTG	2493.0	1840.5	-8.122
GCTCCG	958.0	677.5	-8.112
ACCAGG	1630.0	1297.5	-8.044
CGCGAC	116.0	86.5	-8.032
GCGTTC	355.0	335.0	-8.028
TCTCGT	925.0	655.6	-8.023
AGCACA	2083.0	1528.5	-7.988
CGCCGA	172.0	104.4	-7.981
AGCTCC	2440.0	2200.1	-7.915
CATCTC	3754.0	2808.1	-7.885
GGGTTG	1949.0	1831.2	-7.880
GCGAGC	295.0	245.8	-7.878
CTTCGA	410.0	273.8	-7.878
TTAGCT	3649.0	3156.9	-7.876
GAACGA	284.0	184.0	-7.870
TTAACC	2256.0	1661.6	-7.866
CCGGTT	435.0	317.7	-7.857
CCGTCT	989.0	702.7	-7.827
AAGGCT	2125.0	1726.6	-7.813
CAGCGA	433.0	290.2	-7.810
CAGCTA	2831.0	2102.8	-7.737
TGAGCT	3207.0	2391.2	-7.701
ACCACT	2179.0	1605.0	-7.700
GCCTAG	1674.0	1332.5	-7.694
GCCCCC	1549.0	1231.1	-7.664
TTGCAG	3856.0	2891.1	-7.592
AGCGTG	542.0	408.4	-7.586
GTAAGC	1152.0	826.2	-7.581
CATCGC	288.0	251.0	-7.551
AGCGGG	456.0	371.3	-7.509
CCGATA	206.0	129.4	-7.457
ATACTT	4621.0	3482.9	-7.457
TCACTT	5452.0	4215.4	-7.423
CTTACG	416.0	304.8	-7.421
ATTAGC	2275.0	1681.5	-7.412
CTGGTG	2410.0	2258.5	-7.378
CACAGT	2845.0	2117.1	-7.374
TTAGCC	2595.0	1975.2	-7.332
GTCCCG	322.0	336.9	-7.286
TCTCTT	10520.0	9028.8	-7.270
ACTTGT	3514.0	2632.5	-7.269
GTAACA	1790.0	1312.8	-7.221
AGCGGA	317.0	209.9	-7.184
TTCTGC	5751.0	4918.7	-7.163
TTTTCC	13736.0	10594.4	-7.161
ATAGGG	1471.0	1071.1	-7.094
TGGTCT	4325.0	4188.6	-7.079
CAAGGT	2140.0	1581.9	-7.054
TTCAGC	3477.0	2977.7	-7.046
GCAGCA	1963.0	1509.5	-7.037
TGATTC	4476.0	3377.4	-7.029
TACGTT	851.0	641.8	-6.992
TTTCCG	856.0	608.5	-6.990
TCCTGT	4843.0	3790.1	-6.969
TGCTGC	3342.0	2714.8	-6.960
CGAAAG	361.0	241.2	-6.960
GTCGGA	231.0	171.7	-6.957
GGTATG	1799.0	1322.5	-6.905
GAACCG	246.0	159.7	-6.896
CGAATC	271.0	177.9	-6.866
TGACAG	2780.0	2075.0	-6.852
CTACTT	3861.0	2906.7	-6.747
GTTACC	1523.0	1113.2	-6.744
CTCCGT	875.0	624.3	-6.720
TTTAAG	7598.0	5801.5	-6.686
CGTGAA	530.0	367.8	-6.604
CGATGA	336.0	225.1	-6.590
CCGGAA	329.0	220.3	-6.568
ACTTAA	3380.0	2539.6	-6.540
GTCATC	1977.0	1556.8	-6.537
CACTGA	2662.0	2124.5	-6.475
GGCAAG	1392.0	1199.5	-6.472
AACGGA	343.0	230.5	-6.432
GTCGAC	129.0	78.7	-6.422
CGAGCA	335.0	225.0	-6.407
CAATCT	3623.0	2729.0	-6.340
ACATAC	1991.0	1474.5	-6.328
GAGGGG	1814.0	1339.5	-6.326
CCTACT	1738.0	1550.4	-6.323
GAGGGT	1582.0	1310.6	-6.308
GCGGCT	444.0	413.8	-6.275
GTTCGG	241.0	190.1	-6.239
AGTCGG	318.0	215.3	-6.201
AGCCAT	2679.0	2003.1	-6.197
ACTAAC	1103.0	800.6	-6.179
GAGGTA	1513.0	1289.3	-6.179
GTGGTC	1645.0	1356.6	-6.169
TCGGCG	158.0	148.0	-6.159
ACTGCT	2778.0	2220.9	-6.148
CGCCAA	273.0	181.3	-6.141
ACGAGG	482.0	334.3	-6.098
GGTTTC	3976.0	4049.0	-6.081
ACTGTT	4407.0	3340.9	-6.043
CCGTCA	398.0	272.4	-6.036
TTACGT	883.0	647.8	-5.987
ACAGTT	3756.0	2837.8	-5.972
GCCGTA	225.0	147.2	-5.970
AACGAT	430.0	296.5	-5.950
AATCGC	358.0	243.7	-5.948
GTCGTC	374.0	280.9	-5.935
GACCCT	1572.0	1158.1	-5.932
AGTGTT	5085.0	3866.2	-5.929
CGTGAT	1329.0	998.8	-5.925
ACGAGT	324.0	219.8	-5.909
GCTTGC	1705.0	1260.5	-5.904
AACTGC	1699.0	1526.6	-5.884
GCTCTC	1853.0	1786.8	-5.882
TATTGA	4454.0	4432.6	-5.873
ATCGAT	470.0	327.3	-5.870
GCGTAC	135.0	103.7	-5.831
TCCGAT	281.0	188.2	-5.823
GTACGT	398.0	273.9	-5.819
GAATAC	1674.0	1237.4	-5.805
TAGACC	888.0	798.6	-5.798
ACGCAA	238.0	158.0	-5.783
AGAGTA	2125.0	1583.6	-5.777
TACCTT	3694.0	2793.0	-5.769
AACCGG	228.0	150.3	-5.723
CCCGTA	277.0	203.0	-5.716
ATAGTC	1698.0	1257.9	-5.669
CATTTA	7718.0	6035.6	-5.668
CTAGAC	958.0	775.9	-5.651
CTTAGA	2532.0	1899.0	-5.628
GCTAGG	1328.0	975.1	-5.627
AGCCAC	3053.0	2846.6	-5.610
TCTTAG	3687.0	2790.0	-5.605
GGAGAG	2145.0	1921.6	-5.598
TCGGTA	266.0	178.7	-5.588
CCCTAG	1211.0	1040.9	-5.553
TATAGC	1814.0	1348.0	-5.543
GTGCTG	3749.0	3442.2	-5.538
CGTCGT	140.0	88.4	-5.483
CGTGCC	893.0	685.4	-5.481
CAGTCC	1809.0	1344.3	-5.465
AGTGTC	2205.0	2025.2	-5.425
GTTGGA	2358.0	1913.9	-5.417
CGAAGC	295.0	200.8	-5.378
GAAGCG	444.0	324.9	-5.372
CTCAAT	2112.0	1930.5	-5.365
TTAAAG	5402.0	4123.2	-5.356
AAGACG	398.0	308.9	-5.327
CGAGAG	388.0	268.3	-5.320
TCGTAG	404.0	280.1	-5.290
AAGGCG	416.0	289.3	-5.270
GAGGAG	2416.0	1980.6	-5.248
ACAAAA	4912.0	3745.6	-5.233
ATTAAT	5023.0	4606.4	-5.222
TGATCC	3132.0	2367.9	-5.221
CGTTGT	680.0	513.5	-5.210
TACAGC	1710.0	1271.5	-5.210
ATTTTC	13679.0	10850.5	-5.183
ATCTCC	2869.0	2345.3	-5.162
TGCTTC	4025.0	3453.7	-5.157
TAGTGT	3145.0	2378.3	-5.103
TTGACC	2297.0	1724.3	-5.096
TCTTAC	3323.0	2536.0	-5.054
GAGTGT	2532.0	2042.1	-5.043
TCCTGA	5358.0	4769.5	-5.021
CTAGTG	1640.0	1220.7	-5.002
TAACCG	200.0	154.4	-4.994
GGGTAG	1217.0	1029.9	-4.984
TCCAGG	3075.0	2398.7	-4.978
ATAGCA	2110.0	1582.1	-4.943
TCGTAC	198.0	173.5	-4.925
TGCTAC	1535.0	1372.8	-4.908
GCAAAC	1242.0	1143.5	-4.901
CGTGGA	475.0	336.6	-4.895
GAGCCG	638.0	458.8	-4.884
AATTTA	7541.0	6350.3	-4.884
CGCTTG	590.0	421.2	-4.860
ATGGAG	3374.0	2838.2	-4.838
CCCTAC	1113.0	819.2	-4.817
ACCGGA	200.0	133.5	-4.812
ACTTCG	477.0	338.4	-4.808
CAAGAG	1954.0	1569.5	-4.795
TAGCAC	1411.0	1047.6	-4.792
GCCACA	1508.0	1376.2	-4.772
CGGGCA	515.0	366.4	-4.763
TAGGTT	3637.0	3098.8	-4.756
CTTTTC	12874.0	10106.1	-4.743
GCAAGA	1810.0	1354.5	-4.730
AGTACT	2238.0	1684.7	-4.704
GCCAAG	1870.0	1400.6	-4.704
GACTCT	2164.0	1737.3	-4.675
GACCGG	239.0	162.7	-4.657
ACACGG	384.0	327.5	-4.655
GAGCCC	1493.0	1111.5	-4.642
CCAGAC	1647.0	1363.0	-4.630
ATAACC	1283.0	950.9	-4.609
GTTCTA	2492.0	2011.6	-4.594
AGAAGA	3278.0	2490.6	-4.565
GGTCAA	1063.0	1082.7	-4.555
TCTCGA	832.0	1087.0	-4.547
ACTGAG	2238.0	1874.5	-4.526
TAACCA	1907.0	1431.8	-4.520
ACTTAG	2133.0	1675.4	-4.515
GGAACC	951.0	817.0	-4.482
GAGGTT	2916.0	2211.4	-4.482
GAAGTA	2110.0	1588.5	-4.470
GTACAA	1669.0	1300.0	-4.467
GACCAA	1176.0	870.1	-4.462
CGTTCG	119.0	76.0	-4.460
AGATCA	2248.0	1765.8	-4.456
CTCTCG	747.0	544.0	-4.433
TTCTAT	6561.0	5639.9	-4.432
CGCTTA	246.0	226.7	-4.421
CAGCAG	2626.0	2076.4	-4.408
AGGCTT	2865.0	2416.2	-4.341
ACCGGG	313.0	218.3	-4.339
ACGTGA	598.0	450.0	-4.320
GACGTG	449.0	320.8	-4.305
CACGAG	422.0	299.3	-4.262
ATAGCC	1246.0	926.6	-4.254
ACATCG	317.0	241.3	-4.252
TTCCGT	881.0	647.0	-4.249
ACAAGC	1176.0	987.3	-4.248
AGTCGA	208.0	141.8	-4.242
CGTTTC	882.0	648.7	-4.222
ACAACC	1276.0	987.2	-4.216
CAGTTG	2917.0	2216.6	-4.210
CCGAAA	340.0	239.0	-4.209
TGCTTA	3680.0	2808.5	-4.206
GTTAAT	3691.0	2817.3	-4.194
AGCTAT	2544.0	1927.5	-4.191
ACGTTA	472.0	338.9	-4.190
GCTACC	875.0	806.2	-4.187
TTAGAG	3100.0	2358.8	-4.174
GAAGCA	1898.0	1622.9	-4.172
CTCTTT	10569.0	9130.9	-4.172
CGTGTT	993.0	836.1	-4.168
CCATCC	2360.0	1785.2	-4.161
GAGCGT	313.0	219.1	-4.140
CATTTT	14993.0	12969.1	-4.117
GCTAAA	1877.0	1413.1	-4.094
TGACCC	1392.0	1122.0	-4.094
GAAGAC	1557.0	1166.3	-4.087
CTCTTA	3821.0	2920.4	-4.084
ACCCCT	1765.0	1327.9	-4.077
ACCTGT	2857.0	2172.2	-4.068
CCGAGA	625.0	454.6	-4.062
CGCACA	327.0	230.9	-4.031
GGGACA	1426.0	1176.4	-4.007
ATTCTT	9519.0	7749.6	-3.998
GGACGA	250.0	173.6	-3.990
CCGATC	212.0	155.4	-3.925
GACACG	340.0	285.1	-3.917
CGTTAT	518.0	433.0	-3.916
GCCGGG	1073.0	797.8	-3.915
ATCGTG	563.0	408.6	-3.893
AAACCT	2650.0	2140.9	-3.867
TCACTA	2345.0	1908.9	-3.848
ACAATC	1929.0	1457.3	-3.846
AGAACG	396.0	282.7	-3.843
TGATTG	3295.0	2748.6	-3.842
TTCCGA	465.0	335.4	-3.839
CGCGTC	156.0	177.0	-3.818
ACGTCA	381.0	271.1	-3.798
TGGTAC	1542.0	1334.7	-3.785
GGAATG	2342.0	2005.3	-3.778
CGGTTG	326.0	291.2	-3.777
GATACT	1870.0	1426.8	-3.776
TACTAC	1458.0	1095.2	-3.750
TGCAGG	2508.0	2178.2	-3.749
ACGCGC	167.0	113.2	-3.741
AGCTAG	1567.0	1194.1	-3.735
GGCGAG	468.0	338.7	-3.730
ATCGTA	407.0	291.2	-3.726
AAGTGC	3078.0	2685.2	-3.723
GGGCTG	2243.0	1866.2	-3.716
CGTGAG	1000.0	943.5	-3.700
CGCCGT	203.0	180.7	-3.661
CCCGGA	504.0	365.6	-3.656
TTGAGC	2933.0	2238.9	-3.647
TGTCGT	597.0	436.0	-3.635
CTTCCG	772.0	569.0	-3.628
ACGCTA	203.0	140.1	-3.609
CGAGGA	476.0	345.3	-3.593
ACGGAA	427.0	308.8	-3.585
GTCCTG	2019.0	1870.2	-3.584
TGGTCG	321.0	228.5	-3.581
CTGTGG	3421.0	3208.1	-3.561
GTGACG	435.0	346.2	-3.554
CGATAG	208.0	144.0	-3.541
ACCCGT	330.0	235.4	-3.538
TATACT	3465.0	2654.4	-3.532
CCCTCA	2065.0	1887.5	-3.515
TTCAGT	6255.0	5108.9	-3.492
CCATAG	1391.0	1047.2	-3.491
TAGAGC	1306.0	981.8	-3.484
AACCCG	381.0	273.8	-3.475
GGGTTT	6244.0	5286.2	-3.470
GATTTC	4668.0	3594.9	-3.468
GGACCG	249.0	175.2	-3.427
GTGTTC	2723.0	2331.5	-3.423
CGCGTT	108.0	139.5	-3.395
ACAGTA	2242.0	1707.2	-3.390
GATTGC	2219.0	1831.8	-3.341
GTTTAC	2741.0	2131.1	-3.335
CTGGAA	3500.0	2934.3	-3.330
TCACCT	3256.0	2585.3	-3.318
TGTGAT	5245.0	4047.9	-3.301
GACCAT	1354.0	1020.3	-3.284
ACAAGG	1621.0	1227.8	-3.283
GCGTAA	260.0	184.3	-3.279
ACGGCG	131.0	127.1	-3.247
CTTAGG	2018.0	1605.2	-3.246
GTCTGT	3829.0	3693.7	-3.239
GTACTT	2918.0	2235.1	-3.209
GTGTCG	423.0	378.6	-3.174
GACGGG	647.0	781.7	-3.155
AATCCG	283.0	202.7	-3.144
GTATTA	2989.0	2292.2	-3.117
CGCTAC	220.0	155.4	-3.109
GAAGGT	1851.0	1408.4	-3.078
CTCGTC	527.0	387.6	-3.067
CGTAAG	347.0	250.5	-3.063
GGTACT	1213.0	915.1	-3.055
TTCGAA	472.0	346.8	-3.046
GTACTG	1586.0	1203.2	-3.046
TCGTTC	580.0	429.6	-3.006
AGCAAG	2072.0	1581.4	-2.990
GGGGTA	1087.0	818.8	-2.988
TTCTTC	10617.0	9005.0	-2.979
GCTCCT	2091.0	2293.8	-2.933
TCGGGT	470.0	351.1	-2.931
TTACGC	245.0	200.4	-2.925
TTCTCT	11748.0	10707.7	-2.925
GCGCTC	308.0	366.3	-2.910
ACTCTC	1926.0	1769.8	-2.892
CGGAGA	431.0	316.9	-2.888
CTATCG	261.0	187.2	-2.880
ACGCCG	154.0	107.7	-2.880
GCCCGA	331.0	240.8	-2.860
CCACAG	2222.0	1876.1	-2.860
TACCCC	1081.0	815.0	-2.855
GATGTA	2055.0	1571.3	-2.844
GGTTAA	1912.0	1602.4	-2.838
GGTCGT	295.0	213.2	-2.824
GTTAGA	2024.0	1547.3	-2.823
CCTTGG	2974.0	2670.7	-2.813
CGTCGA	50.0	54.4	-2.807
GACTTA	1774.0	1353.9	-2.806
AAGGTC	1603.0	1220.1	-2.805
CAATCG	218.0	197.3	-2.803
AATTAG	3238.0	2493.2	-2.787
AACACT	2495.0	1914.8	-2.782
GTATGC	1212.0	918.8	-2.764
TCAAGG	2177.0	1735.2	-2.760
GCGAAG	264.0	190.2	-2.758
TATCGG	260.0	187.1	-2.755
CGTATC	285.0	206.8	-2.736
CCCAAC	1412.0	1196.9	-2.724
GAGCCA	3252.0	2780.0	-2.706
GGGCGT	485.0	359.0	-2.698
CGGCGA	177.0	125.0	-2.693
CAGCAT	2494.0	2283.6	-2.693
GGATCT	1989.0	1523.0	-2.680
CGGCGC	366.0	359.3	-2.678
CAGTTA	2845.0	2189.7	-2.669
CTTCTG	6161.0	4783.4	-2.664
CCGGTA	198.0	141.6	-2.640
AGGATG	2220.0	1998.9	-2.610
TTACCC	1967.0	1506.6	-2.602
AAGGTA	2100.0	1610.7	-2.590
GTGGCT	3375.0	2677.4	-2.583
GAAACA	2801.0	2156.8	-2.582
CTGGTT	3875.0	2996.2	-2.568
TAATCG	300.0	265.6	-2.555
GTCGGT	257.0	186.9	-2.551
AGACGC	282.0	205.5	-2.542
AATACA	3696.0	2858.8	-2.535
GGACGG	355.0	260.9	-2.508
CATCGT	505.0	375.9	-2.508
ACCACC	1870.0	1742.0	-2.504
TTCCCG	822.0	620.6	-2.497
GTAATG	2288.0	1758.3	-2.496
TTGTCG	602.0	450.1	-2.484
CGGTCA	237.0	230.6	-2.482
AACACG	428.0	317.9	-2.480
GGGTAC	987.0	765.7	-2.478
CTTAGT	2931.0	2293.5	-2.472
TCATAC	1754.0	1344.0	-2.459
GTGGCC	1678.0	1341.4	-2.456
TACGCT	257.0	209.8	-2.446
GTTACA	2498.0	1923.9	-2.446
GAGGTC	1648.0	1261.2	-2.445
CTAGCC	1197.0	911.5	-2.431
TAACGT	550.0	497.5	-2.430
ATCCTA	1789.0	1371.5	-2.430
ACGGCT	426.0	316.3	-2.418
AGAACC	1460.0	1115.6	-2.417
CGGGAC	311.0	228.4	-2.405
GCTATC	1195.0	910.8	-2.393
AAGAAG	3156.0	2439.9	-2.385
TCATCT	4845.0	3761.7	-2.385
TCCCGT	575.0	431.9	-2.384
TCTTTC	13027.0	12172.1	-2.373
AGTCTT	6250.0	4863.1	-2.366
CATCAG	1946.0	1835.7	-2.356
GTACTC	1101.0	859.8	-2.343
ACTTAC	2000.0	1537.9	-2.328
CGAACG	90.0	62.2	-2.322
AATCCT	3301.0	2554.7	-2.314
TAGAAG	2421.0	1867.9	-2.300
CTAGTA	1749.0	1342.7	-2.295
TTGAGT	4383.0	3872.3	-2.287
GGCCAA	1656.0	1270.9	-2.285
ATTCGT	585.0	439.7	-2.281
AATTCT	6818.0	5313.3	-2.270
AGAGGC	1773.0	1523.5	-2.263
CTGATA	2495.0	1925.7	-2.241
GGGGAA	2108.0	1623.0	-2.238
GACGAC	183.0	132.1	-2.231
ACTAGC	938.0	755.2	-2.229
TAGCGG	232.0	227.8	-2.220
AACTCC	3198.0	2558.7	-2.220
CTTCCC	4455.0	3460.9	-2.217
AGGTAC	1207.0	922.0	-2.215
AACCAG	1850.0	1585.7	-2.209
GGCCCG	509.0	382.0	-2.202
GCGGAA	267.0	196.4	-2.195
TATCGT	461.0	366.5	-2.192
GAGTCA	1631.0	1527.1	-2.189
CTGCTT	5629.0	4382.1	-2.174
TTGGTG	3806.0	3410.3	-2.162
CCGTGA	406.0	303.3	-2.152
AATCTT	5552.0	4324.3	-2.136
GCCCGT	368.0	273.9	-2.132
AGTCCG	253.0	203.3	-2.125
ATAACG	312.0	231.8	-2.113
GGACAG	1606.0	1234.7	-2.106
ACGAGA	321.0	238.1	-2.100
AACCCT	1644.0	1264.4	-2.099
GTACGG	170.0	123.4	-2.089
CCAACG	245.0	180.3	-2.087
TCCGGA	387.0	288.3	-2.086
AACGAC	195.0	142.7	-2.080
GGTAGC	1041.0	860.0	-2.080
TCCTAA	2837.0	2197.6	-2.069
ACTAAT	2471.0	1911.9	-2.062
TGACCG	284.0	210.1	-2.059
TCGTAT	520.0	391.0	-2.055
ACAGGC	3060.0	3396.6	-2.053
AACTCG	437.0	328.3	-2.030
TGCACC	1935.0	1700.4	-2.020
TAGAAC	1726.0	1330.7	-2.020
TGTTAA	5161.0	4021.8	-2.017
AACTTA	2825.0	2189.1	-2.012
ACGACT	239.0	176.9	-2.006
AAGATA	2865.0	2221.5	-2.004
CAAAAC	2565.0	1987.0	-1.998
AGTAGT	2657.0	2058.8	-1.996
CTTTAA	6387.0	5172.9	-1.993
ATAGTG	2355.0	1823.0	-1.978
CGACCC	240.0	177.8	-1.974
CGTACA	253.0	187.2	-1.965
ACTGAT	2871.0	2227.6	-1.952
AACAGT	2754.0	2135.2	-1.951
CCCCAC	2235.0	1729.5	-1.932
ATCAAG	1750.0	1462.2	-1.930
ACGGTG	519.0	426.6	-1.917
TTACCT	3594.0	2795.0	-1.915
ACGACG	89.0	63.6	-1.898
GTATAC	1639.0	1264.1	-1.896
AGACTA	1668.0	1287.9	-1.891
TCGACT	382.0	286.2	-1.887
GACATG	1721.0	1329.8	-1.874
GAGCTA	1324.0	1019.8	-1.848
TGGCTT	4808.0	4176.4	-1.848
TCGGGC	375.0	281.8	-1.845
TGCGTC	402.0	386.5	-1.831
CTCGAA	615.0	682.2	-1.830
AGTCAC	1652.0	1479.7	-1.826
TTGTAC	2805.0	2178.6	-1.820
TTCTAC	3553.0	2767.0	-1.817
TCTTCG	631.0	480.6	-1.812
TAGGTA	2393.0	1856.1	-1.810
GTAGGC	994.0	806.1	-1.800
AGCTTG	2251.0	1745.3	-1.793
TTGTGC	3053.0	2374.1	-1.792
GGTAAG	1564.0	1208.6	-1.791
GAGGAT	2170.0	1683.5	-1.778
GTGAGC	3144.0	2446.7	-1.776
TGAGCG	400.0	302.0	-1.775
CGACAA	204.0	151.1	-1.764
CGGATA	204.0	151.1	-1.764
CGGTAA	273.0	204.6	-1.757
GCATTG	2017.0	1713.0	-1.754
TGATCG	411.0	376.0	-1.754
TGTTAG	3332.0	2930.6	-1.751
ATTCAT	5112.0	4632.5	-1.750
GTGGGT	2459.0	1909.9	-1.746
CCGAGC	428.0	324.3	-1.742
CGTTAA	394.0	297.6	-1.713
TAATAC	2395.0	1861.4	-1.712
GCAACT	1578.0	1244.1	-1.698
GGTTAG	1517.0	1173.0	-1.693
TTTAAA	16398.0	12882.1	-1.692
ATCACA	2612.0	2031.4	-1.692
CATCGA	311.0	234.2	-1.676
TTATCG	433.0	329.2	-1.639
TAGGGG	1115.0	900.4	-1.635
CCCGTG	506.0	385.5	-1.629
TTTCTC	11891.0	10875.4	-1.628
AGTAAT	3170.0	2471.2	-1.626
ACCGTC	296.0	223.9	-1.614
ATCCGA	222.0	166.2	-1.609
AAACTT	5055.0	3953.2	-1.606
TGTACG	369.0	279.7	-1.584
ACGAAC	193.0	144.8	-1.571
ATCGTT	623.0	477.4	-1.570
CGCTAG	189.0	141.2	-1.561
CAAACT	2998.0	2562.3	-1.543
TTAAAC	3566.0	2785.6	-1.541
CGGAAA	376.0	285.7	-1.531
TCCGTT	764.0	587.3	-1.528
GGTGTT	2946.0	2576.1	-1.527
CCGATG	234.0	176.3	-1.518
GATACC	948.0	828.7	-1.516
AGGTCA	2110.0	1642.7	-1.515
TAAGCA	2339.0	1822.2	-1.508
TCCAAC	1511.0	1305.9	-1.506
TAAGTT	4871.0	3813.7	-1.498
TTACTC	3141.0	2452.1	-1.496
TCCGCT	587.0	450.5	-1.494
TACGTA	523.0	401.0	-1.488
TTAGCG	315.0	239.1	-1.481
AGCTGA	2445.0	1906.2	-1.477
CGCTTT	754.0	581.4	-1.464
GTCCCC	1466.0	1207.1	-1.463
TAGACT	1924.0	1497.9	-1.463
AGTTTA	4895.0	4068.6	-1.451
CTGAAA	3792.0	3276.2	-1.445
CCCGAA	372.0	283.8	-1.432
GACGCG	133.0	99.5	-1.420
AGACGT	478.0	366.6	-1.408
GTGAGA	2917.0	2279.1	-1.408
CTAAAG	2154.0	1679.4	-1.403
GTCGGG	396.0	303.9	-1.403
TGACAT	3027.0	2366.4	-1.403
GTCGTT	437.0	335.2	-1.396
GCATGG	1764.0	1373.0	-1.394
CTTGCC	2807.0	2415.6	-1.392
ATGACG	266.0	202.6	-1.383
ACTCGA	291.0	243.0	-1.381
ATCGGA	213.0	161.7	-1.378
ACTAGT	1489.0	1158.2	-1.367
TGACGG	353.0	269.2	-1.364
ACCTTA	1974.0	1555.6	-1.361
CAGATA	2482.0	1939.4	-1.358
GAGCGG	472.0	365.7	-1.358
TTGAGG	3629.0	2842.3	-1.351
TTCCCC	4221.0	3307.2	-1.349
AAACTC	2980.0	2514.2	-1.346
TAGGGT	2220.0	1733.8	-1.344
CGCTTC	555.0	428.2	-1.341
GCACAG	1814.0	1480.3	-1.330
GCGTCG	137.0	132.0	-1.322
TAGCAG	1939.0	1514.9	-1.304
CGCTGG	487.0	498.9	-1.297
CTTAAA	4656.0	3653.9	-1.291
CTAGCT	2197.0	1873.6	-1.286
CGATGC	235.0	179.0	-1.276
TCGACA	244.0	186.2	-1.275
TCTACT	3548.0	2781.9	-1.272
ATGGTG	3369.0	2640.3	-1.268
CACGCG	182.0	138.2	-1.263
AAGTAA	3286.0	2575.7	-1.255
GCTTCG	409.0	315.4	-1.253
AGTTGT	3946.0	3192.5	-1.249
CAACTC	1609.0	1309.9	-1.244
CCGACA	214.0	163.9	-1.244
AATAGC	2099.0	1641.0	-1.239
TAGGAC	1155.0	899.8	-1.237
TACGGA	273.0	209.9	-1.232
GTGAAC	1525.0	1190.7	-1.224
CATAAC	1309.0	1022.0	-1.221
GAAGCT	2242.0	1900.0	-1.218
ACACCG	274.0	211.0	-1.212
TCGTAA	375.0	288.1	-1.211
TTTACG	664.0	534.5	-1.199
CCTACG	214.0	223.2	-1.183
GGGTCC	930.0	948.6	-1.167
GCATAC	954.0	744.1	-1.157
AGTCAG	2106.0	1846.0	-1.154
TATGTA	4806.0	3974.7	-1.153
GATACA	1834.0	1435.4	-1.153
CCAAGA	2053.0	1608.5	-1.152
TGAGTC	2044.0	1869.4	-1.151
CCTGCT	3182.0	2831.0	-1.149
GCTCAT	2387.0	1871.3	-1.148
GTCTGG	2269.0	1831.7	-1.138
CACTCG	291.0	314.1	-1.121
GTACAT	2540.0	1992.8	-1.121
GCGGCC	614.0	477.4	-1.116
CCTTTA	4486.0	3785.6	-1.112
ACCCGA	261.0	201.0	-1.110
GACGTT	455.0	353.9	-1.109
GCCGTT	400.0	310.9	-1.104
ACGGTT	414.0	321.5	-1.101
CAACAT	2598.0	2039.4	-1.096
CCACCG	882.0	826.3	-1.089
TTAACG	450.0	385.8	-1.089
TCAAAC	2664.0	2091.8	-1.087
GACGAA	276.0	213.8	-1.085
CCGTAC	176.0	135.7	-1.080
GTAATA	2449.0	1922.5	-1.075
ATTAGG	2066.0	1620.9	-1.071
CCCATG	1709.0	1538.0	-1.071
CACCCG	624.0	648.4	-1.070
AACGCG	91.0	69.9	-1.070
TGGCAG	2494.0	2011.7	-1.066
TTCACT	5385.0	4894.8	-1.059
CCGTTA	296.0	230.0	-1.056
TTTGCG	732.0	571.0	-1.056
ACCGAA	255.0	217.9	-1.052
GTAACT	2088.0	1639.4	-1.051
TAAGAT	3020.0	2375.0	-1.045
CCCCTA	1175.0	920.4	-1.024
AGGCCA	1995.0	1566.3	-1.022
ACACTC	1252.0	1034.7	-1.020
GAACGG	252.0	195.7	-1.020
GAGTAT	1878.0	1474.8	-1.019
AACCGT	313.0	243.0	-1.004
GACCCA	1086.0	852.0	-1.003
ACTGTC	2138.0	1769.5	-0.993
ACGGAC	203.0	157.3	-0.990
TCACGA	464.0	362.1	-0.987
CGGAAT	348.0	270.6	-0.980
TCACGT	697.0	545.3	-0.979
GCGAAT	199.0	154.4	-0.978
TCTAAT	4195.0	3304.0	-0.977
TCTAGT	3321.0	2614.6	-0.977
CCATCG	324.0	252.8	-0.976
CGATGT	367.0	285.8	-0.974
CCGGGA	631.0	493.1	-0.972
AACCCA	1788.0	1405.0	-0.968
CGTGCT	532.0	415.1	-0.967
GCGGGG	906.0	813.6	-0.967
ATCTTC	4045.0	3187.4	-0.961
ACTAGG	1135.0	890.0	-0.957
CCAACT	1900.0	1494.4	-0.945
TGCAGA	2611.0	2644.7	-0.934
CCTGAC	1791.0	2153.2	-0.930
CCCCGA	455.0	356.7	-0.923
AACTTC	3202.0	2523.4	-0.921
CTCATC	2381.0	1885.1	-0.917
ACTTTT	11754.0	9312.5	-0.916
CTACAG	2473.0	2278.7	-0.912
CACCGA	305.0	238.5	-0.911
AATTCG	395.0	309.5	-0.910
GGAAGG	2136.0	1913.6	-0.909
TGTACT	3114.0	2454.6	-0.908
GTGCTT	3153.0	2729.7	-0.907
GCCGAA	254.0	198.3	-0.905
CTGTAC	1926.0	1517.6	-0.880
TGGAGA	3335.0	2818.0	-0.879
CTGTAT	4073.0	3214.3	-0.871
CCCATA	1414.0	1113.0	-0.866
GTACAC	1069.0	841.5	-0.865
GTCGAA	191.0	149.7	-0.864
GGGAGC	1225.0	1170.9	-0.862
TCTCTG	6512.0	6051.9	-0.855
GGTAAC	1073.0	844.4	-0.842
CGCATA	197.0	154.2	-0.840
ACGGGC	273.0	214.7	-0.828
GCTACG	193.0	151.7	-0.828
AGTCCT	2506.0	1977.1	-0.826
TTGATC	3138.0	2628.5	-0.826
ACAGCT	2447.0	1930.5	-0.825
AAACGA	526.0	413.6	-0.823
TAGGCG	330.0	259.5	-0.823
GGACGT	302.0	237.2	-0.818
TACGAA	302.0	237.6	-0.818
CGGGGA	574.0	452.1	-0.817
CCGTAT	331.0	260.2	-0.809
TTTCTA	10447.0	8258.1	-0.808
GTTAAC	1619.0	1277.6	-0.806
ATCGGG	251.0	197.8	-0.804
CTTGAT	3583.0	2962.4	-0.799
TTCGTG	726.0	572.9	-0.792
TTGCCG	462.0	364.5	-0.786
TCCCTG	3499.0	2966.5	-0.781
GACATC	1228.0	969.8	-0.777
TAGTTC	2889.0	2283.0	-0.773
GTAGGG	1165.0	920.1	-0.770
ACATGG	2276.0	1798.2	-0.762
CGCTAT	350.0	275.7	-0.762
GCCATT	3843.0	3038.1	-0.757
GCGGTT	333.0	278.6	-0.747
CATACC	1263.0	998.5	-0.737
GACCCC	937.0	741.5	-0.732
ATGTCG	328.0	259.5	-0.727
AGAATC	2304.0	1822.9	-0.725
GTGAAG	2166.0	1730.7	-0.722
TAAACT	3617.0	2862.8	-0.721
CTTCGT	697.0	551.1	-0.714
ATGTTA	4356.0	3446.7	-0.713
TTATCC	2816.0	2418.9	-0.711
TGGACT	2133.0	1847.2	-0.710
TGCACG	504.0	398.6	-0.709
ACTACC	975.0	771.0	-0.708
CTAGTC	1239.0	980.1	-0.707
AGTAAC	1628.0	1288.1	-0.706
TCCGTA	325.0	257.9	-0.706
AGCACG	374.0	295.3	-0.705
GTGCTA	1707.0	1351.5	-0.705
CATTGC	2790.0	2209.0	-0.704
CATAGT	2580.0	2043.0	-0.697
AATCGA	297.0	235.0	-0.696
GCCTTC	2873.0	2274.4	-0.695
CGTGAC	326.0	258.0	-0.694
TGATAG	2281.0	1805.6	-0.693
TCAACG	235.0	186.8	-0.692
ACCTGA	1780.0	1409.1	-0.685
TAGTGA	2524.0	1998.7	-0.682
CGGAGC	478.0	378.5	-0.682
AAACCC	1732.0	1371.1	-0.680
AAATAC	3810.0	3017.5	-0.677
ACGTCG	82.0	65.6	-0.677
CACGTC	444.0	352.4	-0.676
TTAAGT	5337.0	4226.8	-0.671
AAGATG	2911.0	2306.2	-0.666
TACATA	3810.0	3018.9	-0.661
ATTTGG	5424.0	4334.8	-0.660
ATCTAG	1791.0	1420.2	-0.654
TGGCCG	598.0	474.0	-0.651
CGCATT	361.0	286.7	-0.638
GAAGAG	2546.0	2018.8	-0.635
CGAACA	230.0	183.8	-0.630
CGTTCT	762.0	605.1	-0.629
AGGACG	332.0	264.6	-0.627
CTACGA	211.0	168.3	-0.624
CGGAAC	187.0	149.1	-0.620
AACGAG	304.0	242.1	-0.615
CAGTTC	3072.0	2436.5	-0.615
ACCCCG	465.0	370.4	-0.615
ACGGTA	253.0	226.4	-0.614
ACGATT	496.0	394.6	-0.606
CGGGTG	607.0	490.5	-0.606
ATCCGC	399.0	480.0	-0.601
TTTCGC	846.0	673.7	-0.591
ACTGGG	1885.0	1674.7	-0.589
CAACGA	204.0	163.8	-0.589
AGAGGG	1956.0	1553.0	-0.588
GCGAAC	128.0	118.7	-0.584
GAATGC	1789.0	1575.1	-0.578
CGGTAT	254.0	204.0	-0.575
GTGCCT	2754.0	2187.3	-0.574
CGATAT	348.0	277.1	-0.573
TTGGCG	438.0	362.6	-0.569
GTCCGA	204.0	170.6	-0.567
ATACTA	2127.0	1691.0	-0.564
AAAAAC	4476.0	3553.9	-0.558
GTGATA	2011.0	1870.6	-0.553
ATCTTT	10135.0	8039.6	-0.553
GCGCTG	523.0	471.6	-0.553
GTTGCA	2437.0	1937.4	-0.552
GTACTA	1208.0	962.9	-0.550
TAATAG	2757.0	2191.9	-0.546
GCTCTA	1514.0	1282.4	-0.546
AGTAAG	1922.0	1528.1	-0.544
TCATAG	2723.0	2164.2	-0.543
AACTAC	1428.0	1137.9	-0.542
GGGCCA	1299.0	1034.9	-0.541
TGCGAG	282.0	226.4	-0.538
ACGTTT	1271.0	1012.5	-0.536
ACGTTC	397.0	318.5	-0.528
AAAACA	5511.0	4376.2	-0.528
TCGAAC	577.0	549.2	-0.522
CCGCAC	383.0	307.2	-0.522
TTAACT	4534.0	3602.1	-0.518
CAAGAT	2357.0	1875.3	-0.515
AACGTA	428.0	343.7	-0.515
TGTGAC	2248.0	1897.1	-0.512
AGTATA	2825.0	2247.4	-0.510
GGGCTA	924.0	738.4	-0.508
TCGATC	400.0	401.3	-0.505
TAGCTT	3817.0	3035.1	-0.503
AAGACT	2408.0	1917.9	-0.496
GGTCCA	877.0	912.6	-0.492
GAAGCC	1494.0	1345.2	-0.491
ACGCTC	234.0	238.0	-0.490
GTTCTC	3131.0	2851.7	-0.489
TTACCG	348.0	279.3	-0.484
TCGGGG	506.0	439.7	-0.483
ACGAAG	388.0	312.8	-0.480
GTATAA	2403.0	1914.7	-0.480
CCAGAT	2059.0	1641.7	-0.480
AATCAC	2076.0	1655.5	-0.475
GTGGAA	2298.0	1831.2	-0.474
ATCGGC	244.0	197.1	-0.472
CACTAA	1576.0	1258.4	-0.465
TCGTCG	124.0	101.1	-0.465
CCTGGT	2509.0	2118.8	-0.464
TCGCTA	305.0	246.3	-0.461
CGCGGC	391.0	315.8	-0.457
AGACTT	3155.0	2512.1	-0.457
TAAGGG	1399.0	1117.8	-0.455
ACTAGA	1486.0	1187.6	-0.446
GGAAAG	2587.0	2062.8	-0.445
TTGAAC	3442.0	2742.9	-0.445
CTCGTA	287.0	232.7	-0.444
CGCCTA	312.0	252.2	-0.444
TCTGCT	5586.0	4681.7	-0.438
AAAAAG	5441.0	4330.2	-0.438
GCATCG	273.0	221.2	-0.436
CTTCGG	485.0	390.3	-0.431
TTCGAT	510.0	410.8	-0.430
TTGGCT	5975.0	4755.8	-0.429
GGGAAG	2389.0	1906.2	-0.428
GGGAAA	2853.0	2275.3	-0.427
GGCTGC	2175.0	1983.3	-0.427
GCGGGT	470.0	380.8	-0.427
CCCGTT	465.0	375.3	-0.425
CGGGCG	636.0	511.1	-0.422
CTACTA	1729.0	1382.0	-0.422
ACGCAC	295.0	240.0	-0.419
TCGTCA	466.0	376.4	-0.419
CCCGAT	260.0	211.3	-0.418
TTAGGC	1570.0	1256.3	-0.413
TCTACC	2079.0	1710.8	-0.408
GGAGAA	2933.0	2340.9	-0.405
CGATTA	317.0	257.5	-0.405
ACCTTT	4835.0	3852.6	-0.399
CAATGC	1093.0	1064.2	-0.398
ACGATG	339.0	274.6	-0.398
TAACGA	255.0	223.4	-0.393
GAGCAA	1672.0	1338.7	-0.392
CCCGTC	592.0	477.2	-0.391
ACCCTT	2174.0	1738.4	-0.390
GTTACG	331.0	282.8	-0.390
AAACAG	3058.0	2477.4	-0.389
ATCTAT	3162.0	3037.0	-0.386
AAGTAT	3422.0	2731.8	-0.382
AATCGT	457.0	370.3	-0.381
TTGCCT	5286.0	4591.5	-0.375
CCTTAA	2587.0	2067.2	-0.375
CGAATT	418.0	339.8	-0.374
GGTAGA	1779.0	1425.9	-0.373
CTAACC	969.0	779.4	-0.367
CGGCCC	571.0	462.1	-0.364
AAAGTA	3659.0	2921.6	-0.361
AGTTAG	1976.0	1583.0	-0.361
AGTACC	1183.0	950.1	-0.358
GTAGAA	2267.0	1815.8	-0.356
TTTTCA	14545.0	12309.7	-0.353
CGACCG	102.0	85.0	-0.352
GCTACA	1246.0	1042.7	-0.352
TCGATA	274.0	224.7	-0.348
CAGCAA	2005.0	1827.5	-0.341
TCTGAC	2082.0	1788.9	-0.340
TAACAC	1643.0	1319.2	-0.340
CGAACC	155.0	136.9	-0.338
AGGTAA	2336.0	1871.3	-0.337
AGGGCG	394.0	321.7	-0.336
TTACTA	3305.0	2643.6	-0.332
AGCAGG	1921.0	1609.4	-0.328
TCGGAA	318.0	260.3	-0.327
GGAGCA	1414.0	1373.1	-0.327
CGATGG	360.0	293.3	-0.326
ACACCA	1867.0	1498.6	-0.324
TCCTCA	3290.0	2891.3	-0.323
TACTAG	1477.0	1187.8	-0.322
AATACG	376.0	307.5	-0.322
CGGTTA	247.0	203.8	-0.320
GTGCGT	458.0	373.9	-0.318
TATCCT	3204.0	2726.9	-0.318
AACGCA	263.0	216.7	-0.317
ACGTCT	525.0	427.9	-0.317
GGAAGA	2719.0	2177.6	-0.317
ACGCTT	383.0	313.5	-0.311
GTAGGA	1451.0	1169.0	-0.308
TCGCGA	92.0	83.8	-0.306
GCCGAC	197.0	163.1	-0.306
GGGGAT	1457.0	1173.5	-0.305
CTAATC	1478.0	1189.6	-0.304
CGTATT	686.0	556.4	-0.304
GCACGT	529.0	431.6	-0.298
TTGATA	4216.0	3372.4	-0.296
TAGCTG	5235.0	4182.3	-0.296
TTCGGG	458.0	374.8	-0.292
CACACG	474.0	387.1	-0.289
ATGGCA	2336.0	1875.0	-0.289
AAGCGC	283.0	233.8	-0.289
GCCATA	1204.0	972.3	-0.286
AGCGTT	557.0	454.8	-0.286
TCGCAA	216.0	179.8	-0.283
ATCACC	1777.0	1430.6	-0.280
TCCTTA	3619.0	2899.3	-0.278
AGCACT	2631.0	2151.3	-0.278
GAACGC	233.0	193.1	-0.275
GTAAAC	1580.0	1273.3	-0.274
GCCGAT	228.0	189.9	-0.273
TGAGAT	5730.0	4580.1	-0.270
GGATGG	1797.0	1683.3	-0.267
GCACGG	376.0	309.3	-0.267
CACACC	2285.0	1892.7	-0.265
GAACAG	1691.0	1363.5	-0.264
TTCGTA	589.0	480.5	-0.262
TGCTCC	1950.0	1839.2	-0.261
AGGGGA	1765.0	1422.1	-0.260
TCGTTA	502.0	410.9	-0.259
GATCGG	225.0	187.7	-0.259
TACCCT	1827.0	1471.6	-0.259
AACAGG	1730.0	1394.0	-0.259
TTCTGA	5898.0	4716.4	-0.256
GCTAGC	853.0	944.1	-0.256
GTTGTC	2413.0	1940.2	-0.256
GGTTAT	2624.0	2181.5	-0.255
TAAGGT	2147.0	1727.8	-0.254
TACGAT	363.0	298.3	-0.254
AGATGA	2941.0	2362.6	-0.254
AACGTG	627.0	511.7	-0.253
TATCCG	242.0	201.1	-0.253
ACACGA	279.0	231.8	-0.252
GAGGGA	2118.0	1705.0	-0.251
ATAACT	2696.0	2166.9	-0.249
AATGGC	2484.0	1997.8	-0.248
CAAGGG	1381.0	1116.4	-0.248
ACGTGT	737.0	600.2	-0.245
GTCGAG	254.0	211.5	-0.245
TACATG	3079.0	2472.2	-0.241
CCAGAG	2278.0	2052.7	-0.241
TAAAGT	4259.0	3414.2	-0.238
CGATAA	229.0	191.2	-0.236
TTAGGG	2135.0	1972.7	-0.236
CGCCTT	740.0	604.3	-0.235
TGCGCA	330.0	273.2	-0.233
CCAGCG	497.0	432.4	-0.233
CGCGGA	151.0	160.3	-0.231
TAGTCA	1911.0	1542.5	-0.231
GGGCGC	647.0	591.7	-0.230
CAGAGC	2227.0	1794.1	-0.228
ACATGC	1765.0	1425.6	-0.226
ACAACT	1816.0	1466.1	-0.226
ATTCCG	380.0	314.8	-0.224
ACCTGG	2398.0	2004.5	-0.223
ACGAGC	183.0	154.2	-0.222
TATCAC	1906.0	1539.6	-0.221
CGGATT	397.0	328.2	-0.219
AGAGAC	2749.0	2651.1	-0.218
GTCTAC	1127.0	915.8	-0.218
ATACCC	1106.0	898.7	-0.218
TGTCGG	361.0	298.6	-0.216
CTAGCA	1403.0	1236.5	-0.214
GATAGA	1668.0	1349.5	-0.214
ACACGC	351.0	290.2	-0.214
GCACTA	969.0	788.4	-0.214
CGACTG	260.0	217.1	-0.214
ACGATA	260.0	217.4	-0.214
CTAAGG	1334.0	1081.9	-0.213
ACACTA	1371.0	1111.3	-0.211
ACGTAC	245.0	205.7	-0.209
AAGTAC	1707.0	1380.9	-0.208
CGCACC	473.0	391.0	-0.207
CGCGCA	173.0	162.5	-0.206
AGGGTA	1554.0	1258.9	-0.206
CGCCAG	537.0	442.0	-0.204
CTGATC	1921.0	1552.1	-0.203
CTCTAG	2179.0	1758.3	-0.203
TACAAC	1432.0	1161.8	-0.201
ATGCCA	2413.0	1947.0	-0.200
ATTGTA	4140.0	3324.9	-0.200
CGTTAC	263.0	221.0	-0.200
CAAACG	429.0	355.0	-0.196
ATCCTT	4339.0	3484.2	-0.196
AGTTGC	1944.0	1690.1	-0.196
AAACGT	702.0	575.2	-0.194
CATCCG	351.0	292.0	-0.193
CGACAT	230.0	216.7	-0.191
AACGTT	693.0	568.6	-0.191
GTCGAT	200.0	169.7	-0.190
CGGTAC	139.0	119.6	-0.189
CTTATG	2473.0	1995.6	-0.188
CGTAAA	384.0	319.1	-0.188
ACTTGG	2624.0	2117.3	-0.187
CGTCTT	820.0	671.2	-0.183
TACGTG	575.0	474.3	-0.182
ACGCAT	278.0	233.7	-0.182
GATCAG	1390.0	1131.0	-0.181
CGTATA	349.0	290.1	-0.180
ATCGCC	316.0	264.1	-0.180
AAAAAT	10515.0	8408.5	-0.179
GGCCGT	360.0	299.5	-0.179
GATGCG	268.0	225.8	-0.178
GTTAAG	1935.0	1567.9	-0.178
ACACCC	1197.0	1167.0	-0.173
CTGCGG	570.0	573.9	-0.173
TTCCGC	500.0	413.8	-0.173
CACAAC	1338.0	1089.2	-0.172
TAATGC	2017.0	1633.2	-0.171
GAAACG	447.0	371.3	-0.171
GTAATT	4166.0	3350.8	-0.170
AAAGGT	2543.0	2054.1	-0.169
ATTTCA	8224.0	6586.3	-0.169
CCTGTT	4307.0	3706.2	-0.169
CAGATT	3585.0	2887.7	-0.168
TAACTT	4750.0	3818.0	-0.166
TAACGC	172.0	147.5	-0.165
AAAGCG	407.0	339.5	-0.164
GAACCA	1552.0	1261.7	-0.161
CCGTCC	408.0	340.5	-0.161
AGCTGG	5178.0	4237.6	-0.159
TATAAC	1942.0	1575.4	-0.158
GGAGTT	3468.0	2828.5	-0.156
AATACT	3302.0	2663.0	-0.155
CGTACG	48.0	44.2	-0.155
CGGACA	214.0	182.8	-0.153
CTTCAA	3025.0	2882.4	-0.153
CCTTCC	4987.0	4886.2	-0.152
GCTAGT	1345.0	1097.3	-0.150
AGCATA	2006.0	1627.2	-0.149
TGGACG	287.0	242.5	-0.148
GTAAGT	2392.0	1937.0	-0.148
GATCTG	2017.0	1859.5	-0.147
CGAATA	315.0	265.0	-0.146
TACTGA	2702.0	2185.7	-0.146
AACATG	2781.0	2248.6	-0.145
CGCAAA	255.0	216.6	-0.145
GTGTAA	2306.0	1868.3	-0.145
ACGTGC	542.0	450.5	-0.144
ACTCAA	1792.0	1560.6	-0.144
GAAGGC	1402.0	1143.1	-0.143
TACTCA	2251.0	1824.5	-0.142
AGGGGT	1517.0	1235.0	-0.142
GGAAGC	1590.0	1294.0	-0.142
TATGAT	3499.0	2823.2	-0.141
TTGAAG	4026.0	3612.9	-0.141
TTTACC	3658.0	2950.0	-0.141
GTAACG	240.0	224.0	-0.139
TAATTG	3931.0	3169.3	-0.139
TACGAG	218.0	186.2	-0.138
AAACAA	4658.0	3750.7	-0.137
GGATTG	2302.0	1866.4	-0.137
CCGGCG	353.0	296.1	-0.133
GCTTGG	2096.0	1749.9	-0.132
CCTAGC	1269.0	1037.0	-0.131
CAGTAC	1415.0	1155.9	-0.130
GAGAAT	2920.0	2363.7	-0.130
AACAAA	4479.0	3609.7	-0.130
AATAGA	2774.0	2246.4	-0.129
ACTAAA	2601.0	2107.1	-0.129
CCGCTT	525.0	464.0	-0.128
ACCAAG	1506.0	1230.0	-0.126
AATGTA	4104.0	3311.8	-0.126
CGCATC	250.0	213.2	-0.125
GTAGTA	1868.0	1533.7	-0.125
TTCCGG	508.0	423.8	-0.124
GCCTTG	3053.0	2470.2	-0.123
ACTCTA	1828.0	1488.5	-0.123
CTTCCT	7627.0	7278.1	-0.122
AAGGAG	2107.0	1893.3	-0.121
CTCGCC	632.0	526.0	-0.121
AGGTTA	2208.0	1851.0	-0.121
ACGTAA	418.0	351.6	-0.119
GCAGAT	1894.0	1542.2	-0.118
CGTTAG	330.0	279.3	-0.118
TTCGCG	107.0	95.5	-0.117
CGCGGT	281.0	239.6	-0.116
TGTACA	2992.0	2423.5	-0.116
ACCCAT	1812.0	1477.4	-0.116
CCCCTC	2640.0	2141.5	-0.116
CCGTTG	403.0	339.0	-0.116
GACGTC	225.0	193.1	-0.116
CTTTGG	5419.0	4364.4	-0.115
GGAACG	298.0	253.2	-0.115
TCATTG	4848.0	4119.0	-0.115
AGTAGG	1562.0	1275.4	-0.115
CTATCC	1379.0	1129.8	-0.114
ACACGT	539.0	450.7	-0.114
TACGCC	220.0	189.6	-0.114
TTAGGT	3463.0	2887.1	-0.113
GGATCC	1072.0	881.6	-0.111
CGCGTA	49.0	46.5	-0.111
CATAGG	1424.0	1165.9	-0.110
CTGAAC	1632.0	1333.8	-0.106
GCCCTG	2125.0	1729.8	-0.106
CGCTGA	358.0	303.6	-0.106
CCGATT	330.0	280.9	-0.105
GCTATG	1634.0	1335.7	-0.104
CGTTCA	452.0	380.3	-0.103
GGACCA	1083.0	891.9	-0.103
GGTGAG	2076.0	1764.6	-0.102
TGACTA	1810.0	1478.3	-0.101
CATCTT	5176.0	4173.6	-0.100
TCGTGT	729.0	607.0	-0.100
AGGTGA	2643.0	2165.3	-0.100
CTTTCG	767.0	636.3	-0.100
AACTGT	3027.0	2454.0	-0.099
CCGTTC	378.0	320.3	-0.098
GTCCAA	1061.0	1063.3	-0.098
CATTAG	2149.0	1750.1	-0.098
GAGCTG	2212.0	1801.5	-0.098
CGGGCC	532.0	446.9	-0.097
CACGGG	328.0	279.9	-0.097
GACGAT	231.0	212.6	-0.096
TAACGG	238.0	205.5	-0.096
AACTAA	2135.0	1740.3	-0.096
TGGGTC	1810.0	1621.4	-0.095
GCGTTG	329.0	280.8	-0.094
CGTCTG	571.0	478.5	-0.094
GCACAT	1980.0	1615.3	-0.094
GTACGC	151.0	133.6	-0.093
TCGTCT	681.0	567.8	-0.092
AAATCG	381.0	323.7	-0.092
CTCTAC	2077.0	1694.1	-0.091
CACAAG	1459.0	1197.2	-0.088
ATTGGT	2824.0	2834.5	-0.087
GTGTAC	1476.0	1211.7	-0.087
GGGGAC	1085.0	895.7	-0.087
CTACCC	1153.0	1020.6	-0.086
GAAAGG	2205.0	1798.9	-0.085
CGTCCA	346.0	294.1	-0.085
GACAAG	1452.0	1192.3	-0.084
TAAACC	1679.0	1375.6	-0.084
AACAAG	1901.0	1554.5	-0.084
ATGTAT	5441.0	4484.1	-0.083
TACATC	1798.0	1471.6	-0.082
GCCAAC	1022.0	845.1	-0.080
TAAACG	410.0	348.6	-0.080
AAGCTT	3058.0	2485.6	-0.079
TGGGGC	1711.0	1451.5	-0.079
TTAGTG	3250.0	2638.3	-0.079
AGCGCG	203.0	193.1	-0.079
AGATTA	2921.0	2375.8	-0.079
TCTTGA	5311.0	4290.2	-0.078
AAATAG	3705.0	3004.3	-0.078
TGGGCA	2870.0	2334.7	-0.078
ATGATT	4813.0	3891.1	-0.078
TTGCAC	2219.0	1812.2	-0.078
CGGCGT	167.0	164.1	-0.078
GACTGT	2087.0	1705.0	-0.078
TAATGG	2489.0	2029.5	-0.077
AAACAT	4291.0	3473.6	-0.077
AGGGAC	1291.0	1064.6	-0.076
TAACAT	3463.0	2811.2	-0.076
AACGGC	224.0	195.5	-0.075
ATAATC	2365.0	1929.6	-0.075
GCTGTC	1802.0	1550.2	-0.075
GACGCT	259.0	248.2	-0.075
CGTGTA	474.0	401.0	-0.074
CGTACC	195.0	172.0	-0.074
TCATCG	409.0	349.0	-0.072
CGCAGA	307.0	264.3	-0.072
TGTTCC	3331.0	3080.5	-0.072
CAACTA	1238.0	1022.0	-0.071
TGACCA	1769.0	1451.4	-0.070
ACGGAT	257.0	223.2	-0.068
CGTGCG	198.0	174.7	-0.068
CGGATG	269.0	233.7	-0.068
ACCTAT	1650.0	1356.6	-0.068
TGTGGC	2442.0	2293.4	-0.067
TTCGGA	341.0	307.8	-0.067
GCGCGG	519.0	439.9	-0.067
GAGCTT	2192.0	1793.6	-0.066
GACCGC	199.0	175.3	-0.066
ACTCGC	229.0	200.9	-0.066
CACGTT	696.0	583.3	-0.065
TGGGAA	3215.0	2615.6	-0.065
TATGGG	1569.0	1291.1	-0.065
ATAGGT	2128.0	1742.8	-0.063
TACGCA	225.0	198.0	-0.063
GATTGA	1849.0	1518.5	-0.062
ATCATA	2773.0	2261.2	-0.062
CTCTGG	3105.0	2887.8	-0.061
AAGCGT	439.0	374.8	-0.061
AGTTAC	2126.0	1741.1	-0.061
AACTAG	1427.0	1198.6	-0.061
ACCATA	1665.0	1369.9	-0.061
ACCAGC	1994.0	1635.6	-0.061
GGCATA	1351.0	1116.6	-0.060
CAGAAT	3267.0	2659.5	-0.060
AGATAC	1788.0	1469.5	-0.060
AGCCCG	414.0	356.3	-0.060
TGGACC	988.0	822.5	-0.060
TTAATC	3500.0	2977.1	-0.059
TTATAC	3130.0	2550.8	-0.059
AATCGG	263.0	229.6	-0.059
TAACAG	2173.0	1779.2	-0.059
CTACCA	1639.0	1351.0	-0.056
ATTATC	2847.0	2541.8	-0.056
CGGCTT	539.0	457.3	-0.056
CCACGC	675.0	914.9	-0.056
CAGTCA	2167.0	1776.5	-0.055
GTTGTA	2818.0	2300.1	-0.054
CCGACT	294.0	288.0	-0.054
CTAACA	1696.0	1396.3	-0.054
AGTTGA	2627.0	2147.0	-0.054
CTGCCC	2631.0	2150.4	-0.052
TAAGTA	2920.0	2384.3	-0.051
ACCAAA	2212.0	1814.9	-0.051
TGAACG	363.0	313.9	-0.050
ATCCGT	358.0	309.2	-0.050
AATGTT	6418.0	5190.1	-0.049
ATTGCG	317.0	275.1	-0.049
CTACGG	228.0	201.1	-0.049
AACCAT	2051.0	1685.9	-0.049
CCACTA	1389.0	1150.3	-0.048
ATCATC	2020.0	1660.4	-0.048
ATACGA	271.0	237.2	-0.048
GGTCCG	229.0	202.9	-0.048
ATTCGC	208.0	218.7	-0.048
GACATA	1471.0	1217.2	-0.047
GTTAAA	3374.0	2867.7	-0.047
CGACGC	87.0	82.9	-0.046
CGGGTA	261.0	229.2	-0.045
TCCGAA	321.0	279.2	-0.044
CTAGGA	1985.0	1633.5	-0.044
GGTGTA	1570.0	1447.1	-0.044
AACTCA	2175.0	1973.6	-0.044
CTTGCG	294.0	365.2	-0.044
ACGAAA	346.0	299.3	-0.044
GCACTT	2683.0	2196.2	-0.043
GGGCCC	1151.0	959.4	-0.042
GCAGGT	1992.0	1656.7	-0.042
TCGATT	575.0	489.0	-0.042
CCATGG	1748.0	1443.0	-0.042
CCCACA	1857.0	1530.8	-0.041
CTGTGT	5668.0	4797.8	-0.041
TCTCAT	5158.0	4367.7	-0.041
AAAACG	616.0	523.3	-0.041
TCATGG	2783.0	2277.6	-0.041
TACCAC	1655.0	1368.3	-0.040
ATTCTG	5291.0	4982.5	-0.040
CACGTA	454.0	390.2	-0.039
ACTGAC	1396.0	1158.8	-0.038
CGCTAA	174.0	157.5	-0.038
CGGACG	114.0	106.8	-0.038
TCTACG	286.0	251.2	-0.038
TTCGTC	497.0	425.1	-0.037
GCTTCC	2832.0	2346.5	-0.036
ATACGC	189.0	170.8	-0.036
GTATGG	1396.0	1159.2	-0.036
CAGACG	425.0	367.1	-0.035
TACCTA	1850.0	1528.9	-0.034
CAACAG	1791.0	1481.2	-0.034
TCAGTT	5742.0	4676.1	-0.034
ATACAT	3985.0	3249.4	-0.033
GATACG	291.0	256.3	-0.033
GCGTGT	611.0	520.8	-0.033
GTACCG	173.0	157.2	-0.032
CCGAAT	328.0	287.8	-0.032
CGTAGA	334.0	293.0	-0.032
CCCGCA	341.0	297.8	-0.032
CTAGGT	1866.0	1764.0	-0.032
CGGCAT	275.0	244.0	-0.031
TTAGAA	4374.0	3563.9	-0.031
CTTCGC	436.0	377.9	-0.031
CAATCA	1843.0	1524.6	-0.031
ACGTTG	557.0	477.9	-0.031
AACCAA	2011.0	1660.7	-0.031
ACCTTC	2372.0	1952.3	-0.030
ACCATC	1727.0	1430.5	-0.030
TAAATC	2868.0	2352.7	-0.030
ACAGAT	2685.0	2205.3	-0.030
CTACGC	170.0	172.6	-0.029
ATGCGA	234.0	209.7	-0.029
TTGTAA	5373.0	4367.1	-0.029
TTGAAA	6221.0	5048.3	-0.029
CGTCAA	209.0	188.5	-0.029
GCTAAG	1280.0	1068.4	-0.029
CTACAA	1865.0	1543.7	-0.029
TACGGC	177.0	162.0	-0.029
AGGGCC	1184.0	990.9	-0.028
TTGGGC	1948.0	1740.1	-0.028
GGGTAA	1331.0	1111.0	-0.028
CAGATC	1599.0	1329.0	-0.027
CGACAC	172.0	157.1	-0.027
AAACGC	280.0	249.0	-0.027
GCGTAT	281.0	249.9	-0.027
AATTGT	4734.0	3856.3	-0.026
ACATGT	3525.0	2884.7	-0.026
GAAAGC	1759.0	1459.2	-0.026
CTTTGA	5448.0	4491.6	-0.026
ATCAGT	2855.0	2345.4	-0.026
TAGCCA	2219.0	1831.3	-0.026
CGATTG	289.0	256.1	-0.025
CCGGAC	252.0	225.1	-0.025
TGGGAT	4957.0	4851.3	-0.025
ACACCT	1910.0	1756.5	-0.025
CCTAGA	1639.0	1362.4	-0.025
GTGAAA	3055.0	2507.9	-0.024
CAGTAA	2316.0	1911.2	-0.024
ACGACC	176.0	161.8	-0.024
TGATGC	1926.0	1826.3	-0.024
AAGCAT	2665.0	2193.2	-0.023
AAACTA	2683.0	2208.4	-0.023
AGATCT	2818.0	2317.0	-0.023
ACGGGG	609.0	773.4	-0.023
GAAAGT	2722.0	2239.7	-0.023
CGCGGG	385.0	395.9	-0.022
GTGAGG	1841.0	1647.1	-0.022
GATTCG	276.0	265.5	-0.022
TAGTCT	3133.0	2573.3	-0.021
AAGAGC	1661.0	1382.6	-0.021
ACTCGT	417.0	365.9	-0.021
GAGAGG	2065.0	1801.1	-0.021
TAAAAA	9115.0	7378.7	-0.021
GATAAC	1154.0	970.3	-0.021
TAAAGA	3714.0	3042.5	-0.020
GGTGCT	1801.0	1496.9	-0.020
CCCCAA	2029.0	1682.1	-0.020
AAGAGG	2204.0	1823.0	-0.020
GTTCGC	196.0	179.4	-0.020
CATGCC	2962.0	2519.7	-0.020
CTATAC	1224.0	1027.6	-0.020
AAGGGG	1470.0	1228.3	-0.020
CGGCCA	415.0	363.3	-0.019
GTAGGT	1809.0	1503.7	-0.019
AGATGC	1684.0	1402.9	-0.019
CCCATC	2158.0	1787.7	-0.019
ATCATG	2903.0	2389.2	-0.019
GGTATA	1850.0	1538.5	-0.018
GCCCTA	866.0	736.0	-0.018
CTGCGC	541.0	580.4	-0.018
ACTATC	1217.0	1023.7	-0.018
CGCATG	314.0	279.1	-0.018
GCATGC	1527.0	1275.7	-0.018
CCTATA	1588.0	1325.6	-0.017
AGGAGA	2827.0	2329.9	-0.017
CCATAC	1109.0	935.5	-0.017
GCACGC	356.0	321.0	-0.017
TCTGGC	2594.0	2293.7	-0.017
TTCGCA	279.0	250.6	-0.017
AACATA	2918.0	2404.1	-0.017
CGACCA	195.0	179.5	-0.017
GGTCTG	1935.0	1608.3	-0.016
TTAGGA	2801.0	2309.1	-0.016
GACCTA	873.0	743.8	-0.016
TAGATC	1648.0	1375.7	-0.016
AGAGCC	1434.0	1201.2	-0.016
TACTTC	2954.0	2433.6	-0.016
TTGACG	375.0	331.6	-0.016
GTATGT	3882.0	3183.3	-0.016
AGGGAA	2505.0	2071.8	-0.016
TGTCCC	2391.0	1978.1	-0.016
GGAGAT	1989.0	1652.6	-0.015
AGTTGG	2419.0	2001.1	-0.015
GACCTG	1322.0	1110.3	-0.015
ACCCAC	1379.0	1239.0	-0.015
GCAAGT	1503.0	1302.3	-0.015
TGACGT	480.0	418.8	-0.015
GCCTTT	4646.0	3799.4	-0.015
GCGAAA	290.0	260.8	-0.015
TAGTTG	2913.0	2411.0	-0.015
GATGGA	3224.0	2749.8	-0.015
GTCTGA	1910.0	1649.0	-0.015
TTACGG	348.0	309.1	-0.014
AATTAT	6172.0	5493.9	-0.014
TCGGAT	285.0	256.3	-0.014
GGGCAC	1029.0	921.9	-0.014
CGTTGA	398.0	351.8	-0.014
AGGACT	1877.0	1563.9	-0.014
TCCTCG	531.0	512.4	-0.014
ACGTCC	276.0	335.0	-0.014
GGTAAA	2054.0	1708.9	-0.013
ATACGT	574.0	498.5	-0.013
TTGTCC	3033.0	2501.2	-0.013
GCATTC	2059.0	1713.7	-0.013
GTCTAG	1412.0	1186.5	-0.013
GTCGGC	281.0	269.3	-0.012
TAAGAG	2181.0	1812.3	-0.012
ATGCTT	4033.0	3336.7	-0.012
GTGCCA	2389.0	2131.9	-0.012
GTTAGG	1663.0	1391.7	-0.012
ACATCA	2037.0	1695.8	-0.012
TTGACA	2954.0	2439.5	-0.012
CGGTGA	411.0	404.0	-0.012
GATTAT	3705.0	3045.2	-0.012
AGGTTT	5605.0	4577.8	-0.011
TACCCG	234.0	214.0	-0.011
TACACA	2460.0	2039.4	-0.011
AGATTG	2820.0	2331.4	-0.011
GCCCCG	625.0	739.3	-0.011
CGTGTG	825.0	707.5	-0.011
TCCATC	3075.0	2538.5	-0.011
GCGAGT	275.0	250.0	-0.011
AAGTCG	288.0	260.6	-0.011
TGTGCG	547.0	477.9	-0.011
CCTCGT	625.0	589.1	-0.011
TGGCTG	3213.0	3169.1	-0.010
TAGCAT	2681.0	2219.2	-0.010
GACAAC	857.0	733.7	-0.010
TGCCGA	335.0	301.4	-0.010
TACAGA	2879.0	2380.4	-0.010
CCGGCC	767.0	892.0	-0.010
ATGCGT	374.0	333.4	-0.010
AAGCCA	2410.0	2001.0	-0.010
TATACC	1658.0	1390.1	-0.010
CTTCAT	4926.0	4033.2	-0.010
GGTTGC	1846.0	1543.9	-0.010
AACTTG	2745.0	2272.8	-0.010
GAACAC	1265.0	1069.1	-0.010
GAGATA	2291.0	1904.3	-0.010
TCTGTA	4839.0	3963.1	-0.010
TGCCTT	5590.0	4568.6	-0.010
AAATGT	6734.0	5489.5	-0.010
GATTCC	1766.0	1478.5	-0.010
AAGATC	1788.0	1543.2	-0.010
AGCTAA	2168.0	2007.1	-0.009
TTAAAA	11812.0	9566.1	-0.009
CCACTC	1732.0	1452.0	-0.009
ACAGGA	2002.0	1671.1	-0.009
CATACA	2069.0	1725.6	-0.009
AACAGA	2690.0	2230.7	-0.009
ACATCC	1492.0	1396.8	-0.009
CGATTT	858.0	736.1	-0.008
ACGGCC	232.0	214.5	-0.008
TAATTC	3922.0	3228.6	-0.008
CGCACG	154.0	147.1	-0.008
AATTTT	18135.0	16611.3	-0.008
ATGCAT	2830.0	2345.9	-0.008
GACGGC	202.0	200.4	-0.008
CCTTAC	1510.0	1272.2	-0.008
TATGGA	2092.0	1746.7	-0.008
TTGGAC	1561.0	1314.1	-0.008
AACGAA	341.0	307.1	-0.008
CCGAAC	156.0	149.7	-0.007
TGAACT	3407.0	2813.3	-0.007
GTACCT	1529.0	1288.7	-0.007
CTCGGA	361.0	324.8	-0.007
TGCCCA	5558.0	4550.0	-0.007
CTAGGG	1172.0	995.4	-0.007
TTGCGT	604.0	589.9	-0.007
GTAGAC	991.0	847.6	-0.007
CAGGCC	1870.0	1566.5	-0.007
TCCGGT	323.0	292.2	-0.007
CGACTA	134.0	130.5	-0.007
TAGTAA	2620.0	2176.6	-0.007
GAGTAA	1667.0	1401.6	-0.007
GCTTAT	2753.0	2285.8	-0.007
CTAAAA	3740.0	3084.8	-0.007
CACGGA	339.0	306.2	-0.007
TGGATC	1736.0	1458.5	-0.007
TTTCGA	723.0	628.0	-0.007
TAGCAA	1908.0	1599.8	-0.007
AGCTGT	3028.0	2508.3	-0.006
TAGATG	2274.0	1897.5	-0.006
TATACG	333.0	302.5	-0.006
TAACTA	1988.0	1664.2	-0.006
ACGGGA	294.0	268.4	-0.006
ACGTGG	560.0	517.3	-0.006
CTGGGA	5946.0	5574.1	-0.006
TCTGAA	4087.0	3367.7	-0.006
ACCAGT	1843.0	1547.7	-0.006
ATTACG	356.0	321.7	-0.006
TCAAAA	4756.0	3908.4	-0.006
ACTATA	2194.0	1833.6	-0.006
GACTTG	1891.0	1713.0	-0.006
GAATTA	2984.0	2474.6	-0.006
ACCAGA	1495.0	1264.0	-0.006
CCGCAT	278.0	255.8	-0.006
GGAATA	2112.0	1767.2	-0.006
CATCGG	223.0	208.7	-0.006
AGCTCT	3187.0	2901.8	-0.005
CCCCGT	570.0	501.0	-0.005
GCAAGG	1193.0	1016.2	-0.005
GGGTAT	1442.0	1220.1	-0.005
AGGCCC	1205.0	1026.6	-0.005
AACATC	1993.0	1691.7	-0.005
GAAGAA	3413.0	2823.1	-0.005
AACCAC	1493.0	1262.9	-0.005
ATCCGG	225.0	210.4	-0.005
CTCTCT	7600.0	7576.5	-0.005
TGCATT	5290.0	4739.8	-0.005
TAGGCA	1793.0	1508.8	-0.005
ATGTAA	3800.0	3138.8	-0.005
GCGTTA	236.0	245.2	-0.005
CTAAGA	1829.0	1538.4	-0.005
TATGCG	228.0	213.9	-0.005
TAGGGC	936.0	806.2	-0.005
CACTCA	2059.0	1789.3	-0.005
CTCTCA	3280.0	2864.7	-0.005
TCTGGG	3428.0	3012.5	-0.005
AGCCAA	1860.0	1563.9	-0.005
AATGCG	251.0	233.6	-0.005
ATTCGA	326.0	297.5	-0.004
CCCCTT	3014.0	2503.2	-0.004
TTTAGA	5878.0	4818.6	-0.004
TGCGTG	646.0	566.8	-0.004
GTCCGC	273.0	252.5	-0.004
GAACGT	374.0	338.6	-0.004
GGAGCT	1665.0	1490.6	-0.004
ATGTTG	4910.0	4871.1	-0.004
ACATTA	2993.0	2487.6	-0.004
CGTTCC	376.0	340.1	-0.004
ATAGAC	1222.0	1043.6	-0.004
ACCCAA	1476.0	1361.4	-0.004
CTATGG	1326.0	1129.3	-0.004
CGTTGC	437.0	392.6	-0.004
CTCTGA	3471.0	3355.4	-0.004
ACAAGA	1897.0	1597.3	-0.004
GCACCG	286.0	264.5	-0.004
GACCCG	252.0	235.3	-0.004
TTTAAC	5003.0	4117.1	-0.003
GGACTC	1212.0	1036.8	-0.003
GTATAG	1718.0	1452.0	-0.003
ACCGGT	181.0	174.7	-0.003
TCGTTG	625.0	553.6	-0.003
TTAAGG	2697.0	2251.0	-0.003
AAGCAC	1508.0	1300.4	-0.003
TCTAAC	1661.0	1650.5	-0.003
ATACGG	235.0	231.0	-0.003
CCTGTG	3135.0	2799.9	-0.003
TAATGA	3398.0	2820.7	-0.003
GCCGCG	389.0	369.2	-0.003
CCAAAA	3056.0	2543.5	-0.003
CCTAAT	2117.0	1779.3	-0.003
TATTCG	368.0	335.1	-0.003
GCTGAT	1985.0	1671.4	-0.003
GAATTG	2737.0	2285.5	-0.003
ACCGAC	161.0	157.5	-0.003
CCTATC	1262.0	1079.6	-0.003
AATCAT	3366.0	2796.2	-0.003
AAAACT	4358.0	3599.6	-0.003
TTCCCA	4548.0	3753.1	-0.003
GGTGAT	2304.0	2167.6	-0.003
ACCAAC	1235.0	1057.3	-0.003
GTGCAT	2195.0	1844.7	-0.003
AAACGG	398.0	361.8	-0.003
ATTCTA	3696.0	3569.0	-0.003
GGTAGT	1608.0	1470.2	-0.003
AGTATC	1770.0	1497.9	-0.003
TTCCTG	6408.0	5271.0	-0.002
GACCAC	1005.0	870.0	-0.002
TACACT	1947.0	1642.7	-0.002
CTCATT	5257.0	4859.2	-0.002
AACGCC	229.0	217.3	-0.002
GTCCTC	1910.0	1613.9	-0.002
GCCCGG	1016.0	1197.9	-0.002
AGGGTT	2918.0	2655.5	-0.002
AAAGCT	2811.0	2349.9	-0.002
CATCTA	2191.0	1844.9	-0.002
GAGGAC	1117.0	963.5	-0.002
GTTATA	2755.0	2320.2	-0.002
GCGTTT	751.0	659.1	-0.002
TTCAAC	2284.0	2215.0	-0.002
GAATCA	1980.0	1671.6	-0.002
AAGTTT	7299.0	5982.9	-0.002
ACGCGT	77.0	83.7	-0.002
CAGCAC	2264.0	1904.2	-0.002
TTGGTA	3694.0	3068.1	-0.002
TCTACA	2355.0	1978.8	-0.002
ACCTTG	2564.0	2149.7	-0.002
CATAAT	2989.0	2496.1	-0.002
GGAAGT	2145.0	1807.9	-0.002
CCCTCG	477.0	431.7	-0.002
GGAACA	1569.0	1336.8	-0.002
TGCATG	2813.0	2353.5	-0.002
TTGTGG	4119.0	3604.5	-0.002
GTCAAC	861.0	752.9	-0.002
GATCTA	1243.0	1068.7	-0.002
GTGTGA	3831.0	3181.7	-0.002
AGTATG	2159.0	1820.6	-0.002
AAGATT	3934.0	3264.4	-0.002
AACAGC	1556.0	1327.0	-0.002
GGGAAT	1789.0	1518.1	-0.002
CTACAT	2113.0	1783.4	-0.002
ATGGCT	2876.0	2406.6	-0.002
CAAACA	2601.0	2194.5	-0.002
GCCAGA	1679.0	1428.6	-0.002
TTGCGA	329.0	306.8	-0.002
GACGCC	228.0	218.4	-0.002
CCGCGA	128.0	130.2	-0.002
ATAGAG	1920.0	1626.0	-0.002
GATTAA	2096.0	1770.7	-0.001
ATTAAG	2675.0	2243.4	-0.001
GCTGTT	3852.0	3299.3	-0.001
AGCAGA	2177.0	1837.9	-0.001
CGAAAA	394.0	361.6	-0.001
CGTCGG	140.0	141.7	-0.001
ATACCT	2304.0	1941.1	-0.001
CGTCCT	495.0	447.6	-0.001
GGACCT	1072.0	929.7	-0.001
TTCTCG	894.0	820.4	-0.001
CTGAGA	3371.0	2812.5	-0.001
ACGCGG	125.0	128.3	-0.001
TACCAT	2541.0	2136.6	-0.001
CCGCTC	514.0	464.1	-0.001
GGGAAC	1142.0	988.0	-0.001
TGCGTA	312.0	292.3	-0.001
TAAGGC	1255.0	1082.2	-0.001
ATTGAC	1803.0	1533.4	-0.001
AGAGAG	2634.0	2494.7	-0.001
AAAAGT	4765.0	3946.4	-0.001
ATGGAC	1169.0	1012.4	-0.001
CTAATA	2385.0	2011.7	-0.001
ATTGCT	4404.0	3719.5	-0.001
CAGGTA	2030.0	1721.6	-0.001
CCTTCG	507.0	459.5	-0.001
ACCCTA	1020.0	888.6	-0.001
TATTGC	2899.0	2519.4	-0.001
TAGGAA	2554.0	2150.5	-0.001
TGCCCT	2757.0	2316.8	-0.001
CGTGTC	503.0	456.5	-0.001
CTCGTT	695.0	618.6	-0.001
TCTTCC	6346.0	5228.6	-0.001
AACAAC	1661.0	1419.4	-0.001
CCACGT	614.0	599.8	-0.001
CCATTC	3764.0	3136.4	-0.001
GGTCCC	1031.0	899.0	-0.001
GGAATC	1500.0	1287.9	-0.001
AATAAC	2227.0	1883.9	-0.001
TATATA	8340.0	7331.6	-0.001
GTAAGA	1791.0	1527.8	-0.001
GGGACC	1005.0	878.3	-0.001
TGAGTT	4651.0	4320.1	-0.001
GGTGCC	1322.0	1221.8	-0.001
CTAAAC	1413.0	1216.3	-0.001
TCAGAA	3415.0	2855.5	-0.001
CGACTT	348.0	325.5	-0.001
GGCCCT	1411.0	1215.2	-0.001
GATCCG	328.0	460.1	-0.001
ATAATG	3298.0	2761.2	-0.001
GTGGGC	1463.0	1364.9	-0.001
AGTTAA	3123.0	2618.2	-0.001
TTATGC	2459.0	2077.4	-0.001
CCTCTT	5309.0	4396.1	-0.001
GTAGAT	2267.0	1920.7	-0.001
TCCGCA	301.0	285.7	-0.001
CACTTT	6071.0	5013.2	-0.001
AAGGGA	2286.0	1937.0	-0.001
TAACTC	1886.0	1608.6	-0.001
AAGTTA	3243.0	2718.5	-0.001
CTTTAG	3692.0	3215.2	-0.001
CGAGAA	369.0	344.7	-0.001
TCGCAT	274.0	262.1	-0.001
CAACAC	1264.0	1096.4	-0.001
CACGAC	212.0	208.5	-0.001
AAGTTG	2947.0	2478.6	-0.001
AACGGG	253.0	244.9	-0.001
TACTGG	1861.0	1588.7	-0.001
ACCTAA	1549.0	1332.6	-0.001
TATATC	3017.0	2536.8	-0.001
GTGATG	2509.0	2506.5	-0.001
TATTAC	2820.0	2375.3	-0.001
ATTAAC	2264.0	1920.7	-0.001
ATTACT	3617.0	3151.6	-0.001
GTGCTC	1406.0	1214.7	-0.001
TGGGCC	1583.0	1361.4	-0.000
ACGTAT	520.0	474.5	-0.000
CTTACA	2429.0	2056.1	-0.000
ATGTGA	3099.0	2603.7	-0.000
TGAGAG	2561.0	2432.6	-0.000
CCCGAC	326.0	309.6	-0.000
TAAGTG	2708.0	2285.7	-0.000
GTCCGG	260.0	251.6	-0.000
GCCTGT	3378.0	2833.8	-0.000
GTCCTA	1137.0	992.8	-0.000
TTTGGA	6244.0	5161.7	-0.000
TCCCTC	3820.0	3693.8	-0.000
GGAAAC	1775.0	1521.9	-0.000
AGACAT	2402.0	2036.9	-0.000
ATCCAA	1706.0	1464.9	-0.000
CGGACC	180.0	181.7	-0.000
GATGAC	1218.0	1061.4	-0.000
CAGACA	1887.0	1613.8	-0.000
TACCAG	1583.0	1403.8	-0.000
TGATTA	3642.0	3050.0	-0.000
GGGTGT	2015.0	1719.7	-0.000
TGGTAA	2656.0	2245.3	-0.000
GCCAGC	1364.0	1182.6	-0.000
TTCATG	4656.0	4225.4	-0.000
ATCTAA	2213.0	1882.8	-0.000
TGGAAT	4072.0	3401.9	-0.000
CCCTTA	1758.0	1509.7	-0.000
AGGAGC	1472.0	1415.2	-0.000
GCTATA	1668.0	1434.2	-0.000
TTCCAG	4381.0	3672.2	-0.000
CTATAA	2641.0	2234.5	-0.000
AATGGT	2937.0	2477.7	-0.000
AATTTC	6944.0	5732.3	-0.000
AAACAC	2242.0	1907.7	-0.000
GGGGCC	1223.0	1066.5	-0.000
TACCTG	2186.0	1862.6	-0.000
GGCACT	1373.0	1191.4	-0.000
TTACCA	2640.0	2234.8	-0.000
CTAATG	2172.0	1850.1	-0.000
CACTTG	2768.0	2339.2	-0.000
CTGCGA	351.0	332.8	-0.000
CCTAAA	2124.0	1812.5	-0.000
TGTCGA	306.0	293.4	-0.000
TGCTAT	3350.0	2971.9	-0.000
AGATAT	3314.0	2787.1	-0.000
GCCAAA	1755.0	1509.7	-0.000
TTCCTC	5849.0	5209.0	-0.000
CATCAC	1843.0	1581.8	-0.000
TGGTAG	2472.0	2098.7	-0.000
AAGCCC	1268.0	1105.1	-0.000
TGTATG	4097.0	3426.2	-0.000
GCGCCG	362.0	342.1	-0.000
CACGTG	785.0	702.5	-0.000
TTCGGC	371.0	350.7	-0.000
AAAGTT	5231.0	4349.7	-0.000
ATGAGA	2552.0	2165.8	-0.000
GTCATG	1838.0	1578.4	-0.000
ATACAC	1599.0	1380.9	-0.000
AGAGCT	2177.0	1857.6	-0.000
TGGTTA	3287.0	2807.4	-0.000
TTCACC	2662.0	2978.5	-0.000
CGGTGC	360.0	341.0	-0.000
CCTGAA	2662.0	2256.9	-0.000
GATAGT	1751.0	1507.8	-0.000
CAACGG	201.0	202.8	-0.000
TAAAAC	3478.0	2925.1	-0.000
GGCGCT	464.0	432.2	-0.000
TGTGCT	3777.0	3376.7	-0.000
TACCGG	185.0	188.8	-0.000
CATGGG	1614.0	1503.5	-0.000
CCCGCT	489.0	453.4	-0.000
GGTCAG	1826.0	1571.3	-0.000
CGTATG	329.0	316.6	-0.000
AAGAGA	3111.0	2627.1	-0.000
TACGAC	125.0	134.9	-0.000
AACATT	4966.0	4140.2	-0.000
GGACGC	223.0	230.4	-0.000
TCATGT	4081.0	3869.7	-0.000
CGCGAA	54.0	67.4	-0.000
CAAACC	1317.0	1150.2	-0.000
CTTGGA	2639.0	2242.5	-0.000
TGGGGA	2745.0	2329.5	-0.000
TGATAA	2901.0	2457.3	-0.000
AAGACA	2562.0	2179.2	-0.000
TATCTG	3418.0	2881.8	-0.000
ACATCT	2944.0	2492.5	-0.000
TGCTAA	2443.0	2082.6	-0.000
CATTCG	361.0	344.4	-0.000
ATGCGG	241.0	239.4	-0.000
GTGTGG	2717.0	2307.5	-0.000
TTACAC	1947.0	1673.9	-0.000
CATTCT	6444.0	5344.8	-0.000
GGGCCG	562.0	517.3	-0.000
ATAGTA	2563.0	2181.2	-0.000
AGAATA	3155.0	2666.8	-0.000
GTCCGT	268.0	263.9	-0.000
TGCGGA	285.0	278.2	-0.000
TGACGA	253.0	250.3	-0.000
GGGTTA	1508.0	1313.6	-0.000
ATGGTT	3394.0	2883.6	-0.000
TTGCGG	377.0	367.6	-0.000
CAACAA	1920.0	1653.9	-0.000
CTTTAC	3149.0	2814.7	-0.000
CTAAGT	2099.0	1801.0	-0.000
GAGTTA	1900.0	1637.2	-0.000
CATCCA	2146.0	1840.9	-0.000
ATCCCC	1299.0	1139.5	-0.000
GCAATA	1456.0	1269.4	-0.000
CAACTT	3168.0	2680.4	-0.000
GCCGGT	275.0	270.5	-0.000
ACGACA	214.0	216.2	-0.000
ATTGTC	2678.0	2278.2	-0.000
TGAAAG	3139.0	2658.0	-0.000
CATTGG	2046.0	1856.7	-0.000
CGCCCC	697.0	778.4	-0.000
GGCAAA	1692.0	1467.4	-0.000
CACGCC	1615.0	1403.6	-0.000
CCCTGA	1994.0	1717.1	-0.000
TGTCCG	370.0	354.1	-0.000
ATAAGG	1570.0	1366.3	-0.000
AAGGTT	2723.0	2331.3	-0.000
CCGCTG	503.0	470.0	-0.000
AATGTG	3749.0	3158.7	-0.000
GGCCTA	967.0	863.7	-0.000
TGAAGA	3471.0	2931.0	-0.000
GACTAT	1417.0	1239.7	-0.000
CCGCGG	396.0	377.0	-0.000
CGCGTG	224.0	226.7	-0.000
AATGAT	3701.0	3120.4	-0.000
TCGATG	345.0	333.1	-0.000
GCTCTT	4115.0	3701.0	-0.000
AGCGCT	353.0	340.7	-0.000
AGGCAA	1771.0	1599.5	-0.000
CTAGAA	2456.0	2100.2	-0.000
CGGTCC	237.0	239.0	-0.000
GCGGGC	668.0	612.2	-0.000
GCCACT	2627.0	2241.5	-0.000
AGTCAT	2738.0	2333.2	-0.000
GGGGTT	2856.0	2790.5	-0.000
ATCCAG	2175.0	1869.6	-0.000
TGTAGA	3404.0	2879.6	-0.000
AATACC	1632.0	1420.9	-0.000
GAAATC	2222.0	1908.7	-0.000
ATGGGT	2136.0	1838.9	-0.000
TGCTGG	4095.0	4164.7	-0.000
GGATAG	1099.0	976.4	-0.000
AATAGT	3046.0	2587.9	-0.000
CCACGA	319.0	313.0	-0.000
GATTAG	1517.0	1325.2	-0.000
ACTAAG	1262.0	1113.8	-0.000
CATCAT	2870.0	2443.3	-0.000
AGAAGG	2342.0	2009.3	-0.000
GTTCCG	339.0	329.2	-0.000
TGTCAT	4401.0	3859.2	-0.000
TGACTG	2390.0	2095.3	-0.000
AACTGA	2335.0	2003.7	-0.000
GATGTG	2313.0	1986.1	-0.000
ACAGAC	1519.0	1328.5	-0.000
CACAAT	2486.0	2129.4	-0.000
TGTTCA	4534.0	4153.3	-0.000
TCGCCA	531.0	496.1	-0.000
AAAGCA	3142.0	2715.8	-0.000
AGGGCT	1804.0	1565.5	-0.000
TAATCA	2593.0	2217.9	-0.000
TTGCTG	5318.0	4695.6	-0.000
ATCGGT	261.0	261.7	-0.000
CCTAAC	1056.0	942.9	-0.000
AATTGA	3229.0	2740.8	-0.000
GCGTCT	447.0	424.8	-0.000
TCTGAT	4458.0	3920.1	-0.000
ATCAAC	1222.0	1081.6	-0.000
TAAATG	4821.0	4043.5	-0.000
CACCTT	2942.0	2506.9	-0.000
TACACC	990.0	887.2	-0.000
TTCCAC	2869.0	2446.6	-0.000
AGGTAT	2544.0	2178.6	-0.000
CCTCTA	2006.0	1844.0	-0.000
GTGACT	2059.0	1779.6	-0.000
CGAACT	580.0	579.6	-0.000
TTCAGA	4539.0	3816.7	-0.000
GTATGA	1898.0	1646.6	-0.000
GGGCTT	2212.0	1906.3	-0.000
ACCATT	3199.0	2719.4	-0.000
TTATGG	3014.0	2567.1	-0.000
CTAGAT	1930.0	1673.4	-0.000
ACACTT	2859.0	2441.5	-0.000
CTTGTG	3307.0	2809.2	-0.000
AATTTG	6586.0	5486.0	-0.000
TCTGAG	3294.0	2919.8	-0.000
ACAAAC	1902.0	1651.9	-0.000
AAAATG	6120.0	5108.4	-0.000
GGCGTT	355.0	346.8	-0.000
TGCCAT	3678.0	3115.3	-0.000
AAGGAT	2243.0	1935.0	-0.000
AGCTGC	1978.0	1715.8	-0.000
CATTAA	3248.0	2763.3	-0.000
CCTACA	1307.0	1157.2	-0.000
GGCGTC	324.0	320.9	-0.000
AACGCT	263.0	265.4	-0.000
AAACCG	308.0	306.3	-0.000
GGAAAA	3839.0	3249.2	-0.000
AAAGTG	4526.0	3935.8	-0.000
ATCTGT	4451.0	3759.9	-0.000
AACTCT	3022.0	2603.8	-0.000
CCAGTA	1850.0	1612.5	-0.000
CATGAC	1208.0	1076.2	-0.000
CCAGCA	2694.0	2311.0	-0.000
TCAGGA	2999.0	2562.7	-0.000
TAGGAT	2536.0	2181.8	-0.000
AATCAG	2324.0	2006.2	-0.000
CACCAG	1778.0	1553.3	-0.000
GTAAAA	3453.0	2936.2	-0.000
AGGTGC	1594.0	1643.3	-0.000
GTAAGG	1264.0	1124.9	-0.000
TCAATC	1598.0	1587.2	-0.000
TCCCCT	3466.0	2948.0	-0.000
GAACTG	1761.0	1540.1	-0.000
ATGCGC	242.0	248.7	-0.000
AGAAGC	2060.0	1817.9	-0.000
TACAAA	3531.0	3003.9	-0.000
CATACG	264.0	268.4	-0.000
CCCGCG	326.0	383.6	-0.000
TTAATA	5871.0	4917.1	-0.000
AAAATA	8705.0	7223.2	-0.000
GGTCAT	1722.0	1510.4	-0.000
GAAATT	4618.0	3896.7	-0.000
GAGAAC	1442.0	1275.5	-0.000
CACTAG	998.0	902.5	-0.000
AGCTTT	5822.0	4905.1	-0.000
TACGTC	252.0	259.0	-0.000
ATGCAA	1855.0	1798.0	-0.000
AAAAGA	4876.0	4207.0	-0.000
ACAACA	1947.0	1697.4	-0.000
CAGCGC	387.0	378.6	-0.000
TTAACA	3788.0	3217.7	-0.000
CCATAA	1644.0	1446.7	-0.000
CAAGAA	2462.0	2125.4	-0.000
TGATGT	4176.0	3569.2	-0.000
AGTTCC	2196.0	1906.0	-0.000
GAACTT	2695.0	2318.4	-0.000
GGGCAT	1562.0	1377.1	-0.000
ATACCA	1855.0	1623.0	-0.000
ATTGGA	2205.0	1913.0	-0.000
GTATCA	1802.0	1578.4	-0.000
GGACTT	2057.0	1791.2	-0.000
GGCCAC	1145.0	1028.1	-0.000
CTGCTA	2123.0	1970.3	-0.000
AAATCT	4557.0	3850.2	-0.000
CCGGTC	232.0	241.1	-0.000
CAATGG	2220.0	1927.7	-0.000
TTCGAC	212.0	223.7	-0.000
TGGAAG	2833.0	2434.2	-0.000
CTGGAT	2666.0	2913.9	-0.000
GTTGAT	3146.0	2693.2	-0.000
CCACGG	373.0	367.2	-0.000
TACGCG	51.0	70.4	-0.000
GTGTGT	8929.0	8000.7	-0.000
TCGGTG	391.0	384.0	-0.000
AAAATT	9432.0	7824.6	-0.000
AGTGTG	3018.0	2589.7	-0.000
CCTTTG	4926.0	4414.4	-0.000
GGTAAT	1917.0	1676.1	-0.000
CTACAC	1087.0	981.4	-0.000
ATTGGG	1832.0	1606.5	-0.000
TACACG	308.0	311.0	-0.000
CGGGAA	349.0	374.3	-0.000
ATCTGA	2649.0	2285.1	-0.000
AGTTTC	5331.0	5133.0	-0.000
GCTGCG	576.0	546.2	-0.000
CCTAGT	1652.0	1457.9	-0.000
TCGGAC	161.0	177.1	-0.000
ACACAT	2645.0	2283.2	-0.000
GTGTCA	2207.0	1941.6	-0.000
GTATCC	1276.0	1142.8	-0.000
ATAATT	6634.0	5553.8	-0.000
AATCTG	3035.0	2606.8	-0.000
AAAAGG	2924.0	2514.7	-0.000
CCGCTA	181.0	196.4	-0.000
CGGACT	299.0	304.8	-0.000
CTGATT	4438.0	3762.1	-0.000
ATGCTA	1982.0	1733.3	-0.000
TCCGTG	535.0	511.5	-0.000
CACATA	2313.0	2010.9	-0.000
GGGATA	1381.0	1232.4	-0.000
GGCTAC	853.0	785.6	-0.000
GAATCC	1269.0	1138.7	-0.000
AGATAA	2922.0	2516.8	-0.000
TGGAAA	4084.0	3472.7	-0.000
GGTGAA	1878.0	1649.1	-0.000
CTATGA	1800.0	1584.0	-0.000
GTTGAG	2273.0	2203.3	-0.000
CATAAG	1427.0	1272.7	-0.000
TCTAAG	2288.0	1991.8	-0.000
CACTAT	2018.0	1767.6	-0.000
GAAACT	2764.0	2387.0	-0.000
CCAAAC	1532.0	1362.0	-0.000
AGGTGT	3082.0	2649.5	-0.000
ACATGA	2164.0	1890.4	-0.000
TATGCC	1612.0	1429.4	-0.000
TATGCT	2803.0	2419.2	-0.000
GACACC	817.0	792.1	-0.000
GTACCC	788.0	732.4	-0.000
ACGGGT	252.0	263.1	-0.000
ATGCCG	283.0	291.7	-0.000
ATTCGG	283.0	291.7	-0.000
ACGCCT	753.0	703.2	-0.000
CAGTAT	2958.0	2549.9	-0.000
AAAACC	2547.0	2209.1	-0.000
ACTTTC	4296.0	3652.1	-0.000
AGGTCT	2501.0	2171.6	-0.000
TGCTCG	388.0	385.5	-0.000
TTGTGA	4289.0	3975.5	-0.000
TCCACG	415.0	409.8	-0.000
TAGGAG	1682.0	1490.5	-0.000
GCATAA	1602.0	1423.7	-0.000
AATAAG	2527.0	2194.4	-0.000
CACTTA	2455.0	2149.5	-0.000
TAGGCC	909.0	837.1	-0.000
GCCACG	428.0	421.1	-0.000
TTCGCC	509.0	544.9	-0.000
AAGAAA	6056.0	5245.4	-0.000
CCCTAA	1398.0	1252.8	-0.000
GTTTCC	4041.0	3582.2	-0.000
TATGGT	2630.0	2280.4	-0.000
AAATAA	7495.0	6273.3	-0.000
TGAAAT	5660.0	4773.7	-0.000
AAATTG	4434.0	3770.0	-0.000
GTCTTC	3521.0	3018.1	-0.000
TTACGA	287.0	296.8	-0.000
AGAAAC	2693.0	2334.9	-0.000
TTATGA	3907.0	3336.2	-0.000
CTTGTC	3102.0	2672.2	-0.000
GTAGTT	3458.0	3105.9	-0.000
GCGCCT	662.0	627.9	-0.000
TTCTAA	5689.0	4800.8	-0.000
CAATAG	1265.0	1142.7	-0.000
ATGTTC	3196.0	2751.3	-0.000
AGATGT	3025.0	2610.5	-0.000
CTATAG	1650.0	1466.5	-0.000
AGAATT	5062.0	4287.1	-0.000
CGTTGG	396.0	394.5	-0.000
CACGAA	283.0	293.9	-0.000
ATAGAA	3020.0	2607.1	-0.000
ACTGTG	3374.0	2899.4	-0.000
AAAGCC	1747.0	1548.5	-0.000
AGACAC	1407.0	1262.1	-0.000
ACAACG	256.0	269.1	-0.000
GAAAAA	5345.0	4521.2	-0.000
TTAGCA	2764.0	2396.4	-0.000
ATAAGC	1472.0	1319.0	-0.000
AACTTT	6903.0	5797.1	-0.000
GGAAAT	3084.0	2662.7	-0.000
TCTGGT	3444.0	3003.8	-0.000
GAACTC	2333.0	2039.3	-0.000
AACACC	1157.0	1053.2	-0.000
AGTAGA	2460.0	2925.6	-0.000
GTGTGC	2298.0	2012.0	-0.000
TAGAGG	1775.0	1574.1	-0.000
ACTACG	254.0	268.5	-0.000
AAGTTC	2840.0	2462.4	-0.000
CTAACG	210.0	228.5	-0.000
CCGTGT	719.0	679.7	-0.000
TGGGTA	2077.0	1827.7	-0.000
GGATGT	1888.0	1669.9	-0.000
GAGTTG	2154.0	1892.2	-0.000
ATCTAC	1510.0	1353.1	-0.000
AAGGGT	1770.0	1571.0	-0.000
CGGTGT	424.0	421.2	-0.000
CTTATC	2149.0	1968.7	-0.000
CAGCTG	2773.0	2408.1	-0.000
AAAGGG	2042.0	1799.3	-0.000
GATTGG	1490.0	1336.0	-0.000
GTCAGT	2094.0	1843.7	-0.000
AGGATA	1890.0	1672.6	-0.000
TTTAGG	4216.0	3794.8	-0.000
GGACAA	1175.0	1070.8	-0.000
GCGGAC	193.0	213.5	-0.000
CTGACA	1868.0	1655.3	-0.000
GACTAA	1129.0	1032.0	-0.000
TAGACA	1875.0	1661.2	-0.000
CTGTGA	3485.0	2999.9	-0.000
GATGAA	2304.0	2019.7	-0.000
TGCCGG	389.0	391.6	-0.000
AGAGGA	2341.0	2052.0	-0.000
CTACGT	344.0	351.4	-0.000
TACGGG	198.0	218.4	-0.000
ATCAGA	2301.0	2017.1	-0.000
CCTCTC	3766.0	3482.8	-0.000
GGATGA	1644.0	1468.9	-0.000
CGTCCG	146.0	179.2	-0.000
GACTTT	4196.0	3588.4	-0.000
TCAGGT	2974.0	2794.4	-0.000
CAACGC	157.0	180.1	-0.000
ACATAA	2626.0	2290.2	-0.000
GAGCAC	1039.0	957.5	-0.000
AACGGT	268.0	298.6	-0.000
AAAGGA	3118.0	2698.8	-0.000
GTCATA	1745.0	1554.6	-0.000
ATACAA	2648.0	2309.1	-0.000
GATGCT	1930.0	1791.8	-0.000
CCTTAT	2949.0	2579.5	-0.000
AGGAAC	1382.0	1249.1	-0.000
TAGAAA	4239.0	3625.9	-0.000
AAGAAC	2055.0	1815.6	-0.000
GATTCA	2258.0	2126.6	-0.000
GCCATG	2044.0	1805.7	-0.000
CAAGGA	1793.0	1606.3	-0.000
TCAACT	2277.0	2248.7	-0.000
TCGGCA	273.0	288.6	-0.000
GAGAGT	1740.0	1693.7	-0.000
CTGACG	296.0	310.2	-0.000
GTAAAT	3637.0	3129.4	-0.000
GCATTA	1885.0	1673.9	-0.000
GCTGGC	1577.0	1415.1	-0.000
TTTGAC	3820.0	3282.9	-0.000
GCACCT	1566.0	1405.2	-0.000
ACTTCT	4455.0	3855.5	-0.000
AGGACC	950.0	883.6	-0.000
CATTCC	2661.0	2323.5	-0.000
TGAGTG	2523.0	2366.8	-0.000
ATCATT	4808.0	4097.1	-0.000
TAGGTC	1286.0	1170.2	-0.000
CTGTCC	2322.0	2041.7	-0.000
AGCGCC	340.0	351.0	-0.000
TACTAT	2852.0	2505.6	-0.000
GCTCGT	320.0	333.9	-0.000
TGTGTA	4618.0	3944.5	-0.000
CAGGTG	3497.0	3210.7	-0.000
TCAACA	1975.0	1752.5	-0.000
CATGCA	2034.0	1802.0	-0.000
ATATAG	2633.0	2301.9	-0.000
TGTAGG	2128.0	1881.9	-0.000
GGACAT	1577.0	1419.7	-0.000
GCTCCA	1685.0	1530.6	-0.000
CGCTCC	464.0	463.8	-0.000
GAAGTT	3282.0	2843.1	-0.000
TGGACA	1902.0	1693.3	-0.000
CCATTG	2666.0	2332.6	-0.000
AAAGAA	5641.0	4789.7	-0.000
CTGGCA	2030.0	1801.2	-0.000
TATAAT	5271.0	4485.9	-0.000
AGACCT	1663.0	1493.0	-0.000
TCAGTA	2884.0	2513.4	-0.000
TTAGAT	3862.0	3324.6	-0.000
GAATAT	3309.0	2867.7	-0.000
GAGATT	3297.0	2858.4	-0.000
CAGAAC	1609.0	1448.2	-0.000
CATATC	1896.0	1690.9	-0.000
ACTGGC	1385.0	1259.5	-0.000
GTTGAC	1259.0	1152.3	-0.000
ATGATA	2555.0	2243.1	-0.000
TATTCA	4351.0	3967.5	-0.000
GTCCCT	1786.0	1599.5	-0.000
GGCTGT	2317.0	2223.7	-0.000
GGCACC	1169.0	1076.4	-0.000
GATGGC	1294.0	1183.7	-0.000
TACCCA	1868.0	1668.3	-0.000
TGTAAG	2760.0	2414.5	-0.000
ATGAGG	1964.0	1749.2	-0.000
CATGCG	344.0	357.8	-0.000
AAGGCA	2053.0	1824.2	-0.000
AAAGAC	2092.0	1856.7	-0.000
GATGCA	1497.0	1356.3	-0.000
CGCTCG	159.0	186.2	-0.000
AGGAAG	2944.0	2569.3	-0.000
CATGTA	2883.0	2518.7	-0.000
AGGTCC	941.0	882.7	-0.000
TTGGAT	3909.0	3370.6	-0.000
CCTTGT	3410.0	3164.7	-0.000
CCATTA	2355.0	2079.3	-0.000
GAATCT	2467.0	2276.2	-0.000
ATGACC	1151.0	1063.2	-0.000
ATCTCT	4801.0	4108.2	-0.000
TGAGGG	1924.0	1718.2	-0.000
CAAAAT	4332.0	3721.9	-0.000
TTGGAA	4027.0	3470.3	-0.000
AATTGG	2337.0	2065.8	-0.000
GGATAC	988.0	924.8	-0.000
GTGCGC	380.0	391.4	-0.000
GCCCCT	1547.0	1401.6	-0.000
AAGGCC	1206.0	1111.5	-0.000
GGCGCC	814.0	817.7	-0.000
CGGCCG	420.0	428.0	-0.000
TTAGTC	2316.0	2049.4	-0.000
TGGTCC	1384.0	1263.6	-0.000
CGCCGG	331.0	348.1	-0.000
GATATA	2199.0	1950.0	-0.000
CTCTAA	2456.0	2166.1	-0.000
TATCCC	1578.0	1428.8	-0.000
TCAGCA	2533.0	2448.9	-0.000
CGGGAT	375.0	387.1	-0.000
GTGTCT	3710.0	4018.0	-0.000
ACGAAT	276.0	297.8	-0.000
GAAATA	3841.0	3318.5	-0.000
AGTCTA	1785.0	1641.4	-0.000
TGTAAA	4912.0	4204.1	-0.000
CCAACA	1800.0	1616.5	-0.000
AAGTGT	3539.0	3069.2	-0.000
GTCTCT	4558.0	3914.0	-0.000
GGCCGC	568.0	561.1	-0.000
TAGGGA	1672.0	1510.9	-0.000
CGCCCT	527.0	525.2	-0.000
TCTAGG	2176.0	1983.1	-0.000
TATGAC	1429.0	1304.2	-0.000
CATGAG	2357.0	2086.7	-0.000
CACCGG	238.0	263.1	-0.000
GGGCCT	1498.0	1363.1	-0.000
ATAAAC	2472.0	2183.6	-0.000
TAAAGG	2317.0	2054.8	-0.000
GAAGTC	1754.0	1699.3	-0.000
CTAGTT	3193.0	2785.5	-0.000
ATTCCA	3267.0	2847.9	-0.000
GTAAAG	1866.0	1675.1	-0.000
TTCTAG	4605.0	3957.5	-0.000
GTTCCT	3309.0	2883.2	-0.000
TGCCTG	4137.0	3939.9	-0.000
CCCCAT	2061.0	1841.6	-0.000
GAATGT	3014.0	2638.2	-0.000
AAAAGC	2579.0	2276.8	-0.000
TAGATA	2658.0	2343.4	-0.000
AAGAGT	2428.0	2150.1	-0.000
TCCGCG	188.0	240.9	-0.000
GTGGAT	2081.0	1859.0	-0.000
CAAGTC	1469.0	1366.6	-0.000
AAATTA	6479.0	5504.0	-0.000
GGCAAT	1259.0	1163.3	-0.000
ATATCA	2508.0	2218.4	-0.000
TCACAA	2105.0	1880.6	-0.000
TAAACA	3315.0	2893.0	-0.000
TGCCTA	2429.0	2223.5	-0.000
CCGGCA	294.0	318.6	-0.000
GGCCCC	1215.0	1126.6	-0.000
GGAACT	1624.0	1474.4	-0.000
AATAAT	5525.0	4722.1	-0.000
TGGATT	4431.0	4049.8	-0.000
GATGAG	1857.0	1672.9	-0.000
CATTGT	4509.0	3885.7	-0.000
AACACA	2353.0	2122.3	-0.000
AGAATG	3114.0	2728.5	-0.000
CACCAA	1598.0	1454.3	-0.000
CCGTGC	530.0	532.4	-0.000
AGGGAT	2115.0	1892.2	-0.000
TGTCTG	4107.0	4195.7	-0.000
ACATTG	2780.0	2451.0	-0.000
TAAAAG	3962.0	3434.3	-0.000
AGTTCT	5219.0	4513.3	-0.000
ACCGGC	198.0	229.6	-0.000
CCGGTG	317.0	341.9	-0.000
ACAGAA	3090.0	2711.1	-0.000
TATTGG	2772.0	2747.6	-0.000
CTTGTA	3331.0	2912.1	-0.000
TTCTGG	5219.0	4724.2	-0.000
GAATAG	1925.0	1735.0	-0.000
ATGTCA	2728.0	2409.2	-0.000
AAGGGC	1114.0	1044.1	-0.000
AAACCA	2597.0	2299.7	-0.000
AAAGTC	2395.0	2130.5	-0.000
GAAATG	3663.0	3189.4	-0.000
CAGTTT	7036.0	5974.7	-0.000
GAAAAC	2511.0	2228.5	-0.000
ATGAAC	1759.0	1594.7	-0.000
TATAGT	3540.0	3087.2	-0.000
TGTCCA	2503.0	2222.4	-0.000
CCCAAA	3739.0	3399.6	-0.000
TGGCAA	2038.0	1830.2	-0.000
CTCCAT	3254.0	2850.4	-0.000
GGCTAT	1532.0	1402.0	-0.000
TAGAAT	3747.0	3260.4	-0.000
AATTGC	2393.0	2130.3	-0.000
CGCCAC	742.0	889.4	-0.000
ACTGGT	1933.0	1756.1	-0.000
CATTAC	1746.0	1585.2	-0.000
CCAATA	1412.0	1301.6	-0.000
TGCGGG	458.0	471.9	-0.000
AATAGG	1736.0	1578.2	-0.000
CACATG	2185.0	1959.2	-0.000
GTTGAA	2989.0	2923.2	-0.000
CCATGC	2014.0	2332.0	-0.000
TGGTAT	3464.0	3031.9	-0.000
AGTAAA	3174.0	2789.8	-0.000
GCATGT	2603.0	2312.3	-0.000
TGCTAG	1968.0	1777.9	-0.000
ACCGTG	617.0	615.0	-0.000
CCAGAA	2469.0	2201.1	-0.000
TAAGAA	3393.0	2974.3	-0.000
CAGGAC	1214.0	1136.4	-0.000
CTAAAT	2949.0	2605.0	-0.000
ACTTCC	2726.0	2417.5	-0.000
TACAAG	1783.0	1623.0	-0.000
CCCTTG	2100.0	1891.7	-0.000
CGTCTA	266.0	297.0	-0.000
CTGCTC	2918.0	2579.9	-0.000
AGATTC	2622.0	2331.5	-0.000
CATTTC	6754.0	5758.7	-0.000
TCCCCA	3171.0	2793.9	-0.000
ATATAC	2610.0	2322.9	-0.000
TAGTAG	2529.0	2883.2	-0.000
GACACT	1261.0	1180.2	-0.000
GTCCAC	860.0	832.3	-0.000
TCTAGA	2527.0	2255.6	-0.000
ATGACT	2251.0	2022.4	-0.000
GATAAT	2630.0	2341.3	-0.000
TGCGAA	244.0	278.3	-0.000
CCCTTC	3139.0	2769.1	-0.000
GAACTA	1341.0	1250.2	-0.000
CAATAC	1103.0	1115.5	-0.000
ATAACA	2344.0	2103.8	-0.000
GAGGAA	2544.0	2271.6	-0.000
TGTGCC	3183.0	2807.9	-0.000
ATGGGC	1166.0	1100.6	-0.000
TTCTCA	5912.0	5075.2	-0.000
AAGTCT	3295.0	2982.6	-0.000
TGTATC	3022.0	2673.4	-0.000
TCTTCA	5471.0	4711.0	-0.000
CCACAA	1640.0	1507.2	-0.000
TGAACA	2652.0	2364.8	-0.000
ATGCCT	3258.0	2872.8	-0.000
AGAGGT	2254.0	2029.6	-0.000
TTGACT	3678.0	3223.1	-0.000
CAAGTT	2960.0	2637.1	-0.000
TGTACC	1673.0	1536.8	-0.000
GCTTTC	3904.0	3413.4	-0.000
TTGCTA	3476.0	3169.3	-0.000
GCGCTT	323.0	355.1	-0.000
TCAGAG	2672.0	2384.2	-0.000
CCGACC	246.0	282.6	-0.000
TAGGTG	1977.0	1796.6	-0.000
GCCCTC	1461.0	1357.1	-0.000
GATGCC	1176.0	1112.0	-0.000
ATGGAA	2894.0	2571.3	-0.000
GATAAA	2461.0	2207.7	-0.000
ATGTGC	2783.0	2478.2	-0.000
GCTATT	3271.0	2887.4	-0.000
AGAACT	2522.0	2258.1	-0.000
AAATGA	4601.0	3996.9	-0.000
CATATT	4808.0	4168.6	-0.000
GCTGGT	2728.0	2594.3	-0.000
GTCTAA	1416.0	1320.2	-0.000
GCCTAT	1565.0	1448.2	-0.000
CAGACC	1069.0	1021.4	-0.000
GCCGCT	394.0	421.1	-0.000
GATGAT	2529.0	2267.3	-0.000
GCATAT	2362.0	2126.8	-0.000
CAGGGA	2087.0	1894.2	-0.000
GCAAAA	2403.0	2161.5	-0.000
AGTCAA	1567.0	1451.5	-0.000
GGATAT	2450.0	2200.3	-0.000
CATTTG	6533.0	5599.6	-0.000
TTACAT	5573.0	4807.0	-0.000
TCCTCT	5429.0	5033.6	-0.000
GTCATT	3860.0	3384.3	-0.000
CAAAGC	1644.0	1518.9	-0.000
TAAATA	6262.0	5378.0	-0.000
GAGAGA	2623.0	2553.8	-0.000
CCGCCA	635.0	684.8	-0.000
AGGAAA	3964.0	3472.0	-0.000
GAAAAG	3218.0	2849.1	-0.000
CACATC	1770.0	1681.9	-0.000
GAACAA	1630.0	1506.8	-0.000
TAACAA	2348.0	2118.1	-0.000
TATCAT	3497.0	3192.3	-0.000
TACCAA	1630.0	1508.1	-0.000
AAGAAT	3665.0	3226.8	-0.000
CCCTTT	5421.0	4688.7	-0.000
GACAAA	1900.0	1740.6	-0.000
GAATAA	2672.0	2394.8	-0.000
TGAAGG	2356.0	2127.1	-0.000
CTATAT	2973.0	2648.3	-0.000
GAGATG	4264.0	3728.3	-0.000
TGATAT	4130.0	3728.3	-0.000
GACATT	2824.0	2525.0	-0.000
CTTCTA	3759.0	3309.3	-0.000
TATGAG	2006.0	1832.8	-0.000
TAAAAT	8454.0	7199.7	-0.000
TATCAG	2553.0	2297.4	-0.000
CTCATA	2011.0	1838.0	-0.000
AGAACA	2456.0	2224.3	-0.000
AGACAA	2142.0	1950.7	-0.000
GATGTC	1522.0	1429.4	-0.000
AAACTG	3029.0	2711.6	-0.000
AAATGG	3268.0	2900.7	-0.000
CTGGTA	1905.0	1749.3	-0.000
CCTATG	1552.0	1447.7	-0.000
TTCATC	4017.0	3528.6	-0.000
TACAAT	2535.0	2285.6	-0.000
CACAAA	2427.0	2193.2	-0.000
CTATCT	2792.0	2503.0	-0.000
ACAAGT	1910.0	1755.0	-0.000
TATACA	3166.0	2820.0	-0.000
CATTGA	2982.0	2665.6	-0.000
CGCGCC	584.0	603.1	-0.000
ACAAAG	2355.0	2135.1	-0.000
GGAATT	3141.0	2800.4	-0.000
CCAATC	1043.0	1010.2	-0.000
GACCTT	2046.0	1874.1	-0.000
GCTGCT	2898.0	2596.8	-0.000
CGGCTA	394.0	676.8	-0.000
CAACTG	1562.0	1460.7	-0.000
TGCGCC	606.0	623.7	-0.000
GTCAGG	1865.0	1720.4	-0.000
GGTTCC	1514.0	1419.9	-0.000
GATGTT	3565.0	3158.7	-0.000
AATCTA	2315.0	2104.5	-0.000
ACAGGT	2772.0	2491.9	-0.000
GCATAG	1263.0	1203.9	-0.000
TCTGCG	429.0	463.6	-0.000
TCCAGA	2645.0	2385.3	-0.000
ATTCCC	2277.0	2073.9	-0.000
TTGGCA	2791.0	2508.4	-0.000
TATGCA	2166.0	1979.4	-0.000
AGGCAT	2985.0	2674.3	-0.000
AATGCC	1648.0	1537.6	-0.000
TAATAA	4331.0	3803.4	-0.000
CATGGA	1883.0	1740.3	-0.000
ACACAA	1953.0	1799.4	-0.000
CTTGCA	2287.0	2084.5	-0.000
TAAGGA	2085.0	1913.0	-0.000
CCCCGC	851.0	844.7	-0.000
GTTCCA	2109.0	1934.4	-0.000
AAATGC	2950.0	2647.8	-0.000
GTTGGC	1804.0	2100.1	-0.000
GGGATG	1623.0	1573.0	-0.000
ACCAAT	1474.0	1391.3	-0.000
GCGCGT	167.0	216.5	-0.000
TGCACA	2399.0	2185.5	-0.000
AATATG	3320.0	2963.9	-0.000
TGTATA	4936.0	4319.8	-0.000
CTATGC	1198.0	1155.0	-0.000
CTTATA	2921.0	2720.7	-0.000
AATGGA	2545.0	2311.3	-0.000
CCATGA	1835.0	1705.7	-0.000
ATGTAC	1926.0	1784.4	-0.000
TTTCAG	7698.0	6626.3	-0.000
GGATTT	4669.0	4100.5	-0.000
TCTCTA	4291.0	3783.1	-0.000
GGCCAT	1438.0	1365.7	-0.000
GTATTC	2462.0	2244.4	-0.000
ATAGGC	1226.0	1181.7	-0.000
TGCGCG	186.0	237.9	-0.000
TCTGCA	3211.0	3266.4	-0.000
CCATAT	2311.0	2116.2	-0.000
ATCTGG	2120.0	1952.6	-0.000
TTAAAT	8982.0	7679.1	-0.000
TTTAGC	3486.0	3187.0	-0.000
CCAAAG	3508.0	3129.9	-0.000
TGTGTG	9796.0	9092.4	-0.000
GTATCT	2981.0	2686.1	-0.000
ATGGGA	2104.0	1941.7	-0.000
AACTAT	2262.0	2076.8	-0.000
AGTATT	4678.0	4112.5	-0.000
ATTATG	3616.0	3222.4	-0.000
TCCACT	2403.0	2196.2	-0.000
AAAGAT	3592.0	3203.8	-0.000
GGTATT	2862.0	2588.0	-0.000
CTTTGC	4466.0	4062.1	-0.000
AACTGG	1920.0	1784.4	-0.000
ACATTC	2599.0	2365.4	-0.000
ATGCTG	2906.0	2671.9	-0.000
GGCCAG	2246.0	2412.6	-0.000
AGGCAC	1597.0	1586.4	-0.000
ATTACC	1590.0	1501.4	-0.000
TGAATA	3981.0	3533.7	-0.000
AGATTT	6646.0	5757.8	-0.000
GGCATC	1163.0	1132.6	-0.000
CAGAAA	3703.0	3301.1	-0.000
AGCCCT	1813.0	1696.7	-0.000
ATGGAT	2296.0	2110.4	-0.000
ATTGGC	1778.0	1666.3	-0.000
AGGCGC	561.0	732.8	-0.000
GTCTGC	1621.0	1531.5	-0.000
GGTATC	1209.0	1174.6	-0.000
TTTCCC	6919.0	5988.5	-0.000
ATGACA	2009.0	1867.7	-0.000
CAGGTC	1344.0	1293.0	-0.000
AATGCT	3140.0	2831.8	-0.000
TCTAAA	3635.0	3250.1	-0.000
CTTCCA	4023.0	3577.0	-0.000
GATAAG	1329.0	1281.8	-0.000
TATCTC	3359.0	3116.2	-0.000
TTTGAA	8481.0	7429.5	-0.000
ACTATT	3299.0	2967.5	-0.000
ATTGAA	3477.0	3118.4	-0.000
CACAGA	2218.0	2051.7	-0.000
GTACCA	1260.0	1223.8	-0.000
CTCCTT	5048.0	4842.3	-0.000
TGGATG	2240.0	2072.8	-0.000
AAATCC	2256.0	2086.3	-0.000
TACATT	5538.0	4854.6	-0.000
GTGAGT	2208.0	2045.5	-0.000
CCCTCT	3421.0	3076.1	-0.000
CACCGT	666.0	697.3	-0.000
ATGAGC	1934.0	1810.3	-0.000
ATTTCC	5970.0	5216.1	-0.000
GTCAGA	1805.0	1700.4	-0.000
CGCGCG	299.0	356.1	-0.000
AAGGAA	3493.0	3141.4	-0.000
CTATCA	1789.0	1688.1	-0.000
TTTCAC	5559.0	5926.6	-0.000
ATTGAG	2715.0	2605.6	-0.000
ATTGTG	3971.0	3733.7	-0.000
GGTCCT	1360.0	1315.3	-0.000
TCCTAT	2635.0	2413.7	-0.000
GGGACT	2193.0	2066.9	-0.000
GAAGGA	2172.0	2028.6	-0.000
ATGCAC	1345.0	1302.5	-0.000
ATAAGT	2407.0	2219.2	-0.000
GAATTC	2505.0	2304.5	-0.000
AATGAC	1813.0	1710.8	-0.000
AGGATT	3484.0	3137.9	-0.000
TCCCTA	1961.0	1839.0	-0.000
CCCAAT	1321.0	1283.6	-0.000
TCGTGA	559.0	603.2	-0.000
ATATAT	9071.0	8127.0	-0.000
ACCGCG	276.0	336.1	-0.000
AGCAAA	2532.0	2331.4	-0.000
GAACAT	2327.0	2155.7	-0.000
CCATCA	2152.0	2006.3	-0.000
TCTATA	3033.0	2759.1	-0.000
TATCCA	2331.0	2160.1	-0.000
GTTAGC	1319.0	1307.8	-0.000
GCCCTT	2066.0	1932.8	-0.000
AAGGAC	1336.0	1299.8	-0.000
GTGGAC	912.0	924.4	-0.000
CCAAAT	2721.0	2494.8	-0.000
AATTCC	2779.0	2545.7	-0.000
GTATAT	4204.0	3753.8	-0.000
GAATGG	1902.0	1794.2	-0.000
CTGTTC	3667.0	3480.2	-0.000
CTGGCC	2798.0	2564.4	-0.000
AGGCGT	1000.0	1025.9	-0.000
GATTAC	3429.0	3621.1	-0.000
AAAATC	3791.0	3408.1	-0.000
CAAATT	4006.0	3589.2	-0.000
GGCCTT	2208.0	2061.0	-0.000
GTCCAT	1510.0	1458.0	-0.000
TCATTA	4128.0	3694.5	-0.000
TGTGAA	3965.0	3558.6	-0.000
TATTCC	3284.0	2982.3	-0.000
ATAGGA	1675.0	1603.0	-0.000
TCCCAT	3288.0	2987.8	-0.000
TCTGGA	3272.0	3081.3	-0.000
ACATAT	3654.0	3298.9	-0.000
GACTTC	1933.0	1828.3	-0.000
GGTACC	702.0	742.0	-0.000
ATTGCC	2018.0	1902.7	-0.000
TTGTAG	4367.0	3903.0	-0.000
AAGTCC	1432.0	1393.7	-0.000
AGGACA	1660.0	1592.4	-0.000
GGTGTC	1563.0	1507.6	-0.000
ATATCT	4180.0	3745.9	-0.000
GGTTAC	1211.0	1200.2	-0.000
AGAGAA	3295.0	2999.0	-0.000
AATGGG	1954.0	1849.6	-0.000
ATTAGA	2681.0	2475.5	-0.000
GCCGGC	438.0	498.1	-0.000
GGCTTT	4152.0	3727.1	-0.000
CGCCCG	644.0	924.9	-0.000
ATAAAG	2973.0	2725.0	-0.000
TCCAAA	3083.0	2819.8	-0.000
AGCATG	2005.0	1991.1	-0.000
ATGAAA	4067.0	3656.6	-0.000
CCTGAT	2124.0	1997.4	-0.000
ATTTGC	4787.0	4439.3	-0.000
ACTATG	1846.0	1757.2	-0.000
CCTTCT	5644.0	4985.0	-0.000
CCCTAT	1279.0	1266.5	-0.000
TAGTAT	3167.0	2899.2	-0.000
ATCTGC	2223.0	2089.7	-0.000
AGAAAT	5155.0	4578.8	-0.000
GCTTCT	3495.0	3297.0	-0.000
GGACCC	717.0	762.8	-0.000
ATGAAG	2745.0	2539.4	-0.000
GTTCCC	1661.0	1600.3	-0.000
TGCCAA	2000.0	1894.3	-0.000
AATGTC	2843.0	2620.5	-0.000
CAAAAG	2497.0	2321.3	-0.000
ACTTGC	1716.0	1647.5	-0.000
ATGATG	2796.0	2579.7	-0.000
ATCCAT	2625.0	2635.7	0.000
TCCATA	2167.0	2075.4	0.000
TCCTTC	5811.0	6323.4	0.000
CTCTTC	4715.0	4400.5	0.000
AACAAT	2530.0	2448.3	0.000
ACAATA	1968.0	1961.1	0.000
CAATAT	2460.0	2402.2	0.000
AATATA	4758.0	4340.2	0.000
CTCTCC	3336.0	3523.8	0.000
GACAAT	1235.0	1368.4	0.000
ACAATG	1944.0	1906.8	0.000
CAATGA	1578.0	1662.0	0.000
AATGAA	3908.0	3573.7	0.000
CCACCA	3404.0	3915.1	0.000
AATCAA	2116.0	2154.1	0.000
ATCAAT	2029.0	2337.7	0.000
TCAATA	2178.0	2242.1	0.000
ACTCAT	2197.0	2118.7	0.000
TCATCA	2753.0	2694.3	0.000
TCATAA	2709.0	2553.8	0.000
TGGCTA	2574.0	2745.8	0.000
CAATAA	2202.0	2122.0	0.000
AATAAA	6461.0	5807.9	0.000
ATAAAA	5977.0	5349.8	0.000
AGGAAT	2873.0	2676.6	0.000
CCTTTC	5615.0	5147.4	0.000
CTTTCA	5814.0	5355.7	0.000
GGCCTG	1934.0	2031.9	0.000
CTTCTC	4909.0	4600.5	0.000
TCACAT	3070.0	2939.0	0.000
TTGCCA	3215.0	3181.0	0.000
TTTACA	5896.0	5314.0	0.000
TATAAA	5476.0	4883.2	0.000
ATGGCC	1372.0	1365.5	0.000
TGGCCA	2769.0	3104.4	0.000
ATTATA	4978.0	4633.8	0.000
TTATAG	3910.0	3549.8	0.000
TATAGG	1910.0	1831.6	0.000
ATTAAA	5298.0	4775.5	0.000
ATGCCC	1444.0	1500.2	0.000
CCACTT	3013.0	2950.2	0.000
ACCACA	2458.0	2378.9	0.000
ATCCCT	2105.0	2072.9	0.000
ATAATA	4149.0	3805.1	0.000
GGATAA	1501.0	1628.1	0.000
AGAAGT	3012.0	2787.7	0.000
GGCATT	2373.0	2306.4	0.000
GCATTT	5801.0	5675.1	0.000
GCGCCC	621.0	939.6	0.000
GCCCGC	636.0	783.7	0.000
TATAGA	2673.0	2505.4	0.000
ATAGAT	2670.0	2498.0	0.000
ATAGTT	4307.0	3972.7	0.000
AATGAG	2464.0	2304.7	0.000
ATGAGT	2234.0	2175.6	0.000
AGAAAA	6116.0	5400.6	0.000
GAAAAT	4692.0	4230.2	0.000
CTATGT	3093.0	3048.6	0.000
TAATAT	5384.0	4784.9	0.000
TAGATT	4156.0	3803.6	0.000
TTATAA	5616.0	5043.7	0.000
TCTCCA	3702.0	3651.0	0.000
TCCATT	5445.0	4888.7	0.000
CCATTT	6944.0	6467.8	0.000
TTATCA	4166.0	3790.4	0.000
TTGCAT	4712.0	4692.1	0.000
TGCATA	2612.0	2608.8	0.000
AATATT	7936.0	7390.9	0.000
TGCAAA	3044.0	3188.8	0.000
AAATAT	7461.0	7118.4	0.000
ATATTA	4693.0	4357.3	0.000
TGAAAA	5383.0	4814.9	0.000
TATAAG	2299.0	2227.5	0.000
ATAAGA	2158.0	2082.6	0.000
GATGGT	1985.0	2321.5	0.000
ATGGTA	2263.0	2246.2	0.000
ACAAAT	3175.0	3013.7	0.000
TTCCAA	3761.0	3679.8	0.000
TGTGTC	3808.0	4066.1	0.000
TGTCAA	2350.0	2525.6	0.000
TGACTT	4227.0	3854.0	0.000
TTTGGC	4019.0	3650.8	0.000
AAAGGC	1632.0	1633.4	0.000
TGGTGA	2985.0	2851.9	0.000
CAGAGA	2649.0	2513.8	0.000
GAGAAG	2517.0	2350.9	0.000
CATCTG	2957.0	2728.2	0.000
GCACCA	1583.0	1543.4	0.000
CCTTCA	3058.0	2990.9	0.000
CTTCAC	2328.0	2242.7	0.000
AAATTT	10658.0	9546.5	0.000
CTTTCC	5971.0	5449.5	0.000
AAGTCA	2359.0	2266.7	0.000
CACATT	3736.0	3402.6	0.000
ACATTT	8704.0	7633.4	0.000
TTTGCA	5775.0	5673.7	0.000
GAAAGA	2818.0	2604.9	0.000
TGTTGA	4908.0	4956.7	0.000
TGCTGA	3122.0	2952.6	0.000
CTGACC	1768.0	2007.8	0.000
CCAGTT	3229.0	3053.3	0.000
AGGCCT	1708.0	1817.8	0.000
CACCAC	3020.0	3150.2	0.000
TGTGGG	3046.0	2810.2	0.000
TCTGTG	5398.0	5018.5	0.000
CTGTGC	2613.0	2769.1	0.000
TGTGCA	3224.0	2994.3	0.000
CATGAA	2551.0	2551.5	0.000
ATTAGT	2992.0	2777.2	0.000
TGATGA	2999.0	2974.6	0.000
GGCTTC	2086.0	2029.1	0.000
TCTCTC	7419.0	7458.9	0.000
CAGATG	2396.0	2393.8	0.000
AGATGG	4191.0	3932.3	0.000
GCCCAT	1340.0	1467.5	0.000
TCATAT	4125.0	3868.1	0.000
CATATG	2447.0	2493.3	0.000
ATATGG	2002.0	1956.5	0.000
TCAGGG	1979.0	1883.3	0.000
TGAGCA	2272.0	2350.5	0.000
ATGGGG	2089.0	2202.5	0.000
GTGAAT	2575.0	2445.6	0.000
TGAATG	3217.0	3248.3	0.000
ATGGTC	1454.0	1458.3	0.000
CAGGAA	2538.0	2385.8	0.000
TGAGGA	2515.0	2430.0	0.000
CAATTT	5566.0	5596.2	0.000
TGACCT	3052.0	3060.3	0.000
GGGATT	4501.0	4432.0	0.000
GGATTC	1907.0	1847.5	0.000
GAAGGG	1808.0	1745.1	0.000
ATTCAA	2962.0	2964.1	0.000
TGGATA	2553.0	2665.3	0.000
GTAGAG	2452.0	2930.9	0.000
TAGAGA	3628.0	3738.1	0.000
TTCAGG	3408.0	3193.9	0.000
CTGGTC	2425.0	2444.9	0.000
GAGTTT	5577.0	5031.9	0.000
TTGGCC	3031.0	3213.0	0.000
TGGCCT	3742.0	3429.9	0.000
CAAAGT	4051.0	3746.6	0.000
ATTCCT	4562.0	4095.2	0.000
CATGTC	2103.0	2068.1	0.000
ATGTCT	4270.0	3966.8	0.000
TGCCCG	780.0	837.4	0.000
GTGTCC	1747.0	1706.5	0.000
TGTCCT	3557.0	3613.0	0.000
CCGCGC	472.0	624.4	0.000
GATATG	1719.0	1687.4	0.000
ATATGA	2706.0	2526.6	0.000
TCCCTT	5148.0	4670.4	0.000
GATGGG	2349.0	2448.8	0.000
CATGTG	3411.0	3458.6	0.000
ATGTGT	5017.0	4769.6	0.000
GCAAAT	2314.0	2335.8	0.000
CAAATC	1774.0	1782.6	0.000
GTCCTT	2872.0	2897.7	0.000
GCAAAG	1576.0	1564.8	0.000
CAAAGA	2598.0	2551.6	0.000
CCATGT	3169.0	3506.5	0.000
CATGTT	4980.0	4528.5	0.000
TTCCCT	5728.0	5447.3	0.000
TTGAAT	5828.0	5482.5	0.000
ATATTG	3814.0	3765.3	0.000
AATCCA	2126.0	2132.4	0.000
TCCAAT	2053.0	2056.7	0.000
CCAATG	1263.0	1273.3	0.000
AAATTC	3987.0	3677.5	0.000
TCTATC	2536.0	2519.5	0.000
CTATTC	2606.0	2512.7	0.000
TTTCCA	7387.0	6749.8	0.000
TTCAAT	3877.0	3880.6	0.000
TCAATT	3936.0	4006.7	0.000
ATTCAG	3328.0	3166.1	0.000
TTGTCA	4473.0	4409.9	0.000
TCAAAT	4099.0	3747.4	0.000
CAAATG	2919.0	2707.9	0.000
TGTGGA	2735.0	2591.6	0.000
ATCAAA	2441.0	2329.0	0.000
TGACAA	1912.0	1868.6	0.000
TGCCAG	2315.0	2280.9	0.000
ATAAAT	5836.0	5585.1	0.000
ATCCAC	1478.0	1630.9	0.000
TCCACA	2075.0	2144.7	0.000
CCACAC	1720.0	1825.8	0.000
TCACCA	2705.0	2717.1	0.000
TTGGTC	2659.0	2489.8	0.000
GGATTA	3902.0	4084.1	0.000
TGTGAG	3238.0	3243.8	0.000
GTGCCC	1399.0	1412.6	0.000
CCCATT	3220.0	3345.6	0.000
TATGTG	3959.0	3728.0	0.000
TAAATT	7480.0	7196.7	0.000
AATTCA	3611.0	3330.1	0.000
TGAATT	6000.0	5619.9	0.000
TTTGCC	4996.0	4683.1	0.000
CTGAAT	3340.0	3074.0	0.000
GTCAAT	1311.0	1635.4	0.000
AGAAAG	3410.0	3115.2	0.000
GTCAAA	1720.0	1795.7	0.000
GGACTA	1585.0	1673.0	0.000
GACTAC	1474.0	1602.3	0.000
TCCATG	2497.0	2795.4	0.000
CTAATT	5277.0	5241.9	0.000
TGTCTA	2837.0	2713.6	0.000
GTCTAT	2064.0	2502.7	0.000
TCTATG	2375.0	2354.0	0.000
GGACAC	864.0	923.6	0.000
CAAAGG	1866.0	1801.9	0.000
ATTCAC	2186.0	2064.6	0.000
TTCACA	3622.0	3392.1	0.000
AATTAC	2575.0	2450.7	0.000
ATTACA	5002.0	5056.3	0.000
TTCATA	4762.0	4272.4	0.000
CATTCA	3359.0	3370.7	0.000
GCCAGT	1706.0	1807.4	0.000
GAGCAT	1600.0	1815.3	0.000
AGCATT	3709.0	3418.9	0.000
ATATAA	4334.0	3965.0	0.000
CATAAA	2853.0	2929.2	0.000
CTATTA	2828.0	2638.6	0.000
AGAGAT	3336.0	3275.4	0.000
TTCAAA	5606.0	5278.1	0.000
CAAATA	3619.0	3484.6	0.000
TATATG	4004.0	3674.9	0.000
ATATGT	4848.0	4452.1	0.000
GAATTT	6411.0	5993.8	0.000
AATATC	2608.0	2484.7	0.000
TGAGAA	3618.0	3574.5	0.000
TGTCAG	2885.0	2663.7	0.000
TATGTC	2563.0	2449.9	0.000
TCATGA	2656.0	2476.3	0.000
GCATCT	2177.0	2237.7	0.000
CTCTAT	2927.0	2786.2	0.000
TCAATG	1618.0	1935.3	0.000
CAATGT	2356.0	2457.2	0.000
CATAGA	1699.0	1678.9	0.000
CCTATT	2727.0	2649.8	0.000
TTACAG	5260.0	4948.2	0.000
TACAGG	4062.0	4378.4	0.000
GATATT	3831.0	4023.4	0.000
ATATTC	3893.0	3585.2	0.000
TTGCAA	3288.0	3105.2	0.000
TCATTC	4391.0	4151.3	0.000
AAAGAG	2719.0	2566.8	0.000
ATGTCC	1707.0	1923.0	0.000
GAATGA	2320.0	2198.8	0.000
TCAGAT	3409.0	3161.9	0.000
CAGAAG	2595.0	2445.6	0.000
CACCAT	3141.0	3507.0	0.000
GATCCA	1404.0	1492.1	0.000
ACCCGC	341.0	418.1	0.000
ACCACG	651.0	937.9	0.000
TTTCAA	7476.0	6768.4	0.000
ACCATG	2507.0	2853.9	0.000
TATGAA	3368.0	3127.0	0.000
AGCACC	1135.0	1233.6	0.000
CCACAT	2304.0	2202.9	0.000
ACAATT	2965.0	2890.7	0.000
TCCTTG	4063.0	3676.4	0.000
TATTAG	3085.0	2980.0	0.000
TTAGTA	3597.0	3939.6	0.000
GGATGC	1023.0	1062.0	0.000
AAATCA	3466.0	3190.4	0.000
AGATCC	1287.0	1279.6	0.000
TTCCAT	5784.0	5331.6	0.000
ATGTGG	2552.0	2466.1	0.000
GCAGAA	2191.0	2096.5	0.000
GCTAAT	2535.0	3258.9	0.000
CAATTG	1558.0	1569.0	0.000
AATTAA	4584.0	4119.0	0.000
GAGAAA	3343.0	3282.3	0.000
CTCGAT	414.0	542.3	0.000
TGATGG	2493.0	2791.1	0.000
TTCCTA	4162.0	3782.2	0.000
TTGATG	3706.0	3473.4	0.000
CTATTG	2701.0	2573.4	0.000
CAATTA	2207.0	2193.6	0.000
CCAATT	2279.0	2310.0	0.000
CATCAA	1698.0	1734.1	0.000
TGAATC	2122.0	2084.6	0.000
TAAGTC	1754.0	1700.4	0.000
CCTTGC	2131.0	2066.7	0.000
GCGCGC	402.0	484.3	0.000
GTGTAT	3646.0	3341.8	0.000
CTGATG	2585.0	2599.7	0.000
TGGTCA	2154.0	2067.3	0.000
ATGAAT	3572.0	3478.5	0.000
ATATGC	1931.0	1903.2	0.000
CATTAT	4213.0	3820.9	0.000
TCAAAG	2696.0	2763.4	0.000
ACGCCC	430.0	692.4	0.000
AGAGTT	3535.0	3309.7	0.000
TATGGC	1450.0	1484.2	0.000
GGTCTA	1133.0	1264.6	0.000
ATCAGG	1456.0	1468.4	0.000
GCCAAT	1151.0	1165.5	0.000
TTACAA	3055.0	2921.5	0.000
TATCAA	2330.0	2263.6	0.000
ATATCC	1895.0	1840.5	0.000
CATATA	3331.0	3074.9	0.000
