OligoSequence	Target Occurences	Background Occurences	Enrichment(ln p, up to 2 mismatches)
TGCATG	8145.0	5030.7	-5413.760
GCATGC	4198.0	3635.7	-2068.642
GCATGT	4370.0	4007.7	-1983.753
TTGCAT	2359.0	2242.4	-1066.630
ATGCAT	1910.0	2052.9	-1051.799
CGCATG	1184.0	1502.6	-1028.611
CTGCAT	3621.0	4537.6	-998.625
TGCATA	524.0	1613.4	-933.604
GTGCAT	2851.0	3611.4	-784.618
GCATGA	2098.0	3231.0	-687.154
TGCACG	1244.0	1950.2	-681.311
GCATGG	4043.0	6474.3	-622.401
TGCATT	1079.0	2994.1	-614.293
TGAATG	1197.0	3420.3	-596.089
TACATG	516.0	1601.3	-585.577
AGCATG	2776.0	4000.1	-577.729
TGCTTG	2014.0	5020.5	-483.572
TTCATG	854.0	2800.1	-440.618
TGCATC	991.0	2802.6	-433.899
CATGCT	2359.0	3678.5	-407.310
CATGTG	3364.0	5953.8	-387.333
GTATGC	479.0	1157.4	-381.828
TAGCAT	602.0	1214.7	-371.833
GCATAC	282.0	884.7	-349.190
CATGCG	816.0	1527.1	-346.113
CATGCA	2081.0	3432.5	-320.025
TGGATG	2019.0	6106.4	-313.476
TGTATG	1068.0	2829.7	-310.599
TGCAAG	985.0	3381.0	-308.740
TATGCA	707.0	1383.7	-308.415
GCACGT	1006.0	1793.1	-303.543
GCATAT	412.0	1104.4	-297.291
ATGCTT	1113.0	2338.5	-294.335
TCCATG	1230.0	4017.2	-291.287
GGCATG	2593.0	6804.1	-287.146
TGCGTG	1611.0	4160.7	-283.273
CATGTA	829.0	1844.2	-272.513
TCGCAT	268.0	470.5	-265.900
AAGCAT	935.0	1780.3	-219.064
ACGCAT	368.0	551.7	-216.312
CATGTT	1613.0	3511.9	-212.064
GGGTGG	9693.0	23266.4	-202.882
GCTTGC	1373.0	3524.4	-201.647
GAGCAT	1507.0	2891.2	-200.215
CGTGCA	823.0	2197.8	-199.088
CATGGG	3461.0	7293.2	-193.936
TTGCGT	270.0	870.5	-193.339
CTTGCA	1511.0	3363.5	-189.282
ATGCGT	458.0	878.0	-181.726
GAATGT	931.0	2580.9	-181.356
GCGTGC	1093.0	3247.9	-180.797
CCGCAT	666.0	1054.2	-180.652
TTGCTT	1594.0	4060.0	-175.966
CATGTC	1429.0	2982.3	-175.694
GCACGC	928.0	2014.4	-174.311
GGTGGG	10254.0	25228.4	-171.679
GCTTGT	1294.0	3371.0	-166.587
GCATTT	1026.0	3201.9	-164.815
GCATTC	745.0	2161.0	-158.457
GAATGC	782.0	2369.7	-154.067
TTTGCA	1772.0	3524.6	-151.932
ATGTAT	633.0	1604.4	-149.580
CATGCC	1897.0	5144.5	-141.277
TGCCTG	4413.0	12450.0	-138.890
CCTGCA	3872.0	8838.8	-135.762
GTACAT	428.0	1118.4	-134.065
GTGCTT	1452.0	3790.5	-132.935
GCAAGT	798.0	2242.3	-129.969
GCGCAT	531.0	1330.7	-129.719
ATGCAC	920.0	2168.2	-128.732
GCATCT	1217.0	3547.2	-127.136
CGGCAT	400.0	1167.6	-125.831
GGGGAG	8760.0	22008.8	-124.967
TTACAT	427.0	1318.8	-119.695
TGTGCA	2926.0	6841.4	-118.345
GCACGG	1054.0	2653.2	-115.568
GTGGGG	9460.0	24113.0	-114.088
TATGCT	452.0	1349.1	-113.831
GGGGTG	8030.0	20247.2	-112.559
ATGCCT	1418.0	4221.1	-112.442
TGGGTG	6082.0	15015.7	-109.950
GGATGT	1390.0	4127.7	-108.580
TGCTTT	2006.0	4603.8	-108.245
ACATGT	808.0	2713.8	-106.223
TCTGCA	2745.0	6209.1	-105.331
ACATGC	805.0	2536.2	-104.503
TTGAAT	611.0	1878.2	-104.126
GGGTAG	1543.0	4148.9	-103.433
ATGAAT	675.0	1890.3	-101.576
CGTGGG	2396.0	6232.1	-97.018
GGGAGG	11727.0	30745.3	-95.711
GGGAGC	4894.0	12033.2	-94.766
CATGGT	1502.0	4840.3	-92.109
AGCATA	392.0	1112.3	-91.473
CTTCAT	995.0	2775.7	-90.262
ATGTAC	470.0	1022.2	-88.591
TGCAGG	3700.0	11620.5	-88.446
GGATGC	1500.0	4527.0	-87.619
ATACAT	346.0	1046.8	-85.509
CGTATG	163.0	453.4	-84.658
CTGCTT	2359.0	5966.4	-83.047
CACGTG	1471.0	3137.6	-82.672
TGTGGG	5882.0	14927.2	-81.838
AGCACG	650.0	1541.7	-81.323
GTGGGT	4171.0	10290.6	-80.044
CTACAT	398.0	1164.9	-79.868
TTTAAA	1181.0	2840.1	-78.634
CATTTG	1011.0	3170.6	-78.458
TTGTAT	572.0	2591.5	-77.712
TGCTTA	703.0	1757.8	-77.542
CCCTGC	5081.0	12828.4	-76.347
CTGAAT	860.0	2403.8	-76.323
ATTCAT	550.0	1700.9	-76.235
TCATGC	779.0	2870.6	-75.877
TTTCAT	905.0	2587.8	-75.221
GGTCGG	1197.0	3076.8	-74.626
GGGGGG	5483.0	13964.4	-74.379
TGCCTT	2333.0	5440.5	-74.098
GTGGGA	4328.0	10812.9	-73.653
GCAAGC	837.0	2760.9	-73.375
CTGCGT	1041.0	2913.5	-72.935
ATGGAT	842.0	2873.9	-72.453
CATGAG	1499.0	4195.6	-72.207
CTTGCT	1830.0	5079.9	-72.069
GCATCG	369.0	1030.3	-71.872
GCATAG	488.0	1501.4	-71.722
CTGTAT	675.0	2004.9	-71.105
CAGCAT	1847.0	4204.9	-70.349
GCGTGG	2056.0	5951.7	-69.775
CATACT	386.0	960.7	-68.376
GCATTG	929.0	2565.3	-67.823
TTAAAT	615.0	1584.1	-67.405
GGAGCA	3089.0	7547.4	-66.874
CACGTA	215.0	499.3	-66.770
CGGGTG	1892.0	5467.9	-65.823
GGAGGG	9863.0	26347.7	-65.508
ATACTT	436.0	955.7	-65.011
TGGGGA	6213.0	16188.0	-63.627
GGTAGG	1581.0	4548.1	-63.001
ATGTGG	2419.0	5805.7	-62.205
GGGTCG	1229.0	3060.9	-61.249
GCGTGT	1411.0	3667.3	-61.224
CATGAA	1019.0	2458.2	-60.432
GGATGG	3304.0	10127.0	-60.053
TGTACA	698.0	1725.3	-58.500
TGGGGG	8713.0	23309.0	-58.457
ATGTTT	1203.0	2646.1	-58.240
TCATGT	753.0	2408.0	-58.180
CATGAT	924.0	2508.1	-58.142
TGTGCT	2740.0	6730.4	-57.436
TTCCAT	963.0	2750.2	-57.294
GCCTGT	2857.0	8914.4	-57.293
ATGTCT	1104.0	2690.5	-57.166
CGTGCT	841.0	2194.2	-57.089
GGTTGG	2548.0	6877.1	-57.013
GGGGCC	6289.0	16542.1	-57.001
CCTTTC	1776.0	4829.9	-56.163
GGGGCG	4812.0	14055.0	-56.149
CTTTCC	1919.0	5573.5	-55.332
ATGCTG	2147.0	5169.8	-54.285
AGCATT	763.0	2252.2	-53.925
GTGCAC	1572.0	4135.7	-53.854
GGGCGG	5604.0	15272.5	-53.321
CTTGTG	1730.0	4517.2	-53.312
GTATGA	466.0	1283.8	-53.221
TTGCCT	1706.0	4200.4	-52.641
ATGTGT	2101.0	5069.3	-52.324
AGTATG	478.0	1245.8	-52.207
ATGCGG	592.0	1522.7	-51.906
TGTACG	243.0	632.0	-51.505
GTTGCA	1111.0	2779.0	-51.468
GTAGGG	1557.0	4300.1	-51.250
ATTTAA	636.0	1580.4	-51.077
TTATAA	410.0	1118.4	-51.053
GGGTTG	2446.0	7055.0	-50.788
GTTCAT	547.0	1819.9	-49.154
GTCGGG	1362.0	3756.2	-49.039
GGTGCA	2576.0	6402.1	-48.897
GGGTGC	3947.0	10187.5	-48.399
CTTTGC	1809.0	4335.4	-48.206
TGGGTA	1319.0	3407.4	-47.881
ATGCTA	440.0	1222.8	-47.723
GCATCC	1165.0	3585.5	-47.683
GCTTTG	1957.0	5150.2	-47.588
CGCACG	472.0	1190.0	-47.571
GTGGGC	4353.0	11340.3	-47.255
CCATGC	1375.0	4715.6	-47.198
CCTTGC	1978.0	4806.4	-46.822
ATGGGT	1473.0	3944.3	-46.809
ACGTGT	767.0	1623.5	-46.651
TTATAC	230.0	533.8	-46.610
CATGGA	1632.0	4201.9	-46.454
TTAAAA	1079.0	2506.3	-45.974
ACTAAC	337.0	589.0	-45.932
TGGCAT	1601.0	4341.6	-45.667
TAACTA	250.0	564.7	-45.464
ATGATT	597.0	1538.1	-45.453
ATGGGG	3963.0	10292.1	-45.334
GGGGGT	5078.0	13413.7	-45.297
TTAATA	461.0	1071.7	-45.278
GATGCA	1090.0	2916.2	-45.101
TGTCTT	1774.0	4284.1	-44.683
CCGTGC	999.0	2829.8	-44.285
GTTGGG	3027.0	7983.8	-44.103
GTCCAT	769.0	2103.7	-43.840
CACGCA	724.0	1539.1	-43.424
CTTTTC	1544.0	4249.3	-42.799
GTATGG	704.0	2059.3	-42.302
CGTGTT	555.0	1553.7	-42.246
CATACA	418.0	1195.6	-42.204
ACGTAT	109.0	277.7	-41.798
AGCGTG	892.0	2586.9	-41.775
TTAACA	469.0	1132.1	-41.712
TACCTT	543.0	1377.6	-41.446
GCAGGT	2742.0	8594.9	-41.312
CACGGG	1179.0	3115.1	-41.291
TACCCT	653.0	1764.5	-41.158
ACGTTT	231.0	801.6	-40.575
GCTTTT	1383.0	3667.6	-40.521
TGGGAG	6212.0	16850.7	-40.318
CGGTGG	1721.0	5147.6	-40.259
GCATAA	265.0	879.5	-40.070
TTCCTT	1886.0	5498.6	-39.810
GCACGA	341.0	1013.3	-39.623
TAAGCA	559.0	1371.6	-39.401
GAGGCC	4146.0	10935.1	-38.904
CACACG	788.0	1739.5	-38.635
CTTGTC	1092.0	3182.4	-38.366
GTCTGC	2096.0	5244.4	-38.323
CCATGT	1294.0	5172.4	-38.085
ACTTGC	924.0	2149.5	-37.840
ACTTAC	316.0	958.9	-37.807
GGGCCG	3178.0	8247.5	-37.755
CGGGGG	3731.0	9811.8	-37.392
GTGTAC	601.0	1636.4	-37.218
GGGAAG	4612.0	13105.4	-37.040
AAGCTT	709.0	1978.9	-36.748
ATTAAT	451.0	1094.6	-36.544
CGTGTC	812.0	1861.3	-36.175
TTTACA	543.0	1617.2	-35.798
GGGGTA	1301.0	3563.6	-35.679
TACCCC	692.0	1888.2	-35.568
CATGGC	2079.0	5538.6	-35.475
TTCCCT	2350.0	6656.8	-35.384
TTTGCT	1626.0	4433.7	-35.382
TCCTTT	1662.0	4401.1	-35.253
GGGGGC	6791.0	19346.2	-35.204
ATCCAT	551.0	1655.7	-34.839
CCCCAC	3261.0	8538.6	-34.767
GTACAC	409.0	1108.0	-34.655
GTACGT	202.0	738.1	-34.530
TTGTGC	1260.0	3216.2	-34.426
TGCGGG	2167.0	5720.4	-34.425
GGGCAT	2143.0	5562.7	-34.395
AGCTTT	1100.0	3011.1	-34.363
TGAGGG	4093.0	11950.7	-34.343
GTATGT	876.0	2440.0	-34.305
ATGTTA	494.0	1314.0	-34.283
CACGCT	749.0	1674.0	-34.185
GCGGGT	1519.0	4157.9	-34.168
CTGCAC	2485.0	6726.6	-34.148
AGAATG	1014.0	3284.7	-33.681
GGGCCC	4547.0	12189.5	-33.667
ATGTGC	1439.0	3595.5	-33.474
TATGAA	419.0	1300.8	-33.390
TCTTTC	1528.0	4425.7	-33.190
TGCGTT	414.0	1095.1	-32.796
CCCCCC	2210.0	5644.1	-32.735
TTACTT	581.0	1484.9	-32.660
ATAGCA	445.0	1359.9	-32.634
TACTTG	589.0	1765.5	-32.610
CTTATA	294.0	706.5	-32.579
TGGTTG	1473.0	4125.0	-32.260
TGCTGT	2985.0	7817.5	-32.120
CCCTAC	756.0	2206.9	-32.043
TGTCTG	3184.0	8377.4	-32.010
CTTAAT	463.0	1072.5	-31.842
CTGTGC	3591.0	9529.7	-31.829
CGAGGG	1641.0	4739.8	-31.724
CCTTCA	1275.0	3859.8	-31.571
CATTCA	743.0	2213.0	-31.568
GGACGG	1526.0	3983.5	-31.508
TGGGGC	6292.0	17223.5	-31.482
CGCATA	116.0	289.2	-31.123
ATTGCA	878.0	2041.2	-30.915
GCGGGG	5355.0	15102.3	-30.774
CTTTAC	475.0	1304.8	-30.604
AGGCCT	2949.0	7749.3	-30.589
TTAACT	444.0	1196.2	-30.466
GGGTGT	3604.0	9597.7	-30.446
GAGCGT	638.0	1873.2	-30.414
CATTAA	399.0	1048.4	-30.413
GCCTTG	2522.0	6556.5	-30.315
TTGCAC	835.0	2223.1	-30.168
CTTGCC	1755.0	4428.9	-30.128
TCGGGG	1926.0	5157.7	-30.081
CGCGTG	843.0	2060.4	-29.915
GGCGGG	5730.0	16079.1	-29.897
GCCTGC	3718.0	10157.8	-29.860
TCGGTG	745.0	1991.2	-29.828
TTAGCA	603.0	1582.0	-29.773
TTGGGG	4283.0	11699.7	-29.753
TGTTTC	1591.0	3983.5	-29.732
GTGCGG	1530.0	4411.1	-29.579
AGCAAG	1253.0	3873.8	-29.548
CTCCCC	3913.0	10495.1	-29.494
AGTGGG	3780.0	10123.2	-29.293
GGGGGA	4886.0	13577.6	-29.290
AGGCAT	1172.0	4212.5	-29.264
AATACT	420.0	875.7	-29.026
AATGCA	948.0	2250.5	-28.885
GCCCTG	5309.0	14490.9	-28.857
GGCCCC	4093.0	11022.0	-28.839
CATGAC	811.0	2024.9	-28.827
GAGGGC	3997.0	10988.6	-28.812
GGGATG	3111.0	9180.1	-28.652
TGCCCT	3086.0	8176.4	-28.521
TACGTG	292.0	965.6	-28.318
CTATCC	383.0	1163.7	-28.293
CCTGCT	3611.0	10501.3	-28.273
GGTGGT	3289.0	8848.0	-28.084
CTAACC	485.0	1045.2	-27.982
CTTTTA	807.0	2024.8	-27.877
CCCTTC	2271.0	6708.6	-27.875
AAGTAT	367.0	995.6	-27.781
GGCACG	964.0	2797.9	-27.670
TCTTAC	537.0	1242.5	-27.667
GTGGAT	1336.0	4094.2	-27.665
CTTTCT	2203.0	5855.4	-27.601
TGTTAA	567.0	1527.0	-27.533
TGTTCA	950.0	2700.7	-27.517
CCTTAC	490.0	1370.1	-27.466
TACTGT	580.0	1704.8	-27.462
TTCGCA	200.0	601.8	-27.372
GAGGGT	3351.0	9069.4	-27.367
ACCTGC	2195.0	5700.2	-27.220
ATTTGC	792.0	2134.4	-27.204
CTGTTC	1431.0	4346.8	-27.176
TTCTGC	2041.0	5272.7	-27.135
GCTTTA	663.0	1652.3	-27.022
GGGACG	1601.0	4326.2	-26.831
GTGTGG	4759.0	13416.6	-26.674
CCCCTG	3930.0	10614.3	-26.665
CTTACT	586.0	1525.4	-26.584
CTGTTT	1624.0	4714.4	-26.567
CTTTAT	667.0	1933.2	-26.504
GTTTGC	1183.0	3004.5	-26.378
TGGTGG	4997.0	14484.4	-26.367
CTGTCC	2783.0	7372.3	-26.267
GCAGGG	6165.0	17033.9	-26.199
ATGGGA	1962.0	5069.9	-26.190
ACGTGC	617.0	1749.5	-26.176
ACTGCA	1679.0	5812.7	-26.129
TCTTAA	569.0	1472.1	-26.120
CCCCTC	3588.0	9655.6	-26.106
CTTATC	400.0	1114.1	-26.105
GGTGAG	3739.0	11604.2	-25.958
TGTCCT	2214.0	6433.1	-25.848
CTTACC	542.0	1442.0	-25.837
CTACCC	782.0	2206.3	-25.696
TGACTT	1121.0	3104.8	-25.602
GGCAGG	6633.0	19810.8	-25.584
AGGGCC	3318.0	9416.8	-25.584
GGTGTG	4323.0	13116.8	-25.584
TGGGCG	2206.0	6383.4	-25.584
GGAGGC	5605.0	16944.8	-25.584
GGCCTG	5602.0	17954.8	-25.584
GCCTGG	6594.0	22305.1	-25.584
GGGGAC	3378.0	10424.7	-25.584
GGGACC	2697.0	7871.1	-25.584
GGACCC	2221.0	6604.5	-25.584
AGGGCA	3026.0	8707.7	-25.584
CAGGGG	4697.0	13672.1	-25.584
AGGGGG	4313.0	13196.1	-25.584
GGGTGA	2868.0	8796.4	-25.584
GACGGG	1424.0	4330.3	-25.584
GGTGGC	4263.0	11857.3	-25.584
GTGGCT	3253.0	10209.3	-25.584
CTGGGA	4772.0	16361.9	-25.584
GTGCCC	2510.0	7745.6	-25.584
GCCCCT	3262.0	9474.5	-25.584
GATGTG	1674.0	5268.5	-25.584
GGGAGA	4053.0	11835.5	-25.584
GAGAGG	4095.0	12061.7	-25.584
AGAGGA	2511.0	7753.1	-25.584
ATGGGC	1623.0	7080.3	-25.584
GGACAG	2726.0	8066.8	-25.584
TCCTGC	3166.0	9883.3	-25.584
CTGCCT	4372.0	13230.3	-25.584
CCATGG	2047.0	6585.1	-25.584
GGGCGC	2605.0	7932.3	-25.584
CTGGGT	4173.0	12579.7	-25.584
GTGTGT	6548.0	24165.9	-25.584
TGGAGG	5110.0	15477.7	-25.584
GGGGAT	2232.0	6735.9	-25.584
GAGGTG	4155.0	12472.9	-25.584
TGGGAA	2834.0	8316.7	-25.584
GCTCTG	3663.0	10956.7	-25.584
GAGTGG	3190.0	10223.4	-25.584
TTGCTG	2055.0	6100.8	-25.584
GCTGGG	8638.0	26708.3	-25.584
GGGCCT	4474.0	15183.1	-25.584
CCCTTG	1832.0	5399.1	-25.584
CCTTGG	2619.0	8230.1	-25.584
CTTGGG	3195.0	9630.9	-25.584
TTGGGC	1688.0	5161.8	-25.584
TGGGCC	3611.0	13095.8	-25.584
TGGTGC	2193.0	6749.0	-25.584
GGTGCC	2591.0	8187.9	-25.584
GTGGTT	1434.0	4085.3	-25.584
GGGGTC	3469.0	10518.5	-25.584
CGGAGG	1929.0	5861.9	-25.584
AGGTGC	2127.0	6496.0	-25.584
AGAGGG	3797.0	11073.9	-25.584
GTGCAG	2727.0	9800.8	-25.584
GCAGGA	3216.0	10454.9	-25.584
TCTGCC	2699.0	8644.1	-25.584
GGCTGG	7791.0	24484.3	-25.584
TGGGCA	3869.0	11288.3	-25.584
GGGCAC	2641.0	7723.7	-25.584
GGCTGT	3441.0	10125.7	-25.584
GCAAGG	1565.0	5165.3	-25.584
CAAGGG	1682.0	5688.6	-25.584
AAGGGG	2620.0	8567.6	-25.584
GAGGGA	4743.0	13526.4	-25.584
AGGGAA	2429.0	7221.9	-25.584
CAGGTG	3851.0	12833.8	-25.584
AGGTGT	1835.0	6114.3	-25.584
GGAGTG	3239.0	11625.4	-25.584
GGCGGT	1206.0	3873.3	-25.584
GCGGTG	1732.0	5383.6	-25.584
GGTGGA	3348.0	10694.0	-25.584
GTGGAG	3887.0	13788.2	-25.584
GGAGGA	5662.0	16459.2	-25.584
GAGGAG	5767.0	17110.9	-25.584
AGGAGG	6035.0	18453.6	-25.584
GAGGAC	1950.0	5744.7	-25.584
GTGTTG	1704.0	4901.9	-25.584
TGTTGG	2099.0	6421.4	-25.584
TTGGGA	2162.0	7313.8	-25.584
TGCCCG	1238.0	4296.7	-25.584
GTCCCC	2278.0	6756.0	-25.584
GTTGGT	1118.0	3316.1	-25.584
TTGGTG	1787.0	5652.6	-25.584
GTGGTG	4230.0	12577.1	-25.584
GAGCCC	2866.0	8612.4	-25.584
AGGGGA	3936.0	12143.8	-25.584
GGCGAG	1555.0	4379.6	-25.584
GCGAGG	1564.0	4740.5	-25.584
CTAGGG	1201.0	3910.3	-25.584
TAGGGG	1511.0	4685.2	-25.584
AGGGCG	1724.0	5324.6	-25.584
GGGCGA	1156.0	3616.9	-25.584
AGGATG	2009.0	6116.9	-25.584
TGGCGG	1886.0	5689.7	-25.584
CGGGGT	2022.0	5782.8	-25.584
CCCGGG	3272.0	10074.9	-25.584
CGGGGC	3973.0	11425.6	-25.584
GCGCTG	1641.0	5210.6	-25.584
TGGAAG	2222.0	7222.3	-25.584
CGGAGC	1373.0	4538.2	-25.584
GGCAGC	3796.0	11473.7	-25.584
GGCGTG	1877.0	6475.6	-25.584
CGTGAG	899.0	2776.7	-25.584
GCGCGG	1976.0	6097.1	-25.584
CGCGGG	1998.0	5644.3	-25.584
GCGGCC	2193.0	6467.1	-25.584
CCTGCG	1608.0	4893.5	-25.584
CGGCCC	1826.0	5447.7	-25.584
CCCCCG	1749.0	4947.7	-25.584
CCCCGC	2200.0	6834.4	-25.584
GAAGGG	3486.0	10502.7	-25.584
GGCCGC	2016.0	6202.0	-25.584
GGTGCG	1377.0	4255.4	-25.584
GGAGCG	1843.0	5309.1	-25.584
CGCCCC	1689.0	5894.3	-25.584
GCCCCG	2235.0	6760.2	-25.584
GGACGC	928.0	2838.8	-25.584
CGCTGC	1424.0	4781.6	-25.584
AGGGAC	2137.0	6428.6	-25.584
GAGCTG	3882.0	11910.1	-25.584
GGAAGC	2279.0	6856.4	-25.584
GGGTCC	2854.0	8452.0	-25.584
GGTCAG	2257.0	7060.2	-25.584
TGCCGG	1087.0	3540.6	-25.584
GCTGTC	1849.0	5578.2	-25.584
GCTGCA	3143.0	8810.5	-25.584
GTGCCT	2383.0	6915.0	-25.584
TGTGTG	8120.0	27548.7	-25.584
TGTGGC	3077.0	8962.7	-25.584
CCCTCC	4339.0	12314.3	-25.584
CCTCCC	4936.0	16467.2	-25.584
GCAGGC	3161.0	9875.1	-25.584
GTGAGG	3659.0	10251.1	-25.584
CGGGCA	1395.0	4017.9	-25.584
CCGGGT	1247.0	4331.8	-25.584
GGGAGT	2687.0	7635.6	-25.584
GGGGAA	3244.0	9611.1	-25.584
GGGAAC	1666.0	4920.8	-25.584
TTGGGT	1720.0	4596.8	-25.584
GGCCGT	1165.0	3117.4	-25.584
TGCTGC	3608.0	10671.0	-25.584
GGTTGT	1056.0	3433.3	-25.584
AGGGTC	2035.0	5993.2	-25.584
CCTGTG	4038.0	11790.9	-25.584
CCCCCT	2512.0	6957.1	-25.584
TGAGGA	2559.0	7527.1	-25.584
GAGTGC	1590.0	5371.0	-25.584
TGTGGA	2394.0	7072.1	-25.584
TGGGTT	1943.0	6224.6	-25.584
GGTTTG	1668.0	4793.8	-25.584
GTTGTG	1345.0	3903.6	-25.584
CCGGTG	1026.0	2995.3	-25.584
CGGTGC	1066.0	3140.9	-25.584
GGAAGG	4519.0	13502.7	-25.584
GGGCGT	1517.0	4706.3	-25.584
CCCTGT	2773.0	7964.5	-25.584
TGCGGC	1133.0	3522.6	-25.584
GCTGCT	3934.0	11952.2	-25.584
TTGTGG	1735.0	5209.0	-25.584
TGTGGT	2400.0	7653.2	-25.584
GTGCGT	982.0	2912.9	-25.584
GGGACA	2425.0	7677.6	-25.584
GGGGCA	4631.0	12765.5	-25.584
TGGGAT	1902.0	7410.4	-25.584
GGTTGC	1110.0	3851.7	-25.584
GTGAGC	2054.0	7157.7	-25.584
GTGGCA	2455.0	7069.3	-25.584
GATGGG	3354.0	10044.2	-25.584
GGGGTT	2429.0	8118.5	-25.584
ACGGGG	1513.0	4275.8	-25.584
GTTTGG	1715.0	5012.9	-25.584
TTTGGG	2623.0	8315.3	-25.584
GTTGGC	1149.0	3838.8	-25.584
CGTGTG	1899.0	4970.2	-25.584
GCGGCA	954.0	2998.0	-25.584
GTGCCG	938.0	2839.1	-25.584
TGCGAG	600.0	1962.8	-25.584
TGTGCG	1227.0	3931.9	-25.584
CCCGTG	1318.0	3463.6	-25.584
GGTATG	812.0	2400.1	-25.584
GGTCCG	685.0	2322.2	-25.584
TATGGG	859.0	4678.2	-25.584
ATGAGG	1747.0	4830.4	-25.584
TGTAGG	1008.0	3186.8	-25.584
GGACCG	799.0	2336.4	-25.584
ATGGTG	1833.0	6466.9	-25.584
TCGGGC	922.0	2613.9	-25.584
TAGGGC	901.0	2777.7	-25.584
GTAGGC	656.0	2071.3	-25.584
CTTAAC	363.0	958.6	-25.465
ACACGT	418.0	1029.9	-25.461
ACGTGG	1173.0	2977.1	-25.363
AATTAA	510.0	1155.3	-25.342
AGGGTG	4093.0	11120.9	-25.122
TCCCCT	2656.0	7643.3	-25.066
CTTTCA	987.0	2656.0	-24.998
ACACAC	1581.0	4331.8	-24.997
TACTTA	337.0	761.2	-24.949
CCACAC	1682.0	4461.2	-24.920
AATGTA	427.0	1212.6	-24.853
CCGGGG	3492.0	9414.8	-24.803
ATAGTT	326.0	955.0	-24.689
TATTCA	396.0	1279.6	-24.572
TGAGCA	1812.0	4913.2	-24.337
TACTCT	540.0	1497.2	-24.186
CCCCCA	3272.0	8804.1	-24.153
TATTAA	403.0	989.3	-23.882
ATGTAA	483.0	1467.8	-23.766
TCCCTT	1783.0	5089.7	-23.748
AGAGCA	1958.0	5108.4	-23.399
GAGCAG	3514.0	9514.4	-23.389
ATGAAA	895.0	2173.1	-23.177
TTGATT	758.0	1865.3	-23.176
CTGCCC	4805.0	13220.7	-23.135
TACCAC	500.0	1123.5	-23.090
GAGCGG	1813.0	4710.9	-22.990
TTTATC	475.0	1454.5	-22.963
TGGCTT	2221.0	6102.4	-22.875
CCCCTT	1918.0	6030.2	-22.875
GCCTTC	1844.0	5368.0	-22.875
TGAGCG	838.0	2510.0	-22.875
AATGGG	1339.0	4407.7	-22.875
GGGTAC	779.0	2139.8	-22.875
TCTCTG	2857.0	8730.0	-22.875
CTCTGT	2788.0	8518.3	-22.875
CTGGAT	1327.0	4404.5	-22.875
CTGGTT	1497.0	4461.7	-22.875
GGAAAG	2077.0	6134.7	-22.875
CAGAGC	2768.0	8151.8	-22.875
GGAAGA	2323.0	6820.8	-22.875
GAAGAG	2058.0	6200.6	-22.875
CCCTCG	1118.0	3075.3	-22.875
CTTCCC	3052.0	9035.0	-22.875
TCGGAG	725.0	2127.4	-22.875
GCGTGA	671.0	2426.7	-22.875
TGCGCG	696.0	2521.4	-22.875
TGCGGA	727.0	2221.9	-22.875
GTCGGC	507.0	1747.0	-22.875
GTAGGT	722.0	2210.3	-22.875
TAGGGA	1095.0	3228.1	-22.875
TCCTTG	1709.0	5118.6	-22.875
CGTGCG	658.0	2042.1	-22.875
GTCCCT	2176.0	6344.9	-22.875
TCCCTC	2656.0	7778.2	-22.875
TGTCCC	2457.0	6863.8	-22.875
GTGTCC	2045.0	6071.9	-22.875
TGGACG	730.0	2162.3	-22.875
CCTTCC	3156.0	8969.8	-22.875
CTGTCT	2605.0	7370.8	-22.875
CGTGGT	970.0	2886.3	-22.875
CGTGCC	842.0	2713.0	-22.875
TTGGCT	1623.0	5333.2	-22.875
AGGGTT	1400.0	4645.2	-22.875
TGGTAG	865.0	2775.8	-22.875
CCCTCT	2847.0	7869.7	-22.875
GCGTTG	504.0	1370.6	-22.875
CGTTGG	518.0	1457.9	-22.875
GAGCGC	1037.0	3405.1	-22.875
TGTCGG	647.0	1790.7	-22.875
TGACTG	1410.0	4389.9	-22.875
GATTGG	876.0	2892.5	-22.875
CGGTGT	725.0	2067.6	-22.875
GTGCTC	1596.0	4645.0	-22.875
TAGGTG	1031.0	2987.2	-22.875
GAATGG	1283.0	4281.2	-22.875
GTTGGA	1108.0	3474.2	-22.875
GGAAGT	1576.0	4969.0	-22.875
CGGATG	486.0	1504.0	-22.875
CTTGGT	1481.0	4396.2	-22.875
CTTTGG	1909.0	6487.3	-22.875
GGTAGC	715.0	2192.2	-22.875
GGTGTA	695.0	2097.1	-22.875
GAAGGT	1541.0	4532.8	-22.875
ATTGGG	1026.0	2821.9	-22.875
TTCGGG	682.0	2126.3	-22.875
TGTTTA	825.0	2308.4	-22.659
ATCTGC	1038.0	3380.3	-22.630
CACGTT	391.0	1010.4	-22.579
ACCTTT	873.0	2122.7	-22.471
CTTCTT	1505.0	4577.0	-22.447
TTCTTC	1459.0	4471.6	-22.421
CTATGC	428.0	1283.8	-22.397
ATGTTC	832.0	2028.5	-22.387
ACTAGT	243.0	692.2	-22.287
GAATGA	935.0	2758.4	-22.185
CATATC	287.0	885.0	-22.169
TTTTAA	1267.0	3205.4	-22.046
ACGTAC	105.0	268.2	-21.999
TACATT	412.0	1254.4	-21.993
AACGTT	147.0	459.7	-21.990
ATGAGT	811.0	2253.2	-21.949
TCTGCT	2491.0	6640.7	-21.921
CCTTTT	1494.0	3891.1	-21.789
GTGGTA	718.0	2249.5	-21.748
GTAGCA	630.0	1626.7	-21.664
ACGCGT	212.0	530.4	-21.653
AATAAC	342.0	1031.9	-21.498
GCTGTG	4856.0	13426.1	-21.433
ACCCTT	858.0	2381.6	-21.235
AAAGCA	1058.0	2714.8	-21.233
CTCTCC	2858.0	7702.4	-21.195
TATACC	260.0	628.1	-21.130
ATGTCC	936.0	2695.6	-21.121
CGGGGA	2581.0	6917.5	-21.058
TCCTCT	2314.0	6596.7	-20.964
TAATAC	268.0	548.4	-20.956
TTAATT	720.0	1726.6	-20.955
TATAAC	209.0	469.5	-20.775
GTACGG	256.0	676.1	-20.750
ACTTAT	309.0	803.6	-20.705
ATGCAA	492.0	1580.5	-20.700
TTTCCT	2218.0	6565.9	-20.667
TCGGGA	766.0	2518.6	-20.570
TGTCAG	1515.0	4509.7	-20.570
AGCTTG	1306.0	3675.3	-20.570
GCCCTT	1633.0	4970.5	-20.570
CACTGC	2225.0	7766.8	-20.570
AGCCCT	2487.0	7125.7	-20.570
GGCTTT	1859.0	5168.3	-20.570
TGCTCT	2215.0	6230.8	-20.570
GTCTTG	1362.0	4311.9	-20.570
TGCTTC	1798.0	4755.8	-20.570
GTCCTC	1643.0	4834.7	-20.570
CTCTCT	2575.0	7360.7	-20.570
CTTCCT	3091.0	8967.1	-20.570
AGGGTA	889.0	2442.8	-20.570
TTCCCC	2205.0	6443.9	-20.570
AGGACG	826.0	2422.2	-20.570
CGGGAA	977.0	2953.1	-20.570
TCCGTG	837.0	2361.7	-20.570
TCGGGT	542.0	1808.2	-20.570
CCTGAC	1559.0	5417.6	-20.570
GTAGGA	861.0	2537.3	-20.570
TAGGGT	772.0	2642.5	-20.570
TTGCAG	1487.0	5455.9	-20.570
GTGTCG	494.0	1379.8	-20.570
TGTTGC	1302.0	3979.3	-20.570
AGAGCG	797.0	2500.2	-20.570
AAGGGT	1189.0	3695.1	-20.570
TTAGGG	932.0	3050.0	-20.570
TTGCCC	1329.0	4750.3	-20.570
GTAAGG	719.0	2100.2	-20.570
TGGTCG	425.0	1574.7	-20.570
CCTGTT	1509.0	4420.4	-20.570
GTTGCG	309.0	1075.7	-20.570
GAGAGC	2128.0	5643.8	-20.536
TACGCA	146.0	335.5	-20.388
GGGCAG	6746.0	18929.8	-20.369
GCTTGG	2562.0	6880.3	-20.358
CGAGCA	494.0	1369.3	-20.302
TAATAA	436.0	1170.8	-20.301
TACATA	331.0	931.0	-20.299
ATTTAC	374.0	988.2	-20.266
TGTACC	667.0	1593.6	-20.231
AACTAT	258.0	674.0	-20.204
TATACA	257.0	861.0	-20.132
GCGGGA	2076.0	5507.0	-20.103
ATAACT	322.0	859.4	-20.095
GCATTA	375.0	1055.3	-20.039
ATGTGA	1096.0	3091.2	-19.698
CTTGCG	475.0	1426.4	-19.696
ATAAGT	367.0	806.8	-19.548
TTCTCT	2235.0	5970.4	-19.456
AGGGGC	4905.0	13637.0	-19.410
CCTGTC	2517.0	6772.7	-19.383
GCGGGC	2788.0	7547.5	-19.366
TTGGAT	810.0	2210.5	-19.337
CCGTGG	1713.0	4498.2	-19.262
CCTCTC	2795.0	7572.3	-19.167
GGCCGG	3356.0	9180.1	-19.158
GAGGGG	7288.0	20563.4	-19.066
TAACAC	329.0	923.5	-19.044
TGCTCG	607.0	1662.4	-19.030
TGAACG	333.0	828.8	-18.941
ACTTGT	711.0	1791.5	-18.922
TAAATG	601.0	1776.2	-18.886
GCCTTT	1545.0	4210.5	-18.861
CCTATC	421.0	1162.3	-18.827
TGCTAT	492.0	1636.0	-18.737
TATATA	514.0	1362.7	-18.736
ACGCTT	286.0	724.7	-18.671
CCCTCA	1995.0	5769.4	-18.552
TCATGG	1289.0	4204.9	-18.552
TTCTGT	1839.0	5428.6	-18.552
TCTGTC	2046.0	6201.4	-18.552
CCTTCT	2116.0	6267.6	-18.552
CGGTCC	581.0	1949.5	-18.552
CTGACC	1697.0	5564.0	-18.552
GGTAAG	864.0	2638.1	-18.552
AGTGCT	1452.0	5054.2	-18.552
GGACGT	622.0	1853.5	-18.552
CCTTGT	1453.0	3992.5	-18.552
ACGGTG	728.0	2291.9	-18.552
GGATAG	567.0	1807.1	-18.552
TCAGTG	1645.0	5069.1	-18.552
AGGACC	1393.0	4533.9	-18.552
CCGTGT	963.0	2712.8	-18.552
TGCGCT	673.0	2305.2	-18.552
CTGTCG	514.0	1915.7	-18.552
GTTAGG	749.0	2045.4	-18.552
CCTTTG	1706.0	4815.7	-18.552
CTCTGC	3730.0	10281.0	-18.371
ATGGTT	736.0	1976.8	-18.346
CATTGC	848.0	2503.8	-18.291
AATGCT	707.0	2221.4	-18.276
CATACC	369.0	1015.0	-18.240
TAACAA	394.0	888.8	-18.226
GATGAG	1630.0	4288.0	-18.122
TTTCCA	1340.0	4001.1	-18.077
GCTTTC	1377.0	3579.5	-18.048
TTTTGC	1061.0	3168.6	-17.878
ATACGT	99.0	332.3	-17.854
AGGGAG	5690.0	15975.3	-17.765
GTGCTG	4166.0	11557.3	-17.764
CATTTA	617.0	1757.7	-17.761
CACCCC	2639.0	7164.2	-17.726
ATGATA	372.0	952.0	-17.696
CATATT	414.0	1259.1	-17.678
TTTTCA	1161.0	3035.5	-17.629
ACCCCT	1743.0	4618.7	-17.563
ACACGC	515.0	1215.7	-17.538
ATCGGG	406.0	1271.7	-17.529
AACTTT	725.0	1782.3	-17.496
TCCCCC	2442.0	6606.9	-17.495
CGGGAG	2718.0	7396.8	-17.474
TTGCAA	590.0	1755.5	-17.404
CACACA	2137.0	5739.1	-17.387
CATCGG	348.0	990.6	-17.386
GTCGGT	436.0	1110.1	-17.375
GTCCTT	1240.0	3697.8	-17.311
TTTAAC	461.0	1195.9	-17.253
CCCCTA	742.0	2432.8	-17.223
CTCCAT	1233.0	4097.7	-17.190
TGATTT	1055.0	2694.0	-17.188
AGCGGG	1843.0	4912.9	-17.024
ACCCTG	2598.0	7067.5	-17.000
ACGCAC	406.0	985.2	-16.994
GTGAAT	714.0	2324.3	-16.983
CCCGCA	1104.0	2835.8	-16.977
CACACT	1188.0	3223.1	-16.958
TTTTTC	1581.0	4174.8	-16.944
CGTGGC	1489.0	3916.3	-16.849
ACATGG	1309.0	4602.9	-16.755
ATGCCC	1214.0	3731.3	-16.755
CTCTGA	1832.0	5614.4	-16.755
TCTTGC	1299.0	3836.6	-16.755
CAGTCC	1308.0	4088.1	-16.755
TCTGTT	1454.0	4454.4	-16.755
GTTCCT	1397.0	4268.2	-16.755
GGAACG	536.0	1710.8	-16.755
GCGAGT	460.0	1617.2	-16.755
GATGCT	1158.0	4002.0	-16.755
TGTCCG	584.0	1798.3	-16.755
CCTCTT	1870.0	5301.4	-16.755
GTTCGG	361.0	1172.5	-16.755
ACGGGA	650.0	1847.5	-16.755
GCTTGA	896.0	3220.9	-16.755
GGTTCG	366.0	1167.6	-16.755
CGCTTG	510.0	1779.1	-16.755
GGTAGT	588.0	1745.5	-16.755
TTATCA	370.0	1026.3	-16.718
GCCGTG	1517.0	3998.7	-16.634
TTGGTT	1193.0	3088.7	-16.622
CGGGCG	2136.0	5754.6	-16.619
GTGTGC	3183.0	8759.8	-16.521
ATTAAC	296.0	685.1	-16.463
TAAACA	501.0	1387.0	-16.416
TGATTG	769.0	2314.0	-16.410
TCTAGA	641.0	1566.5	-16.317
CACACC	1410.0	4589.2	-16.232
TCTTCA	1159.0	3098.9	-16.216
AAAAAC	699.0	1729.7	-16.096
ATGACT	725.0	1891.4	-16.036
GAACGT	283.0	823.1	-16.033
AAAACT	670.0	1652.2	-15.945
GTACTG	692.0	1712.8	-15.920
CACTAA	388.0	893.3	-15.876
TTATGC	402.0	960.2	-15.795
TTCTAA	539.0	1606.3	-15.784
TGCCCC	3069.0	8453.3	-15.777
GTCTTA	529.0	1270.1	-15.753
CATAGG	522.0	1861.1	-15.727
GTATAC	174.0	587.7	-15.722
GTGGCC	3393.0	9397.4	-15.587
TAACTT	437.0	1167.0	-15.585
CCGTCC	940.0	2401.1	-15.575
TCCCTG	4035.0	11255.8	-15.557
TTACTC	448.0	1225.0	-15.533
TAACTG	616.0	1509.4	-15.524
ATGTTG	1068.0	3586.9	-15.501
ACCTAA	373.0	857.8	-15.475
TCTTTG	1579.0	4199.3	-15.425
TACACT	397.0	1059.2	-15.322
ACTGTT	760.0	2025.7	-15.263
ACACAT	806.0	2193.8	-15.260
CATATG	488.0	1426.2	-15.189
GGTTAG	734.0	1838.6	-15.168
AGTGCA	1482.0	4672.1	-15.139
ACTCTG	1552.0	4749.5	-15.139
CCCTAG	851.0	2737.3	-15.139
CTCTTC	1844.0	5440.5	-15.139
TCTTCC	2040.0	6005.7	-15.139
CCCGTC	893.0	2547.0	-15.139
GACCCG	752.0	2435.0	-15.139
TTGTCT	1228.0	3544.5	-15.139
CATCTG	1707.0	5020.5	-15.139
CGGGTA	336.0	1031.7	-15.139
TACCTG	1000.0	2903.6	-15.139
TGCCGT	636.0	1710.6	-15.139
TCCTTC	1961.0	5856.2	-15.139
TGTGAA	1181.0	3756.4	-15.139
TGCTAG	713.0	2149.6	-15.139
AGTACT	434.0	1022.6	-15.139
ATACCA	403.0	941.0	-15.121
GTAAGA	506.0	1479.1	-15.101
CGTACA	122.0	359.3	-15.076
CTTGTT	1085.0	3034.4	-15.004
TTATAT	442.0	1046.8	-14.988
ATGGCA	1200.0	3747.9	-14.724
TTAGAA	574.0	1524.6	-14.708
TAGAGC	699.0	1749.0	-14.652
TTTTAC	582.0	1501.5	-14.627
TTCATA	444.0	1180.4	-14.608
TTACCT	648.0	1670.3	-14.568
TGTTCC	1464.0	4328.7	-14.564
TTCTTA	723.0	1823.8	-14.510
GTCTTC	1182.0	3097.8	-14.473
AATGAA	764.0	2268.8	-14.456
CGTTGC	391.0	1060.1	-14.424
TGTCCA	1537.0	4103.1	-14.366
TACGTA	85.0	228.6	-14.293
ATTAAA	559.0	1398.8	-14.151
CAGGGA	4049.0	11350.8	-14.138
GACCCC	2041.0	5551.6	-13.970
CCGTAC	133.0	397.2	-13.915
ATGGAA	1058.0	2760.0	-13.909
GCCCCC	3311.0	9214.0	-13.907
TGAAAT	932.0	2406.0	-13.903
GGTACT	579.0	1429.5	-13.860
TGTTCT	1627.0	4372.0	-13.846
GGGCTG	7998.0	22907.3	-13.814
TATACT	245.0	637.1	-13.786
CAGGGC	4717.0	13306.4	-13.776
AACAGT	587.0	1730.9	-13.678
ACGGGT	482.0	1286.3	-13.676
CCCTTT	1540.0	4586.2	-13.676
TTCTCC	1974.0	6675.9	-13.676
TGCGCA	579.0	1969.5	-13.676
ACCTGT	1309.0	4220.8	-13.676
GCGCGT	616.0	1880.7	-13.676
GTCGGA	385.0	1096.2	-13.676
GGACGA	488.0	1484.3	-13.676
CCTGTA	969.0	4421.6	-13.676
GCTTCG	549.0	1725.7	-13.676
GGTCGT	409.0	1341.9	-13.676
GGCCCT	3572.0	9982.5	-13.647
GCCCTC	2625.0	7242.8	-13.608
TAAATA	530.0	1427.3	-13.555
ATATTC	350.0	996.9	-13.494
TGGCTG	4793.0	13543.1	-13.480
TATGTA	455.0	1231.2	-13.477
GCTCGT	444.0	1068.7	-13.436
ATGCTC	971.0	2524.7	-13.423
CTTAGA	571.0	1483.1	-13.407
ACTTAA	395.0	997.6	-13.354
ATACTG	450.0	1182.5	-13.267
ATCCGT	200.0	580.5	-13.195
GAATAT	370.0	1093.9	-13.184
CCAGGG	5131.0	14542.3	-13.162
TTAAAC	425.0	1019.9	-13.127
TGATAA	443.0	1137.4	-13.106
CTCTTA	632.0	1645.0	-13.104
CACGGA	571.0	1645.2	-13.088
CCTGCC	5069.0	14368.2	-13.042
ACCCTA	448.0	1241.6	-13.027
GCTTCT	1980.0	5401.0	-13.023
CCTCAC	1860.0	5059.5	-12.924
AGGGCT	3243.0	9053.1	-12.856
CTAGCA	530.0	1574.5	-12.845
TGTTAC	523.0	1347.9	-12.761
AACTAA	331.0	773.7	-12.731
ATCCTT	784.0	2177.6	-12.720
TTGACT	701.0	1860.9	-12.719
ATGAAC	498.0	1487.8	-12.704
TTAGAT	416.0	1024.1	-12.700
AGGCCC	3049.0	8498.5	-12.689
TTTCTC	1927.0	5261.1	-12.618
CTTAAA	580.0	1450.2	-12.538
ATCGTT	152.0	312.1	-12.449
AACTGT	733.0	1877.7	-12.353
CCCCAT	1677.0	5254.9	-12.345
ACCCTC	1421.0	4315.2	-12.345
TTTGCC	1150.0	3588.5	-12.345
CATTGG	900.0	2684.1	-12.345
CGTCGG	332.0	1146.9	-12.345
TCTTCT	1664.0	4950.1	-12.345
GAACGG	455.0	1331.9	-12.345
TTTTCT	2239.0	6167.5	-12.310
TAACCT	483.0	1187.2	-12.281
CCCTGA	2450.0	6778.6	-12.273
TGCGTA	179.0	679.4	-12.241
CACGTC	483.0	1321.6	-12.221
CTTCTC	2137.0	5874.4	-12.211
TGTCTA	620.0	1719.0	-12.152
TTTACC	528.0	1398.6	-12.134
TGAGAG	2085.0	5728.6	-12.110
ATACCT	408.0	1153.3	-12.091
CGTCCT	843.0	2189.1	-12.081
CCTACA	557.0	1631.3	-12.074
GGTGCT	2776.0	7726.5	-12.044
GAAGCA	1488.0	4017.5	-12.004
TTTAAT	767.0	1976.1	-11.952
AGCATC	964.0	2757.2	-11.941
TATTTG	787.0	2036.0	-11.902
AAACTT	602.0	1639.4	-11.829
CCCCGT	1080.0	2861.8	-11.821
ATTGAA	491.0	1291.9	-11.795
TGCACA	1617.0	4538.8	-11.791
ATAAAC	325.0	990.8	-11.783
TAAGTA	353.0	843.2	-11.742
AAATAC	490.0	2018.3	-11.702
TCCGCA	482.0	1411.3	-11.692
TTACTA	309.0	724.4	-11.637
TAACCA	403.0	979.9	-11.621
TCTACA	529.0	1704.5	-11.597
CTTTGT	1567.0	4255.2	-11.586
TTCATT	932.0	2651.5	-11.574
CGTTTG	370.0	1189.8	-11.528
ATATGC	383.0	925.9	-11.506
GCCGGG	3661.0	10321.4	-11.501
CATACG	100.0	355.5	-11.494
ATGGCT	1504.0	4076.7	-11.491
TTTGAA	967.0	2633.5	-11.491
ATATTA	289.0	870.3	-11.481
CATTCT	980.0	3209.3	-11.435
GAGCAC	1354.0	3648.5	-11.404
GGCAGT	2132.0	5887.9	-11.343
CAAGCA	935.0	2868.7	-11.325
CCCACA	2008.0	5653.8	-11.310
CTTTGA	1105.0	2944.7	-11.289
TGATTA	441.0	1085.7	-11.285
CCCCAG	4590.0	13046.4	-11.285
CGCACA	524.0	1312.9	-11.282
AAAGCT	812.0	2420.3	-11.270
GATTTT	893.0	2346.1	-11.150
AGCCTT	1380.0	4241.0	-11.130
TGACCT	1385.0	5039.9	-11.130
GTCAGT	983.0	2923.8	-11.130
CCGCAC	695.0	1925.5	-11.130
TGAGAA	1404.0	4411.7	-11.130
GATCGG	344.0	975.8	-11.130
TCGTGC	458.0	1306.7	-11.130
GCACAC	1361.0	3677.2	-11.099
TCGTGG	858.0	2247.8	-11.078
CGTACT	112.0	279.5	-11.072
TGGGGT	5146.0	14691.8	-10.986
AAAGGT	868.0	2278.8	-10.985
CGTGTA	319.0	759.5	-10.932
ATACTC	300.0	707.4	-10.929
TAAAAT	756.0	1966.3	-10.858
ATGTAG	552.0	1398.9	-10.826
CTGTAC	704.0	1822.1	-10.813
ACACTT	697.0	1829.9	-10.813
TGAATA	505.0	1442.9	-10.805
GAAAGC	1089.0	2907.9	-10.765
TTCACA	809.0	2451.9	-10.733
TCTTAG	670.0	1728.4	-10.710
AGAGCT	1849.0	5089.4	-10.687
GAATAA	421.0	1255.5	-10.687
TATAGC	235.0	703.2	-10.643
TTTACT	607.0	1611.3	-10.611
ACTTTC	717.0	2170.3	-10.570
ATGCGA	201.0	453.0	-10.507
TTCCTA	685.0	2101.7	-10.504
TCAGAG	1888.0	5208.7	-10.494
GCGTAT	140.0	335.1	-10.483
TACACA	564.0	1532.6	-10.479
GTACTT	463.0	1157.0	-10.467
TAGACA	492.0	1237.1	-10.423
ACTCGT	231.0	530.8	-10.407
AAATAG	548.0	1393.5	-10.405
GTGTTC	1169.0	3145.9	-10.285
GCACAG	2359.0	6580.0	-10.251
TGTGTT	2144.0	5957.8	-10.231
TCCACA	1232.0	3328.1	-10.216
CCCTGG	5537.0	15882.9	-10.215
CGCATT	211.0	650.3	-10.163
ATATTT	760.0	1990.2	-10.127
CGTATC	129.0	269.4	-10.125
GTGTCT	2357.0	6578.9	-10.094
CTGTGT	3553.0	10068.5	-10.090
TCGTGT	447.0	1118.6	-10.080
TTAACG	117.0	343.8	-10.070
AGCAGG	3611.0	10238.9	-10.061
ACGCTG	792.0	2082.7	-10.059
TAAGAA	576.0	1585.8	-10.036
ACATTT	840.0	2549.8	-10.025
CGGACG	402.0	1261.6	-10.019
GGTACG	259.0	720.4	-10.019
GCAAGA	863.0	2749.5	-10.019
GGTACC	593.0	1827.8	-10.019
CAAGTG	1099.0	3804.3	-10.019
TTCGTG	443.0	1259.6	-10.019
GCCACA	1727.0	4757.6	-9.964
TAAAAC	459.0	1196.9	-9.953
TACTTT	629.0	1626.5	-9.949
TAAATC	322.0	896.8	-9.946
CATATA	273.0	827.3	-9.925
AATAAT	496.0	1365.6	-9.907
GTGTAT	865.0	2420.4	-9.892
AACTTA	327.0	813.2	-9.873
CTTTAA	671.0	1746.4	-9.850
CACCCT	2068.0	5747.9	-9.842
ATCAGT	553.0	1416.2	-9.801
TGAAAA	960.0	2653.7	-9.759
GACCCT	1728.0	4767.6	-9.741
CAGGGT	3105.0	8774.6	-9.704
TGGTTA	630.0	1633.9	-9.694
AATAGT	330.0	848.0	-9.676
ACAGTA	421.0	1203.7	-9.655
AGGTAC	602.0	1553.9	-9.652
TTTCTA	809.0	2137.3	-9.650
AAACCA	790.0	2084.8	-9.644
CTCGTT	288.0	858.6	-9.582
GTCCGT	419.0	1303.2	-9.513
CGAATG	177.0	631.1	-9.476
TTCCTC	2133.0	5952.9	-9.431
TTTTCC	1655.0	4760.7	-9.428
AAAAGC	682.0	2148.0	-9.405
TTTCAC	791.0	3186.6	-9.405
GTAAAT	446.0	1211.8	-9.385
GCTTAT	453.0	1206.4	-9.371
TCTTAT	478.0	1323.9	-9.363
CTTACA	461.0	1284.7	-9.348
AAGATT	539.0	1384.0	-9.337
ATCAGA	636.0	1968.2	-9.331
GTAACT	471.0	1196.4	-9.327
CCTAAC	392.0	1070.2	-9.253
CGTATA	59.0	171.3	-9.248
ACCCCC	1763.0	4885.2	-9.247
CACAGC	2258.0	6321.7	-9.245
CTTATG	498.0	1271.2	-9.221
TGTAAC	475.0	1206.6	-9.213
TTTCTG	2274.0	6368.3	-9.185
TATGAT	405.0	1016.4	-9.093
TAGCTT	522.0	1437.1	-9.082
TTCAGA	1086.0	2936.0	-9.078
TTAACC	382.0	952.3	-9.056
GAAAAT	834.0	2219.4	-9.050
ATATAC	232.0	665.0	-9.027
AGAAGA	1468.0	4038.0	-9.026
ATTCGT	153.0	338.8	-9.026
GCTTAG	694.0	1955.5	-9.000
CCTACC	835.0	2361.9	-9.000
CTGCAA	1017.0	4581.0	-9.000
GCCCTA	706.0	2003.6	-9.000
CCTCGT	593.0	1877.6	-9.000
GAACAG	1173.0	3369.9	-9.000
CATCCT	1546.0	4912.7	-9.000
AATGTG	1016.0	3037.9	-9.000
ATCGTA	94.0	211.5	-8.992
AGTACG	169.0	381.2	-8.979
TACCTA	303.0	829.7	-8.956
CTTTTG	1342.0	3677.5	-8.941
GTGAGA	1759.0	4882.7	-8.914
AACGCA	231.0	635.3	-8.880
TTCTCA	1387.0	3809.0	-8.854
TTAATG	534.0	1445.0	-8.771
GGCCCG	2087.0	5841.5	-8.763
CCACGT	751.0	1990.8	-8.749
TCTCTC	2176.0	6101.7	-8.749
TACATC	345.0	856.6	-8.739
CCCACT	1909.0	5324.5	-8.721
TAAACT	447.0	1353.7	-8.712
CACATG	1402.0	3976.1	-8.696
CTTAGT	520.0	1340.0	-8.688
CTCAGA	1743.0	4843.3	-8.684
TAATGC	442.0	1124.8	-8.660
GACGAG	570.0	1482.0	-8.612
TGTAAA	703.0	2191.9	-8.599
CGTTCT	354.0	1176.1	-8.588
CTAACA	456.0	1165.7	-8.527
AGTTAA	448.0	1143.1	-8.506
AACCCT	885.0	2707.2	-8.500
CTCACC	1766.0	4915.0	-8.494
ATGTCG	253.0	781.6	-8.494
TAACAT	421.0	1221.6	-8.432
TGTATA	488.0	1300.9	-8.424
GTACGC	167.0	393.0	-8.406
GTGGAC	1490.0	4119.5	-8.405
ACTCTT	727.0	2184.8	-8.401
GCCCGT	831.0	2225.0	-8.387
CATCCA	993.0	3101.4	-8.316
TAATTA	350.0	1016.2	-8.312
GAAGAT	906.0	2440.9	-8.308
GACTTT	831.0	2575.1	-8.295
GATTTA	439.0	1122.2	-8.271
TGACTA	404.0	1026.0	-8.249
TAGATT	401.0	1115.5	-8.245
ACCCCA	1972.0	5524.2	-8.242
AGACCC	1554.0	4311.2	-8.222
CGTTTA	134.0	463.1	-8.215
TACTAA	321.0	1419.2	-8.202
AAATTG	558.0	1457.3	-8.200
ATCAAA	388.0	1047.5	-8.188
CATAGC	486.0	1351.0	-8.177
CCACAG	2475.0	6996.6	-8.112
CTTTAG	649.0	1714.6	-8.097
TCGTTG	241.0	696.1	-8.075
GGAACA	1207.0	3515.8	-8.067
CCGTTG	348.0	1026.7	-8.067
TTGGAA	1164.0	3440.0	-8.067
ATGCCG	396.0	1030.2	-8.067
CTCTTT	1608.0	4472.2	-8.047
ATTGAT	453.0	1164.3	-8.045
CCGTAT	120.0	360.5	-8.041
ATCTAA	313.0	776.2	-8.033
TCTGAA	1106.0	3066.2	-7.998
GGCTCG	1075.0	2933.4	-7.988
GAAATT	631.0	1667.2	-7.976
ACAAAT	518.0	1349.0	-7.968
TAACCC	461.0	1189.1	-7.944
TCAGGG	2850.0	8103.5	-7.925
GGAGCC	3898.0	11181.6	-7.921
GTCCAC	945.0	2562.8	-7.920
TCGCTT	337.0	1231.7	-7.915
TACACG	175.0	506.4	-7.904
CACAGT	1380.0	3817.5	-7.879
TAATCA	334.0	837.7	-7.870
CCCTTA	548.0	1761.5	-7.855
AACCAA	487.0	1262.1	-7.832
CACGGT	624.0	1744.1	-7.829
TTTATA	570.0	1585.7	-7.819
GTCTTT	1168.0	3204.5	-7.815
TACTAC	229.0	565.8	-7.813
AACGTA	90.0	244.0	-7.805
ATAAAT	529.0	1604.8	-7.788
CACATA	489.0	1417.0	-7.746
GCTTAA	416.0	1067.5	-7.739
CATAAA	356.0	1269.2	-7.725
GAAAAA	952.0	2585.5	-7.718
GAGTAA	492.0	1278.1	-7.716
AGTAAA	482.0	1251.0	-7.707
CTGGGG	8654.0	25264.5	-7.700
TTATCT	552.0	1652.6	-7.699
GTACCC	590.0	1556.7	-7.679
ACATCG	238.0	576.6	-7.678
ACTTTG	1145.0	3859.4	-7.663
CTCCCT	3540.0	10140.1	-7.663
CATTTC	1047.0	3025.0	-7.632
AATATT	535.0	1401.9	-7.628
TATCTT	502.0	1420.2	-7.620
AATGTT	685.0	1845.0	-7.602
TGGTTT	1607.0	4484.9	-7.588
TCATAT	342.0	1007.0	-7.560
GAATTT	693.0	1851.4	-7.557
TGTGTA	1310.0	3624.3	-7.556
ACCGTT	191.0	501.3	-7.553
CCCACC	3346.0	9577.9	-7.529
TCGTAA	104.0	223.5	-7.518
TGCTAA	584.0	1542.2	-7.516
TCTCTT	1669.0	4668.3	-7.514
ACCGGG	908.0	2465.8	-7.504
TAACGT	134.0	323.5	-7.489
GGCCTT	2145.0	6055.5	-7.482
CATCCC	1632.0	4560.9	-7.468
CTTGGA	1637.0	4576.0	-7.457
TATATC	224.0	623.5	-7.449
CCTTAT	468.0	1320.7	-7.429
CTTGAA	831.0	3505.9	-7.419
ATAATA	369.0	1016.8	-7.405
GTTAGA	459.0	1210.4	-7.405
GGAGTA	778.0	2096.2	-7.400
CTCTAC	629.0	2756.4	-7.391
TTTCAG	1310.0	3629.1	-7.379
ACTAAT	286.0	712.8	-7.365
AAAGTT	673.0	1796.8	-7.355
CTTCAC	1022.0	2966.2	-7.348
TACTTC	459.0	1275.3	-7.346
GGCTGC	4813.0	13915.4	-7.331
GTATCC	404.0	1039.5	-7.312
CCGCGT	551.0	1453.4	-7.311
TAGATG	647.0	1724.7	-7.287
TGGCCC	3128.0	8949.5	-7.278
GACTTG	1182.0	3263.4	-7.238
TTAGGT	548.0	1446.3	-7.229
AAGTAC	347.0	882.9	-7.224
CTCCTT	2077.0	5869.0	-7.215
AAGAAG	1312.0	3889.6	-7.211
GAGCAA	970.0	2953.2	-7.211
TGCCAT	1179.0	3866.3	-7.211
ATCTGT	1049.0	3049.8	-7.211
ACCGTG	598.0	2010.4	-7.211
GTGCTA	586.0	1721.3	-7.211
TTTAGA	623.0	1659.4	-7.208
ACACTA	301.0	800.7	-7.192
TCGGTA	122.0	395.0	-7.171
AAGAAA	1217.0	3366.6	-7.163
TATAAA	449.0	1257.8	-7.162
ACACTC	754.0	2091.3	-7.156
TTTGAC	584.0	1549.6	-7.146
GTTATA	239.0	585.5	-7.131
ATGCAG	1505.0	4205.8	-7.079
GCACCC	1832.0	5158.0	-7.054
GAGCTT	1301.0	3613.7	-6.990
GTGGCG	1639.0	4598.1	-6.985
TTGAAA	816.0	2215.9	-6.971
TAGTAC	185.0	442.2	-6.967
TACTCA	452.0	1423.1	-6.965
TAGTAA	287.0	720.9	-6.962
GTACCG	207.0	593.5	-6.955
CTTCGT	391.0	1157.9	-6.950
CCCACG	1072.0	2952.5	-6.946
AACTTG	715.0	1926.4	-6.942
GTAGAC	427.0	1109.4	-6.924
TAGCGT	166.0	454.9	-6.898
AAATGT	850.0	2620.2	-6.895
GCCGTC	711.0	1916.0	-6.875
GTATAT	395.0	1021.2	-6.853
GCTGTT	1616.0	4534.5	-6.848
GGAGAG	4449.0	12868.9	-6.841
ACCCGT	339.0	903.7	-6.841
CGTACG	64.0	366.7	-6.823
TAATTG	431.0	1122.1	-6.820
AGGGGT	2985.0	8550.7	-6.820
AAGCAC	761.0	2062.1	-6.818
TTGTTC	870.0	2702.1	-6.816
AGAAAA	1287.0	3580.7	-6.790
TAGTTA	285.0	717.8	-6.773
TCAGAC	841.0	2292.4	-6.766
CTGTTG	1689.0	4752.5	-6.743
GGGGCT	6261.0	18243.7	-6.739
TTGTAA	606.0	1619.7	-6.734
TTCTAC	521.0	1377.8	-6.711
CTAGAT	427.0	1113.5	-6.685
GGCTTG	2293.0	6521.4	-6.682
TATAGA	295.0	747.7	-6.678
ACTTTT	907.0	2484.1	-6.645
GAACTT	721.0	1951.0	-6.636
TAATAT	340.0	901.2	-6.622
ATGGAC	849.0	2320.1	-6.605
TCACAC	893.0	2830.6	-6.599
GGGTAT	745.0	2019.5	-6.598
AGGTGG	4743.0	13755.8	-6.573
TGCTGG	4888.0	14185.6	-6.570
GTGTTT	1741.0	4909.6	-6.568
GTGTTA	581.0	1677.0	-6.559
TAAAAG	550.0	1626.7	-6.558
CTAACT	396.0	1029.5	-6.534
TACTCC	504.0	1335.7	-6.527
ATCTTT	774.0	2128.2	-6.500
TAATGT	440.0	1153.2	-6.494
GTTTTC	1229.0	3574.2	-6.485
CATCAC	835.0	2282.9	-6.465
CATTCC	965.0	2889.1	-6.458
CACAGG	2679.0	7668.0	-6.458
CATAAC	217.0	651.0	-6.456
ACAGTT	698.0	1890.5	-6.448
TGAACA	756.0	2149.4	-6.433
CACTTG	1220.0	3583.2	-6.427
ACCTCT	1294.0	4008.8	-6.427
TGAGTA	692.0	2296.7	-6.427
ATGAAG	987.0	2983.9	-6.427
AACCTA	318.0	812.0	-6.415
ACTCTA	402.0	1049.7	-6.408
TTACAC	360.0	932.9	-6.387
GTATAA	252.0	630.0	-6.381
ACCGCA	458.0	1207.8	-6.380
TGATCG	244.0	608.8	-6.375
ACCAAA	532.0	1416.7	-6.362
ATCGGT	165.0	450.8	-6.353
ATTTGA	671.0	1856.6	-6.335
GGTCCC	2433.0	6948.1	-6.325
ACGAAT	93.0	300.5	-6.323
TAACAG	517.0	1376.5	-6.317
ATTGTA	410.0	1074.9	-6.266
ATGGTA	471.0	1433.8	-6.265
CTACAC	424.0	1315.6	-6.265
CGTGGA	946.0	2608.6	-6.264
ATAGTA	274.0	694.0	-6.226
CATTGA	600.0	1702.2	-6.221
GATTTG	929.0	2558.1	-6.214
GCCTCT	2747.0	7880.7	-6.204
TTGTAC	395.0	1032.4	-6.187
TCCGTT	238.0	775.3	-6.186
GATCAG	760.0	2074.3	-6.182
AGAAGC	1454.0	4087.6	-6.162
TGAAAG	1038.0	2878.3	-6.146
TAACGA	94.0	286.7	-6.144
AAACAA	761.0	2078.9	-6.136
AGACTT	767.0	2094.3	-6.113
ATCTTA	376.0	1032.0	-6.098
CCGTCA	404.0	1060.5	-6.096
AACAAC	416.0	1094.3	-6.093
TAAAAA	982.0	3105.4	-6.086
GAGAGT	1287.0	3603.6	-6.072
TTCGTA	123.0	284.8	-6.053
CTAAAC	316.0	812.5	-6.044
AGTAAG	542.0	1475.4	-6.041
AAAATT	822.0	2816.8	-6.037
TCTAAC	353.0	918.2	-6.035
CTCGTA	148.0	351.3	-6.029
CTGCTC	2917.0	8392.9	-6.015
GTTCTG	1792.0	5081.9	-5.997
TGGCAG	3334.0	9626.3	-5.949
TAGACT	398.0	1046.6	-5.927
GCCGTA	150.0	586.9	-5.906
CTAGTG	653.0	1772.5	-5.895
TAACCG	110.0	347.7	-5.893
CAGTAC	480.0	1277.6	-5.885
TGGAAA	1568.0	4432.4	-5.878
GTCAGA	1087.0	3027.3	-5.839
CCACTC	1372.0	3858.8	-5.838
CGTACC	147.0	426.4	-5.821
TTACCA	413.0	1132.9	-5.819
GTCTGT	2116.0	6040.8	-5.814
AAATGC	841.0	2317.2	-5.812
AAAAAG	965.0	2676.3	-5.803
AGAGTA	536.0	1440.3	-5.792
CGTCCC	976.0	2707.6	-5.771
TACCGT	130.0	368.9	-5.736
GACTTA	375.0	1066.2	-5.730
TGACCC	1457.0	4112.5	-5.717
CACTCT	1226.0	3578.0	-5.709
TTTGCG	294.0	1085.1	-5.709
GACAGT	987.0	3083.4	-5.709
TATCTG	645.0	2016.5	-5.709
TCCCAC	1804.0	5128.1	-5.693
TCCCCG	1565.0	4429.7	-5.688
AACCAT	480.0	1282.5	-5.683
CGTTGA	192.0	578.6	-5.666
AACATT	527.0	1416.9	-5.660
CACAGA	1617.0	4824.6	-5.635
TGTAGC	710.0	1942.2	-5.628
AGTTGA	647.0	1761.4	-5.625
CGTAAG	170.0	416.3	-5.615
ACTTTA	447.0	1246.5	-5.610
TCCTAT	481.0	1308.7	-5.601
TAGTGC	508.0	1365.5	-5.587
AATTGA	419.0	1113.7	-5.574
ATTGAC	346.0	941.1	-5.566
TAGGTA	414.0	1098.5	-5.563
TCTGCG	965.0	2683.6	-5.558
CGTCTG	884.0	2447.1	-5.556
ACGTAA	108.0	277.4	-5.550
CCTTAA	455.0	1346.4	-5.539
ACTGTC	899.0	2508.8	-5.539
ACTTAG	480.0	1285.3	-5.534
GAAATA	615.0	1672.6	-5.526
AATTGG	599.0	1628.0	-5.517
ACATAC	371.0	975.1	-5.506
ATTTTA	855.0	2364.0	-5.506
TAAATT	491.0	1335.2	-5.477
GTACAG	676.0	1849.3	-5.451
TTTGAT	704.0	1932.4	-5.449
AGGAGC	3001.0	8671.4	-5.415
ATGTCA	777.0	2143.0	-5.402
ACTGGT	923.0	2568.0	-5.401
GTAAGT	555.0	1504.3	-5.399
TAGTGT	589.0	1601.5	-5.396
ATAAGA	350.0	1149.0	-5.393
GGTGTC	1879.0	5361.6	-5.385
GTAATA	270.0	696.8	-5.324
TAAGTC	354.0	933.4	-5.319
AATTTA	476.0	1277.2	-5.318
TAAGAG	582.0	1826.8	-5.302
ATTGCT	741.0	2335.7	-5.301
GTATTT	722.0	3020.9	-5.290
AAGTCA	748.0	2062.8	-5.281
GTATTA	295.0	769.0	-5.273
TCATTT	1036.0	2900.4	-5.243
CGTCTT	375.0	1151.5	-5.223
ACTATT	313.0	832.4	-5.221
TCTGAT	903.0	2645.5	-5.220
CTGTGG	4829.0	14107.9	-5.218
CTGGTG	3619.0	10515.2	-5.215
GTAAAA	493.0	1329.7	-5.209
TCTGTA	922.0	2570.9	-5.199
AAACTA	364.0	964.1	-5.173
TCAGTA	525.0	1421.1	-5.164
GTACTC	341.0	898.6	-5.160
CACTCG	413.0	1207.1	-5.157
TGTTTG	1862.0	5325.8	-5.134
CTGTTA	599.0	1637.7	-5.133
ATCTAT	267.0	922.2	-5.131
TTGTTA	591.0	1614.9	-5.130
CCATCC	1677.0	4782.0	-5.124
TACGTT	101.0	341.3	-5.122
GGCGGC	3406.0	9890.0	-5.116
CTAATG	486.0	1311.2	-5.113
TATCCT	519.0	1408.9	-5.103
TCCTTA	674.0	1852.0	-5.100
GAACAA	617.0	1688.1	-5.096
TCGTAC	83.0	220.3	-5.089
AAATAT	630.0	1727.9	-5.079
TAATAG	309.0	808.3	-5.071
TATAAT	305.0	1010.1	-5.070
TCTGTG	3383.0	9823.5	-5.067
CTCACT	1668.0	5668.0	-5.052
TCCCGT	538.0	1734.0	-5.052
GTTTAT	593.0	1622.0	-5.037
CTTGTA	572.0	1685.3	-5.029
TATTTC	629.0	1997.5	-5.004
CCACAT	1032.0	3195.6	-4.982
TCGTTA	87.0	278.8	-4.982
GGGTAA	771.0	2136.1	-4.981
TCTTTA	715.0	2002.3	-4.962
TTGAGT	866.0	2414.2	-4.946
ATAACC	254.0	657.3	-4.943
CCGTTC	382.0	1092.3	-4.941
AACATG	717.0	3063.9	-4.935
AATCGT	136.0	330.4	-4.934
CTAATA	251.0	649.0	-4.916
CGAGGA	988.0	2770.8	-4.908
GATCGT	222.0	567.5	-4.904
GTTGAG	1086.0	3056.4	-4.860
TGGTCC	1557.0	4438.3	-4.856
CGGGCC	2090.0	6009.8	-4.842
TCACCT	1565.0	4466.0	-4.822
TCTTCG	369.0	1072.5	-4.805
ATACTA	194.0	515.0	-4.803
TATATT	439.0	1184.8	-4.788
AAATTA	701.0	2311.2	-4.781
TCGTAT	96.0	224.2	-4.748
CCCTAA	576.0	1579.1	-4.745
TGAATT	686.0	1972.4	-4.744
TCCTAC	573.0	1593.4	-4.731
AAACGT	197.0	563.6	-4.723
TTAGTG	592.0	1627.9	-4.716
ACAGCA	1529.0	4489.3	-4.705
ACGGTA	150.0	372.8	-4.696
AAAACA	900.0	2522.6	-4.695
ATATCT	387.0	1169.7	-4.694
GTAACA	393.0	1058.6	-4.652
GACCGT	354.0	1027.1	-4.649
CCTATT	402.0	1168.8	-4.632
GACACT	861.0	2409.6	-4.627
GTCCCG	1070.0	3019.4	-4.623
TATCGT	79.0	203.8	-4.622
ACACCC	1098.0	3503.8	-4.613
CGTTAA	75.0	297.0	-4.607
ATACAC	324.0	927.2	-4.601
TGGCCG	1545.0	4414.6	-4.596
ATTCCG	230.0	594.8	-4.596
GCGAGC	875.0	2453.2	-4.561
CCTAAT	400.0	1078.9	-4.554
AAAAAT	1175.0	4412.6	-4.537
AAGACT	643.0	1921.6	-4.536
CAGACC	1355.0	3858.3	-4.532
CATCTC	1332.0	4194.3	-4.529
TTTAGC	506.0	1384.6	-4.519
TAAACG	122.0	339.9	-4.517
AACCTT	570.0	1648.9	-4.512
TTTCAA	659.0	1826.8	-4.509
TCGTAG	182.0	463.9	-4.501
GAACAT	543.0	1786.4	-4.495
AATATA	373.0	1001.6	-4.490
GAGGAT	1568.0	4489.4	-4.477
GGAGGT	3685.0	10762.4	-4.463
GAAGAA	1299.0	3792.9	-4.453
GACCTT	938.0	2799.2	-4.453
TGGTAC	441.0	1458.7	-4.453
ATCGTG	366.0	985.4	-4.432
CTAGAA	628.0	1739.4	-4.428
GAAAAG	1151.0	3623.6	-4.428
AACAAT	388.0	1047.7	-4.392
AGTAAT	358.0	962.7	-4.388
ACATGA	622.0	2073.1	-4.381
GTTTCT	1524.0	4364.3	-4.375
GAGAAG	2435.0	7056.5	-4.360
TACTGA	506.0	1388.6	-4.353
ATACCG	114.0	307.3	-4.349
TACGAA	102.0	244.3	-4.344
CACTCA	1089.0	3194.4	-4.343
CGAGCG	606.0	1676.6	-4.320
CTGAAA	1049.0	2969.5	-4.315
TTGCTA	528.0	1525.5	-4.311
CTTCTA	672.0	1888.7	-4.310
CACTTA	465.0	1408.8	-4.309
GTCGTG	528.0	1452.0	-4.303
GTAGCG	294.0	782.9	-4.297
GACCGG	693.0	1931.5	-4.297
ACTAGA	350.0	941.1	-4.295
GCTGTA	855.0	2402.0	-4.292
AAAATG	1035.0	2930.2	-4.280
CAGTAT	411.0	1174.8	-4.273
TTTGTA	774.0	3389.3	-4.266
TTGTCA	744.0	2315.3	-4.243
AGCCGT	544.0	1500.1	-4.238
CCTTTA	640.0	1791.7	-4.234
CCATAC	352.0	948.4	-4.233
TGACCG	487.0	1335.0	-4.232
ACGCTA	86.0	294.0	-4.229
CACCTA	590.0	1634.5	-4.224
TAGAAA	709.0	1978.2	-4.220
AGCGTA	129.0	352.6	-4.213
AAGTAA	446.0	1217.3	-4.210
TTTCTT	2055.0	5941.3	-4.209
TTACGT	124.0	361.5	-4.200
ATATAA	303.0	871.6	-4.193
GTACTA	186.0	529.9	-4.173
TATAGT	304.0	810.2	-4.172
TACTCG	169.0	705.0	-4.146
CCTGAA	1401.0	4010.1	-4.135
TATGGA	573.0	1586.9	-4.134
AAAGTA	473.0	1299.8	-4.126
TGTTAG	681.0	1900.7	-4.126
TGGTAA	603.0	1722.5	-4.104
TCGTTC	247.0	651.2	-4.104
AAGTTT	771.0	2163.2	-4.100
GTCTAG	564.0	1560.4	-4.092
TGCTCC	2234.0	6476.8	-4.091
AGATGA	1128.0	3208.2	-4.090
GAGGAA	2458.0	7142.0	-4.090
ACAGCC	1694.0	4879.2	-4.082
TCGTTT	246.0	752.5	-4.081
ACTACT	324.0	870.2	-4.077
TTGGCA	1228.0	3504.2	-4.070
ACCAGT	677.0	1890.2	-4.069
GCTGAT	1035.0	2938.2	-4.058
GTGTAG	866.0	2443.2	-4.055
GGTGTT	1438.0	4124.7	-4.054
AATCTA	285.0	761.5	-4.049
TTGATA	359.0	980.2	-4.046
ACACTG	1253.0	3580.8	-4.042
GAGTAT	410.0	1119.3	-4.040
TTACGA	84.0	222.5	-4.033
AACACT	559.0	1584.5	-4.010
TATCTA	292.0	782.9	-3.995
ACGTTG	299.0	802.3	-3.995
GGCCAC	2226.0	6459.0	-3.980
AGGCTT	1478.0	4247.7	-3.973
ACCTAT	326.0	878.7	-3.965
AGTAGT	436.0	1194.9	-3.962
TCGCGT	192.0	499.1	-3.951
GGGCTT	2608.0	7597.0	-3.942
AAGCAG	1682.0	4851.3	-3.939
AAATCT	614.0	1711.4	-3.934
CAGCGT	766.0	2153.6	-3.922
CATCTT	1034.0	3062.1	-3.920
AGAGCC	2086.0	6048.7	-3.919
GCTCGG	1262.0	3610.8	-3.910
TACTGC	616.0	1750.4	-3.908
TTAAGA	510.0	1411.4	-3.902
CTAGCC	664.0	1859.5	-3.900
TTTCCC	1923.0	5566.9	-3.891
AGAAAT	937.0	2657.6	-3.875
CTAATC	288.0	774.0	-3.871
TATCAA	246.0	672.2	-3.867
TGTTCG	260.0	783.0	-3.858
TAGATC	283.0	759.7	-3.856
AGTCAG	1244.0	3559.9	-3.856
GGATTT	1017.0	2895.4	-3.840
AGCAGC	2616.0	7627.7	-3.836
TTAGGA	756.0	2130.6	-3.818
AGCAGT	1342.0	3852.9	-3.811
CTACTC	577.0	2130.2	-3.809
AGTACA	424.0	1162.7	-3.808
AAGAAT	625.0	1860.1	-3.806
GTTAAC	290.0	780.8	-3.806
GAAGTA	498.0	1446.9	-3.801
CCCGTT	389.0	1186.8	-3.801
ACGAGA	288.0	775.5	-3.769
AATGAT	542.0	1507.6	-3.759
CTCGCA	436.0	1199.2	-3.756
GCCACG	925.0	2628.0	-3.754
CGTAGG	308.0	831.9	-3.742
CCACCC	2954.0	8638.9	-3.733
GGACAC	1499.0	4320.0	-3.714
CTCCTC	2997.0	8769.7	-3.712
AGCTTA	417.0	1147.7	-3.711
CCCGGT	798.0	2255.9	-3.708
ACGCAA	145.0	371.9	-3.697
GCAAAA	654.0	1835.9	-3.695
GAGCCT	2478.0	7226.2	-3.693
ACTCAC	813.0	2312.0	-3.691
GCCTTA	546.0	1674.2	-3.690
AACCGT	154.0	546.8	-3.671
TCAGAA	1012.0	2886.7	-3.663
AATCAA	338.0	920.1	-3.659
GGATGA	1430.0	4120.5	-3.652
CTAGAC	394.0	1081.5	-3.647
ACAACT	411.0	1132.6	-3.638
CTCGGG	1712.0	4955.0	-3.633
CACGCG	431.0	1294.9	-3.629
ATCTAG	389.0	1067.8	-3.628
GATAGT	324.0	880.5	-3.599
AGAACA	900.0	2722.6	-3.580
AATTTG	649.0	1824.0	-3.578
TCTCCC	2582.0	7541.0	-3.573
ACGTAG	174.0	494.1	-3.572
AAATCA	495.0	1531.8	-3.566
CCACGG	1008.0	2878.5	-3.565
AAAACG	212.0	625.4	-3.564
TCATAC	268.0	731.3	-3.559
GATACT	325.0	884.5	-3.548
TCCATT	803.0	2356.6	-3.542
TTCGTT	216.0	609.2	-3.528
TTCTAG	773.0	2189.7	-3.519
ATCCCT	1106.0	3171.9	-3.508
TAAGAT	329.0	1020.0	-3.495
ATACCC	334.0	1032.0	-3.487
CTCGGT	635.0	1788.8	-3.481
TCATAG	430.0	1365.5	-3.468
ATTAAG	332.0	930.2	-3.463
CACTGG	2277.0	6644.0	-3.444
AAGCAA	658.0	2289.5	-3.440
GGTACA	537.0	1656.9	-3.436
GTTACT	472.0	1314.9	-3.432
TGGCCT	3226.0	9474.0	-3.421
AGCAAA	859.0	2445.4	-3.415
TCTATG	447.0	1575.1	-3.412
CTCTAG	786.0	2232.4	-3.411
TCCTCA	1724.0	5001.8	-3.411
ATATAG	284.0	771.7	-3.405
TAAACC	345.0	946.8	-3.403
TCTAAA	433.0	1290.9	-3.386
AACAAA	787.0	2236.5	-3.382
GCACTA	370.0	1017.6	-3.380
TTAATC	351.0	964.8	-3.376
GACATC	642.0	1809.0	-3.374
AGTCAC	855.0	2435.7	-3.367
AAGAAC	576.0	1649.0	-3.358
TTCCCA	1942.0	5652.2	-3.353
TATCAT	300.0	918.1	-3.339
CTATAC	186.0	492.6	-3.338
GAATAC	297.0	810.2	-3.331
CCTCTG	3837.0	11304.0	-3.326
ACATCA	591.0	1664.0	-3.324
TGGAAT	1110.0	3188.4	-3.316
GACGTG	779.0	2214.6	-3.311
CCCGTA	196.0	522.2	-3.305
TTACCC	479.0	1466.2	-3.299
ATAAAA	670.0	1897.7	-3.289
AGTAGG	897.0	2563.3	-3.287
ACACAG	1611.0	4675.2	-3.284
TGATAG	447.0	1274.8	-3.283
CGCTGT	841.0	2399.9	-3.278
ATATCC	327.0	896.4	-3.274
TTATTC	520.0	1456.9	-3.264
CGCATC	324.0	965.9	-3.259
CAGTCA	979.0	2805.6	-3.247
CAGATA	543.0	1526.8	-3.240
AATACC	307.0	839.5	-3.240
AAGGTT	699.0	1983.4	-3.238
TTACAA	386.0	1068.5	-3.236
ATCGAA	87.0	215.9	-3.233
ATAATG	424.0	1178.6	-3.221
TGTACT	555.0	1562.6	-3.212
GATAAA	416.0	1157.8	-3.207
CCCTAT	426.0	1383.4	-3.192
GCTAAC	377.0	1042.5	-3.192
TAATGA	459.0	1312.8	-3.181
GCAGCA	2530.0	7414.8	-3.178
TGCTGA	2102.0	6139.6	-3.175
TAGCAC	451.0	1259.1	-3.173
GAAAGT	821.0	2351.0	-3.171
TGTCAT	936.0	2682.8	-3.169
ATGAGA	1017.0	2923.3	-3.163
CCTACT	643.0	1820.5	-3.161
AATTAT	398.0	1106.0	-3.155
TAGTCA	358.0	991.5	-3.142
CAAGAA	827.0	2361.4	-3.139
ACTATC	216.0	645.9	-3.133
CAGTTC	998.0	2865.2	-3.133
CGTTGT	290.0	804.8	-3.125
CATCGA	197.0	590.9	-3.120
TTCCGT	355.0	983.4	-3.114
ACTCCC	1237.0	3575.5	-3.111
TGTATT	711.0	3079.1	-3.106
GAAAAC	734.0	2092.2	-3.100
TGCACC	1602.0	4657.4	-3.097
CTCATC	1056.0	3041.5	-3.084
TAATCG	95.0	239.2	-3.074
AGCCTA	579.0	1637.0	-3.068
TAGGTT	526.0	1481.9	-3.053
AACAGA	823.0	2353.6	-3.041
GGAAAA	1281.0	3820.7	-3.021
GATAAT	339.0	939.0	-3.016
ATAGAA	449.0	1258.6	-3.004
GGATCG	388.0	1080.7	-3.001
CGCTTT	412.0	1267.4	-2.997
ACTCTC	817.0	2339.2	-2.996
TGCTAC	554.0	1567.4	-2.994
AGTGTT	1038.0	2993.6	-2.984
GTTAAA	418.0	1170.2	-2.983
ACAAGT	500.0	1408.5	-2.981
GATAGC	279.0	913.9	-2.980
TCCAGT	1110.0	3204.0	-2.978
TAGACC	357.0	1053.9	-2.958
ATAATT	396.0	1120.0	-2.949
CGTATT	118.0	305.6	-2.946
AGTTGC	718.0	2049.0	-2.934
TGTGCC	2582.0	7586.1	-2.933
ATCTTC	741.0	2116.7	-2.931
TTCTAT	484.0	1371.7	-2.926
ACGAGT	208.0	600.5	-2.925
ATAGAC	254.0	694.4	-2.922
ATGACC	650.0	1850.4	-2.919
TTAGAC	323.0	893.5	-2.918
ACCTTC	962.0	2876.7	-2.907
GTTTAA	490.0	1380.5	-2.907
TTCGGT	200.0	765.4	-2.899
AAGTTG	732.0	2094.3	-2.889
TCCACG	566.0	1603.3	-2.882
ATAAAG	475.0	1443.4	-2.879
TACTAG	230.0	625.0	-2.866
ATTGGT	541.0	1752.5	-2.864
AGTTTA	480.0	1395.9	-2.856
TGTGAG	2595.0	7634.6	-2.845
AAGGCC	1539.0	4487.5	-2.841
TTAAAG	611.0	1738.5	-2.837
AAAGAT	612.0	1742.0	-2.836
TTCATC	772.0	2250.6	-2.814
TTAGTT	474.0	1361.7	-2.813
GTCATA	293.0	867.7	-2.794
TAGAAT	436.0	1232.8	-2.789
CATTAC	296.0	820.9	-2.777
GATTAA	330.0	918.1	-2.775
CACGAA	198.0	609.1	-2.775
CTCGTC	435.0	1223.1	-2.769
AAACAT	573.0	1666.0	-2.769
GGATAC	400.0	1123.3	-2.752
CTATAG	307.0	851.4	-2.740
CGGACA	409.0	1150.8	-2.730
CTCGTG	717.0	2054.6	-2.727
AATCAT	354.0	1102.3	-2.726
GTTCAG	1033.0	2990.5	-2.725
TGGCGA	579.0	1648.1	-2.715
TACTGG	759.0	2180.8	-2.707
AATTGC	480.0	1357.8	-2.707
TAGAAC	352.0	985.9	-2.706
AGGCCG	1586.0	4633.4	-2.705
TATAAG	284.0	787.5	-2.702
ACGAGG	696.0	1995.0	-2.698
CGTTCG	155.0	415.6	-2.693
CATCAA	457.0	1292.5	-2.688
TCCCCA	2814.0	8302.0	-2.679
GGCCCA	2799.0	8258.1	-2.679
TCTATA	284.0	788.5	-2.661
AAATAA	854.0	2490.8	-2.660
ACAGGA	1567.0	4581.4	-2.658
TATTCT	603.0	1720.9	-2.654
GGTAAC	443.0	1251.5	-2.654
TCCGTA	134.0	455.8	-2.652
ATCAAC	266.0	735.9	-2.650
GCACAT	919.0	2656.9	-2.646
ACTGGC	1318.0	3839.4	-2.637
ACGAGC	303.0	842.3	-2.637
CCAAGC	1225.0	3563.4	-2.632
TAAAGC	460.0	1312.2	-2.629
TGGACC	1286.0	3745.8	-2.629
GAAGAC	913.0	2638.5	-2.628
CAGTGC	1929.0	5661.6	-2.618
GCCGCA	874.0	2525.2	-2.610
GTTCCC	1473.0	4303.9	-2.610
TACGCG	119.0	313.7	-2.604
TCGGAT	219.0	600.0	-2.600
CTCGGA	698.0	2005.7	-2.595
GATGTA	427.0	1221.7	-2.593
ATTATA	317.0	884.3	-2.591
TGGACA	1484.0	4337.9	-2.590
CTGATT	782.0	2410.4	-2.559
CAAGTC	691.0	1985.2	-2.552
GTTAAG	385.0	1228.5	-2.548
AAAAGT	699.0	2010.5	-2.544
AGTATT	444.0	1262.0	-2.527
GTTTTA	679.0	1963.4	-2.511
CTGATA	419.0	1187.6	-2.511
TATACG	62.0	156.2	-2.508
GTTTAG	518.0	1500.0	-2.507
ATTTAT	714.0	2054.4	-2.506
TTGAAG	900.0	2607.8	-2.505
TCATTA	407.0	1189.9	-2.503
CCACTT	1115.0	3244.4	-2.502
GTACGA	111.0	292.9	-2.496
AACGAT	111.0	292.2	-2.496
GAATTG	662.0	2052.8	-2.492
CAAATC	448.0	1271.2	-2.489
AACACA	736.0	2164.9	-2.486
TATCCC	463.0	1352.8	-2.479
GCCCCA	2918.0	8629.1	-2.477
ATCCGA	189.0	518.0	-2.471
AAAACC	649.0	1864.8	-2.470
TCTATC	342.0	1055.8	-2.469
GAGAAT	880.0	3409.3	-2.467
TCCATA	374.0	1055.9	-2.444
TATTAC	235.0	650.1	-2.441
CATAGA	424.0	1201.4	-2.441
AGCTGT	1905.0	5602.2	-2.437
ATAGCC	363.0	1025.2	-2.434
ATTACT	351.0	990.6	-2.428
AAGGAT	790.0	2285.4	-2.423
GCTGCC	3764.0	11173.2	-2.422
ATACGA	73.0	186.7	-2.415
ATGCCA	1094.0	3186.4	-2.413
TATGTT	538.0	1782.1	-2.410
TTCACT	920.0	2670.3	-2.410
TCATCT	1061.0	3090.4	-2.406
TGAGTG	2442.0	7211.5	-2.404
TTCTTG	1359.0	3977.2	-2.393
TGATGC	981.0	2852.9	-2.381
TAGCAA	365.0	1254.2	-2.376
TCCATC	1092.0	3182.2	-2.376
GGCCGA	1109.0	3233.2	-2.370
TATTCC	468.0	1336.6	-2.367
TTCTGA	1325.0	3878.2	-2.366
GGACCT	1677.0	4928.3	-2.364
ACACGA	185.0	557.4	-2.363
AGGGAT	1500.0	4400.2	-2.352
GACTAA	272.0	761.0	-2.351
TATTTA	643.0	1880.3	-2.345
CAACCA	552.0	1584.6	-2.341
GCGTAC	125.0	543.0	-2.339
GTTAAT	379.0	1073.7	-2.337
ACAAGA	587.0	1688.0	-2.330
GTCGCA	267.0	747.3	-2.329
CAACGA	146.0	396.7	-2.326
GTTCTT	1026.0	2989.8	-2.323
TCTAAT	370.0	1047.7	-2.323
TCTAGT	426.0	1211.6	-2.316
CTTTCG	293.0	909.2	-2.315
TAAGTG	657.0	1895.7	-2.315
TAGACG	157.0	428.1	-2.309
ATAGCT	431.0	1227.3	-2.308
AAATGA	855.0	2481.6	-2.297
TACTAT	228.0	648.5	-2.291
CTCTCG	660.0	1905.1	-2.289
TACCCG	268.0	751.9	-2.288
GCTACA	569.0	1635.1	-2.272
AAAGAA	1020.0	3022.9	-2.260
CTACCA	565.0	1624.6	-2.251
TTGACA	554.0	1594.2	-2.236
TACAAC	254.0	711.9	-2.217
TTCAAA	637.0	1838.5	-2.213
CTTATT	516.0	1550.9	-2.206
GGTTTA	536.0	1541.1	-2.203
GTAACG	141.0	384.1	-2.202
CTTTTT	1623.0	4778.4	-2.200
ACTATA	211.0	588.6	-2.197
TTCGAT	118.0	317.3	-2.195
ACCCAC	1258.0	3793.6	-2.195
CCAGTG	2185.0	6461.1	-2.185
ACTGAT	531.0	1527.4	-2.183
TTGAGC	993.0	2900.3	-2.182
CGTAGT	163.0	448.7	-2.180
TATTGC	369.0	1095.2	-2.179
GAAATG	1234.0	3618.7	-2.178
TCATCG	256.0	718.7	-2.174
CGATGA	231.0	645.7	-2.172
ACGGAA	285.0	804.4	-2.170
AACGAA	117.0	396.2	-2.170
TATGCG	147.0	402.9	-2.167
AGCACA	1201.0	3521.9	-2.167
GCTAGA	576.0	1661.9	-2.166
TAGCGG	320.0	906.8	-2.163
CGAATT	123.0	332.0	-2.160
AATAAA	782.0	2273.5	-2.146
AAGGTG	1796.0	5300.8	-2.137
GTACCA	412.0	1179.3	-2.131
CATTCG	196.0	546.7	-2.127
CAATTA	249.0	699.2	-2.119
AACGTG	425.0	1215.5	-2.115
GTACCT	586.0	1694.1	-2.110
GTCGTA	101.0	288.6	-2.109
GTTCTA	457.0	1312.4	-2.103
AACAGC	888.0	2590.4	-2.102
ATCGGA	158.0	493.6	-2.101
AGAGAA	1627.0	4799.4	-2.096
ACTGAC	675.0	1957.8	-2.096
TATATG	420.0	1204.9	-2.092
ATTTGG	1074.0	3145.9	-2.088
AACCAG	892.0	2604.5	-2.082
TCTGGC	2170.0	6424.8	-2.081
CCCCGG	2259.0	6693.3	-2.074
GGCTTA	676.0	1961.9	-2.073
GATGAA	849.0	2518.5	-2.071
ATAGGT	439.0	1259.0	-2.070
ACAGAC	933.0	2726.1	-2.069
GGCACA	1854.0	5477.2	-2.068
ATAGTG	520.0	1498.9	-2.067
ACAAAC	478.0	1374.7	-2.055
TATCCA	409.0	1238.0	-2.055
ATCATT	430.0	1416.2	-2.053
ACGTTC	198.0	652.9	-2.048
CCTAAA	460.0	1323.8	-2.047
GAGCTC	1754.0	5181.8	-2.039
CAATAC	198.0	554.1	-2.038
GACATT	627.0	1819.1	-2.035
CCTCGC	1008.0	2952.7	-2.032
TATCGA	63.0	164.0	-2.024
AATAAG	416.0	1195.8	-2.014
AAGCGT	234.0	792.2	-2.010
TCAGAT	818.0	2388.2	-2.010
CCGATA	83.0	220.7	-2.008
AGTAAC	336.0	987.3	-2.000
CGACCC	543.0	1571.8	-1.999
GTCATT	680.0	1977.6	-1.985
TTTATT	1236.0	3636.7	-1.981
AGACAT	688.0	2002.7	-1.981
CACGGC	801.0	2337.5	-1.976
ATAGTC	234.0	659.9	-1.975
ACGATA	61.0	158.2	-1.975
GAGTAC	406.0	1166.4	-1.971
ACCGAA	150.0	474.1	-1.965
GATAAG	412.0	1185.5	-1.964
TATTGA	391.0	1122.3	-1.961
GCGTCC	928.0	2716.4	-1.960
TACCAA	310.0	882.7	-1.957
GCTCCC	2741.0	8151.3	-1.955
TGTATC	476.0	1407.9	-1.953
TATTGT	459.0	1324.9	-1.944
GTAGTA	251.0	710.6	-1.935
AAAATC	515.0	1492.5	-1.924
AAGCTA	378.0	1084.4	-1.921
TACGAG	161.0	448.1	-1.918
AAACCT	723.0	2110.3	-1.905
TCGCCT	586.0	1703.4	-1.903
CTGGCA	2552.0	7589.0	-1.900
CAATAA	329.0	941.1	-1.897
AACCAC	597.0	1737.1	-1.896
GCTTAC	377.0	1082.2	-1.895
TCAGCA	1503.0	4442.1	-1.883
ACGAAC	121.0	354.3	-1.882
TGGTTC	1143.0	3366.8	-1.878
CGCGTA	100.0	271.6	-1.876
CTGCGG	2021.0	5998.8	-1.871
TCAATA	267.0	760.2	-1.870
GCATCA	797.0	2417.6	-1.869
GATTGA	492.0	1424.2	-1.869
TCGAAA	110.0	300.2	-1.869
AAACGA	144.0	458.1	-1.868
ACGTCT	323.0	945.2	-1.863
ACCTTA	303.0	1061.8	-1.863
GTAATT	395.0	1138.1	-1.848
CGATAC	73.0	194.2	-1.844
CATCGC	349.0	1017.9	-1.843
GGTTCT	1363.0	4028.0	-1.839
TGACAA	586.0	1706.3	-1.837
TCTAGG	922.0	2708.4	-1.837
TCGGAA	279.0	865.6	-1.834
TTTAAG	658.0	1921.4	-1.827
CAATTG	301.0	860.9	-1.817
ACTCAT	540.0	1570.1	-1.816
CCAACC	853.0	2501.8	-1.813
TCACAG	1481.0	4381.0	-1.813
TCACAT	702.0	2175.1	-1.811
TTAAGT	443.0	1282.4	-1.811
ACTAAG	306.0	875.2	-1.810
TCCTCG	731.0	2140.5	-1.804
GATATC	250.0	711.4	-1.802
GAACGC	362.0	1044.7	-1.800
TTTGTG	1732.0	5136.7	-1.799
TGAAGG	1866.0	5536.5	-1.797
GTCCTA	513.0	1500.7	-1.795
ATTTGT	840.0	2466.2	-1.780
TTTGTC	1049.0	3090.6	-1.773
GACACG	497.0	1444.9	-1.772
CTGACG	501.0	1456.9	-1.769
CGTTCC	466.0	1353.2	-1.767
AATCTT	513.0	1493.3	-1.763
TCATCC	983.0	2893.7	-1.762
ACCCAA	619.0	1807.7	-1.760
ACTCGC	303.0	970.2	-1.752
ACAGCG	596.0	1741.3	-1.747
ACCGAT	125.0	346.6	-1.747
ATTAGT	294.0	845.0	-1.736
AGAAAG	1544.0	4576.4	-1.735
TATGCC	389.0	1197.8	-1.732
TTCCGA	277.0	794.0	-1.728
AATAGC	357.0	1031.6	-1.724
GGCGTC	902.0	2653.4	-1.720
GTTACG	135.0	377.5	-1.708
TAGTTC	376.0	1086.6	-1.708
ACATCT	746.0	2189.9	-1.706
AAAAGA	878.0	2582.2	-1.705
GGTATA	299.0	861.9	-1.700
TCGGTC	342.0	988.6	-1.685
GTTCAC	695.0	2039.5	-1.679
TTGTGT	1616.0	4797.6	-1.676
TACGGG	325.0	937.1	-1.674
CTAACG	125.0	369.2	-1.667
GGTAAA	531.0	1549.1	-1.667
TCCGAG	666.0	1953.5	-1.667
TTACGC	113.0	313.8	-1.656
ATTTTC	924.0	2726.9	-1.652
ACGGCC	653.0	1914.1	-1.651
AGTATC	293.0	845.6	-1.650
TACCAG	597.0	1749.6	-1.645
GGGAAA	1991.0	5927.1	-1.644
CTAAAA	501.0	2158.0	-1.642
GTGGTC	1640.0	4874.9	-1.641
ATTCGA	106.0	293.2	-1.638
CGGTAT	118.0	328.3	-1.636
ACATTA	310.0	893.2	-1.633
TCACTT	983.0	3218.9	-1.631
CCGAGG	1748.0	5199.3	-1.628
AGTCCA	876.0	2584.4	-1.622
GTTTGA	912.0	2690.5	-1.620
AGTGAC	1048.0	3097.7	-1.618
GTTGTA	450.0	1311.0	-1.613
ACACGG	582.0	1705.3	-1.609
CTATTA	253.0	726.4	-1.608
CACATC	852.0	2597.2	-1.602
GACTGA	1032.0	3052.5	-1.588
TGTTAT	499.0	1459.2	-1.572
GAGCCG	1541.0	4580.8	-1.569
CACATT	713.0	2258.7	-1.566
GCACTG	2039.0	6080.8	-1.562
ACCAGA	848.0	2504.2	-1.558
GGTATT	480.0	1402.3	-1.557
CGCTAA	144.0	407.8	-1.556
GTCTGG	2703.0	8081.5	-1.548
AGGTTT	1108.0	3282.1	-1.546
ACATTC	537.0	1574.6	-1.540
AGGACT	1354.0	4023.0	-1.538
CGTTTT	345.0	1015.8	-1.537
AGAGTG	1723.0	5134.9	-1.519
CTATAT	212.0	685.1	-1.506
TGTCAA	532.0	1560.3	-1.502
GTAATG	423.0	1238.3	-1.490
CAGTAA	495.0	1451.9	-1.490
GATTGC	610.0	1794.3	-1.489
GGTAAT	393.0	1147.2	-1.479
GTCATC	746.0	2202.9	-1.479
AGAGGC	2670.0	7990.3	-1.477
CAGCTT	1584.0	4718.5	-1.466
GGTCTG	2778.0	8315.9	-1.466
AGACAC	932.0	2760.1	-1.465
ACCAAG	813.0	2406.8	-1.446
ACGGTT	168.0	584.1	-1.442
ATATAT	547.0	1609.4	-1.440
CGGTCA	376.0	1097.3	-1.440
AAATCC	560.0	1649.9	-1.439
AATATC	290.0	844.8	-1.433
TAAGTT	377.0	1141.6	-1.428
TGTAAG	611.0	1801.3	-1.416
AGTCTT	830.0	2458.7	-1.415
CTAAGC	485.0	1424.4	-1.411
CAGAAA	1228.0	3653.8	-1.409
ACTAAA	377.0	1667.0	-1.405
ACAATT	323.0	945.5	-1.404
AGGTCT	1344.0	4005.1	-1.399
TTTGGA	1310.0	3903.8	-1.394
TCAGTT	875.0	2597.7	-1.388
GGTTAT	402.0	1179.9	-1.387
TGATGA	1067.0	3238.5	-1.384
AGTCAA	417.0	1224.8	-1.383
AGTATA	216.0	655.6	-1.383
TTACTG	677.0	2001.1	-1.380
CTGATG	1496.0	4462.4	-1.373
AGGTTA	482.0	1417.4	-1.372
ACGTGA	407.0	1195.7	-1.364
TTGACC	594.0	1755.8	-1.363
TTAGAG	685.0	2027.8	-1.363
CCGTAA	126.0	358.0	-1.362
GTCGAG	359.0	1053.8	-1.354
CGGATA	130.0	371.4	-1.354
TTAAGC	335.0	1064.2	-1.354
GGCAAG	1492.0	4665.6	-1.353
AGGAAA	1572.0	5066.7	-1.352
CCACTG	2136.0	6928.4	-1.349
AGTTCT	1050.0	3124.4	-1.349
GATTGT	589.0	1741.4	-1.346
GATGGC	1399.0	4292.3	-1.345
TGCACT	1338.0	4082.1	-1.342
GCCAGT	1350.0	4026.0	-1.340
AAGACA	791.0	2348.7	-1.337
GTCCGG	722.0	2552.6	-1.336
TGATAC	287.0	839.1	-1.333
CCGAAC	204.0	592.5	-1.329
TTTTGG	1478.0	4415.6	-1.325
AGTGAG	2214.0	6931.3	-1.321
ACCCGA	321.0	939.4	-1.320
CTACCT	751.0	2235.7	-1.317
ATCAAG	461.0	1359.6	-1.315
GCCCGC	1520.0	5050.3	-1.314
TGGGCT	4000.0	12027.9	-1.310
TAGGAA	779.0	2404.4	-1.310
AACTAG	304.0	898.8	-1.309
CGAAAT	115.0	327.9	-1.305
GACGCA	403.0	1214.8	-1.302
CTGATC	725.0	2151.6	-1.301
CATCAG	1075.0	3203.6	-1.300
TACAGA	663.0	1966.1	-1.297
GATGCC	1165.0	3613.6	-1.297
TAGCCC	641.0	1898.3	-1.296
ACGTCC	383.0	1126.8	-1.284
GAGTAG	863.0	3108.2	-1.283
CAGAGG	3704.0	11138.9	-1.276
AGTGGC	1918.0	6566.3	-1.276
CAATAT	257.0	751.2	-1.270
ATGATG	1043.0	3108.3	-1.269
AGACCG	384.0	1130.5	-1.263
TTAGCG	176.0	511.0	-1.262
GTATTG	410.0	1209.8	-1.260
GCTATA	224.0	652.9	-1.260
TCCTGT	2099.0	6296.9	-1.251
TAACGG	123.0	429.7	-1.249
AGACGA	263.0	770.4	-1.243
CGAGAG	672.0	2039.8	-1.238
ACTAGC	287.0	843.7	-1.236
CTTGAC	649.0	1927.9	-1.232
GCTGGC	3586.0	10790.5	-1.227
TATCAG	394.0	1211.7	-1.223
CTCATA	375.0	1230.1	-1.220
GGAATG	1550.0	4642.5	-1.219
CCGGGC	2647.0	7952.9	-1.219
CCTAGC	747.0	2223.7	-1.213
GGAATA	532.0	1577.5	-1.206
CTAAAT	350.0	1032.2	-1.204
CTGTCA	1414.0	4396.4	-1.203
AGTTAC	365.0	1078.9	-1.203
AGCCGG	1513.0	4531.7	-1.202
CCCATC	1573.0	4714.0	-1.192
TGTTGA	955.0	2850.1	-1.191
CAGGCC	3500.0	10534.8	-1.190
GAGTTG	1200.0	3590.9	-1.187
CGATAA	72.0	203.5	-1.185
CGTTCA	211.0	618.6	-1.184
ACAACC	452.0	1339.8	-1.183
TAAGGT	446.0	1320.4	-1.183
TCGAGG	629.0	1871.7	-1.183
TAAAGT	439.0	1299.8	-1.183
ACCTAC	387.0	1143.3	-1.182
TTCCAC	914.0	2831.3	-1.181
CAAGTT	592.0	1760.5	-1.178
CCAGTT	951.0	2838.3	-1.178
AGGACA	1639.0	4916.5	-1.175
CAGACA	1315.0	3936.4	-1.175
AGATTG	682.0	2030.5	-1.175
TAGTGA	556.0	1653.5	-1.174
GGCTAC	664.0	1977.5	-1.172
TAAAGG	639.0	1900.3	-1.169
CAGTTG	966.0	2886.2	-1.168
CAGTTA	472.0	1401.5	-1.166
TGGGTC	2192.0	6736.6	-1.165
GATATT	370.0	1092.7	-1.162
GAGGTA	847.0	2529.3	-1.159
TTATTA	460.0	1444.3	-1.152
TACAGT	504.0	1497.4	-1.152
AACGGG	486.0	1442.8	-1.150
AACGAG	261.0	768.5	-1.147
GATGCG	445.0	1319.8	-1.146
TCGGCA	394.0	1209.0	-1.140
GAAGGA	2211.0	7015.4	-1.138
TTGGTA	521.0	1547.8	-1.137
CCACAA	714.0	2129.9	-1.136
CACGAG	507.0	1508.0	-1.135
CTTCGA	246.0	819.3	-1.135
ATAGGA	444.0	1639.0	-1.132
GCCGGA	963.0	2880.0	-1.130
AGAATA	427.0	1335.3	-1.129
TAGTTG	432.0	1281.3	-1.127
CTCCTA	810.0	2419.6	-1.126
TCTAGC	525.0	1560.9	-1.121
AGAACG	327.0	966.9	-1.121
AGTCGA	163.0	476.8	-1.120
CTTGAT	615.0	1832.0	-1.119
CCGAGC	961.0	2875.2	-1.117
AAGAGC	1074.0	3216.7	-1.116
GTTTTG	1269.0	4135.7	-1.114
CTATCT	446.0	1381.5	-1.113
ATTCTT	780.0	2330.3	-1.107
TGTCGT	269.0	911.5	-1.103
TGAGTT	1059.0	3173.2	-1.102
CTAAAG	475.0	1411.7	-1.097
CCTGGT	2633.0	7929.5	-1.097
AAATGG	1065.0	3190.0	-1.091
AGAATT	696.0	2079.8	-1.091
CACTTT	1029.0	3755.8	-1.090
ACTGTG	1778.0	5372.2	-1.086
GACAAA	591.0	1763.9	-1.085
GTTAGT	377.0	1118.4	-1.085
TGTAGA	732.0	2188.7	-1.084
GCTACC	579.0	1726.2	-1.083
CGGTAC	141.0	486.6	-1.082
TGACTC	1012.0	3032.0	-1.080
CAACTA	218.0	641.4	-1.080
TATCAC	297.0	880.0	-1.078
ATAACG	72.0	250.3	-1.076
CCGGTC	540.0	1609.6	-1.075
CGTAAA	90.0	281.7	-1.073
TCTCAC	1130.0	3388.1	-1.072
CCGGGA	1867.0	5614.7	-1.071
TCTACC	587.0	1752.9	-1.069
AGGATA	457.0	1361.5	-1.061
TAAGAC	321.0	951.6	-1.059
ACTTGA	663.0	2347.1	-1.054
CGCAGG	1347.0	4293.8	-1.051
AAGTTA	359.0	1154.2	-1.049
GGCATC	1272.0	4046.7	-1.047
TGTCGA	170.0	521.7	-1.044
TCACGG	534.0	1593.5	-1.043
GAACTG	1147.0	3442.7	-1.043
CCGTTA	107.0	381.8	-1.042
TGAAGT	940.0	2818.0	-1.041
ATGGCC	1323.0	3975.7	-1.041
CTATCA	321.0	968.0	-1.038
ACAGCT	1355.0	4072.8	-1.038
AGCGTT	305.0	903.7	-1.037
AATTAC	299.0	888.9	-1.037
TAGTAT	244.0	721.1	-1.032
GACAGC	1437.0	4497.5	-1.029
AGCCCC	2890.0	8717.3	-1.027
GCCTAC	525.0	1567.1	-1.026
AGATAA	445.0	1326.6	-1.025
ACCCAT	595.0	1996.8	-1.016
TACGCT	119.0	347.3	-1.016
AGCCCG	1113.0	3343.5	-1.014
GTTCTC	1111.0	3336.3	-1.013
AGAAGT	1015.0	3048.0	-1.013
ACTACG	129.0	378.0	-1.012
AGCTGC	2698.0	8136.2	-1.012
GCTCTC	1666.0	5016.2	-1.012
CCAACG	266.0	789.1	-1.012
GCCAGA	1664.0	5009.4	-1.012
TACAGC	589.0	1762.0	-1.011
ATGACG	272.0	927.4	-1.007
AAGCCT	1118.0	3360.7	-1.004
AGCTCT	1705.0	5134.2	-1.003
GACTCT	1065.0	3198.7	-1.002
AGGATC	874.0	2624.3	-1.002
GAAACG	329.0	979.3	-1.002
GATACC	318.0	945.1	-1.000
AACAAG	581.0	1739.7	-0.994
CGTAAC	91.0	264.1	-0.994
CAGAAG	1779.0	5358.1	-0.993
ATCGAT	93.0	270.5	-0.993
GCTGGT	2597.0	8486.3	-0.985
CGGGTC	942.0	2830.0	-0.984
GACTGT	1101.0	3325.2	-0.983
AGATTT	691.0	2072.9	-0.981
ACATTG	582.0	1743.6	-0.980
GAAGGC	1871.0	5698.5	-0.980
ACGCGG	513.0	1536.3	-0.977
TGGATT	961.0	2888.0	-0.977
TTATGA	435.0	1299.6	-0.973
CCAGAA	1359.0	4092.2	-0.971
TGCTCA	1592.0	4797.9	-0.969
GTTGCT	1139.0	3427.3	-0.968
ACAGTG	1644.0	4953.1	-0.963
TGATCA	598.0	1794.8	-0.957
CGGAAG	745.0	2341.0	-0.952
GTTGTT	806.0	2995.5	-0.943
GCCGAA	317.0	945.6	-0.942
CACTGT	1535.0	4628.2	-0.939
ACTGCT	1221.0	3679.3	-0.938
AAGCTG	1678.0	5061.6	-0.937
ATGCGC	355.0	1062.1	-0.935
ACGGCA	412.0	1234.7	-0.934
GTAGTT	461.0	1381.8	-0.933
CGCTGG	1580.0	4765.0	-0.932
TCGACT	161.0	478.0	-0.927
CTGAAC	804.0	2417.4	-0.925
ACTCAA	431.0	1290.9	-0.924
AATACG	88.0	257.8	-0.923
ATGACA	649.0	1949.5	-0.918
ATTTCT	1100.0	3314.2	-0.918
TTGCTC	1166.0	3609.1	-0.917
TACCTC	545.0	1636.4	-0.914
AACTGG	1083.0	3264.2	-0.913
CTGCTG	5202.0	15955.1	-0.913
TTGAAC	557.0	2515.8	-0.910
CCCGCT	1090.0	3284.7	-0.905
TTTATG	691.0	2078.5	-0.905
TGCGTC	548.0	1646.6	-0.901
TCCGAT	156.0	463.1	-0.901
CGTCCA	417.0	1317.3	-0.900
ACAGGG	2435.0	7386.0	-0.897
AGTGCC	1429.0	4313.3	-0.897
CATAAT	295.0	885.1	-0.896
ACAGTC	691.0	2079.5	-0.892
GTTCGT	207.0	618.9	-0.891
CACTGA	1154.0	3613.5	-0.890
AAACAC	596.0	1793.9	-0.889
GGCATA	423.0	1350.7	-0.888
ACACCG	362.0	1086.3	-0.886
CGATGG	492.0	1478.6	-0.883
ACGGAT	187.0	612.3	-0.883
ATTGTT	606.0	1822.1	-0.879
AGGAAG	3120.0	9439.3	-0.877
GTCCCA	1690.0	5105.8	-0.875
GGGATA	671.0	2021.2	-0.874
CAAAAT	587.0	1766.5	-0.873
GACCTG	1988.0	6008.7	-0.871
AAATTT	619.0	1863.5	-0.870
TGATGG	1849.0	5591.0	-0.865
CGAGCC	753.0	2269.3	-0.864
TCGATT	118.0	349.5	-0.863
TACAAT	246.0	735.3	-0.863
GGATTG	970.0	2927.4	-0.863
TGGCGT	822.0	2479.2	-0.862
TAGTCG	102.0	301.7	-0.859
ACATAG	420.0	1263.2	-0.859
CTTCCA	1551.0	4687.7	-0.858
GACGGT	401.0	1357.9	-0.858
CAAGTA	395.0	1339.9	-0.857
AACTCG	227.0	678.5	-0.855
CCGTTT	339.0	1061.2	-0.855
GTGAAC	720.0	2170.7	-0.854
CGTTAC	103.0	348.4	-0.853
CAAACC	640.0	1927.7	-0.852
AGCTTC	1283.0	3874.3	-0.852
GTGCGC	973.0	3472.7	-0.848
CTATTG	356.0	1113.0	-0.848
ACTTCT	896.0	2799.9	-0.846
GCTAAA	377.0	1132.0	-0.842
GTCTGA	1383.0	4178.2	-0.842
GTTGCC	954.0	3648.7	-0.839
TAGGAG	1164.0	3517.1	-0.839
GGATAT	438.0	1317.6	-0.835
CTCCGT	660.0	1991.2	-0.834
AAACAG	884.0	2743.8	-0.831
AATTAG	452.0	1968.7	-0.830
TTTCCG	397.0	1382.6	-0.829
CCCCAA	1454.0	4396.2	-0.827
GGCATT	1018.0	3076.6	-0.827
GTTGAA	598.0	1804.5	-0.826
TCACTC	1038.0	3137.7	-0.823
TTATCG	84.0	248.3	-0.821
AGTTGT	724.0	2185.1	-0.821
ATATTG	359.0	1081.0	-0.820
TTGTCC	1029.0	3110.7	-0.811
CCGATC	172.0	515.3	-0.810
CAGCAC	1766.0	6488.5	-0.810
AGCGGC	1177.0	3656.0	-0.809
TTTACG	117.0	355.1	-0.809
CTCTCA	1348.0	4079.6	-0.808
AAGATA	364.0	1097.9	-0.806
GGGCCA	3120.0	9453.4	-0.805
GAAAGA	1192.0	3605.4	-0.801
GACGAA	151.0	564.1	-0.801
CCGCTT	502.0	1697.3	-0.801
ACTCGA	154.0	461.7	-0.801
ATACGG	147.0	441.0	-0.797
GTAAAG	507.0	1531.9	-0.793
GCGTCT	705.0	2129.2	-0.792
TACCGG	219.0	657.4	-0.791
ACTTGG	1404.0	4249.6	-0.790
ACACCT	1069.0	3339.5	-0.788
TAAAGA	529.0	1596.5	-0.788
AGTCAT	589.0	1780.8	-0.786
ACAGAA	974.0	2948.3	-0.785
CGCCCT	1128.0	3412.7	-0.784
TTCAAT	346.0	1043.7	-0.783
CCTGGG	8058.0	24848.1	-0.783
GAACAC	644.0	1945.4	-0.782
TGAAGA	1150.0	3480.0	-0.781
TAGGCC	706.0	2133.3	-0.781
CACTAG	407.0	1229.2	-0.780
ATATCG	64.0	189.9	-0.776
TGGTAT	556.0	1681.3	-0.773
TCAAAT	450.0	1385.8	-0.766
GACTCA	907.0	2744.5	-0.764
AGTCTG	1450.0	4392.4	-0.762
AGACCT	1062.0	3243.4	-0.760
GTGTCA	1135.0	3437.2	-0.759
CCCGAT	264.0	796.1	-0.759
GCCGTT	360.0	1088.3	-0.759
GATACA	327.0	987.4	-0.758
CACCGA	357.0	1079.9	-0.757
TAGTCT	419.0	1267.7	-0.757
ATGAGC	990.0	2999.1	-0.753
TTGGAG	2008.0	6091.0	-0.743
ACGGAC	268.0	868.5	-0.740
ACCGTA	99.0	296.3	-0.740
TCCGTC	428.0	1294.9	-0.733
AACGCT	215.0	648.7	-0.731
AGCAGA	1800.0	5461.2	-0.730
GCCTAA	391.0	1183.6	-0.730
CAACTT	536.0	1623.5	-0.729
ATATCA	266.0	804.3	-0.726
CTTCTG	2326.0	7092.8	-0.724
TCACGT	378.0	1143.1	-0.723
GGATAA	433.0	1310.6	-0.722
CCATCA	904.0	2741.0	-0.716
GAATTA	363.0	1100.7	-0.716
GGCGCA	996.0	3121.4	-0.713
TCAACT	411.0	1246.7	-0.712
ATTCCT	971.0	2947.8	-0.711
GCTTCC	2119.0	6464.7	-0.711
GACTCG	436.0	1320.5	-0.710
TCCTCC	2925.0	8883.2	-0.703
ATCACA	642.0	1946.7	-0.703
TATGTC	371.0	1265.5	-0.701
AAATTC	498.0	1510.9	-0.701
AGTGAA	937.0	2843.8	-0.700
ATCCCC	1085.0	3295.1	-0.694
AATATG	401.0	1216.6	-0.694
CCCCGA	919.0	2795.7	-0.693
TACCAT	372.0	1127.8	-0.692
AACATA	365.0	1109.6	-0.689
AAACGC	202.0	613.9	-0.686
CTACTT	535.0	1838.4	-0.683
GCCCAC	1995.0	6062.0	-0.683
TTGAGG	1580.0	5051.2	-0.682
AGTTGG	1242.0	3854.6	-0.680
ACGAAA	118.0	356.5	-0.679
TCAAAG	684.0	2077.3	-0.678
ATCCGG	361.0	1097.5	-0.673
CCCAAC	933.0	2834.8	-0.672
GCAGTA	627.0	1906.7	-0.666
AGTTTT	913.0	2775.1	-0.666
TAACGC	102.0	308.2	-0.663
ATTGGA	615.0	1952.1	-0.663
ACCGTC	291.0	886.0	-0.662
ATGGCG	647.0	2367.2	-0.660
AGGAAC	1107.0	3365.0	-0.660
TAGTGG	841.0	2557.1	-0.659
CTGGCC	4169.0	12778.4	-0.658
CAGAAT	779.0	2506.8	-0.658
AACGGT	163.0	519.2	-0.658
TGACGA	225.0	689.1	-0.658
CAGTGG	3041.0	9880.6	-0.657
CTCACA	1253.0	3810.2	-0.656
GTCCAG	1757.0	5342.2	-0.654
CTCATT	903.0	2744.1	-0.653
TAATGG	522.0	1586.2	-0.653
GAAGCC	1597.0	4956.2	-0.652
CGCTAC	205.0	624.1	-0.652
GACACA	1047.0	3323.6	-0.651
GACAAC	391.0	1189.8	-0.649
AATTTC	510.0	1553.0	-0.648
CAGATT	697.0	2121.1	-0.643
AGGTCC	1259.0	4208.3	-0.643
AACTCT	668.0	2034.8	-0.642
CAGTGT	1682.0	5241.2	-0.640
CGGGAC	1066.0	3251.2	-0.638
CAGGAC	1875.0	5704.5	-0.638
GCGTAG	254.0	773.9	-0.637
CGTTTC	368.0	1237.2	-0.636
AGTGTA	502.0	1529.6	-0.633
TTTAGG	743.0	2261.1	-0.632
TCGACG	97.0	294.8	-0.631
CTCTAA	496.0	1511.0	-0.630
TAATTC	352.0	1073.1	-0.628
TATGAC	294.0	931.5	-0.628
GTGCGA	343.0	1416.5	-0.626
ATTCAC	436.0	1327.6	-0.623
AATGTC	534.0	1762.6	-0.621
ACTGCC	1353.0	4255.6	-0.620
ACGCTC	337.0	1027.2	-0.619
CGTTAG	165.0	503.5	-0.618
CTTGGC	2072.0	6627.2	-0.617
TATTCG	84.0	264.0	-0.617
TCCACT	956.0	2962.9	-0.617
CAGCAA	1104.0	3364.8	-0.613
TTTCGT	221.0	673.3	-0.613
CTACGC	175.0	535.4	-0.609
ATCTGA	775.0	2361.1	-0.608
CTAGTT	363.0	1109.4	-0.608
TCACTG	1773.0	6047.8	-0.602
AGATCC	686.0	2091.5	-0.601
TGTTTT	1911.0	5822.0	-0.598
CTGCTA	793.0	2419.8	-0.598
CCAGAG	2726.0	8300.1	-0.595
GTTACC	341.0	1041.5	-0.595
TTCAGT	899.0	2742.3	-0.594
ACATAA	326.0	1004.3	-0.593
CACCTT	1157.0	3527.3	-0.592
GTCACT	1007.0	3070.7	-0.590
GCGTCA	374.0	1141.6	-0.589
TTTGGT	1145.0	3492.7	-0.589
CTTCAA	588.0	1795.8	-0.589
GTCGAC	118.0	360.7	-0.588
TAGCAG	789.0	2408.1	-0.588
GATGAT	655.0	2174.8	-0.586
GTCGCG	347.0	1061.8	-0.586
AACTCA	559.0	1708.9	-0.586
TGCCTA	687.0	2178.7	-0.580
CCAGAT	965.0	2945.4	-0.577
CGAGCT	561.0	1715.9	-0.577
ATTCAG	734.0	2374.9	-0.576
CAAATT	430.0	1313.8	-0.574
ATTACC	269.0	823.3	-0.574
AAGATG	1070.0	3264.9	-0.573
GGAAAC	1115.0	3402.2	-0.572
TTCTTT	1819.0	5545.8	-0.572
CTCGCT	690.0	2395.0	-0.569
TTCAGC	1125.0	3434.7	-0.568
CTCTGG	3567.0	11368.7	-0.566
AGTGTG	2180.0	7159.6	-0.566
CGGTCT	435.0	1329.4	-0.566
GTCAGG	2185.0	6860.3	-0.564
GACGGC	682.0	2095.8	-0.564
CTGAGG	4243.0	14161.7	-0.564
ATTTCC	900.0	2783.9	-0.563
ATCAGC	722.0	2206.2	-0.562
AAGTGG	1599.0	4876.9	-0.561
CACGCC	848.0	3204.4	-0.559
GGGCTC	3503.0	10674.8	-0.558
AACTGA	660.0	2187.0	-0.558
GTGGAA	1584.0	4831.6	-0.557
CAAAGC	880.0	2687.9	-0.555
GTTTAC	368.0	1196.9	-0.553
AGTCGT	205.0	630.5	-0.552
CTCCGA	508.0	1555.3	-0.551
AGTACC	389.0	1191.7	-0.551
GCAGTG	2987.0	9992.4	-0.550
AGTTTG	1154.0	3524.5	-0.549
ACTGAA	732.0	2239.2	-0.549
TAATTT	751.0	3110.5	-0.546
AAATCG	129.0	404.4	-0.546
TCGATG	198.0	609.3	-0.546
CCGATG	322.0	987.0	-0.545
TACGAT	60.0	184.6	-0.543
TATTAG	299.0	919.1	-0.542
TCTCCT	2400.0	7743.2	-0.542
GTGACT	1261.0	3851.0	-0.540
GAAAGG	1760.0	5413.7	-0.538
TCGAGC	276.0	848.6	-0.538
TAGAAG	643.0	1967.5	-0.538
AAGTGT	896.0	2802.3	-0.536
ATAACA	340.0	1072.7	-0.535
CGTGAC	417.0	1280.6	-0.534
CCGTCG	288.0	885.9	-0.534
CACCCA	1815.0	6116.4	-0.533
CAAAAC	543.0	1664.9	-0.529
GGAACC	1242.0	3798.0	-0.529
CCGCGG	1398.0	4637.3	-0.527
CGTCAT	260.0	799.5	-0.526
CCTGAT	962.0	3109.7	-0.525
GACACC	981.0	3000.0	-0.523
TCACCC	1468.0	4485.5	-0.522
AGCGTC	469.0	1440.8	-0.521
GAGAAC	955.0	3045.7	-0.521
TCAACG	157.0	484.2	-0.520
CGGCGG	2265.0	6963.7	-0.519
TCGCAC	233.0	716.5	-0.517
CCGTGA	592.0	1816.4	-0.516
TAGCGC	181.0	559.1	-0.513
CATCCG	382.0	1173.4	-0.513
CATCTA	408.0	1329.4	-0.513
TAGCGA	134.0	414.2	-0.510
GCACTT	962.0	3806.5	-0.507
CCAATT	337.0	1036.7	-0.507
CTAAGA	439.0	1348.7	-0.504
CCAGTA	549.0	1685.4	-0.504
AGGAAT	987.0	3022.2	-0.504
TCTGAC	935.0	2881.2	-0.504
AATTGT	455.0	1398.3	-0.503
GTGTAA	491.0	1507.8	-0.503
AAAGCC	919.0	2815.3	-0.502
GATTCG	170.0	526.7	-0.501
AAGGAC	910.0	2945.1	-0.501
TACACC	380.0	1168.5	-0.501
TATGTG	1003.0	3303.3	-0.500
TTAGTA	330.0	1740.2	-0.499
ACCATT	483.0	1484.0	-0.499
GGCGGA	1438.0	5210.5	-0.499
TCATAA	313.0	994.1	-0.498
AACCTG	1155.0	3535.4	-0.497
CAGTTT	1070.0	3277.0	-0.497
AGAACT	782.0	2397.5	-0.496
AGTTCC	893.0	2737.4	-0.493
CTAGGT	671.0	2061.8	-0.491
CACAAG	787.0	2414.9	-0.491
CTTACG	122.0	405.6	-0.489
GACATA	294.0	908.2	-0.489
TCCGAA	201.0	622.2	-0.488
CCTATG	525.0	1671.7	-0.487
GGCCTC	3412.0	10417.4	-0.487
GAGAAA	1415.0	4332.4	-0.486
AATGAC	474.0	1459.3	-0.485
TTCAGG	1567.0	4796.8	-0.485
AAAATA	965.0	3127.0	-0.484
CTTAGC	632.0	1942.2	-0.482
ACATAT	366.0	1129.9	-0.482
AGCGCA	495.0	1522.4	-0.477
CCTTCG	491.0	1714.6	-0.477
TCATTC	771.0	2391.8	-0.477
AGATTA	338.0	1042.9	-0.474
TAATCT	352.0	1086.4	-0.473
GGTCGC	590.0	1815.5	-0.472
TGGAAC	990.0	3037.5	-0.471
TTGCGG	519.0	1727.8	-0.470
TGGCAA	945.0	2900.1	-0.470
CGGCCA	971.0	2980.2	-0.465
TCGAAT	92.0	310.6	-0.465
GTAAGC	404.0	1246.4	-0.464
ACGTTA	101.0	328.2	-0.463
CTCAAC	518.0	1596.3	-0.462
AAAAAA	2564.0	8517.5	-0.460
GTGACG	502.0	1759.5	-0.460
GCTATG	636.0	1958.0	-0.460
TCTTTT	1531.0	4689.2	-0.460
CGCTCT	607.0	2366.2	-0.460
CCTCCA	2358.0	7213.8	-0.458
AGTGTC	1081.0	3318.6	-0.456
CAACAC	522.0	1606.1	-0.455
AATGAG	920.0	2826.3	-0.455
ACGCAG	588.0	1811.0	-0.454
ATAGCG	119.0	371.2	-0.453
GAAACA	795.0	2442.0	-0.450
ACGACC	191.0	594.5	-0.450
GACCGC	492.0	1516.6	-0.449
GCCTAT	389.0	1324.9	-0.448
CCAGTC	1236.0	3792.8	-0.448
GTCTAC	374.0	1235.8	-0.448
CCTCAT	1194.0	3663.6	-0.448
CGTCTA	151.0	470.6	-0.447
GCCGGC	1691.0	5321.2	-0.444
GTCTCT	1605.0	6014.0	-0.443
GTACAA	266.0	825.2	-0.443
CGGACC	546.0	1683.8	-0.442
TACGAC	70.0	259.5	-0.440
CATTGT	710.0	2524.0	-0.440
CCGACG	262.0	812.7	-0.439
GTCCGA	290.0	899.7	-0.439
GTGAAA	869.0	3281.4	-0.439
ACGGTC	261.0	809.7	-0.439
TCCGAC	233.0	722.3	-0.438
TCAGTC	830.0	2552.1	-0.436
AGCGAG	821.0	2559.7	-0.435
GGCGAT	356.0	1102.2	-0.434
GGCTCT	2643.0	8089.3	-0.433
TGATAT	384.0	1187.7	-0.432
ACAACG	151.0	471.8	-0.432
TTGATG	768.0	2443.0	-0.432
TTGATC	429.0	1324.2	-0.431
ACGATT	107.0	365.2	-0.431
CATAAG	319.0	1044.0	-0.430
ACTACC	278.0	863.2	-0.430
CCGTCT	697.0	2291.2	-0.429
TCGTCT	317.0	982.6	-0.427
GGTCCT	2002.0	6136.6	-0.424
CGTAGA	166.0	518.1	-0.422
CGCAAG	323.0	1001.7	-0.421
CGGCTG	1721.0	5280.8	-0.415
ATTCCC	825.0	2540.1	-0.414
ACCCCG	908.0	3031.3	-0.414
GTAGAT	440.0	1362.0	-0.411
TAGGAC	485.0	1499.8	-0.411
AGACTG	1277.0	3925.5	-0.411
ATTAGG	445.0	1381.9	-0.410
ACCACT	726.0	2239.4	-0.410
TGATTC	638.0	2228.2	-0.409
CGACTG	392.0	1214.7	-0.409
ACTGGG	2635.0	8151.7	-0.409
TAGCCT	614.0	1978.3	-0.406
AATCCA	518.0	1603.8	-0.404
CACTCC	1448.0	4447.0	-0.404
GTATCA	280.0	872.6	-0.399
GTATCG	97.0	305.2	-0.398
GTTGAT	538.0	1703.7	-0.397
TGGGAC	2288.0	7016.4	-0.395
CCGGCA	814.0	2821.8	-0.394
TGACGG	540.0	1731.7	-0.393
GGTTTT	1344.0	4133.8	-0.393
GTCACG	422.0	1311.0	-0.393
CGTCGA	94.0	296.7	-0.392
TGATGT	1033.0	3468.1	-0.392
TTTGGC	1096.0	3374.3	-0.391
GCCGGT	729.0	2252.5	-0.391
GAACGA	208.0	652.2	-0.390
TCATTG	736.0	2297.4	-0.387
GGCTTC	2104.0	6456.3	-0.386
ACATCC	729.0	2495.2	-0.385
GTTATC	251.0	783.1	-0.385
GGTCTT	1252.0	4006.3	-0.384
GTTGAC	437.0	1355.7	-0.384
CGAGGC	1290.0	3970.0	-0.383
TCAATT	311.0	967.5	-0.382
GGCGCG	1833.0	5649.5	-0.381
ATCATA	244.0	826.2	-0.381
CAAATG	737.0	2275.7	-0.381
TCTCGT	322.0	1002.6	-0.381
ACGATG	233.0	727.0	-0.379
AAAGGA	1181.0	3638.4	-0.379
CACCTC	1937.0	5950.6	-0.378
AGCACT	1145.0	4205.7	-0.377
AGAACC	792.0	2447.1	-0.377
AACGCC	266.0	831.5	-0.377
AAGTCT	702.0	2181.5	-0.376
GTAACC	339.0	1056.9	-0.374
CGAGAA	361.0	1125.3	-0.372
ACCACA	933.0	3015.5	-0.371
GCACCT	1704.0	5238.5	-0.371
AGGTCG	499.0	1548.3	-0.371
TCGAAG	200.0	628.1	-0.370
TAACTC	331.0	1031.4	-0.369
AACCGA	166.0	523.5	-0.368
CGCGAG	458.0	1731.1	-0.367
ACGGCT	460.0	1429.2	-0.365
ACAGAT	760.0	2351.3	-0.365
TCATCA	711.0	2199.1	-0.364
CGGTAA	162.0	511.0	-0.363
ATCGGC	215.0	673.3	-0.362
CCACGA	366.0	1142.2	-0.358
CAGTCG	353.0	1101.6	-0.357
GCAATA	254.0	795.4	-0.356
AATAGA	403.0	1255.2	-0.356
GATGAC	716.0	2216.7	-0.354
GTATAG	243.0	767.3	-0.354
TCACCG	463.0	1441.7	-0.352
GACTGC	1113.0	3620.8	-0.351
CAACCC	786.0	2433.2	-0.351
GAGTCA	1018.0	3146.5	-0.347
GAGGTC	1634.0	5304.3	-0.347
ATTTCA	718.0	2225.9	-0.342
CGAGTA	173.0	839.7	-0.342
TAGCTG	1011.0	4433.9	-0.341
CTCGAG	471.0	1467.8	-0.341
ATAGAT	304.0	950.8	-0.339
CATCGT	290.0	910.2	-0.338
TGTGTC	2255.0	6933.0	-0.337
AGTCGG	506.0	1675.4	-0.337
TCCCAT	1196.0	3692.3	-0.334
AGAAGG	2244.0	7070.2	-0.331
TCAACC	413.0	1290.7	-0.331
TACGGA	145.0	480.1	-0.330
ACAATA	236.0	742.5	-0.330
GTTTTT	1317.0	4064.0	-0.329
CGTTAT	86.0	275.7	-0.325
CACAAA	630.0	1959.6	-0.324
GTCCTG	2890.0	8879.3	-0.323
GTTGTC	651.0	2022.3	-0.321
GCACTC	1005.0	3338.4	-0.320
CGAACG	106.0	339.0	-0.320
TCACTA	371.0	1159.7	-0.320
GGGATC	1226.0	3786.3	-0.319
CGATAT	50.0	162.5	-0.319
ACCATG	895.0	4431.3	-0.318
GTATCT	481.0	1499.0	-0.318
CAACGG	244.0	768.7	-0.318
ATTCTG	1045.0	3326.5	-0.318
GCTCTT	1330.0	4162.8	-0.318
ACCTTG	1069.0	3306.3	-0.317
GACAGG	2342.0	7207.6	-0.314
GCGTCG	328.0	1144.5	-0.311
GAGGCA	2761.0	9015.8	-0.311
GTCCGC	542.0	1689.8	-0.309
TCTGGG	4264.0	13702.0	-0.309
GGAACT	1084.0	3356.5	-0.308
GTGAAG	1378.0	4258.6	-0.306
CTTAAG	423.0	1402.8	-0.304
AGAGAG	2568.0	7941.6	-0.304
ATCATC	450.0	1407.7	-0.301
GCGGAG	1917.0	6227.0	-0.301
AAGAGA	1172.0	3626.1	-0.301
CAAACA	616.0	1918.0	-0.300
AGGTAG	1024.0	3196.9	-0.300
GCGGCT	1472.0	4547.3	-0.300
AGATGT	944.0	2928.8	-0.299
ATCAAT	229.0	730.0	-0.299
GGCTAG	881.0	2733.9	-0.298
TGACAT	707.0	2198.8	-0.298
CGTAAT	74.0	239.9	-0.298
CGGTTG	367.0	1204.8	-0.297
TCAGGC	1759.0	5427.2	-0.296
TTGCCG	415.0	1301.1	-0.296
CGAACA	115.0	369.1	-0.295
CTAGCG	209.0	664.7	-0.294
AATTCA	435.0	1449.9	-0.292
ACAAGC	566.0	1765.6	-0.290
GTCAGC	1276.0	3951.0	-0.290
CCGAAT	160.0	510.4	-0.290
GGAGCT	3117.0	9584.7	-0.289
ACGACT	138.0	458.8	-0.289
CACCTG	3016.0	9277.7	-0.287
ATCGAC	96.0	309.8	-0.287
ATAAGC	290.0	916.1	-0.287
GAGGCG	2001.0	6738.0	-0.287
AAGTTC	571.0	1782.5	-0.286
TCGCTA	125.0	401.7	-0.286
CGCTTA	140.0	448.5	-0.285
GCTGAC	1302.0	4029.5	-0.284
ATACGC	60.0	231.0	-0.283
CCGGAA	575.0	1795.0	-0.282
GCAGAC	1181.0	3660.3	-0.282
CCTAGT	487.0	1524.1	-0.282
ATCAGG	873.0	2714.4	-0.281
CTTCGC	419.0	1401.9	-0.280
GACGTA	106.0	341.8	-0.279
CGAGTG	660.0	2078.4	-0.279
AAGAGT	723.0	2269.7	-0.278
CTGGCG	1455.0	4501.7	-0.277
GATAAC	220.0	697.3	-0.277
GAACTA	308.0	970.5	-0.276
AACACC	552.0	1727.4	-0.272
ATTAGA	354.0	1116.1	-0.272
AACTGC	792.0	2468.9	-0.268
GCGTTA	136.0	437.5	-0.268
TCCAGA	1433.0	4436.8	-0.265
GCTCAG	2490.0	7676.0	-0.263
ATTTAG	450.0	1413.1	-0.263
TACCGC	173.0	598.2	-0.261
GACTAT	248.0	787.6	-0.260
CCTAAG	587.0	1837.2	-0.260
TAAGGA	618.0	1992.7	-0.260
CGGCCG	1329.0	4444.4	-0.259
ATATGT	497.0	1677.5	-0.258
TCCCTA	709.0	2212.7	-0.258
GCTAGC	429.0	1348.5	-0.257
GACCCA	1249.0	3874.3	-0.256
GTATTC	330.0	1042.1	-0.256
GCGGTA	198.0	778.0	-0.255
CTGAGC	2869.0	8840.8	-0.255
GGGCAA	1403.0	4604.0	-0.255
CAGCAG	3387.0	10429.7	-0.254
CTTCAG	1593.0	4932.2	-0.253
CACCGG	695.0	2329.1	-0.253
TTCGAA	100.0	407.2	-0.252
ATACAA	339.0	1661.5	-0.252
GCGACT	330.0	1043.9	-0.249
GCAGCC	3456.0	10645.6	-0.243
GATGGT	1180.0	3995.4	-0.241
CGAAAA	139.0	449.9	-0.241
ATGATC	506.0	1591.5	-0.240
CGACTC	287.0	913.4	-0.239
TTATAG	335.0	1061.1	-0.239
ATTACG	79.0	259.1	-0.238
GGCCAG	4138.0	12735.6	-0.235
AGTCCT	1228.0	4193.6	-0.234
GTCAAA	367.0	1159.8	-0.234
TCTACT	510.0	2302.4	-0.233
ATTATC	259.0	826.4	-0.231
CTATTC	349.0	1106.6	-0.229
GACAAG	833.0	2602.8	-0.229
CCTCGG	1546.0	4795.8	-0.228
GCCGCG	1370.0	4254.8	-0.227
ACTTCC	1077.0	3492.6	-0.226
TGCCTC	2424.0	8510.4	-0.225
GGCGCC	1713.0	6136.5	-0.223
TCTCCG	725.0	2271.8	-0.222
GGGTCA	1808.0	5602.1	-0.222
AACGCG	160.0	517.6	-0.221
TTCCTG	2975.0	9180.8	-0.221
TCGGAC	253.0	808.7	-0.219
ATACAG	433.0	1368.0	-0.219
TGGTGT	2170.0	6949.4	-0.219
CCGACA	305.0	969.2	-0.218
CGACAT	157.0	508.5	-0.218
CCTTGA	1077.0	3357.1	-0.217
GATACG	129.0	420.1	-0.217
CGGTCG	261.0	847.9	-0.216
AATGCG	198.0	667.9	-0.216
GCACCG	735.0	2458.0	-0.214
GTCTAT	302.0	1030.9	-0.211
TGCCGC	928.0	2899.1	-0.210
CATTAG	404.0	1281.4	-0.209
GAAGCT	1417.0	4405.6	-0.209
GAAGTT	794.0	2489.1	-0.208
AGCTAT	401.0	1271.7	-0.208
TGCCGA	409.0	1297.2	-0.207
GTGTGA	2036.0	6507.5	-0.206
AATGGA	866.0	2712.0	-0.204
TACCGA	107.0	351.3	-0.202
GTAGTG	725.0	2276.3	-0.202
CGCACC	618.0	1945.5	-0.201
TCTCTA	739.0	3054.6	-0.200
TGAGCT	2032.0	6301.5	-0.199
CGGTAG	231.0	906.9	-0.199
AATAGG	424.0	1343.6	-0.199
GAAGTG	1603.0	4982.3	-0.198
TTACCG	134.0	438.9	-0.197
AACTAC	249.0	799.9	-0.196
ATAAGG	428.0	1356.1	-0.196
TTCGCT	285.0	947.0	-0.196
ACGGGC	776.0	2435.9	-0.195
TCCCGC	1075.0	3359.7	-0.193
GATTCC	757.0	2378.5	-0.193
GAGACT	1195.0	3728.7	-0.193
TAAGCT	382.0	1214.8	-0.192
CTGAAG	1743.0	5416.9	-0.190
CTGCGC	1169.0	4144.5	-0.189
AGGCAC	1500.0	4669.5	-0.188
AACGAC	104.0	343.6	-0.187
CGCGTT	199.0	646.9	-0.186
AAAGAC	569.0	1796.9	-0.186
CGGAAA	346.0	1138.0	-0.186
CAGAAC	911.0	2855.3	-0.184
ATTGCC	549.0	1778.7	-0.183
CGTCAG	510.0	1616.9	-0.183
ACCAAC	431.0	1369.7	-0.178
CAGCCG	1302.0	4063.8	-0.177
GTCGTT	169.0	598.9	-0.177
ACAGAG	1860.0	5985.7	-0.176
TAGCTA	302.0	968.0	-0.175
TTATTT	1208.0	3774.2	-0.175
CGCTGA	624.0	1971.8	-0.175
CAACTG	656.0	2070.5	-0.175
ATCTCT	1026.0	3214.9	-0.172
GATGTT	758.0	2422.6	-0.171
AGATGC	1111.0	3519.6	-0.169
AAGGTA	586.0	1855.2	-0.169
CCTCTA	692.0	2183.5	-0.168
GTCGTC	243.0	1098.2	-0.167
CAGACT	1002.0	3141.8	-0.167
AAGGGA	1869.0	5989.0	-0.166
AGACTC	889.0	2793.1	-0.166
TCGATA	51.0	175.1	-0.164
CTGACT	1261.0	3941.3	-0.164
CGCCGT	400.0	1277.0	-0.163
GGCACT	1539.0	4802.3	-0.162
GAGCTA	617.0	1952.2	-0.161
GAACCA	712.0	2247.0	-0.161
GCTTCA	1084.0	3399.6	-0.160
CGTCAA	129.0	427.4	-0.158
AAGGCT	1295.0	4051.5	-0.158
GTGATG	1622.0	5114.0	-0.157
GCTAGT	388.0	1241.4	-0.157
AGTCCC	1360.0	4730.6	-0.157
CGACGG	313.0	1006.2	-0.157
AAGAGG	1866.0	5902.6	-0.156
AGATAC	343.0	1101.6	-0.156
CCCGAC	558.0	1773.0	-0.155
CAGGTC	1609.0	5022.0	-0.152
AGAGGT	1669.0	5501.6	-0.152
CGAACC	182.0	597.7	-0.150
AGTTCA	717.0	2266.9	-0.149
CTCGCC	839.0	2666.2	-0.149
ATCCAA	381.0	1220.4	-0.149
AGCTCG	505.0	1608.7	-0.149
CCAAAA	610.0	1934.5	-0.148
CAGCGG	1399.0	4490.5	-0.147
GCAGTC	1075.0	3375.0	-0.147
TGGATA	576.0	1829.6	-0.147
GTTAGC	405.0	1298.7	-0.144
TCAAAA	549.0	1747.8	-0.144
GCGTTT	403.0	1292.9	-0.143
CAACGC	205.0	672.5	-0.142
CAGCCC	3723.0	11525.9	-0.142
ACCGAG	479.0	1528.0	-0.142
AAGTCG	204.0	669.1	-0.142
CCAGCG	1159.0	3639.8	-0.139
GCAAAC	515.0	1643.4	-0.139
GTTTCC	1412.0	4421.7	-0.138
TGCCAG	2437.0	7577.9	-0.138
CCGAAA	213.0	695.6	-0.138
CCACCT	2352.0	7317.2	-0.137
CACGAT	192.0	631.2	-0.137
TCCTAG	831.0	2624.7	-0.136
TGACCA	931.0	2933.9	-0.136
CGTCCG	362.0	1167.9	-0.136
GGCTAT	479.0	1530.5	-0.135
GTGATA	409.0	1313.9	-0.135
TTCACG	314.0	1014.7	-0.135
CGATCG	88.0	298.3	-0.134
CGGCAC	568.0	1807.1	-0.134
GCAGTT	987.0	3109.5	-0.133
CGAAGA	230.0	779.9	-0.133
AAGCCC	1286.0	4033.9	-0.132
AGCTAG	610.0	1939.6	-0.132
TGAGGC	2699.0	8699.5	-0.131
CACCAA	696.0	2208.4	-0.131
GATCAA	308.0	996.4	-0.131
GATTAG	328.0	1060.2	-0.130
CAAGCC	1039.0	3272.8	-0.130
GCGCAC	620.0	1972.0	-0.129
ATATGA	333.0	1076.3	-0.129
CAAATA	418.0	1382.7	-0.128
CCATTA	345.0	1115.2	-0.127
GCGAAC	158.0	525.8	-0.127
TTCGAC	116.0	390.3	-0.127
CGGTTA	116.0	390.8	-0.127
AAAAGG	1011.0	3186.2	-0.126
ACACAA	490.0	1568.3	-0.126
CCGCTG	1337.0	4327.2	-0.125
CGATTT	167.0	554.1	-0.125
ATTTTG	967.0	3051.4	-0.124
GGTCAC	1190.0	3740.6	-0.124
CCCAAG	1634.0	5113.8	-0.123
CGGGAT	597.0	1904.0	-0.122
ATTGAG	616.0	1962.5	-0.122
CCAATA	244.0	797.3	-0.122
CAACTC	559.0	1786.2	-0.122
ACCAAT	268.0	946.1	-0.122
ATCGCA	169.0	561.3	-0.121
AGAAAC	801.0	2536.4	-0.121
CGCCTT	606.0	2080.5	-0.121
GGGCTA	906.0	2862.4	-0.121
ATTCTA	380.0	1227.3	-0.120
TATCCG	106.0	358.5	-0.120
TCCGGG	1413.0	4435.4	-0.118
TTGGAC	686.0	2182.0	-0.117
CGTCAC	319.0	1243.4	-0.116
TGCGGT	645.0	2206.2	-0.115
CTGGTA	754.0	2394.8	-0.115
AAGGAA	1382.0	4477.2	-0.114
TTGACG	160.0	560.2	-0.114
AGCGGT	496.0	1628.6	-0.113
TCGGTT	225.0	739.8	-0.113
TTGTGA	962.0	3041.9	-0.112
GTCAAG	651.0	2075.5	-0.110
CAGCCA	2352.0	7336.2	-0.110
CAGAGA	2051.0	6409.5	-0.109
ACTTCA	671.0	2140.9	-0.108
ACGGAG	694.0	2284.7	-0.108
TCTTGT	1021.0	3269.7	-0.106
GGATCT	976.0	3086.6	-0.106
CCGCAG	1320.0	4152.9	-0.106
AAAGAG	1141.0	3600.3	-0.106
GGTATC	368.0	1191.7	-0.105
ATTCGG	172.0	618.2	-0.104
GGATCC	1074.0	3392.1	-0.104
CTATAA	278.0	912.0	-0.103
CCCAAT	420.0	1358.4	-0.102
TTTTAT	995.0	3151.0	-0.102
CCTCCT	3762.0	11683.9	-0.101
GAAACT	761.0	2467.2	-0.099
ACCGGT	205.0	710.8	-0.099
CGTCGT	158.0	556.6	-0.099
GTTCCA	896.0	2843.4	-0.099
CGGGCT	1516.0	4763.1	-0.099
ACTGTA	513.0	1650.6	-0.098
GAAATC	513.0	1650.7	-0.098
AAGACC	675.0	2410.5	-0.098
CTAGCT	588.0	1885.6	-0.098
CTGACA	1009.0	3343.1	-0.098
GTCATG	860.0	2731.3	-0.098
CACCGT	544.0	1747.9	-0.098
GGACCA	1222.0	3940.5	-0.097
ACCATC	665.0	2126.3	-0.097
CTAGTC	341.0	1112.0	-0.097
TGGTGA	2119.0	7035.9	-0.097
GTAAAC	354.0	1199.3	-0.096
GTCAAT	266.0	874.8	-0.096
GCAGCG	1488.0	4778.2	-0.095
AACGTC	146.0	492.6	-0.095
CTATGA	407.0	1319.5	-0.094
CAGATC	785.0	2500.8	-0.094
TCTGAG	2374.0	7414.1	-0.094
GGTCAT	794.0	2529.6	-0.094
TGGAGC	2680.0	8360.3	-0.094
GCAACT	515.0	1659.0	-0.094
AGGCGA	574.0	1841.4	-0.094
CGACGA	117.0	399.7	-0.094
GACCTA	347.0	1131.6	-0.093
CTAAGT	374.0	1214.3	-0.093
AAGACG	311.0	1016.8	-0.092
AGGCCA	2305.0	7204.4	-0.092
AAACTG	849.0	2771.3	-0.092
GCGGTC	510.0	1815.2	-0.091
TACGGC	177.0	593.3	-0.091
GTCACA	839.0	2753.1	-0.091
TCTCAT	906.0	2877.2	-0.091
CTTCCG	693.0	2215.0	-0.091
GGTCTA	442.0	1430.5	-0.091
AGAGTT	843.0	2683.8	-0.090
TTCGGA	235.0	820.9	-0.090
TGTGAC	1238.0	4114.4	-0.090
GACGAC	211.0	703.4	-0.088
GGTTGA	859.0	2733.2	-0.088
TATCGG	107.0	367.2	-0.087
GCGTTC	359.0	1172.7	-0.087
GGAAAT	1014.0	3217.8	-0.086
GCTGCG	1700.0	5549.4	-0.086
ACCTAG	472.0	1528.5	-0.085
ACCGGA	308.0	1009.6	-0.085
AGGTAA	695.0	2225.0	-0.085
CGACGT	139.0	472.0	-0.084
GCGGAC	561.0	1824.6	-0.084
GAGTGA	1638.0	5153.8	-0.083
AACGGC	254.0	840.7	-0.083
CTAATT	374.0	2342.5	-0.083
CGATGT	224.0	744.6	-0.082
CTACAA	409.0	1330.9	-0.082
GATGTC	736.0	2352.1	-0.082
TCGTCC	346.0	1132.1	-0.082
AAAGGC	1064.0	3373.7	-0.081
GGACTG	2118.0	6679.7	-0.081
CGGTGA	718.0	2298.8	-0.080
TTGGCG	526.0	1761.4	-0.080
TCAGCG	546.0	1761.4	-0.079
CATTTT	1191.0	3770.8	-0.079
ATTGTC	441.0	1432.7	-0.078
GACCGA	297.0	980.5	-0.077
CACCAG	1631.0	5135.9	-0.077
GCGAGA	532.0	1794.7	-0.076
ACTGAG	1423.0	4492.1	-0.076
CGACTA	72.0	255.2	-0.075
AGGATT	849.0	2711.9	-0.075
GATCTA	250.0	830.7	-0.075
CGGCTT	611.0	2211.3	-0.074
GCTCCT	2480.0	7761.6	-0.074
CTAGAG	837.0	2674.4	-0.073
AGGCTG	4353.0	16561.0	-0.072
TTATGT	520.0	1682.5	-0.070
TGCCAA	883.0	2819.0	-0.070
GCGATG	462.0	1503.9	-0.069
CTATGG	608.0	1960.6	-0.069
ATTGTG	759.0	2659.4	-0.068
CCATTT	970.0	3092.8	-0.068
CAAAGA	748.0	2399.4	-0.068
CGACAA	106.0	369.7	-0.068
GACTAG	396.0	1295.6	-0.068
ACCGAC	173.0	587.6	-0.067
TTCGTC	188.0	643.1	-0.066
GGACAA	821.0	2630.3	-0.065
CAGTAG	723.0	2323.7	-0.065
GCTAGG	962.0	3225.0	-0.065
CCGCTC	843.0	2760.2	-0.065
CAAGAG	1054.0	3355.3	-0.065
ATCCCG	412.0	1348.0	-0.065
TGACGC	340.0	1120.2	-0.064
CTCCAC	1629.0	5140.8	-0.064
TCTATT	417.0	1364.0	-0.064
AAGGAG	2213.0	7001.4	-0.063
ATCCTA	367.0	1204.5	-0.063
TAAGGC	481.0	1564.7	-0.062
CTGGCT	3676.0	11466.9	-0.062
CCCATG	1697.0	5567.3	-0.061
GGCCAT	1419.0	4556.5	-0.061
ACGATC	130.0	449.5	-0.061
ACTCAG	1228.0	3899.7	-0.061
TCTGGT	1464.0	4632.7	-0.061
CGCAGA	600.0	1942.9	-0.060
GTAGAA	476.0	1610.5	-0.060
TAGAGT	487.0	1585.0	-0.060
CCATTC	833.0	2729.2	-0.060
TCTACG	157.0	538.9	-0.059
CGCGTC	425.0	1390.1	-0.058
CTCTTG	1507.0	4770.7	-0.058
CTGGGC	6019.0	19219.3	-0.058
AGCACC	1315.0	4171.9	-0.058
ATCGCC	258.0	862.6	-0.058
CGAGTC	376.0	1236.9	-0.057
CTATCG	82.0	292.1	-0.057
GTTCGC	231.0	775.6	-0.057
AGCTGA	1716.0	5418.1	-0.057
TGACAG	1400.0	4489.4	-0.057
CCACGC	883.0	2828.5	-0.057
CGATTA	66.0	239.9	-0.057
TAGTTT	530.0	1722.9	-0.057
CGACCA	217.0	731.0	-0.055
AGCGGA	575.0	1865.9	-0.055
TGCCCA	2463.0	8496.7	-0.055
CGATCA	115.0	403.0	-0.055
TCGACA	111.0	389.3	-0.055
CAAGCT	895.0	2869.0	-0.055
CGGCAG	1348.0	4327.3	-0.054
AGCGCC	899.0	2882.3	-0.054
ACTGGA	1186.0	3774.0	-0.054
GCAGAG	3536.0	11048.9	-0.054
CAGTGA	1805.0	5697.4	-0.054
GTCGAA	88.0	313.9	-0.053
TATGGT	431.0	1412.7	-0.053
TACAAA	535.0	2191.4	-0.053
ACAACA	469.0	1535.2	-0.052
TATTAT	369.0	1261.5	-0.052
GACGCG	467.0	1529.4	-0.052
TGCAAA	840.0	2699.4	-0.052
TGGCAC	1544.0	5034.0	-0.052
GTTACA	393.0	1294.1	-0.051
AGACAA	578.0	1878.0	-0.051
AGGCTA	627.0	2033.6	-0.051
GCGGCG	2366.0	7672.1	-0.050
AGCTGG	3798.0	13474.9	-0.050
TTTTGA	923.0	3396.1	-0.050
ATTATT	531.0	1730.3	-0.049
ACGCCT	541.0	1991.8	-0.049
CACTAC	313.0	1040.6	-0.049
CCGACC	470.0	1552.3	-0.049
AAAGTC	521.0	1699.6	-0.048
CTTAGG	773.0	2491.7	-0.048
ACGAAG	237.0	806.1	-0.048
CTACGT	169.0	581.2	-0.048
CAAGGA	1284.0	4086.5	-0.047
CATAGT	390.0	1287.6	-0.047
AGCGAC	328.0	1090.2	-0.047
CGAAAG	207.0	705.1	-0.046
TTTCGG	333.0	1106.8	-0.046
AATCTG	662.0	2146.8	-0.046
CTGTGA	2080.0	6708.9	-0.045
TCAATG	420.0	1385.4	-0.045
AACACG	239.0	806.6	-0.045
AATCAG	554.0	1807.6	-0.045
GACCAA	547.0	1785.6	-0.045
AGCCTG	3502.0	11381.5	-0.045
GCTCTA	511.0	1672.2	-0.045
TCGAGT	219.0	742.3	-0.045
GGAGAC	1978.0	6246.0	-0.045
ATCCAG	987.0	3164.6	-0.045
TGACAC	747.0	2413.6	-0.045
GCAAAT	495.0	1621.9	-0.045
GCAGCT	2610.0	8202.9	-0.044
TGAGGT	1869.0	6119.7	-0.044
GTGACA	1227.0	3913.6	-0.044
CATTAT	330.0	1098.7	-0.044
AAGTCC	741.0	2394.8	-0.044
GCCATA	370.0	1225.1	-0.043
GATGGA	1659.0	5857.3	-0.043
GCTCGA	247.0	834.9	-0.043
GGTTAA	391.0	1294.7	-0.041
GTGAGT	1971.0	6657.6	-0.041
CAGTCT	1185.0	3788.7	-0.041
GAATAG	432.0	1423.1	-0.041
CTACGA	122.0	430.1	-0.041
CTATTT	542.0	1772.7	-0.040
CGAATC	118.0	417.8	-0.040
TTCCGC	410.0	1428.2	-0.040
TACCCA	564.0	1844.0	-0.040
GCTGAG	3706.0	12485.8	-0.039
GGCCTA	811.0	2620.8	-0.039
ATAGAG	500.0	1641.8	-0.039
AAGCCG	505.0	1658.6	-0.039
TTGTCG	221.0	752.1	-0.038
CTCAGT	1430.0	4556.3	-0.038
CAATTT	422.0	1397.2	-0.037
GCGGAT	374.0	1408.2	-0.037
TATGAG	525.0	1720.1	-0.037
CCCAGT	1782.0	5649.9	-0.037
ATAGGG	587.0	2027.1	-0.037
ACCAGG	1759.0	5579.1	-0.037
CGGCGA	460.0	1517.4	-0.036
CGCACT	347.0	1158.1	-0.036
GTTCCG	392.0	1368.3	-0.036
CTAGGA	846.0	2734.1	-0.036
CCATAG	478.0	1574.2	-0.035
TCCAAA	632.0	2063.4	-0.035
CCTATA	267.0	903.8	-0.035
TTAGGC	473.0	1561.4	-0.034
TTCAAC	341.0	1141.9	-0.034
GGCAGA	2750.0	8923.9	-0.033
GCTGAA	1214.0	3887.2	-0.033
GTTATT	417.0	1428.5	-0.033
TTCCAG	1890.0	5993.2	-0.033
ACAATG	487.0	1604.7	-0.033
TGTTGT	1191.0	3815.6	-0.033
GACTTC	854.0	2761.1	-0.032
TTCCAA	699.0	2276.1	-0.032
TCGCAG	479.0	1580.6	-0.032
TTATCC	377.0	1256.5	-0.032
AATTCG	98.0	354.9	-0.031
TCGTCA	194.0	867.1	-0.031
CCGGCG	1133.0	3639.4	-0.030
CAGATG	1619.0	5155.2	-0.030
CAATGC	459.0	1520.8	-0.030
GGGTTA	648.0	2117.3	-0.029
CCCAGA	2371.0	7495.2	-0.029
TAGATA	252.0	859.8	-0.029
CAGCGA	581.0	1907.5	-0.029
AGCGAA	224.0	768.6	-0.028
AAGTGC	893.0	3611.0	-0.028
TTCGGC	328.0	1103.9	-0.028
GGCGCT	1209.0	4188.4	-0.028
GACCAC	812.0	2636.5	-0.028
AGTCCG	348.0	1169.8	-0.028
AGTGGT	1373.0	4392.7	-0.028
CAGAGT	1484.0	4791.1	-0.028
GACCAG	1460.0	5048.8	-0.028
CCCATA	430.0	1428.4	-0.028
GGAGAA	2293.0	7514.0	-0.027
CAAAAG	606.0	1987.3	-0.027
TCGCTG	701.0	2326.2	-0.027
GCCTCG	1209.0	3882.2	-0.026
ACCTGA	1031.0	3326.8	-0.026
AGTCTA	300.0	1151.2	-0.026
CCTACG	201.0	698.9	-0.026
AGACTA	306.0	1034.9	-0.025
TACGTC	116.0	483.3	-0.025
CCATGA	882.0	3393.0	-0.025
GGTCCA	1126.0	3628.1	-0.024
GCTCGC	653.0	2141.0	-0.024
CTAGTA	189.0	660.6	-0.024
CCAAGA	1047.0	3378.9	-0.024
CTAGGC	801.0	2606.9	-0.024
GAACCT	794.0	2825.9	-0.024
GCCCGG	2463.0	7884.1	-0.024
CGGAAC	313.0	1059.6	-0.024
CACCCG	822.0	2778.9	-0.024
TGGTCT	1567.0	5932.0	-0.023
AAAGCG	324.0	1095.1	-0.023
ACAAAG	728.0	2380.2	-0.023
AGGTTG	1281.0	4518.8	-0.023
TAGAGG	992.0	3211.5	-0.023
GTGACC	1330.0	4269.4	-0.023
GGGAAT	1220.0	4135.7	-0.022
GCCTAG	971.0	3145.8	-0.022
TATCGC	82.0	305.4	-0.022
CAATGA	453.0	1509.9	-0.022
GCCGAG	1487.0	4760.3	-0.022
CGGCGT	480.0	1594.5	-0.022
CGGAAT	204.0	711.9	-0.022
TTTTCG	217.0	751.1	-0.022
GAAGTC	820.0	2673.8	-0.021
ACCGCT	299.0	1117.6	-0.021
CGCCGG	1086.0	3506.3	-0.021
GAATCT	633.0	2083.4	-0.021
ACACCA	790.0	2579.7	-0.021
GGTAGA	781.0	2570.6	-0.021
CCATAT	339.0	1147.6	-0.020
AGACCA	998.0	3887.2	-0.020
CGATAG	79.0	296.9	-0.020
CGAGTT	261.0	896.3	-0.020
TTTGAG	1353.0	4803.4	-0.020
TTATTG	506.0	1682.5	-0.019
AGCCGC	1022.0	3309.2	-0.019
CGCAAA	148.0	529.3	-0.019
GTAGCC	535.0	1889.7	-0.019
TAGGCA	684.0	2300.9	-0.019
GCTATC	254.0	945.9	-0.019
ATTTCG	130.0	469.7	-0.019
TAAGCG	146.0	523.7	-0.018
CAGCGC	1047.0	3390.4	-0.018
CGACTT	211.0	737.1	-0.018
CCTCGA	376.0	1267.9	-0.018
GCCCGA	689.0	2264.5	-0.018
TTTCGA	129.0	466.3	-0.018
ATTCTC	777.0	3350.3	-0.018
CGCGGA	585.0	1935.3	-0.018
GGTCGA	222.0	771.7	-0.018
CGTGAA	321.0	1093.0	-0.017
GCGACC	433.0	1451.5	-0.017
AAGGGC	1689.0	5403.4	-0.017
GATCGA	147.0	528.5	-0.017
TGGCTA	742.0	2896.1	-0.016
CTACTG	639.0	2108.8	-0.016
GTCACC	1183.0	3825.3	-0.016
GCCATG	1784.0	5838.8	-0.016
GTCTAA	271.0	934.8	-0.016
AAGTAG	554.0	1841.8	-0.016
GACGAT	167.0	595.3	-0.016
AGTTAG	407.0	1433.6	-0.016
GACTGG	1951.0	6228.7	-0.016
TCGCAA	93.0	347.8	-0.015
TACGGT	121.0	442.7	-0.015
ATCATG	574.0	2261.2	-0.015
AATGCC	667.0	2202.6	-0.015
TTGCGA	154.0	553.2	-0.015
ACGCGC	339.0	1155.5	-0.015
CTCGAC	198.0	699.1	-0.014
GACGGA	532.0	1772.5	-0.014
ACCATA	274.0	946.1	-0.014
GGAATC	743.0	2442.0	-0.014
CAGGTA	1016.0	3305.1	-0.014
GGATTC	817.0	2678.3	-0.014
CCAACT	631.0	2089.3	-0.014
TGCAGA	2021.0	6452.8	-0.014
TAGGAT	487.0	1630.1	-0.014
ACAATC	249.0	866.0	-0.014
CTCTAT	436.0	1467.6	-0.014
GTCCAA	488.0	1634.1	-0.014
TGAAGC	1051.0	3417.6	-0.013
AATCCG	157.0	565.6	-0.013
CTTCGG	578.0	1923.4	-0.013
GATCCC	866.0	2836.7	-0.013
ACTTCG	231.0	807.2	-0.013
CAGGAA	2158.0	6882.3	-0.013
TACGCC	130.0	475.3	-0.013
CGAAGC	335.0	1146.5	-0.012
GAATCA	495.0	1660.4	-0.012
GATTCA	484.0	1624.4	-0.012
CAACGT	197.0	699.1	-0.012
AGCCAA	880.0	2881.6	-0.012
GGGTTC	1589.0	5663.3	-0.012
CAGCTG	3554.0	11225.0	-0.012
GACGCC	614.0	2040.4	-0.012
CCCGCG	1079.0	3863.6	-0.012
TGGCCA	2499.0	8748.5	-0.012
GTGCAA	638.0	2535.4	-0.012
AACCCA	796.0	2616.1	-0.012
TTAAGG	508.0	1719.4	-0.012
CCGGAC	568.0	1894.4	-0.011
CCGACT	331.0	1135.1	-0.011
CACTTC	1030.0	3360.4	-0.011
CCATAA	281.0	976.0	-0.011
AGGTAT	542.0	1815.3	-0.010
GCTAAG	576.0	1923.1	-0.010
GGTGAC	1619.0	5311.0	-0.010
ACGCCA	385.0	1311.5	-0.010
TGTCAC	1084.0	3533.1	-0.010
CCGCTA	203.0	722.7	-0.010
CGACAC	199.0	709.2	-0.010
CGAAGG	491.0	1653.6	-0.010
CGGTTT	321.0	1106.0	-0.010
TCTAAG	463.0	1564.0	-0.010
TTAGCT	622.0	2072.1	-0.010
GATTTC	662.0	2200.8	-0.010
GAACCC	1031.0	3368.0	-0.010
CTGCCA	2404.0	7665.9	-0.010
ACGCCG	327.0	1126.4	-0.010
TTTAGT	479.0	2391.8	-0.010
GGCGTA	195.0	697.4	-0.009
TTAGTC	274.0	955.3	-0.009
GCGATA	80.0	309.0	-0.009
CGGAGA	781.0	2578.5	-0.009
TGTCTC	1719.0	5797.6	-0.009
GCGCCG	1189.0	3865.4	-0.009
GTGATT	760.0	2513.6	-0.009
CAGACG	540.0	1812.5	-0.009
TGCAGC	2568.0	8180.4	-0.009
CCCGAG	1293.0	4205.7	-0.009
CGGATT	199.0	712.0	-0.009
CCAAAC	567.0	1898.9	-0.009
GGCGTT	485.0	1636.8	-0.009
GTAGTC	439.0	1489.0	-0.009
CGAGGT	710.0	2354.1	-0.009
CTACCG	177.0	638.9	-0.009
GAACCG	363.0	1247.0	-0.008
ATTCGC	118.0	441.7	-0.008
CCAGAC	1257.0	4087.4	-0.008
GATATA	209.0	747.6	-0.008
GCAACG	223.0	790.2	-0.008
ATAATC	252.0	886.7	-0.008
TCCTAA	499.0	1685.1	-0.008
GGGTCT	2743.0	8970.6	-0.008
ATGGAG	1987.0	6376.7	-0.008
GGACTT	1142.0	3727.3	-0.007
ACGTCG	104.0	425.1	-0.007
TGCGAA	189.0	681.1	-0.007
GCGGAA	464.0	1785.7	-0.007
CCTAGG	1178.0	3840.4	-0.007
TTGTTT	1608.0	5193.3	-0.007
CAATGT	440.0	1497.1	-0.007
CTCCGG	1192.0	3886.2	-0.007
TCACAA	466.0	1583.9	-0.007
GCTACG	213.0	759.8	-0.007
ATCTAC	267.0	938.1	-0.007
GGCAAC	759.0	2520.9	-0.007
GTCGAT	87.0	337.5	-0.007
TAGGTC	402.0	1404.9	-0.007
TACAAG	362.0	1249.2	-0.007
CGCGAC	209.0	750.5	-0.007
AAACGG	270.0	949.1	-0.007
GCACAA	554.0	1937.5	-0.006
TCGTCG	128.0	478.5	-0.006
TTCTGG	2236.0	7271.8	-0.006
GCCTGA	1891.0	6084.7	-0.006
CCACTA	384.0	1319.7	-0.006
CTGCCG	1312.0	4305.3	-0.006
ACCCGC	641.0	2144.5	-0.006
AATCGA	81.0	364.0	-0.006
GATTAT	313.0	1090.1	-0.006
TCCAAC	473.0	1611.7	-0.006
TGCGAC	229.0	815.5	-0.006
GCAGAT	1099.0	3602.7	-0.006
TAAGGG	743.0	2474.0	-0.006
CAGGCA	2743.0	9524.3	-0.005
CCTGGC	4762.0	15319.2	-0.005
TAGCTC	490.0	1667.0	-0.005
CGATGC	269.0	950.1	-0.005
AGCGCT	597.0	2011.6	-0.005
TCCGCT	474.0	1617.6	-0.005
TCTTGG	1807.0	5832.1	-0.005
AAACCG	201.0	727.8	-0.005
AAGCGC	371.0	1282.8	-0.005
AGCCAG	2663.0	8510.6	-0.005
GGTTCC	1337.0	4357.4	-0.005
ACGGCG	378.0	1305.8	-0.005
AATCGG	148.0	550.4	-0.005
TGACGT	335.0	1166.2	-0.005
CTGAGT	1689.0	5464.9	-0.005
CCAAAT	562.0	1898.9	-0.005
GCGCAG	1132.0	4136.1	-0.005
GACGCT	420.0	1445.1	-0.005
AGTCGC	250.0	889.0	-0.005
CTGGTC	1755.0	6208.3	-0.005
GCGACG	306.0	1072.5	-0.005
CTACGG	232.0	830.9	-0.005
CGCGGT	511.0	1739.6	-0.005
GCGCCC	1521.0	5370.5	-0.004
CTATGT	472.0	1787.5	-0.004
ACTAGG	455.0	1558.8	-0.004
CCTCAG	2819.0	10201.1	-0.004
TCTCCA	1721.0	5572.8	-0.004
TGCCAC	1554.0	5048.9	-0.004
AAGCCA	1076.0	3540.4	-0.004
CAAAGG	1145.0	3759.1	-0.004
GCGGTT	423.0	1457.8	-0.004
GGAGTC	1617.0	5246.1	-0.004
AATGGT	556.0	1934.5	-0.004
CAATCA	293.0	1225.2	-0.004
AACAGG	1035.0	3414.6	-0.004
TCGCGA	120.0	459.0	-0.004
AACGGA	185.0	679.4	-0.004
TATCTC	426.0	1467.7	-0.004
CCATCT	1466.0	4776.5	-0.004
CAACAA	401.0	1454.8	-0.003
CAGCTC	2295.0	7381.1	-0.003
CTGAGA	1961.0	6336.4	-0.003
GAGAGA	2263.0	7281.5	-0.003
ATCGCG	150.0	562.3	-0.003
AAAGTG	960.0	4055.1	-0.003
GAGTGT	1640.0	5330.0	-0.003
TCGACC	160.0	596.1	-0.003
TTCGCG	182.0	671.7	-0.003
CGTCGC	263.0	939.2	-0.003
TCCGGT	352.0	1232.2	-0.003
CCCATT	907.0	3016.4	-0.003
TTCACC	903.0	3371.5	-0.003
CCGGTA	185.0	682.3	-0.003
TCAAGG	963.0	3193.7	-0.003
CAATCG	79.0	318.0	-0.003
TCGCGG	481.0	1667.5	-0.003
GAGACC	1613.0	5247.1	-0.003
AAGGCG	644.0	2176.9	-0.003
CCAGCA	2538.0	8152.4	-0.003
TCCAAT	326.0	1148.6	-0.003
ACGACA	140.0	531.5	-0.003
GACAGA	1427.0	4885.7	-0.003
TTGCCA	959.0	3183.9	-0.003
CTCGCG	442.0	1527.1	-0.003
AGACGC	440.0	1544.0	-0.003
CACTAT	314.0	1110.9	-0.003
GCCGAC	400.0	1392.1	-0.003
GGCACC	1894.0	6137.2	-0.003
CGTAGC	173.0	684.4	-0.003
ATTCAA	331.0	1167.5	-0.003
TGGTCA	1247.0	4099.0	-0.003
CCATTG	815.0	2795.7	-0.003
GTTATG	405.0	1409.3	-0.003
GAAGCG	612.0	2124.6	-0.002
GATAGA	382.0	1334.6	-0.002
CGAATA	55.0	240.5	-0.002
GAGCGA	594.0	2023.0	-0.002
ACAAAA	813.0	3036.1	-0.002
CGCTCG	418.0	1454.6	-0.002
AGGCTC	1772.0	5760.5	-0.002
GAGGTT	1292.0	4434.5	-0.002
CTCAAT	371.0	1299.3	-0.002
CCGGTT	330.0	1166.4	-0.002
TGGCGC	989.0	3406.7	-0.002
CCGCAA	242.0	876.5	-0.002
GTTTCG	257.0	927.8	-0.002
CCTGAG	3266.0	10444.3	-0.002
GCCATC	1042.0	3458.4	-0.002
AACCGG	300.0	1068.8	-0.002
TGAATC	476.0	1643.4	-0.002
GGGTTT	1700.0	6405.0	-0.002
CTGCAG	4308.0	13802.9	-0.002
CAACCG	177.0	662.7	-0.002
ATCACG	236.0	858.2	-0.002
CCGGAG	1358.0	4462.0	-0.002
TTACGG	131.0	505.8	-0.002
AGCGCG	645.0	2223.8	-0.002
GAGTCG	463.0	1606.6	-0.002
GCAAAG	1000.0	3328.8	-0.002
TCGGCG	420.0	1467.2	-0.002
AAGGTC	753.0	2542.2	-0.002
ATCCTC	919.0	3073.2	-0.002
CAGGAT	1337.0	4402.8	-0.002
AAGGCA	1239.0	4387.5	-0.002
CACAAT	383.0	1347.9	-0.001
CCGCCG	1246.0	4114.1	-0.001
CGCTCC	888.0	2976.8	-0.001
CGCGCT	593.0	2031.2	-0.001
ACTCCG	408.0	1431.4	-0.001
GCCAGG	4642.0	14765.3	-0.001
TCAGCT	1478.0	4856.7	-0.001
CGATCC	194.0	725.1	-0.001
CGCCGA	358.0	1270.8	-0.001
GTAGAG	929.0	3861.1	-0.001
CCGTAG	201.0	750.1	-0.001
TGTGAT	1155.0	3835.7	-0.001
GCGTAA	84.0	346.3	-0.001
CCTAGA	720.0	2446.0	-0.001
GCGCTA	206.0	769.8	-0.001
ACGCGA	108.0	432.3	-0.001
CCATCG	320.0	1179.2	-0.001
ACCGCC	546.0	1889.0	-0.001
GAGGCT	3352.0	10858.4	-0.001
CCGAAG	418.0	1472.4	-0.001
GGCAAA	812.0	2747.4	-0.001
GCCCAA	866.0	2920.4	-0.001
CGACGC	195.0	733.0	-0.001
CCGATT	149.0	576.1	-0.001
GGTGAA	1238.0	4327.6	-0.001
GCTCAC	1441.0	5600.4	-0.001
CCAAGT	887.0	2987.6	-0.001
AGGCGT	643.0	2679.4	-0.001
CGATTG	145.0	563.0	-0.001
GCCCAT	1137.0	3788.4	-0.001
CCAATC	310.0	1332.5	-0.001
AGGCGC	1054.0	3718.1	-0.001
AGACGT	277.0	1010.2	-0.001
TCTCGC	435.0	1721.5	-0.001
AACCGC	226.0	838.1	-0.001
GGTGAT	1239.0	4115.8	-0.001
AAGCGG	560.0	1939.6	-0.001
TTCCCG	760.0	2704.0	-0.001
GTGCCA	1611.0	5296.0	-0.001
TGTCGC	394.0	1616.1	-0.001
CTACTA	324.0	1497.0	-0.001
AAGATC	414.0	1464.0	-0.001
ATTCCA	679.0	2324.2	-0.001
GCAGAA	1347.0	4463.1	-0.001
GCCGAT	179.0	683.1	-0.001
CACAAC	424.0	1496.1	-0.001
CACCGC	784.0	2666.0	-0.001
GAGTCC	1361.0	4508.4	-0.001
GCCAAA	656.0	2253.1	-0.001
TATAGG	331.0	1192.1	-0.001
AGCAAC	511.0	1784.4	-0.001
GCCGCC	2009.0	6562.7	-0.001
AGCTCC	1817.0	5953.5	-0.001
CACGAC	188.0	715.3	-0.001
CTTGAG	1359.0	4505.8	-0.001
CGCCTG	1548.0	5603.2	-0.001
GGCGAC	555.0	1948.1	-0.001
AGGCAG	3884.0	13235.9	-0.001
GTTTGT	1237.0	4119.4	-0.001
GATCTT	579.0	2009.1	-0.001
CGACCG	168.0	648.5	-0.001
ATCCAC	610.0	2183.6	-0.001
AATTCC	513.0	1794.5	-0.001
ACGCCC	612.0	2125.7	-0.001
CATCAT	643.0	2245.7	-0.001
AATACA	441.0	1959.4	-0.001
TCGCCA	349.0	1257.4	-0.001
AACTTC	532.0	1857.5	-0.000
TGAACT	806.0	2744.3	-0.000
GACAAT	280.0	1029.2	-0.000
TCGCGC	330.0	1195.6	-0.000
ATTATG	308.0	1129.7	-0.000
AGAGTC	879.0	2980.0	-0.000
GCGAAT	125.0	501.8	-0.000
GGACAT	911.0	3085.2	-0.000
AATTCT	595.0	2067.4	-0.000
CGCCTA	205.0	779.2	-0.000
GGAATT	700.0	2408.4	-0.000
GATAGG	564.0	1965.9	-0.000
GCCACT	1412.0	4839.8	-0.000
TAGTCC	409.0	1666.6	-0.000
GCGAAG	393.0	1407.2	-0.000
GGTTAC	345.0	1249.8	-0.000
TTTGTT	1649.0	5444.6	-0.000
ATCGAG	212.0	851.3	-0.000
CTAAGG	630.0	2184.2	-0.000
ATCGCT	253.0	942.7	-0.000
CAAGAC	631.0	2310.6	-0.000
GATCCG	347.0	1257.8	-0.000
GTCTCC	1691.0	5580.4	-0.000
TTGCGC	281.0	1038.4	-0.000
GCCAGC	2455.0	7996.5	-0.000
CGCTTC	545.0	1909.3	-0.000
CGGAGT	606.0	2108.9	-0.000
CTCACG	559.0	1958.9	-0.000
TTCTCG	357.0	1330.9	-0.000
GCCGCT	1024.0	3498.9	-0.000
CGCTCA	456.0	1622.9	-0.000
AGATTC	575.0	2011.4	-0.000
ATCGTC	119.0	499.0	-0.000
CTGGAA	2082.0	6829.7	-0.000
CGCGCA	406.0	1707.6	-0.000
ATCACT	570.0	2126.6	-0.000
AACCCC	1016.0	3442.8	-0.000
TAAGCC	429.0	1536.0	-0.000
TCCGGA	487.0	1726.7	-0.000
CGGTTC	341.0	1246.0	-0.000
TCTCGG	813.0	2790.4	-0.000
CGCCAG	862.0	2949.3	-0.000
ACTCGG	553.0	1949.8	-0.000
ACCTGG	2605.0	8498.1	-0.000
CTGCGA	542.0	1913.7	-0.000
TTGGTC	774.0	2670.7	-0.000
CTCCCA	2595.0	9768.8	-0.000
CGCAGC	1105.0	3742.5	-0.000
TCAATC	217.0	833.7	-0.000
GATCGC	252.0	953.5	-0.000
GGACTC	1445.0	4832.9	-0.000
GTTTCA	804.0	3305.6	-0.000
CAACAG	752.0	2606.3	-0.000
TTTTAG	735.0	3057.7	-0.000
ACGACG	102.0	434.9	-0.000
TCGTGA	289.0	1082.6	-0.000
AGTGCG	557.0	1987.3	-0.000
TTTCGC	209.0	811.8	-0.000
TCTTGA	831.0	2863.9	-0.000
AGTGGA	1614.0	6469.0	-0.000
TAGGCG	265.0	1002.1	-0.000
CGCGAA	110.0	464.2	-0.000
AACATC	461.0	1660.6	-0.000
AGCCGA	502.0	1976.4	-0.000
AGCCAT	975.0	3334.9	-0.000
CCAGGA	3153.0	10259.0	-0.000
TGCGAT	227.0	875.5	-0.000
GTCAAC	287.0	1112.5	-0.000
ACTATG	306.0	1144.4	-0.000
CGAAGT	186.0	737.2	-0.000
TTGTAG	637.0	2242.2	-0.000
CAATAG	220.0	853.5	-0.000
GCGCTT	483.0	1738.4	-0.000
AGAATC	588.0	2284.6	-0.000
CCTTAG	652.0	2300.7	-0.000
TCCGCG	502.0	1804.0	-0.000
CCGGAT	293.0	1106.5	-0.000
ATCACC	599.0	2125.4	-0.000
TTATGG	542.0	1936.5	-0.000
GCTATT	372.0	1370.0	-0.000
CTCGAT	155.0	631.3	-0.000
TCACGC	427.0	1659.0	-0.000
TAGGCT	648.0	2285.8	-0.000
TTCGAG	345.0	1283.7	-0.000
CAAACG	156.0	637.6	-0.000
CCCGCC	2164.0	7415.1	-0.000
TCTCAG	1834.0	6104.2	-0.000
ACAAGG	910.0	3139.7	-0.000
CGACCT	331.0	1236.7	-0.000
CGGCAA	251.0	964.7	-0.000
GACGTT	192.0	763.5	-0.000
AGCAAT	484.0	1748.0	-0.000
CCGAGT	587.0	2089.8	-0.000
CCGGCC	1816.0	6177.1	-0.000
TCAACA	427.0	1558.6	-0.000
TATGGC	467.0	1719.8	-0.000
TCACGA	189.0	755.2	-0.000
AGTAGC	541.0	2794.0	-0.000
CTGTAG	1075.0	3681.5	-0.000
GATTCT	793.0	3238.6	-0.000
ATCTTG	733.0	2705.0	-0.000
CCACCG	814.0	2839.3	-0.000
CCCGAA	326.0	1227.3	-0.000
GACCAT	559.0	2009.5	-0.000
AGGTTC	842.0	2933.5	-0.000
TTCCGG	668.0	2366.0	-0.000
CCTGGA	3432.0	13412.7	-0.000
CGCTAT	111.0	481.7	-0.000
GTAGCT	681.0	3324.1	-0.000
GATCCT	817.0	2858.5	-0.000
GCTCAT	872.0	3038.3	-0.000
CGCTAG	161.0	664.8	-0.000
CAATTC	304.0	1303.4	-0.000
AAACTC	571.0	2053.0	-0.000
GAATCC	584.0	2097.3	-0.000
TTGTTG	1074.0	3806.7	-0.000
GCTCCG	1091.0	3753.3	-0.000
GAATTC	488.0	1779.2	-0.000
GCCCAG	4120.0	14199.7	-0.000
TCCAGG	2949.0	9693.5	-0.000
AGGAGT	1737.0	5837.5	-0.000
GACCTC	1185.0	4488.8	-0.000
CCCAGC	4346.0	14781.1	-0.000
CGCCAA	292.0	1124.3	-0.000
ACCACC	1014.0	3510.7	-0.000
ACAGGT	1253.0	4283.8	-0.000
CCAGGT	2492.0	8247.0	-0.000
ACCCGG	899.0	3334.1	-0.000
TGTAAT	602.0	2920.5	-0.000
GCCAAG	1547.0	5233.1	-0.000
TGAGAT	1059.0	3661.2	-0.000
CGAAAC	127.0	548.8	-0.000
AGGTGA	2129.0	7255.6	-0.000
ATTGCG	141.0	600.2	-0.000
AACCCG	355.0	1344.6	-0.000
CGCAAT	89.0	410.5	-0.000
GATCAT	398.0	1635.8	-0.000
CGCCGC	1295.0	4431.4	-0.000
TCGCCG	366.0	1385.0	-0.000
CTCAGG	2900.0	9565.0	-0.000
ACCGCG	373.0	1405.4	-0.000
CCTCCG	1140.0	3934.2	-0.000
TCCCGG	1566.0	5310.5	-0.000
TCCAGC	2103.0	7031.0	-0.000
AATCCT	571.0	2072.6	-0.000
GGGACT	2144.0	7270.7	-0.000
AGTTTC	837.0	3005.9	-0.000
AGGTCA	1298.0	4533.4	-0.000
AATGGC	737.0	2622.8	-0.000
CCCAGG	5431.0	18022.5	-0.000
CGCAGT	468.0	1732.3	-0.000
AGCTAA	472.0	1747.8	-0.000
AGCTCA	1264.0	4343.0	-0.000
TTCGCC	312.0	1204.5	-0.000
TGCGCC	827.0	2922.0	-0.000
TGGACT	1335.0	4577.9	-0.000
CGCAAC	122.0	540.7	-0.000
GCAACA	640.0	2311.5	-0.000
AGTTAT	334.0	1286.8	-0.000
GCGCGA	356.0	1362.8	-0.000
GATCTG	1148.0	4083.4	-0.000
TGGATC	761.0	2789.2	-0.000
TGTAGT	686.0	2467.8	-0.000
CAAAAA	889.0	3136.7	-0.000
GTTCGA	197.0	814.0	-0.000
AATCAC	376.0	1429.7	-0.000
ATCTCC	899.0	3171.4	-0.000
CAAGGC	1295.0	4460.5	-0.000
CCGCCC	1969.0	6763.9	-0.000
GCACCA	1167.0	4044.8	-0.000
CGTCTC	627.0	2276.0	-0.000
CGACAG	346.0	1331.0	-0.000
ACGTCA	238.0	989.4	-0.000
AGATAG	457.0	1708.4	-0.000
AGACAG	1710.0	5805.3	-0.000
ATCTGG	1304.0	4492.8	-0.000
TAGTAG	321.0	1923.3	-0.000
CGGCTC	1159.0	4028.8	-0.000
AGGCAA	875.0	3102.2	-0.000
AAAGGG	1459.0	5003.1	-0.000
TCCACC	1357.0	4822.8	-0.000
CGCCAC	652.0	2366.9	-0.000
GCCTCC	3396.0	12639.7	-0.000
ACCTCG	479.0	1791.0	-0.000
CGCGGC	1272.0	4626.8	-0.000
ACTGCG	497.0	1854.2	-0.000
GACGTC	299.0	1183.0	-0.000
TCGGCT	564.0	2279.4	-0.000
AGTTCG	221.0	1016.9	-0.000
ACCAGC	1297.0	4580.3	-0.000
ACCGGC	485.0	1817.6	-0.000
CAAGAT	539.0	2000.9	-0.000
CCCGGA	1034.0	3639.1	-0.000
GTCGCT	385.0	1479.5	-0.000
ATGGTC	635.0	2324.2	-0.000
ACTCCT	1221.0	4774.5	-0.000
GAGTTT	1003.0	3542.5	-0.000
GCGACA	255.0	1033.1	-0.000
ACCACG	437.0	1660.2	-0.000
CAGGTT	1199.0	4262.1	-0.000
CTCCAG	2954.0	9834.4	-0.000
CCGAGA	625.0	2297.2	-0.000
TATTGG	407.0	1562.9	-0.000
GGCGAA	303.0	1203.4	-0.000
CGCGCG	995.0	3525.3	-0.000
GGCTGA	2821.0	9792.3	-0.000
AGGCGG	2013.0	7097.3	-0.000
CGGGTT	612.0	2259.9	-0.000
ATCCTG	1386.0	4822.8	-0.000
TCTGGA	1887.0	6433.4	-0.000
CAATCC	347.0	1363.7	-0.000
CAAACT	520.0	1951.7	-0.000
GAAACC	845.0	3292.9	-0.000
AGAGAC	1176.0	4537.3	-0.000
TCGATC	85.0	424.5	-0.000
TCCAAG	966.0	3446.1	-0.000
AGCCCA	2015.0	6860.2	-0.000
CTCCTG	3962.0	14921.9	-0.000
GACATG	900.0	3275.4	-0.000
CTCATG	1179.0	4150.8	-0.000
CTGGAC	1813.0	6213.6	-0.000
TGGCTC	2311.0	8562.5	-0.000
GACTCC	1222.0	4294.2	-0.000
CCTCAA	769.0	2820.3	-0.000
GCTACT	595.0	2577.5	-0.000
TAGCCA	601.0	2240.8	-0.000
TCAAGT	601.0	2240.1	-0.000
CTCAGC	2299.0	8916.1	-0.000
ATTGGC	600.0	2241.0	-0.000
TCCGGC	688.0	2535.4	-0.000
CCGCGA	328.0	1312.4	-0.000
AGATCA	590.0	2210.2	-0.000
AATCGC	145.0	660.6	-0.000
ATAGGC	372.0	1465.1	-0.000
CACCAC	1210.0	4939.8	-0.000
GGCTCC	2973.0	10074.5	-0.000
GCGCGC	1226.0	4574.5	-0.000
AGATCG	248.0	1033.5	-0.000
CGCGAT	136.0	627.8	-0.000
GAGTTA	433.0	1678.5	-0.000
TCATGA	651.0	2477.4	-0.000
CCGCCA	820.0	2987.9	-0.000
AGGAGA	2667.0	9049.7	-0.000
TAGCCG	237.0	998.4	-0.000
CAGGAG	4292.0	14412.4	-0.000
AATTTT	851.0	3552.4	-0.000
CCAATG	495.0	1899.0	-0.000
TCAGGA	1728.0	6096.8	-0.000
AAGTGA	936.0	3451.0	-0.000
CGCCTC	1223.0	4331.9	-0.000
GCGCAA	203.0	883.5	-0.000
ACCCAG	1952.0	6871.3	-0.000
CAAGGT	985.0	3549.4	-0.000
TCAAAC	380.0	1518.8	-0.000
GGCAAT	410.0	1615.9	-0.000
CGGCCT	1322.0	4661.2	-0.000
GGTTTC	1210.0	4788.7	-0.000
AAACCC	772.0	3110.6	-0.000
CTCCGC	1000.0	3913.0	-0.000
GATCCA	606.0	2288.2	-0.000
GCGAAA	148.0	685.6	-0.000
TCCTGG	4162.0	14891.5	-0.000
CCAAGG	1804.0	6250.6	-0.000
TTACAG	672.0	3660.3	-0.000
TCGCCC	608.0	2374.8	-0.000
ATCTCG	292.0	1216.7	-0.000
ATTACA	445.0	2800.0	-0.000
CCCAAA	942.0	4229.3	-0.000
AGACGG	663.0	2803.1	-0.000
ATTAGC	394.0	1881.4	-0.000
CGTGAT	320.0	1366.3	-0.000
GAGACG	633.0	2869.7	-0.000
TCCCAG	3259.0	11782.7	-0.000
TACAGG	807.0	4549.3	-0.000
CGGATC	263.0	1138.4	-0.000
GCCATT	775.0	2894.9	-0.000
CAGCTA	718.0	3467.2	-0.000
CTACAG	777.0	2895.0	-0.000
GCAATT	316.0	1310.8	-0.000
GAGTTC	925.0	3393.7	-0.000
CGAGAC	429.0	1707.3	-0.000
GAGTCT	1163.0	4361.4	-0.000
AAGCTC	744.0	2788.0	-0.000
CTGTAA	811.0	3538.6	-0.000
GCGCCT	1031.0	3755.8	-0.000
GCGCTC	742.0	2822.5	-0.000
TGAGTC	1141.0	4129.4	-0.000
GAATCG	211.0	945.4	-0.000
CCCGGC	2097.0	7268.5	-0.000
TCGCTC	453.0	1806.3	-0.000
GTCGCC	500.0	1970.7	-0.000
TCAGGT	1197.0	4327.1	-0.000
GCTGGA	3240.0	10971.4	-0.000
GGATTA	433.0	3219.0	-0.000
TGCAGT	1727.0	6944.8	-0.000
GCTCCA	1591.0	5801.4	-0.000
CCGGCT	1197.0	4328.6	-0.000
CGCCAT	401.0	1633.0	-0.000
TGAACC	683.0	2877.9	-0.000
AGATCT	695.0	2654.8	-0.000
AGCTAC	529.0	2519.7	-0.000
TGAAAC	696.0	2691.9	-0.000
CGGACT	306.0	1302.0	-0.000
CGGCGC	1100.0	4024.2	-0.000
TCGGCC	787.0	2977.9	-0.000
TCTCAA	681.0	2615.5	-0.000
CGATTC	179.0	845.0	-0.000
CGCCCG	1072.0	3940.4	-0.000
TCCTGA	1804.0	6764.2	-0.000
CTGGAG	4520.0	17154.4	-0.000
GAGATT	651.0	2520.2	-0.000
TGAGAC	1170.0	4273.3	-0.000
TCCCGA	505.0	2018.3	-0.000
CAGGCT	2932.0	11396.1	-0.000
CAGCCT	3451.0	13003.0	-0.000
CCACCA	1542.0	6362.4	-0.000
GGTCAA	499.0	2003.8	-0.000
CAATGG	629.0	2641.9	-0.000
CTCCAA	830.0	3143.4	-0.000
CAAGCG	356.0	1504.4	-0.000
GCAATG	575.0	2272.2	-0.000
GAGCCA	2049.0	7242.5	-0.000
ACCTCC	1520.0	5471.5	-0.000
GCCAAT	379.0	1595.2	-0.000
AATCTC	479.0	1949.7	-0.000
ATATGG	485.0	3442.9	-0.000
CCAAAG	1021.0	4229.6	-0.000
TGGAGA	2615.0	10674.0	-0.000
TCAAGA	550.0	2208.7	-0.000
CCAGCT	2733.0	9657.2	-0.000
CCGCGC	1049.0	3921.5	-0.000
TTTTTA	1237.0	4554.3	-0.000
CGCGCC	950.0	3589.7	-0.000
TGATCT	793.0	3055.8	-0.000
AAGCGA	275.0	1234.6	-0.000
GCGCCA	640.0	2527.4	-0.000
GTCTCG	491.0	2269.7	-0.000
ACTCCA	969.0	3661.3	-0.000
AGCCAC	1561.0	5646.9	-0.000
GGTCTC	1627.0	6486.5	-0.000
GGTTCA	836.0	3675.1	-0.000
ACCTCA	1031.0	3877.3	-0.000
TCACCA	950.0	3852.8	-0.000
ACAGGC	1601.0	6581.7	-0.000
TCGAGA	263.0	1202.5	-0.000
GCCAAC	591.0	2378.9	-0.000
TTGGCC	1515.0	5514.0	-0.000
TAATCC	451.0	2661.0	-0.000
CAAAGT	672.0	3185.5	-0.000
CAATCT	335.0	1471.0	-0.000
CCAGCC	3768.0	12916.9	-0.000
TTCAAG	704.0	3176.3	-0.000
GAGATG	1784.0	6430.0	-0.000
ATCCCA	1044.0	4493.2	-0.000
TCAAGC	597.0	2423.7	-0.000
GCTCAA	578.0	2359.4	-0.000
AGATGG	1940.0	6968.6	-0.000
CTCAAG	897.0	3471.5	-0.000
AGTAGA	591.0	2664.6	-0.000
CCAACA	674.0	2814.2	-0.000
GCGATT	180.0	913.1	-0.000
CTCCCG	1445.0	5337.2	-0.000
ATCTCA	718.0	2863.1	-0.000
GCCTCA	1898.0	7112.4	-0.000
GCTAAT	342.0	2236.1	-0.000
AGTGAT	735.0	3076.1	-0.000
CTCAAA	666.0	2689.0	-0.000
CGATCT	200.0	1001.8	-0.000
CGAGAT	250.0	1194.4	-0.000
GCGATC	209.0	1044.6	-0.000
CCGCCT	1429.0	5328.7	-0.000
CAGGCG	1374.0	5429.2	-0.000
TGCAAC	486.0	2459.2	-0.000
ATCCGC	238.0	1160.3	-0.000
CTCGAA	187.0	965.8	-0.000
GGATCA	685.0	2786.2	-0.000
GGGATT	1226.0	5441.6	-0.000
GAGACA	1304.0	4923.1	-0.000
CTCGGC	1113.0	4403.2	-0.000
TGCAAT	436.0	1908.3	-0.000
TCGAAC	66.0	665.8	-0.000
GTCTCA	1096.0	4231.7	-0.000
GCAATC	276.0	1328.4	-0.000
GGCTCA	2072.0	7880.2	0.000
TCAGCC	1893.0	7463.9	0.000
ATTTTT	1349.0	6175.9	0.000
AACCTC	661.0	3085.5	0.000
GATCTC	690.0	2878.8	0.000
CCAGGC	4012.0	14986.1	0.000
TGGAGT	2002.0	8931.3	0.000
TGATCC	675.0	3049.4	0.000
GATCAC	537.0	2461.5	0.000
AGCCTC	2200.0	8281.3	0.000
CGCCCA	823.0	3403.6	0.000
CGGCTA	204.0	1084.2	0.000
GACTAC	292.0	1438.4	0.000
TTTTGT	1562.0	6210.6	0.000
GAACTC	647.0	2953.9	0.000
GGAGAT	1390.0	7492.0	0.000
GAGATC	733.0	3278.2	0.000
GTGATC	651.0	3450.7	0.000
GGAGTT	1393.0	5460.4	0.000
CACCAT	904.0	4544.5	0.000
TGAGCC	2218.0	8186.2	0.000
GGCCAA	1120.0	4659.2	0.000
GCCACC	1937.0	7284.1	0.000
TCCCAA	997.0	4435.2	0.000
CAACCT	709.0	2973.8	0.000
AACTCC	656.0	3384.3	0.000
CGAACT	147.0	843.7	0.000
TTGAGA	974.0	3954.0	0.000
TAGAGA	774.0	3662.0	0.000
GTTCAA	443.0	2411.0	0.000
AGAGAT	901.0	3714.7	0.000
GGCTAA	463.0	2638.9	0.000
AGTCTC	900.0	3587.2	0.000
AGATAT	348.0	3158.3	0.000
GATATG	388.0	3276.9	0.000
GATTAC	316.0	2511.0	0.000
GTAATC	339.0	2192.1	0.000
TCCGCC	733.0	3343.5	0.000
TATTTT	1170.0	4628.0	0.000
AATCCC	691.0	3535.5	0.000
TTAGCC	528.0	2337.6	0.000
ACTACA	356.0	1736.9	0.000
GCAACC	508.0	2529.7	0.000
CAACAT	536.0	2557.1	0.000
AGCGAT	207.0	1159.2	0.000
TTTTTT	3627.0	16695.5	0.000
TTTTTG	1455.0	6311.9	0.000
GGACTA	425.0	1962.9	0.000
TCTCGA	230.0	1208.6	0.000
GAGATA	432.0	3855.8	0.000
