OligoSequence	Target Occurences	Background Occurences	Enrichment(ln p, up to 2 mismatches)
GTAGCT	4272.0	12914.2	-719.025
AGTAGC	4152.0	12500.8	-710.104
TAGCTG	4328.0	13916.0	-617.802
TACAGG	5164.0	18260.6	-532.742
TTTTTT	57890.0	187502.1	-532.388
AGCTGG	4514.0	16035.1	-472.942
GAGTAG	2804.0	8759.1	-464.957
AGCCTC	5060.0	18883.9	-435.130
CTGGGA	5703.0	22017.4	-418.532
ATTACA	4128.0	15030.5	-405.086
GATTAC	3751.0	13457.7	-394.518
GAGTAC	390.0	1971.6	-380.526
GGATTA	3912.0	14349.2	-378.341
TCAGCC	4490.0	16997.4	-376.363
GCCTCC	7016.0	28755.9	-374.888
GCTGGG	5722.0	22711.2	-374.648
ACAGGC	3962.0	14630.6	-373.193
CCACCA	4183.0	15899.6	-350.394
CGTAGC	90.0	451.6	-337.224
TGCGAC	140.0	456.0	-332.153
CGATTA	68.0	411.7	-320.242
GGGATT	3952.0	15205.3	-319.669
GCCACC	3649.0	13818.8	-318.402
TTACAG	3997.0	15462.9	-315.499
ACTACA	2096.0	6950.0	-305.272
TGGGAT	4046.0	15860.1	-302.083
TTTTTG	8752.0	38506.1	-301.002
GACTAC	1721.0	5559.6	-300.979
CTCCTG	6647.0	28367.1	-298.021
GGAGTA	656.0	2680.8	-297.826
GGACTA	1821.0	5974.0	-284.985
CAAGTA	1581.0	4950.2	-276.548
AGTCGC	82.0	545.8	-270.611
CGAGTA	1168.0	3531.4	-261.803
TACCGG	35.0	404.8	-259.071
TGGGAC	2203.0	7873.0	-253.015
CAGCCT	5454.0	23428.1	-250.644
TTTTGA	4359.0	18126.7	-247.843
CTACAG	1996.0	7012.6	-245.182
CTCAGC	4778.0	20221.2	-244.576
TAGCGG	77.0	440.0	-233.594
GACTAG	168.0	1291.2	-230.721
AAGTAG	1555.0	5174.3	-230.688
AGCGTC	111.0	741.2	-228.264
CATGCC	2249.0	8361.4	-224.994
CAGGCA	2755.0	10745.8	-223.959
TGCCAC	2079.0	7671.9	-215.514
GCCTCA	3795.0	15969.9	-209.676
GGGACT	1967.0	7282.7	-202.370
TGAGTA	1646.0	5831.8	-200.515
CCTCCC	6189.0	28205.6	-196.145
TTTGAG	3621.0	15364.4	-193.576
GTTTTT	4290.0	18696.8	-193.363
ACAGGT	1896.0	7068.6	-191.274
TCAAGC	2291.0	8932.9	-190.858
GCGATT	928.0	3637.6	-190.692
GCCTAC	287.0	1659.2	-188.544
AGGCAT	1841.0	6842.9	-188.147
GTAGCG	110.0	488.8	-184.214
CGACCA	98.0	454.5	-184.178
CGACTA	56.0	330.0	-183.998
CAAGTG	1947.0	7388.0	-183.676
TTGAGA	3184.0	13376.2	-182.655
CACCAC	3269.0	13820.1	-181.274
GATTCT	2178.0	8523.0	-180.221
GCCGCC	410.0	2817.9	-179.658
ACACGC	135.0	993.7	-179.536
CAAGCG	1133.0	4102.6	-179.079
CCAAGT	1623.0	5926.3	-178.854
ATTACG	45.0	496.4	-178.184
TGCCTC	4246.0	18755.4	-178.169
CCATGC	1801.0	6763.6	-177.586
TACACG	54.0	600.6	-174.937
GCAGTG	3212.0	13645.0	-174.222
GTAACT	398.0	1952.8	-172.469
CCTCAG	4437.0	19863.6	-171.068
AGTAAC	321.0	1693.6	-170.753
TGCAGT	3261.0	14024.5	-165.979
CCTCCG	872.0	4395.5	-165.151
GGCATG	2022.0	7963.0	-163.894
TGAGAC	2437.0	9998.9	-162.371
TCCTGG	2736.0	11501.0	-160.338
GTAGCA	341.0	1861.7	-160.288
CTCCCA	4407.0	19935.6	-159.754
AGTGAT	1955.0	7699.4	-159.105
GATTAG	247.0	1522.8	-158.753
GCCTCG	711.0	3680.1	-158.647
TAGCCG	110.0	736.3	-158.284
CCGCCT	1705.0	8310.8	-156.665
CTAGCT	340.0	2411.1	-156.275
ACTACG	123.0	560.1	-155.974
TACGGG	112.0	516.1	-154.423
CCTCCT	3537.0	15618.7	-154.034
GAGTCG	95.0	603.4	-154.026
CTTTTT	5552.0	25963.6	-153.947
CCGAGT	1171.0	4087.8	-153.544
GGAATA	336.0	1950.8	-153.027
GCGTAG	70.0	422.3	-152.200
CTGAGT	1886.0	7452.5	-151.999
TAACTG	526.0	2366.5	-151.506
TACAAG	605.0	2235.6	-151.347
GCCCAG	3655.0	16272.2	-151.250
CGCCAC	874.0	4054.2	-149.972
TGTAGC	496.0	2548.1	-148.279
GGATCA	293.0	2651.3	-147.260
TGGAGT	3822.0	17233.3	-145.564
ATGCCC	1253.0	4546.7	-144.303
CGGAGT	917.0	3593.5	-143.646
GCGTCC	174.0	1039.7	-143.642
CTGGCA	572.0	3827.0	-143.187
CTACCA	600.0	2407.1	-142.790
TCCCAA	3010.0	13162.1	-142.310
GCGACC	172.0	668.3	-142.252
CATGCG	249.0	1161.5	-141.367
CGCCTC	1549.0	6969.6	-141.355
TCGAGT	141.0	766.2	-141.258
TCAAGT	1828.0	7306.1	-140.957
TATAGG	778.0	2895.8	-140.800
TACCAC	576.0	2223.4	-140.238
GTGATT	1531.0	5907.5	-138.652
GTAGCC	320.0	1903.2	-137.275
GGGATC	391.0	2254.1	-136.124
TGCCCA	2796.0	12187.6	-135.989
GGCTCA	3139.0	14532.5	-135.800
TACAGT	636.0	3454.5	-135.398
CGTGCC	619.0	2632.8	-135.100
TCCCGA	1192.0	4349.3	-134.933
ATTCTC	2741.0	11938.2	-134.152
CTACCG	86.0	497.0	-133.721
TTCAAG	2543.0	10973.4	-132.158
CCACCG	722.0	3601.1	-130.760
GGTTCA	2505.0	10841.3	-128.609
TGGCAC	1100.0	5231.4	-127.229
ACCACA	1692.0	6819.0	-127.007
GGAGTG	2973.0	13249.8	-126.516
GTGCAG	2770.0	12222.6	-126.310
CCTGGC	2746.0	12114.7	-125.435
GAATAC	239.0	1335.5	-124.448
TACTGG	361.0	2425.0	-123.994
TCCGCC	1260.0	6565.5	-123.943
CCCGAG	1167.0	4337.9	-123.874
TCAGGC	1077.0	5064.6	-123.837
GCCACA	449.0	3356.2	-123.005
ACTAGC	178.0	1061.0	-122.631
CTCCCG	2058.0	8688.5	-122.311
GTACAG	541.0	2711.4	-122.212
ACAAGC	486.0	2081.3	-120.180
GATTAT	810.0	3423.4	-120.134
AGCCAC	2252.0	9877.2	-120.053
TCATGC	564.0	3511.5	-119.829
TACAGC	301.0	2111.3	-118.799
ACCACC	1378.0	5822.0	-118.715
TAGCTA	476.0	2345.1	-118.390
GATCTT	1256.0	4817.7	-118.174
GTCTTG	2058.0	8749.6	-118.174
TGATTC	1309.0	5071.8	-117.915
AGTACC	246.0	1374.3	-117.891
AGTGGC	2136.0	9685.3	-117.686
CTCAAG	1823.0	7590.9	-117.415
AATACA	410.0	3430.5	-117.295
AGTGCA	2884.0	12967.2	-117.279
TGCGAT	408.0	1662.4	-116.444
CAAGCA	1461.0	5830.3	-116.080
TGTTTT	4584.0	21872.2	-115.903
CCACCC	930.0	6382.2	-115.557
CAACCA	338.0	2006.8	-115.515
TGCCGC	170.0	1382.3	-115.419
CTCGGC	1332.0	8340.0	-114.980
GCTCGG	169.0	1221.6	-114.894
AGCCGC	190.0	1282.4	-114.435
CTGCGA	171.0	832.4	-113.932
CCCAAG	1624.0	6657.5	-113.811
GAGTGC	2753.0	12363.7	-113.423
AGGCTC	720.0	3828.1	-113.343
AGCGAT	1081.0	4044.7	-112.999
ACTGCA	3243.0	14914.8	-112.893
CTGGGT	1557.0	8302.9	-112.591
CAGTGG	2912.0	13205.3	-112.583
ACGACA	98.0	416.1	-112.547
TAGGTG	508.0	2483.2	-112.408
TCTTGG	1783.0	7471.2	-111.743
GGCTTA	502.0	2449.7	-111.321
GTGCCA	1319.0	5195.7	-111.251
CGGCCT	910.0	4832.0	-110.243
CGGATT	78.0	659.1	-110.181
GTGTAG	457.0	2092.1	-109.779
GGGTTC	1910.0	8137.2	-109.765
CCTAAG	266.0	2138.4	-109.733
AGTACA	517.0	2776.3	-109.707
AAGTGA	1824.0	7707.1	-109.636
CGAGTG	113.0	841.0	-108.400
TCAACC	422.0	2350.5	-106.820
CAGGCG	1682.0	7169.6	-106.434
GCGTCA	85.0	621.0	-105.843
GTTCAA	2161.0	9475.1	-105.533
CAGGTG	2469.0	11065.7	-104.801
ACCGGC	99.0	689.7	-104.793
GTGGCA	1514.0	6239.4	-104.159
TGTGCC	1525.0	6303.4	-103.565
AACTGG	422.0	2733.3	-102.877
GCCCCC	513.0	3516.6	-102.864
CAGGTA	522.0	2901.6	-102.468
CAGGCT	4294.0	21988.8	-102.270
TGACTA	310.0	1776.4	-102.239
CACCGC	548.0	3353.9	-101.438
CACTGC	3314.0	15544.9	-101.070
TAAAGG	372.0	2260.9	-101.060
AAGTGG	536.0	3109.4	-100.839
ACAGCC	453.0	2976.2	-100.325
GGCGTG	1282.0	5970.8	-99.800
AAGCGA	1039.0	3979.6	-99.583
GTGCCG	146.0	1040.1	-99.395
CACTAC	482.0	2190.8	-98.913
CTCCGG	210.0	1569.9	-98.205
TTTGTT	4474.0	21762.8	-98.123
TGAGTC	538.0	2909.1	-97.814
GTCGCT	130.0	753.4	-97.390
AGGCGT	1105.0	4320.9	-97.367
CACGCA	163.0	1115.6	-97.127
AGTCTC	1706.0	8743.8	-97.086
TTAAAG	756.0	3790.3	-96.948
TGAGCC	2273.0	10848.8	-96.691
GTACCT	343.0	1769.9	-95.697
TTGTTT	4350.0	21179.5	-95.451
GCTGGA	3155.0	14837.5	-95.277
CGCCCA	1233.0	6126.8	-95.171
GTGGGA	582.0	3997.8	-94.943
CCGCCA	500.0	2975.2	-94.882
GTTGCC	1746.0	7534.3	-94.697
CAGTCG	89.0	613.0	-94.522
AGTCGT	64.0	413.1	-94.154
AGTATC	326.0	1553.7	-94.051
GACTCC	316.0	2617.6	-94.038
GAAGTG	561.0	3442.0	-93.906
AGCCTA	372.0	2217.2	-93.464
CACGCG	152.0	524.8	-93.095
AGGGAT	381.0	2885.6	-92.678
AGTCTT	1523.0	6448.3	-92.300
GAGCCA	2180.0	9807.9	-91.831
CTCCAG	863.0	6893.0	-91.785
TCGCTG	352.0	1432.7	-91.502
CGATTC	902.0	3423.6	-90.524
ACCACG	1108.0	4698.9	-90.369
ACAAGT	457.0	2161.6	-90.364
GGCCTC	1807.0	10250.8	-90.193
TCAGAC	272.0	2390.4	-89.566
CCAGGC	3693.0	21330.8	-89.302
GGGCTC	1338.0	5568.2	-88.898
AGTTGC	420.0	2180.1	-88.266
TAGATG	361.0	2176.4	-87.903
GCAACC	1470.0	8177.0	-87.803
GAGTCT	2051.0	9219.0	-87.712
ATTATA	903.0	4162.3	-87.536
CCTGGG	2444.0	12527.6	-87.340
TGTTGC	1945.0	8677.3	-87.279
ATCTTG	1412.0	5968.2	-87.052
GTAGGT	319.0	1769.4	-87.051
GGGAGT	432.0	2944.4	-86.842
GCCCGG	1254.0	5181.8	-86.508
CGAGTC	73.0	681.3	-86.362
TTCGAG	180.0	1134.5	-86.345
ATAGCT	687.0	2923.9	-86.279
ACTGGC	365.0	2611.2	-86.189
CCACCT	2207.0	11053.4	-85.491
GCGACT	69.0	510.3	-85.133
CCCCCC	765.0	2833.4	-84.837
TCCTGC	2780.0	13110.0	-83.929
ACAGTC	474.0	2637.9	-83.873
TCACTG	3190.0	15300.3	-83.540
TTACGG	55.0	488.7	-83.348
GCGTGC	324.0	1535.0	-82.888
GGATTC	313.0	2593.0	-82.418
AACCTC	1839.0	10408.7	-82.334
ATAGGC	578.0	2413.4	-81.815
GTGGCT	641.0	5715.7	-80.890
TAGCTC	410.0	2677.9	-80.641
ATTAAA	627.0	3823.1	-79.632
CGGACT	126.0	610.1	-79.378
GATTAA	304.0	1811.9	-79.162
CCTCGC	249.0	1431.7	-79.096
GTCTCA	2072.0	9490.3	-78.964
GCTCAA	1190.0	4966.1	-78.922
AGACTC	358.0	2748.1	-78.895
GCATCC	337.0	2374.0	-78.581
CAGCCA	864.0	5017.6	-78.379
TTACCG	37.0	504.3	-77.966
GCCCAA	421.0	2539.1	-77.837
GAGTGG	493.0	3305.1	-77.505
AGCATC	327.0	2393.8	-77.394
CCTGAG	1966.0	8972.5	-77.194
CCTGCC	3564.0	17475.7	-77.071
CCAAGC	496.0	3220.7	-77.028
TGCCCC	496.0	3720.7	-76.968
TGGAAT	784.0	4418.2	-76.681
AATAGC	416.0	2115.0	-76.490
ATCTGG	558.0	3086.7	-76.435
TCGGCC	663.0	3827.9	-76.391
CGCAGT	205.0	1110.4	-75.789
AGAGTA	353.0	2070.8	-75.448
GAGTAT	336.0	1612.1	-75.210
ATACAG	352.0	2256.0	-75.078
AACCAC	414.0	2313.5	-74.254
CTGGTA	334.0	2247.4	-74.094
CTTGAG	671.0	4316.1	-74.067
GCGTGA	1094.0	4550.5	-74.057
ATCCTC	1262.0	5401.9	-73.990
ACATGC	408.0	2685.6	-73.790
CTCGGA	134.0	763.4	-73.561
AGGTGT	1306.0	5630.9	-73.469
TTAGAG	473.0	3187.3	-73.086
GGCGTA	134.0	444.6	-72.967
ATAACA	270.0	1922.4	-72.921
TGCAGC	1354.0	5889.0	-72.313
CGCCCG	901.0	4723.7	-72.235
ACCTGG	1190.0	5502.2	-72.051
GATCAC	358.0	3054.8	-71.978
AGTCAT	405.0	2559.6	-71.565
CGCTGG	165.0	1634.3	-71.523
TGGGCT	1537.0	6844.3	-71.519
CTCACT	3551.0	17575.1	-71.215
CTGCCT	4316.0	21735.6	-71.187
AGCGGG	110.0	1067.3	-71.011
AGGCAC	1207.0	5162.9	-70.985
CCGCCC	555.0	3996.2	-70.624
TGATTA	503.0	2531.5	-70.598
AGGTGG	885.0	5060.7	-70.503
CAGCGT	181.0	1086.1	-70.453
GCCTAA	300.0	1747.1	-70.304
ACGGGC	131.0	758.2	-70.302
ACCATG	2213.0	10412.4	-70.134
TAGTAG	1123.0	9818.9	-69.931
CCACGA	86.0	808.6	-69.206
GTGCAA	825.0	4867.4	-68.935
GGTGGG	895.0	5626.8	-68.824
GGCACC	609.0	3665.1	-68.543
CTGCAG	1805.0	8298.7	-68.452
CCTCCA	1322.0	7500.6	-68.420
ACTGGG	599.0	4011.9	-67.623
CCTACC	409.0	2372.4	-67.529
TGGCAT	929.0	4549.7	-67.081
CAGGCC	572.0	4851.9	-65.942
AAGTGC	1760.0	8881.3	-65.639
GCTGGC	514.0	4325.9	-65.411
TGTGAC	419.0	2902.3	-65.365
GAGCCT	530.0	3643.9	-64.848
AGTGCC	412.0	2874.8	-64.690
CTGGCT	2131.0	10111.9	-64.167
GGGCTA	257.0	1544.1	-64.086
CGGGCT	395.0	1806.8	-63.484
AGTAGT	493.0	2408.3	-63.208
ACTATA	496.0	1959.1	-63.177
CAGTCT	1026.0	5432.9	-63.034
CTACTG	399.0	2336.1	-63.027
CAACCT	1829.0	10297.4	-62.893
CGCCTG	876.0	4958.0	-62.690
TGGACT	576.0	2948.6	-62.284
CTAAAG	289.0	2073.6	-62.213
TTGGGA	847.0	6037.1	-62.209
CACGAC	107.0	583.6	-61.974
TGGGGT	1204.0	7404.8	-61.706
TTGTTG	1375.0	8126.2	-61.280
TAGAGG	503.0	2465.9	-60.949
GCTGTG	973.0	5861.9	-60.748
CACCAT	2449.0	11901.2	-60.717
AGCTCG	131.0	767.6	-60.601
GCACTA	196.0	1293.9	-60.152
CAGCCG	170.0	1446.5	-59.961
CAGGGA	619.0	4276.8	-59.368
GGGTCT	1136.0	4981.7	-59.071
CGCGTA	21.0	132.3	-58.938
TCACGC	407.0	2552.1	-58.822
ACTACC	221.0	1281.0	-58.723
TGCAGG	675.0	4802.9	-58.715
AGCTAG	482.0	2285.5	-58.675
TCTTGC	1583.0	7326.9	-58.336
CCCACC	1528.0	9033.0	-58.231
GCGATC	778.0	3510.3	-58.211
CGATGC	47.0	471.5	-57.843
ATGCGC	212.0	955.8	-57.707
CAGACT	601.0	3479.6	-57.301
CTCGTG	232.0	2491.0	-57.057
TACCTG	519.0	2855.1	-57.012
GTCCTG	650.0	3590.0	-56.868
GATCCT	967.0	4156.1	-56.816
TCGTGC	117.0	955.5	-56.574
CGTGAG	872.0	3678.1	-56.367
GCATTA	322.0	1763.4	-56.238
CCACGC	1091.0	4799.2	-56.198
AGCTGT	510.0	3784.5	-56.194
TGGCTC	1550.0	8542.2	-56.193
TGGCGT	343.0	2199.9	-56.134
GACTCA	508.0	2599.0	-56.028
CCACAG	826.0	4692.4	-55.886
GTTTTG	1861.0	11109.8	-55.874
GTGAGC	1672.0	7854.0	-55.632
CAGTGC	616.0	3767.8	-55.570
GCGCAG	235.0	1554.2	-55.159
TGCAAC	1696.0	8406.5	-54.702
ACCATA	396.0	2167.3	-54.446
GTCTCG	1108.0	6624.0	-54.166
GACGGA	747.0	3084.2	-54.058
CTTGGC	1886.0	9031.3	-53.978
GAGTAA	308.0	1725.6	-53.803
GCTTAC	340.0	1828.0	-53.710
CTCACG	189.0	1527.4	-53.683
ACGTAG	98.0	469.5	-53.304
TGCACC	1043.0	4599.3	-53.134
GAGTGA	476.0	3270.7	-52.750
CATGCA	596.0	3471.4	-52.533
TTTTGT	5680.0	30021.2	-52.436
AACAGG	330.0	2582.5	-52.354
GGCTCG	208.0	1269.6	-52.271
CTGAGA	907.0	5579.4	-52.266
GGTAGC	296.0	1665.3	-51.910
GGGGGG	601.0	2392.8	-51.836
CTGGGC	1677.0	8875.0	-51.640
CGTCCC	216.0	1024.8	-51.518
CGTGGC	211.0	1292.7	-51.459
GTCGCA	61.0	391.7	-51.379
GGGAAT	380.0	2442.2	-51.286
TCCTCC	1739.0	8919.0	-51.201
CTTGCC	593.0	4310.0	-51.172
CTAAGT	308.0	2161.7	-51.093
ATTGCA	649.0	3493.6	-51.041
CTTGGA	528.0	3211.6	-50.994
CACAGG	730.0	4262.0	-50.885
CATCCT	728.0	4235.9	-50.355
CCCGGG	1044.0	5320.5	-50.156
CACTGT	1320.0	6100.7	-50.043
GAGCGA	110.0	953.4	-49.980
CGCAGC	145.0	1437.9	-49.886
TTGCCC	1794.0	8634.2	-49.799
TGCGCC	569.0	2365.0	-49.743
GTAGAT	305.0	1969.1	-49.595
GGTGTG	1618.0	7694.6	-49.546
TGGTAC	278.0	1659.8	-49.541
TACTAC	215.0	1132.4	-49.252
ATTAGC	292.0	2694.6	-49.227
GTCGTG	99.0	576.2	-49.147
ACCTCC	2157.0	11230.6	-49.091
AGTAGA	1098.0	9778.5	-49.073
GACTGC	471.0	2455.1	-48.937
CGCAAG	97.0	485.5	-48.931
GGATTG	387.0	2575.1	-48.784
GGCGCA	480.0	2152.0	-48.756
TAAGCC	262.0	2003.7	-48.748
CTGGAG	3085.0	15728.9	-48.649
GCTCAG	957.0	5062.4	-48.637
CTGCCA	1108.0	6154.1	-48.405
GAGACA	2007.0	9825.8	-48.326
GTGTTG	965.0	4276.7	-48.323
CTGACT	576.0	3652.3	-48.106
GCATGC	844.0	3656.9	-48.000
CCGGCT	859.0	4330.8	-47.547
GTGTGC	1014.0	4545.5	-47.504
GCACCA	890.0	4249.0	-47.440
CTGGAA	1075.0	5441.2	-47.301
GTCTCC	861.0	5214.6	-47.246
CTCCTA	666.0	3640.8	-47.141
GCAAGT	351.0	2032.9	-46.819
CCCAGG	3804.0	19786.9	-46.716
GGCTGG	4149.0	21720.4	-46.659
GACTAA	216.0	1424.7	-46.442
GATAAC	213.0	1058.9	-46.345
AAGTAA	484.0	2659.7	-46.061
GACCAC	502.0	2112.4	-46.033
CGCCTA	111.0	713.9	-45.923
CCACAA	424.0	2860.8	-45.909
GGCATT	463.0	2799.3	-45.857
TCGGAT	91.0	437.6	-45.710
GCATCA	283.0	1965.8	-45.566
GCGGGG	310.0	2503.7	-45.051
TTTTAA	2988.0	15316.1	-44.949
ACGATC	403.0	1507.0	-44.945
TTTTAT	3329.0	17220.7	-44.761
CCCCCA	656.0	4595.2	-44.757
AGTAGG	345.0	1948.8	-44.549
TCGGAC	52.0	354.9	-44.402
GGCACG	650.0	2756.9	-44.295
AAGCGT	120.0	663.0	-44.243
CGGGGA	158.0	1275.7	-44.197
AGTGGT	1229.0	5737.0	-44.073
CAGCTG	796.0	5946.4	-43.990
CGTCAG	107.0	750.6	-43.735
CCCGGC	1332.0	6295.2	-43.693
ACTGCG	376.0	1393.0	-43.587
CTAGGA	524.0	3060.1	-43.585
AGATTA	611.0	2948.2	-43.534
ACGGAG	755.0	3269.8	-43.384
TTTTAG	1930.0	15857.1	-43.372
GGGTTA	267.0	1640.9	-43.343
CCTCGG	732.0	4143.5	-43.298
CCGACT	83.0	736.4	-43.268
GTGCGA	395.0	1489.8	-43.182
TAGCTT	605.0	2889.2	-43.083
GCAACT	512.0	2056.5	-42.953
TTTATT	3820.0	21532.4	-42.922
TTATTG	687.0	4686.0	-42.718
TTCTCC	2856.0	14670.2	-42.327
GCCACT	1253.0	5907.9	-42.180
ACCGCA	257.0	1623.3	-42.093
TCAGTC	550.0	3257.7	-41.937
GGCACA	1002.0	4583.3	-41.755
TGACTC	460.0	2739.2	-41.661
GGCTCC	548.0	3702.2	-41.512
CCGGGC	412.0	2709.9	-41.473
CTCGCT	846.0	3771.1	-41.406
CACGCC	1367.0	6662.7	-41.352
CCACTA	458.0	2240.4	-41.254
CACCTC	1816.0	8969.6	-41.248
CACGTG	262.0	1926.8	-41.203
GATTGC	309.0	2449.2	-41.186
GCATGT	763.0	3350.7	-40.974
CTTGCT	1563.0	7601.2	-40.973
TGCCCG	769.0	3387.3	-40.743
TTATAG	887.0	3997.9	-40.728
TGCCTA	542.0	3133.5	-40.713
GGCCCA	717.0	3565.8	-40.615
GACGAC	95.0	295.7	-40.570
CACAGC	648.0	4410.8	-40.461
GCCTCT	1246.0	6398.9	-40.447
CGTTTT	286.0	2047.9	-40.439
TGGCTG	909.0	6461.3	-40.422
CCGGGT	799.0	4102.7	-40.422
GAATTA	452.0	2571.7	-40.399
GGTCTT	1318.0	6288.5	-40.381
TAGGCG	259.0	882.5	-40.323
CCTCAC	468.0	4063.0	-40.261
TTATTT	3996.0	22048.6	-40.040
TTCTTT	3819.0	24159.0	-39.985
TGAAGT	573.0	3815.5	-39.921
GCGCCA	480.0	2348.3	-39.905
ACGCCC	758.0	3339.2	-39.885
GATGGG	975.0	6153.5	-39.633
CGAAGT	116.0	696.6	-39.572
TAGCCT	626.0	3178.7	-39.324
GCACGA	414.0	1618.1	-39.261
CCGGGA	172.0	1715.1	-39.233
GCAGTC	584.0	2670.8	-39.077
TGCCAA	358.0	2657.9	-39.014
TTCAGG	590.0	4424.8	-39.009
GAATAG	359.0	1908.5	-38.943
GCATGA	1129.0	5310.0	-38.937
ATCCTG	513.0	3638.8	-38.812
TGGGTT	1572.0	7709.2	-38.671
GGACTG	519.0	2780.0	-38.528
TTGCAG	744.0	4949.3	-38.400
GTTGCG	97.0	432.0	-38.368
GGGTAG	257.0	1787.3	-38.267
GACTAT	396.0	1546.6	-38.063
AGCTTG	426.0	2926.6	-38.033
TTTCTT	3772.0	24431.7	-37.941
GCCTGC	810.0	6115.1	-37.782
TCTTGA	1288.0	6786.3	-37.463
GTTGGG	763.0	3582.6	-37.451
TGGATT	668.0	4306.8	-37.332
GTGATC	2000.0	10091.7	-37.327
CGGGAT	131.0	1059.2	-37.307
AACTAC	266.0	1569.1	-37.260
TGCTGG	2035.0	11813.1	-37.252
CATCCC	281.0	2840.0	-37.230
AGAGTC	1008.0	4699.3	-37.204
CACCTG	1501.0	7978.1	-37.063
CGGGTA	79.0	460.0	-37.058
TCCAGG	837.0	5534.9	-36.806
GTAGTG	540.0	2322.7	-36.764
TAGGCT	561.0	3213.8	-36.756
CTCGCG	60.0	628.3	-36.699
GGCATA	335.0	1668.3	-36.516
GCCACG	196.0	1402.5	-36.473
AGAAGC	372.0	2996.7	-36.384
CGACAG	105.0	726.5	-36.225
AAGCTG	534.0	3831.9	-36.188
GCTTGG	485.0	3296.2	-36.160
GCAGCT	759.0	4234.9	-36.159
GCCGGG	291.0	2818.8	-35.979
TGTGAT	918.0	5693.5	-35.958
CACACC	1397.0	6825.9	-35.718
CTCAGT	914.0	4890.7	-35.579
CAGTAG	591.0	2938.6	-35.451
CCCGCC	1207.0	6730.1	-35.295
CGTGCG	72.0	634.5	-35.193
GCTGAG	934.0	6857.4	-34.979
CTCATG	590.0	4198.5	-34.792
GCGCGA	272.0	1856.4	-34.557
TCCCGG	926.0	4727.1	-34.543
CCAGCC	1178.0	9010.0	-34.486
TCTGGG	937.0	5846.9	-34.486
AGCTGA	684.0	4331.2	-34.273
GGCTAA	1624.0	8110.3	-34.254
GAGGCA	592.0	4894.4	-34.144
TCTCAC	1452.0	7170.0	-34.080
AGATGG	1551.0	9411.4	-34.071
CTGAGC	532.0	4588.6	-33.991
ACGCGA	80.0	173.4	-33.938
CATGGC	522.0	3364.1	-33.784
AGTTGG	675.0	3081.2	-33.759
AGCAGC	600.0	4180.7	-33.595
TCGTGG	136.0	866.6	-33.542
TTTTGG	1967.0	10131.9	-33.430
GGTGCA	897.0	4313.0	-33.406
GCTAGG	447.0	2613.6	-33.397
ACGCGC	96.0	548.9	-33.304
TCTTTT	4198.0	22980.9	-33.260
ATGCTC	312.0	2160.2	-33.027
GATTCC	257.0	2205.9	-32.880
CCGCAG	169.0	1430.9	-32.868
ATTTTT	7845.0	43471.8	-32.703
GCAATC	877.0	4097.3	-32.478
ATCACA	561.0	3370.2	-32.418
AGTGCT	1914.0	9770.7	-32.298
AGGAGC	424.0	3299.1	-32.262
TACAGA	789.0	3634.6	-32.184
TACATG	349.0	2598.6	-32.124
CCCAAA	1957.0	10022.9	-31.880
ACACAC	1174.0	5711.3	-31.854
CTCCGA	150.0	822.7	-31.842
CTAAGC	218.0	1579.2	-31.735
TTTTCT	3489.0	23360.8	-31.729
GCACAA	627.0	2793.3	-31.703
CTGCGT	97.0	1242.5	-31.586
CCACTG	1413.0	7019.2	-31.581
TGGGCC	570.0	3773.9	-31.398
CAAAGT	1887.0	9652.4	-31.265
CAAGCT	662.0	4863.1	-31.262
GCTCGA	66.0	570.4	-31.014
TGCCGA	151.0	625.1	-30.942
TTTTTA	5463.0	29955.6	-30.939
CTCTTG	1207.0	7004.9	-30.937
ATGGGA	459.0	3001.0	-30.886
GCAGGG	606.0	4341.3	-30.808
AGGAGT	444.0	4083.9	-30.797
AGACAG	1958.0	10065.4	-30.781
CATTAC	265.0	1622.2	-30.772
ACCGGT	58.0	349.9	-30.604
CCCACG	162.0	1226.3	-30.575
GCAAGC	460.0	3379.6	-30.507
GGTACA	342.0	1637.5	-30.419
TGCGTC	112.0	694.0	-30.317
GCGCAA	272.0	1194.7	-30.175
TCCACC	1492.0	8312.9	-30.157
TATTTT	5207.0	29833.3	-30.157
AGACTA	319.0	1775.2	-30.090
TCCGGC	167.0	1150.6	-30.036
ATCAAG	327.0	1810.0	-29.996
CGGCGT	62.0	525.9	-29.952
GGCCTA	473.0	2029.1	-29.924
TATGTT	842.0	5111.7	-29.913
TTGCCT	967.0	6294.8	-29.913
TGGTGT	845.0	5669.5	-29.913
CCCTCC	922.0	6861.2	-29.913
CTTGGT	504.0	3682.4	-29.913
TTGGTT	933.0	5700.2	-29.913
TGGTTT	1208.0	7735.5	-29.913
GGTTTT	1555.0	9285.3	-29.913
AGCCTG	744.0	6953.4	-29.913
CTGTTT	1341.0	8344.2	-29.913
TGTTTA	573.0	5253.7	-29.913
TTTAGA	732.0	4959.6	-29.913
TTGGAT	499.0	3283.3	-29.913
GGCTTG	481.0	3217.5	-29.913
ATGTTT	884.0	6428.7	-29.913
CAGTGT	571.0	4336.2	-29.913
AGTGTT	769.0	4400.5	-29.913
TGTTGT	1132.0	6590.5	-29.913
GTTGTT	878.0	5861.7	-29.913
TCTGCC	1908.0	11177.3	-29.913
CTGCCC	841.0	6562.7	-29.913
CCTGCT	819.0	6075.8	-29.913
CTCCTC	733.0	6479.6	-29.913
TATCTT	641.0	4217.4	-29.913
TTGAGT	679.0	3886.4	-29.913
TGTTGG	1325.0	8998.2	-29.913
TGTTGA	559.0	4107.4	-29.913
TTGATT	769.0	5442.9	-29.913
CACCCT	553.0	3860.1	-29.913
CCCTGG	770.0	5494.2	-29.913
CCTGGT	623.0	4223.8	-29.913
AGTTTT	1474.0	10407.5	-29.913
TTTTGC	1344.0	9401.4	-29.913
GTATTT	1971.0	14706.5	-29.913
TTTGTG	1158.0	7698.8	-29.913
GTGTTT	1072.0	6957.3	-29.913
TGTTTG	1409.0	9370.4	-29.913
TCTCCC	913.0	7164.6	-29.913
GGGTTT	1751.0	12482.0	-29.913
TGGTCT	1829.0	11671.7	-29.913
GTTTAT	473.0	4282.2	-29.913
TTTATG	663.0	4882.6	-29.913
CTGCTG	870.0	7189.0	-29.913
TGCTGT	940.0	6113.2	-29.913
TTCTTG	975.0	6213.7	-29.913
TGTTAT	512.0	3551.9	-29.913
GTTATT	499.0	3796.5	-29.913
TTTGGG	913.0	7086.2	-29.913
ACTGTT	567.0	3298.0	-29.913
GCTTCC	680.0	4758.5	-29.913
TCTTTG	969.0	6934.5	-29.913
TGCTGC	672.0	5478.0	-29.913
GCTGCC	516.0	4467.2	-29.913
CCCCAG	750.0	6072.0	-29.913
TTGCTG	931.0	6146.0	-29.913
CTCCCT	786.0	7910.0	-29.913
TGTCTT	979.0	6732.2	-29.913
GTTTTA	893.0	6728.6	-29.913
TCTTGT	1006.0	6328.2	-29.913
CCCTGC	793.0	5816.1	-29.913
GCTTTT	1221.0	8357.7	-29.913
CTTGTT	876.0	5830.2	-29.913
TTGTTC	619.0	4478.1	-29.913
GTTCTT	547.0	4562.7	-29.913
TTTATA	1042.0	6544.0	-29.913
TTTAAG	953.0	5521.6	-29.913
GATTTT	1570.0	8780.6	-29.913
ATTTTA	1780.0	11132.9	-29.913
TTTTTC	3304.0	20159.7	-29.913
CCCCCT	560.0	3492.1	-29.913
TTTGAT	816.0	5861.3	-29.913
TCTGGC	687.0	4169.1	-29.913
TTGTGA	592.0	4563.0	-29.913
CTATTT	738.0	5953.9	-29.913
GCCTGG	1927.0	11802.0	-29.913
CATGCT	525.0	3611.3	-29.913
AATTAT	644.0	3919.3	-29.913
CTTCAG	807.0	4889.6	-29.913
CTTTTG	1125.0	8167.8	-29.913
ATTTTG	1637.0	9898.1	-29.913
TTACTG	620.0	3729.8	-29.913
CTTCTG	1113.0	6838.9	-29.913
TAGTTT	679.0	6117.0	-29.913
TTATAT	798.0	4664.0	-29.913
ATATTT	1466.0	8793.0	-29.913
TTCTGG	828.0	5828.5	-29.913
TATTGT	581.0	3666.3	-29.913
AGTTGT	454.0	3045.3	-29.913
AATCTT	837.0	4212.5	-29.913
GTTGTG	416.0	2758.5	-29.913
ATTATT	1110.0	7263.8	-29.913
TATTTG	734.0	5823.9	-29.913
TATTAT	818.0	5712.0	-29.913
CTTATT	612.0	4375.8	-29.913
TATTGG	309.0	2692.7	-29.913
ATTGTT	673.0	4541.9	-29.913
TTGTTA	564.0	4238.6	-29.913
CTGATT	563.0	4243.3	-29.913
CTACCT	393.0	3021.9	-29.913
TGATTT	1146.0	8199.1	-29.913
CCCCCG	308.0	1751.0	-29.913
TTTTCG	229.0	1446.3	-29.913
GTGCGC	198.0	1356.2	-29.878
TTAGCC	548.0	4760.7	-29.856
AAGCCT	395.0	3085.1	-29.849
ACCGCC	136.0	941.7	-29.518
CAGAGT	1257.0	6996.0	-29.346
TAGTTG	477.0	2468.5	-29.344
CGCGAG	91.0	571.9	-29.330
AACGAT	84.0	459.6	-29.221
GCAGTA	393.0	2119.4	-29.145
CACAAC	266.0	2108.7	-29.081
ATATAT	1117.0	5464.5	-29.071
GGACGA	73.0	442.0	-29.042
AAGCAA	1130.0	5539.5	-28.976
GTACTA	189.0	991.4	-28.940
GGACCA	496.0	2162.1	-28.872
TGAGAT	1409.0	7456.6	-28.778
CTGGGG	770.0	5883.3	-28.687
AGCGCA	159.0	860.0	-28.665
ACGACC	101.0	377.0	-28.654
GTGTGA	1226.0	6071.7	-28.622
ACAGGG	1094.0	6183.5	-28.587
GGAGCT	367.0	3496.1	-28.454
CTCAGG	1350.0	7903.2	-28.235
GCTACC	383.0	1595.6	-28.185
GGAGTC	1271.0	6340.0	-28.018
CTGTTG	1314.0	6576.7	-27.979
GCTGGT	1481.0	9251.0	-27.890
AAGTAC	386.0	1633.3	-27.882
TGATAC	278.0	1587.9	-27.776
ACAATC	551.0	2462.1	-27.743
CCTGCG	106.0	1502.2	-27.618
CAAGTC	272.0	2050.3	-27.547
GTACCA	339.0	1619.6	-27.433
GCAGCC	1059.0	5898.1	-27.382
GAGATT	663.0	4142.0	-27.378
TCTCCT	2988.0	16012.8	-27.329
ACGCAC	107.0	746.6	-27.223
TCCTGA	2456.0	13518.4	-27.146
CTGCCG	187.0	1654.7	-27.120
GCAGGC	573.0	3753.4	-27.064
ATCTTA	444.0	2373.0	-27.064
TCTGAG	667.0	4749.6	-27.064
CCCAGC	2274.0	12848.4	-27.064
TTAGCT	521.0	3539.7	-27.064
GATTGT	348.0	2512.1	-27.064
TGGTTC	473.0	3138.7	-27.064
TGGTAT	432.0	2924.9	-27.064
GGTATT	372.0	2615.3	-27.064
TCTTAA	537.0	3501.1	-27.064
CCTCAT	533.0	4129.7	-27.064
CCCCAC	485.0	4533.4	-27.064
CAGCTT	844.0	5345.5	-27.064
TTGGAG	932.0	4978.8	-27.064
GGTTTA	352.0	2639.6	-27.064
GGGCTT	460.0	3632.1	-27.064
CTCTGC	1497.0	9690.2	-27.064
TCACCC	1006.0	6460.7	-27.064
CACAGT	595.0	3957.4	-27.064
GCCTGA	550.0	3723.3	-27.064
GTTGCT	566.0	3477.7	-27.064
TCATCC	451.0	2819.2	-27.064
CACCCC	528.0	3732.3	-27.064
ACCCCC	379.0	2529.4	-27.064
TCCAGC	616.0	5698.5	-27.064
CCCCTG	721.0	4597.1	-27.064
CTGGAT	508.0	3797.2	-27.064
AGCTGC	509.0	3983.5	-27.064
GCTCCC	402.0	3694.1	-27.064
CCCCGC	494.0	2717.6	-27.064
TGTAGT	581.0	3878.0	-27.064
GTCTTA	480.0	2485.3	-27.064
AGCTTC	699.0	3834.2	-27.064
TTATAA	564.0	3663.0	-27.064
AGGCTT	501.0	3794.4	-27.064
TATTGA	331.0	3257.2	-27.064
GGTTCT	362.0	3036.4	-27.064
GTGACT	409.0	2755.2	-27.064
GTGTTC	357.0	2599.5	-27.064
ATTCTA	346.0	2806.5	-27.064
AATATT	889.0	5285.1	-27.064
ACTGCC	452.0	2991.3	-27.064
TGACTG	450.0	3193.6	-27.064
CGCCCC	378.0	2349.3	-27.064
TATCTG	485.0	2727.2	-27.064
TGGGTC	355.0	2762.7	-26.989
TTTAAA	2050.0	10715.3	-26.968
AGGCGC	730.0	3422.7	-26.918
TAACAG	298.0	2105.4	-26.822
GAACTA	279.0	1594.4	-26.643
CGAAAG	134.0	425.5	-26.505
ACCTCA	1569.0	9276.3	-26.489
ACTGGA	515.0	3068.6	-26.468
GTACAA	225.0	1546.9	-26.410
ACAGAC	519.0	2674.1	-26.242
ATAGGT	407.0	1945.3	-26.136
TATTAC	372.0	1979.2	-26.029
TGTCGC	606.0	3187.9	-25.963
CCACAC	1186.0	5932.5	-25.828
GGGATA	187.0	1525.2	-25.810
GGAATT	611.0	3455.2	-25.714
AGTGCG	228.0	980.7	-25.693
AGCCCC	425.0	3742.2	-25.690
GACCGG	167.0	576.8	-25.566
AGCGAC	49.0	551.9	-25.551
GGATAA	257.0	1684.4	-25.466
TAGTGC	303.0	1600.3	-25.400
AGCCTT	918.0	5328.7	-25.391
CCATAC	342.0	1424.9	-25.308
TGGGAG	747.0	6959.7	-25.197
TGGCTA	1296.0	6556.7	-25.182
ATGAGC	856.0	4137.9	-25.152
ATGCCT	1148.0	5737.5	-25.115
GAGTCA	441.0	2631.0	-25.105
GAGACT	509.0	3574.0	-25.043
GTTCAC	766.0	3657.4	-25.000
CGTACC	111.0	335.3	-24.849
GGTTCG	126.0	518.7	-24.656
GCTGCA	616.0	4673.1	-24.620
CTGTGA	531.0	4446.9	-24.620
TGTGGC	564.0	4134.8	-24.620
GCCTTC	757.0	4592.3	-24.620
TCCCAG	1541.0	11133.6	-24.620
CAGGTT	1094.0	6817.5	-24.620
CCGGCC	644.0	3457.2	-24.620
CCTGGA	737.0	5379.5	-24.620
GGTCTC	1617.0	9921.1	-24.620
CCTGAC	908.0	8079.4	-24.620
ACTCCC	329.0	3308.0	-24.620
CTCAGA	452.0	3958.3	-24.620
CTGGCG	153.0	1424.0	-24.620
TCAGCT	1058.0	7364.6	-24.620
TCACAG	629.0	4332.6	-24.620
GCTTCA	582.0	3450.1	-24.620
GTTCAG	443.0	2933.9	-24.620
TCCCAC	928.0	5398.3	-24.620
ATTACT	431.0	2466.2	-24.620
ACTCCT	1482.0	8953.3	-24.620
TTGAAG	500.0	3460.6	-24.620
GGGGTG	672.0	4114.6	-24.620
AGTGTC	418.0	2662.2	-24.620
TGCTCA	656.0	4555.0	-24.620
GAGTTG	462.0	2648.3	-24.620
CCCAGT	538.0	4576.7	-24.620
CCTAGC	355.0	2062.6	-24.620
GTAGTT	422.0	2936.4	-24.620
TTGATA	388.0	2679.2	-24.620
CCCCGG	255.0	1920.4	-24.620
CTCACC	692.0	4802.8	-24.620
GACTGG	560.0	3211.0	-24.620
TTTCGA	144.0	845.9	-24.620
TTATGA	351.0	2676.5	-24.620
TGAGTG	561.0	3848.9	-24.620
GTATCT	390.0	2463.3	-24.620
ATTATC	256.0	2038.6	-24.620
TAGCAG	333.0	2374.7	-24.591
TATGAG	330.0	1970.8	-24.578
CGGTTC	213.0	798.6	-24.559
ACTAAA	314.0	2734.1	-24.553
GCTGCG	170.0	1578.2	-24.489
GGGATG	355.0	3018.6	-24.415
CGATCA	146.0	493.1	-24.368
ACAACC	298.0	1969.9	-24.227
CGCGCC	451.0	2799.4	-24.201
CGATAC	62.0	190.1	-24.081
CACGTA	78.0	597.4	-23.950
GCCAAC	183.0	2042.5	-23.934
AATTAC	439.0	2482.7	-23.917
AAGTAT	406.0	2393.8	-23.897
GTCCCA	337.0	3102.5	-23.727
TCGCAA	29.0	364.2	-23.473
GCCTAG	587.0	2729.7	-23.311
GCTTGA	421.0	3006.6	-23.266
ATGACA	271.0	2313.2	-23.226
CCGGAG	233.0	1509.1	-23.193
TCTCGC	739.0	3553.5	-23.157
TAAGTA	387.0	2256.8	-23.131
ATGCGA	87.0	402.2	-23.126
GGGTGC	490.0	2822.6	-23.116
GACAGG	1190.0	6109.6	-23.110
CAAGCC	483.0	2805.9	-22.944
AATGCA	566.0	3079.3	-22.918
GGGTCA	286.0	2201.7	-22.913
AAAGTG	1878.0	9900.9	-22.894
ATCATA	487.0	2210.3	-22.860
GAGCAG	463.0	3906.3	-22.810
CGAATA	61.0	380.7	-22.808
GAAGCT	393.0	2995.2	-22.798
ACACCC	780.0	3782.7	-22.790
TTGGCT	1515.0	7857.1	-22.719
CGGCTA	653.0	3097.1	-22.711
CTCAAC	452.0	2622.9	-22.694
GGTCTA	177.0	1396.6	-22.685
CACAAG	300.0	2197.1	-22.656
CATGAG	939.0	4658.5	-22.467
GTACTG	282.0	1707.9	-22.463
AGCAGG	473.0	3971.6	-22.463
GTGCTC	296.0	2509.7	-22.463
GGCTGA	805.0	5541.5	-22.463
AGGCCT	500.0	4025.4	-22.463
CCAGTG	445.0	3985.9	-22.463
CCTCAA	891.0	5478.4	-22.463
GGGGTT	1293.0	8588.8	-22.463
CACCAG	489.0	3775.7	-22.463
TGCTAC	365.0	1930.3	-22.463
CAGGGG	468.0	3638.8	-22.463
CACCCA	1546.0	9532.2	-22.463
TCAGGT	907.0	5603.1	-22.463
CAGCAT	509.0	3547.4	-22.463
GCACAG	542.0	3451.9	-22.463
CACTGG	463.0	3688.6	-22.463
TGTCAC	1147.0	6744.8	-22.463
CTCACA	397.0	3799.7	-22.463
CACTCC	417.0	4031.6	-22.463
TGCAGA	575.0	4122.5	-22.463
ACCCTC	404.0	2944.7	-22.463
CCAACT	395.0	2565.6	-22.463
ACTTCA	558.0	3092.2	-22.463
TACTGC	441.0	2159.8	-22.463
GTCCAG	500.0	3335.9	-22.463
AAGTCT	466.0	3220.1	-22.463
GGGCCT	491.0	3734.8	-22.463
GACTCT	323.0	2764.8	-22.463
TTGAGC	443.0	3360.8	-22.463
CGTCCT	179.0	840.2	-22.463
TACCTC	448.0	2688.5	-22.463
TAAAGT	426.0	3086.6	-22.463
ACTGGT	329.0	2358.6	-22.463
GCAGGT	394.0	3553.4	-22.463
CTCCAA	481.0	3416.6	-22.463
TCTCAA	1056.0	6478.4	-22.463
GTTTAC	235.0	2239.6	-22.463
ACTCCA	413.0	3968.0	-22.463
GTCAAG	267.0	1729.6	-22.384
ACTGTA	653.0	3105.1	-22.359
TCAGCG	122.0	856.0	-22.285
GAAGTA	308.0	1709.6	-22.272
CAACTT	640.0	3034.6	-22.215
CGGGTT	779.0	3790.7	-22.174
AGGGTC	742.0	3587.5	-22.169
CGGTCT	152.0	896.4	-22.114
CACGAT	404.0	1788.3	-22.069
GTGGAG	917.0	4555.6	-21.817
GCTAGA	456.0	2063.9	-21.813
GGCACT	413.0	2496.3	-21.804
CGCTGT	287.0	1198.1	-21.569
GTGCCC	798.0	4264.4	-21.512
CACGGC	203.0	1273.8	-21.430
ACGTGA	143.0	971.1	-21.384
AGACAA	599.0	2837.9	-21.259
GGTTGG	668.0	3210.1	-21.167
CAATGC	157.0	1664.5	-21.154
ACGCGT	52.0	214.4	-21.087
GCGGTT	187.0	710.9	-21.085
CTCGAG	210.0	1028.3	-21.010
CCGTCC	230.0	920.7	-20.956
TAAGTG	394.0	2712.0	-20.939
AGTGAC	545.0	2551.0	-20.891
GAGCTG	551.0	4472.4	-20.700
CTAACT	333.0	2104.2	-20.528
GTGTCA	447.0	2871.9	-20.528
TAGAGT	479.0	2812.4	-20.528
CCAGAG	689.0	4866.6	-20.528
AGAGTG	674.0	4078.8	-20.528
GCACCT	590.0	3683.0	-20.528
ACAGCT	538.0	3601.9	-20.528
TCTCGG	832.0	5385.1	-20.528
TCATGG	578.0	3182.0	-20.528
CCTCGT	196.0	2171.7	-20.528
CAGTTG	528.0	2965.0	-20.528
TTGAAA	793.0	4583.5	-20.528
CAACTG	242.0	2235.3	-20.528
TGACAC	295.0	2161.1	-20.528
GTCACC	1058.0	5933.0	-20.528
TCAGTG	642.0	4159.3	-20.528
TCCCGC	301.0	1765.8	-20.528
GCTCAT	430.0	3335.9	-20.528
CACACT	475.0	3430.2	-20.528
ATGCAG	549.0	3357.3	-20.528
TGCAAT	930.0	5723.1	-20.528
GTATTA	373.0	2075.4	-20.528
CTGTAG	545.0	3681.7	-20.528
GTGAGT	374.0	3197.3	-20.528
AAGTGT	689.0	3733.1	-20.528
TCCTAC	372.0	2177.4	-20.528
TGCATC	401.0	2690.1	-20.528
TCTAGG	286.0	2373.9	-20.528
TGGAGC	444.0	3665.7	-20.528
TCGCCT	199.0	1256.2	-20.528
GGCATC	326.0	2058.2	-20.528
AGGCTG	4102.0	22792.2	-20.429
CAGACA	443.0	3287.1	-20.415
CAACTA	176.0	1281.4	-20.367
GGACTC	329.0	2374.3	-20.261
CACTAT	519.0	2713.8	-20.153
AGACGT	192.0	745.7	-20.107
AGTCAC	370.0	2660.1	-20.088
CACCCG	585.0	3200.9	-19.924
CATACC	318.0	1602.6	-19.893
AGGTGC	899.0	4688.1	-19.888
CGATCC	243.0	999.6	-19.833
GTGCAC	639.0	3085.0	-19.832
CAGCTA	1295.0	6719.4	-19.797
TAGGAT	458.0	2811.7	-19.727
TGGAAC	481.0	2601.4	-19.510
ACGCCT	473.0	2556.2	-19.487
GCTCAC	2547.0	13868.0	-19.487
CACGCT	155.0	1206.5	-19.486
ACAGGA	461.0	3279.2	-19.386
CTAGGC	567.0	2701.0	-19.360
ACGGGT	144.0	540.2	-19.268
TACGAC	34.0	190.8	-19.090
GTGAGA	343.0	3547.3	-19.060
AGCTAA	1053.0	5385.3	-19.037
GAGAGA	869.0	4362.6	-18.976
GCGTCT	120.0	916.3	-18.930
AGCCAT	628.0	3588.6	-18.853
GGCCAC	347.0	2883.2	-18.775
AGGTTC	735.0	4586.8	-18.775
AGTTCA	611.0	3857.2	-18.775
TCACCA	1009.0	8510.2	-18.775
CATGTG	793.0	4807.2	-18.775
CAGTCA	478.0	2789.9	-18.775
TCTAGC	205.0	1877.4	-18.775
GTCTAG	227.0	1594.3	-18.775
AAATAT	859.0	5098.7	-18.775
GTGATG	403.0	3360.5	-18.775
CTCAAT	233.0	2424.7	-18.775
GCCTTA	371.0	2295.1	-18.775
AGTGTA	357.0	2382.2	-18.775
CGTGCT	95.0	1016.2	-18.775
GCCCAC	880.0	4438.2	-18.625
CGACCG	19.0	276.4	-18.523
GCGTAA	64.0	355.0	-18.460
AGCCGG	164.0	1492.5	-18.450
GCCGAG	235.0	2094.6	-18.428
TCACTA	593.0	2866.6	-18.348
ATGCAC	515.0	2446.7	-18.314
GATCGT	79.0	509.7	-18.199
CGCGCG	291.0	1266.0	-18.109
CTCCGC	985.0	5035.5	-18.091
CTATAG	391.0	1792.2	-17.906
AAGCAG	790.0	3956.9	-17.898
GGAACG	140.0	519.9	-17.744
TTGCGA	40.0	455.7	-17.692
CCAAAG	1763.0	9459.5	-17.627
CTACAA	369.0	2289.7	-17.603
TATGCC	366.0	2007.3	-17.538
ATTACC	232.0	1524.8	-17.483
TCCGAA	110.0	512.7	-17.480
AGACGG	1233.0	6453.2	-17.462
AACTGC	343.0	2448.2	-17.411
CCCGCG	222.0	1295.9	-17.399
AAGCAT	501.0	2644.6	-17.250
CTTAGC	544.0	2622.8	-17.222
GCCCCG	347.0	2242.9	-17.174
AATCTC	755.0	5164.6	-17.174
TCGCCC	661.0	3538.3	-17.174
ACCAGG	538.0	3435.3	-17.174
AGAGAT	991.0	7005.3	-17.174
TTGGAC	372.0	1901.5	-17.174
AGATTC	393.0	2756.4	-17.174
GATTCA	415.0	2668.0	-17.174
CAGTGA	859.0	5087.7	-17.174
TGCAAG	528.0	4057.7	-17.174
GCGCCT	418.0	2359.2	-17.174
TGATGC	341.0	2505.4	-17.174
CTTAAG	272.0	2271.4	-17.174
TCCGGG	177.0	1338.0	-17.174
GAATCT	348.0	2604.4	-17.174
GAGTTC	386.0	3316.7	-17.174
CCCATG	472.0	3012.4	-17.174
GCCGCA	159.0	960.2	-17.136
GGCGTC	160.0	939.4	-17.074
GAGACG	1263.0	6632.4	-17.051
GTGGCG	841.0	4269.3	-16.983
GTCTGG	779.0	3923.0	-16.962
GATTCG	66.0	452.4	-16.943
CCGTAC	80.0	250.7	-16.882
TACGCC	134.0	540.4	-16.850
GTTGGA	579.0	2826.6	-16.815
CAATCA	467.0	2218.5	-16.793
GGGGTC	549.0	2832.2	-16.678
ACAGTG	668.0	4598.9	-16.668
GTCGCC	570.0	3213.2	-16.656
GTCAGC	320.0	2184.6	-16.610
ATTCTT	1253.0	6598.1	-16.599
GACACC	193.0	1799.6	-16.599
GTTCGA	140.0	691.1	-16.405
GTGCTG	1931.0	10480.2	-16.319
AAATAA	1046.0	5439.3	-16.206
GCGTGT	304.0	1361.6	-16.105
GCCCGT	196.0	810.1	-16.053
GCAGCG	221.0	1430.5	-16.038
ACACCA	516.0	3428.3	-16.012
GATGAC	179.0	1627.1	-16.003
CAGGGT	1297.0	6871.9	-15.930
CTAGAG	460.0	2530.0	-15.887
CCGTGC	352.0	1622.6	-15.782
CGGCAT	64.0	568.1	-15.714
AGTAAT	353.0	2276.1	-15.706
ATCATG	573.0	3081.8	-15.706
TCGGCT	799.0	5308.4	-15.706
CGGCTC	801.0	5536.0	-15.706
ACCCAC	428.0	3571.7	-15.706
CTCGGT	152.0	1047.4	-15.706
CTGAAG	616.0	3940.2	-15.706
GCACTG	447.0	3120.0	-15.706
ACTCAG	497.0	3694.1	-15.706
CCTAGT	299.0	2135.6	-15.706
CCGCCG	258.0	1794.8	-15.706
CGGGGT	694.0	3954.2	-15.706
ACTACT	233.0	1649.8	-15.706
AGTCTA	257.0	1752.7	-15.706
ATAACT	398.0	1866.4	-15.702
CAACCG	39.0	419.0	-15.563
AGCGGT	136.0	706.3	-15.411
TAATAT	627.0	3121.9	-15.401
ATAATA	591.0	2924.4	-15.387
ACCTCG	377.0	2973.7	-15.337
GCGCAC	191.0	1035.3	-15.283
CGACGA	44.0	110.9	-15.230
TACCGA	52.0	319.1	-15.120
ACTATG	515.0	2517.0	-15.092
ACCAAG	366.0	2304.1	-15.092
GCGTAC	36.0	248.3	-15.046
CTTACT	636.0	3184.7	-15.012
GTCATG	441.0	2115.1	-15.005
CACCGT	474.0	2598.7	-14.940
TCGACA	86.0	290.3	-14.909
ACGACG	31.0	187.8	-14.701
AAAATG	945.0	4925.3	-14.638
TAGGCA	532.0	2620.8	-14.590
AACGAA	112.0	415.7	-14.526
CCGCGT	87.0	604.3	-14.492
ACACGT	69.0	882.0	-14.489
AAAGTA	540.0	2916.1	-14.370
TGACAG	408.0	3364.2	-14.355
GTCACT	525.0	3148.1	-14.355
CGGTGT	100.0	845.0	-14.355
GGTGCC	704.0	3905.5	-14.355
ATGAGA	401.0	2820.9	-14.355
AGTGAG	518.0	4991.8	-14.355
GCCATC	616.0	3226.2	-14.355
CTGGAC	436.0	2908.1	-14.355
CCGGCA	57.0	912.5	-14.355
CCACGG	133.0	1102.4	-14.355
GGCTAG	484.0	2635.4	-14.355
ATTAGA	363.0	2328.0	-14.355
TCGGTT	96.0	775.6	-14.355
AGAGGC	592.0	3629.0	-14.355
GTGACA	447.0	2837.0	-14.355
AGGTAT	398.0	2198.9	-14.355
CTCGCA	130.0	628.4	-14.355
ACAACA	371.0	2190.6	-14.312
ACCATC	363.0	2624.0	-14.292
GCAATT	795.0	4092.9	-14.240
CAATCT	953.0	4982.8	-14.232
TGATCT	1597.0	8657.4	-14.230
GTACGA	53.0	248.4	-14.210
TCGTTC	162.0	661.2	-14.133
GATCAT	450.0	2388.5	-14.122
TTAAAA	1468.0	7928.0	-14.039
GGAATG	507.0	3140.9	-13.972
TAGAGA	1522.0	12089.8	-13.894
TCTCAG	1542.0	8356.7	-13.867
CGTCCG	133.0	523.5	-13.865
TCGCAC	133.0	523.6	-13.865
TGGGAA	615.0	4347.7	-13.820
CATCAT	610.0	3071.2	-13.765
CCTGTC	905.0	4731.7	-13.674
GGATGA	305.0	2336.8	-13.564
TCAAGA	353.0	3069.0	-13.384
ACCGTG	419.0	2497.9	-13.353
TAGTGG	528.0	2629.3	-13.289
GTGCTA	388.0	2203.6	-13.272
GCTACA	296.0	1652.6	-13.262
GCGGTG	288.0	1859.1	-13.249
ACGATA	41.0	219.5	-13.199
AGCAAT	974.0	5137.7	-13.178
CGTCAC	172.0	724.8	-13.124
CTTACA	333.0	2269.8	-13.107
AGGCAG	747.0	6635.3	-13.107
GCTGAA	494.0	3121.7	-13.107
GCCGTG	194.0	1260.7	-13.107
TGCCGT	161.0	946.2	-13.107
GAATAT	308.0	2298.0	-13.107
AATCAT	458.0	2663.2	-13.107
TCAAGG	505.0	2781.6	-13.107
GGCTAC	262.0	1549.3	-13.107
GGGGAT	315.0	2247.7	-13.107
CACACA	1270.0	6837.2	-12.997
AGCGTG	233.0	1041.3	-12.986
CGCCGC	267.0	2035.0	-12.929
GCTATG	408.0	1981.2	-12.871
CCGGCG	139.0	1016.3	-12.847
GTTGTC	468.0	2312.6	-12.837
AGCAGT	727.0	3754.3	-12.739
ACCACT	570.0	3109.2	-12.703
GGTACG	53.0	358.2	-12.652
GCGAGT	79.0	644.8	-12.646
AACATC	405.0	1970.7	-12.620
GTTAAC	261.0	1194.9	-12.556
ATACTC	215.0	1349.3	-12.490
CATCAG	311.0	2776.5	-12.477
GTCCGT	116.0	455.1	-12.395
AGAGAG	921.0	4863.9	-12.391
GAATGC	386.0	2319.4	-12.284
CACCAA	366.0	2586.5	-12.269
GGTTAA	270.0	1701.6	-12.237
GTGCCT	978.0	5198.8	-12.233
AAGCGC	136.0	734.0	-12.166
GGCGCG	479.0	3260.5	-12.164
CACAAT	634.0	3256.6	-12.075
AGGCTA	579.0	2950.4	-12.013
CGCGAT	289.0	1668.6	-12.003
GGCAGT	579.0	2951.9	-11.976
GGCGGG	513.0	3257.1	-11.954
AGTGGA	563.0	3254.1	-11.954
TGGAGA	858.0	5268.2	-11.954
TGAGAA	549.0	4193.3	-11.954
GGGTCC	312.0	2079.3	-11.954
CCAAGG	367.0	3404.9	-11.954
TTACAC	175.0	1922.1	-11.954
TGAATA	547.0	3084.4	-11.954
TGCACA	496.0	3504.8	-11.954
GGTGGA	657.0	3828.0	-11.954
TGGGTA	392.0	2331.4	-11.954
TCAATC	266.0	1807.9	-11.954
AATTTT	3935.0	22461.7	-11.943
ACTGTG	984.0	5244.4	-11.843
TTCGAC	83.0	301.2	-11.775
CTACGG	76.0	386.3	-11.700
TCGGCG	110.0	433.4	-11.684
ACCCGG	345.0	2090.7	-11.671
GAAGAG	653.0	3375.3	-11.669
GCGATA	63.0	295.0	-11.669
AGTGAA	411.0	3099.5	-11.616
CGTGAT	470.0	3126.5	-11.585
GATACG	95.0	360.4	-11.581
GGTATG	358.0	1740.0	-11.553
GTGACG	155.0	658.2	-11.527
ACCCGC	393.0	1932.7	-11.524
GTTTCG	373.0	1819.5	-11.508
GGATCT	500.0	2520.7	-11.483
ACGCAT	62.0	433.8	-11.448
TGAAAC	363.0	3440.6	-11.351
GAGCTA	351.0	1705.8	-11.349
CGACCT	274.0	1288.6	-11.319
AAGTCG	45.0	370.6	-11.100
CTATGT	669.0	3483.8	-11.094
CAACGT	107.0	623.2	-10.980
AAACGA	101.0	606.7	-10.961
CAACAT	412.0	3165.0	-10.886
CCACGT	232.0	1565.4	-10.886
CCCGGT	171.0	1055.9	-10.886
TAACTA	274.0	1482.5	-10.886
TCTGTT	1714.0	9508.2	-10.885
AACTAG	196.0	1357.8	-10.869
GCTAAT	2038.0	11404.3	-10.829
TAGGAC	280.0	1539.6	-10.825
GTTACA	297.0	2202.4	-10.765
GTACCG	11.0	301.7	-10.660
GCGTAT	85.0	321.7	-10.617
TTTCGC	384.0	1904.5	-10.592
GCACGT	266.0	1259.3	-10.524
GCACAC	485.0	3105.5	-10.506
CGCGTC	39.0	530.1	-10.434
AACTTC	596.0	3095.2	-10.352
TCGCGC	57.0	620.2	-10.224
TTACAA	581.0	3018.5	-10.168
GAGTGT	594.0	3091.1	-10.113
ATGCCG	111.0	539.6	-9.975
ACAGAT	610.0	3186.4	-9.940
AGCTAC	348.0	2604.6	-9.932
TGGCGC	583.0	3619.0	-9.897
AGACAT	392.0	2660.6	-9.897
GTCCCG	131.0	887.0	-9.897
CAATTA	249.0	1929.0	-9.897
AGGTAG	356.0	2286.8	-9.897
GTGACC	296.0	2267.0	-9.897
AATGAT	493.0	2946.9	-9.897
GGGACC	497.0	2554.1	-9.873
TTCCGC	194.0	892.1	-9.678
GATCAA	208.0	1334.9	-9.589
CGAGCG	98.0	531.2	-9.587
GGTCGG	151.0	666.2	-9.483
GGTGAT	883.0	4762.7	-9.452
GGCGGC	463.0	2374.9	-9.436
AAAGGC	257.0	2486.6	-9.341
TTAAGA	638.0	3371.6	-9.290
TAATCA	386.0	1949.3	-9.278
GGTTAC	248.0	1452.1	-9.270
CGTGTG	361.0	1812.2	-9.231
TGCGTA	59.0	432.1	-9.217
TACGTA	96.0	391.6	-9.187
AAGCTA	240.0	1782.9	-9.157
TTGTCC	658.0	3486.7	-9.128
AATTCT	1134.0	6234.9	-9.083
AGCATA	321.0	1594.1	-9.063
CGCACG	118.0	505.4	-8.996
ACAACT	194.0	1828.2	-8.980
CGGGTG	154.0	1335.1	-8.980
GCAATG	459.0	4014.4	-8.980
AGAGAC	1121.0	8886.9	-8.980
CCTTAG	451.0	2607.2	-8.980
CAAGAG	409.0	3041.1	-8.980
GTCTAA	207.0	1375.8	-8.980
ACTGAA	430.0	2962.6	-8.980
CGTGCA	203.0	1094.0	-8.962
ATGTGC	705.0	3767.5	-8.913
GAAATA	571.0	3005.2	-8.759
GTTAAA	351.0	2268.9	-8.709
GTGTCG	156.0	705.1	-8.666
CTGCAA	2019.0	11440.5	-8.609
CGATCT	939.0	5226.6	-8.591
TACAAC	184.0	1509.9	-8.589
ACACCT	738.0	3971.2	-8.549
ACCGGG	168.0	773.1	-8.474
ACGGCA	89.0	621.3	-8.444
ACATAA	410.0	2109.4	-8.347
CCGATT	121.0	531.8	-8.310
CGGGCA	102.0	1271.5	-8.297
GGACCG	119.0	520.8	-8.282
TGTGAG	1049.0	5782.5	-8.263
CGGCGG	339.0	1712.1	-8.258
TGACGC	126.0	558.7	-8.245
ACGTCG	47.0	162.7	-8.233
CTGTGT	1278.0	7117.8	-8.231
CCTTTT	1802.0	10194.2	-8.154
AACAAC	341.0	1726.3	-8.152
GGGCAC	305.0	2454.5	-8.130
GGTCCA	172.0	1723.0	-8.130
CCAAAT	510.0	2922.7	-8.130
AGACAC	285.0	2714.7	-8.130
TGTACC	334.0	1895.3	-8.130
GGAACT	449.0	2660.4	-8.097
TAGACG	74.0	442.1	-8.093
ACTAGA	252.0	1487.2	-8.089
TGTGTT	1331.0	7435.9	-8.075
AAACGT	148.0	678.2	-8.050
ACGTGC	203.0	1260.5	-8.026
CAATCG	46.0	336.2	-7.976
GAACGT	113.0	494.1	-7.919
TGGCCC	700.0	3777.3	-7.916
GGGTAC	180.0	1170.2	-7.859
GAGATA	365.0	2623.7	-7.799
ACTTTT	1666.0	9424.6	-7.744
GCGACA	55.0	604.2	-7.661
TATATT	990.0	5472.2	-7.604
GATACT	203.0	1506.0	-7.594
AACGTC	98.0	421.7	-7.587
CATAGC	381.0	1968.0	-7.577
CTTGAA	1054.0	5844.6	-7.567
AAAAAC	658.0	3547.2	-7.562
AATAAT	699.0	3786.2	-7.546
GCCGAT	93.0	396.4	-7.535
GCCCGA	101.0	875.3	-7.529
TATATA	897.0	4932.5	-7.525
AGGCGG	403.0	2311.2	-7.515
GATGCG	128.0	581.4	-7.435
GCTAAA	332.0	1700.7	-7.416
CGCGTG	152.0	705.1	-7.411
CAATTC	739.0	4028.7	-7.357
TGCGGT	177.0	1193.9	-7.348
GACATG	347.0	2318.2	-7.343
CGAGCC	148.0	949.8	-7.343
ATGCAA	292.0	2304.8	-7.343
GGTACT	171.0	1291.7	-7.343
TCACCG	287.0	2309.3	-7.343
GGGACA	278.0	2569.7	-7.284
GCACGC	206.0	1207.0	-7.279
ATACGG	73.0	297.9	-7.250
TACCCG	109.0	483.1	-7.241
ACCGAG	132.0	760.9	-7.167
CGGTCG	66.0	263.8	-7.165
TCCTGT	959.0	5312.0	-7.139
GCGCTA	102.0	448.8	-7.135
GTTGGT	688.0	3743.5	-7.129
CGTTGC	153.0	716.9	-7.100
AAGATA	408.0	2136.6	-7.084
GGTGCG	435.0	2290.8	-7.070
AACGTT	127.0	582.4	-7.049
TCTTAC	478.0	2537.8	-6.986
AGCAAC	298.0	1837.4	-6.970
GACGTA	76.0	317.0	-6.923
TCACGG	188.0	914.9	-6.869
GGCGGT	178.0	860.2	-6.784
ATCTAA	312.0	1605.0	-6.746
CGCAAC	142.0	789.9	-6.746
GTCGCG	63.0	334.9	-6.714
ATCAGC	284.0	2247.0	-6.614
CGCTCA	125.0	1095.5	-6.614
TGAACC	349.0	2850.0	-6.614
CATGAC	268.0	1844.2	-6.614
ATATAA	489.0	2787.1	-6.580
AGGCGA	134.0	894.9	-6.578
TCATAG	457.0	2433.4	-6.561
TCCGTC	229.0	1147.6	-6.489
GCGCCC	713.0	3914.4	-6.488
GATAGA	324.0	1683.5	-6.438
TGGCCT	1576.0	8989.8	-6.378
GTGCGG	204.0	1285.0	-6.372
AAGAGA	728.0	4007.0	-6.355
ACGAAA	85.0	370.2	-6.329
CGTGTA	108.0	492.9	-6.321
TAGTCT	489.0	2628.3	-6.311
CGGGTC	147.0	704.3	-6.306
GCTAAC	185.0	1347.0	-6.304
CGTACG	15.0	105.5	-6.237
TTTGAA	1114.0	6279.7	-6.196
ACGGTT	112.0	516.3	-6.158
GAACCA	273.0	2143.7	-6.153
AAGCGG	123.0	712.7	-6.135
TGATCG	113.0	523.0	-6.119
TGACGT	138.0	659.4	-6.106
CGTAAG	88.0	390.3	-6.095
CTAAAT	448.0	2404.7	-6.063
CTTGAC	535.0	2904.8	-6.056
CGTTCG	47.0	181.6	-6.036
GAACGA	82.0	359.2	-6.002
GGTCAT	337.0	1768.5	-5.967
AACCAT	296.0	2044.8	-5.962
CTGGCC	1380.0	7859.2	-5.958
TAAGCG	73.0	446.3	-5.941
AGGCAA	450.0	2704.6	-5.940
CGCACC	253.0	1643.5	-5.940
AGATAA	367.0	2520.7	-5.940
TCACGT	71.0	978.5	-5.940
CAGCGA	104.0	902.1	-5.940
GACAAG	412.0	2200.3	-5.931
AATATA	574.0	3135.7	-5.920
TTGCTC	1240.0	7041.0	-5.873
TGGTGC	930.0	5218.7	-5.854
CCGAAG	135.0	755.9	-5.813
CCGGTT	115.0	751.5	-5.810
ATATTA	547.0	2982.8	-5.790
ATCCGC	222.0	2169.0	-5.781
TACCAT	493.0	2674.2	-5.776
ACGATT	81.0	639.7	-5.757
TAAAGC	305.0	1895.7	-5.725
CATACT	325.0	1712.4	-5.724
GGAGCG	176.0	1460.7	-5.717
TGATCC	1322.0	7539.6	-5.674
GACGTG	175.0	868.7	-5.666
CTATGC	306.0	1603.0	-5.646
GCGCGC	339.0	1791.2	-5.645
CTTAAA	582.0	3197.8	-5.637
TGTTAA	549.0	3002.3	-5.619
GCTCGC	219.0	1114.5	-5.554
ATAGAC	234.0	1201.3	-5.535
TAAGAG	412.0	2217.3	-5.497
ACGAGT	46.0	411.1	-5.496
CCAGGT	1241.0	7079.1	-5.417
GCCCAT	417.0	2462.0	-5.400
TCGTCC	131.0	634.9	-5.392
GAATTC	454.0	2462.5	-5.363
CCATCA	602.0	3327.8	-5.355
AATAAC	318.0	1695.3	-5.349
ATGCCA	697.0	3879.3	-5.330
GATGCC	331.0	2114.1	-5.318
CACACG	128.0	1205.7	-5.318
CGCTAC	91.0	418.3	-5.317
CGAACG	39.0	149.9	-5.307
CACGTC	118.0	957.4	-5.268
ACTCCG	184.0	929.4	-5.258
ACAGTA	375.0	2012.1	-5.257
TAACCA	331.0	1765.5	-5.201
CTATCT	439.0	2385.3	-5.182
GTCCGG	137.0	781.1	-5.175
GTCGGA	77.0	345.9	-5.172
CTACGC	72.0	520.7	-5.171
TTTAAT	1442.0	8291.3	-5.150
TCGGTC	113.0	541.7	-5.129
CCTAGG	577.0	3194.6	-5.064
ATAAGT	341.0	1824.3	-5.055
ATCGTC	76.0	343.0	-5.024
AAATAG	538.0	2972.0	-4.981
TGGTCA	623.0	3467.5	-4.912
CGCGCA	55.0	604.0	-4.893
GAAGAT	425.0	2320.9	-4.876
GTCCTC	513.0	2830.3	-4.861
CGCATG	109.0	761.4	-4.860
AAAGAT	569.0	3155.6	-4.855
CCCGTA	70.0	313.1	-4.847
ACCGCG	277.0	1559.0	-4.844
GCGGCA	163.0	820.5	-4.841
CAGACG	181.0	923.2	-4.838
AATCAA	387.0	2100.1	-4.826
CCGAAT	70.0	483.3	-4.816
CGATCG	35.0	156.2	-4.794
GACAAC	132.0	1106.1	-4.770
AAATGA	725.0	4075.0	-4.748
CCAACA	205.0	3106.7	-4.744
ATCTTT	1141.0	6536.3	-4.736
CCTATC	255.0	1348.9	-4.713
ATATGA	377.0	2046.6	-4.699
ACTCAA	411.0	2245.4	-4.672
CCGGTC	125.0	617.8	-4.637
CATCGT	123.0	606.2	-4.635
TTTGGT	1252.0	7212.0	-4.572
AAACCG	102.0	491.4	-4.568
GGGACG	155.0	899.5	-4.556
GCGAGC	156.0	842.2	-4.552
TACCGC	64.0	401.9	-4.532
CTAGCG	36.0	385.0	-4.530
TTCGCT	254.0	1349.9	-4.508
AGTACG	62.0	276.7	-4.500
ATTTCG	159.0	807.5	-4.469
ACCGAT	34.0	294.2	-4.428
AGTACT	355.0	1931.3	-4.426
CTGATC	470.0	2602.1	-4.402
AGCGAA	81.0	476.7	-4.381
AACCTT	501.0	2781.1	-4.364
GAAACG	149.0	760.8	-4.332
TTGCGC	112.0	570.6	-4.312
TGTAAC	377.0	2062.5	-4.309
CGCTAA	79.0	371.0	-4.301
AACGGG	105.0	513.7	-4.296
TGAAAA	766.0	4349.8	-4.267
GATGGA	984.0	5638.4	-4.261
ACGTAA	84.0	399.8	-4.251
CTGGTC	1451.0	8423.8	-4.246
AGCGGC	157.0	1037.8	-4.217
AGGGAC	317.0	2401.2	-4.217
CGATAA	49.0	212.9	-4.211
ACGTTG	173.0	895.1	-4.174
GGTCTG	572.0	3210.9	-4.158
GTATGC	205.0	1081.5	-4.145
ATTATG	458.0	2543.4	-4.119
TAAATA	719.0	4081.4	-4.111
CGTAGT	77.0	431.0	-4.093
TCGCTA	94.0	457.8	-4.079
TACACC	259.0	1394.4	-4.068
AATCGA	75.0	353.3	-4.042
GTGGTA	389.0	2147.2	-4.035
AGCGCC	200.0	1056.8	-4.031
TTCGTC	101.0	497.5	-4.011
TTAACC	320.0	1748.9	-3.964
CTACAC	245.0	1608.0	-3.953
GTAACC	266.0	1433.2	-3.950
TCTCCG	243.0	1304.4	-3.948
CGAGCA	118.0	681.6	-3.945
AACCGT	84.0	405.6	-3.937
TAAAGA	586.0	3304.5	-3.936
TGTCTC	1102.0	6370.8	-3.920
GTATTG	362.0	1996.2	-3.898
CCGCGG	237.0	1273.6	-3.818
TAGCGT	43.0	455.2	-3.808
ATGTGA	539.0	3039.3	-3.803
ACTCTT	778.0	4452.2	-3.783
GCGGTC	92.0	586.9	-3.760
AGCTCA	1210.0	7029.2	-3.736
TCGTCA	107.0	538.9	-3.716
GGCGAT	87.0	712.8	-3.690
TCGCTC	620.0	3524.2	-3.688
CTAGTC	271.0	1474.4	-3.662
TATTAA	580.0	3289.7	-3.662
AGCCGT	134.0	699.5	-3.658
GCCATA	254.0	1380.3	-3.639
TAGACT	300.0	1648.1	-3.634
ATGATC	678.0	3869.0	-3.610
CGGTTA	69.0	329.8	-3.573
CGGTGC	170.0	896.9	-3.567
GAGATG	1569.0	9198.9	-3.548
CTTCGT	144.0	753.3	-3.547
GAACGC	94.0	469.8	-3.522
ATCGAC	49.0	222.9	-3.515
AGATGT	541.0	3072.4	-3.447
CGCCGA	82.0	405.3	-3.400
ATTAAG	363.0	2026.9	-3.397
TCGAGC	119.0	614.7	-3.375
CCGCTA	96.0	485.8	-3.315
CATTGC	539.0	3068.9	-3.314
CTAGTA	246.0	1727.7	-3.288
GTCACG	127.0	732.6	-3.288
TTCCCG	261.0	1430.7	-3.286
ACGAGC	67.0	437.3	-3.281
ACCGTC	93.0	469.6	-3.281
ACGTCC	89.0	667.7	-3.223
ACACGA	89.0	448.5	-3.222
TACGAT	61.0	322.0	-3.220
ATTCCG	82.0	409.5	-3.218
GCTAGT	315.0	1752.7	-3.203
TAAATT	902.0	5235.9	-3.202
TAACTT	597.0	3419.1	-3.191
GCACCG	156.0	827.0	-3.182
TACTTT	1046.0	6100.7	-3.173
CACGGT	187.0	1079.2	-3.160
TATCAC	317.0	1766.7	-3.155
TTGGTC	669.0	3851.4	-3.144
TATCGT	62.0	299.4	-3.136
CGCAAT	200.0	1087.7	-3.126
TAGAAC	295.0	1642.8	-3.104
ACCGTA	75.0	410.8	-3.101
CCAGCT	1667.0	9843.1	-3.079
CTAGCC	314.0	1752.8	-3.078
TCTGGT	609.0	3496.6	-3.078
ACTCGA	77.0	385.3	-3.045
CGGATA	56.0	268.5	-3.035
ATAGAT	348.0	1954.8	-3.027
CGCAAA	89.0	453.3	-3.014
TTGAAC	875.0	5090.1	-3.010
ACGCCA	379.0	2138.0	-2.994
AAAGCG	100.0	730.1	-2.988
TCATAT	482.0	2749.8	-2.966
GAGAAG	575.0	3790.2	-2.962
CCTCTG	1601.0	9462.0	-2.950
AGTCGG	75.0	623.3	-2.935
TTCGGC	136.0	725.6	-2.928
ATGCGT	66.0	522.1	-2.927
GCCGGA	145.0	958.7	-2.918
AGTCGA	55.0	265.3	-2.904
TATAAG	310.0	1736.9	-2.902
AAGCAC	268.0	2085.2	-2.884
CATGTC	458.0	2614.4	-2.854
TTAAAT	962.0	5625.9	-2.848
CTTCAA	509.0	2919.8	-2.837
ACGATG	80.0	500.3	-2.821
CATGAT	730.0	4238.2	-2.820
GACTCG	111.0	587.0	-2.753
TGCGCA	103.0	819.0	-2.750
TTTCGG	161.0	872.1	-2.740
TAAGAC	250.0	1501.1	-2.731
TAGTAC	218.0	1204.6	-2.730
AGTGTG	690.0	4009.1	-2.728
TCGTAC	46.0	219.2	-2.722
TTGTCG	140.0	756.1	-2.717
TAACCT	404.0	2302.4	-2.716
GAGCGC	180.0	1148.1	-2.711
TATGCT	362.0	2057.6	-2.706
GCGGGA	201.0	1370.4	-2.706
AGGTCG	106.0	559.0	-2.698
CAAACG	114.0	605.6	-2.693
GTTATA	265.0	1481.3	-2.691
AGGTTG	691.0	4020.1	-2.676
TTCACT	1036.0	6089.8	-2.674
TGAACG	94.0	491.9	-2.644
AAATGG	618.0	3587.5	-2.622
GACACG	133.0	727.5	-2.611
TGGTCG	95.0	498.9	-2.598
CCCGTC	243.0	1360.6	-2.592
AAACAA	723.0	4220.3	-2.579
CGGTCC	113.0	603.6	-2.572
TGCCTG	1671.0	9931.1	-2.559
GATAAT	304.0	2098.2	-2.515
CAATCC	411.0	2359.8	-2.497
GCGGAA	98.0	519.8	-2.467
TAAAAT	943.0	5551.5	-2.466
CGTATT	123.0	666.8	-2.443
AATGTA	437.0	2517.2	-2.439
TTGGGC	515.0	2984.7	-2.436
AGGTCT	565.0	3280.3	-2.435
TGTAGA	646.0	3767.7	-2.429
GCAGTT	582.0	3388.3	-2.422
CTAGAA	412.0	2370.6	-2.418
TCTTAG	479.0	2768.5	-2.413
CCGCAA	164.0	902.5	-2.412
GCGGTA	36.0	311.5	-2.397
GGTACC	171.0	1209.2	-2.390
TCGAAG	85.0	448.8	-2.346
GCCGTA	65.0	333.2	-2.345
CTAACG	57.0	288.6	-2.337
ATACCG	53.0	266.8	-2.315
CCTTCG	166.0	919.1	-2.307
TACTGT	504.0	2927.5	-2.286
ATCGTA	55.0	279.0	-2.282
ATAACC	204.0	1148.2	-2.253
TTCGTT	189.0	1059.7	-2.243
TTCGTA	103.0	556.8	-2.239
AGCCCA	651.0	3816.6	-2.236
AGGGCA	555.0	3240.0	-2.225
TAATCG	51.0	258.0	-2.214
GACGTC	85.0	452.4	-2.209
AATAAA	879.0	5193.3	-2.199
CGGGAC	82.0	715.6	-2.143
GTCGTA	20.0	224.5	-2.140
CCGGGG	298.0	1712.8	-2.139
GTAAGC	240.0	1365.5	-2.137
TCTAGA	403.0	2335.2	-2.121
GCATAT	336.0	1933.6	-2.121
TTAATG	538.0	3148.9	-2.121
ATACTA	238.0	1354.1	-2.121
AATATG	406.0	2355.1	-2.093
CCCGAA	106.0	784.3	-2.091
CGGCCC	342.0	1974.9	-2.072
TTGCCG	145.0	810.5	-2.059
ATTCGT	92.0	498.6	-2.035
CATAAG	252.0	1444.2	-2.034
ATTTAA	863.0	5113.2	-2.031
ATCTCA	1123.0	6688.1	-2.026
AAAACT	581.0	3416.4	-2.014
CGACCC	114.0	628.3	-2.013
ATGTAG	344.0	1990.7	-2.011
CTGTCT	1201.0	7162.7	-2.005
CGACAT	60.0	314.9	-1.976
TGAAAT	736.0	4354.6	-1.975
GGTGTA	309.0	1784.2	-1.957
TCGACT	96.0	524.6	-1.955
TATAGA	369.0	2143.8	-1.951
ATTAAC	280.0	1613.0	-1.950
AACTGT	457.0	2673.9	-1.937
TATGTA	481.0	2818.8	-1.931
TATAAT	575.0	3386.0	-1.931
ACATCT	466.0	2731.0	-1.927
CAATAT	371.0	2157.8	-1.923
AACTCC	1476.0	8844.8	-1.917
TGCTCT	1318.0	7881.7	-1.909
ATATTC	439.0	2569.4	-1.907
GTACAC	212.0	1214.7	-1.905
AAAACA	797.0	4731.1	-1.898
GATATA	272.0	1568.3	-1.888
TCGATA	47.0	242.8	-1.885
AGATAG	391.0	2284.2	-1.884
CCGATA	44.0	225.7	-1.882
GGGTCG	67.0	601.8	-1.881
CGGGCC	263.0	1514.8	-1.875
GATGTG	531.0	3126.2	-1.866
TACGGA	56.0	294.1	-1.866
AACGTG	153.0	861.8	-1.861
GATCGG	68.0	364.2	-1.839
GCTGAC	365.0	2132.7	-1.839
GGACGG	141.0	796.3	-1.838
GCGCCG	209.0	1200.9	-1.834
AACGCG	46.0	238.1	-1.815
CGACGC	15.0	275.7	-1.814
TTAACT	522.0	3074.5	-1.805
CGAGGC	264.0	1525.0	-1.794
ATATCA	338.0	1968.1	-1.793
ATCGAA	52.0	273.8	-1.791
ATCGTT	89.0	489.0	-1.788
CGTCGG	52.0	303.8	-1.788
ACAAGA	362.0	2119.2	-1.770
CTTCGA	95.0	526.1	-1.765
TCGAAA	68.0	367.4	-1.742
AAATCT	591.0	3499.0	-1.742
GCAAAC	327.0	1911.4	-1.736
GACGAT	59.0	315.4	-1.734
GTGAAC	220.0	1901.9	-1.731
CCGCGC	385.0	2532.9	-1.717
TTAATT	1212.0	7271.4	-1.712
TAAAAA	1189.0	7128.0	-1.712
CGAAAT	75.0	410.6	-1.706
TTAGAC	299.0	1747.1	-1.703
CTAATT	2149.0	12981.4	-1.693
ATAATT	715.0	4257.3	-1.678
GCGACG	27.0	294.8	-1.669
ACCCGT	102.0	571.4	-1.668
ACGCAA	64.0	362.5	-1.664
CTATAC	178.0	1022.9	-1.654
TCCCCC	634.0	3772.4	-1.636
TAATAA	529.0	3135.6	-1.633
ATAGCG	54.0	289.0	-1.632
TTGTAA	627.0	3728.9	-1.632
GAATGT	440.0	2600.1	-1.616
TGGCGG	246.0	1433.9	-1.608
AGAGAA	711.0	4240.2	-1.601
CTTACG	75.0	414.9	-1.590
GGACTT	434.0	2565.1	-1.590
ATACCA	303.0	1774.2	-1.578
TATCTA	329.0	1936.7	-1.575
GCATAA	236.0	1569.7	-1.559
TACGAG	26.0	296.9	-1.557
CCAGGG	769.0	4605.9	-1.536
AAACGG	118.0	673.3	-1.525
TACTAG	205.0	1195.4	-1.511
ATTCGC	68.0	376.6	-1.502
GCCGGT	117.0	669.8	-1.483
TATCGG	31.0	258.8	-1.483
GCGTTG	106.0	604.0	-1.473
ACTCGC	93.0	525.8	-1.469
CAACGA	58.0	318.4	-1.450
CCATCG	109.0	622.7	-1.448
TATGGG	316.0	1866.5	-1.441
AAGAGT	442.0	2629.9	-1.441
TGCTCG	142.0	822.1	-1.430
CGTTGG	145.0	841.6	-1.429
GTAGGA	279.0	1644.4	-1.420
ATTGTA	439.0	2613.6	-1.417
CCGACG	45.0	243.2	-1.413
AAAGCA	567.0	3388.7	-1.410
TGTTTC	1078.0	6501.0	-1.407
GGTCCG	90.0	510.6	-1.403
GGAGGG	840.0	5054.9	-1.400
AACCCG	128.0	739.2	-1.396
ACGGAT	29.0	389.3	-1.391
CGACTC	107.0	701.6	-1.384
GTGGTC	413.0	2459.8	-1.378
CGCGAC	43.0	335.7	-1.376
TTGAAT	689.0	4139.0	-1.369
AGCTTA	344.0	2045.6	-1.369
TGCACT	470.0	3855.7	-1.363
GTTGAG	353.0	2512.5	-1.355
GGAAGA	606.0	3632.0	-1.349
AACGTA	57.0	364.5	-1.343
ATAAAA	756.0	4547.0	-1.338
CGCTTC	176.0	1029.1	-1.330
CCAAAC	308.0	2290.5	-1.329
ACGGCT	128.0	744.0	-1.320
GTGGGC	382.0	3086.8	-1.303
GTCGTC	76.0	508.9	-1.301
CGTAGG	79.0	449.2	-1.298
CCAAAA	559.0	3356.0	-1.296
CGACTG	56.0	553.1	-1.288
TCGTTT	191.0	1356.2	-1.286
AGAAGA	597.0	3589.3	-1.283
GGCGCC	601.0	3616.7	-1.269
CGACAC	70.0	397.8	-1.260
ATAGTA	297.0	1769.5	-1.259
TTAAGC	304.0	2086.1	-1.252
AGCGTA	41.0	343.6	-1.250
CGATGT	87.0	499.3	-1.248
TAAAAC	449.0	2695.3	-1.236
CCGAGG	245.0	1831.1	-1.234
TCCAAG	411.0	3188.8	-1.231
GACAGA	1007.0	6094.3	-1.230
TCCAGT	498.0	3747.2	-1.224
GAAGGT	372.0	2223.4	-1.220
GCTTAA	303.0	1820.9	-1.216
TAGTCG	48.0	267.7	-1.213
CTCGTT	166.0	977.7	-1.186
CGCCAT	458.0	2799.5	-1.182
GCGAAT	27.0	345.9	-1.179
CGGGCG	231.0	1640.2	-1.178
GTTGAA	335.0	2611.4	-1.172
TCGCTT	219.0	1299.2	-1.171
CTTCCG	237.0	1450.8	-1.169
GTCGAA	41.0	227.2	-1.168
TCGGGC	135.0	795.6	-1.165
TCCTAA	481.0	2894.1	-1.162
ATACGC	46.0	257.4	-1.159
AAAGGT	357.0	2342.9	-1.152
CACCTA	326.0	2076.1	-1.152
CCTACT	286.0	2128.2	-1.142
CCATGT	1016.0	9136.3	-1.140
AGATGA	590.0	3562.7	-1.138
CTCGAC	150.0	883.3	-1.128
AAATTT	1255.0	7630.5	-1.124
ACCCGA	77.0	577.3	-1.122
TATATC	316.0	1894.8	-1.120
AGGTAC	241.0	1442.3	-1.117
CCGTCA	106.0	621.3	-1.113
GCAACA	399.0	2399.8	-1.107
GTGATA	308.0	1913.4	-1.106
TAAATC	339.0	2034.7	-1.100
AGCTAT	363.0	2249.9	-1.099
CGAAGA	78.0	452.6	-1.098
TTATCG	57.0	325.7	-1.096
AACGCA	68.0	392.2	-1.096
CGTATG	64.0	367.1	-1.096
AACCAA	333.0	2003.2	-1.095
GCTCCT	689.0	4178.6	-1.085
GTACAT	304.0	1823.4	-1.076
CCCTAG	270.0	2184.9	-1.073
ACGAAC	52.0	296.8	-1.072
CAAATA	494.0	3147.6	-1.072
AGACTG	615.0	3728.5	-1.060
CAAGTT	479.0	3054.7	-1.057
GGTAGA	370.0	2228.5	-1.052
ATCATC	265.0	1914.4	-1.050
TGATCA	450.0	2723.9	-1.049
TATAGC	181.0	1503.9	-1.043
GGACAA	149.0	1728.5	-1.041
ATATGC	306.0	1840.7	-1.038
TGCACG	172.0	1025.6	-1.035
CAACCC	330.0	1991.6	-1.033
GAGAGC	380.0	2586.3	-1.032
AGGGGT	371.0	2827.6	-1.031
ACATTA	357.0	2155.0	-1.031
AGTGGG	539.0	3579.8	-1.031
CTGGTT	705.0	4284.8	-1.029
AGGTGA	906.0	5516.8	-1.026
CTGTAT	548.0	3321.7	-1.025
CTACGA	51.0	292.7	-1.022
ATACTT	478.0	2893.9	-1.016
CCGAAA	79.0	502.0	-1.010
GGAGTT	710.0	5626.5	-1.008
ACGTTT	193.0	1157.5	-1.007
GCATAC	158.0	1017.3	-1.005
TGTTAC	381.0	2594.1	-1.004
TATAAC	221.0	1326.0	-1.001
TTGACT	529.0	3208.9	-1.000
CACGAA	78.0	457.2	-0.997
CGTCGC	59.0	393.7	-0.995
AAGGCA	368.0	3101.3	-0.994
CTCGCC	264.0	1588.8	-0.994
ATGCAT	359.0	2638.4	-0.985
CGCACT	99.0	586.3	-0.984
GCCAAG	411.0	3532.2	-0.982
GAAAAT	613.0	3727.9	-0.980
AAGGTT	402.0	2433.5	-0.977
TCTAAG	327.0	1979.9	-0.972
GATACA	282.0	1702.1	-0.972
AATAGT	353.0	2136.3	-0.972
CCAGCG	212.0	1278.3	-0.969
CGGTAC	38.0	216.8	-0.966
TCAAAC	721.0	4393.0	-0.963
CGTAAC	37.0	240.9	-0.959
CGGCAC	69.0	640.2	-0.959
TCGGGT	115.0	686.6	-0.955
TAGTGT	377.0	2285.0	-0.952
ACTTAA	356.0	2158.2	-0.948
CTGTAC	330.0	2000.6	-0.948
ATCGGC	64.0	375.6	-0.942
ATGATA	313.0	1894.3	-0.938
CCTTGC	409.0	3571.7	-0.934
CTGAAT	550.0	3348.0	-0.932
TGCCAT	730.0	5137.1	-0.930
TATTCT	757.0	4616.2	-0.923
TCCGAC	31.0	407.5	-0.922
GTAGTC	182.0	1609.2	-0.921
GTTGCA	415.0	2697.4	-0.920
CAGATG	661.0	4028.3	-0.920
GACCGA	76.0	449.8	-0.919
GATAGG	248.0	1502.6	-0.914
CCCAAC	293.0	2509.4	-0.913
GCCTAT	323.0	1960.7	-0.913
AGTCAG	483.0	2939.6	-0.913
GGCTCT	503.0	3954.6	-0.909
GCTGTA	382.0	2321.9	-0.907
TGGCTT	947.0	5786.2	-0.907
ACCCAG	1422.0	8704.2	-0.902
ATCTCG	839.0	5128.4	-0.899
ACGTAT	74.0	438.9	-0.897
ACGGCG	58.0	457.4	-0.888
CTCTGT	2295.0	14076.3	-0.888
CATCAC	478.0	2910.4	-0.886
TTATGT	583.0	3942.5	-0.873
TGAGGC	646.0	5058.9	-0.868
GACTTA	241.0	1463.2	-0.865
AATCAC	377.0	2296.0	-0.861
TTACAT	503.0	3938.0	-0.859
GCGAAC	50.0	293.0	-0.857
TTGTAT	1706.0	13045.8	-0.855
ATGAGT	401.0	2442.8	-0.855
TGTAGG	371.0	2258.6	-0.854
ACGTCA	99.0	594.7	-0.854
TCGAAT	76.0	453.4	-0.847
CGTCTT	118.0	1003.6	-0.844
ACCCAA	252.0	2058.3	-0.844
GTTCGT	74.0	441.9	-0.843
TTCCAG	729.0	5711.5	-0.838
GAGCAA	375.0	2357.6	-0.837
ACGTGT	142.0	941.9	-0.831
CGTCTG	191.0	1160.7	-0.830
TCCTAG	357.0	2735.5	-0.827
AATCGT	61.0	379.5	-0.826
TCGCGG	74.0	466.8	-0.826
CGTGGG	173.0	1304.8	-0.815
GCGGAC	84.0	504.1	-0.811
CCGAGC	149.0	1047.1	-0.809
CGGAAG	122.0	739.2	-0.808
CCTAAT	333.0	2036.0	-0.805
CTAATA	295.0	1804.0	-0.802
CAAACT	797.0	5084.7	-0.799
TGAGCT	760.0	4659.6	-0.799
GACTTC	411.0	2514.1	-0.798
GCAATA	209.0	1474.5	-0.792
TTGGCC	1396.0	9984.6	-0.792
CCGTCT	298.0	1824.4	-0.789
ATGAAA	538.0	3298.9	-0.787
AGGATT	624.0	4174.2	-0.786
CAACAC	269.0	2017.8	-0.786
GTAATT	499.0	3054.3	-0.782
CGTCGT	36.0	211.3	-0.781
CCATAG	243.0	1560.3	-0.775
TCACTC	1071.0	6583.0	-0.769
ACCTTG	662.0	4258.0	-0.768
ATAGAA	380.0	2328.4	-0.765
GGCCCG	262.0	1600.4	-0.760
TAAACC	246.0	1506.0	-0.758
CATTAA	380.0	2329.9	-0.758
TAATGC	298.0	1829.5	-0.748
GTCCCC	434.0	2663.7	-0.744
GACCAT	211.0	1750.5	-0.742
GTTACG	52.0	311.3	-0.739
GATTGA	290.0	1779.4	-0.738
TGTGCA	663.0	4640.2	-0.737
TCGAGA	144.0	1010.8	-0.736
AAAGGA	574.0	3529.0	-0.734
ACTAAT	323.0	1983.2	-0.730
CATTTT	1875.0	12251.3	-0.730
GAGGTG	572.0	4416.6	-0.723
TTGTGT	826.0	6155.6	-0.721
TGCTAG	390.0	2398.6	-0.719
TTTGGA	929.0	5841.5	-0.717
CGTCCA	100.0	870.9	-0.717
ATCCTA	276.0	1694.3	-0.712
TTCGAA	87.0	530.8	-0.711
GCATCT	423.0	2875.4	-0.710
TGTATT	1996.0	13943.7	-0.709
GCGTTC	41.0	666.9	-0.707
CACCTT	620.0	4461.7	-0.703
GGCCTG	618.0	5284.7	-0.694
TCTCGA	542.0	4243.5	-0.690
GTCCAC	192.0	1777.7	-0.685
CGTCTC	281.0	1739.2	-0.684
GACGGG	586.0	3841.5	-0.684
GAGGAG	662.0	4528.7	-0.684
CTGTTA	462.0	2846.6	-0.683
AGATAT	409.0	2521.7	-0.666
TACCAG	307.0	1890.1	-0.666
ACGGTC	69.0	493.7	-0.663
AGGATC	366.0	2260.7	-0.659
CTCTCG	227.0	1399.6	-0.653
CGCTCT	574.0	3545.0	-0.645
TAGAAG	367.0	2270.7	-0.640
GTAAAT	408.0	2519.0	-0.640
GTGGTG	1232.0	7857.5	-0.636
CTTTGT	1146.0	7221.9	-0.635
GGTTGA	326.0	2016.4	-0.633
CGATAT	55.0	336.2	-0.624
TTCGCC	236.0	1460.2	-0.617
GGGCTG	809.0	5338.5	-0.617
ATCACG	169.0	1044.4	-0.614
CGAGCT	126.0	781.7	-0.613
CTTTCG	136.0	844.3	-0.612
GTCATC	305.0	2037.7	-0.604
CTGACG	101.0	625.0	-0.602
ACTGCT	493.0	3310.5	-0.600
TGCTCC	326.0	3650.4	-0.599
CATCCG	109.0	676.9	-0.598
TGAAGC	403.0	2820.5	-0.596
TTTCGT	210.0	1305.9	-0.596
AGGGTG	531.0	3288.1	-0.596
TCGACC	108.0	670.8	-0.595
GTGTAC	242.0	1501.5	-0.595
TTACCC	331.0	2054.2	-0.592
GAGTCC	299.0	2197.3	-0.588
CTTAAC	268.0	1660.2	-0.587
TAATTT	3044.0	18823.4	-0.582
ACTATC	155.0	1067.8	-0.574
GTAACG	29.0	264.6	-0.574
TATTGC	405.0	2512.5	-0.571
GCCGTC	115.0	717.0	-0.568
AGTAAG	301.0	1867.8	-0.567
TGTGGA	600.0	3724.7	-0.567
CCTAAA	374.0	2320.8	-0.566
GACGCG	69.0	428.4	-0.566
TAAATG	530.0	3485.3	-0.565
TAATTA	544.0	3373.8	-0.561
GGGGGT	450.0	2798.1	-0.556
AACTGA	402.0	2495.6	-0.556
GTGGCC	459.0	3391.7	-0.555
GTTGAC	244.0	1519.1	-0.554
AAGGTC	347.0	2156.5	-0.554
GCACGG	149.0	932.8	-0.551
AACGAC	44.0	272.9	-0.550
TGAACA	424.0	2639.4	-0.546
GGGTTG	430.0	2695.5	-0.545
AACTAT	286.0	1781.6	-0.543
ATATAG	229.0	1794.4	-0.542
GTTTGA	423.0	3850.1	-0.540
GTCAGA	371.0	2306.6	-0.539
ACAGTT	538.0	3414.1	-0.534
GATGAT	402.0	2499.3	-0.534
ATGTTG	1302.0	9433.0	-0.533
GTAAAC	224.0	1396.5	-0.531
ATGGAG	963.0	5977.5	-0.530
TGTCCA	584.0	3628.2	-0.529
TAGAAT	418.0	2605.0	-0.524
AAGCCG	108.0	677.1	-0.521
ACCTGC	599.0	4252.3	-0.518
GCGGCG	315.0	1964.0	-0.516
TAATTG	415.0	2587.6	-0.515
TACAAT	344.0	2144.6	-0.515
AGCCAA	425.0	3006.3	-0.514
CTCAAA	1052.0	6532.6	-0.513
TCTTAT	458.0	3581.8	-0.509
TAGACA	345.0	2153.0	-0.505
CTAGAC	178.0	1240.9	-0.501
CCTGAA	587.0	3655.0	-0.500
GCTATC	103.0	1313.3	-0.499
TAGATA	311.0	1942.7	-0.499
GTATCG	40.0	250.2	-0.499
ACAATA	298.0	1909.6	-0.498
CGAACA	53.0	332.0	-0.496
TTAAAC	423.0	2643.9	-0.493
ACAGAG	1135.0	7059.0	-0.490
CCTGTT	748.0	4658.7	-0.488
TTGGTA	519.0	3240.8	-0.487
CGCCGG	168.0	1054.9	-0.485
CGCCGT	71.0	447.8	-0.484
GAAGCG	106.0	804.1	-0.479
TACTCT	449.0	2807.3	-0.479
CAAGAA	434.0	2710.8	-0.478
AAGGTG	454.0	2934.9	-0.478
GGCCGC	279.0	1749.0	-0.477
ACCAAA	330.0	2280.5	-0.474
CACTAA	239.0	1500.7	-0.472
ATTTAT	1590.0	10219.3	-0.468
TATTCA	490.0	3063.5	-0.466
TGGCAG	689.0	4301.8	-0.465
TATAGT	372.0	2327.4	-0.464
GTTTGT	1179.0	8010.4	-0.464
CGAACC	61.0	386.7	-0.461
TCAACG	54.0	341.3	-0.460
GTCTTT	932.0	5990.4	-0.459
CTTCCA	861.0	5367.7	-0.458
AACTAA	275.0	1751.5	-0.458
AATTAA	534.0	3362.3	-0.458
TCCGGA	109.0	845.8	-0.456
ATAGGA	275.0	1726.1	-0.454
TACCCA	399.0	2496.7	-0.453
AACATT	595.0	3718.0	-0.452
GCAAAT	346.0	2459.5	-0.451
GACACA	268.0	2671.8	-0.449
CGCGGT	112.0	710.0	-0.445
GTCGGG	137.0	869.7	-0.442
CAAACA	496.0	3109.1	-0.436
TACTAT	294.0	1924.8	-0.436
CGGAAT	69.0	475.5	-0.425
AATCCT	559.0	3503.1	-0.424
CCGGTA	57.0	363.7	-0.422
TCACAC	441.0	3517.2	-0.422
TAAGGA	335.0	2111.9	-0.419
TGGTAG	456.0	2860.3	-0.417
CGAGAC	157.0	1204.1	-0.417
ATAAGA	301.0	1893.0	-0.414
CAGGAG	632.0	7187.7	-0.414
CATACG	45.0	295.9	-0.412
AAGGAT	368.0	2312.3	-0.411
ATAATC	306.0	1926.5	-0.410
CCGGAC	101.0	646.0	-0.409
ATATCG	37.0	237.6	-0.408
GATCGA	62.0	397.3	-0.407
TAGCGA	56.0	358.2	-0.406
TATCGA	34.0	218.9	-0.405
AGAACT	443.0	2785.5	-0.405
GCGATG	99.0	632.9	-0.404
ACATGA	364.0	2294.7	-0.403
AACGGT	63.0	404.3	-0.400
TTGGGT	550.0	3611.8	-0.398
TCGTGT	130.0	830.8	-0.396
GTCGGC	106.0	678.5	-0.396
TTAACG	62.0	398.4	-0.396
TACCCC	220.0	1391.8	-0.395
TCGTAG	72.0	462.5	-0.390
ATTGTC	350.0	2208.7	-0.387
TTGCGT	109.0	699.0	-0.387
TTAATA	589.0	3697.3	-0.386
TCCCCA	502.0	5499.4	-0.383
AAGGCG	127.0	813.3	-0.382
GCCCCA	421.0	3801.9	-0.381
CATAAT	352.0	2223.0	-0.380
AGGAAT	415.0	3134.2	-0.378
ATCCAC	696.0	4466.8	-0.378
ATGATT	517.0	3254.4	-0.378
AGACGA	111.0	849.0	-0.377
AACACC	259.0	1777.5	-0.377
GATATT	443.0	3017.3	-0.375
GACAGT	411.0	2593.0	-0.375
CGAATC	48.0	310.2	-0.372
TGAGCA	390.0	3585.8	-0.367
TTCAGA	475.0	4182.4	-0.365
GCAACG	75.0	484.8	-0.361
AAACTG	520.0	3280.8	-0.358
ATTCAT	560.0	3530.0	-0.357
AATAGA	384.0	2428.9	-0.357
CGATAG	28.0	242.3	-0.356
TGCTTC	540.0	4512.4	-0.354
GCATCG	70.0	453.8	-0.354
TAAGCT	299.0	1902.4	-0.345
ATCTTC	418.0	3146.5	-0.344
CCCATA	245.0	1561.7	-0.344
CGCACA	123.0	827.5	-0.344
ATAAGG	241.0	1536.6	-0.344
ATTAAT	529.0	3336.0	-0.343
AACAAG	346.0	2192.3	-0.343
ATACCT	303.0	2056.4	-0.343
CTGGTG	550.0	4377.2	-0.342
CAGTTC	532.0	3356.1	-0.342
CTCCCC	651.0	5789.6	-0.341
AGCACA	412.0	3035.2	-0.341
ATGTAT	517.0	3266.8	-0.338
TGTTCT	773.0	5643.6	-0.337
ATCGCC	81.0	525.3	-0.336
AAACAT	545.0	3438.0	-0.335
TTCCGA	100.0	649.0	-0.334
TTTCAG	812.0	6881.8	-0.333
CGTATA	49.0	320.4	-0.333
GGTCGA	44.0	288.5	-0.331
TTCAAC	282.0	2312.7	-0.330
GTGAAG	325.0	2676.7	-0.330
TAGCGC	58.0	379.9	-0.330
GCGGCC	258.0	1649.0	-0.328
TCGTTG	89.0	578.7	-0.327
GGTGTT	445.0	3253.1	-0.326
TACCAA	204.0	1609.0	-0.326
GACCAG	415.0	3244.0	-0.325
GGGCGC	246.0	2002.6	-0.324
CGGTTG	70.0	508.2	-0.323
GGCGGA	230.0	1523.2	-0.323
CAAATT	536.0	3389.6	-0.322
CCGTCG	51.0	334.4	-0.321
TGTTCG	81.0	528.7	-0.320
TTCAGC	670.0	4379.3	-0.319
AGTCTG	558.0	3582.0	-0.314
TTGACA	361.0	2591.0	-0.314
CTCATC	417.0	3067.6	-0.313
TAGCAT	337.0	2142.4	-0.313
CACTCT	1043.0	6553.5	-0.313
AACAGT	411.0	2608.7	-0.312
CATAGT	333.0	2225.5	-0.312
GTCTGA	258.0	2416.2	-0.307
GAGGGC	477.0	3021.9	-0.305
ATAAAT	676.0	4278.9	-0.301
TAATTC	442.0	2807.4	-0.301
ATCCGG	72.0	472.3	-0.300
TAAGTC	255.0	1636.4	-0.297
CTTTTA	992.0	6827.3	-0.295
CGCGGA	83.0	544.9	-0.295
GTGGAA	409.0	2791.6	-0.294
CAGCGG	192.0	1238.3	-0.294
CGCTGA	115.0	750.2	-0.294
AAGATT	490.0	3110.8	-0.293
TTTACC	520.0	3301.9	-0.291
AACTTG	386.0	2459.5	-0.290
TCGCCG	64.0	550.1	-0.289
CTCGAA	337.0	2761.5	-0.289
ACGTAC	48.0	364.8	-0.289
GTCATA	224.0	1438.7	-0.287
AACATG	305.0	3183.0	-0.282
GCATAG	226.0	1453.7	-0.281
CTGCAT	486.0	3834.4	-0.278
ATACGT	72.0	475.5	-0.277
GAGCGT	102.0	669.8	-0.276
TTGTAG	743.0	4697.5	-0.275
CACTCG	111.0	727.6	-0.272
TAACCG	38.0	264.2	-0.269
GCGGGC	308.0	1973.9	-0.268
CGGTGG	254.0	1842.9	-0.267
CGTACT	44.0	315.0	-0.267
TGCGAA	62.0	412.1	-0.266
GTTAAT	367.0	2349.1	-0.266
GCGCGT	95.0	625.3	-0.265
CAGTCC	447.0	2852.6	-0.263
AGCGCG	104.0	684.1	-0.262
ACCGAA	48.0	321.9	-0.261
AATACT	361.0	2312.3	-0.260
GTTACC	189.0	1498.0	-0.259
GATACC	155.0	1007.7	-0.259
TTGGCG	91.0	798.2	-0.257
TCGGGG	168.0	1091.6	-0.256
CCCGGA	191.0	1240.8	-0.255
CTTATA	323.0	2074.2	-0.255
TGAGAG	444.0	3670.5	-0.253
AGCGGA	100.0	660.6	-0.253
GCCCGC	528.0	4018.9	-0.251
AGTCCT	525.0	3342.3	-0.250
CGCGCT	84.0	813.4	-0.248
GCGGAG	262.0	1687.8	-0.247
ATCGTG	104.0	687.3	-0.245
ATGACG	64.0	428.7	-0.243
ACGAAG	84.0	558.3	-0.243
TAAAAG	505.0	3254.3	-0.242
ATCCCA	340.0	4337.8	-0.241
CCGTAT	63.0	422.1	-0.240
AGACTT	455.0	2906.9	-0.239
CTAGAT	274.0	1768.9	-0.235
TCACAA	283.0	2475.2	-0.233
CGAACT	275.0	2595.3	-0.233
TCTCGT	192.0	1252.4	-0.231
CGCTAT	84.0	560.6	-0.230
AGAGGT	495.0	3414.9	-0.229
GCTCGT	90.0	599.4	-0.228
TTCACC	950.0	8706.1	-0.228
GGTAAT	265.0	1713.2	-0.225
ATAAGC	159.0	1501.3	-0.223
CATAGA	266.0	1720.5	-0.223
TAGGTA	266.0	1720.4	-0.223
GTCTGC	415.0	2664.5	-0.223
ATAGAG	389.0	2501.0	-0.222
ATGATG	464.0	2972.6	-0.221
AACGCC	74.0	496.4	-0.221
CCTAAC	220.0	1430.1	-0.216
TGATAG	287.0	1858.2	-0.215
TCGCCA	225.0	1463.7	-0.215
TGTGCG	197.0	1289.1	-0.214
TAATCT	370.0	2942.6	-0.214
GGAGAC	504.0	3225.2	-0.213
AAAATA	1068.0	6765.1	-0.210
GTAGGG	272.0	1763.7	-0.210
CTTGGG	677.0	4314.9	-0.207
AGATAC	265.0	1719.6	-0.205
AAGAAC	325.0	2103.8	-0.202
ATCATT	525.0	3361.6	-0.202
GTACGG	16.0	242.4	-0.200
ATTTGT	895.0	6524.8	-0.199
TGCGCG	34.0	712.0	-0.198
CCCAAT	196.0	1745.9	-0.195
TGAAGA	524.0	3358.4	-0.195
ATAGTC	189.0	1395.9	-0.194
TATTTA	1530.0	9664.8	-0.194
CGACGG	29.0	245.9	-0.189
TTGTGG	654.0	4183.7	-0.189
TCCTCG	118.0	1075.0	-0.188
CACCGA	87.0	587.8	-0.188
GCCAAT	280.0	1822.7	-0.187
TCAGTA	405.0	2613.1	-0.186
TTCATC	563.0	3614.5	-0.185
TCCGAT	49.0	338.2	-0.182
TGATAT	379.0	2731.5	-0.180
TCCAAA	503.0	3462.6	-0.180
CCGTGG	147.0	1232.1	-0.180
TGACCG	87.0	589.8	-0.178
TCGTCG	12.0	189.4	-0.178
TGTAAA	556.0	3572.8	-0.177
GGATGC	296.0	1930.4	-0.177
AGACCG	94.0	635.5	-0.175
GAAATG	573.0	3679.8	-0.174
TAACGT	64.0	440.0	-0.174
TCCTCA	556.0	4601.5	-0.173
TACGAA	42.0	293.8	-0.173
ATCGAT	50.0	346.9	-0.173
AACTTT	863.0	5504.0	-0.173
ATCTGT	565.0	3628.6	-0.172
TCTGGA	701.0	4553.9	-0.168
GAAGAA	531.0	3418.4	-0.167
AGCATG	437.0	2953.7	-0.167
ATAGTT	451.0	2911.0	-0.167
CGATTT	165.0	1094.4	-0.167
AAGTTG	367.0	2658.3	-0.166
GTATTC	284.0	1856.8	-0.166
CGTGAC	76.0	676.5	-0.165
GTCAAT	191.0	1264.8	-0.165
CATGTA	390.0	2531.3	-0.164
CAGATT	557.0	3586.9	-0.164
GGGCGG	392.0	2545.0	-0.163
AATGAA	537.0	3460.8	-0.163
ACAAAC	297.0	2188.7	-0.161
CCAACC	342.0	2224.3	-0.161
CGTAAT	61.0	422.4	-0.159
TTCCTG	1090.0	7760.9	-0.159
TTTGTA	2373.0	16427.6	-0.159
AATATC	293.0	1918.6	-0.158
ATCACT	459.0	2969.0	-0.155
CCCCAA	366.0	3201.7	-0.152
AATTCG	60.0	417.5	-0.151
GGTCGC	81.0	556.4	-0.150
TCGTGA	178.0	1986.3	-0.149
CTAGGT	209.0	1936.1	-0.148
AACCGA	34.0	345.9	-0.148
TTACTT	720.0	4624.7	-0.147
TCTATC	310.0	2028.4	-0.146
CTTCGC	76.0	848.5	-0.144
CAATTT	750.0	4815.2	-0.144
ACTTAC	245.0	1617.3	-0.143
GGATTT	733.0	4795.5	-0.143
AATTCC	460.0	2982.9	-0.142
ACGCCG	57.0	399.8	-0.142
CAAAAC	416.0	2706.2	-0.141
AAATGT	699.0	4494.3	-0.141
GGCAAC	317.0	2077.0	-0.140
GTTCTC	560.0	3620.2	-0.139
TTCAAA	626.0	4708.7	-0.138
CGAGAG	114.0	776.0	-0.138
CGACTT	79.0	546.1	-0.137
TGCCGG	106.0	1090.0	-0.137
AATGTC	378.0	2465.9	-0.137
TAACGC	30.0	218.8	-0.136
GTCTAC	167.0	1118.1	-0.135
TAACGA	40.0	286.2	-0.135
GTATGA	248.0	1641.5	-0.134
ATGTAA	388.0	2533.6	-0.134
GCACCC	513.0	3690.5	-0.133
CCATAA	239.0	1583.1	-0.133
GATGAG	433.0	2816.8	-0.132
TGTGCT	578.0	4743.8	-0.132
GAACAA	283.0	1865.2	-0.131
TTACTA	348.0	2278.8	-0.131
CACTAG	203.0	1355.4	-0.130
ATACGA	25.0	239.4	-0.129
TCGTTA	59.0	415.1	-0.129
CGGTCA	68.0	475.7	-0.127
TCACCT	741.0	4766.9	-0.127
CGACGT	22.0	195.0	-0.127
CGTGTC	130.0	885.3	-0.125
CTATAA	316.0	2078.5	-0.125
CTTAGT	339.0	2222.4	-0.125
TCGAGG	100.0	688.3	-0.124
GCTATA	197.0	1357.0	-0.124
CGGCGA	57.0	403.7	-0.124
TCGCGA	36.0	261.4	-0.124
AGCGTT	61.0	757.1	-0.123
TTGTCA	639.0	4131.4	-0.123
ATGGGG	896.0	5747.9	-0.123
CGGACG	45.0	322.1	-0.122
GAACAT	331.0	2178.4	-0.122
GATCTC	1403.0	8940.0	-0.121
CCAGCA	545.0	5711.6	-0.121
TATACG	38.0	275.1	-0.121
GCGTCG	46.0	329.7	-0.121
TCGGAA	56.0	397.4	-0.121
TATACT	305.0	2008.8	-0.121
GTTCCG	75.0	523.6	-0.120
GCTGAT	470.0	3062.5	-0.120
AATTCA	459.0	2990.8	-0.119
GTACTC	172.0	1157.9	-0.117
CAGTAA	344.0	2259.4	-0.117
AGTAAA	435.0	2839.1	-0.116
CATTAT	452.0	2946.4	-0.115
CCTTGA	554.0	3596.9	-0.115
GTAGTA	213.0	1421.0	-0.115
CCCACT	630.0	4077.5	-0.115
ACGACT	51.0	364.4	-0.115
ACCTGA	357.0	2821.9	-0.113
TAGATT	448.0	2928.6	-0.112
GGTTCC	343.0	2257.4	-0.109
TTGCAA	497.0	3242.2	-0.109
CAGCGC	182.0	1226.2	-0.108
TCCGGT	71.0	500.0	-0.108
CTTTAT	739.0	5547.6	-0.107
GAAAGG	458.0	2992.2	-0.106
AAATTA	729.0	5055.0	-0.105
GAATAA	333.0	2233.7	-0.105
ATGCTA	279.0	1853.7	-0.102
GCGCAT	93.0	649.8	-0.102
GGTCGT	58.0	415.3	-0.102
GGGGCT	503.0	3951.1	-0.102
TTGGTG	671.0	4351.7	-0.101
CGAAGC	77.0	543.2	-0.100
GTCACA	262.0	2430.6	-0.100
GCGCTC	90.0	1168.7	-0.100
GAGGCG	303.0	2094.7	-0.100
CACCGG	117.0	827.9	-0.098
TTGAGG	644.0	4187.5	-0.098
TCCGAG	130.0	895.1	-0.097
ATCGGG	48.0	348.6	-0.097
TCAATA	284.0	1889.1	-0.097
CCAATT	318.0	2575.6	-0.097
ACTAAC	145.0	995.6	-0.097
ACAACG	65.0	464.1	-0.095
TTAAGG	340.0	2247.5	-0.094
CTATCA	249.0	1668.4	-0.094
CGTTAC	44.0	322.7	-0.093
AGTATT	508.0	3428.1	-0.093
GTACCC	167.0	1135.3	-0.093
AAAACC	409.0	2691.8	-0.093
CGTTAT	67.0	478.3	-0.092
AACTTA	286.0	1906.6	-0.092
CCTTCC	853.0	7253.4	-0.092
AGGACT	433.0	2844.8	-0.092
GGGTAA	232.0	1557.6	-0.091
TCCCAT	579.0	3776.5	-0.091
ACCTAG	232.0	1752.6	-0.091
CAGCCC	756.0	4976.7	-0.091
TAATGT	445.0	2924.1	-0.091
ACAATT	405.0	2667.0	-0.091
CAAGGA	331.0	2689.8	-0.090
GTATAG	189.0	1281.2	-0.090
ACTTCT	630.0	4099.0	-0.090
TATGGC	248.0	1663.9	-0.090
CGCAGG	125.0	1178.9	-0.089
TAAGCA	292.0	2177.5	-0.086
GGTTAG	203.0	1376.5	-0.085
ATTGCC	369.0	2438.7	-0.085
GACTTG	353.0	2351.5	-0.085
AAATGC	487.0	3195.1	-0.084
CGCATT	69.0	494.2	-0.084
TAGGTC	189.0	1284.3	-0.084
AGCCCG	174.0	1186.6	-0.084
AATGTT	625.0	4071.8	-0.084
GAGAGT	373.0	2466.0	-0.083
CATTCG	70.0	502.2	-0.081
AAACTC	759.0	4925.5	-0.080
AGGAAC	326.0	2171.6	-0.080
ATCAAT	281.0	1881.9	-0.079
TAATAC	240.0	1617.1	-0.079
TGAATT	683.0	4446.9	-0.078
TGAGTT	603.0	4389.4	-0.078
CGTCAA	41.0	306.8	-0.077
GCCAAA	347.0	2306.4	-0.077
GACAAA	322.0	2148.6	-0.076
CACTGA	393.0	3346.2	-0.076
TTCGTG	126.0	879.9	-0.075
CACGTT	178.0	1217.3	-0.075
GGATCG	68.0	491.7	-0.074
GGTCAA	228.0	1544.7	-0.074
GCCCTG	597.0	5151.1	-0.073
TTAGTT	508.0	4178.7	-0.072
TATGCG	20.0	323.5	-0.072
TTTACA	484.0	4891.4	-0.072
TCGAAC	288.0	2520.6	-0.071
ATCTAG	210.0	1501.7	-0.070
ACACTA	198.0	1353.6	-0.070
TAACCC	185.0	1267.9	-0.069
TATACC	191.0	1307.7	-0.069
CGTTCT	131.0	916.5	-0.069
ACGGGA	102.0	722.9	-0.069
GCCGAC	70.0	507.4	-0.068
GTGTTA	406.0	3242.2	-0.068
TATAAA	478.0	3611.7	-0.067
CATCTG	597.0	3915.9	-0.066
CAAATG	483.0	3256.1	-0.065
CCGGAT	84.0	603.5	-0.065
GTTGGC	783.0	5921.8	-0.065
TTATGG	365.0	2436.8	-0.064
GATCTA	157.0	1208.9	-0.064
CGGTAA	47.0	352.8	-0.063
CAGTTA	349.0	2332.2	-0.062
CGCCAA	75.0	544.4	-0.062
GGGGGA	420.0	2790.7	-0.062
TTGACG	60.0	442.7	-0.062
GTAAAA	388.0	2585.7	-0.062
AAAACG	92.0	659.1	-0.062
GAAAAA	680.0	4447.9	-0.062
TTTCTG	1195.0	10192.0	-0.062
CGTTGT	91.0	653.3	-0.061
CTGCGC	290.0	1956.7	-0.060
GTAATC	348.0	3081.2	-0.060
GCTTAT	329.0	2209.2	-0.059
TTCGAT	65.0	477.6	-0.059
ATTTGA	609.0	4307.8	-0.059
ACCTCT	996.0	6455.3	-0.059
AGTTAT	346.0	2488.4	-0.059
TCTTCG	103.0	734.0	-0.058
GTATCA	229.0	1560.8	-0.058
CTGCTA	383.0	2556.5	-0.058
ATGTCG	68.0	498.3	-0.058
TATGAT	340.0	2277.3	-0.057
TGTACA	387.0	2584.3	-0.057
TAACGG	39.0	299.3	-0.056
ATGGGC	314.0	2225.5	-0.056
GACCTC	979.0	7873.9	-0.056
CCGGTG	118.0	837.4	-0.056
CATAAA	385.0	2571.5	-0.056
CCGTAG	60.0	445.8	-0.055
AACCTA	195.0	1344.7	-0.055
GGGGAC	290.0	2342.1	-0.055
TCAAAT	479.0	3568.1	-0.055
CAGGTC	352.0	2494.3	-0.055
CAAAAT	585.0	3851.6	-0.054
TCATGT	542.0	3582.3	-0.053
ACATCA	319.0	2150.0	-0.053
GGAAAT	451.0	2995.3	-0.052
TACATA	359.0	2409.5	-0.052
CCCGAT	69.0	508.8	-0.051
TTTAGT	1467.0	13110.7	-0.051
TGAATG	486.0	3225.0	-0.051
ACTTGT	399.0	2664.4	-0.051
CGAAGG	78.0	572.0	-0.049
AAGAGG	468.0	3113.8	-0.049
TGGAGG	774.0	5065.0	-0.049
CCCGAC	145.0	1100.5	-0.049
TTCTGA	824.0	5386.9	-0.048
GGTATC	189.0	1310.6	-0.048
GGGGTA	206.0	1423.4	-0.048
CGGCAG	168.0	1170.3	-0.047
CGGCAA	72.0	532.3	-0.047
TATCGC	45.0	345.3	-0.046
ACTGAT	329.0	2295.9	-0.043
TTGGAA	486.0	3887.8	-0.043
TTAACA	417.0	2795.1	-0.042
CTGTCG	460.0	3071.0	-0.041
CCGTAA	45.0	348.5	-0.040
ATACCC	194.0	1360.7	-0.040
TAGCCA	345.0	4240.5	-0.040
AAGCCA	515.0	3729.3	-0.040
CGCGGG	175.0	1224.7	-0.039
TCATCG	63.0	475.0	-0.039
GGCCGG	272.0	2388.9	-0.039
ACCTAA	204.0	1493.8	-0.039
CATATA	319.0	2165.0	-0.039
CGCTTT	195.0	1359.4	-0.039
AACACA	444.0	2975.4	-0.038
TTATTA	858.0	6375.7	-0.037
ACAAGG	362.0	2449.7	-0.037
CTTGCG	92.0	675.4	-0.037
TGGATA	363.0	2456.7	-0.037
GAACAG	349.0	2363.6	-0.036
GACCCG	101.0	736.3	-0.036
GGGCCC	437.0	2934.0	-0.035
GAACGG	52.0	401.5	-0.035
CAGATA	344.0	2332.5	-0.035
GCACAT	388.0	2620.2	-0.034
CAATAA	298.0	2039.4	-0.034
TATCCT	326.0	2454.9	-0.034
TTCTGC	767.0	6271.6	-0.033
GGGGAG	643.0	4258.6	-0.033
GTAAGG	203.0	1420.8	-0.032
ACTGTC	359.0	2436.9	-0.032
TTATTC	504.0	3940.1	-0.032
CATAAC	146.0	1141.7	-0.032
TGCGCT	103.0	943.3	-0.032
CCCGTG	146.0	1047.9	-0.032
ATAGTG	306.0	2090.4	-0.031
ATGTAC	244.0	1689.6	-0.031
TTGGCA	494.0	3311.8	-0.031
TAAGGT	248.0	1717.9	-0.031
GACGCA	66.0	502.0	-0.031
CTAGCA	219.0	1667.9	-0.030
TTACCT	445.0	2996.6	-0.030
ACGGTA	41.0	326.6	-0.030
TAAGAT	315.0	2263.6	-0.030
AAACCA	420.0	2835.4	-0.030
TGACCA	394.0	2668.9	-0.030
TTCCCA	937.0	6144.0	-0.030
TAGGGT	319.0	2180.8	-0.030
GCTTGC	358.0	2434.0	-0.030
TGTATA	483.0	3240.3	-0.029
CCCGCT	200.0	1405.2	-0.029
TCAAAA	598.0	3985.0	-0.029
GCTAGC	172.0	1218.0	-0.028
TACCTT	405.0	2739.3	-0.028
AATAAG	318.0	2177.5	-0.028
GTCTTC	477.0	3204.8	-0.027
CATGAA	386.0	2620.4	-0.027
GACGAA	29.0	393.8	-0.027
CATCGG	47.0	371.1	-0.027
CCGATC	46.0	364.4	-0.027
TACCGT	36.0	450.5	-0.026
TAGTCA	238.0	1656.8	-0.026
AAGGGA	452.0	3280.1	-0.026
GATCCA	621.0	4139.4	-0.026
CATAGG	237.0	1650.9	-0.026
CGCTCG	65.0	638.4	-0.026
CCGTTA	38.0	308.9	-0.026
TGCTAT	459.0	3094.1	-0.025
CACGAG	91.0	867.5	-0.025
GCTCTG	1502.0	9756.3	-0.025
TTCCGT	122.0	891.0	-0.025
CCAGAT	438.0	2962.1	-0.024
TAGAGC	230.0	1606.3	-0.024
GTCGAG	56.0	437.0	-0.024
GACTGA	326.0	2237.9	-0.024
TCGTCT	104.0	769.5	-0.024
ATCCTT	540.0	3623.5	-0.024
AATCTA	255.0	1775.9	-0.024
GTGGGT	493.0	3321.2	-0.024
TAACTC	249.0	1735.6	-0.024
GTCGAT	31.0	259.5	-0.024
CGAATT	71.0	543.4	-0.023
CCTACG	55.0	431.9	-0.023
TAAACG	54.0	424.3	-0.023
GTCCTA	187.0	1326.8	-0.023
AGTTCT	655.0	4367.4	-0.023
ACAATG	239.0	2239.2	-0.023
GGAGCC	522.0	3506.9	-0.023
CCTGTG	606.0	5147.8	-0.022
GAGGTA	257.0	1792.8	-0.022
CGGTTT	156.0	1119.3	-0.022
CGGCTG	240.0	1678.3	-0.022
GTGCAT	413.0	2871.4	-0.022
GTATAA	216.0	1517.6	-0.022
TCGTAA	37.0	304.3	-0.022
TATGCA	295.0	2042.0	-0.021
CGTTTA	98.0	731.2	-0.021
TCCCGT	105.0	823.8	-0.021
GTACGT	50.0	399.0	-0.021
CCGTGT	277.0	2084.0	-0.021
ACCATT	465.0	3146.3	-0.021
AGTATA	258.0	1801.7	-0.021
TTGCAC	351.0	2755.0	-0.021
GTATGT	395.0	2696.5	-0.020
ATGGCT	507.0	3630.1	-0.020
TTCGGG	97.0	726.1	-0.020
ACCCCT	416.0	2832.4	-0.020
GGTCCT	346.0	2375.3	-0.020
TACATC	200.0	1420.7	-0.020
CAAGGG	362.0	2483.1	-0.020
TGCGGA	84.0	637.1	-0.020
GGTATA	131.0	1283.0	-0.019
TATCCG	33.0	277.1	-0.019
AGGGAA	535.0	3604.8	-0.019
GTGGGG	701.0	4672.3	-0.019
GGCAAG	361.0	2478.5	-0.019
GACGGT	75.0	576.8	-0.019
AGCACG	99.0	743.6	-0.018
AACATA	335.0	2312.0	-0.018
CTATCG	37.0	307.8	-0.018
GTAATA	196.0	1538.4	-0.018
AGGCCC	357.0	3181.7	-0.018
TTACGT	80.0	612.1	-0.018
GCCATG	535.0	4408.2	-0.018
TATGTG	487.0	3297.8	-0.018
TGTCCT	686.0	4583.3	-0.017
TGAACT	768.0	5111.4	-0.017
GCTTCG	86.0	655.7	-0.017
GTAGAA	320.0	2214.1	-0.017
ATCCGA	45.0	366.4	-0.017
CGGTAG	50.0	403.4	-0.017
TGTTCA	539.0	3640.7	-0.016
TAGCCC	235.0	1657.8	-0.016
AATTGT	433.0	3005.6	-0.016
AAGAAG	482.0	3270.0	-0.016
CGATGA	49.0	397.2	-0.016
GCCGAA	60.0	475.4	-0.016
AATCCG	57.0	454.5	-0.016
TGTACT	380.0	2610.5	-0.015
GACGTT	73.0	567.7	-0.015
CGCTAG	43.0	354.4	-0.015
TATCAG	312.0	2166.0	-0.015
TGACGG	72.0	561.1	-0.015
TCGATG	52.0	420.3	-0.015
AAATAC	411.0	3484.1	-0.015
ATATCT	395.0	2732.6	-0.014
AATCTG	422.0	2891.3	-0.014
TTTTCA	1338.0	10422.0	-0.014
AAGAAT	450.0	3073.2	-0.014
GTACGC	25.0	223.4	-0.014
GCCGCG	199.0	1426.6	-0.014
TGGTTA	357.0	2466.9	-0.014
CGCGGC	183.0	1318.4	-0.014
AAGACA	443.0	3027.5	-0.014
GGTAAA	255.0	1799.9	-0.014
ACGTCT	93.0	769.8	-0.014
CGATGG	77.0	598.8	-0.014
ACCCCG	122.0	1266.9	-0.013
CAAGGT	442.0	3023.0	-0.013
TTTGAC	412.0	3249.3	-0.013
CGTCAT	77.0	599.8	-0.013
GTTTAA	475.0	3243.0	-0.013
CAAAAG	414.0	2843.8	-0.013
TAGGTT	312.0	2677.9	-0.012
ACATAC	238.0	1689.3	-0.012
AGATTT	802.0	5351.4	-0.012
CGGGGG	232.0	1649.9	-0.012
TTGACC	430.0	2948.1	-0.012
CTCGGG	227.0	1616.9	-0.012
GATGCT	323.0	2604.2	-0.012
CGCGTT	38.0	323.2	-0.011
AGAAAG	632.0	4264.3	-0.011
GACATA	189.0	1367.4	-0.011
ATGCTT	501.0	3413.7	-0.011
CCTCGA	150.0	1101.2	-0.011
CTGTGC	797.0	5330.1	-0.011
ATCAGA	355.0	2466.1	-0.011
ACGTGG	155.0	1137.1	-0.011
TGCGAG	84.0	654.8	-0.010
ACTATT	329.0	2421.2	-0.010
CATATT	538.0	3661.7	-0.010
CTCGTC	101.0	773.4	-0.010
AACAGC	313.0	2191.4	-0.010
ATCCGT	63.0	506.4	-0.010
CCGACC	124.0	933.3	-0.010
AACGGA	19.0	494.7	-0.010
ACGAAT	39.0	333.2	-0.010
TGGGGG	672.0	4533.9	-0.010
AACAAT	328.0	2342.3	-0.010
TTACGC	45.0	378.3	-0.010
GGAACA	315.0	2208.0	-0.009
CTAGTG	230.0	1645.4	-0.009
TTCGGT	68.0	544.5	-0.009
GTTCTA	269.0	1905.0	-0.009
CTATTC	332.0	2324.6	-0.009
TTATAC	278.0	1965.0	-0.009
CGTGAA	105.0	804.5	-0.009
GTCCAA	209.0	1511.4	-0.009
GAACTC	944.0	6291.9	-0.009
GTGTGG	550.0	4577.3	-0.009
AAAGAG	481.0	3502.7	-0.008
GCGCGG	201.0	1648.8	-0.008
AAGACG	95.0	736.4	-0.008
CATATC	219.0	1575.2	-0.008
GGTGTC	312.0	2473.9	-0.008
AGATGC	358.0	2499.9	-0.008
CTATAT	264.0	2077.2	-0.008
TCCAAC	314.0	2209.4	-0.008
TAGGAG	343.0	2399.5	-0.008
AATACG	39.0	337.5	-0.008
GGAAGT	400.0	2773.4	-0.008
GTATCC	167.0	1229.2	-0.008
ATTTCA	628.0	5742.9	-0.008
TGTCAT	553.0	3774.7	-0.008
CTGAAA	569.0	3878.0	-0.008
TGTCCC	503.0	3448.8	-0.007
CATCGC	74.0	592.0	-0.007
TAACAT	341.0	2388.4	-0.007
ATATGT	408.0	3160.8	-0.007
TGGTAA	315.0	2219.4	-0.007
GCGAAA	52.0	434.6	-0.007
AGCATT	539.0	3689.3	-0.007
ACGCTC	76.0	606.2	-0.007
TTGGGG	658.0	4456.3	-0.007
CGTACA	37.0	324.7	-0.007
GACGGC	65.0	529.6	-0.007
ATGTGG	474.0	3268.3	-0.007
TATTCG	43.0	369.3	-0.007
CCTATG	251.0	1801.1	-0.007
ATGTCC	337.0	2366.4	-0.007
GTTCGG	42.0	362.8	-0.007
GGTGCT	451.0	3114.9	-0.007
TGGGGA	704.0	4764.6	-0.007
GACGCC	98.0	764.5	-0.006
ATCCCG	60.0	669.7	-0.006
ATGTTC	354.0	2483.3	-0.006
CCATGA	366.0	2565.5	-0.006
CATTCT	900.0	6773.2	-0.006
TTGTCT	708.0	5430.9	-0.006
TGTCGT	95.0	744.7	-0.006
TTAAGT	506.0	3751.6	-0.006
AGGGGC	390.0	3091.4	-0.006
GGGCCA	294.0	2928.2	-0.006
CGTTCA	54.0	641.0	-0.006
TCCGTT	104.0	807.3	-0.006
GACTGT	281.0	2359.2	-0.006
GCAGAT	380.0	2656.4	-0.006
ACGGGG	510.0	3666.4	-0.006
TGAGGA	561.0	3844.8	-0.006
GAGAAA	597.0	4078.7	-0.006
ATGGTT	417.0	2904.7	-0.006
CGGCCG	182.0	1343.6	-0.006
CGCCTT	253.0	1821.8	-0.006
GCTTAG	281.0	2006.3	-0.006
TGCTGA	670.0	4554.4	-0.006
CTCTTA	404.0	2816.8	-0.005
TTCACG	273.0	1952.5	-0.005
GCTCTT	744.0	5032.5	-0.005
TATGAC	183.0	1352.7	-0.005
ATGAGG	422.0	2942.8	-0.005
TTCGCG	31.0	284.6	-0.005
AGTATG	242.0	1750.4	-0.005
AACCGG	46.0	397.8	-0.005
TCTTTA	862.0	5801.0	-0.005
ATCAAA	297.0	2119.9	-0.005
ATTCAA	422.0	2944.5	-0.005
ACGGAC	44.0	383.1	-0.005
TTCAAT	420.0	2991.5	-0.005
ACTGAG	417.0	3300.0	-0.005
CGTAAA	40.0	353.0	-0.005
CTAATC	184.0	1362.5	-0.005
CAATAG	185.0	1369.7	-0.005
AGGGCT	434.0	3486.6	-0.005
ACTAGG	194.0	1431.9	-0.005
ATCGAG	57.0	479.7	-0.005
TAGTTC	285.0	2041.7	-0.005
TAATAG	271.0	2106.7	-0.005
CTCCAC	901.0	6059.7	-0.005
GCGAGA	76.0	826.7	-0.004
TCATGA	460.0	3195.7	-0.004
AGAATA	290.0	2363.6	-0.004
GAATTT	737.0	5003.8	-0.004
CGAGAA	29.0	564.8	-0.004
AAAAGT	560.0	3876.7	-0.004
GTCGTT	56.0	473.6	-0.004
ACCCAT	306.0	2180.9	-0.004
AATGTG	426.0	3234.4	-0.004
CTCTGG	775.0	5249.5	-0.004
GTATGG	189.0	1401.9	-0.004
CCTGCA	499.0	4227.7	-0.004
ACTTGA	405.0	2837.0	-0.004
GGGCAT	310.0	2499.8	-0.004
GGTAAC	152.0	1146.7	-0.004
GGAGAT	449.0	3132.4	-0.004
TGTTCC	419.0	3571.7	-0.004
CACTTC	467.0	3439.0	-0.004
TTACTC	361.0	2552.8	-0.004
CCGTGA	100.0	791.7	-0.004
ATAAAG	372.0	2622.2	-0.004
ACCTTA	252.0	1830.0	-0.004
CGCATC	54.0	517.6	-0.004
CGGACC	61.0	513.0	-0.004
GTGGAC	224.0	1638.7	-0.004
CCATTG	417.0	2924.5	-0.004
AGAGCG	136.0	1044.1	-0.004
GCTACT	344.0	2859.6	-0.004
ATTCCA	341.0	3400.7	-0.004
TCCCCG	213.0	1564.9	-0.004
GGTCAC	285.0	2093.9	-0.003
CATCTT	677.0	4743.0	-0.003
GATATC	154.0	1165.3	-0.003
AGAACG	67.0	559.7	-0.003
GAGCTC	476.0	3313.2	-0.003
AAACTA	291.0	2097.3	-0.003
TTTCAA	769.0	5610.4	-0.003
GATCCC	249.0	1815.5	-0.003
TACGGC	29.0	276.5	-0.003
TAGGAA	355.0	2521.8	-0.003
CATGGG	359.0	2751.8	-0.003
TGGGGC	444.0	4035.3	-0.003
CTTCGG	102.0	811.9	-0.003
GGGTGT	436.0	3058.7	-0.003
AAATTG	457.0	3195.1	-0.003
GACCTG	346.0	2462.7	-0.003
ACCAGT	285.0	2059.3	-0.003
GGGAAC	271.0	1963.2	-0.003
ACGCTA	7.0	307.4	-0.003
AATAGG	200.0	1685.9	-0.003
GCATTG	284.0	2222.4	-0.003
ACGGCC	60.0	644.5	-0.003
AAAAAT	1308.0	8721.4	-0.003
CTAAAA	476.0	3612.3	-0.003
ACCGGA	43.0	386.4	-0.003
CCACTT	572.0	3955.9	-0.003
GCGCTT	98.0	786.4	-0.003
TATATG	351.0	2572.4	-0.003
AGTCAA	236.0	1734.2	-0.002
CATCGA	38.0	349.7	-0.002
ACTCAC	360.0	2603.2	-0.002
CGCATA	29.0	280.2	-0.002
GCCTTG	846.0	5850.6	-0.002
AAATTC	475.0	3329.6	-0.002
TTACGA	34.0	319.9	-0.002
CAACGC	46.0	411.4	-0.002
TACGCT	38.0	350.3	-0.002
AAAGCT	404.0	2857.1	-0.002
TTTGTC	864.0	5867.6	-0.002
GAAATC	307.0	2213.0	-0.002
ACAGCG	105.0	894.9	-0.002
ATGGCA	505.0	3524.2	-0.002
GGCAAT	238.0	1753.4	-0.002
ACCAGA	304.0	2193.6	-0.002
AGTTAA	332.0	2385.4	-0.002
ACACCG	59.0	618.5	-0.002
CCGCAC	166.0	1262.4	-0.002
GAAAAG	502.0	3507.0	-0.002
CCACAT	439.0	3521.8	-0.002
AACCGC	44.0	430.4	-0.002
TCCGTG	117.0	927.1	-0.002
AAATCA	416.0	3110.4	-0.002
CAGAAA	605.0	4184.2	-0.002
AAGAGC	321.0	2409.8	-0.002
CGGACA	50.0	443.7	-0.002
GAACCC	297.0	2155.4	-0.002
TAAACA	385.0	2779.7	-0.002
AATGCT	446.0	3293.0	-0.002
GGCGAC	90.0	735.3	-0.002
CACAAA	437.0	3084.8	-0.002
TGGACC	205.0	1655.5	-0.002
TAAGAA	390.0	2775.3	-0.002
CGACAA	30.0	291.3	-0.002
GATAAA	287.0	2088.3	-0.002
GAAAAC	354.0	2535.8	-0.002
GGCTGT	594.0	4118.4	-0.002
ACAAAT	412.0	2920.0	-0.002
ATACAA	334.0	2752.1	-0.002
AGAAAA	815.0	5557.4	-0.002
CTAAAC	177.0	1343.5	-0.002
AGTCCG	56.0	489.1	-0.002
TTTAAC	508.0	3554.2	-0.002
GCAGCA	503.0	3520.5	-0.002
TGGTTG	457.0	3218.1	-0.002
CGGCCA	188.0	1421.5	-0.002
GTCGAC	16.0	179.2	-0.002
GAAAGC	303.0	2195.1	-0.002
CGAAAA	48.0	431.9	-0.002
TACTTA	292.0	2127.1	-0.002
TTAGTG	385.0	2748.7	-0.002
ATTCTG	632.0	4800.1	-0.002
CTTCCT	840.0	8358.1	-0.002
GAGGAA	535.0	3742.7	-0.002
TTCATA	440.0	3115.1	-0.002
TCGACG	7.0	99.2	-0.001
CGCGAA	15.0	172.4	-0.001
ATTTTC	1256.0	8872.2	-0.001
AAAATC	439.0	3109.7	-0.001
GCGTTA	19.0	378.9	-0.001
ATAACG	25.0	294.2	-0.001
ATGACT	289.0	2275.1	-0.001
TTAGGC	243.0	1801.9	-0.001
ACATGT	374.0	3200.1	-0.001
ATGGAT	334.0	2416.9	-0.001
CATCTC	709.0	4882.5	-0.001
AAGATG	451.0	3187.3	-0.001
TCGCAT	40.0	374.1	-0.001
TGCGGC	91.0	987.0	-0.001
CTATTA	278.0	2038.8	-0.001
GGAAAC	350.0	2522.0	-0.001
CAGTAT	326.0	2364.7	-0.001
TTCAGT	711.0	4900.3	-0.001
TGACGA	40.0	375.2	-0.001
AGAAAT	667.0	4616.9	-0.001
GCTGTC	413.0	2944.8	-0.001
CAATAC	111.0	1184.6	-0.001
GGTAGT	207.0	1563.1	-0.001
TACGCG	2.0	155.5	-0.001
ACTCTG	941.0	6404.3	-0.001
TGTCGG	78.0	659.1	-0.001
GAGCCG	186.0	1632.2	-0.001
ATGCGG	69.0	593.7	-0.001
AAAAGA	671.0	4647.5	-0.001
CCTATA	201.0	1525.6	-0.001
TCGGCA	64.0	559.6	-0.001
GGGAAG	608.0	4238.6	-0.001
GGGCCG	229.0	1715.5	-0.001
GGCGAG	138.0	1092.4	-0.001
CTACCC	228.0	1709.4	-0.001
TCGGAG	89.0	744.0	-0.001
ATTCAC	305.0	2368.7	-0.001
CATATG	322.0	2347.0	-0.001
ATTGAA	356.0	2574.6	-0.001
CCGCGA	50.0	456.0	-0.001
TGTGTA	546.0	3832.8	-0.001
ACCGAC	33.0	324.4	-0.001
TTCTTC	1151.0	7779.0	-0.001
GTAGAG	1415.0	10820.7	-0.001
ATCAAC	174.0	1341.4	-0.001
GGCCTT	573.0	4014.0	-0.001
CATCAA	258.0	1919.6	-0.001
AAGACT	337.0	2446.1	-0.001
AGAGCA	481.0	3406.7	-0.001
AAACAG	488.0	3457.9	-0.001
AAGCTT	403.0	2889.2	-0.001
CGGCGC	158.0	1230.7	-0.001
ACATCG	40.0	381.2	-0.001
CCGAAC	37.0	357.3	-0.001
GTATAC	149.0	1174.8	-0.001
TAAGGC	195.0	1491.2	-0.001
TGATTG	427.0	3050.3	-0.001
GTAGGC	178.0	1372.8	-0.001
AACGGC	40.0	382.8	-0.001
GTGCGT	135.0	1077.9	-0.001
ATTGGC	298.0	2349.1	-0.001
GGATAG	163.0	1268.6	-0.001
TCTAAA	372.0	2686.5	-0.001
CGCTTA	42.0	398.7	-0.001
TAGGCC	211.0	1605.2	-0.001
GAACTG	338.0	2460.8	-0.001
GTATAT	370.0	2675.3	-0.001
CTCCGT	189.0	1453.1	-0.001
ACATCC	268.0	2129.9	-0.001
GTCCGC	83.0	717.8	-0.001
TATCAT	333.0	2434.7	-0.001
AAGCTC	588.0	4125.4	-0.001
CAATGT	280.0	2262.9	-0.001
ACACTG	439.0	3243.5	-0.001
ACGGTG	127.0	1048.8	-0.001
AGAATC	366.0	2658.8	-0.001
TCATCA	453.0	3233.7	-0.001
AAACCT	384.0	2777.3	-0.001
TGAGCG	94.0	820.8	-0.001
GCCATT	715.0	5008.5	-0.001
GATGTT	425.0	3054.1	-0.001
ACCAGC	398.0	3640.5	-0.001
AGGTAA	269.0	2302.5	-0.001
GATATG	228.0	1883.5	-0.001
ACATAT	274.0	2539.8	-0.001
GAAAGA	487.0	3465.2	-0.001
AGGGTT	714.0	4962.0	-0.001
GTCGGT	36.0	354.3	-0.001
GATTGG	272.0	2024.4	-0.001
AAGGAG	463.0	3471.7	-0.001
CGCTGC	192.0	1806.0	-0.001
CGTCGA	7.0	107.9	-0.001
GTTCTG	553.0	3904.3	-0.001
TACGTT	73.0	636.7	-0.001
ATTGAT	385.0	3061.7	-0.001
AATGCG	38.0	403.4	-0.001
ATTCCT	614.0	4311.2	-0.001
GGCTTC	465.0	3748.0	-0.001
CCAGTA	269.0	2366.5	-0.001
CTAACC	162.0	1272.8	-0.001
GGGAGA	571.0	4030.0	-0.001
GTGTAA	265.0	1982.3	-0.000
CGTAGA	51.0	475.0	-0.000
CTTGTC	465.0	3422.3	-0.000
TTCTAT	576.0	4066.2	-0.000
CCGCAT	67.0	595.3	-0.000
TCGCAG	80.0	692.5	-0.000
ACCTTT	593.0	4179.2	-0.000
TCATAC	179.0	1396.4	-0.000
ACACAG	435.0	3871.6	-0.000
AATTGA	318.0	2346.3	-0.000
CTACTA	155.0	1962.5	-0.000
CCTACA	218.0	1852.9	-0.000
AAACTT	520.0	3734.2	-0.000
GATCTG	573.0	4050.1	-0.000
CGTATC	28.0	295.5	-0.000
AGACGC	78.0	679.1	-0.000
CTTGTG	598.0	4218.9	-0.000
CCCATT	521.0	3710.4	-0.000
ACGCGG	43.0	415.4	-0.000
CCCTTA	242.0	1834.6	-0.000
ACTTGG	419.0	3162.5	-0.000
ACCTTC	392.0	2850.9	-0.000
CTTAGG	302.0	2239.9	-0.000
AATGCC	279.0	2250.0	-0.000
TGCTAA	251.0	2340.1	-0.000
CCATTA	282.0	2108.7	-0.000
CGATTG	45.0	432.2	-0.000
GAACAC	218.0	1669.6	-0.000
ACATAG	283.0	2117.3	-0.000
GTGTCC	323.0	2761.0	-0.000
GGGAGC	425.0	3078.8	-0.000
GTGAAT	333.0	2459.9	-0.000
CTTTAA	632.0	4450.3	-0.000
CGGATG	61.0	556.7	-0.000
ATATCC	213.0	1637.2	-0.000
CAGATC	300.0	2239.1	-0.000
ATACTG	256.0	1939.3	-0.000
GCGGGT	104.0	966.2	-0.000
TCACTT	715.0	5001.9	-0.000
AAGGGC	297.0	2220.4	-0.000
AATTAG	361.0	3195.8	-0.000
TCATCT	580.0	4116.5	-0.000
ATTGCG	48.0	460.0	-0.000
TCAGAA	478.0	3435.0	-0.000
TTGCTT	1009.0	7602.9	-0.000
GTTAGA	196.0	1528.9	-0.000
CCCAGA	698.0	4977.5	-0.000
CGGCTT	171.0	1352.3	-0.000
CTGTCC	533.0	3804.6	-0.000
ACCTGT	505.0	3616.5	-0.000
ACGCTT	75.0	665.3	-0.000
CTGCAC	671.0	4721.0	-0.000
TCAACT	272.0	2466.0	-0.000
GTAAAG	271.0	2043.9	-0.000
GGAATC	202.0	1907.1	-0.000
GCAAGA	323.0	2399.1	-0.000
TTCGCA	46.0	445.7	-0.000
CTGTCA	950.0	6550.4	-0.000
TAGCAC	211.0	1667.4	-0.000
GTTATC	185.0	1454.0	-0.000
GTACTT	309.0	2303.1	-0.000
TCGGTA	23.0	260.3	-0.000
ACGCTG	93.0	1010.1	-0.000
TGACCC	300.0	2452.1	-0.000
TCTACG	37.0	376.5	-0.000
GTAACA	190.0	1491.0	-0.000
CCTCTT	885.0	6175.3	-0.000
ATCTGA	340.0	2516.1	-0.000
AACCCT	314.0	2342.2	-0.000
ATCTGC	616.0	4366.1	-0.000
TCTTCA	626.0	4429.2	-0.000
ATATAC	234.0	1797.3	-0.000
TTCTGT	1080.0	8267.4	-0.000
TGAAAG	418.0	3049.7	-0.000
CACATT	552.0	3943.9	-0.000
TTGCCA	687.0	4839.1	-0.000
ACCCTA	157.0	1260.9	-0.000
ACTAGT	150.0	1210.7	-0.000
ATGTCT	499.0	3588.4	-0.000
AAAAGC	376.0	2765.4	-0.000
GAAATT	483.0	3485.9	-0.000
GCCCTA	186.0	1468.7	-0.000
GCTATT	425.0	3102.3	-0.000
GGGTGG	674.0	4759.9	-0.000
AGATCT	352.0	2621.4	-0.000
TAAACT	365.0	2698.7	-0.000
CTACAT	238.0	1831.0	-0.000
ATGAAC	251.0	1922.6	-0.000
ATGAAT	405.0	2965.3	-0.000
AGAAGG	495.0	3572.7	-0.000
CACATA	313.0	2343.0	-0.000
TAGTAA	271.0	2057.7	-0.000
AATCAG	319.0	2386.9	-0.000
TCCTAT	308.0	2310.1	-0.000
GTCAAA	231.0	1783.4	-0.000
AAATCG	48.0	468.7	-0.000
AACCCC	369.0	2724.6	-0.000
TGTCAA	299.0	2255.0	-0.000
CCTTAT	318.0	2381.6	-0.000
TCCGTA	40.0	406.4	-0.000
GGGTAT	192.0	1517.6	-0.000
ACTTCC	473.0	3432.8	-0.000
AAAATT	998.0	7089.9	-0.000
CCAGTC	429.0	3134.7	-0.000
CTCTAG	311.0	2337.6	-0.000
CGAGTT	89.0	854.6	-0.000
TAACAA	268.0	2043.1	-0.000
AGAAGT	396.0	3124.6	-0.000
AGCAAG	413.0	3030.5	-0.000
ACATTT	997.0	6896.2	-0.000
ATCGGT	26.0	293.1	-0.000
TGATAA	296.0	2242.6	-0.000
AGAGGG	433.0	3580.1	-0.000
GGATGG	569.0	4778.6	-0.000
ATTGGT	337.0	2517.7	-0.000
TATCCA	275.0	2096.3	-0.000
ACACAT	395.0	2917.7	-0.000
CAACAG	313.0	2533.5	-0.000
AACGAG	42.0	426.9	-0.000
TCACGA	93.0	815.6	-0.000
CCCCGA	110.0	941.9	-0.000
GAAAGT	303.0	2542.8	-0.000
TGGCCA	1113.0	9469.0	-0.000
GTTACT	283.0	2156.9	-0.000
AGAATT	558.0	4015.3	-0.000
TTAGTC	244.0	1889.3	-0.000
ATGTGT	521.0	4406.0	-0.000
CGGAAC	35.0	371.4	-0.000
ATAGCA	221.0	1955.2	-0.000
ATAATG	317.0	2391.7	-0.000
CCTTGG	902.0	6292.0	-0.000
GTGGTT	437.0	3659.9	-0.000
GAACTT	374.0	2778.3	-0.000
GCAGAC	234.0	1821.7	-0.000
GACATT	352.0	2631.0	-0.000
CCATCC	439.0	3422.0	-0.000
TATGAA	338.0	2534.5	-0.000
AGCAAA	422.0	3110.0	-0.000
ATGTCA	350.0	2620.2	-0.000
GTTGTA	266.0	2044.6	-0.000
CAGGAA	494.0	4166.0	-0.000
GGCAGG	722.0	6093.3	-0.000
TGGGCG	227.0	1776.6	-0.000
CCAACG	35.0	481.1	-0.000
GAGATC	329.0	2520.8	-0.000
GAGCAC	260.0	2003.7	-0.000
GGTAGG	245.0	1905.2	-0.000
AATTGG	269.0	2067.4	-0.000
TTCTCA	822.0	5778.1	-0.000
CAAACC	256.0	1983.4	-0.000
TCTAAT	371.0	2764.2	-0.000
TTGTGC	452.0	3312.7	-0.000
CACATC	341.0	2603.3	-0.000
GGCTAT	238.0	1856.7	-0.000
TTAGGT	334.0	2520.7	-0.000
ATTGAG	303.0	2635.4	-0.000
TTAGAA	462.0	3385.2	-0.000
AACCAG	319.0	2415.1	-0.000
TTCTTA	620.0	4716.5	-0.000
CCGCTG	177.0	1431.4	-0.000
CCCACA	404.0	3585.4	-0.000
TCAACA	283.0	2172.9	-0.000
AACTCT	439.0	3234.9	-0.000
ACTTTA	478.0	3494.8	-0.000
GAATCC	213.0	1683.8	-0.000
AAGGAA	559.0	4042.5	-0.000
ACAGCA	392.0	3433.3	-0.000
AAGTTC	377.0	2814.6	-0.000
CTTGAT	421.0	3118.8	-0.000
ATCTAT	287.0	2204.2	-0.000
CCAGAC	406.0	3014.8	-0.000
AAGAAA	798.0	5638.3	-0.000
ACTCTA	234.0	1837.3	-0.000
GTTCGC	39.0	413.7	-0.000
CGGAGC	155.0	1278.4	-0.000
ATTGAC	191.0	1538.2	-0.000
TTGTAC	297.0	2277.5	-0.000
AAGGCT	390.0	2955.3	-0.000
TGACAA	275.0	2122.6	-0.000
GACGAG	84.0	764.8	-0.000
AAAAGG	433.0	3201.8	-0.000
TATCAA	228.0	1798.6	-0.000
GGAGCA	381.0	2852.7	-0.000
ATCGCG	30.0	340.4	-0.000
ATATTG	396.0	3109.4	-0.000
GACTTT	533.0	3880.8	-0.000
ATAGGG	206.0	1650.7	-0.000
GACAAT	187.0	1514.5	-0.000
GCTACG	35.0	388.6	-0.000
GTGTCT	563.0	4422.7	-0.000
AATACC	191.0	1544.9	-0.000
TCTAAC	214.0	1702.5	-0.000
TTACCA	340.0	2574.6	-0.000
TTCTCG	131.0	1296.5	-0.000
CTCTCA	618.0	4664.8	-0.000
TTGCTA	422.0	3140.0	-0.000
GATCAG	237.0	1868.2	-0.000
ATCGGA	24.0	291.5	-0.000
ACACAA	302.0	2528.3	-0.000
CGCAGA	82.0	755.2	-0.000
CAACTC	312.0	2388.8	-0.000
GAACCT	225.0	2080.3	-0.000
TCTGAA	493.0	3622.1	-0.000
TACGGT	23.0	326.9	-0.000
GGAACC	214.0	1707.4	-0.000
CGGGAA	95.0	854.2	-0.000
GAGGGG	512.0	3751.7	-0.000
ACATTG	340.0	2581.7	-0.000
CGGATC	64.0	618.6	-0.000
GGTTAT	206.0	1776.4	-0.000
ATTCGA	34.0	379.4	-0.000
GATAGC	112.0	983.1	-0.000
GATAGT	183.0	1494.4	-0.000
TCGATC	138.0	1497.6	-0.000
GTTAAG	200.0	1616.4	-0.000
AGGGGG	331.0	2527.9	-0.000
TTGATC	325.0	2875.7	-0.000
GCAGAG	587.0	4842.5	-0.000
TACGTC	28.0	363.1	-0.000
TGCGTG	176.0	1446.5	-0.000
TAACAC	183.0	1498.0	-0.000
ATGCTG	570.0	4150.5	-0.000
TCTGTA	542.0	3966.3	-0.000
GGCGCT	152.0	1273.0	-0.000
GCCGCT	137.0	1235.7	-0.000
CCGTTT	138.0	1179.4	-0.000
ATTCGG	47.0	489.0	-0.000
AAAGTC	313.0	2484.6	-0.000
AGAACA	385.0	2902.5	-0.000
AAAGGG	381.0	2874.6	-0.000
CACGGG	83.0	842.3	-0.000
CTTCAC	417.0	3121.1	-0.000
CTTCCC	908.0	6401.7	-0.000
CAAGGC	357.0	2712.7	-0.000
GGGTGA	345.0	2899.5	-0.000
ACGTTC	51.0	522.0	-0.000
ACGGAA	53.0	538.2	-0.000
TCATTA	357.0	2714.1	-0.000
CCATTC	680.0	4894.8	-0.000
ATCCCC	264.0	2070.9	-0.000
AGATCA	365.0	2774.3	-0.000
TATACA	306.0	2363.3	-0.000
ATGGGT	307.0	2371.0	-0.000
TGTGAA	509.0	3750.4	-0.000
CTGAAC	280.0	2186.1	-0.000
AGATTG	354.0	2698.8	-0.000
GGATAC	126.0	1096.2	-0.000
GCGGCT	152.0	1280.4	-0.000
ATTGGA	251.0	2176.7	-0.000
TTTCCG	121.0	1061.4	-0.000
TACACA	327.0	2517.9	-0.000
GGAGAG	584.0	4259.5	-0.000
AAAGTT	458.0	3802.5	-0.000
TCAAAG	419.0	3182.1	-0.000
GGATCC	221.0	1776.0	-0.000
TGTGTC	633.0	4753.6	-0.000
TCGTAT	42.0	454.4	-0.000
TCCGCG	58.0	583.2	-0.000
CCAATA	177.0	1467.5	-0.000
CGTGTT	254.0	2015.6	-0.000
CATTTA	674.0	4874.7	-0.000
AATGGA	362.0	2762.8	-0.000
TGACTT	572.0	4186.8	-0.000
CGGAGA	94.0	862.5	-0.000
TTCCAC	490.0	3634.5	-0.000
GACCTA	115.0	1020.6	-0.000
GCGAAG	48.0	504.3	-0.000
TAAGGG	187.0	1542.0	-0.000
GGAGGA	659.0	4770.6	-0.000
AGATCC	237.0	1895.5	-0.000
TGTCCG	80.0	757.4	-0.000
TGCCAG	629.0	4573.1	-0.000
TGGCAA	365.0	2787.9	-0.000
ATCCAA	218.0	1760.4	-0.000
CAATGA	241.0	1925.2	-0.000
TGTCGA	40.0	440.1	-0.000
AGGAAA	619.0	4510.3	-0.000
GCTGTT	558.0	4100.9	-0.000
CCGGAA	69.0	673.7	-0.000
AAGTCA	332.0	2810.5	-0.000
TAGGGG	190.0	1695.6	-0.000
AAAGAA	698.0	5171.6	-0.000
AGGTTA	234.0	1877.7	-0.000
TGAATC	262.0	2158.9	-0.000
AAACGC	46.0	490.3	-0.000
TTTATC	597.0	4364.9	-0.000
ATTGCT	477.0	4030.8	-0.000
CCAGTT	538.0	3969.2	-0.000
ACCTAT	172.0	1438.4	-0.000
GACCCA	206.0	1993.4	-0.000
ATGTTA	408.0	3086.1	-0.000
CTAAGA	217.0	1759.7	-0.000
ATGACC	209.0	1709.8	-0.000
ATGGCC	318.0	2468.6	-0.000
CGGAAA	52.0	542.4	-0.000
ATCAGG	275.0	2169.9	-0.000
ATCACC	344.0	2648.2	-0.000
GAGGCT	664.0	5245.9	-0.000
AGCTCC	665.0	4828.4	-0.000
TAGAAA	505.0	3749.9	-0.000
CTTTAG	420.0	3175.8	-0.000
AATGGT	392.0	2984.4	-0.000
GGCCCT	434.0	3269.9	-0.000
GTAAGA	215.0	1749.8	-0.000
ATACAC	200.0	1648.1	-0.000
GGACGT	59.0	600.1	-0.000
TCTGCA	616.0	4506.1	-0.000
CCATGG	409.0	3100.6	-0.000
GTCAAC	118.0	1054.7	-0.000
CTGTAA	568.0	4908.3	-0.000
TGGAAG	531.0	3932.4	-0.000
ATCTCT	680.0	4936.8	-0.000
GGTTGT	343.0	2649.5	-0.000
CGGAGG	174.0	1462.6	-0.000
TTCACA	530.0	3929.4	-0.000
TACTCC	198.0	1687.5	-0.000
GAGCCC	353.0	3228.7	-0.000
TCGCGT	17.0	247.1	-0.000
TGTAAG	317.0	2476.4	-0.000
CAGAGA	628.0	4596.2	-0.000
ACTTAT	262.0	2090.1	-0.000
TGTAAT	586.0	5036.8	-0.000
CAGCTC	992.0	7033.8	-0.000
GATGTA	190.0	1585.3	-0.000
GAATCA	271.0	2156.3	-0.000
TTTTAC	851.0	6095.3	-0.000
GAGACC	430.0	3256.6	-0.000
CTATGA	217.0	1774.6	-0.000
GGATAT	253.0	2034.8	-0.000
AGGACC	229.0	1862.7	-0.000
ACTCGG	115.0	1039.1	-0.000
CAGTAC	184.0	1543.1	-0.000
GGGCGT	134.0	1182.1	-0.000
CATCTA	244.0	1972.5	-0.000
GGTCAG	539.0	4007.0	-0.000
TGGACA	354.0	2740.8	-0.000
AAAGAC	335.0	2615.8	-0.000
TGCTTT	1217.0	8817.0	-0.000
GAAGCC	347.0	2695.1	-0.000
GAATGA	343.0	2667.6	-0.000
GTTCAT	345.0	2910.9	-0.000
GGTGAG	365.0	3658.4	-0.000
TTCGGA	50.0	539.6	-0.000
GATCCG	199.0	2110.7	-0.000
AATGAG	377.0	2905.4	-0.000
CGTTAA	26.0	335.9	-0.000
TTATCT	558.0	4179.1	-0.000
TCAGCA	456.0	3813.3	-0.000
TCCGCA	59.0	613.4	-0.000
AATTTC	609.0	4495.9	-0.000
GGTTTG	456.0	4003.5	-0.000
ACTTCG	61.0	631.8	-0.000
GGACAG	366.0	2841.5	-0.000
ACCAAT	187.0	1579.6	-0.000
CCCGTT	75.0	744.9	-0.000
CCAATC	178.0	1513.8	-0.000
GCATTT	792.0	5731.7	-0.000
AAGATC	242.0	1974.6	-0.000
CGAATG	30.0	375.9	-0.000
CCCCTT	527.0	3946.3	-0.000
AGCACC	249.0	2540.0	-0.000
TGGCCG	166.0	1427.5	-0.000
CGGTAT	21.0	294.7	-0.000
GAGGAC	255.0	2070.8	-0.000
AGAGCT	453.0	3440.4	-0.000
CTATGG	186.0	1575.6	-0.000
GCTTTA	385.0	2977.4	-0.000
AAGGTA	217.0	1796.3	-0.000
ATCGCA	44.0	496.7	-0.000
GGGGCG	267.0	2152.9	-0.000
GCCGTT	56.0	596.1	-0.000
ACTAAG	150.0	1312.8	-0.000
TTCATG	540.0	4073.8	-0.000
TACGTG	54.0	655.9	-0.000
AACAGA	398.0	3068.2	-0.000
TCTATT	488.0	4507.8	-0.000
CCTTCT	853.0	6158.7	-0.000
ATCTCC	565.0	5121.4	-0.000
CATTAG	223.0	1844.6	-0.000
TTTGCG	74.0	877.7	-0.000
GTTTCT	903.0	7117.5	-0.000
TTATGC	233.0	1918.1	-0.000
CGCCAG	175.0	1501.8	-0.000
GAAGTT	375.0	2913.7	-0.000
GTTATG	185.0	1575.7	-0.000
TCATTT	1104.0	8658.7	-0.000
GATAAG	161.0	1399.8	-0.000
GTCATT	404.0	3117.2	-0.000
AACTCA	297.0	2650.7	-0.000
ACTTAG	227.0	1879.3	-0.000
CTTCTT	994.0	7229.5	-0.000
GAGGGA	489.0	3708.7	-0.000
GCGTGG	131.0	1701.2	-0.000
ATCAGT	265.0	2309.3	-0.000
TTTGCT	1001.0	8830.0	-0.000
CACTCA	430.0	3302.9	-0.000
AGCTTT	711.0	5215.5	-0.000
CAACAA	265.0	2151.1	-0.000
CCCATC	475.0	3617.9	-0.000
GGTTGC	305.0	2559.8	-0.000
ACACTC	202.0	2068.7	-0.000
TGGAAA	574.0	4293.2	-0.000
GTCCGA	23.0	321.0	-0.000
GTTAGT	210.0	1767.5	-0.000
CTCTTT	1311.0	9444.7	-0.000
TTTGCC	875.0	6323.5	-0.000
GGGGAA	429.0	3298.4	-0.000
CTTACC	210.0	1768.1	-0.000
AACAAA	536.0	4038.3	-0.000
TGGTCC	284.0	2420.2	-0.000
TTCTAC	325.0	2583.1	-0.000
CCGTTG	52.0	573.7	-0.000
TAGTAT	266.0	2165.0	-0.000
GGCTGC	500.0	4871.6	-0.000
TGCTTG	582.0	4359.2	-0.000
CCTCTC	764.0	6389.4	-0.000
CGTCTA	29.0	378.5	-0.000
TAGACC	122.0	1125.3	-0.000
GTTCCC	310.0	2479.8	-0.000
GCATGG	308.0	2982.1	-0.000
TGCCTT	964.0	7140.6	-0.000
GAAACA	395.0	3150.3	-0.000
ATCCAG	379.0	2964.0	-0.000
TAGTTA	245.0	2024.6	-0.000
ACCCTG	526.0	3977.2	-0.000
GCCAGC	393.0	3663.3	-0.000
CCATCT	753.0	5776.0	-0.000
ACCAAC	190.0	1630.6	-0.000
GAGGGT	324.0	2586.4	-0.000
TTCTAG	428.0	3554.2	-0.000
GCACTC	335.0	2666.3	-0.000
AAGGGT	238.0	2025.0	-0.000
TCGATT	48.0	545.2	-0.000
GCCAGA	419.0	3249.7	-0.000
GGGCAG	630.0	4692.9	-0.000
ATTAGG	222.0	1860.1	-0.000
GACACT	242.0	2008.7	-0.000
TCCATA	239.0	1986.2	-0.000
TACTGA	255.0	2188.8	-0.000
TCCAGA	517.0	3932.1	-0.000
CATTCC	393.0	3073.2	-0.000
GAAGCA	357.0	2822.7	-0.000
TCCGCT	113.0	1064.8	-0.000
GCTCTC	438.0	3384.2	-0.000
CTGATA	231.0	1929.3	-0.000
CTTCTA	387.0	3031.1	-0.000
TCAATG	202.0	1865.4	-0.000
GTCAGT	281.0	2287.3	-0.000
CCGATG	32.0	410.9	-0.000
GATGCA	257.0	2133.8	-0.000
TGCAAA	484.0	3703.9	-0.000
TATGTC	246.0	2042.7	-0.000
GCCCCT	426.0	3733.1	-0.000
GCTTCT	539.0	4265.0	-0.000
GTGGAT	344.0	2733.4	-0.000
CTTAAT	296.0	2566.6	-0.000
AGCGCT	91.0	896.3	-0.000
TCTCAT	587.0	4600.8	-0.000
TGTGGT	652.0	5114.7	-0.000
AGGGTA	192.0	1812.7	-0.000
TTTAGG	476.0	3653.3	-0.000
TCAGGG	373.0	3562.5	-0.000
AAGTCC	255.0	2114.5	-0.000
TGATGT	469.0	3611.7	-0.000
GATTTA	347.0	2760.6	-0.000
TGCATG	470.0	3618.2	-0.000
GTAGAC	128.0	1186.2	-0.000
CTACGT	49.0	561.5	-0.000
TGTCTA	289.0	2356.2	-0.000
GTTTTC	857.0	7133.9	-0.000
TCTATA	254.0	2111.6	-0.000
ACGAGA	42.0	503.4	-0.000
ATGGAA	395.0	3106.5	-0.000
CTTAGA	263.0	2172.1	-0.000
TGAGGG	443.0	3439.5	-0.000
AATGGG	321.0	2587.3	-0.000
CCCTAT	178.0	1560.8	-0.000
CAATTG	153.0	1580.1	-0.000
ATGAAG	372.0	2944.2	-0.000
TTAGGA	356.0	2836.2	-0.000
CATCCA	381.0	3011.6	-0.000
ATCGCT	54.0	855.9	-0.000
GGAAAA	504.0	3862.9	-0.000
AGGACG	67.0	715.9	-0.000
ACTGAC	199.0	1720.7	-0.000
GATTTC	429.0	4029.8	-0.000
AACTCG	52.0	592.8	-0.000
GCAAAA	342.0	2738.5	-0.000
ACGTTA	34.0	438.7	-0.000
GAGAGG	448.0	4141.5	-0.000
GCATTC	243.0	2187.1	-0.000
TGACAT	342.0	2741.9	-0.000
CAGAGG	575.0	4611.9	-0.000
CAGGAT	623.0	5105.1	-0.000
TACTCG	58.0	643.4	-0.000
ACCCCA	430.0	3356.2	-0.000
AAACAC	330.0	2662.0	-0.000
GTAATG	206.0	1775.1	-0.000
AGTTAG	206.0	1775.9	-0.000
CCACTC	391.0	3278.9	-0.000
GACCGC	50.0	579.0	-0.000
CGGGAG	264.0	2191.3	-0.000
CGTTTG	107.0	1037.1	-0.000
CTTTAC	327.0	2644.1	-0.000
CCATAT	309.0	2514.5	-0.000
TTCCGG	104.0	1015.1	-0.000
TAGGGC	161.0	1444.1	-0.000
AATTTA	624.0	4710.2	-0.000
TCTACC	290.0	2393.7	-0.000
AGGAGG	736.0	5468.4	-0.000
GTAAGT	233.0	1975.8	-0.000
CCTGAT	375.0	2983.9	-0.000
CTAACA	209.0	1806.8	-0.000
GAGCGG	113.0	1088.5	-0.000
GAGCAT	275.0	2278.6	-0.000
TCAGAT	430.0	3370.5	-0.000
GGACAT	238.0	2015.2	-0.000
CCCTAA	209.0	1808.6	-0.000
GTGTAT	365.0	2922.5	-0.000
TACGCA	13.0	332.9	-0.000
GCCTTT	748.0	5557.0	-0.000
CCCTCG	117.0	1122.3	-0.000
TACCTA	113.0	1580.5	-0.000
ACGCAG	77.0	807.4	-0.000
AAGGAC	232.0	1974.7	-0.000
CATACA	225.0	1922.3	-0.000
TGCGTT	65.0	982.4	-0.000
CCGCTT	119.0	1141.6	-0.000
GTCCAT	219.0	1881.1	-0.000
CCCTTG	378.0	3017.7	-0.000
ATACAT	340.0	2749.5	-0.000
TTCCAA	505.0	4268.1	-0.000
TCTTCC	827.0	6106.3	-0.000
GAACCG	29.0	403.7	-0.000
CACTTA	269.0	2245.7	-0.000
GTTAGG	184.0	1630.3	-0.000
CCATTT	885.0	6498.6	-0.000
TGGTGG	741.0	6169.1	-0.000
CCCTGT	611.0	4640.4	-0.000
TCAATT	374.0	2995.2	-0.000
TGTATC	282.0	2345.2	-0.000
TGTATG	369.0	2962.8	-0.000
CCTTAC	190.0	1681.4	-0.000
CGTTCC	62.0	693.2	-0.000
CCCTCA	358.0	3696.8	-0.000
TTCTAA	489.0	3807.4	-0.000
TCAGAG	474.0	3707.2	-0.000
AGAAAC	400.0	3184.0	-0.000
GCTCCG	233.0	2270.3	-0.000
TTGATG	430.0	3398.4	-0.000
TCAGTT	569.0	4363.4	-0.000
CTCATA	218.0	1889.8	-0.000
TTATCA	367.0	2965.2	-0.000
GTGCTT	434.0	3439.0	-0.000
TCATAA	247.0	2106.7	-0.000
TGATGG	471.0	3693.6	-0.000
AGTTGA	291.0	2425.7	-0.000
CTAAGG	184.0	1645.5	-0.000
CGCCCT	168.0	1588.2	-0.000
TTAGCG	35.0	467.2	-0.000
GTTGAT	282.0	2362.2	-0.000
AGGTCA	411.0	3278.0	-0.000
GCCAGG	1212.0	11116.0	-0.000
TGGATG	398.0	3183.3	-0.000
CTTATG	229.0	1979.4	-0.000
CTTTGA	582.0	4471.4	-0.000
TCTTCT	1119.0	8112.8	-0.000
TCCCTG	791.0	5900.0	-0.000
AGACCT	277.0	2329.3	-0.000
CTCGTA	25.0	377.5	-0.000
ACAAAG	367.0	2976.3	-0.000
TCATTG	468.0	3773.2	-0.000
AATTGC	283.0	2375.8	-0.000
ATCTAC	177.0	1600.5	-0.000
CAGCAA	387.0	3277.0	-0.000
GATGAA	303.0	2519.7	-0.000
GCCCTT	405.0	3245.5	-0.000
AGAGGA	474.0	3734.1	-0.000
ATGGTA	235.0	2032.9	-0.000
GGCGTT	81.0	865.7	-0.000
AGAGTT	518.0	4042.2	-0.000
GCTTTG	670.0	5091.0	-0.000
CTCTAA	276.0	2332.2	-0.000
ACCGTT	36.0	483.3	-0.000
GATTTG	493.0	3870.8	-0.000
TTTTCC	1554.0	11043.9	-0.000
CTGTGG	682.0	5501.0	-0.000
CCCTGA	461.0	3647.5	-0.000
TGCTTA	363.0	2960.7	-0.000
GGCCAT	301.0	2513.9	-0.000
AGCGAG	101.0	1127.1	-0.000
ACCTAC	139.0	1327.6	-0.000
AGGGCG	111.0	1109.7	-0.000
TTAGAT	322.0	2671.3	-0.000
GCTAAG	186.0	1720.3	-0.000
TCTGAC	337.0	2776.3	-0.000
GTTTCA	1400.0	10878.3	-0.000
CCCCGT	130.0	1261.8	-0.000
TTATCC	261.0	2231.0	-0.000
GTGTGT	1664.0	11796.4	-0.000
AGTCCA	267.0	2278.8	-0.000
CTTGCA	333.0	3021.4	-0.000
TCACAT	396.0	3208.2	-0.000
TCTGTC	1464.0	10476.4	-0.000
GCAAGG	264.0	2262.5	-0.000
CGAAAC	27.0	410.7	-0.000
CGTTGA	32.0	457.8	-0.000
GCAGGA	420.0	4353.3	-0.000
ATAAAC	226.0	2009.4	-0.000
GACCAA	172.0	1588.0	-0.000
TAATGA	301.0	2535.5	-0.000
GACCGT	28.0	424.2	-0.000
ATTCCC	341.0	2825.8	-0.000
GGAGGT	474.0	3772.1	-0.000
GTTCCA	330.0	2754.0	-0.000
GGCAAA	254.0	2311.6	-0.000
TCTGAT	457.0	3650.6	-0.000
CTCCAT	585.0	4546.1	-0.000
GGCAGC	446.0	3580.2	-0.000
GGTGGT	464.0	3864.6	-0.000
CCGAGA	110.0	1121.4	-0.000
TACTTG	310.0	2611.1	-0.000
ACTCTC	304.0	2676.2	-0.000
CAGCAC	360.0	4500.7	-0.000
TCTAGT	280.0	2397.0	-0.000
AAGTTA	267.0	2346.3	-0.000
GCCTGT	591.0	5490.4	-0.000
GTCAGG	554.0	4342.1	-0.000
CTTATC	201.0	1821.2	-0.000
TTAATC	286.0	2445.1	-0.000
TTGCGG	49.0	715.6	-0.000
CACATG	416.0	3378.7	-0.000
ACTCGT	46.0	594.6	-0.000
GAATCG	47.0	603.4	-0.000
CACGGA	58.0	699.7	-0.000
CATTGA	284.0	2435.1	-0.000
TCTCTT	1135.0	8866.2	-0.000
TAGGGA	254.0	2221.6	-0.000
GTTTGG	469.0	4039.8	-0.000
GAATTG	284.0	2438.7	-0.000
GTTTCC	586.0	4576.4	-0.000
GTTTAG	272.0	2350.2	-0.000
AAAAAA	2586.0	17997.2	-0.000
GCGGAT	54.0	669.3	-0.000
TACTCA	259.0	2264.7	-0.000
ATTAGT	249.0	2190.0	-0.000
AAGGGG	316.0	2676.1	-0.000
GAAACT	342.0	2862.6	-0.000
AAATCC	272.0	2357.5	-0.000
AACACG	37.0	737.9	-0.000
GATGGC	266.0	2313.7	-0.000
GATCGC	52.0	655.6	-0.000
TGGCGA	71.0	819.0	-0.000
TATTAG	291.0	2502.2	-0.000
CCGTTC	43.0	576.2	-0.000
CTGTTC	476.0	3819.2	-0.000
CCCGCA	92.0	994.9	-0.000
GCGCTG	139.0	1515.6	-0.000
GACCCT	290.0	2496.2	-0.000
CTTGTA	314.0	2669.9	-0.000
AGGATG	572.0	4793.0	-0.000
AGTTTA	429.0	3493.3	-0.000
GGGAAA	423.0	3456.9	-0.000
TAATGG	231.0	2066.0	-0.000
AAGTTT	659.0	5106.6	-0.000
GTGAGG	424.0	3467.4	-0.000
ACATGG	272.0	3308.0	-0.000
GACATC	144.0	1414.8	-0.000
AGGGAG	586.0	4605.3	-0.000
TAGCAA	212.0	1935.2	-0.000
GGCCCC	417.0	3423.0	-0.000
AACCTG	317.0	2909.3	-0.000
CGTTTC	113.0	1173.4	-0.000
TCGGGA	92.0	1004.2	-0.000
TTTACT	697.0	5385.8	-0.000
TGCGGG	123.0	1255.3	-0.000
TTTACG	42.0	576.2	-0.000
AGCAGA	429.0	3509.1	-0.000
AGCCGA	87.0	1021.0	-0.000
AGGAAG	588.0	4629.5	-0.000
TTTGGC	530.0	4702.1	-0.000
AGAATG	411.0	3385.5	-0.000
AATCGG	16.0	322.3	-0.000
CACAGA	458.0	3721.7	-0.000
ATGGTC	299.0	3347.1	-0.000
TGACCT	1048.0	8943.0	-0.000
AGGATA	198.0	1838.0	-0.000
CAAATC	229.0	2066.6	-0.000
TGATGA	378.0	3154.9	-0.000
AATGAC	205.0	1892.2	-0.000
GGGGGC	375.0	3138.0	-0.000
CTCCTT	673.0	6270.9	-0.000
TGGACG	51.0	664.5	-0.000
CCGACA	25.0	421.0	-0.000
TTAGCA	307.0	2647.8	-0.000
TGGATC	260.0	2303.4	-0.000
TAGTGA	255.0	2274.3	-0.000
CCAATG	181.0	1718.9	-0.000
CGTTAG	14.0	413.4	-0.000
TGCATA	276.0	2429.4	-0.000
GGAAGC	349.0	2962.4	-0.000
AACGCT	29.0	464.5	-0.000
CATTTG	665.0	5198.8	-0.000
GACCTT	375.0	3149.4	-0.000
TGCCCT	596.0	4718.2	-0.000
CCTTGT	525.0	4217.3	-0.000
GGACCT	210.0	1945.5	-0.000
CGAGGT	125.0	1289.6	-0.000
CAAGAC	254.0	2273.2	-0.000
CTGCGG	149.0	1480.3	-0.000
CTAGGG	202.0	1887.0	-0.000
GCGAGG	104.0	1122.4	-0.000
CTTCAT	468.0	3826.9	-0.000
TACATT	481.0	3916.4	-0.000
CGAGAT	77.0	910.6	-0.000
TCCATC	449.0	3701.7	-0.000
GGTCCC	251.0	2262.6	-0.000
TATGGA	203.0	1903.9	-0.000
ATTCAG	373.0	3151.4	-0.000
GGTAAG	185.0	1764.4	-0.000
AGGGGA	395.0	3315.1	-0.000
TAGATC	128.0	1323.5	-0.000
GGCCGT	66.0	812.7	-0.000
ACTTTG	703.0	5494.4	-0.000
TATCTC	336.0	2888.5	-0.000
ATTTGG	550.0	4422.9	-0.000
TCGGTG	48.0	666.3	-0.000
GGTGAC	268.0	2393.8	-0.000
TTTCTA	818.0	6298.8	-0.000
GAAGGC	266.0	2381.4	-0.000
TCTCTG	1047.0	7882.7	-0.000
GAGAAC	225.0	2081.0	-0.000
CCCCAT	413.0	3461.7	-0.000
AAAAAG	612.0	4874.4	-0.000
CATTGT	445.0	3693.8	-0.000
CCCTAC	165.0	1623.4	-0.000
ACGAGG	88.0	1008.3	-0.000
GAGGTC	342.0	2947.7	-0.000
AGATCG	46.0	771.8	-0.000
TTAGGG	246.0	2245.9	-0.000
ACACGG	58.0	946.3	-0.000
TACTTC	244.0	2233.4	-0.000
TCTACA	248.0	2285.6	-0.000
CGGGGC	201.0	2081.8	-0.000
GAAGTC	248.0	2346.4	-0.000
ACCCTT	265.0	2390.0	-0.000
AACACT	260.0	2352.1	-0.000
TTTCAT	1052.0	7941.9	-0.000
CATTGG	252.0	2305.7	-0.000
AATGGC	448.0	3861.8	-0.000
TGCATT	566.0	4949.3	-0.000
AGGTTT	594.0	5245.7	-0.000
CCTAGA	213.0	2008.4	-0.000
CCCCTA	165.0	1640.9	-0.000
GGCCGA	137.0	1425.6	-0.000
AGAACC	191.0	1845.7	-0.000
CGCTTG	99.0	1116.5	-0.000
AGCCAG	609.0	6290.3	-0.000
GCCGGC	154.0	1555.3	-0.000
CTACTT	381.0	3260.6	-0.000
ATGGAC	154.0	1556.4	-0.000
ACATTC	289.0	2588.3	-0.000
GCCAGT	354.0	3068.6	-0.000
ATATGG	224.0	2100.5	-0.000
GACCCC	229.0	2139.4	-0.000
ATTGGG	220.0	2070.4	-0.000
CTAATG	215.0	2036.1	-0.000
CTCATT	546.0	5184.9	-0.000
AGTTCG	40.0	683.4	-0.000
GAAGAC	195.0	1893.6	-0.000
ATAGCC	125.0	1407.9	-0.000
CGAGGG	84.0	1002.9	-0.000
CTCGAT	139.0	1628.6	-0.000
CGAGGA	63.0	822.9	-0.000
CAAGAT	285.0	2656.2	-0.000
ATGGCG	155.0	1581.4	-0.000
TTAGTA	1124.0	10400.1	-0.000
TCCACG	76.0	971.9	-0.000
AGAGCC	291.0	3043.3	-0.000
CTAGTT	294.0	2652.0	-0.000
GCTCCA	332.0	3329.4	-0.000
TCCATT	557.0	4559.0	-0.000
CGCTCC	118.0	1294.7	-0.000
CGTGGA	73.0	917.5	-0.000
GAGCTT	325.0	2889.0	-0.000
CAGCAG	640.0	5152.1	-0.000
GCTTGT	326.0	2899.3	-0.000
TAAGTT	354.0	3106.5	-0.000
TGTGTG	1785.0	13441.2	-0.000
GTCTCT	677.0	5429.4	-0.000
GCGTTT	82.0	1291.5	-0.000
AATTTG	556.0	4576.6	-0.000
ATTTCT	1090.0	8843.6	-0.000
AGACCC	246.0	2312.8	-0.000
ACAAAA	600.0	4894.8	-0.000
TACCCT	192.0	1897.1	-0.000
CCCCTC	562.0	4627.5	-0.000
GAGTTA	170.0	1726.5	-0.000
CAGAAC	239.0	2263.0	-0.000
AATCGC	39.0	618.2	-0.000
GGGCAA	283.0	2597.0	-0.000
GACAGC	228.0	2181.9	-0.000
GTCCCT	328.0	2939.3	-0.000
CAAAGA	338.0	3009.7	-0.000
GTCCTT	390.0	3397.2	-0.000
CAGGGC	459.0	3898.0	-0.000
TGTCAG	391.0	3406.5	-0.000
ACCGCT	39.0	632.8	-0.000
CCAGAA	407.0	3520.8	-0.000
CTTTCT	1303.0	12238.1	-0.000
TGGGTG	584.0	4801.5	-0.000
GCTCTA	169.0	1731.6	-0.000
CTATTG	165.0	2309.7	-0.000
GGTGGC	543.0	4512.6	-0.000
TACACT	188.0	1887.4	-0.000
GGCGAA	20.0	516.2	-0.000
TGTACG	15.0	378.7	-0.000
CATGTT	1054.0	9251.9	-0.000
CAAAAA	690.0	5568.2	-0.000
GAGAAT	379.0	3330.3	-0.000
GGCAGA	483.0	4184.4	-0.000
CAACGG	19.0	425.0	-0.000
GGGGCA	317.0	2949.5	-0.000
CAATGG	402.0	3984.7	-0.000
CACTTG	399.0	3486.3	-0.000
TGTGGG	545.0	4547.2	-0.000
GAGTTT	906.0	7220.6	-0.000
GAGGTT	443.0	3820.5	-0.000
GGGCGA	72.0	945.5	-0.000
GTCTGT	482.0	4101.8	-0.000
AATCCA	268.0	2519.0	-0.000
CTCTGA	535.0	4487.1	-0.000
CAGTTT	819.0	6503.8	-0.000
TCCCTA	307.0	2819.4	-0.000
CCTATT	276.0	2587.6	-0.000
AGTTCC	280.0	2618.2	-0.000
GTTCCT	386.0	3411.5	-0.000
GGCTTT	627.0	5155.3	-0.000
GAGGAT	308.0	2830.3	-0.000
TACAAA	382.0	3708.7	-0.000
TTCCTC	625.0	6336.0	-0.000
AACCCA	266.0	2514.5	-0.000
GCAGAA	362.0	3241.2	-0.000
AGGCCG	183.0	1897.3	-0.000
GGACAC	189.0	1925.4	-0.000
GGATGT	219.0	2525.7	-0.000
CAAAGG	302.0	2792.8	-0.000
ACTCAT	226.0	2292.2	-0.000
ACTTGC	227.0	2232.7	-0.000
TGGGCA	557.0	4772.2	-0.000
TCCCCT	567.0	4755.8	-0.000
GGAAGG	488.0	4186.6	-0.000
CCAAGA	340.0	3093.2	-0.000
GAAGGG	366.0	3297.5	-0.000
TCTATG	214.0	2135.1	-0.000
AGGGCC	292.0	2750.6	-0.000
CTGATG	355.0	3223.6	-0.000
CCTTTA	394.0	3517.2	-0.000
CAGAAT	373.0	3409.5	-0.000
GAATGG	266.0	2552.2	-0.000
GTTAGC	234.0	2864.5	-0.000
CACTTT	821.0	6613.4	-0.000
CTGCTT	760.0	6185.9	-0.000
GCTTTC	477.0	4146.6	-0.000
TCTCCA	750.0	6117.8	-0.000
ATTGTG	352.0	3507.3	-0.000
AAGCCC	265.0	2566.1	-0.000
ATCCCT	304.0	2865.0	-0.000
TATGGT	203.0	2088.5	-0.000
GACGCT	30.0	586.1	-0.000
GCCCTC	370.0	3371.7	-0.000
TCCTTA	311.0	2926.9	-0.000
CCTTAA	221.0	2232.6	-0.000
CGGTGA	56.0	848.8	-0.000
ACACTT	322.0	3017.0	-0.000
ATTTAG	395.0	3570.1	-0.000
CAAAGC	271.0	2630.1	-0.000
AGACCA	316.0	3404.4	-0.000
TCCACT	376.0	3427.9	-0.000
TGTCTG	609.0	5142.7	-0.000
CTGAGG	671.0	6271.6	-0.000
TCATTC	446.0	3957.7	-0.000
TTCCTA	378.0	3449.1	-0.000
GTGAAA	375.0	3434.1	-0.000
ACTTTC	415.0	3733.1	-0.000
CTCTTC	622.0	5265.7	-0.000
GAAGGA	376.0	3458.0	-0.000
CTTCTC	661.0	5551.6	-0.000
GGAGAA	487.0	4265.1	-0.000
CGTGGT	118.0	1423.0	-0.000
TATTCC	269.0	2641.9	-0.000
GCACTT	352.0	3802.2	0.000
CTTTGC	504.0	5009.9	0.000
TTTGCA	639.0	6093.4	0.000
CTGACA	237.0	2641.8	0.000
AGTTTG	453.0	4945.2	0.000
GAGGCC	478.0	4338.9	0.000
TCTGTG	719.0	6138.3	0.000
CCTTCA	414.0	3797.7	0.000
CTGCTC	594.0	5204.4	0.000
GCTGCT	569.0	5445.0	0.000
ATTTCC	393.0	4820.9	0.000
TTTCCT	1315.0	11517.8	0.000
CCTTTC	465.0	6116.6	0.000
AGCTCT	460.0	4506.5	0.000
TCCTTC	666.0	6400.6	0.000
TCTTTC	1175.0	10531.8	0.000
CTTTTC	1205.0	10091.4	0.000
CATGGT	406.0	3687.5	0.000
TATTTC	670.0	6209.5	0.000
TTCCCT	697.0	6305.8	0.000
CATGGA	285.0	2783.7	0.000
GTTTGC	347.0	3499.5	0.000
CTCTCC	588.0	5607.1	0.000
GGGGCC	322.0	3302.4	0.000
CCAGGA	677.0	6822.3	0.000
CTGACC	890.0	7761.5	0.000
GGTTTC	1349.0	10603.4	0.000
GGCCAG	974.0	8761.8	0.000
TTCATT	887.0	7438.8	0.000
TTCCTT	1076.0	10128.2	0.000
TACTAA	216.0	2339.9	0.000
GGGAGG	813.0	7958.8	0.000
AGGACA	261.0	2749.2	0.000
ACAGAA	390.0	3612.4	0.000
CAGAAG	431.0	3958.2	0.000
CTTTGG	631.0	6266.4	0.000
TTCTCT	1170.0	10029.3	0.000
CTTTCC	544.0	6446.6	0.000
TCCTTT	1210.0	9566.8	0.000
TGAGGT	516.0	4525.3	0.000
TCAGGA	419.0	4599.8	0.000
GGAGGC	529.0	6361.7	0.000
TCCCTC	532.0	5863.7	0.000
CCCTCT	479.0	5145.1	0.000
CTCTCT	993.0	9632.4	0.000
TCTCTC	913.0	8882.4	0.000
TATCCC	105.0	1703.3	0.000
TCCCTT	490.0	5451.6	0.000
CCCTTC	452.0	4279.1	0.000
TCTGCT	725.0	6281.0	0.000
TCCATG	378.0	3747.5	0.000
CAGACC	213.0	2223.6	0.000
TTTAGC	337.0	3202.3	0.000
CTTTCA	559.0	5027.0	0.000
TTTCAC	1297.0	11578.1	0.000
CATTCA	300.0	3272.5	0.000
TTCCCC	556.0	5063.3	0.000
AAGGCC	185.0	2207.7	0.000
CTACTC	219.0	2350.6	0.000
AGTTTC	714.0	6150.7	0.000
TGAAGG	317.0	3033.8	0.000
GGACCC	167.0	1975.5	0.000
CCCTTT	617.0	5925.1	0.000
TCTCTA	437.0	4396.0	0.000
ATTTGC	394.0	4174.8	0.000
GATGTC	172.0	1947.3	0.000
TCCTCT	731.0	6438.6	0.000
GTCTAT	154.0	1794.4	0.000
GATGGT	446.0	4352.4	0.000
TCCACA	345.0	3230.8	0.000
CAGGAC	226.0	2573.1	0.000
GGACGC	44.0	769.7	0.000
AAACCC	259.0	2903.6	0.000
CATTTC	566.0	5496.2	0.000
TTTCCC	891.0	7238.6	0.000
TTTCTC	1000.0	10691.7	0.000
TTGCAT	448.0	4343.6	0.000
AGGTCC	147.0	1770.9	0.000
CCGCTC	97.0	1280.9	0.000
ATTTAC	321.0	3163.4	0.000
AGGCCA	399.0	3890.0	0.000
ATCCAT	254.0	2576.3	0.000
GGCCAA	370.0	3497.5	0.000
AAAGCC	187.0	2543.5	0.000
CCTCTA	214.0	2429.1	0.000
CCTGTA	411.0	4525.6	0.000
GAAACC	252.0	2792.3	0.000
AGCCCT	361.0	3667.6	0.000
GGTGAA	232.0	2816.4	0.000
CTCTAT	250.0	2700.5	0.000
ATGGTG	496.0	4824.0	0.000
TAATCC	313.0	3654.9	0.000
AATCCC	332.0	3588.2	0.000
TCCTTG	495.0	4563.9	0.000
TTTCCA	753.0	7082.6	0.000
TTCCAT	563.0	4980.9	0.000
AGCACT	343.0	3959.2	0.000
CAGAGC	423.0	4318.0	0.000
CTATCC	99.0	1410.1	0.000
CCTTTG	510.0	5436.0	0.000
CTCTAC	211.0	3022.8	0.000
AGGAGA	499.0	4730.6	0.000
TCTACT	300.0	3256.6	0.000
TGGTGA	436.0	4360.0	0.000
GCAAAG	241.0	2473.8	0.000
AGTCCC	257.0	2859.7	0.000
TCTGCG	55.0	1036.5	0.000
GGAAAG	364.0	3428.6	0.000
TAGTCC	110.0	1799.3	0.000
TGTTAG	402.0	4239.8	0.000
AAGACC	164.0	2074.1	0.000
AGTTAC	149.0	1779.7	0.000
TCCAAT	196.0	2106.6	0.000
