OligoSequence	Target Occurences	Background Occurences	Enrichment(ln p, up to 2 mismatches)
TGCATG	2718.0	6308.9	-1561.632
GCATGT	1680.0	5414.1	-665.466
TTTTTT	14076.0	84836.3	-586.417
GCATGC	1294.0	3874.7	-584.789
GTGCAT	1260.0	4907.1	-371.467
CGCATG	233.0	1337.7	-325.381
CTGCAT	1170.0	5669.7	-214.604
TGCATC	608.0	3661.1	-194.469
TGCACG	214.0	1732.7	-184.109
ATGCAT	905.0	4307.5	-178.103
TGCGTG	403.0	3140.6	-144.545
TTGCAT	1031.0	5536.5	-143.968
GGTGGG	2159.0	13893.4	-143.174
GGGGGG	1278.0	7343.3	-140.443
TCCATG	454.0	5184.9	-129.220
GCATGA	658.0	4694.0	-127.824
CGTGCA	267.0	1815.7	-126.539
CATGTT	1190.0	7085.0	-116.218
GCATAC	148.0	1382.0	-114.454
TGAATG	672.0	6127.6	-114.378
TGCATA	403.0	3853.2	-114.238
GCTGTG	1538.0	9766.9	-113.076
CCCTGC	1354.0	8383.1	-112.243
TGTGCA	1271.0	7801.5	-109.529
CTGTGC	1232.0	7635.7	-102.384
GGGTGG	1867.0	12633.1	-99.472
TGGATG	602.0	6130.5	-96.434
GCATGG	653.0	5292.2	-94.849
TTCGTA	224.0	760.0	-91.462
CATGCA	773.0	4407.3	-91.111
GTATGC	267.0	1922.1	-90.766
AGCATG	678.0	4855.6	-90.063
GTGGGG	1858.0	12814.7	-89.734
GGCATG	661.0	6760.7	-88.125
GCACGT	260.0	1762.6	-87.559
GCAAGC	376.0	3144.0	-87.528
TGCTGT	1345.0	8824.6	-86.645
CGTAAA	117.0	757.3	-86.161
TGATGA	936.0	5750.9	-82.895
AAGCTA	509.0	2632.5	-82.861
CTTAAC	319.0	2553.7	-81.018
TGCAAG	448.0	4598.5	-77.641
TGCTTG	742.0	6398.3	-77.237
TGTATG	603.0	5551.2	-76.935
CGATGA	134.0	888.1	-76.363
AGCGTA	73.0	586.5	-76.301
TGTGCT	1098.0	7172.1	-73.680
GCGTAA	98.0	531.1	-73.459
GCGCAT	111.0	1139.3	-73.428
TGACGA	140.0	928.3	-72.435
AACGAT	188.0	667.8	-72.103
GCATCT	657.0	4044.3	-71.091
GGCTGT	1096.0	7212.5	-71.031
ACGCTA	26.0	473.9	-70.523
GCGTGC	321.0	2495.0	-70.436
GTAGGG	383.0	3393.1	-69.849
GCGATT	349.0	1693.4	-68.890
GTAACG	144.0	561.5	-68.803
CATGCT	754.0	4620.8	-68.355
ACGCAT	196.0	731.6	-68.224
TGCGAT	271.0	1188.4	-68.013
CCCCTA	233.0	2440.9	-67.848
CCATGC	392.0	5009.9	-67.248
TAATTG	647.0	3835.9	-67.101
GTCCAT	508.0	2824.6	-66.667
TGACCC	627.0	3699.7	-66.584
TGATCG	198.0	753.1	-66.571
GTTCGT	199.0	939.0	-66.188
GCATCC	371.0	3309.0	-66.154
GAATGC	340.0	3440.5	-65.822
TGGGGG	1665.0	11934.3	-65.492
GGTAGT	459.0	2492.8	-65.464
CATGCG	170.0	1342.9	-65.463
TAAACG	146.0	840.2	-63.863
GCTGTT	918.0	5973.8	-63.612
ATCCGT	91.0	716.7	-63.411
CTACCA	460.0	2534.8	-62.755
TTAACG	182.0	701.9	-62.041
AAGCTT	470.0	4055.6	-61.154
TGCATT	628.0	6633.0	-60.881
TGCCTG	970.0	10884.5	-60.685
TAAAGC	417.0	3280.3	-60.543
ATGCGT	151.0	1054.1	-60.316
CTGTCC	858.0	5607.7	-58.740
GTGCGT	391.0	2294.1	-58.239
TACGAC	69.0	400.9	-57.990
AACCTA	252.0	2288.6	-56.594
TACCCC	296.0	2118.8	-56.542
CCGATA	109.0	320.1	-56.438
TAACGC	75.0	454.6	-56.292
TGTTCG	144.0	1056.0	-56.287
CATGCC	608.0	5977.6	-56.130
GTTTTT	1705.0	15116.7	-56.023
GGATGT	467.0	4477.4	-55.674
CGCTAA	154.0	571.9	-54.717
ATTGCA	710.0	4544.9	-54.327
ATGTTT	1236.0	8754.9	-54.102
GCTTAA	402.0	2846.2	-54.039
TTAATT	1150.0	8068.7	-53.612
GGTAGG	469.0	3897.7	-53.585
CTTAAA	799.0	5252.7	-53.472
AGCTTA	382.0	2580.6	-53.423
GTCCGT	135.0	1087.3	-53.365
TGTCGG	194.0	1337.4	-52.973
CTACGA	77.0	561.7	-52.723
ATGATG	844.0	5626.5	-52.626
CGCTGT	249.0	2110.5	-52.603
ATGCTT	639.0	4961.0	-51.808
TTACCC	337.0	2605.2	-51.796
TACCAC	399.0	2243.7	-51.619
CCATCC	703.0	4540.8	-51.553
TTTTTC	1941.0	15682.6	-51.261
TTGTTT	1736.0	17577.3	-50.982
CTTTTT	2238.0	17407.7	-50.954
TCTGTG	1395.0	10170.8	-50.532
ACGCGA	40.0	459.3	-50.334
GCATTC	368.0	3068.1	-50.304
GTCTGA	642.0	4096.8	-50.209
TCTACC	441.0	2572.8	-50.095
TCTTTT	1793.0	16726.7	-49.764
CCGTGC	281.0	2210.0	-49.513
GCACGC	232.0	1716.9	-49.326
CGTAAC	87.0	501.1	-49.282
CCCGAT	177.0	750.4	-49.152
TACGAT	87.0	560.9	-49.123
ACCCCT	632.0	4037.2	-48.928
TTCTTT	1679.0	18185.9	-48.903
ACCGAT	67.0	505.7	-48.845
TAACCG	52.0	551.8	-48.748
CACGCA	278.0	1416.1	-48.739
TTTGTT	1698.0	18141.3	-48.719
GCCGTA	47.0	628.5	-48.691
ATCCAT	563.0	3516.8	-48.540
TTTTTA	2420.0	19942.1	-48.355
AACAGC	560.0	3499.3	-48.103
TCGTAT	159.0	647.8	-47.782
CGTTAA	126.0	662.0	-47.628
CTGTTG	983.0	6873.4	-47.498
CGATAG	119.0	418.3	-47.407
GCGTAT	143.0	552.2	-47.337
CGATTT	234.0	1132.0	-47.216
ACGATC	121.0	858.3	-47.102
GCGCTA	162.0	672.7	-46.876
CCGCAT	152.0	876.6	-46.564
TCCGAT	85.0	542.1	-46.532
TGCAGG	779.0	8320.9	-46.271
GCTTGT	506.0	4286.4	-46.232
GTCGTA	118.0	419.4	-46.203
CCCCTG	1012.0	7153.7	-45.906
TCGGTG	174.0	1557.7	-45.594
CGTATC	134.0	510.5	-45.526
GCTGTC	494.0	4777.6	-45.425
TCTGAG	969.0	6811.3	-45.374
TTTATT	1725.0	16131.5	-45.142
TGAAGC	689.0	4571.0	-44.831
CTATCC	212.0	1793.1	-44.548
GATTAA	490.0	3027.1	-44.512
ATTCGT	192.0	880.8	-44.340
AAAGCT	622.0	4808.3	-44.032
GCGTTC	232.0	1151.6	-43.810
ATCCCC	522.0	3284.3	-43.757
TTTTAT	1507.0	14296.4	-43.439
TTTTTG	2094.0	21346.6	-43.433
CCGATG	108.0	864.6	-43.303
CGTTCG	115.0	419.3	-43.190
AGTGCA	968.0	7425.9	-43.171
AGAAGA	996.0	7098.8	-42.950
TTATTT	1799.0	16713.6	-42.898
CGTCTG	353.0	2032.0	-42.640
TGTTTT	1954.0	19415.6	-42.601
GCAGGT	546.0	6187.7	-42.482
AATTGA	573.0	3711.7	-42.185
TGTGCG	456.0	2810.5	-42.121
GCCTGT	766.0	8339.5	-42.061
CTGCGT	282.0	2279.9	-42.006
CATCTG	817.0	5666.4	-42.001
CGATCC	99.0	938.8	-41.852
CCCCCT	713.0	5242.1	-41.519
GTCGGT	124.0	962.9	-41.262
TTGTGC	678.0	4564.7	-41.200
GCAAGT	436.0	3265.1	-41.174
ATCGTA	74.0	554.9	-41.156
GGTCGG	280.0	1961.9	-41.034
GCATAT	304.0	2898.7	-40.886
GGCTTA	478.0	3004.2	-40.783
ACGCGT	125.0	494.0	-40.749
TTTTAA	2093.0	16472.9	-40.452
GACGAT	56.0	718.4	-40.158
TCACCC	692.0	4708.1	-39.858
TACATG	338.0	3874.8	-39.794
TTAAAC	531.0	3944.6	-39.668
TTTTGT	1843.0	19766.2	-39.610
AAACCG	132.0	1065.4	-39.360
TTAAAG	829.0	5833.9	-39.360
CGATTC	278.0	1529.4	-39.172
GCGCAA	199.0	976.5	-39.165
CATCCC	634.0	4258.5	-39.159
ATCGGA	73.0	558.7	-39.052
ATAGCA	279.0	3124.2	-38.955
GCTGTA	564.0	3711.8	-38.912
GTGGGT	1014.0	7375.9	-38.554
TCGCAT	84.0	612.5	-38.409
ATTTTT	2497.0	24334.3	-38.254
GTGCTT	634.0	5147.2	-38.029
GTACGC	60.0	485.0	-38.028
CGAAGG	280.0	1561.0	-37.971
GAATGT	575.0	4895.8	-37.831
GCGATA	53.0	477.0	-37.812
CCTGCA	927.0	6681.7	-37.622
CTGTCG	220.0	2147.7	-37.603
CCTTAA	436.0	3104.7	-37.556
CGAAGA	167.0	1059.5	-37.460
CGATAA	66.0	480.1	-37.305
GTCGGA	90.0	895.2	-37.209
TCCCCC	671.0	5513.1	-37.179
GAAGAC	394.0	3684.2	-37.077
TCGTAA	96.0	615.3	-36.997
GGTTCG	209.0	1069.6	-36.951
GGTTGG	634.0	5493.3	-36.939
TCTGCG	223.0	2103.9	-36.915
CTGCGA	296.0	1695.9	-36.868
ATACTT	550.0	3646.0	-36.845
CGTACG	46.0	328.9	-36.769
GTACGA	85.0	464.4	-36.636
TAACGA	128.0	569.5	-35.799
TGAGGA	989.0	7257.1	-35.742
GTAGGA	485.0	3150.8	-35.716
ACGAGA	194.0	977.4	-35.682
TGCGTC	253.0	1397.9	-35.620
CACCCT	697.0	4858.3	-35.514
CCCTAC	249.0	2297.4	-35.507
ATACCG	97.0	397.4	-35.460
CATTCG	157.0	733.7	-35.412
ATACCC	189.0	1719.4	-35.382
TGTCCG	172.0	1384.5	-35.337
ATGACG	100.0	964.1	-35.046
TTTTCT	1835.0	19513.7	-35.035
GGGGGA	1038.0	7820.2	-35.024
TCGTAG	145.0	657.2	-34.948
ACGATT	106.0	692.1	-34.784
TCTTAG	526.0	3496.2	-34.757
GTTGGC	640.0	4417.1	-34.608
AGACGA	193.0	983.0	-34.551
GACGAA	135.0	779.3	-34.439
GTTACG	135.0	599.4	-34.112
TAACGG	133.0	607.5	-33.929
TATTTT	1934.0	19294.1	-33.846
ACGTAA	120.0	806.1	-33.844
TTTCTT	1790.0	19030.0	-33.694
AAAGCG	258.0	1460.9	-33.682
AGCGTT	236.0	1296.1	-33.656
TAAAAG	835.0	6042.0	-33.565
GCGGTA	145.0	725.3	-33.451
CTAACC	222.0	1857.2	-33.348
CCCTAA	320.0	2785.8	-33.277
GTGCAG	1017.0	9653.8	-33.247
ATACCA	397.0	2517.6	-33.219
TCCATC	619.0	4278.6	-33.183
AATTTG	861.0	6277.0	-33.075
CACGCT	208.0	1519.4	-32.892
AATCTT	656.0	4595.4	-32.748
CGTGCT	214.0	1843.6	-32.675
TGGCAG	983.0	7311.3	-32.658
AGTACT	402.0	2569.9	-32.209
AGCTGT	834.0	6081.3	-31.941
CGTATG	100.0	737.0	-31.907
CACGCG	198.0	1048.3	-31.877
GAGGGG	1120.0	10460.9	-31.876
GGGTGT	814.0	7203.1	-31.876
GGTGTG	854.0	10870.1	-31.876
GTGTGG	958.0	9851.2	-31.876
GTGGGC	799.0	6907.0	-31.876
GGGCGG	815.0	8517.9	-31.876
GGCGGG	980.0	9483.9	-31.876
GGGAGG	1979.0	18709.5	-31.876
AGTGGG	783.0	7372.9	-31.876
TGGGGA	1211.0	10928.3	-31.876
AGGGGG	757.0	7026.0	-31.876
GGGTGA	594.0	6463.9	-31.876
TGGGAG	1150.0	13164.2	-31.876
GGAGAG	866.0	8821.5	-31.876
TTGAAG	666.0	5548.9	-31.876
TTGTAT	614.0	7833.8	-31.876
GAGTGG	727.0	6488.9	-31.876
GAGGGA	911.0	8764.1	-31.876
GGGAAG	910.0	10321.4	-31.876
GGAAGG	977.0	10102.7	-31.876
GAAGGG	870.0	7790.9	-31.876
GGTGGA	750.0	7630.3	-31.876
GTGGAG	878.0	8371.8	-31.876
TGGAGG	924.0	9988.0	-31.876
GGATGG	689.0	7098.5	-31.876
GCTGGG	1463.0	18558.7	-31.876
TTGTTC	567.0	5395.8	-31.876
TGGGGT	1010.0	10079.2	-31.876
CTTTTA	833.0	7593.2	-31.876
CTTCTG	882.0	8149.0	-31.876
GGGTGC	682.0	6246.1	-31.876
TGTTAA	540.0	5236.3	-31.876
TTGTGG	703.0	6503.4	-31.876
TTGATG	459.0	5019.3	-31.876
TGAGGG	759.0	7668.6	-31.876
GGCTTT	640.0	6354.1	-31.876
GGGGCT	931.0	8907.0	-31.876
GGGTTG	562.0	5506.9	-31.876
AGCTTT	617.0	6234.4	-31.876
ATGTGT	820.0	8845.0	-31.876
TGTGTG	2848.0	28456.6	-31.876
TGTGGT	761.0	8492.0	-31.876
GGGGGC	1007.0	9223.8	-31.876
GGGAGT	617.0	5844.8	-31.876
GTGAGG	681.0	7363.8	-31.876
GAGGAG	1076.0	10296.1	-31.876
TCTCTG	839.0	9522.4	-31.876
TCTTAT	374.0	3972.3	-31.876
GGGGCG	790.0	7870.1	-31.876
GGAGGA	1134.0	10529.3	-31.876
TGCGGG	376.0	3349.5	-31.876
GTGTGT	2213.0	25173.2	-31.876
TATGTG	481.0	6324.3	-31.876
GTGGTG	1006.0	11421.9	-31.876
CTGCTT	826.0	7526.5	-31.876
TGGTGG	1163.0	11738.0	-31.876
TCTGTT	890.0	9385.0	-31.876
GGGGAA	827.0	7927.4	-31.876
GTTGGT	550.0	4735.9	-31.876
TGGTTG	508.0	5055.0	-31.876
GTTGGG	745.0	5991.8	-31.876
TTGGGT	623.0	5775.6	-31.876
TGATTG	477.0	4457.4	-31.876
TGTGGA	763.0	6734.8	-31.876
TTCTGT	910.0	10121.3	-31.876
GGTGGT	817.0	7503.1	-31.876
CGGGGG	597.0	5377.0	-31.876
CGTTTT	262.0	2363.1	-31.876
ATGTTG	717.0	7068.6	-31.876
TGGGGC	947.0	8687.5	-31.876
TTAAAA	1515.0	12909.3	-31.876
CCTGTG	883.0	8907.1	-31.876
GCTGAG	837.0	10436.1	-31.876
CTGTTT	975.0	9706.3	-31.876
GGTTGT	426.0	4260.4	-31.876
TGAAAG	592.0	6193.9	-31.876
CCTGTT	672.0	5744.9	-31.876
GTTCTG	586.0	5879.4	-31.876
CTTGTT	607.0	6182.1	-31.876
TTGAAT	599.0	5913.5	-31.876
TGTTGA	573.0	5799.1	-31.876
TGTGAA	627.0	7261.7	-31.876
GAGCAT	395.0	3528.3	-31.734
AAACTA	546.0	3728.9	-31.652
GTCTGT	901.0	6653.5	-31.633
ACCCCC	485.0	3916.7	-31.575
CCTCAC	609.0	4241.3	-31.521
TTTAAC	637.0	4469.7	-31.490
GGGGAG	1524.0	11977.9	-31.333
GATTGA	411.0	2661.2	-31.276
GGGGGT	978.0	7315.5	-31.138
CAAGCT	565.0	3897.8	-31.046
CATACC	271.0	1738.3	-31.020
CATGAT	598.0	4394.9	-31.011
ATCGAT	68.0	557.7	-30.994
AGTGAT	821.0	6002.4	-30.950
TACGAG	122.0	549.0	-30.754
AACGCA	166.0	841.9	-30.687
ATGCGA	112.0	629.9	-30.673
TATCGG	41.0	410.2	-30.658
CGGAAG	327.0	2025.6	-30.644
GGGTAG	365.0	3550.0	-30.563
ATGAGG	721.0	5189.5	-30.518
GTTAAA	435.0	4304.9	-30.509
TAACCC	281.0	2095.4	-30.435
GCTAAG	407.0	2647.7	-30.297
ATTGGA	496.0	3360.8	-30.228
CCCCGA	352.0	2225.4	-30.201
TAACAC	354.0	2314.8	-30.182
CGTAGA	145.0	701.9	-30.081
ATTCGA	64.0	609.2	-30.031
AGAGTA	461.0	3086.9	-30.022
ATTAAT	676.0	4828.3	-29.985
AAGCGA	338.0	2118.2	-29.937
TGAAGA	750.0	6405.3	-29.893
GTATCG	98.0	402.8	-29.842
TTAAGA	689.0	4941.8	-29.801
CCGATC	123.0	576.4	-29.710
CGATCG	15.0	306.8	-29.669
TCGTAC	74.0	343.2	-29.621
TAAGCG	83.0	750.8	-29.592
GCGTGT	334.0	2801.0	-29.399
AGTAAC	294.0	2384.5	-29.284
AACCAA	496.0	3382.5	-29.282
TTCATG	421.0	5375.1	-29.282
TAACAG	484.0	3280.1	-29.276
CAAGCG	342.0	2163.0	-29.220
TGGGTG	1378.0	10810.1	-29.175
AGGCGA	277.0	1665.6	-29.143
TATCCG	107.0	465.2	-29.091
GAGGGC	664.0	6391.7	-28.970
TGGGCG	357.0	4238.2	-28.970
TTAGTG	390.0	3738.0	-28.970
CGGGTG	354.0	3435.0	-28.970
GGTGGC	697.0	8546.4	-28.970
TGTGCC	543.0	7147.3	-28.970
AGAGGA	696.0	7347.3	-28.970
GAGGAA	902.0	7861.4	-28.970
ATTGAA	504.0	4306.1	-28.970
TGTAAG	362.0	4238.9	-28.970
GAGAGT	424.0	4247.5	-28.970
AGGGAA	727.0	7850.3	-28.970
GATGGG	758.0	7627.7	-28.970
ATGGGG	759.0	7513.6	-28.970
GAGTGA	591.0	5447.2	-28.970
ATGAAG	635.0	5423.5	-28.970
TGTTCA	592.0	5281.5	-28.970
GAAGGA	767.0	7509.2	-28.970
GGGGTA	306.0	3099.9	-28.970
ATGGGT	441.0	4183.4	-28.970
TCCTTC	603.0	7006.8	-28.970
CCTTCT	699.0	7070.0	-28.970
CCTCTT	647.0	6486.5	-28.970
TTAATA	570.0	5197.5	-28.970
GCCTGC	720.0	7064.4	-28.970
CCTGCT	914.0	7883.4	-28.970
GGTGCT	557.0	5617.1	-28.970
TGCTTA	428.0	4243.9	-28.970
CTGTTA	420.0	3936.3	-28.970
GTTTAA	556.0	4965.0	-28.970
TTAAGT	425.0	4898.5	-28.970
AAAGTG	743.0	8875.1	-28.970
TTGCAG	634.0	7189.1	-28.970
TGCAGT	972.0	10377.6	-28.970
GTCCTT	324.0	4669.6	-28.970
AAATTA	773.0	8305.7	-28.970
AAGAAG	796.0	6832.4	-28.970
TTCTCC	984.0	9513.8	-28.970
AAAAGG	691.0	6540.4	-28.970
AAAAGT	725.0	6848.3	-28.970
ATGTAT	578.0	5200.3	-28.970
GGTTCT	405.0	4456.7	-28.970
AAGTGA	665.0	7323.8	-28.970
GGGGTC	558.0	5706.7	-28.970
ACTGTG	483.0	6624.3	-28.970
GCAGTG	1047.0	11098.9	-28.970
AGTGAG	528.0	8094.2	-28.970
GCGTGG	295.0	4186.6	-28.970
CGTGGG	398.0	3733.0	-28.970
GCTCTG	961.0	9172.5	-28.970
TGCTCT	644.0	7167.5	-28.970
CTGCAG	995.0	10676.6	-28.970
CCCTGT	644.0	6798.8	-28.970
GCTGCC	683.0	7224.7	-28.970
TGGGCA	745.0	8519.2	-28.970
CAGTGT	586.0	6261.0	-28.970
TGTCAG	541.0	5234.3	-28.970
TCTGCA	703.0	6740.9	-28.970
TGTCCT	733.0	6484.0	-28.970
CTCCCC	834.0	7967.3	-28.970
CAGTGG	994.0	9957.7	-28.970
AGGGGC	661.0	7351.6	-28.970
GTATGT	502.0	5071.1	-28.970
ACTGTT	504.0	4825.5	-28.970
GTGCCT	536.0	6130.1	-28.970
GGTGCA	640.0	5525.6	-28.970
CTCCCT	892.0	8406.7	-28.970
CTGTTC	606.0	5429.9	-28.970
TGACTG	593.0	5156.2	-28.970
TGCTGC	825.0	8410.7	-28.970
GCAGGC	717.0	6510.4	-28.970
GATTGT	340.0	3755.9	-28.970
GCATTT	607.0	7493.7	-28.970
CTGAAG	706.0	6471.0	-28.970
GTCTGC	513.0	4326.8	-28.970
AGGAGA	761.0	8995.1	-28.970
GGAAAA	848.0	7940.5	-28.970
GTGCGG	334.0	2926.2	-28.970
AAGAGG	645.0	6362.3	-28.970
AAGGGA	676.0	6618.2	-28.970
GTGTTC	428.0	4353.9	-28.970
CATCTT	546.0	5382.6	-28.970
TGGTTC	434.0	4362.1	-28.970
GTGGAA	537.0	5577.7	-28.970
AGTGGA	605.0	5392.5	-28.970
AAGTTG	532.0	4338.7	-28.970
GAAGGT	592.0	4671.1	-28.970
TCTTCC	626.0	7054.1	-28.970
TCTTAA	602.0	4928.5	-28.970
AGTGAA	591.0	5826.4	-28.970
GTGAAT	434.0	4556.7	-28.970
TTAATG	540.0	4927.3	-28.970
TGATGG	655.0	6559.4	-28.970
GAAAAG	743.0	7297.3	-28.970
ATGATT	576.0	4979.6	-28.970
TAAAGA	542.0	5350.1	-28.970
TAAGAA	535.0	5150.1	-28.970
GATGTT	457.0	4808.3	-28.970
TTGACT	410.0	4131.8	-28.970
AGGGTT	547.0	5441.0	-28.970
GTTGGA	396.0	4376.3	-28.970
ATTGTA	313.0	4048.3	-28.970
GGAAGT	574.0	5736.1	-28.970
ATGAAT	528.0	5281.1	-28.970
TGGGTA	435.0	4488.9	-28.970
TATTAA	523.0	4991.1	-28.970
GTGGAT	513.0	4574.9	-28.970
TAGGGG	368.0	3456.5	-28.970
AACGAA	144.0	950.4	-28.915
TCAACG	65.0	628.0	-28.859
CGCGAT	61.0	947.6	-28.815
AGTACG	82.0	590.4	-28.813
GAAGCT	689.0	4973.0	-28.694
GGCGGT	245.0	2420.9	-28.536
TTAAGC	266.0	2842.6	-28.437
GGGTTC	762.0	5596.9	-28.413
TTGGCT	942.0	7112.9	-28.320
CGATAC	76.0	280.2	-28.315
CTACCC	228.0	2361.6	-28.276
ATTAAC	322.0	2682.3	-28.215
TACCCT	292.0	2574.9	-28.167
CATGTC	523.0	3624.9	-28.100
CGGTGG	312.0	3699.9	-28.037
ACCAAT	341.0	2177.5	-28.013
ACCCAT	277.0	2826.7	-27.821
GACGAC	154.0	787.5	-27.812
AACGTA	121.0	786.4	-27.808
ATCTGT	741.0	5440.4	-27.565
CTAAAC	300.0	2188.3	-27.545
TGTGGG	1294.0	10165.9	-27.368
GAAGAT	609.0	4352.4	-27.354
TTACAC	349.0	2255.6	-27.335
CCCTGA	773.0	5725.7	-27.220
ACGAAG	147.0	1074.6	-27.116
CTGATG	631.0	5269.2	-27.108
CGATTG	54.0	723.5	-26.931
CTGCCC	1127.0	8741.1	-26.898
ACGGCC	216.0	1246.9	-26.882
TCGACG	40.0	326.6	-26.805
CATCCG	142.0	988.5	-26.766
TAAAGG	580.0	4130.2	-26.758
GCAGTA	431.0	2915.2	-26.735
ACCGCC	239.0	1416.2	-26.702
GATCGA	110.0	757.0	-26.619
CGCGTT	70.0	690.5	-26.603
TACCTG	559.0	3959.8	-26.586
GAGTAA	445.0	3030.5	-26.515
TGTAAC	446.0	3039.1	-26.479
AGGGCA	647.0	6072.2	-26.469
GGGCAT	398.0	4618.3	-26.469
GTTGTA	336.0	3007.0	-26.469
GATTGG	324.0	3289.2	-26.469
AAGATG	572.0	5736.9	-26.469
AAGGAT	410.0	4463.1	-26.469
AAGTAA	538.0	4685.9	-26.469
ATCCTT	458.0	4293.5	-26.469
AGGAAT	536.0	5290.7	-26.469
CCCCTC	825.0	7014.8	-26.469
CTCTGA	572.0	6226.1	-26.469
AGTTGA	424.0	3623.9	-26.469
TTAACT	496.0	4161.3	-26.469
ATTGGT	338.0	3546.0	-26.469
TAATTA	434.0	4806.0	-26.469
TGCGTT	179.0	1356.8	-26.469
GGCTCT	619.0	5810.9	-26.469
AAGCAG	695.0	6385.2	-26.469
TCTCCC	782.0	7275.6	-26.469
ATGGAT	391.0	4245.6	-26.469
GGATGC	308.0	3753.2	-26.469
CTTGAA	570.0	6735.8	-26.469
TGATTC	469.0	4475.3	-26.469
CCTCCC	1520.0	16486.2	-26.469
TGAGTA	400.0	4495.7	-26.469
CTTCCC	751.0	7773.1	-26.469
TAAATG	640.0	6427.2	-26.469
GATCTT	423.0	4319.3	-26.469
GGCAGC	719.0	6997.0	-26.469
GCTGCA	754.0	7407.6	-26.469
GTGTCC	535.0	4978.8	-26.469
TCCCCT	755.0	6603.6	-26.469
CCCTCC	958.0	9124.0	-26.469
AAAGCA	650.0	6402.1	-26.469
CTGCGG	370.0	3669.0	-26.469
AGTGCT	704.0	7684.8	-26.469
GGTGCG	373.0	3149.9	-26.469
ACCTGT	550.0	5409.8	-26.469
CTGTAG	481.0	5181.8	-26.469
GACTGT	371.0	3901.7	-26.469
GATCTG	522.0	4379.7	-26.469
TACTTG	341.0	3568.8	-26.469
ATGAGT	424.0	4107.3	-26.469
GCTGAA	483.0	5041.1	-26.469
CTGAAT	456.0	4862.7	-26.469
GCGGTG	363.0	3833.3	-26.469
AAACTG	624.0	5963.5	-26.469
AACTGT	476.0	4501.6	-26.469
CCCTTG	513.0	4770.5	-26.469
TGGCGG	419.0	3624.5	-26.469
GATGCT	321.0	4438.9	-26.469
GAGGAT	521.0	4876.8	-26.469
TGAGCA	533.0	5388.4	-26.469
TTGTCC	463.0	4020.2	-26.469
AGATGA	664.0	5625.7	-26.469
GGTGAT	565.0	5381.3	-26.469
AATGTA	472.0	4765.2	-26.469
GATGAA	601.0	4713.8	-26.469
TACTGT	399.0	4121.6	-26.469
CTTGCA	503.0	4283.8	-26.469
CCTTGC	476.0	4590.8	-26.469
GAAAGT	528.0	4967.8	-26.469
ATGCCT	597.0	5867.6	-26.469
AAACTT	601.0	5576.1	-26.469
GAATGA	479.0	5125.8	-26.469
GCTTGC	394.0	3584.5	-26.469
TCCCTC	706.0	6783.6	-26.469
TCAGTG	683.0	5822.8	-26.469
ATGTGC	557.0	5157.0	-26.469
AGTAAA	533.0	5001.8	-26.469
ATTCAT	371.0	4684.2	-26.469
ATGTAG	289.0	3204.4	-26.469
AATCTG	400.0	4465.1	-26.469
AAGGTT	372.0	4127.8	-26.469
TATGCT	307.0	3164.3	-26.469
GTAGGT	367.0	3174.4	-26.469
GGGCGT	252.0	3171.0	-26.469
TAGCAT	409.0	3156.4	-26.299
GTACAT	317.0	2865.0	-26.162
GTGTAG	473.0	3268.1	-26.154
AGAAGC	560.0	5271.6	-26.039
AAGGTA	459.0	3567.6	-26.003
CAGCAG	1008.0	7762.2	-25.947
AGGACT	598.0	4303.3	-25.925
CTGACC	684.0	5812.4	-25.865
TTTAAA	1774.0	14426.6	-25.835
GTTAAG	338.0	2872.9	-25.833
AACACC	382.0	2543.2	-25.741
GAGCGT	187.0	1569.5	-25.686
TTCGAT	142.0	727.5	-25.599
ATAACG	91.0	607.4	-25.571
TGTCCA	645.0	4699.7	-25.488
TATACT	387.0	2590.6	-25.476
AAACGA	122.0	1124.8	-25.274
TAACGT	121.0	793.7	-25.248
TTGCGT	161.0	1117.4	-25.245
AACCCT	353.0	3727.4	-25.156
CCAATG	396.0	2673.1	-25.150
AGCTCA	729.0	5418.2	-25.124
CTTATC	336.0	2194.5	-25.029
CTATAG	293.0	1865.8	-24.867
CGTAAG	79.0	774.2	-24.776
GTAAAT	619.0	4506.9	-24.758
GTTCAT	447.0	3848.2	-24.623
TACTAC	235.0	1557.5	-24.528
GTAAAG	480.0	3638.9	-24.508
TCCGGA	230.0	1389.2	-24.500
CGAATG	63.0	858.4	-24.375
CCGTCA	177.0	995.1	-24.361
ACCCTA	316.0	2054.5	-24.285
CGAGGG	282.0	2869.7	-24.254
GCCCCT	701.0	6225.4	-24.254
CCTGAT	428.0	3741.9	-24.254
GATGAT	549.0	4390.8	-24.254
GCGGGT	289.0	2800.1	-24.254
AGTTAA	400.0	3903.3	-24.254
TTAAGG	395.0	3875.9	-24.254
CCTGTA	455.0	6817.0	-24.254
TAAGGA	427.0	4110.2	-24.254
TCGGGG	360.0	2974.4	-24.254
CGGGGT	397.0	4055.7	-24.254
TAGCTG	560.0	7157.3	-24.254
TTAGGA	389.0	4517.4	-24.254
TAAGGG	351.0	3248.2	-24.254
TAGGGT	292.0	3346.5	-24.254
CTTAAT	489.0	3738.3	-24.254
TGATGC	467.0	3845.6	-24.254
GTTGCA	366.0	4287.1	-24.254
GAAGCA	491.0	5334.6	-24.254
GAAGTA	355.0	3325.6	-24.254
AAGTAG	423.0	4277.0	-24.254
AAGTTA	433.0	3907.3	-24.254
GTGGTA	427.0	3529.0	-24.254
GTAGAG	515.0	5680.2	-24.254
AATGCA	552.0	4898.8	-24.254
GGTCAG	509.0	5819.2	-24.254
CCTTCA	476.0	4733.1	-24.254
CGGCTG	249.0	3418.4	-24.254
AAAAGC	604.0	5048.6	-24.254
CACCTG	758.0	8407.0	-24.254
CGCAGG	314.0	2838.6	-24.254
CCATGT	521.0	6915.8	-24.254
TAAGAG	432.0	3717.0	-24.254
CATCCT	453.0	5194.8	-24.254
GTAAGT	344.0	3553.9	-24.254
GTGGCG	449.0	4069.5	-24.254
CCCCCG	399.0	3560.3	-24.254
GCGCTG	331.0	3632.1	-24.254
CTGCCA	659.0	6494.2	-24.254
CCCTTC	691.0	5954.6	-24.254
AGGCAT	470.0	5665.6	-24.254
CATGAA	531.0	4755.7	-24.254
ATCTGC	398.0	4345.6	-24.254
GAGTAG	445.0	4771.0	-24.254
GAATTG	447.0	4143.0	-24.254
ACTGCT	468.0	4701.2	-24.254
GGAGCG	383.0	3570.9	-24.254
CGTGTT	225.0	2048.1	-24.254
TCAGAG	459.0	5710.1	-24.254
CTAAAA	635.0	6121.9	-24.254
GATAAA	366.0	4091.0	-24.254
AAGCAA	575.0	5789.6	-24.254
AGCAAG	504.0	4974.6	-24.254
TTTACC	368.0	3673.6	-24.254
AGAGCA	560.0	5508.8	-24.254
AGGGTA	319.0	3029.6	-24.254
AAGCAT	543.0	4174.9	-24.254
TGATAA	330.0	3886.8	-24.254
TCTAAA	441.0	4470.2	-24.254
CATGGT	481.0	5899.1	-24.254
TTGTAC	212.0	2856.3	-24.254
AGAACA	447.0	4987.0	-24.254
ACTGAA	571.0	4928.4	-24.254
GTTAAT	355.0	3506.9	-24.254
ATAAGA	277.0	3587.2	-24.254
TGGATC	306.0	3424.6	-24.254
CGCTTA	80.0	587.4	-24.245
CGCATA	65.0	397.3	-24.178
TAGTAC	260.0	1622.0	-24.168
CGTCCA	160.0	1140.3	-24.165
ACTGAT	382.0	3376.3	-24.137
TGCTTC	748.0	5617.3	-24.102
ACTACC	222.0	1529.2	-24.033
CCGTAA	68.0	670.5	-24.030
AGATTA	497.0	3521.7	-24.023
ACGTAG	147.0	780.7	-24.019
CCGAAC	58.0	660.7	-24.011
GGGGTG	1375.0	11031.9	-23.982
AGCGAT	267.0	1898.2	-23.902
TAAACC	383.0	2594.9	-23.832
ACCGAA	99.0	750.7	-23.813
AAGCGT	188.0	1085.6	-23.799
TGTAAA	870.0	6664.9	-23.792
AACCAT	450.0	3141.3	-23.695
TGTACG	127.0	798.1	-23.675
ACGATA	96.0	439.4	-23.580
CTTACC	298.0	2277.8	-23.477
CAGTGC	682.0	5081.2	-23.432
ATCTGA	554.0	4005.0	-23.387
CGCACG	184.0	1062.1	-23.313
GCGTAC	50.0	530.7	-23.197
ACGCAA	118.0	592.8	-23.158
ACTACT	320.0	2112.5	-23.018
AACTCG	164.0	917.1	-22.959
GCCCTG	1088.0	8581.7	-22.841
GGTCTG	728.0	5487.4	-22.799
AAAGGT	608.0	4480.7	-22.687
TCCCCG	457.0	3228.5	-22.652
TACCGC	115.0	576.3	-22.603
GGAGGG	1619.0	13255.2	-22.503
TGTAGG	537.0	3891.8	-22.408
ATTGAC	329.0	2191.8	-22.404
ACGACC	126.0	657.2	-22.286
AGGGCC	538.0	5296.0	-22.262
GTAAGA	340.0	3283.7	-22.262
ATGGCA	460.0	4740.1	-22.262
TAAACT	542.0	4218.6	-22.262
TAAAAC	583.0	4833.3	-22.262
TCTGAC	328.0	3699.1	-22.262
ATTAAG	290.0	3426.4	-22.262
CTGCCG	275.0	3042.3	-22.262
AGTAGA	400.0	5428.8	-22.262
AAGAAC	418.0	3944.9	-22.262
CCCATG	487.0	4466.4	-22.262
CTCCAT	459.0	5036.2	-22.262
TGAAAC	531.0	5504.0	-22.262
AAGTGC	522.0	6548.4	-22.262
GCAGAT	440.0	4434.0	-22.262
ACTGCA	895.0	9164.6	-22.262
ACTGCC	434.0	3980.0	-22.262
GGGTCC	492.0	4742.1	-22.262
GTCTTA	340.0	2870.5	-22.262
TTGCCC	588.0	6181.5	-22.262
ACCTCT	542.0	5233.7	-22.262
GGTAAG	416.0	3558.3	-22.262
GGCCCT	663.0	5793.4	-22.262
GTGCAA	417.0	4119.4	-22.262
GCCCTT	445.0	4620.2	-22.262
TTGAAC	406.0	5129.2	-22.262
CAGCCC	752.0	7372.3	-22.262
CTGCAC	500.0	6393.6	-22.262
TGCGGT	204.0	1836.5	-22.262
GCGTTT	151.0	1773.9	-22.262
TCATGC	300.0	4072.5	-22.262
TCCGTG	244.0	1963.6	-22.262
AGTAAT	461.0	3778.7	-22.262
GTCAGT	380.0	3515.5	-22.262
TGTACA	384.0	3887.8	-22.262
TAATGA	489.0	4471.4	-22.262
GTAGAA	326.0	3725.7	-22.262
ATGCTC	268.0	2991.1	-22.262
GATGTA	318.0	2678.8	-22.262
CAAGTT	397.0	3910.7	-22.262
AACCTT	421.0	3685.6	-22.262
TAAACA	455.0	4831.2	-22.262
GGGTAA	348.0	3147.4	-22.262
AACTGA	463.0	4488.8	-22.262
AACTTG	448.0	3977.7	-22.262
TTAACA	499.0	4140.8	-22.262
GAGCAA	403.0	3942.5	-22.262
CCGCTG	298.0	2937.3	-22.262
GGTAGA	295.0	3364.6	-22.262
GTGGAC	354.0	3359.3	-22.262
TATGCA	396.0	3355.2	-22.262
GAATAA	393.0	4331.4	-22.262
ATGCAA	413.0	3819.1	-22.262
AGCGTG	226.0	2044.3	-22.262
TGAATC	359.0	3389.7	-22.262
GTCGGC	178.0	1319.1	-22.217
CGGTGC	216.0	2016.2	-22.192
TAGACG	122.0	630.2	-22.188
TACGCA	103.0	506.2	-22.086
CGTAGG	138.0	887.2	-22.041
ATTAAA	872.0	6752.7	-22.016
ATACGC	91.0	420.8	-21.978
AATAGG	426.0	2988.6	-21.916
TAGCGT	100.0	670.9	-21.881
CGCATT	143.0	777.1	-21.868
CGATGT	159.0	895.2	-21.840
TGTTGG	1004.0	7895.3	-21.786
CCCCTT	727.0	5518.9	-21.663
GTACGT	102.0	846.9	-21.613
GACTGC	489.0	3519.0	-21.589
GATGAG	653.0	4898.8	-21.518
GAATCT	516.0	3750.7	-21.491
GTAAAC	260.0	2705.3	-21.383
GCTGAC	475.0	3414.9	-21.244
TGATTA	510.0	3705.5	-21.215
TTCTAC	441.0	3136.2	-21.201
CGATCA	103.0	590.4	-21.192
GGTCGT	77.0	1058.0	-21.043
GTTCGG	114.0	987.5	-21.006
CAAGCA	536.0	4525.0	-20.870
AACCGC	107.0	822.2	-20.866
TCATAC	279.0	1831.1	-20.756
TAGAAG	542.0	3985.3	-20.748
CTCGTA	58.0	522.9	-20.740
ACGCTT	159.0	910.1	-20.730
CTGATC	397.0	2789.5	-20.663
ATGATC	465.0	3344.4	-20.612
ACGAAA	151.0	854.6	-20.496
ACGCGC	171.0	1004.3	-20.495
CTTAGT	409.0	2888.2	-20.479
TAAGGT	283.0	2973.0	-20.452
TGACCT	623.0	6513.3	-20.452
ACCTGA	436.0	4234.7	-20.452
TAATGG	311.0	3614.1	-20.452
CTGACA	388.0	3859.8	-20.452
CACTGC	890.0	9620.6	-20.452
TAACTG	414.0	3595.6	-20.452
GGGACA	525.0	5002.4	-20.452
CAGGTC	418.0	3889.8	-20.452
GGGTCG	276.0	1997.8	-20.452
CTGCGC	316.0	3307.2	-20.452
CCACTG	584.0	7535.8	-20.452
CGCTGC	367.0	3515.7	-20.452
CATGTA	405.0	4026.1	-20.452
TGTAGC	332.0	3185.9	-20.452
CAATCT	341.0	3316.5	-20.452
TCAAGG	493.0	4290.9	-20.452
CCTGAC	481.0	5867.5	-20.452
CCCTCA	557.0	4771.5	-20.452
CAGCAT	536.0	5030.3	-20.452
CAAGAT	361.0	3895.8	-20.452
CATCTC	484.0	5256.1	-20.452
GATGTC	283.0	2977.5	-20.452
CGTGGA	177.0	2140.4	-20.452
TCTAAG	249.0	3088.9	-20.452
TCAAGA	414.0	4227.4	-20.452
GTAATG	359.0	3185.2	-20.452
AGCCCT	593.0	5345.3	-20.452
ACTAAA	447.0	4567.1	-20.452
GTACTG	346.0	2622.5	-20.452
CGGCAG	228.0	2797.3	-20.452
ATGATA	247.0	3306.6	-20.452
CTTAAG	349.0	3184.8	-20.452
AAGACT	454.0	3955.0	-20.452
AGAACT	470.0	4659.5	-20.452
TAGCAG	394.0	3331.4	-20.452
TATAAG	242.0	2799.7	-20.452
ACTTGA	448.0	4359.9	-20.452
GAACAG	451.0	4107.9	-20.452
TGCGGA	160.0	1616.1	-20.452
TAAGCT	260.0	2740.7	-20.452
CTTATA	266.0	2674.3	-20.452
AGTAGT	245.0	3098.2	-20.452
CGACGA	51.0	496.8	-20.343
TGCGTA	148.0	834.4	-20.338
TTAACC	341.0	2712.8	-20.284
GCTAAA	403.0	2843.4	-20.205
AGGCCC	694.0	5297.6	-20.092
ACTAAC	209.0	1547.5	-20.083
GGTATG	408.0	2890.1	-20.073
AACTAA	437.0	3133.4	-20.040
TTCGTC	81.0	885.1	-19.891
TCGATG	134.0	738.6	-19.762
TCGACC	82.0	695.6	-19.734
AATTGG	485.0	3538.9	-19.693
ACTCGA	119.0	637.0	-19.684
AACAAG	528.0	3903.4	-19.646
GGACTG	652.0	4954.3	-19.640
ATCCGA	114.0	603.0	-19.635
CCGTCC	223.0	1755.2	-19.625
TACGGC	106.0	546.5	-19.513
CATCCA	520.0	3837.8	-19.472
CTACGG	134.0	742.0	-19.448
ACCCTT	302.0	3383.3	-19.410
GCCCGT	247.0	1607.2	-19.370
ACGAAT	83.0	714.2	-19.361
ACACCC	458.0	3328.7	-19.358
GCATAA	355.0	2474.0	-19.258
TTCGAC	54.0	482.5	-19.254
CGTACT	51.0	522.7	-19.175
AGACCG	172.0	1033.8	-19.136
GTAACA	379.0	2675.6	-19.084
CGTCAA	57.0	565.1	-19.055
ACTTAA	517.0	3835.2	-18.973
CCAGTG	745.0	5779.6	-18.948
AGCGCA	192.0	1443.3	-18.865
CCATAC	219.0	1605.7	-18.843
GCAGGG	1159.0	9400.1	-18.800
GCTTAG	361.0	2797.1	-18.795
CCCCAC	652.0	6471.0	-18.795
GTGCAC	452.0	3864.5	-18.795
CATTGA	334.0	3654.7	-18.795
GAACAA	322.0	3524.3	-18.795
GATAGG	227.0	2412.8	-18.795
TAGTAA	311.0	3119.8	-18.795
CAGTCC	340.0	3705.5	-18.795
ATAGGA	320.0	3026.5	-18.795
CAAACT	409.0	4517.2	-18.795
TACTGC	296.0	2800.6	-18.795
GCAGCG	318.0	3418.9	-18.795
AGGTCA	434.0	5277.0	-18.795
CTGTAC	323.0	3012.9	-18.795
ATCAGT	347.0	3195.4	-18.795
CGTTGG	144.0	1423.9	-18.795
ATCTAA	215.0	2647.4	-18.795
GTCCCC	529.0	4910.7	-18.795
CTGATA	286.0	2750.6	-18.795
CTTAGA	382.0	3152.8	-18.795
ATGTCC	366.0	3464.1	-18.795
TTGGCG	135.0	1521.3	-18.795
GGTTAA	296.0	2878.8	-18.795
CGTTGT	97.0	1067.3	-18.795
CTAGTG	226.0	2526.7	-18.795
AGATCA	411.0	4086.2	-18.795
GTGCTA	303.0	2749.5	-18.795
GCTATG	251.0	2668.5	-18.795
CTATGA	266.0	2721.4	-18.795
GCAGAC	363.0	3134.7	-18.795
TTATAC	246.0	2502.8	-18.795
CTAAAG	394.0	3367.9	-18.795
AACTGC	337.0	3726.7	-18.795
TTCCAC	393.0	4105.5	-18.795
GGGCTA	240.0	2513.0	-18.795
AACAGT	423.0	3905.7	-18.795
TAACAA	354.0	3512.4	-18.795
CGTTCT	151.0	1374.9	-18.795
GATTGC	304.0	3279.8	-18.795
CAATTG	203.0	2215.6	-18.795
CGACAA	105.0	547.5	-18.781
AAAACC	472.0	4693.4	-18.766
ATCGGT	70.0	530.5	-18.741
TGCGCT	185.0	1755.7	-18.596
GAAGAG	872.0	6899.1	-18.494
GGCCGT	236.0	1924.2	-18.487
GTTGAC	175.0	2175.4	-18.471
AACTTA	441.0	3213.8	-18.463
CATACT	280.0	2247.6	-18.454
TACCGA	48.0	474.9	-18.447
AACCGA	74.0	794.9	-18.438
ACGACT	80.0	717.8	-18.357
TTAAAT	1003.0	8052.4	-18.352
TTTCGT	230.0	1498.8	-18.324
TTCCCC	854.0	6744.7	-18.308
CTTTCG	198.0	1242.6	-18.268
CCTAAC	208.0	1945.2	-18.211
CCTCTA	419.0	3037.7	-18.203
CGCAAG	163.0	978.0	-18.198
GTGATT	714.0	5539.7	-18.137
TGTCTG	1049.0	8468.1	-18.103
ATTCCG	137.0	782.3	-18.098
TCGATT	136.0	776.7	-17.995
ACGGAA	183.0	1137.4	-17.986
TGTTTG	1309.0	10767.2	-17.955
GATGCC	444.0	3255.2	-17.952
CCGTAT	35.0	590.4	-17.948
TGGCTG	1223.0	10002.7	-17.916
TCAAGC	578.0	4385.6	-17.907
TTCGTG	236.0	1546.2	-17.906
TAGAGG	496.0	3691.4	-17.896
CGATCT	301.0	2133.2	-17.885
TAGGCC	306.0	2112.0	-17.823
TTTGTG	1221.0	10000.3	-17.772
GTCGAT	41.0	455.1	-17.752
GTGATG	780.0	6130.7	-17.729
CAAGAA	630.0	4841.3	-17.709
GTAGTA	241.0	2274.5	-17.663
GTATGA	363.0	2584.8	-17.643
CGAAAA	154.0	918.1	-17.587
TACGTA	88.0	743.7	-17.584
CTTTAA	784.0	6176.1	-17.560
AAACCA	633.0	4867.0	-17.551
TCGATC	80.0	860.7	-17.470
TCCGTA	52.0	687.1	-17.439
CTGTGG	1182.0	9674.7	-17.420
AGTGAC	509.0	3814.5	-17.412
GGCAGT	640.0	4937.2	-17.385
GGTACG	77.0	657.8	-17.371
CGCGTG	241.0	1598.3	-17.364
CGTTCA	123.0	922.0	-17.361
TCGGTC	152.0	907.1	-17.313
GATCAA	298.0	2182.2	-17.309
CACGTA	150.0	892.4	-17.302
AGGATC	432.0	3170.5	-17.271
GATAAG	302.0	2512.1	-17.270
TATCAG	326.0	2685.1	-17.270
ATAACT	328.0	3019.0	-17.270
CATTCC	428.0	4009.6	-17.270
GGATTA	459.0	7081.9	-17.270
CTTACA	312.0	2940.0	-17.270
AAGCTC	418.0	3789.5	-17.270
TAGGGC	235.0	2530.8	-17.270
ATGCGG	91.0	1159.6	-17.270
TCGGAG	172.0	1700.6	-17.270
CCCGTG	286.0	2257.7	-17.270
GACCAG	412.0	4913.4	-17.270
ACGTTT	135.0	1757.0	-17.270
TCGTTG	100.0	994.3	-17.270
ATGCTA	360.0	2984.7	-17.270
CTTCGT	143.0	1342.5	-17.270
AGCATA	298.0	2641.2	-17.270
GACAAG	363.0	3226.3	-17.270
CTATGC	254.0	2099.1	-17.270
GTTGCG	71.0	1073.2	-17.270
GTTTGT	1093.0	8889.1	-17.268
TAAAGT	638.0	4923.8	-17.261
GTGCTG	1264.0	10408.9	-17.232
CCTCTG	1105.0	9004.1	-17.164
AGCAGC	800.0	6328.7	-17.109
ATAACC	261.0	1847.6	-17.088
GCCCTA	213.0	2102.6	-17.078
TGCCCC	729.0	5718.7	-16.984
AAGGTG	737.0	5794.5	-16.971
GTCGAC	60.0	423.3	-16.921
CCATGA	532.0	4031.0	-16.872
CCAATC	153.0	2021.8	-16.700
GTATCC	267.0	1828.7	-16.695
AACACG	100.0	1170.1	-16.665
GTTCGA	144.0	1192.5	-16.624
TTACGC	66.0	474.7	-16.542
ACCCGT	114.0	890.1	-16.514
AGGTAG	512.0	3873.9	-16.481
GATACC	221.0	1462.7	-16.459
AAGCGC	211.0	1382.7	-16.412
TTACGA	95.0	597.9	-16.363
AGGGAG	1220.0	10070.2	-16.360
ACAAGC	356.0	2564.5	-16.191
ACGAAC	98.0	583.1	-16.189
CGCATC	100.0	859.6	-16.153
TATACC	195.0	1882.5	-16.065
GAGTGC	852.0	6839.9	-16.012
CGATTA	89.0	466.8	-15.922
ACAACC	216.0	2161.5	-15.913
GTGAGT	773.0	6153.6	-15.910
AGGGGA	945.0	7662.9	-15.905
TGACGG	125.0	1267.7	-15.862
AAGCCA	544.0	4935.8	-15.862
ATGAAC	317.0	3328.9	-15.862
CAATAA	344.0	3528.5	-15.862
ATGCCC	370.0	3795.8	-15.862
CAAGTA	387.0	3485.3	-15.862
CGAGGA	215.0	2184.6	-15.862
GCGTCT	230.0	1785.1	-15.862
ATTGCC	241.0	2896.4	-15.862
AACTCA	366.0	3673.8	-15.862
GTCAAG	311.0	2865.1	-15.862
TAACCT	355.0	2984.8	-15.862
AAAGCC	446.0	4088.8	-15.862
ACCCTC	411.0	3731.1	-15.862
ACATGC	325.0	3399.5	-15.862
TAGTGC	262.0	2345.0	-15.862
AAGATC	344.0	3094.3	-15.862
AACTAT	280.0	2669.3	-15.862
AGCATC	402.0	3307.7	-15.862
CGCTTG	148.0	1857.5	-15.862
CCTCAA	415.0	4344.6	-15.862
AAGGTC	339.0	3217.6	-15.862
CCTACG	91.0	739.7	-15.816
CGAGCA	172.0	1088.9	-15.809
TATGAG	421.0	3127.7	-15.792
CGCCCT	255.0	2463.1	-15.733
TGACGC	122.0	1048.3	-15.692
CAATAG	297.0	2097.5	-15.670
GTCCTA	286.0	2004.3	-15.666
CGGTAT	63.0	520.8	-15.659
ATCGAC	79.0	398.4	-15.644
AGCGGT	142.0	1283.9	-15.636
AATAGC	342.0	2660.9	-15.619
ATCGAA	90.0	524.4	-15.596
GAAGAA	905.0	7327.5	-15.567
TGAGTG	861.0	6941.0	-15.526
TACTCT	417.0	3100.8	-15.526
ATCTTA	416.0	3093.2	-15.476
TGAAGG	769.0	6135.5	-15.473
TGAACG	174.0	1112.7	-15.402
GAAAAC	647.0	5075.9	-15.299
ATGTGG	782.0	6259.4	-15.256
CCTAGC	348.0	2530.1	-15.252
ACCGAC	54.0	590.1	-15.249
TCGACA	90.0	481.5	-15.232
TATCCC	253.0	2222.0	-15.213
TTCGTT	218.0	1464.3	-15.196
CACACG	235.0	1597.0	-15.138
TCGAAG	143.0	873.6	-15.104
GTAGGC	305.0	2172.5	-15.092
CCTACC	294.0	2683.9	-15.085
AAATTG	662.0	5217.2	-15.055
GTACCC	266.0	1859.3	-15.054
ACTACG	107.0	608.2	-15.036
CGTAAT	98.0	596.2	-14.954
ACTAAT	365.0	2680.3	-14.876
TGATCA	448.0	3381.4	-14.852
AATCGA	67.0	644.7	-14.836
GTGAAG	695.0	5518.7	-14.833
CTTAGC	371.0	2736.6	-14.772
CGGTAA	118.0	697.7	-14.745
TCTACG	117.0	687.5	-14.709
CATAAC	207.0	1807.4	-14.683
CAAACC	406.0	3031.7	-14.653
GCGATC	190.0	1679.1	-14.564
GCATCA	244.0	2760.2	-14.559
CATCAG	313.0	3843.8	-14.559
GACAGC	317.0	3668.9	-14.559
AACCAG	368.0	3863.4	-14.559
GTAACT	341.0	2911.6	-14.559
TAATAG	336.0	3113.0	-14.559
TGAACC	271.0	4242.1	-14.559
GATTAG	253.0	2275.1	-14.559
AGCTAA	425.0	3772.9	-14.559
GATGCG	125.0	1146.1	-14.559
TGGTAC	245.0	2399.9	-14.559
TAGTAG	360.0	4647.9	-14.559
ACCTCA	538.0	5607.8	-14.559
CAGTCA	332.0	3654.0	-14.559
TTACCA	276.0	3155.2	-14.559
GGGTAC	156.0	2119.6	-14.559
TACCTC	229.0	2728.8	-14.559
GCGGTT	114.0	1213.4	-14.559
GAACCT	338.0	3476.6	-14.559
TGCCGT	147.0	1525.7	-14.559
TAGACT	187.0	2324.9	-14.559
GAAGCG	211.0	1901.3	-14.559
GCCTTA	278.0	2476.7	-14.559
TATCGT	94.0	518.1	-14.557
TAGAGT	410.0	3070.7	-14.534
GGTGTA	396.0	2958.3	-14.429
CACCCC	672.0	5338.3	-14.427
AGCTTG	566.0	4416.5	-14.405
CGTCGG	59.0	869.4	-14.290
CGTCCG	98.0	1009.8	-14.280
CCGTAC	66.0	477.3	-14.267
GATCGT	140.0	864.0	-14.245
AAGCTG	743.0	5963.4	-14.240
AACGTT	113.0	1155.9	-14.169
CAACCA	307.0	2583.5	-14.166
GCCAAA	445.0	3378.3	-14.134
CTTGAC	399.0	2995.3	-14.102
GTTAGA	359.0	2651.9	-14.100
TCCATT	658.0	5231.1	-14.089
TCTGAT	621.0	4903.8	-14.083
AGCGAA	164.0	1057.2	-14.057
CCGTTC	142.0	1047.6	-14.028
ATGTCG	134.0	821.5	-13.984
AGTTAC	348.0	2568.5	-13.966
TATCCT	421.0	3187.9	-13.962
GAACGA	149.0	942.3	-13.839
CTAACA	255.0	2713.2	-13.818
CCGTTG	79.0	1015.8	-13.781
CCGGAT	140.0	872.0	-13.771
ACGTAT	97.0	801.6	-13.755
AAGCGG	154.0	1687.3	-13.689
ATACTA	247.0	2045.4	-13.634
AAACGT	138.0	1517.6	-13.622
ACCCGA	134.0	1032.1	-13.534
TTTTCC	1278.0	10761.9	-13.521
CATACG	71.0	565.9	-13.503
CGGATC	109.0	1112.9	-13.501
CGCGTA	32.0	301.3	-13.449
GGGCTT	711.0	5725.6	-13.422
TTCCAG	876.0	7179.0	-13.361
ACAGTA	276.0	3022.3	-13.359
ACCTTA	278.0	2282.5	-13.350
CCTTAC	223.0	2093.6	-13.350
GGCTAT	191.0	2282.0	-13.350
CCCATT	343.0	4585.8	-13.350
TCCGTT	80.0	1172.5	-13.350
AATGAC	240.0	3279.6	-13.350
CGGCCC	289.0	3598.3	-13.350
GTCAAT	228.0	2117.0	-13.350
AGACCA	435.0	5049.8	-13.350
GACCCT	438.0	4157.3	-13.350
AGAGCG	213.0	2118.6	-13.350
GCCCGC	299.0	4192.9	-13.350
GATAGT	223.0	2220.3	-13.350
GTAATA	316.0	2878.7	-13.350
CAACAG	330.0	3806.1	-13.350
CTCGTT	134.0	1138.2	-13.350
CACAAG	306.0	3096.1	-13.350
CCCGCT	256.0	2441.8	-13.350
ATACCT	266.0	2737.3	-13.350
CCCTTA	329.0	2625.5	-13.350
ATAGTA	389.0	2932.3	-13.329
CTCGCT	353.0	2633.7	-13.290
TCAACC	301.0	2236.2	-13.280
CAGCTC	785.0	6389.8	-13.200
CACGAA	140.0	882.7	-13.195
TGCCCT	813.0	6635.2	-13.123
GTCCTG	737.0	5969.3	-13.118
CGACCA	121.0	743.2	-13.102
CGTACA	73.0	557.8	-13.077
TTGGGG	1034.0	8607.8	-13.011
CATCGA	112.0	675.6	-12.984
GAACGT	151.0	1156.0	-12.970
AAGCCG	211.0	1458.2	-12.897
ATCCTC	541.0	4256.1	-12.893
CGAAGC	123.0	1126.5	-12.859
TGACCG	132.0	1138.6	-12.855
AGGACC	316.0	3489.1	-12.820
GTTAGT	338.0	2516.1	-12.802
CTACCT	416.0	3183.9	-12.802
CGAGTG	241.0	1704.9	-12.789
GATGAC	381.0	2879.5	-12.785
GTCACG	177.0	1189.8	-12.739
GCTTGG	671.0	5407.7	-12.714
TCGGCA	149.0	963.1	-12.693
ACCTGC	635.0	5087.8	-12.680
TTGACC	389.0	2957.6	-12.604
ATCAAC	265.0	1915.3	-12.574
GAACAC	368.0	2780.5	-12.565
AATACT	435.0	3357.2	-12.497
CTGCTG	1313.0	11146.7	-12.470
AACGGT	102.0	737.6	-12.460
AAGTCG	125.0	876.9	-12.410
CTCGGA	225.0	1588.3	-12.373
TGTCCC	679.0	5491.7	-12.349
CGGATG	174.0	1174.1	-12.303
GCTTAC	240.0	1922.1	-12.275
CTAGCA	273.0	2416.1	-12.244
GTGACG	170.0	1548.5	-12.226
ACCCCA	518.0	5126.7	-12.226
CAGACC	374.0	3397.3	-12.226
TAACTC	198.0	2369.3	-12.226
CGCCTT	206.0	1913.4	-12.226
CTATAA	290.0	3053.6	-12.226
GGTCCA	281.0	2814.2	-12.226
TCAATC	112.0	1849.2	-12.226
TCCTAC	288.0	2398.6	-12.226
TACCAG	262.0	2748.4	-12.226
GCGAGT	174.0	1434.1	-12.226
CTCTAC	288.0	3920.6	-12.226
CACCCA	619.0	6504.3	-12.226
GCCCAT	352.0	3329.4	-12.226
TATCCA	284.0	2780.9	-12.226
GCGCTT	178.0	1558.7	-12.226
TGACAC	275.0	2939.9	-12.226
AGGACG	169.0	1810.3	-12.226
CCTTCG	171.0	1559.7	-12.226
AGCGGA	174.0	1530.3	-12.226
AGCCGA	170.0	1948.5	-12.170
CGTAGC	55.0	766.9	-12.144
GTCGAA	88.0	507.0	-12.112
AACTAC	289.0	2128.7	-12.076
CACTAA	230.0	2332.2	-12.075
TTCTTA	716.0	5830.1	-12.075
ATTGAT	495.0	3896.0	-12.033
TCGGAA	144.0	936.4	-12.029
ACTGAC	344.0	2595.1	-12.023
AGTACC	278.0	2035.0	-12.003
GACCGG	195.0	1346.4	-11.986
TCGACT	106.0	645.8	-11.972
GCTTAT	372.0	2837.9	-11.950
CCCCAA	589.0	4719.4	-11.903
CCCGAA	182.0	1249.2	-11.892
GATCGG	118.0	740.3	-11.887
CCACAG	699.0	5698.0	-11.836
CTCAAC	330.0	2478.7	-11.801
GTACGG	85.0	571.1	-11.766
GCAATA	303.0	2251.1	-11.759
ACGGTA	85.0	622.2	-11.751
TACGGA	108.0	664.1	-11.745
CCTGCC	1386.0	11865.0	-11.728
ACGATG	157.0	1047.5	-11.725
ATCTCG	288.0	2130.9	-11.721
CAGTCG	154.0	1023.3	-11.720
ATAGAA	511.0	4047.6	-11.712
AACAAC	287.0	2962.5	-11.710
CAACGA	93.0	627.5	-11.685
GTTCAA	664.0	5391.7	-11.680
CAATGA	432.0	3363.1	-11.623
AACCTC	679.0	5528.1	-11.623
ATCGCC	88.0	877.0	-11.604
GTGGGA	967.0	8093.4	-11.583
GTGCGA	186.0	1289.9	-11.573
CTAAGA	390.0	3004.2	-11.555
ACGAGC	109.0	895.3	-11.538
CCAATA	282.0	2084.2	-11.521
ACCAAC	306.0	2285.5	-11.520
CACAGG	686.0	5600.3	-11.512
TATGCG	80.0	591.8	-11.509
TAACTA	315.0	2365.3	-11.488
CGGTTC	92.0	1105.0	-11.470
AAACAG	697.0	5698.8	-11.465
ACCGCA	187.0	1300.7	-11.453
CGGCAT	108.0	933.8	-11.429
TCTTAC	375.0	2884.3	-11.400
GAGGAC	537.0	4285.1	-11.357
AATAAC	417.0	3247.7	-11.322
CACTAC	244.0	1770.7	-11.318
CCGGTG	265.0	1952.4	-11.292
AGGGTC	569.0	4578.9	-11.291
CCTGCG	432.0	3376.5	-11.280
ACCCTG	747.0	6153.0	-11.277
CTTCGA	128.0	908.5	-11.267
GATCAG	367.0	2819.6	-11.219
CGGCCA	277.0	2050.2	-11.203
ATCCTA	292.0	2420.9	-11.181
GCCTAT	195.0	2220.4	-11.181
CCCCGT	238.0	2483.8	-11.181
AAGACC	325.0	3500.1	-11.181
TGCGCA	170.0	1563.6	-11.181
TCTAAC	151.0	2305.4	-11.181
GACTTA	248.0	2329.9	-11.181
AGACTA	252.0	2292.9	-11.181
GCGGAA	161.0	1467.3	-11.181
GCTTCG	162.0	1376.4	-11.181
TCCTCG	145.0	1820.0	-11.181
AAAACG	182.0	1555.5	-11.181
GGATCT	420.0	3281.3	-11.169
GAGGTA	413.0	3217.4	-11.164
CAACAC	336.0	2553.5	-11.148
TCCTCT	865.0	7206.6	-11.136
GTACCG	99.0	605.3	-11.113
CGAAAC	74.0	862.8	-11.087
GTAACC	203.0	1875.3	-11.042
CCAAAC	408.0	3178.8	-11.013
ATTCTC	781.0	6469.6	-11.002
CTGGCG	376.0	2909.8	-10.943
ACACTA	250.0	1834.8	-10.879
CTTACG	69.0	634.0	-10.864
AGCAGT	607.0	4929.5	-10.853
TGCGAA	137.0	903.1	-10.815
CCGCCT	623.0	5073.5	-10.814
CGTACC	65.0	534.5	-10.813
TCAGAC	376.0	2916.1	-10.778
ACCGGT	81.0	614.4	-10.753
GAGTGT	657.0	5382.4	-10.749
ACTTGC	397.0	3099.8	-10.711
GCAGCT	747.0	6184.6	-10.697
TTGGCA	569.0	4607.1	-10.692
ACCAGT	387.0	3010.7	-10.675
ACGAGT	121.0	786.4	-10.636
CATAAT	414.0	3247.3	-10.634
TGGTAG	502.0	4014.5	-10.557
GAAATT	671.0	5517.8	-10.544
TAATTC	451.0	3572.1	-10.526
CAGTAC	288.0	2237.2	-10.517
CAACCC	258.0	2752.0	-10.515
GATACG	95.0	583.1	-10.507
CTCACC	545.0	4400.9	-10.496
AACGCG	61.0	571.0	-10.494
ACCTAA	268.0	2463.4	-10.451
AAGTAC	318.0	2427.3	-10.447
GGGGCA	808.0	6748.7	-10.401
GGGGAC	706.0	5833.1	-10.392
TCGCCC	343.0	2645.2	-10.328
CGTATT	126.0	834.6	-10.263
ATAGCG	79.0	534.3	-10.261
CGCTAT	89.0	541.3	-10.251
CCTATC	229.0	1680.3	-10.250
CGCAAT	110.0	706.7	-10.210
GGTACA	239.0	2564.1	-10.209
GAAACC	484.0	4906.8	-10.209
CCAACC	277.0	2858.5	-10.209
GCTCAC	787.0	7310.4	-10.209
ACGAGG	169.0	1900.4	-10.209
TCGTGC	164.0	1378.7	-10.209
CCGCTT	111.0	1570.5	-10.209
TTAGAC	231.0	2176.6	-10.209
TACGTG	116.0	1324.7	-10.209
TCCGCT	106.0	1429.6	-10.209
TAGAAC	225.0	2435.2	-10.209
GGTATA	201.0	2228.1	-10.209
CCTACA	263.0	2358.8	-10.209
AGTATC	227.0	2026.7	-10.209
AACATC	239.0	3117.7	-10.209
TTAGAG	499.0	4012.8	-10.197
ATGTCT	611.0	5001.5	-10.182
GGTCCT	509.0	4097.3	-10.174
GTAGTG	401.0	3158.5	-10.142
CCTAAA	435.0	3451.7	-10.130
GTATAG	234.0	1886.1	-10.125
AATTCG	103.0	755.4	-10.115
CTCATA	326.0	2510.2	-10.107
GCGTTA	99.0	622.4	-10.087
CGGTCA	130.0	870.6	-10.069
CGCGCT	226.0	1660.2	-10.063
AGTCGT	109.0	701.4	-10.053
GGTTCA	662.0	5457.8	-10.053
ACCGCT	127.0	918.8	-10.014
ACGCCT	148.0	2363.8	-10.003
GTACAC	189.0	1731.3	-9.966
TGGAGC	718.0	5965.8	-9.946
AAAGTT	711.0	5907.2	-9.941
CATGAC	338.0	2615.5	-9.926
TAATCG	80.0	478.9	-9.884
TTGACG	99.0	797.7	-9.877
TACGCG	50.0	327.8	-9.876
TCGGTT	150.0	1031.6	-9.843
TTCAGT	700.0	5807.6	-9.840
TATAGT	378.0	2971.1	-9.836
ACCGGA	84.0	887.8	-9.836
TACACT	305.0	2333.5	-9.824
AATTAA	703.0	5836.8	-9.824
GTCCGA	95.0	791.2	-9.810
TAACCA	343.0	2666.6	-9.777
ACAGCT	560.0	4567.2	-9.768
GGATCG	110.0	1037.9	-9.764
CCAAAT	509.0	4117.8	-9.753
GGCGAT	162.0	1140.4	-9.751
TCTGTC	946.0	8033.7	-9.746
GCTTTT	985.0	8376.5	-9.738
GTATGG	320.0	2472.3	-9.683
CAGTAT	390.0	3078.5	-9.648
AATTGC	429.0	3418.4	-9.627
CTATAC	188.0	1355.4	-9.620
CGTCAC	159.0	1112.8	-9.583
TCAGAT	523.0	4247.4	-9.580
TCTCGT	181.0	1297.8	-9.564
CCGTGA	159.0	1515.0	-9.550
GAGGGT	694.0	5776.0	-9.540
GTGTGC	892.0	7561.1	-9.468
CGTGAT	228.0	1999.0	-9.467
AATGAT	616.0	5077.5	-9.464
CCGAAA	139.0	949.3	-9.452
GGGAGA	1014.0	8664.0	-9.423
ATGACT	446.0	3577.0	-9.387
CGTATA	75.0	505.7	-9.362
GTTGAA	517.0	4213.5	-9.333
TTTCCC	978.0	8345.6	-9.318
TCGGCT	280.0	2752.7	-9.305
ACTCTA	213.0	2296.7	-9.305
ACATCC	313.0	2892.0	-9.305
GTTAAC	240.0	2001.1	-9.305
AACCCC	394.0	4138.2	-9.305
GCAAAC	294.0	2855.2	-9.305
TCACAC	339.0	3598.2	-9.305
GTCCAC	276.0	2457.9	-9.305
CTAAGC	256.0	2149.5	-9.305
GGAACG	154.0	1550.7	-9.305
GAAATA	667.0	5548.9	-9.298
TCAACA	396.0	3149.0	-9.275
GACTAA	247.0	1964.6	-9.257
TTTAAT	1088.0	9353.4	-9.221
CTCTCC	788.0	6635.6	-9.220
CGTCTA	99.0	638.7	-9.187
GAAGGC	619.0	5122.3	-9.177
TCTGGT	629.0	5219.9	-9.163
GCCGCA	235.0	1756.0	-9.160
TGGTAA	500.0	4072.2	-9.144
ATCCCT	493.0	4008.2	-9.111
GGGTCT	732.0	6142.9	-9.100
CTCGAC	124.0	842.9	-9.094
CTCACT	978.0	8363.0	-9.089
GAAAGC	526.0	4301.2	-9.075
CCCATA	278.0	2129.1	-9.074
ATACGA	80.0	491.0	-9.052
CTGGCA	706.0	5913.2	-9.030
GTGGCA	784.0	6620.4	-8.996
AACGAC	35.0	589.3	-8.995
CGACCC	182.0	1322.1	-8.977
CGGGTT	310.0	2409.9	-8.968
AAAGTA	602.0	4982.7	-8.943
CGGTCC	161.0	1426.5	-8.943
AGGCTT	603.0	4995.0	-8.906
AACTAG	294.0	2278.7	-8.897
GTAATT	530.0	4350.7	-8.849
GATAGC	211.0	1567.1	-8.829
ATAGCC	232.0	1741.4	-8.820
TACTTA	386.0	3077.7	-8.814
AAGGCC	488.0	3980.0	-8.760
TAGTTG	378.0	3016.3	-8.746
TTTTAC	720.0	6057.1	-8.738
CTAGCC	287.0	2221.4	-8.735
CATGTG	876.0	7462.5	-8.718
GACGAG	191.0	1444.9	-8.703
AAGATA	468.0	3804.6	-8.701
CCGTTA	79.0	570.9	-8.664
CGGAAA	135.0	1351.0	-8.648
GAGCAG	798.0	6761.1	-8.643
TTACCT	467.0	3800.8	-8.597
CCCGCA	173.0	2080.7	-8.575
GACCGT	112.0	989.7	-8.573
CGATGC	102.0	895.8	-8.566
ACGCAG	203.0	1506.0	-8.561
AAAACT	723.0	6098.3	-8.556
CGTGCG	188.0	1509.3	-8.554
CTGTCA	686.0	5768.8	-8.534
CAGACA	529.0	4358.6	-8.531
TCGGAT	103.0	686.8	-8.506
TCACGC	237.0	2144.9	-8.505
TGTTGT	916.0	7851.0	-8.497
TAGCTT	423.0	3424.6	-8.477
CTCCGG	327.0	2582.9	-8.464
CCCAAA	668.0	7345.4	-8.463
GAGCGC	204.0	2511.1	-8.463
TGTCGC	198.0	1975.3	-8.463
ATGACC	259.0	2417.9	-8.463
CCATCA	390.0	3792.0	-8.463
GGTCCG	166.0	1494.4	-8.463
GATAGA	321.0	2529.6	-8.448
TAGCAC	190.0	2247.0	-8.434
TAGGAC	247.0	1995.0	-8.420
GTCGGG	297.0	2323.8	-8.414
TATCTG	481.0	3941.0	-8.394
CCTACT	326.0	2577.3	-8.369
TTCGCG	92.0	598.7	-8.360
AGGGTG	850.0	7259.5	-8.350
AGTAAG	417.0	3375.8	-8.336
CGAACG	50.0	377.8	-8.331
TAAATT	820.0	6991.5	-8.327
CGAGCT	199.0	1478.9	-8.327
CCGAGC	282.0	2192.8	-8.310
CGGCGG	542.0	4484.5	-8.299
ACTTAC	249.0	2300.4	-8.289
AGCAGA	688.0	5796.6	-8.245
GGTAAA	452.0	3687.6	-8.237
ACCCAA	385.0	3094.0	-8.236
CTATCG	25.0	394.4	-8.235
GACTAC	201.0	2606.5	-8.227
GCGAAA	92.0	971.9	-8.203
GATCTC	573.0	4766.0	-8.199
GTCTAC	212.0	1595.3	-8.198
AGTGTA	425.0	3448.2	-8.170
ATCCAC	219.0	3323.3	-8.138
CTCTGC	1008.0	8710.4	-8.126
AACGCT	108.0	894.4	-8.118
CGGTAC	75.0	468.3	-8.100
GCATCG	123.0	893.5	-8.084
AATTCC	456.0	3733.8	-8.067
GTATTG	357.0	2855.4	-8.047
CGTGAA	199.0	1487.6	-8.033
AAGTGG	680.0	5741.9	-8.032
TTCCGA	132.0	933.9	-8.023
AAATCG	75.0	887.3	-8.019
AATACC	260.0	2289.9	-8.003
CGATGG	177.0	1307.6	-7.977
TGCAGC	825.0	7056.3	-7.969
GCCATC	407.0	3300.5	-7.964
TAGCCC	280.0	2190.2	-7.897
ACCGTA	59.0	583.0	-7.894
GACCCC	490.0	4043.9	-7.891
CGTTCC	173.0	1276.2	-7.877
ATAGCT	368.0	2964.5	-7.852
TCCGAG	215.0	1633.8	-7.850
TTATCC	363.0	2919.1	-7.843
CACGTT	146.0	1495.5	-7.818
GTCCCT	595.0	4991.1	-7.807
AAATCC	439.0	3597.1	-7.795
CCCTCT	742.0	6315.7	-7.794
CCCCCC	541.0	4503.1	-7.792
TGTCGA	101.0	694.3	-7.751
GAGCTT	510.0	4231.1	-7.740
CGACCG	60.0	612.2	-7.701
TACGCT	63.0	583.1	-7.701
TACGTC	91.0	603.9	-7.689
CCACAC	380.0	4331.3	-7.680
GTAGCC	243.0	2327.9	-7.680
TTCGAG	166.0	1612.5	-7.680
TTCGGA	87.0	993.5	-7.680
GAACTA	230.0	2341.5	-7.680
CCTAAT	272.0	2834.2	-7.680
GTTAGC	201.0	2453.3	-7.680
GTCCAA	230.0	2309.2	-7.680
ATAACA	415.0	3389.6	-7.676
GAATAG	370.0	2991.4	-7.667
GTTCAG	477.0	3942.8	-7.659
TAAGCA	419.0	3427.5	-7.650
TCGCGT	52.0	448.5	-7.650
CAGGGT	828.0	7110.2	-7.649
TTGACA	426.0	3485.8	-7.623
CCATCG	128.0	1061.8	-7.596
ATCCGG	130.0	926.8	-7.595
AGGACA	550.0	4602.5	-7.564
ACTATC	131.0	1429.4	-7.562
ACGGAT	50.0	729.8	-7.508
CCATAA	301.0	2491.7	-7.506
TCCGTC	184.0	1488.6	-7.491
CGAAAT	91.0	701.6	-7.473
AGCTGA	689.0	5857.2	-7.462
TACGAA	60.0	607.8	-7.441
CGGAAT	123.0	872.9	-7.430
TTCGCA	61.0	756.5	-7.416
CACTGA	548.0	4595.4	-7.367
AGAGCT	610.0	5153.0	-7.366
AAACGC	137.0	983.5	-7.363
TACCCG	88.0	793.8	-7.338
TGTGGC	805.0	6926.9	-7.297
ACGTAC	45.0	591.5	-7.295
GATTCC	376.0	3065.2	-7.286
ATGCCG	133.0	960.5	-7.283
TGCTCG	184.0	1390.4	-7.274
ACCTAC	220.0	1873.7	-7.261
CAACTT	435.0	3588.1	-7.256
ACACGC	162.0	1200.6	-7.250
ACGTGA	202.0	1542.0	-7.188
TATCAA	317.0	2546.9	-7.179
CTTACT	407.0	3340.1	-7.170
ACGTCT	159.0	1177.7	-7.166
GTAAAA	618.0	5234.8	-7.164
AATCCG	105.0	729.8	-7.157
AATGCG	80.0	861.5	-7.139
GGTTAG	317.0	2548.5	-7.133
CCTTTT	1052.0	9194.4	-7.131
TCAACT	363.0	2953.2	-7.116
ACAAGT	367.0	2992.0	-7.088
GGAGCA	641.0	5454.2	-7.064
AAACCT	531.0	4462.3	-7.032
GTTGTT	752.0	6459.9	-7.028
CGTTAC	62.0	558.6	-7.024
AGTAGG	392.0	3217.8	-7.018
GATTCT	670.0	5722.0	-7.016
AACCGT	109.0	794.0	-6.975
GGATTG	456.0	3791.8	-6.970
CGACCT	175.0	1322.9	-6.954
ACCACT	318.0	3558.1	-6.953
ATCGTT	88.0	790.3	-6.953
AATCGT	57.0	727.7	-6.953
GTGTCG	158.0	1175.0	-6.947
CTGTGT	1227.0	10823.2	-6.938
CAGATG	678.0	5796.1	-6.925
AGTCGA	50.0	592.0	-6.877
TGGATT	633.0	5389.0	-6.873
GCACAT	441.0	3665.2	-6.871
GATAAC	235.0	1838.2	-6.825
TAAATC	387.0	3181.3	-6.820
TTGCAC	417.0	3452.4	-6.811
TGGGTT	866.0	7517.0	-6.809
CTAACG	41.0	556.0	-6.806
GTCGCG	122.0	881.3	-6.748
AAGATT	556.0	4702.0	-6.728
GCGGGG	943.0	8235.5	-6.703
GGTCGA	106.0	748.5	-6.700
GGCAAT	329.0	2670.6	-6.681
TCTTCG	165.0	1244.1	-6.679
CGTCGA	23.0	338.4	-6.674
CAGTTC	481.0	4036.2	-6.661
GAAGCC	569.0	4832.5	-6.654
TTAGCA	423.0	3519.6	-6.621
GCCCCC	704.0	6054.0	-6.615
AGTTGG	555.0	4700.8	-6.611
CTCGGT	203.0	1571.7	-6.601
ACTATA	276.0	2209.0	-6.596
GTAGAC	223.0	1749.3	-6.583
CAGATC	386.0	3184.6	-6.582
ACAGAT	499.0	4203.2	-6.577
AGTATA	329.0	2675.9	-6.573
ATAAAC	437.0	3644.8	-6.571
TCCTAT	336.0	2740.8	-6.562
TAGGTC	255.0	2028.5	-6.559
GGGAAA	887.0	7729.1	-6.555
GCTTCT	666.0	5716.7	-6.536
CACTCC	572.0	4859.5	-6.529
AAAGTC	463.0	3884.2	-6.519
TGTTAG	517.0	4369.9	-6.517
GCGAAG	182.0	1399.0	-6.505
ACCCCG	222.0	2567.9	-6.469
TTACTA	372.0	3069.4	-6.468
TAAGAT	429.0	3575.6	-6.456
AGCCGT	128.0	1317.1	-6.455
CCCAAC	387.0	3201.7	-6.445
AGCCTA	322.0	2626.2	-6.434
AAACGG	165.0	1252.4	-6.428
ACTCGT	59.0	737.5	-6.415
TAGGAA	552.0	4693.8	-6.412
GCGACC	157.0	1183.2	-6.407
GGCGTA	101.0	713.4	-6.394
AGTTGT	518.0	4387.3	-6.385
GCAGCC	859.0	7491.3	-6.381
CTGGGT	1158.0	10247.6	-6.367
AACGGA	128.0	943.5	-6.361
CCCTAT	252.0	2010.7	-6.354
ACCATA	196.0	2307.5	-6.343
TAAGAC	292.0	2365.7	-6.340
GACTTG	438.0	3667.7	-6.335
TAGAGC	287.0	2320.6	-6.331
TACCAA	291.0	2357.2	-6.320
ACGTTA	106.0	758.6	-6.296
GCTCAA	440.0	3689.1	-6.283
ATCAAG	348.0	2865.7	-6.281
TACCCA	344.0	3048.6	-6.277
ACACTC	261.0	2427.6	-6.277
CCATTA	263.0	2768.6	-6.277
AGCGCT	161.0	1672.5	-6.277
AGAAAT	878.0	7673.0	-6.271
GCCATA	225.0	1945.4	-6.222
TGGGTC	559.0	4766.4	-6.187
TCGAGG	199.0	1551.2	-6.166
CCGACC	169.0	1469.2	-6.149
GGGCTG	1282.0	11416.5	-6.148
GAAACT	589.0	5040.5	-6.144
CACGTG	342.0	2816.4	-6.144
GAAAAA	1042.0	9192.7	-6.141
TTTAAG	809.0	7057.2	-6.141
GTGTAA	424.0	3547.5	-6.125
CCGAAG	191.0	1482.3	-6.118
CGAACA	84.0	579.8	-6.089
CACGAT	146.0	1098.5	-6.081
ATCCAA	314.0	2571.9	-6.065
TTTCAG	887.0	7772.9	-6.061
CTGGTA	402.0	3353.6	-6.054
CATCGC	81.0	903.8	-6.043
GGACTT	475.0	4018.8	-6.033
CTGTAT	503.0	4267.7	-6.014
GACTGA	442.0	3725.8	-6.005
GCTATA	234.0	1863.8	-5.996
TTGGAA	740.0	6431.4	-5.974
TCTGGC	621.0	5345.4	-5.969
CGAGAA	172.0	1329.3	-5.965
GTCAGC	403.0	3368.3	-5.964
CGAATT	104.0	750.0	-5.956
CGCTTC	213.0	1685.8	-5.945
ACGCCC	157.0	2239.7	-5.935
AAGAGC	478.0	4054.7	-5.906
GATTTC	522.0	4448.5	-5.891
AGATAG	369.0	3072.1	-5.889
CCCCGC	594.0	5107.3	-5.888
ACGACG	30.0	512.1	-5.876
AGGGCT	715.0	6210.8	-5.875
ATCACC	374.0	3120.2	-5.873
TTCTCG	200.0	1572.4	-5.867
GGAACA	479.0	4069.9	-5.826
AAGGAA	944.0	8325.6	-5.824
GCCCTC	578.0	4966.3	-5.819
GACCAA	308.0	2529.5	-5.803
CCAACT	361.0	3003.8	-5.793
CGACTG	148.0	1125.6	-5.774
CACCCG	244.0	2455.6	-5.774
GATTCG	104.0	772.2	-5.763
CGAATC	86.0	604.1	-5.763
GACGTA	51.0	558.6	-5.736
CCAATT	326.0	2700.0	-5.733
TATACG	72.0	505.8	-5.727
GTTCGC	103.0	748.8	-5.714
ACTGCG	227.0	1821.0	-5.708
CCTGGT	729.0	6354.7	-5.691
CAGGGC	850.0	7471.5	-5.677
GCTATC	134.0	1586.2	-5.651
CATATC	220.0	2041.7	-5.651
GGTAAC	242.0	2101.3	-5.651
CGGTAG	95.0	815.0	-5.651
TTCGGT	135.0	1017.9	-5.625
GATCCG	124.0	1444.2	-5.618
AGGTGG	1070.0	9505.9	-5.618
TTGATC	373.0	3125.3	-5.616
CTCTGT	1219.0	10887.2	-5.612
GCCTTT	696.0	6065.0	-5.582
ATCGGG	84.0	906.7	-5.560
TGGGCT	937.0	8283.5	-5.510
CAGAAG	743.0	6500.2	-5.503
ACTCGC	114.0	848.3	-5.498
GCCGTT	126.0	1038.5	-5.477
ATACTC	209.0	1683.3	-5.472
CGTTGA	110.0	814.1	-5.464
CTTGTA	429.0	3635.0	-5.461
CGAGTA	139.0	1459.2	-5.459
TTTGCA	862.0	7603.8	-5.453
GGGGAT	552.0	4761.9	-5.433
AGGTCT	502.0	4297.4	-5.430
GACCGA	119.0	910.5	-5.429
CACGGA	113.0	1424.9	-5.407
GCGATG	169.0	1323.7	-5.404
AGGCCT	657.0	5723.8	-5.402
CTAGGA	414.0	3507.2	-5.387
GGACAG	602.0	5215.9	-5.366
CTAATC	227.0	1837.0	-5.335
ACTAGT	222.0	1792.6	-5.326
TAGTTC	329.0	2740.4	-5.312
TTGGAT	513.0	4413.3	-5.292
GTATAC	204.0	1726.5	-5.278
ACACCG	120.0	906.6	-5.272
GATCCT	432.0	3677.6	-5.254
GGACAA	364.0	3062.3	-5.250
GCAGTC	389.0	3288.8	-5.248
GCGAAC	94.0	684.3	-5.239
TAGGAG	482.0	4138.8	-5.220
TCCCCA	854.0	7546.4	-5.193
CGCTCA	107.0	1258.0	-5.179
GACAGT	418.0	3560.0	-5.164
TAAGGC	292.0	2424.1	-5.152
GACCTG	522.0	4501.7	-5.138
CTCGAT	132.0	1016.2	-5.124
TCGGTA	56.0	584.0	-5.121
CGGAAC	98.0	921.4	-5.109
CGTCAT	127.0	973.6	-5.089
CATAGC	268.0	2277.7	-5.071
CCCGTT	124.0	1228.7	-5.071
ACCATC	330.0	3006.7	-5.071
TCGAAA	65.0	719.6	-5.071
ACGTGC	152.0	1773.0	-5.071
TTCAAG	782.0	6900.9	-5.065
CGGTCG	96.0	706.2	-5.052
GCCGAA	112.0	986.0	-5.048
GGAGTG	1074.0	9607.4	-5.046
CATGGC	534.0	4624.3	-5.044
CAGACT	448.0	3834.3	-5.035
GCTTCC	664.0	5813.9	-5.033
GACAAC	232.0	1888.1	-5.015
TCGTCT	152.0	1187.2	-5.012
TAGCGC	27.0	596.1	-5.010
ACCGTC	78.0	868.7	-5.009
CAAGTC	329.0	2758.6	-5.001
CAGCCA	684.0	6006.2	-4.984
ACTGTA	460.0	3954.0	-4.973
CATTAA	445.0	3812.1	-4.936
GTCCTC	457.0	3928.0	-4.935
CAGTGA	833.0	7379.0	-4.931
CCCAAT	272.0	2251.0	-4.919
ATGGCC	410.0	3499.9	-4.908
GCCTAC	220.0	1793.9	-4.904
CCATTG	461.0	3969.8	-4.886
CCGTGG	342.0	2887.9	-4.875
CCATAG	234.0	2200.8	-4.860
TCCGGT	126.0	972.7	-4.858
TAATAC	291.0	2431.3	-4.846
CAGTTG	460.0	3963.5	-4.839
ACACGA	92.0	738.1	-4.837
TATCGA	38.0	365.6	-4.834
GCTAAC	190.0	1842.5	-4.825
ATTTAA	867.0	7706.8	-4.813
TCGTGG	222.0	1817.8	-4.792
AGAAGG	820.0	7280.7	-4.791
ACCCAC	440.0	3784.2	-4.791
TGTTAC	392.0	3346.9	-4.777
TCGTTT	208.0	1691.2	-4.752
ATCGTC	82.0	596.6	-4.750
AAGAAA	1255.0	11321.2	-4.744
CAATTA	317.0	2670.4	-4.740
AGTTCA	519.0	4512.1	-4.739
GCGTAG	66.0	825.7	-4.694
TTAGCG	85.0	623.7	-4.687
ACCATT	431.0	3706.7	-4.678
GCCTCT	734.0	6493.9	-4.678
AACGTC	100.0	841.4	-4.675
TAGCTC	319.0	2693.6	-4.672
GATGCA	417.0	3583.6	-4.661
CGCTTT	200.0	1623.6	-4.657
CTCGTC	151.0	1192.6	-4.645
GGAAAT	679.0	5990.8	-4.604
TATAGC	139.0	1861.5	-4.598
ACGGAC	71.0	809.2	-4.592
CGGTGT	214.0	1753.7	-4.589
GGTAAT	342.0	2906.6	-4.554
ATGAGA	594.0	5211.5	-4.554
GAGAAG	868.0	7743.1	-4.550
CACGCC	282.0	4002.0	-4.534
GTAGCG	65.0	838.2	-4.534
GGACGA	155.0	1314.2	-4.534
AGTTCG	92.0	1321.4	-4.534
TCCGCA	123.0	1231.4	-4.534
GACGGC	104.0	1407.6	-4.534
GAACGG	93.0	1169.6	-4.534
CCCACG	239.0	2209.8	-4.534
ATACGT	84.0	937.4	-4.506
AGAGGC	678.0	5991.8	-4.483
ATCTGG	532.0	4649.3	-4.481
CCGACA	84.0	753.5	-4.459
ATAGAG	357.0	3045.8	-4.452
GGCCTA	276.0	2314.3	-4.448
CTACAA	345.0	2942.5	-4.445
ATTCCC	433.0	3742.8	-4.434
TACGCC	65.0	607.8	-4.431
AAGGAC	420.0	3628.5	-4.416
CTGGTG	874.0	7820.7	-4.407
ACAACG	96.0	726.7	-4.403
CGTTAT	94.0	708.2	-4.398
CGGCCG	359.0	3068.2	-4.393
AGGAAG	1079.0	9726.7	-4.382
GTTGTG	566.0	4970.7	-4.380
TACCGT	83.0	615.4	-4.366
CGCAAA	99.0	753.5	-4.364
TCCCTG	971.0	8724.6	-4.353
ATCAGA	429.0	3710.3	-4.351
TATAGA	340.0	2902.4	-4.322
CCACTC	417.0	3607.5	-4.321
TCGTTA	93.0	702.9	-4.313
TAGTCA	276.0	2322.2	-4.304
AGGTAT	381.0	3274.9	-4.288
ACGGTC	77.0	732.6	-4.254
TGCCAA	433.0	3756.7	-4.249
GACAGG	668.0	5923.2	-4.244
TATAAC	238.0	1982.2	-4.238
AACGGC	110.0	856.7	-4.235
GGACCG	192.0	1570.0	-4.233
AACGAG	128.0	1060.2	-4.231
AATCTA	324.0	2767.4	-4.227
TCGGGT	171.0	1389.6	-4.225
AAATTT	1053.0	9504.9	-4.212
CGTTAG	96.0	732.1	-4.211
ATAGGG	309.0	2628.5	-4.198
CGGGCT	346.0	2967.1	-4.193
CATCGG	72.0	787.3	-4.191
GGCCAT	404.0	3493.0	-4.184
CTCTTA	403.0	3483.7	-4.182
GAATTC	395.0	3416.1	-4.177
ATCGTG	160.0	1292.1	-4.162
TCAGGG	679.0	6032.4	-4.157
TGATGT	661.0	5862.8	-4.152
GAACGC	129.0	1081.2	-4.150
GTGCGC	296.0	2519.8	-4.126
ATATAG	305.0	2597.5	-4.092
AAGGGT	469.0	4097.5	-4.081
GGTATC	228.0	1908.7	-4.081
TGACTC	418.0	3635.6	-4.069
ATGTTA	516.0	4537.8	-4.062
GGCCGC	449.0	3915.1	-4.062
ACTAAG	274.0	2318.3	-4.056
GTAAGG	352.0	3034.7	-4.054
CAACCG	91.0	693.9	-4.050
ACGGGT	125.0	1059.8	-4.040
GCCGTC	139.0	1509.5	-4.040
TCGTCC	88.0	1014.6	-4.040
ATTGCG	84.0	796.0	-4.040
TAGCGG	80.0	777.6	-4.040
TACAAC	193.0	1795.7	-4.040
ACACGT	128.0	1287.2	-4.027
TCTATC	274.0	2320.7	-4.021
AGCTCT	603.0	5338.3	-4.017
GACTCT	429.0	3736.8	-4.003
GCCACA	457.0	3998.6	-3.994
GTACCA	172.0	2273.8	-3.986
CGGGTA	119.0	942.7	-3.983
CAGGGA	878.0	7898.8	-3.982
GGCTAC	257.0	2173.4	-3.980
CCGCTA	84.0	635.7	-3.977
CCCCCA	749.0	6704.9	-3.977
TCCACG	186.0	1537.3	-3.964
ACTGTC	380.0	3290.4	-3.934
TCTCGG	351.0	3034.4	-3.917
CGGTTG	133.0	1069.9	-3.914
AGTATG	335.0	2883.3	-3.906
CTTGGA	593.0	5259.4	-3.906
GGATTC	378.0	3283.7	-3.902
AGCTAG	312.0	2675.7	-3.899
CCGAAT	100.0	777.3	-3.898
AAGACG	155.0	1259.8	-3.898
CACCGC	295.0	2524.6	-3.895
CGGGGC	690.0	6158.3	-3.890
GAGGCC	849.0	7643.5	-3.876
CAATAC	191.0	1580.6	-3.839
TCCATA	304.0	2604.1	-3.833
CTGAAC	392.0	3414.1	-3.815
CACTCG	89.0	1046.8	-3.810
ATAGTC	208.0	1738.1	-3.804
AACACT	414.0	3617.9	-3.799
AGAACC	380.0	3300.9	-3.793
CCCACT	576.0	5112.4	-3.792
CTATCA	247.0	2091.7	-3.791
AGCAGG	797.0	7173.6	-3.779
GTCCGC	162.0	1394.2	-3.779
CTGGTT	624.0	5560.1	-3.776
ATTGAG	426.0	3728.0	-3.754
CCAAGC	428.0	3748.7	-3.735
ACCGTT	103.0	809.1	-3.733
GGAAGA	853.0	7701.8	-3.731
TCGTTC	109.0	864.0	-3.722
AGTGCG	187.0	1560.4	-3.700
GCGCGT	170.0	1516.2	-3.688
TCCTCC	914.0	8276.6	-3.670
AAAACA	941.0	8526.6	-3.661
CCTTGA	489.0	4318.7	-3.656
GTAGCA	306.0	2636.0	-3.638
TACGGT	81.0	620.5	-3.630
CTACTA	217.0	2959.0	-3.599
TATTCG	32.0	564.9	-3.585
TAGGCG	124.0	1002.6	-3.579
CGCCTA	104.0	824.6	-3.563
GGTGTC	492.0	4357.5	-3.548
CAACTA	211.0	1780.5	-3.547
ACGCAC	127.0	1031.9	-3.546
CAGGCC	713.0	6407.8	-3.540
GCCTAA	251.0	2144.5	-3.528
GTTAGG	335.0	2911.0	-3.525
ATATCA	311.0	2691.8	-3.517
AAATAG	547.0	4871.3	-3.516
GCTACG	41.0	748.9	-3.508
GCATTG	400.0	3515.5	-3.508
CGAAAG	125.0	1014.8	-3.504
AGCCAA	488.0	4322.2	-3.498
CATTGC	440.0	3884.2	-3.497
TTACGG	100.0	792.7	-3.479
TTGTAA	629.0	5640.6	-3.477
TTCCTC	800.0	7228.4	-3.476
GCGGAC	117.0	1419.6	-3.474
TTCAAC	331.0	2875.5	-3.471
AAGGCG	219.0	1859.4	-3.470
ATGCAG	574.0	5123.4	-3.465
GGCAAG	506.0	4493.7	-3.455
GATGTG	641.0	5753.5	-3.446
GGCGAG	343.0	2992.9	-3.438
TCGCTG	230.0	1963.6	-3.438
CACGTC	126.0	1286.8	-3.427
TACTTC	335.0	2918.1	-3.413
CGATAT	30.0	420.4	-3.408
CCGTCG	60.0	809.7	-3.386
GATTAT	402.0	3535.4	-3.384
TACCAT	358.0	3131.8	-3.374
CTTCAG	656.0	5903.5	-3.358
CCACTA	257.0	2212.3	-3.349
ATTGGG	383.0	3366.5	-3.323
AGGCCG	385.0	3387.0	-3.317
GCGTTG	152.0	1259.0	-3.316
TGAGCG	233.0	1990.6	-3.309
CCCCAT	560.0	5011.9	-3.301
CCACGC	336.0	2937.3	-3.280
ATATCG	51.0	430.9	-3.280
AGGAAC	459.0	4078.1	-3.275
CCGGAA	193.0	1629.5	-3.270
ATGAAA	755.0	6834.6	-3.270
TTTACG	115.0	935.5	-3.269
CCTATA	175.0	1933.8	-3.241
AAGTAT	414.0	3663.5	-3.241
AACAGG	475.0	4229.5	-3.238
TGTTTA	800.0	7258.8	-3.225
TGGTTA	431.0	3821.0	-3.214
CCCTCG	263.0	2280.9	-3.181
ACACAT	439.0	3902.5	-3.173
GTATAA	304.0	2650.3	-3.168
GCAGCA	665.0	6005.2	-3.166
CAGCTG	907.0	8268.4	-3.165
ACCTCC	700.0	6328.7	-3.164
CTATTA	297.0	2593.7	-3.163
TACCTA	260.0	2253.1	-3.158
CCCGTC	270.0	2338.1	-3.154
GCAGTT	510.0	4562.0	-3.140
CAGTCT	551.0	4949.0	-3.137
AATACG	74.0	726.5	-3.128
GGTCAA	292.0	2549.1	-3.120
GGGTAT	315.0	2760.5	-3.108
AAGGGC	492.0	4399.5	-3.099
GACCGC	132.0	1097.4	-3.090
CCGGGT	390.0	3453.2	-3.088
CGAGGC	368.0	3251.6	-3.087
CCAGAT	413.0	3667.3	-3.083
ACGCCG	115.0	943.7	-3.083
GACCTA	141.0	1678.8	-3.079
GGAATA	387.0	3426.0	-3.077
GTCAAC	197.0	1690.3	-3.064
CGTAGT	82.0	757.5	-3.061
GAGTAC	215.0	1847.3	-3.042
CGTGAC	147.0	1227.4	-3.032
GTGTAC	272.0	2367.0	-3.030
ACTCTG	678.0	6142.4	-3.026
AATGTC	431.0	3839.2	-3.019
CCTTAT	335.0	2951.8	-2.989
AGTGCC	459.0	4107.1	-2.974
TAGACC	151.0	1565.9	-2.969
GTAAGC	241.0	2088.0	-2.954
TAGTGG	385.0	3417.4	-2.951
TTTTCG	181.0	1546.6	-2.934
ATCGGC	82.0	653.5	-2.930
AAGAGT	494.0	4436.0	-2.927
CAACAA	399.0	3556.2	-2.921
CGACTT	73.0	905.2	-2.914
TTCGCC	157.0	1326.4	-2.909
TAACTT	476.0	4271.4	-2.906
GCCGTG	309.0	2718.4	-2.903
CAAACG	88.0	928.4	-2.900
CGCAAC	92.0	744.7	-2.894
ATGGTA	410.0	3656.5	-2.889
ACATTC	386.0	3433.9	-2.885
ATAATT	645.0	5846.9	-2.884
ATCCGC	145.0	1373.2	-2.874
GGCCTT	560.0	5056.1	-2.870
GCCAGC	595.0	5386.4	-2.869
TTTCGA	116.0	962.4	-2.861
TTCGCT	148.0	1246.9	-2.859
GTGGTT	629.0	5709.1	-2.850
CCATTC	473.0	4248.9	-2.832
ATTCCA	498.0	4486.7	-2.820
CTCTTT	950.0	8726.7	-2.814
AGGAAA	988.0	9086.4	-2.794
CTCACG	209.0	2039.9	-2.785
CGGATT	65.0	831.4	-2.785
GGAACC	381.0	3396.5	-2.753
GAATCG	81.0	1194.6	-2.746
CGTCCT	191.0	1642.4	-2.739
AGGTAA	482.0	4347.3	-2.734
CCTGAA	595.0	5403.7	-2.723
TGATAC	240.0	2096.3	-2.705
GACTGG	551.0	4996.1	-2.698
ACAGCA	544.0	4927.4	-2.691
CATTGG	360.0	3208.1	-2.690
CTACGT	80.0	844.9	-2.683
CAAGGG	485.0	4373.9	-2.682
TCGAGC	91.0	842.4	-2.681
GGGCCC	675.0	6155.6	-2.674
AGTCGG	156.0	1330.2	-2.673
GCTTCA	467.0	4209.0	-2.658
TTCGGC	123.0	1036.9	-2.657
CCATCT	648.0	5912.5	-2.599
ATCTTT	775.0	7106.6	-2.589
TGCCGA	140.0	1187.5	-2.587
TCCTTA	419.0	3776.1	-2.559
TCCAAA	515.0	4675.5	-2.543
ACCAGA	380.0	3407.9	-2.540
CCCTGG	1050.0	9710.3	-2.538
TACTGA	376.0	3380.1	-2.518
CAACCT	591.0	5389.9	-2.506
TGGCAA	489.0	4433.4	-2.496
ACCACG	260.0	2303.8	-2.480
TGAGAA	828.0	7629.4	-2.471
GCTTTC	561.0	5113.1	-2.471
TATCGC	58.0	457.9	-2.471
TGACTA	271.0	2400.1	-2.466
GGAGTA	334.0	2987.2	-2.461
GCGAGC	228.0	2010.6	-2.460
ACCAAA	415.0	3751.9	-2.422
GGCCCC	702.0	6445.0	-2.419
GTTTAG	372.0	3351.4	-2.408
TACACC	198.0	1731.1	-2.397
GACAAT	261.0	2320.5	-2.395
GTTCTT	628.0	5756.8	-2.394
TTCCCA	773.0	7126.3	-2.383
AATATC	339.0	3044.0	-2.381
CGTGTA	118.0	1004.4	-2.380
GCTCAG	648.0	5940.4	-2.379
AGCGGG	343.0	3083.0	-2.374
AGAGTG	644.0	5911.7	-2.368
ACTAGC	172.0	1499.2	-2.358
ATAAGT	351.0	3162.6	-2.352
TGGCCC	643.0	5906.8	-2.333
TCGCTA	73.0	597.6	-2.322
TCTGCT	791.0	7301.7	-2.316
ACCAAG	372.0	3361.0	-2.315
TAGGGA	428.0	3880.6	-2.313
CCTATG	278.0	2481.3	-2.300
AATGTG	675.0	6206.9	-2.298
CTTCGC	156.0	1353.4	-2.291
CAAGTG	629.0	5782.0	-2.286
AGCGTC	132.0	1356.3	-2.277
AGTGGC	771.0	7121.3	-2.275
CAATCG	32.0	515.5	-2.263
CATGGG	555.0	5079.0	-2.262
AACCAC	335.0	3016.1	-2.258
AATGTT	729.0	6724.8	-2.246
TCACGA	129.0	1114.8	-2.246
GGATTT	645.0	5929.3	-2.244
ACGACA	68.0	654.5	-2.240
AATAGA	421.0	3831.3	-2.224
CGGTGA	221.0	1962.8	-2.223
CTTCAA	414.0	3763.6	-2.216
CCACGT	224.0	1992.7	-2.209
CGACAG	128.0	1354.6	-2.205
AGTGGT	624.0	5742.2	-2.198
GAGCGG	345.0	3120.6	-2.194
GCGTCA	115.0	987.9	-2.190
TCGGGC	202.0	1784.2	-2.190
CGAGCG	125.0	1433.0	-2.184
GCTACA	256.0	2290.2	-2.183
ATAGGT	288.0	2588.6	-2.179
ACAGGT	583.0	5361.1	-2.176
CTCTCG	178.0	1568.6	-2.173
GGGCAG	1077.0	10034.2	-2.164
CCTGTC	648.0	5972.1	-2.156
CGGACA	88.0	990.3	-2.153
ACCCGC	198.0	1990.4	-2.149
CCAGAC	408.0	3712.4	-2.146
AGAAAA	1230.0	11499.6	-2.144
TTAGAA	566.0	5205.5	-2.142
CATGGA	505.0	4625.7	-2.137
TACACA	354.0	3214.6	-2.129
AACTGG	485.0	4437.3	-2.125
ACCACC	460.0	4209.4	-2.123
ATGCCA	469.0	4288.3	-2.119
GAGAAC	426.0	3883.6	-2.112
GACTAG	208.0	1847.6	-2.109
GCCAAT	266.0	2393.5	-2.107
CAGTAA	407.0	3707.4	-2.106
GTCGCC	250.0	2240.3	-2.101
TGGTGC	632.0	5828.3	-2.095
ATCTAC	226.0	2020.1	-2.092
TCCTGG	1204.0	11259.2	-2.090
AGATGC	428.0	3907.0	-2.084
CTCTAA	363.0	3297.9	-2.083
TCAGTT	582.0	5366.3	-2.072
GCCCGA	194.0	1718.5	-2.067
CCACGA	137.0	1191.2	-2.055
TTACGT	110.0	949.5	-2.052
ATTTCG	107.0	921.9	-2.044
TAATGT	506.0	4650.5	-2.019
CGCGGT	178.0	1580.1	-2.008
GGCCCG	397.0	3630.4	-2.008
TAGTAT	323.0	2935.3	-2.000
ACTTCA	428.0	3917.5	-1.997
GACCCG	201.0	1791.1	-1.980
GGTTTT	999.0	9335.0	-1.968
AACACA	466.0	4278.5	-1.966
CCGCAA	97.0	1068.4	-1.952
GCTGCT	924.0	8629.8	-1.937
ACGTGT	213.0	1910.1	-1.931
GAGCTA	282.0	2554.3	-1.930
AATTTA	718.0	6672.6	-1.928
GGTCTT	587.0	5428.6	-1.916
GGAAAC	527.0	4865.9	-1.914
TTGGTC	414.0	3799.2	-1.912
GAGCGA	216.0	1940.5	-1.908
TTGTAG	533.0	4930.0	-1.883
GGCGGC	655.0	6085.2	-1.876
CGGACT	116.0	1016.3	-1.872
GTCTTC	459.0	4232.0	-1.870
ATTAGA	372.0	3410.2	-1.870
GCCGAT	77.0	654.7	-1.867
CGCCAA	105.0	913.5	-1.865
AATGAA	743.0	6920.3	-1.863
CGGCTT	201.0	1801.0	-1.858
CGACTA	48.0	456.1	-1.850
CGAACT	131.0	1528.8	-1.845
CAGATT	473.0	4364.1	-1.840
TATGAT	367.0	3366.2	-1.824
GGTGAG	825.0	7710.9	-1.797
CTAAAT	397.0	3657.4	-1.784
AGTCGC	104.0	909.2	-1.778
ATTACC	244.0	2212.8	-1.777
TCCAGG	792.0	7402.4	-1.771
ATCGAG	93.0	955.2	-1.755
CTACCG	67.0	652.4	-1.753
CTCTAT	315.0	2885.1	-1.750
ACTTAG	307.0	2807.2	-1.745
GGGCAA	510.0	4728.5	-1.744
GCTAGA	271.0	2468.2	-1.734
TCTTCA	588.0	5469.2	-1.718
GGGATA	314.0	2878.3	-1.718
CGCGCA	147.0	1309.8	-1.706
ACTCAA	297.0	2724.6	-1.699
CCACCT	786.0	7364.8	-1.696
ACTGGC	387.0	3569.3	-1.696
CAACGC	81.0	700.3	-1.691
CTTGGC	729.0	6815.9	-1.691
ATTTGA	647.0	6036.6	-1.679
GTGACT	487.0	4518.3	-1.672
GGCACA	522.0	4851.7	-1.664
CGCGAA	26.0	520.8	-1.660
CGACGT	60.0	508.4	-1.659
AGTACA	319.0	2934.4	-1.658
AGAACG	146.0	1304.2	-1.650
AGCTTC	479.0	4453.2	-1.639
GTGTTG	626.0	5850.4	-1.628
TGACAG	551.0	5139.6	-1.627
CTTGCC	504.0	4686.6	-1.624
TGGAGT	1060.0	9985.3	-1.617
CAGCTT	638.0	5965.2	-1.615
CTCAAG	571.0	5324.1	-1.610
CCTAGG	415.0	3849.2	-1.604
TGGAAT	630.0	5895.4	-1.604
GGATAA	338.0	3118.2	-1.602
TTGAGG	641.0	5998.7	-1.600
TCTGCC	908.0	8540.5	-1.590
GGCTGC	929.0	8741.4	-1.589
TTGGTA	423.0	3931.6	-1.589
AAACTC	492.0	4581.4	-1.584
GCAACC	447.0	4151.7	-1.583
GGGACT	632.0	5909.8	-1.583
CTACGC	65.0	639.3	-1.570
GGAATG	556.0	5190.9	-1.562
GCACAC	359.0	3320.7	-1.559
GAACCA	354.0	3282.8	-1.552
GGCGGA	407.0	3777.3	-1.551
TCGCTT	190.0	1724.4	-1.548
ACAATA	313.0	2892.8	-1.523
TCGATA	34.0	383.9	-1.521
AGACTT	441.0	4111.6	-1.515
CTACTG	346.0	3209.0	-1.512
TCCGAC	78.0	706.6	-1.512
TGATCC	500.0	4673.8	-1.511
TGTAGA	477.0	4453.3	-1.507
CGCCAT	204.0	1864.0	-1.505
CCAAGA	503.0	4694.8	-1.505
CCTCCG	372.0	3457.9	-1.501
AGGAGC	668.0	6273.1	-1.498
GAGCCT	568.0	5323.4	-1.496
AATCGG	79.0	708.8	-1.494
CCGATT	69.0	691.6	-1.492
CGTCAG	147.0	1327.1	-1.492
CAAATG	534.0	5000.6	-1.487
CACATC	339.0	3143.0	-1.485
CGAGCC	213.0	1952.0	-1.485
ATACGG	59.0	532.6	-1.483
CTTCCA	637.0	5981.7	-1.468
AGAAGT	577.0	5409.4	-1.467
TGATCT	644.0	6054.0	-1.462
AGCCTT	554.0	5188.9	-1.454
GCACGA	127.0	1193.5	-1.452
CAATGC	255.0	2354.2	-1.447
TCGTCA	101.0	903.5	-1.445
TGGCAT	557.0	5221.2	-1.440
TTCAGC	494.0	4624.2	-1.438
TAAATA	751.0	7071.1	-1.438
TTAATC	348.0	3238.1	-1.435
GCTCGG	256.0	2365.7	-1.433
GACTAT	196.0	1793.0	-1.429
GTATCT	357.0	3318.3	-1.428
ACGTCG	35.0	421.7	-1.420
CGAACC	84.0	745.4	-1.420
CATTCT	664.0	6248.7	-1.417
ACCACA	488.0	4568.4	-1.417
TCAGTA	359.0	3340.2	-1.414
TTGGTG	690.0	6496.4	-1.410
AAATGT	901.0	8517.2	-1.407
AGGCCA	610.0	5738.2	-1.398
GATCCA	348.0	3243.5	-1.397
TATGCC	241.0	2223.8	-1.396
TCGCCT	177.0	1624.0	-1.387
AGTCAG	467.0	4373.0	-1.386
TTATTA	600.0	6518.1	-1.381
TTCACC	455.0	5050.3	-1.379
GAACTG	418.0	4476.5	-1.379
AGGTCG	137.0	1293.7	-1.375
TGCCTT	773.0	7304.0	-1.371
GCAATC	286.0	2656.1	-1.368
GGATAG	192.0	2320.3	-1.367
TATGGG	362.0	3376.2	-1.367
GGCTTC	517.0	5370.3	-1.363
ATAGTT	295.0	3766.3	-1.363
ATTTGG	684.0	6454.6	-1.362
GGCCCA	544.0	5114.8	-1.358
AGGGCG	347.0	3239.9	-1.357
ATTGTT	626.0	5900.4	-1.356
AGCGAG	260.0	2413.4	-1.355
ATTCTT	689.0	6746.9	-1.355
TCAGTC	303.0	3317.7	-1.352
CTGACG	129.0	1291.1	-1.350
CTAGCG	37.0	648.7	-1.349
TGAGTT	627.0	5912.6	-1.348
ATGTAA	471.0	4937.3	-1.348
CTTCGG	175.0	1609.9	-1.347
AGACCC	345.0	4081.8	-1.343
ACTGGA	488.0	4580.3	-1.342
TTCAGG	629.0	5934.6	-1.338
ATCAGG	356.0	3321.3	-1.336
ACTGGT	367.0	3430.4	-1.336
AATGGA	507.0	5081.5	-1.335
ATTCGC	61.0	538.4	-1.332
CGTCGC	98.0	883.7	-1.332
GAGCTC	463.0	4350.3	-1.330
AAGTTT	734.0	6938.2	-1.330
ACGTTG	125.0	1140.9	-1.330
CAGGCA	758.0	8772.4	-1.329
CTAGAA	404.0	3780.5	-1.328
CATCAA	278.0	2776.2	-1.326
GTAGTT	377.0	3532.1	-1.324
GCCGGA	213.0	1969.4	-1.323
GTTACC	219.0	2027.9	-1.322
ATATCC	229.0	2125.4	-1.321
ACCTTC	346.0	3513.7	-1.316
AACCCA	438.0	4112.8	-1.316
GTCACC	455.0	4273.1	-1.315
GCTGAT	350.0	3744.8	-1.312
CCCATC	502.0	4719.5	-1.301
GATTAC	408.0	5934.0	-1.298
GATCTA	179.0	1741.6	-1.296
GACCAT	254.0	2646.1	-1.296
TTCCGC	112.0	1372.5	-1.293
CACTCA	386.0	3616.6	-1.293
TCGTGA	176.0	1624.6	-1.291
GCGTCC	216.0	2002.7	-1.291
TGGTCC	382.0	3577.6	-1.285
GTGCTC	371.0	4005.3	-1.281
AGGCTC	480.0	4520.2	-1.281
TACCGG	72.0	641.3	-1.280
AGCACG	150.0	1375.8	-1.280
TAAAAT	913.0	9514.0	-1.275
AAAGGC	477.0	4536.1	-1.269
CAAAAC	413.0	4270.7	-1.268
CCGCAC	170.0	1569.3	-1.263
TCGAAT	62.0	624.6	-1.261
TTTATC	384.0	5012.2	-1.261
CCTCTC	707.0	6693.5	-1.261
CTAGTA	129.0	1924.2	-1.254
GGATCC	303.0	2830.9	-1.247
TTTCGC	141.0	1291.2	-1.246
GCCAGT	427.0	4013.4	-1.245
CTGAGA	776.0	7353.7	-1.244
CTTCCG	151.0	1994.9	-1.241
CAAGGA	505.0	4761.9	-1.235
TAAGTA	346.0	3248.0	-1.232
CCGCAG	304.0	2842.9	-1.229
GTGTAT	451.0	5406.5	-1.220
ACGCTG	210.0	1952.0	-1.220
CTCCGA	131.0	1426.7	-1.216
GGGCGA	276.0	2688.1	-1.214
ACACCT	372.0	4045.2	-1.210
ATGGAA	584.0	5639.8	-1.207
AGTCTA	184.0	2268.8	-1.203
TGCGGC	161.0	2388.5	-1.192
GCGGTC	147.0	1354.9	-1.192
GAGCTG	817.0	8340.6	-1.191
ATCAGC	242.0	2917.2	-1.187
TTCCAT	502.0	5948.8	-1.184
AGCCAT	432.0	4179.0	-1.183
AGTCTT	583.0	5526.1	-1.177
GAACTT	433.0	4086.6	-1.175
TTCTGC	714.0	7322.9	-1.172
ATCACG	143.0	1318.0	-1.172
GCGAGG	344.0	3237.2	-1.171
CCGTAG	62.0	847.7	-1.169
ACAGCC	388.0	4118.6	-1.168
TCGAGT	79.0	874.8	-1.156
ATCGCA	87.0	792.6	-1.151
CCTAGA	233.0	2958.3	-1.151
GATCCC	251.0	2870.8	-1.148
TCACTC	468.0	4424.0	-1.147
ACAACT	253.0	2579.3	-1.146
AATGCT	517.0	4989.3	-1.142
GGAGAA	796.0	8559.2	-1.139
ACAATC	231.0	2167.5	-1.138
CATAAG	259.0	2432.6	-1.137
CCGCTC	203.0	2040.6	-1.134
AATGAG	569.0	5402.8	-1.132
CTTGTC	388.0	4052.4	-1.130
ACCGGG	184.0	1721.0	-1.124
CACCTA	261.0	2454.9	-1.115
GCGGAT	107.0	1289.5	-1.114
ACGCTC	69.0	979.8	-1.111
TCCCTA	343.0	3237.8	-1.108
GGAGCT	703.0	6700.0	-1.108
ATAAAG	477.0	4858.2	-1.107
CGAATA	45.0	508.0	-1.106
ACGTGG	242.0	2606.1	-1.105
CAAGGC	351.0	4252.3	-1.101
TTCGAA	90.0	843.2	-1.100
CTGGAT	442.0	5306.4	-1.096
GTATTA	304.0	2862.3	-1.096
GCTTTG	545.0	6648.5	-1.095
CAGGTT	544.0	5773.8	-1.094
TCACTG	910.0	8680.4	-1.091
GCTACC	209.0	1958.7	-1.090
CCATGG	520.0	4931.0	-1.089
CACCAG	473.0	4485.3	-1.086
TTCTTC	797.0	8092.7	-1.085
TTCCCT	720.0	7988.1	-1.085
CAACTG	305.0	3104.8	-1.084
AGATAC	255.0	2400.7	-1.083
TACTTT	670.0	6381.1	-1.080
AGTTCT	586.0	5568.5	-1.073
TCCTGC	970.0	9265.1	-1.068
ACAAGA	383.0	3623.1	-1.067
TCCGAA	93.0	880.3	-1.066
CGCTGA	164.0	1685.2	-1.066
CTAGTT	316.0	2986.6	-1.062
GAAGTT	496.0	4905.6	-1.060
GAATCC	298.0	2820.0	-1.056
TCATCC	362.0	3533.0	-1.055
GTTCAC	317.0	2998.9	-1.053
TATTGA	433.0	4109.2	-1.048
TCCAGA	529.0	5032.6	-1.045
GAGAAA	864.0	8259.3	-1.035
GCCACG	225.0	2122.4	-1.035
GCCTAG	330.0	3120.7	-1.035
ACATCA	331.0	3130.1	-1.032
AGCATT	500.0	5087.3	-1.031
TTTGAC	423.0	4022.4	-1.029
GTACTA	164.0	1536.8	-1.029
CTAGAC	135.0	1621.0	-1.029
GTTGAT	323.0	3283.4	-1.025
TACTAT	260.0	2562.9	-1.023
CCTCGA	148.0	1382.7	-1.022
TAGTCG	46.0	411.3	-1.022
CGACGG	86.0	793.6	-1.020
CACACC	461.0	4724.2	-1.020
GTCCGG	118.0	1641.2	-1.019
ACTCAC	295.0	2795.8	-1.019
CAGCGG	279.0	2786.4	-1.012
TTCTAT	485.0	4612.3	-1.011
TCTATA	291.0	2756.1	-1.010
GGGCTC	702.0	6701.0	-1.010
TCGGCG	111.0	1035.3	-1.008
CCTTCC	804.0	8070.5	-1.006
CGTTTA	72.0	1106.9	-1.003
CTGCTC	623.0	6400.7	-1.002
CACTAG	198.0	1862.4	-1.001
CCAGCG	277.0	2619.6	-1.001
CTGCCT	1305.0	13327.4	-0.999
TAATGC	304.0	2877.4	-0.998
TGCTAC	231.0	2429.3	-0.997
GGCGCA	202.0	2472.8	-0.995
GGACTA	283.0	3076.8	-0.992
CCGACT	84.0	1104.7	-0.990
ACAGCG	148.0	1457.3	-0.990
CTAGAG	355.0	3367.1	-0.989
CCCGTA	75.0	690.3	-0.989
CTTATT	434.0	4793.7	-0.986
TGCCCA	781.0	8549.1	-0.979
GCAACG	102.0	951.8	-0.979
AGTCCT	374.0	4326.0	-0.976
CAGACG	142.0	1513.5	-0.976
ACAGTT	433.0	4125.1	-0.968
GTTACT	319.0	3032.3	-0.968
GGACCA	349.0	3321.0	-0.966
TAAGTG	445.0	4430.9	-0.965
CTTCTT	703.0	7797.7	-0.963
ATCAAT	210.0	2606.4	-0.963
ATTTGT	835.0	7994.9	-0.960
TGGCGA	162.0	1525.7	-0.960
TGAAAA	888.0	8504.8	-0.960
AGTAGC	465.0	5254.4	-0.958
AAGAAT	581.0	5764.8	-0.958
TGTCAA	382.0	3634.2	-0.955
TCTAGA	352.0	3354.2	-0.954
CACACT	331.0	3771.3	-0.953
AAATCT	529.0	5336.1	-0.952
ACAGAC	350.0	3334.2	-0.952
CAGGGG	783.0	7502.0	-0.951
GCAGGA	698.0	8009.9	-0.949
AACAGA	506.0	5241.4	-0.943
ACCTAG	243.0	2302.1	-0.943
TGGTGT	652.0	7900.8	-0.942
AAAGAT	537.0	5515.3	-0.934
TGCTAT	354.0	3958.4	-0.934
ACCAGC	352.0	4837.6	-0.932
TCTGGG	880.0	9515.6	-0.931
ACTAGG	224.0	2127.7	-0.930
GGAAAG	779.0	7464.9	-0.929
AGCAAT	410.0	4222.2	-0.924
CCGGTC	131.0	1237.5	-0.922
TGGAAG	677.0	7510.5	-0.920
TCCAAG	450.0	4297.2	-0.917
TTCATA	430.0	4105.7	-0.917
TTAGTT	525.0	5020.0	-0.914
AGGTAC	209.0	2331.8	-0.910
GAAAAT	688.0	7314.0	-0.909
TCCACA	329.0	4013.8	-0.907
TACATC	204.0	1968.8	-0.902
CTCCAC	527.0	5044.0	-0.901
TTCAGA	596.0	5711.7	-0.900
GGCAGG	1225.0	11774.5	-0.900
TTGTTA	551.0	5467.9	-0.897
GCCGAC	119.0	1160.4	-0.893
CTATCT	286.0	2727.2	-0.891
CAGATA	337.0	3215.9	-0.890
CTTCAC	387.0	3697.3	-0.887
ATAAGG	302.0	2877.7	-0.882
AGTCCA	341.0	3341.7	-0.880
CCGGAG	311.0	2967.1	-0.880
TCACCG	130.0	1674.7	-0.880
TCATGT	333.0	4842.1	-0.878
CTGAGC	631.0	6498.1	-0.875
TAGACA	291.0	2779.4	-0.874
GCCCAA	322.0	3095.1	-0.873
TTGGAG	701.0	6726.1	-0.872
GCATAG	179.0	2330.8	-0.871
ATACAG	341.0	3259.7	-0.871
AGTCAA	302.0	2880.8	-0.870
AGGGAT	493.0	4726.8	-0.862
TCCAAT	278.0	2652.5	-0.861
GCACCC	353.0	4096.4	-0.860
CCAACG	94.0	885.3	-0.859
TTGCCT	652.0	6261.1	-0.858
GTTGTC	312.0	3154.5	-0.856
AGTCTG	522.0	5005.0	-0.851
CGGAGA	210.0	2001.1	-0.851
CGACAC	67.0	625.8	-0.850
CTGTGA	663.0	7366.9	-0.849
TTCTAA	410.0	5280.6	-0.849
TTGGTT	625.0	6988.8	-0.848
TACCTT	337.0	3331.5	-0.847
ACGTCC	114.0	1113.9	-0.847
TGCGCG	199.0	2058.9	-0.845
CAATAT	297.0	2844.4	-0.844
GACCAC	262.0	2636.1	-0.844
CCAGGG	883.0	8498.9	-0.843
TGACCA	327.0	3613.4	-0.843
CCGGTA	62.0	577.9	-0.839
AGTTAG	301.0	2875.6	-0.838
CGGCGA	54.0	1192.0	-0.836
GGGGTT	689.0	7458.9	-0.835
ATCTCA	576.0	5533.9	-0.832
AGATAA	433.0	4406.7	-0.832
AACGCC	88.0	915.8	-0.831
TGGAAC	396.0	3800.7	-0.831
TCAAAC	315.0	3459.9	-0.829
TCAGCT	627.0	6032.0	-0.822
CCACAA	329.0	3149.1	-0.819
GGTGAA	464.0	5653.4	-0.816
TATTGG	333.0	3226.4	-0.815
CTATTG	298.0	2860.1	-0.814
CTACAC	192.0	1829.3	-0.814
ATAGGC	200.0	2071.9	-0.813
CAAGCC	295.0	3263.8	-0.813
TGCGAC	88.0	832.9	-0.812
TCACGT	151.0	1437.9	-0.811
TGGTAT	412.0	3957.5	-0.806
TTATTC	377.0	4562.5	-0.806
AGAGAA	849.0	8180.4	-0.803
TAATCC	325.0	5314.7	-0.802
CTTGCG	129.0	1232.4	-0.800
AATCAA	290.0	3461.8	-0.799
GCTGCG	383.0	3677.0	-0.799
TGTCAC	513.0	4935.5	-0.799
ACTCTT	423.0	4360.1	-0.797
TGGAAA	828.0	8065.0	-0.796
CCACGG	214.0	2050.0	-0.796
AGAATA	385.0	4412.0	-0.791
CCTTAG	314.0	3015.5	-0.787
CGGCAA	98.0	932.3	-0.786
TTGAAA	760.0	7328.8	-0.785
CTAAGG	305.0	2963.4	-0.784
GGCATA	219.0	2189.6	-0.780
ACCTAT	186.0	2043.5	-0.780
TGTGAT	707.0	6815.1	-0.779
TTCTGA	727.0	7006.6	-0.772
GTCATA	220.0	2112.3	-0.770
GGACGG	192.0	2400.0	-0.770
GGAATC	328.0	3149.0	-0.769
TCTCGC	227.0	2182.0	-0.768
TACTAA	383.0	3683.9	-0.766
GCTCTT	511.0	5248.2	-0.763
TTCCGG	197.0	1886.6	-0.763
TCTCTT	872.0	8419.7	-0.758
CTAACT	239.0	2512.5	-0.757
CCCTAG	283.0	2751.5	-0.753
TCAAGT	524.0	5050.9	-0.752
TGGTCG	81.0	1171.8	-0.752
ACGTCA	98.0	1086.6	-0.751
CAATCC	199.0	2284.7	-0.749
ACTAGA	209.0	2360.4	-0.749
ATTGGC	285.0	2995.2	-0.747
GTACAG	312.0	3004.4	-0.744
TAGGTG	349.0	3860.9	-0.744
TCGTCG	37.0	448.3	-0.743
TTGTCG	93.0	937.5	-0.742
AACGTG	182.0	1751.8	-0.742
TCACCT	537.0	5176.8	-0.741
ATGCTG	630.0	6259.7	-0.741
GTCTAA	134.0	2092.7	-0.740
TAAGTC	173.0	2436.9	-0.740
TTTCGG	144.0	1378.0	-0.739
CTTAGG	347.0	3346.4	-0.738
GAGTTA	311.0	2995.1	-0.735
TTCCTA	456.0	4528.8	-0.730
CTGGGG	1184.0	12708.3	-0.730
TATCAC	218.0	2100.9	-0.726
CGTGCC	250.0	2676.8	-0.724
ACGGGA	143.0	1472.3	-0.723
TAGATG	344.0	3320.7	-0.719
CTGTAA	713.0	7524.1	-0.719
AACAAT	380.0	3770.3	-0.714
CAGGTG	953.0	10290.0	-0.713
AGCCCA	563.0	5442.5	-0.710
ACTCCG	157.0	1510.4	-0.709
TGGCGT	250.0	2411.3	-0.709
AGGTGA	741.0	7165.5	-0.704
TCTCCG	202.0	1946.0	-0.703
ACTTCG	107.0	1030.9	-0.699
TATTAG	313.0	3023.1	-0.698
CGGATA	48.0	454.8	-0.694
CCACCC	727.0	7031.0	-0.694
TCCTAG	373.0	3609.8	-0.693
ACTCTC	308.0	2975.7	-0.691
AGCACA	398.0	4213.7	-0.691
GAGCCC	602.0	5821.3	-0.688
TAAGTT	406.0	4237.8	-0.687
GGTACT	177.0	2128.2	-0.684
AAGGGG	627.0	6443.0	-0.682
GACCCA	342.0	3310.0	-0.681
CGGAGC	318.0	3078.0	-0.676
GCTTTA	343.0	4079.5	-0.675
AATCCT	440.0	4263.2	-0.673
TAGGAT	330.0	3392.4	-0.667
TGTCGT	111.0	1073.8	-0.665
CAGAGC	635.0	6505.1	-0.664
AAATAT	824.0	7984.3	-0.661
GATCGC	81.0	1189.2	-0.661
CTCCGT	213.0	2062.1	-0.661
TCCAGT	474.0	4757.4	-0.659
GCTTGA	393.0	4444.5	-0.657
TTGGAC	302.0	2922.3	-0.657
CAACGG	78.0	815.3	-0.656
AGTATT	457.0	4432.4	-0.654
AGCGCC	211.0	2044.9	-0.653
ACGGCA	75.0	992.4	-0.652
ATGCAC	253.0	3003.4	-0.651
TGAGGC	823.0	7978.7	-0.650
TTATCG	55.0	526.4	-0.648
TTGTGT	877.0	8502.7	-0.648
CTTGTG	557.0	5532.6	-0.648
ATGTTC	400.0	4001.6	-0.647
ACAGGG	623.0	6042.2	-0.646
AGTCCG	74.0	1023.2	-0.646
GGTCTA	201.0	1948.0	-0.641
CACATG	479.0	4650.5	-0.641
GCTCGT	96.0	1033.3	-0.635
ATGGTT	379.0	4367.9	-0.634
CACATA	321.0	3120.0	-0.631
TCTCAC	493.0	4786.7	-0.631
GAATAC	217.0	2108.3	-0.627
CCAGTC	404.0	3919.7	-0.627
AGAAAC	559.0	5426.7	-0.626
AGAATC	425.0	4125.0	-0.624
TGATAG	299.0	2909.1	-0.623
GTCCAG	415.0	4389.0	-0.620
GTTCCT	523.0	5078.2	-0.619
GCCAAC	213.0	2864.9	-0.619
TTTGGA	769.0	7471.9	-0.614
ACAGTG	615.0	5980.2	-0.614
GGTAGC	256.0	2490.7	-0.613
GCTCTA	232.0	2251.6	-0.612
CCCGGT	180.0	1753.3	-0.611
GGAGAT	569.0	5535.2	-0.609
ACTATT	311.0	3024.0	-0.609
GGAACT	364.0	3992.0	-0.608
TTCGGG	163.0	1725.7	-0.607
TAATCA	306.0	2974.7	-0.606
AATCTC	355.0	4235.0	-0.605
TTGATT	550.0	6146.0	-0.604
CCAAAA	501.0	4877.3	-0.601
GTTTCG	146.0	1418.2	-0.600
GCGCGC	400.0	3896.5	-0.599
CTCCTT	689.0	6696.2	-0.599
GACAGA	623.0	6058.1	-0.598
GCGGGC	446.0	4968.0	-0.598
CAGCTA	304.0	5332.7	-0.597
CGCGAC	72.0	698.0	-0.597
TGTATC	334.0	3249.2	-0.595
TACAGA	438.0	4265.0	-0.595
ACTTGT	383.0	3725.8	-0.595
GACACA	380.0	3694.2	-0.594
ATGCGC	100.0	1094.7	-0.590
TTATGC	279.0	2716.2	-0.589
GCCCCG	474.0	4726.3	-0.588
TGGGAA	903.0	8785.0	-0.585
CCTATT	289.0	2929.7	-0.582
CAATTT	531.0	5172.7	-0.581
CACCGA	99.0	1048.9	-0.580
GCCTTC	503.0	4953.5	-0.577
CAAAGC	424.0	4127.1	-0.576
TCATAA	338.0	3294.5	-0.574
AGTGTC	388.0	3836.0	-0.573
GGACCC	312.0	4210.8	-0.573
TTACTC	287.0	2801.6	-0.571
AACTTC	398.0	3883.2	-0.571
AAAATC	527.0	5136.9	-0.565
GCCAGA	448.0	4365.3	-0.564
TATAGG	255.0	2492.3	-0.563
GATTTT	920.0	8957.5	-0.561
GTCGTC	64.0	879.0	-0.559
ATCTCC	349.0	4263.0	-0.559
TACAGG	499.0	8008.3	-0.554
AGGAGG	1191.0	11653.5	-0.554
CTGAAA	669.0	6525.7	-0.552
ACATGT	463.0	5005.2	-0.552
TAGTGT	350.0	3422.1	-0.550
TAGTTA	285.0	2787.2	-0.544
ACAACA	355.0	3465.7	-0.542
ATCCCG	122.0	1200.9	-0.541
AAGGCT	491.0	4811.0	-0.541
TGTTGC	663.0	6466.5	-0.540
GGAGCC	697.0	6803.9	-0.538
AAGTCT	438.0	4521.9	-0.537
TACGGG	83.0	814.9	-0.536
GTTCTA	240.0	2823.7	-0.536
GCCCCA	558.0	5672.8	-0.536
ACGGTT	80.0	785.7	-0.533
TCCCGT	157.0	1539.9	-0.532
AAGGAG	633.0	7235.3	-0.531
GGATGA	457.0	4636.4	-0.530
CGCTAG	58.0	629.5	-0.529
CGGTCT	121.0	1210.5	-0.527
AATAAG	355.0	4235.5	-0.526
TCCCTT	677.0	6647.0	-0.524
GTAGCT	490.0	5892.3	-0.522
TTTGTA	928.0	10555.4	-0.521
AGCTCG	128.0	1263.3	-0.521
CATCGT	114.0	1124.4	-0.521
TACAGC	271.0	2652.3	-0.521
AGCAAA	543.0	5443.9	-0.519
TGCTTT	979.0	10039.8	-0.519
GTTTGC	415.0	4613.0	-0.517
GACGTT	103.0	1016.6	-0.516
AGCTCC	530.0	5184.2	-0.516
TTTGCG	134.0	1314.1	-0.515
ATACTG	268.0	2935.0	-0.515
CTCAGT	498.0	5317.9	-0.514
GCCGGC	345.0	3382.2	-0.513
ATTCTA	383.0	3748.6	-0.513
GCCTTG	608.0	5945.7	-0.509
CCGACG	83.0	818.4	-0.507
CCCTTT	615.0	6829.5	-0.507
CTGAGT	658.0	6495.2	-0.506
CAACGT	106.0	1047.6	-0.505
GGGATG	588.0	6366.4	-0.504
CTTCTC	660.0	6450.2	-0.501
AAGCCT	437.0	4338.6	-0.501
TAGAAA	633.0	6188.0	-0.500
TACTGG	315.0	3093.8	-0.495
GTCTAG	219.0	2157.0	-0.494
CACGAG	153.0	1507.1	-0.493
AACCTG	468.0	4804.5	-0.485
TTTGTC	670.0	6562.1	-0.483
TAGGTA	298.0	2934.8	-0.483
ACGGCT	115.0	1140.9	-0.483
GTTATT	360.0	4825.3	-0.482
TGCCCG	238.0	3336.4	-0.481
CCCGAC	170.0	1679.4	-0.481
GGCTTG	516.0	5063.6	-0.478
CCCACA	481.0	4723.6	-0.476
TGGACT	399.0	4232.8	-0.474
GACCTC	499.0	5191.3	-0.474
CTGGCC	776.0	8803.7	-0.467
CATACA	246.0	2712.2	-0.462
CACGGG	196.0	1933.6	-0.462
GTCAAA	297.0	2930.2	-0.462
TCAATT	331.0	3569.5	-0.459
GATGGA	564.0	6261.1	-0.459
CGCAGT	156.0	1629.3	-0.458
TATGAA	355.0	4490.7	-0.456
CCAAAG	624.0	6968.6	-0.455
CCTGGG	1621.0	15834.7	-0.455
AATTAG	336.0	4925.0	-0.454
GGGGCC	788.0	7900.6	-0.454
GAGTTC	388.0	4627.9	-0.453
AAATAA	1101.0	10779.8	-0.452
GTTTTC	829.0	8126.1	-0.452
GGCGTT	149.0	1475.6	-0.451
TTGCGC	99.0	1013.0	-0.450
ATCCCA	364.0	6276.3	-0.450
TCCACC	512.0	5553.3	-0.449
GCGCTC	185.0	2094.5	-0.448
CCCCGG	373.0	4291.9	-0.448
TCCCAC	540.0	5303.0	-0.446
AACTTT	658.0	6463.2	-0.445
GATCAC	329.0	3709.5	-0.445
TTTAGC	360.0	3545.2	-0.443
CCGCCG	332.0	3270.4	-0.443
TTACAG	581.0	8091.3	-0.443
ATCTAT	296.0	2926.0	-0.441
CAAAAT	619.0	6077.5	-0.441
TAGCGA	61.0	609.6	-0.440
TTAGTA	493.0	5222.8	-0.439
ACAGTC	284.0	2806.5	-0.436
GACACG	118.0	1179.9	-0.435
CAGCGC	251.0	2483.3	-0.434
TCCGCC	379.0	3733.6	-0.431
CTTCAT	492.0	4955.2	-0.429
CATCTA	249.0	2690.4	-0.428
AACTCC	451.0	5523.1	-0.427
CGTGTG	370.0	3882.3	-0.426
CGGGTC	188.0	1918.0	-0.421
CTGCAA	625.0	7246.5	-0.420
AGCCCC	615.0	6054.0	-0.420
ATAGAC	159.0	1765.1	-0.420
AATAGT	363.0	3584.3	-0.419
ACCGGC	135.0	1342.8	-0.418
ACTTTT	895.0	8790.7	-0.416
TCCTGT	698.0	6866.3	-0.416
CTCACA	437.0	4313.4	-0.415
GGGATC	327.0	3239.0	-0.413
CGCGTC	111.0	1113.5	-0.413
GCAACA	261.0	3591.8	-0.413
CGAGTC	74.0	1204.0	-0.413
CGCCAG	214.0	2128.0	-0.411
CACTTA	239.0	3136.7	-0.411
AAGACA	424.0	4989.2	-0.410
ACTTCC	412.0	4390.3	-0.410
CGGGGA	414.0	4089.4	-0.409
CCTCGT	200.0	1986.8	-0.408
GTTTAC	301.0	2977.2	-0.408
CCTTGT	533.0	5257.1	-0.405
TGCGCC	257.0	2552.3	-0.405
TAGTCT	291.0	2887.0	-0.404
GTCAGA	337.0	3747.4	-0.403
TATTGC	292.0	2897.4	-0.403
CGGTTA	43.0	541.8	-0.399
CTACAT	247.0	2555.4	-0.398
AGAAAG	745.0	8535.7	-0.398
CACTCT	436.0	4802.2	-0.396
CTTCTA	391.0	3868.9	-0.396
TACTCG	77.0	1020.3	-0.396
CGGAGG	378.0	3918.3	-0.394
CTTTTC	800.0	9278.2	-0.392
AGGATG	552.0	6297.2	-0.391
CTTGGT	498.0	4922.0	-0.389
CACCAA	333.0	3298.5	-0.389
AGAGCC	476.0	4705.7	-0.388
TGCCTC	1002.0	9850.7	-0.387
CCTCCT	1105.0	10852.9	-0.387
AGTTTA	482.0	4768.6	-0.384
TGCAAC	465.0	4594.0	-0.383
TAGGCA	299.0	3168.0	-0.383
GCGTGA	310.0	3077.1	-0.380
CGCTCT	250.0	2499.4	-0.379
TTACTT	501.0	5397.8	-0.379
AGACCT	369.0	3660.6	-0.377
TCCTCA	544.0	5374.7	-0.376
AGGCAG	979.0	10969.0	-0.375
ACACTG	462.0	4576.1	-0.374
ATGGGA	567.0	5605.0	-0.374
GATGGC	403.0	3989.2	-0.374
CGGACG	55.0	1053.1	-0.373
GTACCT	242.0	2533.1	-0.370
CTTATG	294.0	2928.5	-0.370
CGACAT	55.0	558.7	-0.370
TGCTGA	673.0	6798.2	-0.368
CCAAGG	496.0	5423.0	-0.367
CTTTCC	721.0	7501.4	-0.367
AACCGG	81.0	993.8	-0.366
TCCGGG	287.0	2859.0	-0.364
TCCGCG	111.0	1435.7	-0.362
AGGTCC	327.0	3257.7	-0.362
CAATTC	219.0	3097.8	-0.360
GATCAT	298.0	3094.7	-0.360
TTAGGC	240.0	2394.5	-0.360
AAAAAG	967.0	9519.0	-0.359
AGCTAT	271.0	2699.8	-0.357
ACTGAG	532.0	5269.3	-0.355
ACACAG	517.0	5123.8	-0.355
AAAAAC	677.0	6686.6	-0.355
TTGATA	347.0	3453.6	-0.355
TGCTAA	376.0	3740.3	-0.354
GCAACT	217.0	2632.1	-0.354
AATGCC	280.0	3444.5	-0.352
AGCACT	393.0	5644.6	-0.352
TACTCA	251.0	2914.1	-0.351
AAACCC	448.0	4842.2	-0.350
CCACAT	341.0	4129.3	-0.349
GGGAAC	422.0	4196.4	-0.346
GCAAAA	485.0	4834.2	-0.346
TCAGCA	510.0	5055.6	-0.345
CTCATC	295.0	3699.3	-0.344
CCGGCG	266.0	2663.6	-0.344
CTTTGT	749.0	8575.6	-0.343
GACGGG	277.0	3225.6	-0.343
ATCATC	268.0	2673.3	-0.343
CGTGTC	170.0	1737.0	-0.343
ATTCGG	79.0	805.4	-0.339
GTACTT	295.0	3032.0	-0.337
TCAGCG	145.0	1461.5	-0.337
ACATGA	352.0	3934.0	-0.336
TACAAT	291.0	2910.7	-0.335
TCTCCT	1022.0	10083.1	-0.332
AGTGTT	590.0	5985.3	-0.329
TGCGAG	151.0	1548.6	-0.328
GAGATT	493.0	4899.0	-0.325
GTTTGG	631.0	6358.7	-0.324
GCGACA	117.0	1192.6	-0.324
TAGGCT	277.0	3176.2	-0.324
ATCAAA	359.0	3578.0	-0.323
ATGGAC	270.0	2701.2	-0.321
CCGGAC	130.0	1324.3	-0.321
CAGCGA	170.0	1718.9	-0.321
CATTAC	209.0	2102.3	-0.320
GCACTA	143.0	1685.0	-0.319
TCCACT	384.0	3827.5	-0.318
TCCAAC	208.0	2559.4	-0.318
CATAGG	210.0	2435.5	-0.316
CAGGTA	413.0	4116.8	-0.316
CCTCAG	977.0	10672.9	-0.316
ATCCAG	404.0	4025.6	-0.313
AGGGGT	538.0	5839.7	-0.311
GGCCTG	876.0	8799.0	-0.310
CGCACT	91.0	997.5	-0.310
TGAAGT	484.0	5844.1	-0.304
CATCAC	304.0	3188.8	-0.303
CTGAGG	1081.0	11115.7	-0.303
ATAAGC	231.0	2362.0	-0.303
TTTTAG	803.0	10102.6	-0.302
CCTAAG	278.0	2790.0	-0.302
TCTAGC	165.0	2347.0	-0.301
TGGACC	306.0	3066.4	-0.300
TTGTTG	830.0	8223.8	-0.300
CGCCGT	111.0	1138.0	-0.299
CCGCCC	534.0	5375.1	-0.299
AGACAC	346.0	3466.7	-0.298
TGTTCT	764.0	7569.6	-0.298
CCCGCC	642.0	6379.5	-0.298
GTCTGG	593.0	5895.7	-0.296
CACTAT	228.0	2303.2	-0.295
AACGGG	128.0	1311.5	-0.294
ACCTTG	458.0	4572.1	-0.293
GTTCCG	114.0	1169.6	-0.291
CTCAAT	261.0	2631.9	-0.291
TTTGAA	836.0	8658.0	-0.290
TAATTT	1243.0	12480.5	-0.289
TGACAA	362.0	3625.0	-0.288
GCTAGC	151.0	1654.8	-0.288
AGGGAC	448.0	4519.6	-0.286
GCCATG	497.0	4960.4	-0.286
TCATAG	285.0	2869.0	-0.283
GACGGT	80.0	1175.8	-0.283
AGCTGC	631.0	6272.1	-0.282
GAATGG	445.0	4938.6	-0.282
GCCCAC	448.0	4474.8	-0.281
CAACTC	243.0	2717.7	-0.281
GGGAGC	718.0	7200.8	-0.281
TGGCCG	258.0	2880.9	-0.281
CCGGGG	519.0	5182.4	-0.280
GTGCCC	469.0	5501.7	-0.280
AGGATT	526.0	5300.6	-0.279
CAATCA	213.0	2588.4	-0.278
GATTTA	404.0	4042.2	-0.277
GCAGAA	583.0	5829.2	-0.276
ATAGTG	332.0	3332.3	-0.276
TAGTGA	358.0	3589.1	-0.275
CCAGAA	540.0	5446.4	-0.275
GCGGCA	154.0	1995.8	-0.275
TGCCAG	649.0	6457.9	-0.274
GTGGCC	592.0	5899.0	-0.274
TCGGAC	57.0	722.0	-0.273
CGTTGC	108.0	1114.0	-0.271
CGTGGC	276.0	2781.2	-0.271
CTCAGA	541.0	5396.7	-0.270
TGCCGC	176.0	2182.4	-0.270
GGATCA	333.0	3764.6	-0.269
GCGTCG	92.0	952.5	-0.269
GCAAAT	395.0	3963.3	-0.268
GCAAGA	382.0	4150.8	-0.267
CAAGGT	426.0	4583.7	-0.265
TGGTGA	707.0	7875.8	-0.262
TCACTA	252.0	2550.1	-0.262
CGGGCC	360.0	3617.0	-0.262
GACACT	284.0	2867.7	-0.261
GGGCCT	677.0	6875.3	-0.260
CCTCCA	675.0	6846.5	-0.260
CTCGCA	83.0	1048.1	-0.260
AGACAA	398.0	3999.3	-0.259
CAGCGT	193.0	1961.2	-0.258
CTTCCT	964.0	9568.6	-0.257
AAAGGA	713.0	7270.8	-0.257
GGCGAC	172.0	1758.1	-0.255
AGTTGC	312.0	3147.3	-0.254
ACAGGC	626.0	7567.9	-0.252
CAGCCT	1170.0	14393.9	-0.252
CGCCGC	350.0	3528.9	-0.251
AGCGGC	199.0	2477.1	-0.250
AAAATT	1035.0	10751.5	-0.248
TACGTT	87.0	906.2	-0.247
GAGAGC	458.0	4597.7	-0.245
TTATAA	471.0	5301.6	-0.245
TTTGAG	893.0	10871.7	-0.244
CGCTCG	84.0	1150.8	-0.241
ATAATC	242.0	2812.0	-0.240
AGAGGG	726.0	7583.9	-0.240
GGTTTA	348.0	3515.0	-0.239
TGGCAC	491.0	4924.8	-0.239
CTCAAA	467.0	6136.8	-0.236
CCGGTT	56.0	1087.6	-0.235
TTCAAT	242.0	3668.3	-0.235
AGCTAC	260.0	3854.0	-0.234
AATATA	474.0	4761.2	-0.232
ACCTCG	212.0	2165.7	-0.231
CTACTT	384.0	3870.8	-0.229
CATCAT	378.0	3819.3	-0.229
GTGGTC	388.0	3912.5	-0.228
TGTGTA	682.0	7171.7	-0.226
AGGCTA	284.0	2884.5	-0.225
GGGTCA	378.0	4076.4	-0.224
GAGCAC	308.0	3206.5	-0.223
CTCCTC	681.0	7278.8	-0.222
GCATTA	269.0	2732.6	-0.221
ACATCG	68.0	719.2	-0.221
TCACGG	112.0	1308.0	-0.220
CACCTC	587.0	5880.6	-0.219
GGCGCT	281.0	2856.3	-0.219
AACCCG	134.0	1530.3	-0.218
TTCATC	413.0	4382.7	-0.218
ATAAAT	579.0	7473.1	-0.217
CCGTCT	209.0	2620.2	-0.216
TTCCAA	512.0	5149.0	-0.215
TAGGTT	342.0	3466.7	-0.213
TCTACT	303.0	4292.7	-0.210
AAGGCA	548.0	5678.2	-0.210
TGTACC	250.0	2736.2	-0.209
CAGGAC	424.0	4278.7	-0.205
TTCACG	104.0	1458.1	-0.205
GAGGCG	489.0	4925.9	-0.204
TGAATA	360.0	4862.6	-0.204
TCAATG	275.0	2802.7	-0.203
TCGGCC	221.0	2881.3	-0.203
CAGGCT	1201.0	11940.4	-0.203
GGACTC	336.0	3410.7	-0.203
TAGCCT	311.0	3162.1	-0.203
CTCCGC	301.0	3681.6	-0.201
GGGATT	717.0	8562.5	-0.201
GCACCG	168.0	1738.2	-0.200
GAAGTG	596.0	6141.6	-0.198
CGCCCG	393.0	3982.4	-0.197
AATAAT	669.0	6714.9	-0.197
ATTAGG	198.0	3014.9	-0.196
ATTATC	270.0	2754.6	-0.196
AGGCAC	465.0	4691.8	-0.195
TTCTCT	1011.0	10087.1	-0.195
AGACAG	749.0	7507.6	-0.194
AAGTCA	415.0	4202.7	-0.194
GCCGCC	458.0	4630.6	-0.193
CTAGTC	171.0	1772.3	-0.193
TGGCTT	641.0	7281.2	-0.193
CTCCTG	1535.0	15233.2	-0.192
GTTCCA	365.0	3706.4	-0.191
TGGACG	160.0	1662.0	-0.190
GGACCT	354.0	3603.7	-0.190
GTTGAG	356.0	3817.6	-0.189
CGTCTT	128.0	1499.1	-0.189
TGCCGG	228.0	2347.3	-0.189
GTGCCA	538.0	5419.1	-0.188
TTAGGG	340.0	3929.2	-0.187
TAGCAA	287.0	2976.0	-0.186
GGCACG	211.0	2398.3	-0.185
CTAATG	314.0	3204.2	-0.184
ACAGGA	477.0	4825.0	-0.184
CATATT	397.0	4032.5	-0.184
AGATTG	395.0	4012.3	-0.182
GTGACC	373.0	3795.9	-0.182
TATGGC	210.0	2495.2	-0.181
GCTCTC	407.0	4128.6	-0.181
CAAGAC	307.0	3449.7	-0.179
CGGACC	115.0	1214.9	-0.178
ACTTTA	460.0	4661.1	-0.178
TCGCGC	105.0	1112.7	-0.177
TGAATT	619.0	6231.6	-0.176
ATTCCT	502.0	5071.9	-0.176
TATGAC	173.0	1968.9	-0.176
GTCGTT	69.0	839.3	-0.175
AATTAC	321.0	3282.9	-0.175
ACGGGC	142.0	1482.4	-0.175
TTGAGC	399.0	4060.6	-0.174
ATGTCA	390.0	3966.9	-0.174
ATGTAC	270.0	2767.6	-0.173
CAGTAG	272.0	3297.1	-0.173
TAATCT	352.0	3658.2	-0.172
TAGAAT	408.0	4145.8	-0.172
GGCCAA	383.0	4783.4	-0.171
AGCAAC	225.0	2796.1	-0.170
TCAAAG	442.0	4490.8	-0.170
GTGATC	556.0	5613.9	-0.169
CAAATC	274.0	3002.7	-0.169
CTCGCC	213.0	2205.0	-0.169
GATTCA	247.0	3148.4	-0.168
AAAAGA	928.0	9291.2	-0.167
CGCCTC	436.0	4429.0	-0.167
ACATTG	357.0	3639.6	-0.167
GCGGGA	366.0	3733.2	-0.166
CCTCGC	204.0	2362.6	-0.165
CGCCGA	97.0	1034.2	-0.165
CGCCCA	360.0	3672.7	-0.163
GCACTG	488.0	4945.4	-0.163
GAGTCT	539.0	5942.2	-0.162
TTGCGG	104.0	1446.1	-0.160
TTTTGC	808.0	8315.6	-0.159
GACTCG	105.0	1119.5	-0.158
TAGCCG	104.0	1109.5	-0.158
AGGCAA	369.0	4467.9	-0.157
CGCCCC	396.0	4454.1	-0.156
TTCCCG	168.0	2281.1	-0.156
TGCACA	485.0	4920.1	-0.156
GAGTAT	222.0	2341.3	-0.155
GGTTCC	377.0	3855.4	-0.155
CCCGGA	246.0	2541.7	-0.155
CGGCAC	114.0	1214.0	-0.155
TGCACT	528.0	5352.7	-0.155
TGGTCA	426.0	4336.2	-0.153
ACGTTC	82.0	925.6	-0.152
ACTTGG	475.0	4829.9	-0.152
GGAAGC	590.0	6064.2	-0.151
CCGCGT	105.0	1233.6	-0.150
ATGTGA	512.0	5494.7	-0.149
GTACAA	190.0	2347.0	-0.148
GTTCTC	445.0	4529.0	-0.147
AGCACC	325.0	3776.6	-0.146
TTTCAA	485.0	6593.8	-0.146
GGAGGT	787.0	7922.8	-0.146
AAATGA	765.0	7707.5	-0.144
GCTAGG	295.0	3044.7	-0.143
CCCAGG	1481.0	14779.9	-0.143
TCAGGC	475.0	4838.1	-0.141
GGTACC	188.0	1972.6	-0.141
GACGGA	171.0	2115.7	-0.139
CTTTGC	618.0	6258.4	-0.137
CCGCCA	230.0	2455.0	-0.136
CGCTAC	48.0	643.4	-0.135
CGCAGA	154.0	1625.4	-0.135
GACTTC	330.0	3570.9	-0.134
CGCGCG	287.0	2969.7	-0.133
GTCGAG	91.0	984.6	-0.133
CATTCA	407.0	4404.1	-0.133
GACCTT	362.0	3717.0	-0.132
TACAGT	362.0	3717.5	-0.132
GGCAGA	688.0	7383.2	-0.132
TCCTAA	354.0	3645.2	-0.131
CACCTT	430.0	4397.8	-0.131
TTGTCT	668.0	6767.2	-0.130
GGAGGC	930.0	12553.9	-0.130
CGGGCA	195.0	2690.6	-0.130
CATATG	270.0	3564.0	-0.129
ATTTTA	1141.0	11751.9	-0.128
TGCTCC	455.0	5162.3	-0.127
TCTGAA	580.0	5901.2	-0.127
TTTCCG	157.0	1661.4	-0.126
CCCAAG	530.0	5719.9	-0.126
TCTGTA	540.0	5496.7	-0.126
CCTAGT	234.0	2444.8	-0.126
CGGTTT	130.0	1408.6	-0.125
GATACA	224.0	2343.0	-0.125
CTCGTG	192.0	2218.0	-0.124
ATGGCT	484.0	4939.2	-0.124
AATCCA	348.0	3589.6	-0.124
GAACCC	329.0	3814.2	-0.123
TACAAG	260.0	2707.9	-0.123
TCATAT	329.0	3393.6	-0.121
AGGTTT	630.0	6404.2	-0.121
AATCAG	369.0	3801.9	-0.119
CCGAGA	227.0	2378.5	-0.119
TTTTCA	1038.0	10447.9	-0.118
GATTTG	522.0	5324.2	-0.118
CCAGTA	294.0	3053.7	-0.117
ACCTGG	684.0	6943.5	-0.117
TGGCGC	289.0	3003.4	-0.116
GGTATT	336.0	3471.1	-0.115
AAGTGT	542.0	5610.0	-0.115
TTAGTC	218.0	2289.3	-0.114
ACTCCC	345.0	3567.9	-0.113
ATCTAG	209.0	2197.3	-0.113
CACTTG	470.0	4814.8	-0.112
CGTTTG	155.0	1648.8	-0.112
GATGGT	527.0	5385.0	-0.112
GCCATT	418.0	4623.5	-0.112
GGCGTG	395.0	5775.1	-0.112
GTATTC	245.0	2561.9	-0.111
AAGCCC	354.0	3961.4	-0.111
GGTTTG	563.0	6106.3	-0.111
TCGCCG	93.0	1076.7	-0.111
GCGCAC	127.0	1583.9	-0.110
GATACT	169.0	2109.3	-0.110
AAATTC	460.0	4899.6	-0.108
CTGATT	468.0	4974.5	-0.107
GTTGCC	485.0	4967.7	-0.107
TCGCTC	206.0	2171.9	-0.106
AATTGT	462.0	4748.1	-0.105
GGCTGA	615.0	8309.0	-0.105
TGAACA	435.0	4476.2	-0.104
GGACAT	298.0	3415.7	-0.103
GACAAA	368.0	3806.7	-0.103
AGACGT	114.0	1238.4	-0.103
GTGATA	278.0	2900.3	-0.102
CCCGAG	360.0	3723.8	-0.102
GCACCT	353.0	4572.9	-0.101
GAAACG	145.0	1551.8	-0.101
TTTGGC	483.0	5474.5	-0.100
GCCGCT	205.0	2388.1	-0.099
TGATTT	854.0	9020.0	-0.098
AGGCGG	502.0	5148.3	-0.097
GTATCA	202.0	2136.8	-0.097
ACTCCT	578.0	5914.0	-0.096
GGGCCG	395.0	4703.6	-0.096
GCAATT	301.0	3383.8	-0.096
AGGTTA	252.0	3063.8	-0.096
TCGCAA	48.0	548.2	-0.095
AAATCA	461.0	5100.1	-0.094
AGTGTG	730.0	7427.5	-0.094
GGTCAT	284.0	2971.5	-0.094
TGCTCA	496.0	5100.3	-0.093
ATGGTG	581.0	7639.6	-0.093
CATTGT	487.0	5008.0	-0.091
CATGAG	428.0	5063.9	-0.090
CATAAA	424.0	4383.0	-0.090
CGCTCC	225.0	2381.9	-0.090
TTATGA	403.0	4168.5	-0.089
TCTTGG	695.0	7176.1	-0.088
GGGCCA	523.0	5372.6	-0.088
CGCCTG	454.0	4988.5	-0.088
GCGGAG	410.0	4243.6	-0.087
GAGTCC	357.0	3709.9	-0.087
GGTGTT	511.0	5427.8	-0.086
AGATCG	123.0	1445.4	-0.086
GTAGAT	256.0	2758.5	-0.086
TCATCT	506.0	5205.9	-0.086
AAATAC	473.0	5700.8	-0.086
GCGGCC	396.0	4109.1	-0.086
GAACCG	99.0	1092.1	-0.085
AATGGG	462.0	5192.7	-0.085
TCGCAC	62.0	761.6	-0.085
TTGTCA	397.0	4930.5	-0.085
AGATCC	264.0	2782.2	-0.084
ACAAGG	354.0	3761.3	-0.084
CCGCGG	316.0	3305.6	-0.084
AGGTTC	363.0	3776.6	-0.083
GGCAAA	396.0	4185.1	-0.083
GCGCCA	212.0	2252.8	-0.083
CAGCCG	258.0	2774.8	-0.082
CTAATT	447.0	6431.9	-0.081
GTTACA	275.0	2890.7	-0.081
GAAACA	465.0	5144.8	-0.081
CTTTAT	491.0	6306.9	-0.080
AATGGT	321.0	4363.3	-0.079
CTGCTA	332.0	3468.7	-0.078
GTCTCC	519.0	5355.1	-0.078
TTGGCC	491.0	6448.2	-0.077
TTTCAC	514.0	7008.6	-0.076
GTGGCT	721.0	8770.1	-0.076
AGCGAC	91.0	1015.1	-0.076
GACGCA	97.0	1086.7	-0.076
TTTATA	620.0	7432.1	-0.075
TAGCCA	367.0	3831.4	-0.073
CGTCGT	46.0	537.7	-0.073
CTGTCT	702.0	8542.4	-0.073
TTATCA	341.0	3570.2	-0.072
CTACTC	291.0	3068.1	-0.072
AACTCT	346.0	4138.1	-0.070
TGCCAC	520.0	5603.3	-0.070
TTTGGG	975.0	11025.5	-0.070
CTCTCT	709.0	8710.7	-0.070
GCACAA	282.0	2983.7	-0.070
TAAGCC	237.0	2516.2	-0.070
AAAGGG	555.0	6111.4	-0.069
TTGCAA	363.0	4539.6	-0.069
GTTTAT	476.0	5374.2	-0.069
GATATC	142.0	1545.2	-0.069
TAAAAA	1241.0	12553.2	-0.069
TATGTC	265.0	2810.9	-0.069
GCAAGG	430.0	4469.9	-0.068
GTTATC	182.0	1965.6	-0.068
AAACAA	743.0	7605.9	-0.067
CATTTT	1099.0	12288.6	-0.067
CTAGGC	266.0	2823.1	-0.067
ATTAGT	272.0	3015.7	-0.067
GTGTCT	694.0	7121.5	-0.066
ACTTCT	489.0	5067.9	-0.065
TGCCAT	504.0	5269.0	-0.065
CAAAAG	399.0	4856.0	-0.065
GCGAAT	50.0	612.5	-0.064
GGTCGC	126.0	1393.3	-0.063
GACGCG	112.0	1247.0	-0.063
AAGTTC	309.0	3787.8	-0.063
GGGACC	475.0	4933.9	-0.063
GACTCA	299.0	3163.2	-0.063
CGTCCC	194.0	2086.8	-0.062
TATTTG	677.0	6958.3	-0.061
CTTTTG	865.0	8832.1	-0.061
ATCATA	249.0	2655.5	-0.059
ATTATA	426.0	4444.8	-0.058
CTGGAG	1273.0	12903.7	-0.058
ACACTT	358.0	3759.5	-0.058
ATCTTG	502.0	5208.5	-0.058
CTAATA	246.0	2626.1	-0.057
ACATTA	307.0	3245.3	-0.057
GAAAGA	596.0	7299.8	-0.057
GTTGCT	457.0	4766.3	-0.056
AAATGC	531.0	5511.9	-0.056
TTGCTT	798.0	8642.7	-0.056
CCCCAG	863.0	8835.2	-0.055
GCACGG	142.0	1894.4	-0.055
CTATGG	209.0	2426.5	-0.054
GTTTTA	727.0	7599.3	-0.054
TGAGTC	400.0	4198.4	-0.054
GGGAAT	412.0	4613.8	-0.054
AAGCAC	288.0	3338.7	-0.054
GTCGCT	116.0	1297.9	-0.053
CTCCAA	395.0	4148.9	-0.053
AGAATT	571.0	5914.2	-0.052
CAAAGG	488.0	5082.2	-0.052
AATTCT	579.0	6000.0	-0.052
GACATT	366.0	3855.0	-0.051
CCCAGT	535.0	5564.2	-0.051
ACACGG	132.0	1469.3	-0.051
TCTACA	291.0	3121.7	-0.050
CAGTTA	302.0	3204.4	-0.050
CTCGCG	49.0	1171.5	-0.050
TTTTGA	1051.0	12777.0	-0.050
CTCTGG	783.0	8052.4	-0.049
GGCACT	363.0	3828.0	-0.049
TATTCC	308.0	3270.7	-0.048
CGCCGG	229.0	2472.6	-0.048
GCTCGC	151.0	1664.2	-0.047
ATCGCT	79.0	1276.5	-0.046
TCTATG	299.0	3189.5	-0.046
TATTCT	504.0	5255.0	-0.046
AGACTG	469.0	4903.1	-0.046
GGCTCA	884.0	9072.0	-0.046
CAAACA	431.0	4521.1	-0.046
CTATTT	492.0	5868.8	-0.046
AGAGTC	369.0	3898.0	-0.045
GAGTTG	432.0	4534.6	-0.045
CACTGG	425.0	5368.2	-0.044
CTCTTC	575.0	6115.0	-0.044
TGTTTC	726.0	8096.1	-0.044
TCAGGT	505.0	5271.2	-0.044
GGCCAC	401.0	4230.3	-0.043
TTTTGG	1001.0	10246.4	-0.043
TCTTTA	581.0	6903.1	-0.043
CACAAC	212.0	2302.3	-0.042
CACATT	447.0	4689.7	-0.042
TTCCGT	117.0	1427.4	-0.042
AGCCGC	220.0	2388.5	-0.041
GAAAGG	596.0	6636.5	-0.041
GCAATG	341.0	3777.1	-0.041
ATACAT	303.0	3957.6	-0.041
GTTATG	257.0	2769.9	-0.040
TGTTCC	502.0	5270.8	-0.040
ACCTTT	459.0	4822.2	-0.040
CAGAAT	435.0	4985.2	-0.039
TAGATC	152.0	1919.9	-0.039
AGTCTC	524.0	5477.9	-0.038
TCATGG	452.0	4752.7	-0.038
AAAATG	959.0	9842.8	-0.038
GGACAC	312.0	3333.7	-0.038
ATGGAG	587.0	6440.9	-0.038
CCCACC	771.0	7969.1	-0.037
TGCCTA	295.0	3520.8	-0.036
TCTCAG	692.0	7175.6	-0.036
AGCTGG	872.0	11519.4	-0.036
TCAATA	227.0	2813.9	-0.036
GGGTTT	844.0	8828.3	-0.036
CTGACT	431.0	4630.8	-0.036
TCCTTG	566.0	5915.2	-0.035
GAATAT	196.0	3770.8	-0.035
ATGGGC	370.0	3933.6	-0.035
ATGAGC	327.0	3979.0	-0.034
TGGCCT	765.0	7912.6	-0.034
TTGAGT	435.0	4776.8	-0.034
CGAAGT	94.0	1086.6	-0.034
AACATT	513.0	5385.4	-0.033
GTCATC	252.0	2731.6	-0.033
ATTCAA	340.0	3906.1	-0.033
TTACCG	53.0	643.1	-0.033
TCTTTG	815.0	8629.7	-0.032
CCAGAG	642.0	6693.0	-0.032
GTGTTA	347.0	3948.3	-0.032
CAGAAC	373.0	3973.7	-0.032
CCTTTA	406.0	4302.4	-0.031
GCACTC	347.0	3889.9	-0.031
CTAAGT	251.0	2725.1	-0.031
AGATTT	642.0	6694.3	-0.031
TTTACA	560.0	5864.1	-0.031
CCCAGA	643.0	6707.7	-0.031
TCAGAA	539.0	5652.5	-0.030
CAATGT	322.0	3457.6	-0.030
CAGGAT	485.0	5105.7	-0.030
CCGGCC	415.0	4402.7	-0.030
TTGGGC	385.0	4376.2	-0.030
TAGTCC	173.0	2650.3	-0.030
TTTCCA	788.0	8215.1	-0.030
TGCTGG	1055.0	12009.6	-0.029
AGACGC	112.0	1308.8	-0.029
CCATAT	249.0	2708.1	-0.029
AATTCA	385.0	4482.5	-0.029
ACACCA	307.0	3355.4	-0.029
CCTCAT	391.0	4594.2	-0.029
TTGCTC	516.0	5433.5	-0.028
ACTATG	244.0	2661.0	-0.027
TGCAGA	651.0	6903.1	-0.027
CCTTGG	647.0	7059.7	-0.027
CGCACA	101.0	1171.5	-0.027
CACAGC	494.0	5216.6	-0.026
ATATTG	358.0	3829.5	-0.026
GTACTC	140.0	1580.4	-0.026
ATTACG	53.0	651.6	-0.026
AGATTC	280.0	3431.9	-0.026
CTCAGG	754.0	7838.3	-0.026
CCTCGG	358.0	3970.8	-0.026
TCTTTC	874.0	9051.9	-0.026
AGGATA	232.0	3064.4	-0.026
GCCAAG	484.0	5112.7	-0.025
TCGCAG	73.0	1430.5	-0.025
GGAGAC	494.0	5221.0	-0.025
TCACAT	365.0	3909.3	-0.025
CACTTC	377.0	4037.0	-0.025
GTCGTG	92.0	1240.3	-0.025
GACATC	211.0	2328.9	-0.025
TACACG	59.0	755.4	-0.024
CAGAGT	597.0	6268.7	-0.024
GCCGCG	299.0	3244.0	-0.024
GTCCCG	158.0	2139.4	-0.023
AATTTC	533.0	5625.8	-0.023
CACGGC	145.0	1640.0	-0.023
AAATGG	588.0	6545.6	-0.023
GAGGTG	851.0	8832.9	-0.023
GCGCGA	139.0	1606.3	-0.023
CTCGAG	123.0	1416.3	-0.023
AGGTGC	508.0	5372.0	-0.022
GCTAGT	146.0	2043.0	-0.022
TAATAA	530.0	5598.9	-0.022
TAACAT	354.0	3832.1	-0.022
GGACGT	123.0	1475.3	-0.022
CACTGT	586.0	6161.9	-0.022
CTCCTA	319.0	3452.3	-0.021
TCGTGT	121.0	1479.2	-0.021
CTTGCT	630.0	6998.5	-0.021
CCCAGC	937.0	12830.4	-0.021
CCAGCT	707.0	9186.3	-0.021
GACGCC	119.0	1544.8	-0.021
CACGAC	47.0	765.3	-0.021
CGAGAG	158.0	1785.1	-0.021
ACCATG	531.0	6272.2	-0.021
ATAATG	400.0	4287.3	-0.020
CTAGGG	298.0	3244.5	-0.020
TCTAGG	297.0	3431.8	-0.020
TATTAC	227.0	2511.4	-0.020
CGACTC	80.0	977.1	-0.020
ACCGAG	120.0	1391.8	-0.020
AATGGC	369.0	4158.7	-0.020
TTACAA	360.0	3874.6	-0.020
TGAACT	501.0	5320.6	-0.019
AATCAT	344.0	3744.0	-0.019
ACATAC	220.0	2440.1	-0.019
GGTGAC	405.0	4698.4	-0.019
TCCTGA	687.0	8835.2	-0.019
GTTTGA	527.0	5582.1	-0.019
CGTGGT	253.0	2841.1	-0.019
CCAAGT	409.0	4634.2	-0.018
TATAAA	581.0	6135.4	-0.018
GGCCAG	825.0	8595.3	-0.018
TTCACT	526.0	5573.6	-0.018
GTCTAT	193.0	2393.0	-0.018
ACGCCA	133.0	1536.2	-0.018
CCAGGT	692.0	7258.7	-0.018
GGCATC	283.0	3187.0	-0.017
GACGTG	170.0	1925.0	-0.017
CGACGC	29.0	789.5	-0.017
TGCTAG	287.0	3139.2	-0.017
GTGAAA	484.0	6841.8	-0.017
GTCAGG	541.0	6117.9	-0.017
TTTGGT	768.0	8032.9	-0.017
GCCTCA	776.0	8110.6	-0.017
GACTTT	477.0	5088.3	-0.016
GGGTTA	244.0	2834.4	-0.016
TGCACC	399.0	4703.2	-0.016
AATTTT	1317.0	15068.0	-0.016
CGGGAC	196.0	2195.4	-0.016
AGGTTG	425.0	5763.4	-0.016
CTCTCA	418.0	4492.0	-0.016
ATCTTC	342.0	3711.3	-0.016
TCCTTT	888.0	9580.4	-0.016
TCATTC	433.0	4642.2	-0.016
GTGCCG	179.0	2026.8	-0.015
CGCTGG	290.0	3179.6	-0.015
ATCATT	412.0	4429.3	-0.015
TGTATA	446.0	4774.9	-0.015
AGTCAC	273.0	3092.6	-0.015
ACAAAC	321.0	3501.9	-0.015
CACACA	461.0	6531.6	-0.015
GGCAAC	231.0	3219.1	-0.015
TATGGT	284.0	3120.2	-0.014
CTCCCG	478.0	5112.9	-0.014
CGTGAG	276.0	3035.7	-0.014
CCAGCC	814.0	10594.8	-0.014
GCTCGA	57.0	815.5	-0.014
GCTCCC	526.0	5600.4	-0.014
CTCTAG	284.0	3124.4	-0.013
ACAGAA	557.0	5916.1	-0.013
GACATG	327.0	3573.1	-0.013
TTTCTA	682.0	7190.1	-0.013
TCTTCT	784.0	8403.4	-0.013
CCCGCG	227.0	3044.9	-0.013
GCAGAG	792.0	8305.4	-0.013
AGAATG	547.0	6221.1	-0.013
TCTATT	422.0	4554.0	-0.013
AGATCT	331.0	3759.0	-0.012
TCATTG	401.0	4624.4	-0.012
CCAGTT	388.0	4603.3	-0.012
CTAGGT	259.0	2875.2	-0.012
TCAGCC	796.0	8356.3	-0.012
AGGCGC	284.0	3135.4	-0.012
CGGCCT	320.0	3937.2	-0.012
TGGACA	411.0	4439.7	-0.012
TTCAAA	556.0	6206.8	-0.012
CCGTGT	220.0	2471.0	-0.012
TGGCTC	673.0	8160.9	-0.011
CCTGGC	1041.0	11413.8	-0.011
ACTTAT	247.0	2824.7	-0.011
TCGCGG	100.0	1202.5	-0.011
ATTACT	313.0	3482.7	-0.011
TCATCG	58.0	798.4	-0.011
TCTCCA	607.0	6449.2	-0.011
TCCGGC	130.0	1824.2	-0.011
AGCCCG	222.0	2499.3	-0.010
CTATGT	344.0	3764.4	-0.010
CACCGG	135.0	1575.3	-0.010
ATGGCG	165.0	2066.3	-0.010
CAAATT	418.0	4664.7	-0.010
GACGTC	87.0	1063.3	-0.010
CCACCA	627.0	8133.8	-0.010
AGAGTT	452.0	5133.7	-0.010
TGTACT	315.0	3554.5	-0.010
TGCAAA	544.0	6057.3	-0.010
GGATAC	140.0	1722.4	-0.010
GGAATT	427.0	4904.1	-0.010
TCGCGA	36.0	490.4	-0.009
AATCAC	284.0	3151.8	-0.009
TGGGAT	797.0	9961.3	-0.009
GGCTGG	1505.0	17144.9	-0.009
CAAGAG	383.0	4482.0	-0.009
GCGACT	80.0	990.5	-0.009
AGAGGT	528.0	5667.3	-0.008
GAATTT	608.0	6485.3	-0.008
CAGGAA	668.0	7322.6	-0.008
ATGACA	328.0	3771.5	-0.008
CCAGGC	1284.0	13313.7	-0.008
TTGCCG	100.0	1214.9	-0.008
GGGCAC	411.0	4651.0	-0.008
TAGATT	293.0	3719.1	-0.008
ACGGAG	216.0	2469.6	-0.008
TTAGAT	288.0	3561.8	-0.007
AGATGT	411.0	4954.2	-0.007
ATAGAT	270.0	3014.7	-0.007
CGCGGG	346.0	3810.1	-0.007
AGACAT	349.0	3844.8	-0.007
AGGTGT	574.0	6751.4	-0.007
AAACAT	538.0	5780.5	-0.007
TCATCA	303.0	3936.2	-0.007
TGAGCT	550.0	6131.2	-0.007
ATATAC	233.0	2631.3	-0.007
TTTGCC	560.0	6010.4	-0.007
CGAGTT	101.0	1231.3	-0.007
TACTAG	127.0	1819.4	-0.007
ACACAC	416.0	5357.6	-0.007
CATAGT	256.0	3003.9	-0.007
GCTGGT	687.0	7787.4	-0.007
AGCGCG	130.0	1813.0	-0.007
ATCCTG	454.0	5361.1	-0.007
TGAGAG	579.0	6211.5	-0.007
GGTGCC	475.0	5147.4	-0.007
AATCGC	64.0	998.5	-0.006
TTATAT	488.0	5278.7	-0.006
GCGCAG	274.0	3073.0	-0.006
AAGAGA	643.0	6921.6	-0.006
CTTGAG	517.0	5589.3	-0.006
CAGAGG	703.0	8177.8	-0.006
CCAACA	380.0	4172.4	-0.006
AAACAC	306.0	3938.7	-0.006
CGGAGT	207.0	2373.2	-0.006
CTCGGG	312.0	3474.8	-0.006
TTGCCA	448.0	4878.6	-0.006
TTACTG	425.0	4640.6	-0.005
TGACGT	111.0	1351.8	-0.005
GGCGTC	157.0	1844.3	-0.005
GCCTGA	411.0	5141.6	-0.005
CTATTC	222.0	2540.3	-0.005
ATGGTC	247.0	3091.5	-0.005
TGTGAG	788.0	8532.2	-0.005
CTACAG	350.0	4246.9	-0.005
ACTCAT	275.0	3093.9	-0.005
ATTATT	677.0	7545.7	-0.005
TTAGGT	328.0	3645.4	-0.005
GGAGTT	512.0	6890.3	-0.005
GCCCAG	1132.0	11858.9	-0.005
TCAAAT	341.0	4507.2	-0.005
GAAATC	316.0	3602.2	-0.005
CCGGCA	165.0	1939.1	-0.005
ATTACA	542.0	7471.1	-0.005
TGGGCC	585.0	6311.3	-0.004
TAATAT	414.0	4550.1	-0.004
CACGGT	143.0	1701.6	-0.004
CTTTCA	492.0	5752.8	-0.004
CATATA	270.0	3048.3	-0.004
GAAATG	652.0	6998.0	-0.004
AAAGAA	981.0	10565.7	-0.004
AGGAGT	502.0	6475.1	-0.004
ACCGTG	161.0	2135.5	-0.004
CGAGAT	134.0	1607.5	-0.004
GCTCCT	536.0	5818.6	-0.004
ATCGCG	32.0	608.4	-0.004
TGGTCT	681.0	7762.0	-0.004
CTGGTC	513.0	6036.6	-0.004
CCTTTC	605.0	6869.7	-0.004
TACTCC	179.0	2104.6	-0.004
GTTCCC	356.0	4253.0	-0.004
CTCAGC	948.0	10024.9	-0.004
CTAGCT	241.0	2757.5	-0.003
CAGCAC	479.0	6209.2	-0.003
CACAAA	382.0	4232.9	-0.003
ACTCAG	432.0	4754.2	-0.003
TGGTTT	886.0	9403.9	-0.003
ACAATT	312.0	3510.7	-0.003
CACAGA	485.0	5302.7	-0.003
TATGGA	259.0	3040.7	-0.003
ACAAAG	443.0	4879.0	-0.003
CGGCGT	104.0	1297.4	-0.003
GTCACT	329.0	3688.0	-0.003
GCACAG	423.0	5183.2	-0.003
GAGAGG	776.0	8324.3	-0.003
GGTCAC	281.0	3189.1	-0.003
GACTCC	331.0	3711.8	-0.003
ATTGTC	241.0	2886.4	-0.003
ATTCAG	388.0	4462.3	-0.003
GAAGTC	275.0	3702.0	-0.003
GGCGAA	92.0	1192.3	-0.003
GCCGGT	123.0	1513.9	-0.003
GCTCCG	244.0	2841.8	-0.003
AGGCTG	1402.0	16562.5	-0.003
TTAGCT	371.0	4142.5	-0.003
TTTAGA	471.0	5733.7	-0.003
GCGACG	71.0	933.5	-0.002
AGACTC	330.0	3711.5	-0.002
CATTAT	331.0	3898.8	-0.002
TATATA	547.0	5974.0	-0.002
TATCTT	410.0	4832.5	-0.002
GGCCGG	483.0	5318.3	-0.002
TTCTCA	611.0	6636.7	-0.002
ATTTCC	543.0	5936.0	-0.002
TTCCTT	999.0	10602.1	-0.002
TATATT	540.0	5906.1	-0.002
GTCATT	377.0	4225.0	-0.002
CTTTCT	1028.0	10904.2	-0.002
GTTTCT	779.0	8366.0	-0.002
CGAGAC	183.0	2178.7	-0.002
CTCTTG	532.0	6174.8	-0.002
AGTTCC	311.0	3806.9	-0.002
AGTCAT	299.0	3416.7	-0.002
TCAAAA	584.0	6379.9	-0.002
AGCCTC	798.0	9433.0	-0.002
ACTTTC	393.0	4398.5	-0.002
TGTGTC	696.0	7535.8	-0.002
ACTCGG	147.0	1874.0	-0.002
TCCCGA	205.0	2418.0	-0.002
CCGTTT	131.0	1625.7	-0.002
GAACAT	303.0	3694.9	-0.002
TTATCT	410.0	4929.7	-0.002
TGGATA	318.0	3621.3	-0.001
CTTGAT	306.0	3710.8	-0.001
ATATGC	221.0	2596.5	-0.001
GGTTAT	213.0	2776.9	-0.001
GTCGCA	38.0	753.3	-0.001
ATAAAA	805.0	8668.2	-0.001
GTGTTT	835.0	9475.1	-0.001
CTCCAG	725.0	8724.3	-0.001
CATTTG	573.0	7036.4	-0.001
GCGAGA	121.0	1854.1	-0.001
TCTCAT	465.0	5162.0	-0.001
ACGGGG	272.0	3265.8	-0.001
AGAGAG	787.0	8485.3	-0.001
GAATCA	305.0	3491.8	-0.001
GACACC	218.0	2637.9	-0.001
TCTTGT	557.0	6121.1	-0.001
CAATGG	316.0	3690.3	-0.001
TTACAT	376.0	4930.6	-0.001
ATACAC	186.0	2233.4	-0.001
CACCAC	527.0	6746.6	-0.001
GCTCAT	340.0	3909.1	-0.001
CCACCG	211.0	2819.6	-0.001
TCGCCA	103.0	1322.2	-0.001
TATGTA	414.0	4642.1	-0.001
AGGCGT	191.0	2923.4	-0.001
TCACCA	474.0	5269.8	-0.001
ACATCT	282.0	3834.3	-0.001
GCCTCC	1115.0	13907.4	-0.001
AAAGAG	569.0	6658.8	-0.001
GAGTCA	313.0	3587.7	-0.001
AAAAAT	1416.0	14915.4	-0.001
GGGACG	232.0	2723.0	-0.001
CTATAT	209.0	2481.2	-0.001
TCCCAT	420.0	4715.9	-0.001
TTCTGG	734.0	7968.6	-0.001
GGTCCC	408.0	4588.6	-0.001
CCATTT	657.0	7178.1	-0.001
ACACAA	290.0	3351.9	-0.001
GCAAAG	413.0	4790.5	-0.001
TTATTG	429.0	5507.0	-0.001
TCATTA	338.0	3857.2	-0.001
GAGTCG	94.0	1227.2	-0.001
TTTACT	546.0	6034.0	-0.001
ACATAA	312.0	3586.3	-0.001
GGCACC	388.0	4385.4	-0.001
CCGAGG	332.0	3934.6	-0.001
GCTGGC	603.0	6622.2	-0.001
TTTAGT	607.0	7823.4	-0.001
ATAATA	444.0	4983.0	-0.001
GACGCT	86.0	1313.3	-0.001
AGTTTG	635.0	6962.8	-0.001
GAACTC	388.0	4572.5	-0.001
ACATAG	249.0	2927.0	-0.001
CTCGAA	98.0	1656.5	-0.001
GGATAT	242.0	2850.5	-0.001
GCTCCA	389.0	4408.8	-0.001
TGAGAC	637.0	6991.0	-0.001
TATTTC	462.0	6935.5	-0.001
AGACGG	230.0	3449.0	-0.001
ATATTA	363.0	4273.0	-0.001
CGCAGC	231.0	2747.6	-0.001
CCTGAG	806.0	8961.5	-0.001
GTGTGA	739.0	8079.6	-0.001
GGAGTC	462.0	5192.2	-0.001
TCCCGC	211.0	2676.1	-0.001
GCGCCG	246.0	2907.5	-0.001
GTGAGC	519.0	7687.7	-0.001
CTGGGA	1102.0	15149.9	-0.001
CCGCGA	58.0	1170.7	-0.001
AATATG	368.0	4207.5	-0.001
GCTATT	288.0	3365.1	-0.000
CGCGAG	112.0	1559.3	-0.000
CAAATA	408.0	4635.4	-0.000
TATTGT	386.0	4821.6	-0.000
AGCCAC	598.0	6629.4	-0.000
GGCCTC	701.0	8281.1	-0.000
GTAATC	246.0	4561.0	-0.000
ACAATG	311.0	3621.9	-0.000
CTTTGA	540.0	6030.7	-0.000
TCGAAC	98.0	1303.3	-0.000
CAAAGT	625.0	6924.0	-0.000
TTTGCT	739.0	9388.2	-0.000
AAAGAC	365.0	4201.7	-0.000
TGTGTT	910.0	10190.7	-0.000
ACTACA	321.0	3810.3	-0.000
CCAGCA	706.0	7766.5	-0.000
ACGGTG	162.0	2085.9	-0.000
CCACTT	397.0	4546.4	-0.000
ATTTGC	453.0	5132.3	-0.000
CCTGGA	767.0	8397.7	-0.000
AGTTAT	284.0	3533.5	-0.000
TATATC	186.0	2292.5	-0.000
ATTGTG	487.0	5488.5	-0.000
GCGGCG	453.0	5135.1	-0.000
CTTGGG	665.0	7473.7	-0.000
TCTAGT	247.0	2951.4	-0.000
CAGAAA	667.0	7382.6	-0.000
TAGTTT	522.0	6777.7	-0.000
GTTTCC	509.0	6300.7	-0.000
GGCTAA	356.0	4383.2	-0.000
AATAAA	923.0	10023.0	-0.000
GAGACA	601.0	6690.3	-0.000
GTGTCA	361.0	4174.9	-0.000
TCCCGG	353.0	4099.3	-0.000
AGTCCC	349.0	4578.5	-0.000
GTCTTT	656.0	7277.4	-0.000
GAGAGA	734.0	8086.3	-0.000
ACCCGG	218.0	2651.9	-0.000
CAGGCG	423.0	5074.2	-0.000
ATACAA	259.0	4283.5	-0.000
GCTAAT	320.0	5115.7	-0.000
CTGGCT	789.0	9359.1	-0.000
TCACAG	425.0	4858.8	-0.000
TTCATT	721.0	8295.0	-0.000
TTTCTC	932.0	10385.7	-0.000
GTAGTC	192.0	2459.1	-0.000
CGAGGT	188.0	2332.4	-0.000
ATATGA	283.0	3475.3	-0.000
GGTTGA	263.0	3261.3	-0.000
CTTTAC	223.0	3390.1	-0.000
GGCATT	372.0	4310.5	-0.000
CATAGA	214.0	2614.8	-0.000
TGACTT	498.0	5642.2	-0.000
CGTTTC	135.0	1738.3	-0.000
AGCCAG	653.0	7261.4	-0.000
GCCTCG	290.0	3444.0	-0.000
GAGGCA	672.0	8162.6	-0.000
AAAATA	1118.0	12073.4	-0.000
AAGTCC	267.0	3200.2	-0.000
ATCACA	318.0	3744.5	-0.000
ATATTT	779.0	9462.8	-0.000
ATTCTG	557.0	6265.2	-0.000
CAGTTT	671.0	7463.7	-0.000
TCCAGC	625.0	7117.2	-0.000
TATTTA	762.0	8412.2	-0.000
CGGGAG	440.0	5237.5	-0.000
GGCCGA	232.0	2876.0	-0.000
GTCACA	263.0	3161.7	-0.000
CGTCTC	175.0	2597.0	-0.000
AGCCGG	261.0	3141.2	-0.000
GAGAAT	496.0	5797.0	-0.000
CCGCGC	254.0	3390.3	-0.000
TGAAAT	659.0	7340.7	-0.000
TGACAT	344.0	4033.9	-0.000
GGCTCG	164.0	2082.7	-0.000
CGGCTC	299.0	3559.9	-0.000
ACCAGG	400.0	4762.5	-0.000
GGGCGC	434.0	5315.1	-0.000
ATATTC	276.0	3310.0	-0.000
ACATGG	456.0	5234.3	-0.000
TATGTT	495.0	5780.0	-0.000
AATATT	558.0	7132.9	-0.000
TCATGA	351.0	4126.1	-0.000
TATTAT	504.0	5740.7	-0.000
CAGCAA	407.0	4719.8	-0.000
ATTTAC	346.0	4074.8	-0.000
AACATG	458.0	5464.4	-0.000
TTGTGA	571.0	6452.1	-0.000
TGTCTC	640.0	7184.8	-0.000
ACCGCG	97.0	1381.9	-0.000
CCGAGT	185.0	2506.6	-0.000
ACTCCA	445.0	5228.3	-0.000
TTCCTG	858.0	9683.7	-0.000
GCGCCC	365.0	4294.9	-0.000
TTATGG	313.0	3738.4	-0.000
CACCAT	420.0	6352.5	-0.000
GAGACC	466.0	5369.9	-0.000
ATCACT	302.0	3950.4	-0.000
CGGGAA	178.0	2272.6	-0.000
TACATT	400.0	4911.4	-0.000
AGTTTT	929.0	10225.4	-0.000
TGATAT	291.0	3517.3	-0.000
TTTGAT	606.0	6864.9	-0.000
TCTTGC	499.0	5935.5	-0.000
TCTCTC	678.0	7624.9	-0.000
ATCATG	334.0	4042.0	-0.000
TTTCTG	1056.0	12139.7	-0.000
CTGGAA	679.0	7639.4	-0.000
ATATAA	377.0	4457.3	-0.000
TCACTT	514.0	5915.4	-0.000
ACGCGG	86.0	1236.3	-0.000
GCCCGG	515.0	5933.0	-0.000
ACCCAG	643.0	7285.7	-0.000
TGCAAT	379.0	4480.3	-0.000
AATCCC	366.0	5425.6	-0.000
CACAGT	403.0	4742.0	-0.000
GCGCCT	249.0	3082.6	-0.000
TCAGGA	619.0	7038.9	-0.000
GCTGGA	980.0	10811.9	-0.000
ACGGCG	60.0	1080.6	-0.000
GTTTTG	883.0	10484.0	-0.000
GTGACA	393.0	4650.2	-0.000
TACATA	293.0	3573.2	-0.000
GAGGTC	391.0	4976.9	-0.000
GTGAAC	268.0	3293.9	-0.000
CACCGT	100.0	2005.4	-0.000
ATCTCT	476.0	5595.1	-0.000
CCTTTG	592.0	6935.3	-0.000
TGGCTA	402.0	4747.3	-0.000
TATAAT	381.0	4546.1	-0.000
ATTTAT	825.0	9223.7	-0.000
CTCCCA	981.0	11438.6	-0.000
TGTCTA	274.0	3372.8	-0.000
TTTCCT	1122.0	12314.8	-0.000
GTCATG	268.0	3306.6	-0.000
TTTATG	580.0	6660.1	-0.000
GAGACT	414.0	4893.5	-0.000
GCACCA	345.0	4152.4	-0.000
ACAAAT	388.0	4727.3	-0.000
TTGCGA	52.0	843.0	-0.000
TATCTC	265.0	3290.6	-0.000
TTGCTG	688.0	8212.7	-0.000
CGGGCG	277.0	4340.4	-0.000
GGTCTC	521.0	6534.1	-0.000
TGTAGT	430.0	5081.0	-0.000
GTCTCT	576.0	6807.9	-0.000
ATATGG	267.0	3391.4	-0.000
CCCGGG	595.0	6854.8	-0.000
TGGAGA	738.0	8501.6	-0.000
GTATTT	773.0	9539.8	-0.000
TGTGAC	364.0	4764.2	-0.000
GATAAT	266.0	3441.2	-0.000
TCTAAT	279.0	3464.2	-0.000
GAGATA	313.0	3839.1	-0.000
TCCCAA	557.0	7604.7	-0.000
ATTGCT	440.0	5227.6	-0.000
GGCGCG	383.0	4608.0	-0.000
TCGGGA	122.0	2293.8	-0.000
TGTTAT	388.0	4932.8	-0.000
TGGGAC	515.0	6040.0	-0.000
GGCTAG	208.0	2776.2	-0.000
CTCGGC	375.0	4608.1	-0.000
GGTTTC	583.0	7048.1	-0.000
TATACA	220.0	3230.4	-0.000
TTCACA	353.0	4498.7	-0.000
TTGGGA	731.0	9114.7	-0.000
CTGGGC	1062.0	12164.5	-0.000
ATTCAC	221.0	2866.2	-0.000
GTCTTG	553.0	6519.9	-0.000
AGATGG	726.0	8314.7	-0.000
GCGGCT	233.0	2997.6	-0.000
TGGCCA	602.0	7942.1	-0.000
TTAGCC	298.0	4032.3	-0.000
GATATG	216.0	2815.1	-0.000
ACAGAG	639.0	7404.6	-0.000
GAGGCT	791.0	9013.8	-0.000
TGTAAT	555.0	7701.3	-0.000
GGACGC	148.0	2044.1	-0.000
CTCATG	414.0	5065.0	-0.000
TCTCGA	152.0	2093.9	-0.000
GTTATA	178.0	2398.9	-0.000
CGGGAT	107.0	1597.2	-0.000
AGAGAT	478.0	6376.2	-0.000
ATTTCA	580.0	6805.9	-0.000
ATATCT	292.0	3686.2	-0.000
ACTGGG	538.0	6356.5	-0.000
GTCTCG	243.0	3330.5	-0.000
TGAGGT	556.0	6756.4	-0.000
TATCAT	241.0	3149.8	-0.000
GAGGTT	408.0	5642.9	-0.000
ATATAT	551.0	6521.6	-0.000
ATTAGC	242.0	3583.5	-0.000
CGCGGA	54.0	1505.6	-0.000
CTTTGG	681.0	8949.2	-0.000
ATTTAG	383.0	4710.0	-0.000
TTCTTG	617.0	7235.3	-0.000
TTTCAT	673.0	8674.6	-0.000
TATTCA	277.0	3881.4	-0.000
CAGGAG	932.0	11716.3	-0.000
CGCGCC	268.0	3456.9	-0.000
GTATAT	308.0	3904.4	-0.000
TTTAGG	416.0	5200.7	-0.000
TCTGGA	505.0	6504.7	-0.000
GATATA	174.0	2403.4	-0.000
GACATA	145.0	2099.4	-0.000
GGTTAC	145.0	2063.4	-0.000
ATTTTC	759.0	9193.7	-0.000
GAGCCA	574.0	7617.6	-0.000
TCCCAG	956.0	11934.5	-0.000
CCAGGA	705.0	8554.0	-0.000
TTCTAG	351.0	4600.3	-0.000
GTCTCA	524.0	6285.3	-0.000
CGCACC	109.0	1715.0	-0.000
TATCTA	190.0	2589.2	-0.000
GAATTA	268.0	3768.3	-0.000
CACAAT	240.0	3172.3	-0.000
TTATAG	285.0	3869.8	-0.000
AACATA	297.0	3822.7	-0.000
TCTCAA	478.0	5822.4	-0.000
AGCCTG	814.0	9949.8	-0.000
ATTATG	304.0	3908.4	-0.000
GCCACT	380.0	5389.5	-0.000
GCCGAG	333.0	4241.3	-0.000
TGTCAT	403.0	5019.4	-0.000
CCGGCT	200.0	3364.7	-0.000
AACAAA	626.0	7552.3	-0.000
CTAGAT	168.0	2383.7	-0.000
TAGATA	201.0	2764.5	-0.000
GCCACC	615.0	7628.5	-0.000
GGCTCC	485.0	5936.2	-0.000
GCCAGG	878.0	10702.6	-0.000
CCGGGA	293.0	3828.7	-0.000
CAGAGA	595.0	7146.3	-0.000
CAACAT	320.0	4468.1	-0.000
GAGATG	631.0	7943.5	-0.000
TGTCTT	707.0	8421.4	-0.000
GCACTT	396.0	5280.1	-0.000
ACTTTG	637.0	7612.2	-0.000
AGAGAC	399.0	6138.0	-0.000
GATATT	287.0	3775.9	-0.000
CTGGAC	344.0	4421.4	-0.000
GTGAGA	451.0	6181.3	-0.000
GCCGGG	523.0	6415.0	-0.000
CTCATT	436.0	5465.3	-0.000
TAGCTA	168.0	2495.8	-0.000
AATACA	404.0	5437.7	-0.000
ACATAT	274.0	3666.8	-0.000
CAAAGA	387.0	5001.2	-0.000
AATTAT	435.0	5487.1	-0.000
TCACAA	243.0	3333.1	-0.000
CGCCAC	155.0	2664.4	-0.000
TGTATT	757.0	9113.1	-0.000
TCGAGA	104.0	1694.3	-0.000
TAGAGA	536.0	6995.4	-0.000
TACAAA	412.0	6012.1	-0.000
AAAAAA	2714.0	32728.8	-0.000
TCATTT	777.0	9276.8	-0.000
GCCTGG	1217.0	14092.3	-0.000
CCGGGC	393.0	5382.5	-0.000
TTATGT	441.0	5623.5	-0.000
CATTTC	531.0	6622.2	-0.000
GCGCGG	293.0	4456.1	-0.000
CCCGGC	441.0	5824.1	-0.000
CATTTA	523.0	6550.5	-0.000
ATTTTG	864.0	10379.2	-0.000
GGCGCC	335.0	4464.0	-0.000
GGTTGC	300.0	4377.9	-0.000
GAGCCG	207.0	3454.6	-0.000
CACTTT	581.0	7512.3	-0.000
CAAAAA	773.0	9351.6	-0.000
ATTTCT	817.0	9963.7	-0.000
CATTAG	189.0	2797.5	-0.000
GAGTTT	559.0	7026.1	-0.000
TCTTGA	455.0	5905.9	-0.000
CGGCTA	80.0	1473.3	-0.000
GTCCCA	347.0	4709.8	-0.000
TATATG	285.0	3996.4	-0.000
CTTTAG	293.0	4112.3	-0.000
CGGCGC	190.0	2943.5	-0.000
AGATAT	258.0	3749.6	-0.000
GCTACT	289.0	4116.7	-0.000
CGCGGC	220.0	3302.3	-0.000
TGAGCC	558.0	8743.2	-0.000
ACATTT	677.0	8520.0	-0.000
TTGCTA	256.0	4073.1	-0.000
TTGAGA	722.0	9142.0	-0.000
ATATGT	373.0	5134.2	-0.000
TGAGAT	504.0	7051.1	-0.000
GAGATC	246.0	3890.0	-0.000
GAGACG	230.0	3577.5	-0.000
TCTCTA	386.0	5629.1	-0.000
ACAAAA	632.0	8485.6	0.000
GTTTCA	454.0	7075.1	0.000
AGTTTC	447.0	6281.1	0.000
