OligoSequence	Target Occurences	Background Occurences	Enrichment(ln p, up to 2 mismatches)
GCCTCC	3606.0	24404.4	-581.145
TCCCAA	2254.0	13807.8	-509.627
CTCCTG	3462.0	24936.1	-482.416
GGATTA	2120.0	13405.8	-453.048
GGGATT	2166.0	13843.1	-449.895
CTCCCA	2695.0	18846.2	-432.709
CCTCCC	3362.0	25416.5	-412.956
AAGTGC	1601.0	9679.5	-393.239
TGGGAT	2176.0	14768.4	-393.009
AAAGTG	1912.0	12446.0	-390.027
CAAAGT	1820.0	11649.8	-388.520
GTGATC	1584.0	9684.0	-380.904
GATTAC	1863.0	12142.8	-380.561
TGGTCT	1811.0	11817.6	-370.252
CCTCAG	2484.0	17994.4	-370.242
CCCAAA	1838.0	12174.8	-362.150
CGACCT	162.0	1408.6	-360.369
CCAAAG	1750.0	11529.0	-351.692
AGTGCT	1635.0	10509.4	-351.210
TCGGCC	694.0	4215.3	-321.129
GCCTCG	546.0	3952.3	-318.514
CTGGGA	2553.0	19751.5	-314.186
TCCCGA	505.0	3806.1	-311.784
TCCGCC	767.0	5719.4	-311.356
ATCGGA	261.0	460.2	-311.122
CTGGTC	1374.0	8798.1	-304.140
GCTGGG	2521.0	19657.2	-303.990
GCTGGT	1438.0	9425.0	-300.460
TGATCC	1301.0	8218.6	-299.265
ACCTCA	1502.0	10043.4	-298.316
AACTCC	1488.0	9962.4	-294.992
GACCTC	1344.0	8733.2	-288.750
GATCGG	257.0	500.9	-284.445
CTGCCT	2459.0	19548.4	-281.113
TGACCT	1514.0	10413.1	-280.386
TGCCTC	2119.0	16234.7	-278.851
CGGCCT	771.0	5189.4	-276.252
TCCTGA	1922.0	14376.1	-275.640
GGCCTC	1493.0	10483.8	-275.176
TTGGCC	1448.0	9934.2	-271.315
CCTCCG	408.0	3760.3	-268.816
CCGCCT	1072.0	7396.6	-266.146
TGTTGG	1380.0	9405.8	-264.454
TCAGCC	1904.0	14489.3	-260.489
GTGCTG	1507.0	10695.3	-258.449
TCGGAA	297.0	785.5	-252.476
CTGACC	1322.0	9064.8	-251.452
TCGCAA	38.0	543.8	-249.588
GAACTC	1121.0	7255.9	-248.385
ACTCCT	1425.0	10100.9	-246.745
ACCTCC	1137.0	10075.3	-244.379
GGTTCA	1273.0	8709.1	-244.237
CCTGAC	1329.0	9329.4	-237.768
ATTACA	1877.0	14984.7	-222.673
ATGTTG	1393.0	10191.7	-222.159
CTCCCG	900.0	7112.0	-221.432
AGCCTC	1986.0	16160.7	-219.666
GCGTCC	59.0	914.3	-218.375
CGCCTC	795.0	6167.0	-217.181
GTTCAA	1201.0	8459.8	-215.757
GCGATT	432.0	2891.9	-213.956
CCATGT	1291.0	9374.6	-212.120
CATGTT	1371.0	10162.8	-211.823
GCCTCA	1744.0	13974.3	-210.600
GTAGCT	1398.0	10456.0	-209.748
GCCGCC	128.0	2300.4	-208.444
AGTAGC	1351.0	10033.4	-208.044
GGTCTC	1301.0	9572.8	-206.718
GCTAAT	1330.0	9868.6	-205.642
TGCTGG	1549.0	12035.9	-205.364
CTCAGC	1992.0	16553.5	-205.076
ACCTCG	493.0	3461.2	-204.733
CGATTA	61.0	654.5	-203.223
GCCACC	1155.0	12734.9	-200.486
GTAGAG	1344.0	10126.6	-198.640
TCCACC	1198.0	8706.7	-198.071
CTCGGA	85.0	1117.4	-196.403
TTCAAG	1371.0	10496.8	-193.312
GGGTTC	971.0	6618.9	-193.203
TACAGG	1870.0	15582.9	-192.908
TCCGAA	37.0	805.1	-192.088
AACCTC	1226.0	9100.7	-190.873
TCAAGT	1073.0	7627.1	-190.201
GCCTAC	115.0	2044.0	-189.769
CGAACT	524.0	2712.5	-189.473
GATCCA	808.0	5171.7	-188.918
TTACAG	1779.0	14747.6	-188.172
ACCATG	1339.0	10277.1	-187.735
TCTCGA	704.0	4258.1	-187.421
TAGCTG	1480.0	11705.9	-187.037
TGGTCA	744.0	4628.1	-185.605
CAACCT	1177.0	8730.5	-184.668
GCAACC	931.0	6374.2	-184.205
TCGAAC	516.0	2700.1	-183.720
GGGTTA	157.0	2457.1	-181.722
TCGACC	51.0	712.0	-179.321
TAGTAG	1235.0	9408.5	-178.945
CACCAT	1449.0	11563.3	-178.843
TGCAAC	946.0	6636.4	-176.123
CCTAAG	226.0	3143.5	-175.775
CAAGTG	998.0	7524.8	-175.030
TCAACC	219.0	3119.3	-172.738
TCAAGC	1041.0	7596.6	-172.726
AGTGAT	1115.0	8336.6	-172.518
ATCCAC	816.0	5469.9	-171.620
GGGATC	161.0	2588.4	-171.494
CTAATT	1514.0	12399.7	-170.835
GGATTC	226.0	3394.7	-170.340
CTCCGG	100.0	1596.0	-169.410
GGGGTT	1043.0	8280.0	-169.236
CCGCCC	386.0	3762.7	-165.021
TCGGAC	19.0	447.5	-163.658
CCTCGG	726.0	4755.1	-163.510
CCTGCC	1850.0	16114.9	-163.027
TTAGTA	1340.0	10783.0	-162.727
TCGGAT	51.0	639.5	-162.278
CCACCT	1376.0	11180.5	-161.517
GGTGAT	867.0	6095.2	-161.242
CTGATC	314.0	3387.8	-160.242
GGGTTT	1429.0	11760.6	-159.880
AGGGAT	327.0	4022.9	-159.592
TAGAGA	1455.0	12093.7	-157.347
CCTCAC	263.0	5193.3	-156.994
CCTACC	204.0	3363.9	-156.723
CGGGTT	398.0	3009.3	-156.336
TCAGGT	905.0	6550.5	-155.556
CTCGAA	529.0	3070.6	-155.117
TTGGTC	669.0	4349.4	-153.495
TTCGCC	179.0	1628.7	-152.988
AGTAGA	1276.0	10329.2	-152.817
GTTGGC	851.0	6071.7	-152.610
CGGAAG	286.0	1163.2	-151.955
GACTCC	190.0	3593.1	-151.218
GCATCC	181.0	2586.6	-151.079
ATTCTC	1336.0	11060.0	-148.012
TTGACC	328.0	3696.2	-147.603
AAGTGA	1159.0	9267.5	-146.001
CAACGT	79.0	913.2	-145.730
ACGTGC	75.0	1251.3	-145.391
AGGTGA	948.0	7157.2	-144.581
CTCGTG	294.0	2735.6	-143.763
GTAGCG	47.0	546.3	-142.345
CCACGT	138.0	1728.0	-141.758
GATCCG	368.0	2322.2	-138.200
ATCCGC	384.0	2475.5	-137.911
CAGGTG	1311.0	11029.8	-137.890
TTGTAT	1515.0	13215.7	-137.008
CGGGAT	86.0	1123.7	-136.901
GGGCTT	263.0	3729.5	-136.201
CCAAGT	650.0	6499.9	-136.063
CGTCAG	75.0	868.2	-136.044
CAGCCT	2150.0	21330.2	-135.926
AACTGC	246.0	3562.4	-135.045
AATTTT	2636.0	25653.1	-134.427
TGATCT	912.0	8154.9	-133.993
CGGATT	53.0	831.1	-133.887
TGGGCT	432.0	6470.7	-133.384
TGGTAT	300.0	4307.6	-133.319
TCTGCC	1245.0	10460.6	-132.249
TAATTT	2228.0	21187.2	-131.757
GGTTTC	1259.0	10613.7	-131.754
ATTTTT	4091.0	42340.6	-130.807
GGACTA	559.0	5061.4	-128.658
TGATCG	49.0	754.2	-126.747
AGCGAT	461.0	3239.7	-125.619
GGTTTA	278.0	3688.6	-123.600
CGAAGT	73.0	1007.9	-123.508
TCAGGC	612.0	5216.0	-122.694
CCTCCT	1275.0	15097.9	-121.842
GCGATC	135.0	2533.7	-121.561
AGATCG	281.0	1335.0	-119.930
TACCTC	236.0	3771.6	-118.704
CCACCC	721.0	7714.1	-116.450
TTTGTA	1773.0	16640.7	-116.183
CTAAGT	237.0	3389.2	-116.065
CCCGAA	110.0	1098.4	-112.977
GTGATT	712.0	6611.5	-112.415
TTTTTA	3108.0	31983.7	-112.384
CTCGGC	812.0	7138.2	-112.037
ACAGGC	1410.0	12746.7	-111.988
CCGCGT	33.0	569.3	-111.581
CCACCA	1600.0	14859.7	-111.495
TCTTGA	923.0	7540.0	-111.415
AGCTGG	1502.0	13799.9	-110.752
GACTAC	514.0	4668.9	-110.474
TTCACC	1065.0	9066.9	-110.150
CTGCCA	420.0	7000.0	-109.951
CTCGCA	43.0	762.5	-109.873
GGGGAT	170.0	2958.2	-109.005
GATTCT	981.0	8223.0	-108.142
TGGCCT	1043.0	9045.9	-107.989
CTCCTA	333.0	4736.6	-107.410
CCTCGC	92.0	1563.8	-106.601
CAAACT	692.0	6580.9	-106.541
CCCGCC	782.0	6201.8	-105.174
ATTTAG	795.0	6331.1	-105.107
CTCATG	372.0	5361.6	-104.448
AAAGCG	102.0	1056.7	-103.974
CGAAAG	92.0	811.5	-103.617
GCTCGG	59.0	1235.3	-103.497
CCGAAG	76.0	1164.4	-103.233
GTTGGT	610.0	4507.6	-102.368
CGCCTG	429.0	5233.4	-102.320
CTTGGC	917.0	7689.1	-101.596
GGACTC	191.0	2791.0	-101.476
GGCTAA	901.0	7541.4	-100.491
GTCTCG	702.0	5477.8	-100.029
GAGTAG	906.0	7613.6	-99.454
CACCAC	1360.0	12557.3	-99.406
GTCCTG	236.0	4500.3	-99.000
CGATTC	422.0	2756.6	-98.162
ATCGGC	37.0	462.0	-97.595
AAGCGC	83.0	839.7	-97.584
CTGGTA	190.0	3434.9	-97.102
GTGATG	321.0	4685.8	-97.069
TCCTAA	312.0	4641.8	-97.069
CCCCAA	248.0	4843.0	-97.055
CCCAAG	678.0	7112.5	-96.438
CGCAAA	60.0	716.1	-96.046
GGTATT	267.0	3959.4	-96.017
GGAATA	321.0	3675.9	-95.895
AGCTAA	726.0	5804.9	-95.531
TGAACT	809.0	6693.0	-94.871
GTGGTC	212.0	2985.3	-94.543
CCCGAC	117.0	1309.4	-94.371
TCACCA	1043.0	9212.3	-94.169
TTTAGT	1465.0	13901.5	-94.144
TGGTCG	59.0	670.3	-93.211
CTCCGA	62.0	1156.8	-92.444
CACCTG	737.0	9439.4	-92.099
CAAGCG	473.0	3330.3	-91.877
CAGGTT	643.0	6522.5	-91.742
TTGGAC	230.0	2645.6	-91.195
AAGCGA	468.0	3320.2	-90.965
CGCCCA	416.0	4908.5	-90.362
CTACCA	267.0	3353.7	-90.093
GGTCTT	725.0	5915.1	-90.002
GATCTC	553.0	7561.6	-89.980
TCGTGA	304.0	2319.7	-89.624
TCCTCC	591.0	10108.9	-88.986
ACCGCC	84.0	1139.6	-88.842
TTCGTA	77.0	835.5	-88.281
ACGCCT	211.0	2909.7	-87.373
CACGTG	123.0	1820.3	-87.116
GAGTAC	164.0	2121.7	-87.078
TTCTCC	1431.0	13756.0	-86.880
ACCACC	637.0	6485.0	-85.620
GGATAA	210.0	3190.4	-85.057
TGCGAT	64.0	1413.7	-84.929
ACCACG	452.0	4246.3	-83.698
TTGAAC	778.0	6611.5	-83.189
GCTAGT	172.0	2300.2	-82.733
GGTCTA	92.0	1785.9	-82.303
CTACCT	277.0	4047.6	-82.225
TACGGG	49.0	570.5	-82.179
TAAGTG	364.0	4352.1	-81.501
GATTAG	227.0	2765.2	-80.724
TACTGG	197.0	3187.0	-80.634
TGGTCC	153.0	3004.9	-80.543
CGTCGG	26.0	316.0	-80.373
CCGACC	121.0	1159.9	-80.158
GGTTAC	145.0	2049.7	-79.399
CCGAAA	89.0	963.1	-79.113
CGCCCG	387.0	4325.5	-78.853
TGGGTT	758.0	7203.6	-77.902
TACCGG	29.0	505.5	-77.012
CTTGGA	321.0	4355.9	-76.974
CGGGCT	96.0	1499.6	-76.564
ATCCTC	423.0	5924.3	-76.372
GGCTTC	275.0	4009.4	-75.712
CTCAAG	884.0	7958.2	-75.442
TCTCCT	1502.0	14979.2	-75.398
AGAGAC	976.0	8979.5	-75.348
ACCGCA	150.0	1572.7	-75.314
TGGACT	269.0	3753.1	-75.276
CTGACT	321.0	4752.6	-74.602
AAGTAG	742.0	6436.9	-74.434
AACCGC	45.0	712.1	-74.162
GTTGGG	364.0	4180.6	-74.124
TGGCAT	314.0	4855.9	-74.096
CAAGTA	670.0	5666.3	-73.837
GCCTGC	519.0	6350.6	-73.803
CTAAAG	302.0	3765.6	-73.633
GTCTCC	388.0	5266.0	-73.512
GGCTTA	237.0	3035.0	-73.434
TTCAAC	240.0	3752.9	-73.069
CGAACG	11.0	189.0	-72.856
CTGCGT	67.0	1254.3	-72.751
CGGTCT	76.0	929.7	-72.486
CACCTC	963.0	8919.8	-72.420
TTAGCC	390.0	5906.3	-71.864
GGATCA	220.0	3786.5	-71.846
GCTGAT	330.0	3899.3	-71.845
CTGCGA	50.0	1016.9	-71.417
GTATTA	331.0	4072.6	-71.374
TGGCTA	727.0	6352.2	-70.793
TGTATT	1459.0	14687.1	-69.975
AGTCGA	44.0	487.4	-69.836
CTCAGG	936.0	8700.9	-69.608
GCTAGG	289.0	2884.4	-69.449
CAGGCT	1641.0	16871.0	-68.489
CTGGGC	446.0	9075.1	-68.158
AACGTG	108.0	1170.8	-67.692
ACCTGA	234.0	4813.1	-67.516
GCCCCC	213.0	3773.3	-67.516
CAAGCA	676.0	5898.5	-66.904
AGTTGG	309.0	4019.8	-66.869
TCCGGC	69.0	1041.3	-66.672
TTAAAG	631.0	7244.8	-66.457
CATGTG	431.0	5399.5	-66.454
CGTGAT	321.0	3000.1	-66.112
GATCTG	557.0	4639.6	-65.795
GATGGG	675.0	6748.1	-65.712
CTTGAA	865.0	8025.0	-65.630
CTGGCC	532.0	8644.1	-65.543
CAAGCT	342.0	5118.1	-65.449
TCCTGC	1199.0	11840.0	-65.250
AAGTGG	371.0	4737.4	-64.898
TGACCA	245.0	4181.3	-64.897
GCTGGC	249.0	4077.4	-64.879
GCCGGG	136.0	2956.3	-64.748
ACCCGC	311.0	2155.4	-64.535
GGGATA	161.0	2383.2	-64.485
GACGGG	442.0	3462.9	-64.438
ACTCCC	303.0	4143.9	-64.180
ATGGTC	493.0	4001.2	-63.820
ATCTGC	584.0	4977.1	-63.723
TCGCGA	20.0	247.8	-63.499
GGATTT	493.0	6291.8	-63.479
GCGAAT	35.0	485.7	-63.427
TGATCA	283.0	3973.2	-63.368
TTGGAT	342.0	4614.6	-62.961
CGGACT	32.0	680.1	-62.918
ACGTGA	90.0	1243.7	-62.623
AAGTGT	476.0	5504.7	-62.512
AACCAC	238.0	3847.7	-62.506
CCACCG	238.0	3756.4	-62.302
CAGGCA	1042.0	10137.2	-62.111
AGGTGC	430.0	4799.9	-62.018
CGTAGC	27.0	554.1	-61.917
CACCCG	412.0	3204.7	-61.682
GTTTCA	1139.0	11283.4	-61.641
GATTCA	283.0	4125.7	-61.481
TAGCGG	24.0	484.8	-61.443
GCATTA	233.0	2956.1	-61.379
GTCTTG	759.0	6958.0	-61.346
GCCTAA	296.0	2744.3	-61.282
TAAAGT	448.0	6098.1	-61.091
GAGATT	428.0	5816.3	-61.042
GAATAC	202.0	2566.7	-60.993
GGCTGG	1602.0	16747.5	-60.869
CAATGT	256.0	3828.9	-60.848
CCGCCG	73.0	1313.0	-60.813
GAGCTG	256.0	5329.2	-60.805
TTGATC	284.0	3591.4	-60.654
CCTCCA	578.0	8631.9	-60.624
GGAGTA	228.0	2867.4	-60.455
TAGCGA	40.0	537.6	-60.291
GTAGAT	217.0	3390.5	-60.225
TGACCG	48.0	727.6	-60.160
CGTCCC	52.0	1059.5	-60.158
GCTTCA	319.0	4085.4	-60.069
CGAGTA	380.0	2905.6	-60.057
CGAATT	54.0	867.0	-59.923
TAGAGG	344.0	3313.3	-59.761
TATATT	984.0	9565.6	-59.347
ACGGGG	427.0	3408.0	-59.020
CCGGCC	227.0	3366.8	-58.946
TAGCAG	216.0	3281.5	-58.559
TTTCAC	1172.0	11777.3	-58.531
GACCAC	168.0	2836.1	-58.304
GGCATT	263.0	3761.5	-58.292
CAACCG	32.0	661.4	-57.715
CGTTGG	96.0	1028.9	-57.651
TCTCAA	878.0	8876.0	-57.562
AGTGTT	480.0	5806.0	-57.183
CCACAG	301.0	5779.8	-57.051
TTTTAA	2083.0	22734.8	-56.862
GTATAG	155.0	2302.3	-56.841
ATGGGA	315.0	4651.4	-56.574
GCAATT	542.0	4697.8	-55.763
TTCAGG	381.0	5394.6	-55.514
GCCTTC	330.0	5053.4	-55.402
GGTATC	120.0	1848.3	-55.043
GACCGC	40.0	628.7	-54.993
CCTTGG	725.0	6757.2	-54.971
CTCCAA	309.0	5337.1	-54.927
CTGCAA	974.0	9627.1	-54.411
CAGGCG	547.0	6485.9	-54.279
CCGGCT	346.0	3822.8	-54.114
TTAGAG	383.0	4423.6	-53.584
CTCCAG	369.0	8974.7	-53.540
CTCCGC	398.0	3985.4	-53.466
GGGAAT	247.0	3599.7	-53.456
AGCAAT	644.0	5891.0	-53.177
TCACCT	373.0	6290.3	-53.055
TGATGG	306.0	5150.1	-53.010
TCCAAA	416.0	6403.4	-52.640
AACTCG	45.0	852.3	-52.458
TCACAA	260.0	4292.7	-52.421
CGATCC	86.0	1092.0	-52.329
CTTGAC	281.0	3328.5	-52.294
ACCTAA	197.0	3149.2	-52.282
AGGCAT	751.0	7130.1	-52.274
GCCTCT	494.0	6748.0	-52.242
ATTAGA	379.0	4809.7	-52.236
CGGGGA	72.0	1384.0	-52.139
CCTGAG	738.0	9313.2	-52.055
AAGTCC	210.0	3358.7	-51.712
CCGCCA	235.0	2893.9	-51.512
AACTTC	353.0	4327.8	-51.470
GTATAT	539.0	4776.5	-51.460
CCTCAA	719.0	6850.3	-51.430
CAAATT	464.0	6793.5	-51.104
TAGGAT	326.0	3973.7	-50.808
GGTTCG	122.0	615.8	-50.763
GGTTAA	213.0	3125.2	-50.697
CAGGTA	285.0	4165.3	-50.655
CTCAAA	866.0	9365.8	-50.463
TTACCG	42.0	651.4	-50.367
CTGCTG	357.0	7580.1	-50.350
CTCAAC	247.0	3460.6	-50.208
TGCGTC	58.0	741.7	-50.090
AGTAGG	268.0	3229.2	-49.898
GTGTTC	209.0	3282.8	-49.743
GTGAAC	210.0	2907.6	-49.548
CGCTGG	92.0	1478.7	-49.546
GGAATT	432.0	5339.1	-49.465
CCTAAA	352.0	4447.3	-49.315
AAGGTG	296.0	4301.1	-49.300
AAGTAC	218.0	3156.9	-49.210
AGGGTT	572.0	5565.3	-49.172
GCAGGT	220.0	3984.3	-48.827
GTGTTG	444.0	4693.6	-48.644
CGGTTC	62.0	883.1	-48.643
GTGCTC	147.0	3014.8	-48.620
CGGGGT	426.0	3608.1	-48.539
GGCTAG	211.0	2761.4	-48.375
TACACC	117.0	2139.5	-48.274
GAACTA	194.0	2709.6	-47.890
ACTGCT	285.0	4456.8	-47.845
CTACTG	206.0	3381.1	-47.758
CACGCG	39.0	454.7	-47.673
GATTAA	295.0	4041.4	-47.666
CCTTAG	229.0	3669.6	-47.509
GGCCAG	930.0	9362.6	-47.464
GTACAG	199.0	3169.8	-47.397
AGGTTC	507.0	4518.2	-47.369
ACAGGT	647.0	6917.6	-47.348
GGTCAG	569.0	5220.4	-46.985
GCCCAA	176.0	3313.1	-46.717
CAAGTT	283.0	4583.0	-46.653
CGTGTT	194.0	1993.7	-46.555
TCCTGG	1016.0	11380.2	-46.508
GTGACC	176.0	3104.5	-46.499
TAGCTA	256.0	3426.1	-46.125
CCCACC	946.0	9607.6	-46.054
CCTCGA	81.0	1310.0	-45.885
TGTGAT	538.0	6799.3	-45.680
ATGATC	354.0	4449.3	-45.576
AGAGAT	832.0	8283.6	-45.570
GATTAT	503.0	5379.3	-45.062
CCGAGT	406.0	3468.2	-44.965
GATTCG	47.0	639.2	-44.907
GGGCTC	325.0	4987.1	-44.799
AGCGTC	34.0	733.6	-44.354
GTATTT	1445.0	15672.4	-44.282
ACTCGT	23.0	800.0	-44.223
TGATTA	378.0	5014.5	-44.071
AGGATT	487.0	5966.0	-44.008
TCAAAC	606.0	5736.9	-43.691
CGTGCC	204.0	2574.2	-43.673
TCGCCT	92.0	1486.3	-43.487
TCAGAC	254.0	3159.0	-43.359
GGCTCA	789.0	11777.8	-43.150
TAGTCG	35.0	383.0	-43.090
TTACGG	53.0	654.1	-42.782
CCATGC	663.0	6415.6	-42.696
ATGTAG	238.0	3425.9	-42.657
TAGTGA	231.0	3796.1	-42.605
AAACTG	462.0	6499.9	-42.565
TGCCTA	302.0	4289.0	-42.526
AGTCTC	374.0	7096.8	-42.503
CTAACT	194.0	3084.4	-42.442
CTAGGA	374.0	3967.0	-42.141
AGTAGT	265.0	3770.2	-41.950
CTGGGT	677.0	8414.6	-41.587
GTCAAG	199.0	2643.3	-41.478
GATCGA	38.0	663.2	-41.392
GATGGT	512.0	5441.0	-41.217
TGGCCA	1009.0	10550.4	-41.040
CAATTC	509.0	4710.2	-40.953
CCTGGC	962.0	12349.2	-40.906
GATAAC	145.0	2066.5	-40.809
ACCTTG	563.0	5339.6	-40.625
TAACCT	241.0	3787.9	-40.584
GCGTCA	47.0	642.3	-40.564
TGGGGT	744.0	7427.3	-40.510
TTCACG	117.0	1771.7	-40.505
TAAAGG	349.0	4312.1	-40.451
TTTTGT	2251.0	25869.3	-40.412
ATTACG	46.0	710.5	-40.323
GCGGGT	53.0	1111.9	-40.164
TGTATA	584.0	5592.5	-40.136
CGTGAC	47.0	803.9	-40.065
CCCCCA	281.0	5540.5	-40.045
TTGTAG	387.0	5751.6	-39.987
CTCACC	327.0	5576.1	-39.968
TCGGTC	66.0	663.1	-39.896
TAGTAT	270.0	4116.0	-39.774
TGCATC	193.0	3239.2	-39.739
CTGCCG	100.0	1587.5	-39.713
CCGACT	48.0	823.1	-39.292
CGCCTA	48.0	885.0	-39.248
GTAATT	415.0	5471.0	-39.155
CTTAGC	228.0	3185.4	-39.113
CGCCAC	356.0	4036.3	-39.002
TATAGG	333.0	3583.3	-38.901
AACTAC	225.0	2799.6	-38.899
TGATTC	615.0	5989.4	-38.844
AATGTT	524.0	7637.7	-38.806
GCTTAC	138.0	1974.0	-38.403
GATGAC	210.0	2841.2	-38.304
ACCGGC	51.0	776.5	-38.228
CGCTAA	42.0	517.6	-38.205
CGACTA	30.0	399.5	-38.072
AGCTGA	432.0	5697.8	-37.954
CCGTGT	170.0	2022.2	-37.843
AGCCGC	59.0	1323.3	-37.738
TGCCAA	246.0	4442.5	-37.724
ACTACA	664.0	6599.2	-37.583
CCAGGT	618.0	7290.9	-37.507
TCATGC	273.0	4489.6	-37.415
CGGCGT	40.0	439.8	-37.384
TATTGG	318.0	3927.0	-37.325
TCTTGG	467.0	6850.8	-37.129
GAGATG	840.0	8702.6	-37.092
CCCGAG	407.0	3670.3	-36.969
AAGCAA	736.0	7466.9	-36.922
TCCGGA	56.0	1033.3	-36.731
TTGGTA	359.0	4569.0	-36.660
GTCGGC	43.0	658.7	-36.658
GGGTCT	199.0	4320.7	-36.655
GTTTAA	426.0	5562.5	-36.575
TGGAAC	268.0	3654.0	-36.430
TAGTTG	235.0	3470.1	-36.343
TCAGTC	414.0	3770.8	-36.326
CCAAAC	234.0	3984.0	-36.261
GATCAA	174.0	2574.7	-36.241
AGCCAC	685.0	10275.2	-36.193
ATTTTG	1103.0	13166.4	-36.183
ACGATG	56.0	817.0	-36.023
GCCAGG	1096.0	11847.6	-35.932
GGTAAT	216.0	3143.6	-35.816
AACTCA	279.0	4820.2	-35.767
TCGAGC	74.0	611.1	-35.641
GCAAGT	181.0	2968.2	-35.627
CATCGG	57.0	560.4	-35.605
ACACGC	81.0	1024.5	-35.576
AACGCC	45.0	751.1	-35.551
CACCCT	255.0	4978.8	-35.446
AACGTC	38.0	698.0	-35.277
GCCCGC	391.0	3536.0	-35.255
AAAGGG	335.0	4801.8	-35.203
ATATTT	1350.0	15006.0	-35.096
GAGACG	536.0	5201.7	-34.926
AGTTGA	362.0	3927.9	-34.924
GGCGAT	82.0	801.0	-34.903
TGGATT	423.0	5840.8	-34.884
ATCGAA	48.0	522.5	-34.879
GCGGGG	98.0	1897.5	-34.855
TTGAAG	461.0	5876.7	-34.813
CATGCG	124.0	1126.0	-34.809
CAGGGA	315.0	5410.7	-34.790
TCATGT	379.0	4901.1	-34.771
ACGTCA	51.0	830.5	-34.272
CAACCA	210.0	3463.8	-34.162
CGGCAT	60.0	668.9	-34.051
GGATGA	256.0	3951.2	-33.925
CGCAAC	69.0	657.4	-33.911
CATGCC	789.0	8220.8	-33.887
CTAAGC	143.0	2328.5	-33.740
GATTCC	183.0	3461.2	-33.697
CCCCCC	176.0	2986.7	-33.482
ATGTGC	377.0	4237.5	-33.465
GCTTCC	356.0	5083.0	-33.226
CTGGCT	815.0	9642.4	-33.159
CCGGGT	355.0	3375.7	-33.052
TTTTTG	2476.0	29294.2	-32.932
TGAGTA	605.0	6077.2	-32.855
GTCGAG	39.0	586.2	-32.822
CATCAG	259.0	3786.7	-32.738
GCCTTA	221.0	3170.4	-32.621
TTTTGA	1141.0	15938.3	-32.536
GTCTCA	840.0	8899.7	-32.493
GCATGC	390.0	3599.0	-32.441
CCAACT	222.0	3755.0	-32.420
ATCAGC	156.0	3050.1	-32.222
ATGGGG	613.0	6203.4	-31.913
CGGCTT	102.0	1301.3	-31.639
TGCCCG	354.0	3228.6	-31.542
GTTGAA	360.0	4480.2	-31.527
GCCTTG	584.0	5883.9	-31.426
GGCTCC	167.0	4234.2	-31.227
CACGCA	103.0	1142.7	-31.197
AGTGGT	337.0	5762.5	-31.177
TCACGT	87.0	1179.2	-31.107
CTCTTG	436.0	6654.8	-31.058
TACAAG	247.0	3665.4	-30.904
GCTCAA	411.0	5036.8	-30.827
GAACGC	57.0	643.8	-30.820
ACCACA	692.0	7273.5	-30.745
TCACGA	44.0	1096.0	-30.682
GACAGG	541.0	5731.1	-30.665
AAGAGA	518.0	7050.8	-30.593
AGATGG	864.0	9297.1	-30.199
AGCGCT	59.0	1040.8	-30.185
CGCGTT	17.0	320.5	-30.102
GGCATG	698.0	7300.4	-29.993
CGCAAG	46.0	658.2	-29.983
CGGGTC	29.0	817.5	-29.897
GGTTTT	746.0	9683.0	-29.865
CTGAGC	354.0	5547.6	-29.806
AAGTTG	304.0	4528.6	-29.802
ATCTCC	474.0	5804.4	-29.716
CTAGTA	168.0	2479.3	-29.633
CCTGGG	909.0	12791.2	-29.531
ATTCGC	44.0	615.1	-29.486
AAACTC	645.0	6848.3	-29.423
ATGCTG	385.0	5626.7	-29.300
CGTGCT	59.0	1193.4	-29.282
TGCTGA	420.0	6064.6	-29.233
AAATTG	535.0	6710.3	-29.226
TGCACC	374.0	4781.7	-29.032
ACGTTG	95.0	1201.7	-28.893
GGCATC	172.0	2403.5	-28.883
TCGGGT	70.0	875.1	-28.608
ACTGCC	197.0	3909.7	-28.556
CCCAAC	243.0	3559.1	-28.541
GAAAGT	441.0	5005.7	-28.535
GCCCAC	493.0	4909.1	-28.456
CTGGAA	513.0	7376.1	-28.449
GACTAA	201.0	2142.2	-28.441
CAGACT	292.0	4186.5	-28.301
TTTTAG	1408.0	16645.2	-28.256
CTCGAC	57.0	898.2	-28.245
ACCCAC	456.0	4489.8	-28.165
CGCCTT	227.0	1901.9	-28.126
TGCCAC	662.0	7454.1	-28.045
GGATTG	251.0	3407.1	-27.965
CACGAT	61.0	1456.8	-27.950
GCGGTT	46.0	740.1	-27.915
CCAAAA	523.0	6777.6	-27.911
GGGACT	606.0	6281.1	-27.833
GCTCGT	40.0	743.6	-27.769
GGTGTT	247.0	3820.9	-27.636
GCCATG	422.0	4929.3	-27.620
TACACG	41.0	736.7	-27.486
GGCCTT	282.0	4488.8	-27.485
ATGCGC	106.0	947.7	-27.469
GTCTAA	148.0	2059.0	-27.467
AGTACA	230.0	3842.5	-27.405
TCATGA	365.0	4899.2	-27.350
TCCAAC	158.0	3296.7	-27.239
TCCTCA	318.0	6414.3	-27.212
GTTCGA	124.0	1139.8	-27.204
GACGTC	43.0	632.7	-27.193
CGCCAT	232.0	2518.2	-27.185
GTCCCA	168.0	3894.1	-27.149
ACTGGG	288.0	4716.6	-27.130
CCTCAT	354.0	5463.8	-27.053
CTGGCA	267.0	4687.0	-27.029
GGCTCG	50.0	1167.8	-26.854
CAGCTA	670.0	7090.1	-26.707
CTGAGT	669.0	7091.7	-26.682
GGCCAC	160.0	3527.5	-26.618
AATTGC	276.0	4012.0	-26.616
TTATAG	485.0	5679.3	-26.582
CTTCAA	305.0	4708.3	-26.549
ACCCAA	271.0	3723.6	-26.516
ATTCAC	220.0	3910.9	-26.477
ATCTTG	408.0	5751.7	-26.314
ATATTG	409.0	5462.9	-26.162
TCTTAA	412.0	5828.9	-26.111
TGAACC	214.0	4504.6	-25.935
TCCCCA	298.0	6765.4	-25.930
ATAGTG	205.0	3282.3	-25.910
CATTTT	1167.0	15636.6	-25.873
ATTTTC	734.0	11940.7	-25.873
TTTTCG	87.0	1523.9	-25.873
TAGCTT	257.0	3922.6	-25.873
TTATTT	1608.0	25830.6	-25.873
TTTAGC	296.0	4385.7	-25.873
TTAGCT	261.0	4820.4	-25.873
TTTAGG	355.0	5295.8	-25.873
GAATTT	529.0	8318.2	-25.873
TTTTGG	841.0	10508.8	-25.873
TTTGGA	584.0	7464.1	-25.873
TCTCAG	598.0	8466.6	-25.873
ATTTAA	720.0	11037.5	-25.873
TTAAAC	384.0	5073.3	-25.873
TAAACT	381.0	5138.1	-25.873
ATTATT	860.0	12821.9	-25.873
AAAGTA	567.0	6952.1	-25.873
AAGTAA	462.0	6230.3	-25.873
CTTTTA	650.0	9436.6	-25.873
CATATT	454.0	5932.9	-25.873
CTCCCC	278.0	6610.7	-25.873
TAATCT	295.0	4400.9	-25.873
AATCTT	427.0	5577.9	-25.873
TATAGA	292.0	3961.2	-25.873
AAATTT	1063.0	13794.8	-25.873
AATTTA	644.0	10047.9	-25.873
GTTAAA	381.0	5017.1	-25.873
AATACA	397.0	7016.5	-25.873
TTCAAA	533.0	8488.8	-25.873
TAAGTT	299.0	5211.2	-25.873
TTCTGC	404.0	6624.5	-25.873
TCAACT	251.0	3714.9	-25.873
TAATTA	416.0	7344.3	-25.873
CAGCTT	415.0	5716.5	-25.873
CTTTTT	1481.0	20358.3	-25.873
ATTGAA	410.0	5451.4	-25.873
GTTGAT	245.0	3425.4	-25.873
GTGTTT	540.0	7821.7	-25.873
TGTTTG	476.0	9197.0	-25.873
TTTAAG	703.0	8315.5	-25.873
TTAAGT	432.0	6127.9	-25.873
TAGTAA	282.0	4383.7	-25.873
ATTAAA	692.0	9586.6	-25.873
CTGATT	418.0	5913.4	-25.873
TGATTT	754.0	11306.8	-25.873
GTTTTG	693.0	10226.0	-25.873
AAAATG	844.0	11689.6	-25.873
TAAAGA	515.0	6742.6	-25.873
TTTTAC	588.0	8163.3	-25.873
GATTTT	843.0	11413.6	-25.873
TTTTCA	916.0	13056.8	-25.873
TATTGA	350.0	5440.6	-25.873
TTGAAT	491.0	7071.8	-25.873
TGAATT	518.0	7954.6	-25.873
TATAGT	282.0	4192.3	-25.873
TTCCAA	379.0	6575.8	-25.873
TGGTTT	582.0	8971.4	-25.873
AGAGAA	582.0	7821.6	-25.873
ATAATT	606.0	8751.8	-25.873
TTTAAC	458.0	5861.4	-25.873
TAACTT	394.0	5306.2	-25.873
AACTTT	604.0	7781.2	-25.873
AAAGTT	506.0	7380.8	-25.873
TAATAT	481.0	6943.8	-25.873
ATCTTT	527.0	7882.8	-25.873
TTTGAA	786.0	10554.2	-25.873
AAAAGT	584.0	8473.3	-25.873
TGGCTT	416.0	6645.0	-25.873
TTGTCT	387.0	6354.8	-25.873
ATTTTA	1328.0	17721.3	-25.873
TATGTA	373.0	5611.1	-25.873
CTGGTT	429.0	5328.2	-25.873
TTTCAA	553.0	9031.7	-25.873
TGACTT	373.0	5830.3	-25.873
ACTTTT	770.0	10913.5	-25.873
TATTAG	362.0	4438.5	-25.873
TTAGAA	502.0	6768.6	-25.873
ATTTCA	560.0	9390.8	-25.873
TAAATT	690.0	10073.6	-25.873
AATTAT	537.0	8699.6	-25.873
ATTATA	586.0	7650.4	-25.873
CTAAAT	372.0	4595.4	-25.873
CTTGTA	276.0	3911.1	-25.873
CATCTT	358.0	5648.9	-25.873
TTCATG	392.0	5581.6	-25.873
TGCTTC	356.0	5320.6	-25.873
ATCTCA	475.0	7337.0	-25.873
CATCCT	275.0	5544.6	-25.873
TAATTC	334.0	4912.2	-25.873
AGATTA	461.0	5295.8	-25.873
TCTTTA	443.0	8120.2	-25.873
TTTACA	466.0	7734.7	-25.873
CTCCTT	306.0	7519.0	-25.873
AATATT	758.0	11035.6	-25.873
CTCCCT	391.0	8724.4	-25.873
CAAAAT	607.0	8205.8	-25.873
TGTTCA	373.0	5246.7	-25.873
ACTTCA	358.0	4655.8	-25.873
AATGAT	436.0	6237.1	-25.873
TTTATT	1560.0	24931.7	-25.873
CTCCTC	313.0	8283.8	-25.873
ATTACT	275.0	4667.2	-25.873
TTACTG	330.0	5176.5	-25.873
TAATTG	401.0	4776.5	-25.873
TTGGAA	531.0	6495.8	-25.873
ATTCTA	328.0	4950.6	-25.873
ACTTCT	369.0	5398.5	-25.873
TTCTAG	309.0	5076.8	-25.873
CTTCCA	395.0	6535.2	-25.873
AGTTTT	807.0	12454.9	-25.873
TTGTAA	502.0	6277.9	-25.873
CACCTT	473.0	5521.2	-25.873
CTTAGT	183.0	3280.8	-25.873
GTTTTA	655.0	9413.5	-25.873
ATTTAT	848.0	14988.4	-25.873
TTTATA	812.0	10966.2	-25.873
TTGTTG	444.0	8010.5	-25.873
TTCCTG	552.0	9264.8	-25.873
GCATTT	478.0	7367.0	-25.873
ATGTGA	338.0	5113.7	-25.873
AGTAAA	429.0	6434.9	-25.873
TGTCCT	307.0	5551.7	-25.873
TGGAAT	537.0	6438.9	-25.873
AGTATT	409.0	6096.3	-25.873
TCTGGT	295.0	4592.5	-25.873
TAGTCT	242.0	3432.5	-25.873
AGGTTT	485.0	6747.5	-25.873
GGCTTT	359.0	5523.7	-25.873
TTGAGA	563.0	10528.0	-25.873
TTTGCC	427.0	6914.5	-25.873
TTGCCT	409.0	7322.8	-25.873
TGCCTT	582.0	8106.2	-25.873
TGTTGT	424.0	6912.1	-25.873
TTTGGC	353.0	5150.9	-25.873
TTCCAG	407.0	7094.1	-25.873
TTAGTG	330.0	4132.9	-25.873
AATTTG	617.0	7674.8	-25.873
ATTTGT	728.0	9271.8	-25.873
CCAAAT	356.0	5549.6	-25.873
TGAGCT	391.0	5597.7	-25.873
TTGCTG	451.0	6762.7	-25.873
CAATTT	510.0	7278.8	-25.873
GTTTAG	194.0	3553.2	-25.873
TCTCCA	485.0	7751.3	-25.873
GATGTT	304.0	4589.4	-25.873
ATGTTC	242.0	3981.2	-25.873
ATTTGG	470.0	6695.3	-25.873
TGTTGA	395.0	5814.6	-25.873
ATTATC	276.0	3962.9	-25.873
TGTTTA	483.0	8065.3	-25.873
GATTGT	211.0	3603.7	-25.873
TGTGCT	335.0	5324.8	-25.873
TTTCAG	607.0	8844.5	-25.873
ATTCTT	597.0	8433.6	-25.873
CAACTT	320.0	4211.4	-25.873
TCAAAT	430.0	6561.7	-25.873
TTTAGA	555.0	7560.1	-25.873
CTATTT	474.0	8175.1	-25.873
TATTTG	594.0	8952.5	-25.873
TTTGGT	564.0	8000.1	-25.873
TTCTGA	499.0	7240.9	-25.873
CAATCT	362.0	4794.7	-25.873
TTAATA	552.0	7772.8	-25.873
AAAGAG	428.0	6622.2	-25.873
TGAATA	380.0	5986.4	-25.873
CCCTCC	302.0	8322.8	-25.873
TTACAT	369.0	6085.3	-25.873
AATTGT	417.0	5690.7	-25.873
ATTGTT	464.0	6969.5	-25.873
TAAGTA	310.0	4548.7	-25.873
TTGTTA	376.0	6593.0	-25.873
ATTGTA	321.0	4945.7	-25.873
TGTAAT	496.0	8300.1	-25.873
ATGTTA	422.0	5549.0	-25.873
ATGTTT	607.0	9768.6	-25.873
CTTCAG	436.0	5752.5	-25.873
GAATTA	383.0	5038.8	-25.873
TAATGT	402.0	5342.8	-25.873
TGAGAT	516.0	8072.8	-25.873
TTCTGG	429.0	6768.6	-25.873
TTATTA	737.0	10812.2	-25.873
ATTAGT	302.0	4128.8	-25.873
CTTAAA	478.0	6422.7	-25.873
AACTTG	304.0	4099.3	-25.873
AATTAG	317.0	6201.3	-25.873
GATTTC	406.0	5459.5	-25.873
AGTTCT	363.0	5757.7	-25.873
GTTAAT	308.0	4439.6	-25.873
GTATTG	239.0	2995.0	-25.873
TATTGT	351.0	5876.5	-25.873
CTTCTG	543.0	7353.6	-25.873
TGGTTA	290.0	4034.8	-25.873
TGTGTA	379.0	5355.1	-25.873
TATGTT	459.0	7139.6	-25.873
AATTGA	389.0	5011.5	-25.873
AAGTTT	512.0	8359.6	-25.873
GAATAT	290.0	4732.4	-25.873
TTTCGT	110.0	1431.2	-25.873
AGTAAT	349.0	4925.3	-25.873
GATCTT	311.0	4736.4	-25.873
ACACCT	376.0	5177.8	-25.770
TCGTAG	41.0	609.7	-25.549
CTCAGA	340.0	5729.7	-25.534
TCCCGG	392.0	3826.6	-25.532
GCAAGC	200.0	3431.3	-25.251
CGCGAT	33.0	1229.6	-25.156
AGACGG	491.0	5017.1	-25.112
GACCTA	103.0	1973.5	-25.109
AGTATA	299.0	3986.9	-25.005
TATTTA	1233.0	14174.1	-24.893
GGAAGA	575.0	6032.2	-24.873
GTGATA	234.0	3235.3	-24.742
CGGCTA	299.0	2779.3	-24.742
TAGGTG	267.0	3532.2	-24.681
GCCACG	78.0	1540.3	-24.601
CCAGCC	455.0	10863.5	-24.589
ACCTCT	654.0	6996.2	-24.585
GTCAGG	532.0	5519.1	-24.570
CCTCGT	280.0	2571.9	-24.551
AGCTCG	45.0	993.8	-24.476
GCGTTT	104.0	1128.5	-24.442
GCTTGG	219.0	3696.8	-24.328
CAAGGT	255.0	4282.8	-24.188
AATTCT	757.0	8283.9	-24.101
AAGAGC	237.0	3725.8	-24.094
AGGCTG	1631.0	19294.0	-24.040
GTCGAA	40.0	423.2	-23.651
TCGAAA	59.0	724.3	-23.522
CCGGGA	96.0	1969.9	-23.515
TCAAAG	415.0	5463.6	-23.219
GTGCTA	242.0	2710.5	-23.174
CAACAT	256.0	5279.5	-23.152
AGCTTA	234.0	2944.5	-23.152
GCTTAT	219.0	3129.6	-23.152
TTAGGA	293.0	4510.8	-23.152
AACTCT	300.0	4965.1	-23.152
AGACAT	324.0	4474.9	-23.152
TCTCCC	443.0	7685.3	-23.152
TGCTAA	285.0	3839.7	-23.152
AGGTTA	209.0	3309.6	-23.152
AGCCTT	393.0	5831.1	-23.152
CTCAGT	395.0	5976.9	-23.152
CTGCAT	312.0	4759.5	-23.152
CAACTG	198.0	3286.1	-23.152
AACTGA	367.0	5007.5	-23.152
CAGCCA	338.0	6298.2	-23.152
AGCTTC	290.0	4288.3	-23.152
GAAGTA	262.0	3720.6	-23.152
GTGCTT	301.0	4202.4	-23.152
TCTAGT	205.0	3254.1	-23.152
GCTTAA	243.0	2993.6	-23.152
GTTCAG	270.0	3603.2	-23.152
AAATGG	489.0	6873.3	-23.152
ATTGCA	384.0	5159.5	-23.152
TGTAGA	347.0	5166.3	-23.152
ATATAG	250.0	3631.5	-23.152
TAGCCT	273.0	3940.0	-23.152
AAAGTC	299.0	4407.3	-23.152
GGGTTG	212.0	3228.6	-23.152
GGCTTG	209.0	3679.6	-23.152
TGAAAC	375.0	6138.9	-23.152
CCTTCC	446.0	8184.0	-23.152
TCTAGA	237.0	3724.5	-23.152
GGTTCT	222.0	3637.1	-23.152
AATGTG	407.0	5549.2	-23.152
AGGAAT	396.0	5390.2	-23.152
ACCCCC	178.0	3195.1	-23.152
AAGCTG	350.0	5477.4	-23.152
AATCCT	319.0	5200.4	-23.152
TAGAAG	316.0	4397.8	-23.152
AGAAGA	545.0	6938.1	-23.152
CATGAT	378.0	5301.0	-23.152
TATCTG	331.0	4236.6	-23.152
CTCACA	260.0	5081.0	-23.152
ATCCTG	263.0	5255.6	-23.152
CTGCCC	512.0	7332.5	-23.152
TCATCC	193.0	3898.8	-23.152
CACCCC	237.0	4654.2	-23.152
GTAAAG	268.0	3785.1	-23.152
TTAGCA	288.0	3993.6	-23.152
TTAACC	244.0	3421.6	-23.152
AACCTT	282.0	4596.3	-23.152
AAATGC	480.0	6013.1	-23.152
AATTAC	361.0	4858.4	-23.152
TCACCC	291.0	5596.0	-23.152
ACCAAA	342.0	5199.7	-23.152
ATAACA	309.0	4361.0	-23.152
TGACTA	237.0	2783.4	-23.152
CAAATG	408.0	5857.8	-23.152
CCTGAT	266.0	4479.0	-23.152
TACTGA	291.0	3961.8	-23.152
TACCTG	266.0	4141.7	-23.152
GCCTGG	762.0	12884.4	-23.152
GGCCTG	279.0	5894.0	-23.152
GCCTGA	251.0	4885.2	-23.152
TCCAGG	339.0	6527.8	-23.152
ACCTGG	472.0	6822.0	-23.152
CCTGGT	321.0	5299.1	-23.152
TGGTAA	249.0	4248.7	-23.152
ACTCCA	274.0	6098.8	-23.152
GTCCTC	189.0	3560.6	-23.152
AATGCT	400.0	5284.8	-23.152
ATGCTC	152.0	3022.5	-23.152
CAGCTG	391.0	6397.1	-23.152
CATCTG	318.0	4955.1	-23.152
ATCTGG	260.0	4000.5	-23.152
TTCAGC	356.0	5037.9	-23.152
CAGCAT	274.0	4621.0	-23.152
TTGTCC	260.0	3777.7	-23.152
TCCAGC	332.0	6920.2	-23.152
CACAAA	294.0	5469.1	-23.152
TGACAT	303.0	4393.5	-23.152
AGGCTT	301.0	4561.9	-23.152
AGATGA	460.0	6320.3	-23.152
TGGTGA	307.0	6250.4	-23.152
AGCAAA	386.0	6019.8	-23.152
TCAGCT	456.0	7004.0	-23.152
GCTGCC	202.0	4942.4	-23.152
CTTGTC	209.0	3638.6	-23.152
TTGTAC	175.0	3333.0	-23.152
GAGTTG	248.0	3495.7	-23.152
GAACTT	298.0	4156.8	-23.152
CCAATT	245.0	4025.0	-23.152
CAAAAG	348.0	5769.3	-23.152
GACTTC	230.0	3395.0	-23.152
CTTAAG	260.0	3544.1	-23.152
GTAGTT	261.0	4182.1	-23.152
AGGTAT	248.0	3660.9	-23.152
CCCCAG	282.0	6670.8	-23.152
TAATAG	334.0	4107.4	-23.152
TTCCCA	487.0	7309.2	-23.152
AGAGTA	288.0	3483.7	-23.152
TAACTG	294.0	3924.2	-23.152
AACTGG	304.0	4227.8	-23.152
TATTAC	232.0	3717.9	-23.152
TTGGGA	507.0	8063.8	-23.152
TGACTC	199.0	3808.5	-23.152
CAGTCT	386.0	5282.2	-23.152
AATCTC	358.0	5528.9	-23.152
GTTGTA	206.0	3080.6	-23.152
TAGAGT	236.0	3719.0	-23.152
CATGCT	282.0	4251.9	-23.152
GCTATT	271.0	4142.6	-23.152
GGAAAA	574.0	8059.8	-23.152
GGACTT	212.0	3249.1	-23.152
TTGGCA	316.0	4132.1	-23.152
GTTCTG	271.0	4572.7	-23.152
CAATTG	210.0	2765.9	-23.152
AACATG	313.0	5584.0	-23.152
TTAAGG	275.0	3939.5	-23.152
GAATTC	240.0	4039.7	-23.152
ATCATG	299.0	4441.1	-23.152
ACTGAT	292.0	3926.2	-23.152
AAGTTC	237.0	4099.0	-23.152
TAGATG	213.0	3834.7	-23.152
ATGATG	417.0	5279.8	-23.152
GATGAT	361.0	4558.4	-23.152
TAGATA	276.0	4564.8	-23.152
CTTGCC	292.0	4833.4	-23.152
GTTCTC	235.0	4328.2	-23.152
TGTTAG	422.0	5296.5	-23.152
GGTTAT	161.0	2974.6	-23.152
GTTGGA	242.0	3468.6	-23.152
GTATCT	237.0	3451.3	-23.152
GTCTTA	219.0	3049.1	-23.152
GATAAT	277.0	4256.8	-23.152
ACATGT	274.0	4715.4	-23.152
ACTTGA	311.0	4489.5	-23.152
CAAAGA	344.0	6009.2	-23.152
CCTGAA	334.0	6065.0	-23.152
TCAAGA	272.0	5232.1	-23.152
ATTGTC	210.0	3211.2	-23.152
ATAGTA	250.0	4012.6	-23.152
GTTCTA	176.0	2852.9	-23.152
GTTTAC	203.0	3204.9	-23.152
TTTCGA	76.0	942.3	-23.152
CTCACG	67.0	1997.0	-23.001
GAACTG	258.0	3744.5	-22.976
GGCGTC	55.0	800.1	-22.956
ACCTGC	512.0	5349.3	-22.936
ATCGAC	31.0	336.7	-22.880
CAGAGT	391.0	6521.4	-22.715
TAAAGC	245.0	3623.3	-22.632
TGACGT	47.0	938.3	-22.461
TAACAG	251.0	3535.2	-22.428
CACCCA	728.0	8292.1	-22.407
TAGCCG	51.0	1126.6	-22.282
CAGGTC	148.0	3028.5	-22.262
CTACCG	37.0	627.2	-22.238
GGGATG	242.0	4015.2	-22.174
GATAGG	133.0	2249.1	-22.079
CCCAAT	181.0	2817.9	-22.075
TGCCGC	59.0	1154.4	-22.000
TCGATC	182.0	1552.3	-21.928
TAAGCG	42.0	544.0	-21.875
ACCGTG	213.0	2561.6	-21.820
TACGCC	54.0	653.6	-21.732
GTTACA	207.0	3320.5	-21.663
CATGAC	173.0	2689.5	-21.660
ACTACT	185.0	2744.6	-21.615
CTACAG	594.0	6404.5	-21.602
ACCTTA	241.0	3328.5	-21.573
GCATAA	280.0	2654.6	-21.541
TGTTCG	48.0	715.0	-21.479
CGCATA	62.0	351.2	-21.340
ACTACG	78.0	653.5	-21.203
CAGCGT	54.0	1218.0	-21.187
TCGTAT	53.0	734.9	-21.169
CCAACG	47.0	752.8	-21.110
CTCGTC	51.0	1027.8	-21.084
ACATGC	236.0	3407.6	-20.996
AGGTGG	366.0	6441.2	-20.836
CTAGAA	270.0	4509.3	-20.836
TAACTC	164.0	3163.0	-20.836
CTAATA	243.0	3526.2	-20.836
TACAGA	404.0	5263.9	-20.836
TCAGTA	310.0	4306.4	-20.836
GCATCA	196.0	2754.9	-20.836
GCAAAT	333.0	4407.0	-20.836
TTAAGC	272.0	3218.3	-20.836
AGAGTG	351.0	4893.1	-20.836
AGGTAA	299.0	4396.2	-20.836
GCTGAG	442.0	8214.6	-20.836
AAGCAT	361.0	4455.9	-20.836
AACATC	231.0	3408.5	-20.836
ACATCA	271.0	3696.6	-20.836
AGTCAT	216.0	4138.9	-20.836
GTCATG	189.0	2941.8	-20.836
AAGCTC	297.0	4815.1	-20.836
CCTAAC	156.0	2541.8	-20.836
ACTAAT	274.0	3535.8	-20.836
TCTACC	193.0	3237.2	-20.836
AAGCTA	272.0	3240.1	-20.836
TACAGT	311.0	4511.1	-20.836
TGCCCC	209.0	4208.4	-20.836
CTTACA	256.0	3394.9	-20.836
CACCAA	223.0	4262.8	-20.836
CTGAGA	482.0	7067.8	-20.836
CCACAA	270.0	4252.1	-20.836
CACAAT	288.0	4320.6	-20.836
ACAATG	261.0	4190.8	-20.836
AAGGGA	378.0	5114.3	-20.836
TGCAGG	239.0	5140.3	-20.836
CCTAAT	255.0	3534.1	-20.836
GAAATC	236.0	3920.8	-20.836
AGGTGT	434.0	5831.5	-20.836
TCCCAC	319.0	5803.8	-20.836
CTAATG	242.0	3257.1	-20.836
ATGCCT	503.0	6932.8	-20.836
TTATCC	251.0	3590.0	-20.836
GCTCCC	156.0	4038.4	-20.836
TAAGGT	241.0	3095.4	-20.836
TTAGTC	159.0	2783.3	-20.836
TCAGCA	269.0	4884.6	-20.836
AGGTTG	280.0	5410.1	-20.836
GACCTG	220.0	3580.6	-20.836
ACAAGT	235.0	3681.1	-20.836
GTTAGT	223.0	2706.4	-20.836
CATGGT	270.0	5277.1	-20.836
ATGGTG	311.0	6347.0	-20.836
ATAGAG	286.0	3665.8	-20.836
AGCTCA	487.0	6864.1	-20.836
AGCTGC	235.0	4459.2	-20.836
TCTGGG	310.0	6380.9	-20.836
AGAACT	321.0	4840.8	-20.836
GAGTAT	184.0	2515.8	-20.836
AGGCCT	243.0	4832.1	-20.836
TCTGAC	242.0	3678.3	-20.836
AGAGAG	465.0	6664.8	-20.836
CACAGT	286.0	5058.5	-20.836
TACATG	235.0	4019.8	-20.836
GATTGG	168.0	2887.1	-20.836
GAGTAA	246.0	3081.2	-20.836
CCCCCG	97.0	1680.9	-20.836
AGACTC	187.0	4012.8	-20.836
GTGTAT	290.0	4116.3	-20.836
ATGCAA	258.0	4146.8	-20.836
TGCAAG	255.0	4787.3	-20.836
CATGTA	280.0	4101.0	-20.836
CCATCT	422.0	6728.4	-20.836
ATGTGG	258.0	4700.9	-20.836
GAAGTG	355.0	4874.0	-20.836
AGGAGA	428.0	7035.2	-20.836
ATCACA	289.0	4817.4	-20.836
AGATAG	218.0	3953.9	-20.836
ATTAGC	200.0	4430.0	-20.836
ACTGGT	214.0	3395.3	-20.836
GTAGAA	264.0	4216.0	-20.836
TGGATA	296.0	3991.8	-20.836
TAGGAA	297.0	4832.6	-20.836
AGTACT	256.0	3069.2	-20.836
GACTCA	209.0	3481.5	-20.836
GGTTGA	189.0	2875.5	-20.836
GTTGAG	209.0	3289.9	-20.836
CCCCTG	315.0	5198.2	-20.836
CGGTTT	70.0	1240.3	-20.836
TTGGCG	40.0	778.1	-20.553
CCGCAG	73.0	1424.6	-20.460
CACCGC	239.0	3227.1	-20.433
CTGAAC	280.0	3531.4	-20.365
CACGTT	112.0	1482.1	-20.295
GATACG	45.0	544.6	-20.268
TTCGAG	92.0	1498.0	-20.035
ACCGCG	88.0	1574.8	-20.021
GCGACC	54.0	607.6	-20.011
AGCGAA	50.0	789.1	-19.997
GTTCCA	205.0	3583.7	-19.807
TGCCGG	66.0	1096.5	-19.698
GATCAG	207.0	2695.2	-19.641
GACTAG	156.0	1775.8	-19.397
ATGACC	174.0	2805.9	-19.204
AAGCGT	99.0	857.0	-19.142
CGTAGA	36.0	627.0	-19.052
ACGTCG	17.0	227.9	-19.038
CTCGAT	202.0	1838.0	-19.029
CCGGTT	49.0	906.3	-19.028
AGTCCT	236.0	4364.0	-19.011
GGTCAT	209.0	2641.6	-18.940
CGATGT	38.0	700.1	-18.880
GTAATC	230.0	4841.8	-18.844
CGACCG	20.0	284.3	-18.824
CCACGC	408.0	4258.4	-18.811
TAACCA	240.0	3613.7	-18.806
GGGTAT	145.0	2331.6	-18.806
CATAGT	186.0	3361.6	-18.806
GTAACT	243.0	3260.0	-18.806
CCCACA	220.0	4510.3	-18.806
CTTACC	176.0	2547.1	-18.806
ATACAG	304.0	3920.8	-18.806
ACCAAG	223.0	4009.7	-18.806
GCCCTC	172.0	4257.1	-18.806
AGGGCT	240.0	4106.4	-18.806
TGGCTG	403.0	6744.7	-18.806
GAATAG	250.0	3445.5	-18.806
ATAGGA	232.0	3130.1	-18.806
CCCATG	254.0	3723.1	-18.806
AACCAT	269.0	4061.1	-18.806
GCTAAA	300.0	3230.1	-18.806
AGGTCT	236.0	3761.1	-18.806
GAAGAG	417.0	5299.5	-18.806
AGAGCT	255.0	4640.4	-18.806
GCTCAG	335.0	5371.8	-18.806
ACTACC	162.0	1921.8	-18.806
TACTCC	137.0	2608.6	-18.806
CACCTA	179.0	3030.0	-18.806
AGTATC	173.0	2478.0	-18.806
GCCACA	220.0	4298.9	-18.806
CATCCC	181.0	3805.6	-18.806
CCAAGC	226.0	4241.1	-18.806
CCAGGC	1250.0	16769.3	-18.806
AGGCTC	253.0	4230.0	-18.806
CTAGTG	141.0	2399.1	-18.806
GTCTGG	276.0	4066.3	-18.806
CTTCCG	74.0	1391.6	-18.806
TGGGAA	437.0	6709.7	-18.806
GACTTG	230.0	3024.8	-18.806
CAAAGG	295.0	4652.1	-18.806
TCAATC	185.0	2618.5	-18.806
TCCCAG	789.0	12084.0	-18.806
GTGCCT	364.0	5815.2	-18.806
GTTATC	152.0	2221.9	-18.806
TGTAGG	209.0	3353.7	-18.806
TGGTGG	332.0	7941.4	-18.806
GGAGAT	330.0	4481.3	-18.806
TGCCCT	270.0	5767.6	-18.806
AGCTAT	259.0	3538.3	-18.806
ATCAAG	233.0	3477.6	-18.806
TCAAGG	301.0	4110.4	-18.806
TGCTAG	227.0	3139.4	-18.806
ACAGCC	185.0	4072.1	-18.806
GGTATA	165.0	2462.5	-18.806
AGCTCC	273.0	5513.1	-18.806
CTAGCT	219.0	2957.3	-18.806
ATGACA	285.0	4234.9	-18.806
GTATCA	145.0	2602.3	-18.806
TTCTCG	108.0	1424.0	-18.806
ACCCTC	197.0	4185.3	-18.806
TGACAG	277.0	4568.4	-18.806
GCCAAA	268.0	4092.2	-18.806
GCAAAG	290.0	4284.2	-18.806
GTACTG	206.0	2433.3	-18.806
GTAGTA	175.0	2686.8	-18.806
CATGTC	216.0	3231.7	-18.806
AGCATC	216.0	2990.4	-18.806
TAGACA	240.0	3510.3	-18.806
CACCAG	238.0	4672.8	-18.806
ATCAGG	196.0	3208.7	-18.806
CCTGCG	78.0	1551.2	-18.806
ACCATA	269.0	3419.6	-18.791
TACCAA	233.0	3429.0	-18.646
GTTTCG	162.0	1574.7	-18.305
TGCGAC	36.0	543.4	-18.270
TGGGAC	623.0	6929.7	-18.194
GGAACT	213.0	3629.5	-18.192
GGTCCA	161.0	2295.9	-18.084
CGATCT	274.0	3906.4	-18.071
ATGCCC	452.0	4823.0	-18.070
TATTTT	2602.0	32494.1	-17.910
CGCGTA	14.0	143.0	-17.837
GGTTGG	277.0	3810.7	-17.614
ACGGGC	56.0	743.0	-17.527
CCCATA	150.0	2359.4	-17.463
GTCAGT	305.0	3082.4	-17.370
CTCGTA	28.0	527.9	-17.366
TGACCC	199.0	3344.7	-17.359
CCACAC	543.0	5981.1	-17.258
CCGGTC	36.0	736.6	-17.135
GAGAAG	444.0	5750.9	-16.998
GTCTAG	134.0	1990.6	-16.998
TGCGTT	60.0	856.3	-16.998
TGATGC	182.0	3562.6	-16.998
AGGGGT	207.0	3526.2	-16.998
AGCCTA	203.0	3092.7	-16.998
CACAAC	207.0	2813.8	-16.998
CGTATT	81.0	983.3	-16.998
ACAGTG	362.0	5640.7	-16.998
ATTACC	213.0	3159.4	-16.998
TTACAC	204.0	2972.8	-16.998
ATGAAC	219.0	3634.3	-16.998
AGCCAT	337.0	4975.5	-16.998
TACTAG	133.0	2172.2	-16.998
AACCTA	170.0	2997.3	-16.998
GCAACT	201.0	2601.5	-16.998
CAACTC	172.0	3361.4	-16.998
TTGGGC	167.0	3345.3	-16.998
GCAGCC	275.0	5516.3	-16.998
CCAAGG	241.0	4938.1	-16.998
GGTCTG	209.0	3544.7	-16.998
GATCTA	136.0	2040.8	-16.998
AGCATG	280.0	4044.1	-16.998
CCAGAG	336.0	5817.8	-16.998
AAAGGC	263.0	4174.6	-16.998
ACTCAG	244.0	5105.7	-16.998
CAGATG	376.0	5769.0	-16.998
AGCAGA	340.0	5039.9	-16.998
CACAGG	302.0	5077.3	-16.998
CAAGTC	187.0	3033.4	-16.998
ACCAGG	275.0	4318.8	-16.998
AACAGG	248.0	3848.9	-16.998
ATCCCA	300.0	6604.4	-16.998
GACATG	225.0	3218.2	-16.998
GACTGG	223.0	3777.7	-16.998
TCTCGT	89.0	1335.9	-16.998
AACTAG	195.0	2761.6	-16.998
ACTAGA	189.0	2872.1	-16.998
GATATG	189.0	3064.1	-16.998
TGGACA	285.0	3883.1	-16.998
TCCCTA	190.0	3781.5	-16.998
CGAAAT	47.0	818.4	-16.998
CGCGAA	13.0	242.7	-16.879
GATCAC	213.0	4300.7	-16.774
TCGTAA	63.0	603.3	-16.368
GAAGAT	413.0	4427.3	-16.357
ACGGGT	48.0	691.3	-16.094
TGAGCC	735.0	11428.0	-16.067
CCCGCG	52.0	911.0	-15.997
CAGGGT	577.0	6473.5	-15.961
AGGCGA	110.0	1012.9	-15.643
AGTGCA	350.0	8926.2	-15.608
GAGCTC	236.0	3990.4	-15.479
ACAGAC	223.0	3698.1	-15.372
CAAAGC	340.0	4401.3	-15.372
GCTAAG	212.0	2622.1	-15.372
AGAAGC	276.0	4688.0	-15.372
GGTGCT	213.0	3627.6	-15.372
TCCCAT	281.0	4935.3	-15.372
ACCTAC	157.0	2352.3	-15.372
ATACTC	178.0	2243.3	-15.372
TAATCC	237.0	5738.0	-15.372
ACACCA	249.0	4457.8	-15.372
CATTAC	196.0	2828.9	-15.372
AGCTAG	239.0	2938.7	-15.372
TACCAT	293.0	4078.0	-15.372
GTACAA	139.0	2839.2	-15.372
GTTGAC	170.0	2102.3	-15.372
GGCCTA	179.0	2469.1	-15.372
ACAAGC	215.0	2958.7	-15.372
CACAGC	227.0	5046.8	-15.372
TACAGC	181.0	2832.3	-15.372
TAGAAC	202.0	2925.6	-15.372
ATTGGC	223.0	3175.9	-15.372
ATCTAC	163.0	2411.8	-15.372
GGTGGT	267.0	4824.4	-15.372
TGATAC	180.0	2650.8	-15.372
CGACCA	46.0	583.8	-15.323
CCGAAC	26.0	494.5	-15.283
ATTGGA	347.0	3673.7	-15.210
CCCTAA	183.0	3131.6	-15.078
ACTGCA	1030.0	12321.5	-14.877
GCGTAA	39.0	477.0	-14.836
AGCGTT	103.0	853.0	-14.808
GAGATC	213.0	3819.2	-14.737
AACGAT	98.0	798.6	-14.675
CCCGGC	471.0	5851.4	-14.646
TAGGCC	132.0	2253.0	-14.473
CGGACC	23.0	630.9	-14.372
CCGGAC	38.0	751.7	-14.370
AATTGG	347.0	3710.7	-14.336
GTAGGG	160.0	2391.2	-14.262
CTCTGC	760.0	8911.9	-14.210
CACCGT	207.0	2700.9	-14.179
GTAGGT	195.0	2845.6	-14.168
GCAACG	43.0	640.1	-14.083
CCGCAA	78.0	965.8	-14.066
TTCGAA	104.0	876.5	-14.038
CGTACT	24.0	427.4	-13.919
ATAGGC	213.0	2885.1	-13.915
TCGAAT	75.0	780.1	-13.899
TGGGCC	184.0	4459.5	-13.898
AGTAAC	221.0	3057.9	-13.898
TAGGGT	170.0	2902.2	-13.898
CCATGA	230.0	4133.8	-13.898
AGGCTA	234.0	3320.9	-13.898
CCGTCT	126.0	2261.8	-13.898
GTTCAC	254.0	3853.2	-13.898
CTAATC	152.0	2149.1	-13.898
ACTGAC	182.0	2787.2	-13.898
GACATC	155.0	2212.9	-13.898
ACAACC	209.0	2797.3	-13.898
ACAGTC	179.0	3054.7	-13.898
GATTGC	218.0	3331.9	-13.898
GTCATC	130.0	2763.3	-13.898
GGTTCC	183.0	2987.0	-13.898
AGTGAC	236.0	3731.0	-13.898
GGGCTA	115.0	1955.4	-13.898
TAGTAC	145.0	2050.0	-13.898
GGGTCA	152.0	2832.1	-13.898
GTTCGC	34.0	469.8	-13.827
GCTGGA	520.0	10868.4	-13.623
CGCGTC	42.0	437.6	-13.595
CGCCGC	76.0	1432.4	-13.512
AACACC	201.0	3032.0	-13.400
GTCAGC	160.0	2712.7	-13.390
GGTCAA	235.0	2430.4	-13.365
CGATCG	17.0	205.6	-13.342
AATCGA	60.0	572.5	-13.332
CCATAG	151.0	2474.0	-13.182
ATACGC	32.0	400.2	-13.179
ACAGGG	517.0	5877.9	-13.174
CGTCCG	49.0	459.0	-13.086
CCGCAT	59.0	642.5	-13.081
TCAGCG	40.0	968.6	-12.883
TAGTGG	307.0	3285.3	-12.868
TATCGA	20.0	437.9	-12.795
GCATGT	357.0	3898.1	-12.790
TGCCCA	875.0	10499.0	-12.660
TATCGG	19.0	394.0	-12.613
AACCCC	210.0	4081.7	-12.556
CCAATG	184.0	2768.3	-12.556
CCATGG	214.0	3916.5	-12.556
GCAAAC	171.0	2834.8	-12.556
ATAGAC	155.0	2284.2	-12.556
GCTACC	161.0	2038.2	-12.556
TCGGCT	210.0	3821.4	-12.556
TATGCC	173.0	2741.6	-12.556
TCTCGG	231.0	4008.2	-12.556
ATCTCG	191.0	3608.6	-12.556
TCGTCT	62.0	975.8	-12.556
GTAGAC	114.0	1874.5	-12.540
GCGTAG	23.0	500.6	-12.418
GACCTT	360.0	3960.9	-12.332
ACGCGC	40.0	417.2	-12.299
ACGCGA	16.0	221.2	-12.162
GCCCGT	101.0	884.2	-12.100
CGGCCA	115.0	1580.6	-11.977
CGATAC	50.0	347.5	-11.747
CACGAC	34.0	719.4	-11.679
CGTAAG	35.0	668.4	-11.673
GCGTTC	60.0	668.3	-11.565
GTATCG	24.0	370.6	-11.444
AATTCG	60.0	773.5	-11.330
TAAGCC	203.0	3023.9	-11.330
GGTGGG	307.0	6622.7	-11.330
TGCTCG	56.0	932.4	-11.330
GTACCT	170.0	2773.3	-11.330
TGGGAG	383.0	8995.4	-11.330
GGCATA	165.0	2210.0	-11.330
CAGCCG	84.0	1538.6	-11.330
AATAGC	263.0	3581.8	-11.330
GGGAGT	207.0	3401.0	-11.330
GTGCAA	246.0	4359.6	-11.330
CTAGGC	182.0	2877.6	-11.330
GCTGCG	79.0	1343.6	-11.320
GCTAAC	114.0	1972.7	-11.226
GACTCG	34.0	722.2	-11.222
CGCGCC	136.0	2451.2	-11.125
TCGAAG	75.0	694.5	-11.067
TTTTTT	8366.0	110612.1	-10.975
CATAAT	369.0	4154.3	-10.893
GCGTCG	27.0	301.3	-10.752
CATCCG	64.0	828.4	-10.719
TGTCGG	34.0	688.3	-10.696
CACACC	579.0	6833.7	-10.669
AGCAGT	401.0	4571.7	-10.624
GACCGG	45.0	703.5	-10.615
CAGTTG	336.0	3758.9	-10.596
TTTTAT	1655.0	20971.5	-10.588
AGACGA	116.0	1082.7	-10.555
TGGCCG	87.0	1584.5	-10.305
TCCCGC	135.0	1750.0	-10.209
AAATCG	52.0	795.2	-10.209
GAACAC	214.0	2745.9	-10.209
GGTGTC	158.0	2723.6	-10.209
TCGCCA	145.0	1641.5	-10.209
CGAGCT	61.0	883.1	-10.209
TTCGGA	37.0	711.4	-10.209
CCTTGT	452.0	5237.4	-10.196
AAACTT	545.0	6432.9	-10.177
GTGTAG	246.0	2671.2	-9.915
AAGATC	311.0	3478.1	-9.905
AGTCGG	86.0	767.7	-9.838
TCGGGC	70.0	845.2	-9.780
CTTCGG	102.0	954.0	-9.743
CAGTCA	338.0	3819.6	-9.719
ATGGCC	215.0	3189.1	-9.526
CCCGGG	379.0	4354.3	-9.500
TCCGCG	17.0	539.2	-9.491
TTTAAT	1030.0	12828.4	-9.458
GTGCCA	453.0	5301.0	-9.419
TTCGGC	88.0	803.5	-9.277
ATAGGG	178.0	2334.4	-9.180
CTAGTC	146.0	2034.3	-9.180
TAGAGC	174.0	2364.5	-9.180
CTAACC	162.0	2289.1	-9.180
GTGGGA	296.0	4943.7	-9.180
GTTAGC	252.0	3250.7	-9.180
TAGTGC	101.0	2274.1	-9.180
CTCGGG	79.0	1968.6	-9.180
GCATAC	116.0	1529.5	-9.180
GCTTCG	69.0	811.6	-9.180
CCGCTT	77.0	1222.4	-9.180
TACCAC	282.0	3150.0	-9.164
AAGCAG	473.0	5583.0	-9.157
GGCCGC	90.0	1387.1	-9.021
AGGCAC	428.0	5012.6	-9.017
AGTGTA	317.0	3610.6	-8.934
TACGGC	47.0	359.3	-8.900
AAGGGC	194.0	3132.6	-8.876
ACGCAT	50.0	614.0	-8.731
ATGCAC	282.0	3176.1	-8.654
ATCGGG	45.0	575.6	-8.595
GGTACA	139.0	2539.9	-8.525
GCAGTT	345.0	3985.2	-8.478
ATCGGT	26.0	465.7	-8.472
ACACCC	354.0	4112.1	-8.393
AGACTA	240.0	2667.2	-8.377
TAGGAG	302.0	3444.4	-8.357
ACTAGC	109.0	1677.4	-8.319
GCACCA	374.0	4538.8	-8.316
AGCATA	259.0	2908.8	-8.246
ACGATT	74.0	877.2	-8.237
GGGGTC	157.0	2934.9	-8.237
GCCAAT	197.0	2927.0	-8.237
GTAGCA	183.0	2498.8	-8.237
TACGAG	54.0	447.8	-8.190
TAACGG	58.0	491.2	-8.167
CATGCA	367.0	4306.1	-7.910
GCGCGT	49.0	398.6	-7.880
GTCCCG	44.0	983.3	-7.858
AGCGTA	26.0	451.3	-7.845
CGGCCG	87.0	997.6	-7.815
ACGACA	42.0	609.3	-7.790
AGCGAC	31.0	618.4	-7.708
GCCGGT	45.0	728.1	-7.681
AGTGGA	380.0	4487.9	-7.661
AATCGG	37.0	513.1	-7.629
CGCATC	30.0	586.1	-7.596
GTCCGC	58.0	693.1	-7.588
ACTCCG	59.0	1353.3	-7.586
ATGTCG	44.0	610.1	-7.568
TCCACG	64.0	1152.5	-7.545
TCGAGT	62.0	806.9	-7.456
TCGTAC	22.0	336.5	-7.435
CGAATA	47.0	672.3	-7.412
TCGTCA	33.0	761.1	-7.387
GCAATC	267.0	3547.5	-7.371
GTGAGC	549.0	8196.5	-7.371
GTCCAC	152.0	2094.8	-7.371
CACTAC	192.0	2509.4	-7.371
CAGTAG	281.0	3913.7	-7.371
GGTCAC	136.0	2571.7	-7.371
CGGAAT	36.0	740.1	-7.371
GACGAG	90.0	879.3	-7.358
ATAGCT	335.0	3936.5	-7.344
GTCGGT	39.0	474.4	-7.274
ACGTCC	46.0	773.7	-7.225
GAAAAA	874.0	11009.4	-7.215
GCCGCA	51.0	918.9	-7.178
GATAGC	150.0	1612.7	-7.101
CGGTAC	42.0	338.6	-7.068
TTTAAA	1518.0	19654.4	-7.066
CGTTCA	64.0	757.1	-7.054
GCGATG	46.0	796.5	-7.009
CGTATA	47.0	551.7	-7.002
TGAACA	393.0	4700.4	-6.999
ACGCCC	263.0	3041.9	-6.837
TCGGCG	29.0	376.9	-6.736
AATAGA	442.0	5362.7	-6.726
GGTCCG	39.0	562.1	-6.677
CAGGAT	497.0	6090.8	-6.636
ATCCGA	52.0	492.6	-6.610
GGAACG	76.0	736.7	-6.594
GAAATT	567.0	7012.6	-6.593
TGATGA	464.0	5670.1	-6.581
TTCGTG	93.0	940.8	-6.579
GGACAG	237.0	3629.7	-6.577
GAGTGC	327.0	7705.1	-6.577
GACCAT	131.0	2709.9	-6.577
TCGAGA	51.0	1611.7	-6.577
TAACGT	42.0	860.6	-6.577
CTCGCG	24.0	534.3	-6.520
TCCGAC	30.0	533.7	-6.484
ATACGG	43.0	503.7	-6.449
CCACGA	67.0	1083.1	-6.391
ATAAGG	257.0	2992.0	-6.345
GAGCTA	218.0	2503.0	-6.321
AGGCGT	338.0	4038.6	-6.282
ACGACC	40.0	567.0	-6.275
CGGATA	47.0	409.2	-6.253
GACAAT	236.0	2731.1	-6.251
GCGAGT	32.0	685.0	-6.220
TTTCGC	149.0	1643.0	-6.150
GAAGAA	572.0	7128.1	-6.150
GTCGTA	44.0	378.8	-6.144
GTTCGG	33.0	493.9	-6.139
GCGTGC	119.0	1264.3	-6.134
ACGCGT	14.0	213.7	-6.116
GTTTTT	1315.0	17089.6	-6.062
TAAGAC	234.0	2725.2	-5.918
CGCACG	45.0	395.1	-5.876
GTATAC	137.0	1971.4	-5.850
TCACGC	143.0	2654.5	-5.850
GTTCGT	51.0	594.1	-5.850
TTAACG	69.0	751.2	-5.850
CACGTC	64.0	970.6	-5.850
AATGGA	422.0	5172.5	-5.823
CACGCC	504.0	6252.0	-5.813
GGCGTT	80.0	808.4	-5.798
AGTACG	49.0	443.7	-5.796
ACGACG	7.0	279.8	-5.787
GTCGGG	91.0	948.2	-5.649
CCCGAT	65.0	635.4	-5.592
CGTAAA	71.0	707.1	-5.564
TTGTGA	491.0	6119.2	-5.563
CGTAAC	48.0	438.7	-5.532
CTTGTG	380.0	4655.9	-5.486
CGAATC	53.0	497.5	-5.473
ACGCAA	43.0	552.3	-5.452
ACGGCC	73.0	737.9	-5.405
ATCCGT	67.0	666.6	-5.352
AATCCG	69.0	692.9	-5.285
GAACGG	37.0	609.6	-5.202
AACTAA	323.0	3930.6	-5.188
CAAACG	55.0	975.9	-5.184
AAGTCG	59.0	667.0	-5.184
GGATGG	481.0	6014.7	-5.181
ACGAAA	86.0	905.1	-5.135
GAACGA	66.0	661.2	-5.133
TAGACG	40.0	586.1	-5.065
ATGCGA	26.0	540.6	-5.021
CGGGTA	19.0	607.6	-5.019
CCTCTG	744.0	9549.5	-4.987
GACGAC	48.0	453.7	-4.947
TACCGA	31.0	480.0	-4.946
TAGCAT	279.0	3375.5	-4.910
CAGTCG	72.0	744.9	-4.843
TTACCA	349.0	4306.7	-4.843
GATACC	156.0	1800.9	-4.829
ATGCGT	65.0	660.2	-4.795
TACGAC	25.0	286.5	-4.781
GTGTAC	172.0	2000.3	-4.771
GAACGT	71.0	737.0	-4.726
TTAAGA	484.0	6105.9	-4.725
TGTGCC	499.0	6308.0	-4.718
AAACGA	107.0	1188.5	-4.688
TAGGGA	273.0	3325.0	-4.688
AACGGA	46.0	763.7	-4.609
TAATGG	284.0	3469.7	-4.597
AGTACC	145.0	2220.0	-4.576
TGTCGA	43.0	571.9	-4.576
GATCGT	36.0	742.8	-4.508
ATACGA	50.0	489.9	-4.502
GAGACA	638.0	8201.5	-4.489
GCGTAC	35.0	314.5	-4.481
CGGAAA	69.0	975.7	-4.463
TATGCG	41.0	385.0	-4.405
TGAACG	75.0	798.3	-4.375
GGTGTA	192.0	2291.4	-4.374
GCGTAT	44.0	422.3	-4.371
AGGATG	490.0	6234.6	-4.349
GACGAT	30.0	545.5	-4.323
CTACGA	49.0	483.4	-4.305
TATGGT	275.0	3371.0	-4.296
CGAGCA	62.0	733.2	-4.281
TTCGAT	64.0	666.8	-4.271
AGTGCG	47.0	883.6	-4.271
ATCTGA	329.0	4094.1	-4.260
TTATAT	657.0	8488.4	-4.252
GCATCG	32.0	564.1	-4.242
TAGCGT	52.0	523.2	-4.173
TAACGC	40.0	380.5	-4.157
ACGGAA	53.0	849.2	-4.136
CGCAGC	78.0	1323.7	-4.111
CACTGT	524.0	6716.9	-4.097
AGGCGC	249.0	3061.4	-4.053
TTGAAA	688.0	8940.1	-4.038
CGTAAT	50.0	673.1	-4.021
ACGTAA	52.0	792.4	-4.021
TGTAGC	251.0	3077.1	-4.018
TGCGTA	55.0	630.4	-3.961
ACATCG	44.0	637.9	-3.958
GGTAGA	281.0	3482.8	-3.957
GCATAT	246.0	3030.8	-3.932
ATTGGT	304.0	3791.9	-3.925
CGAAAA	85.0	944.6	-3.912
TTTGCG	77.0	844.3	-3.882
AAAACT	592.0	7660.2	-3.863
TCGCAT	49.0	498.0	-3.861
GTGCAC	247.0	3051.9	-3.838
TGCGGG	62.0	1043.5	-3.803
TCGGCA	56.0	645.6	-3.798
CACGTA	66.0	822.2	-3.779
ACGACT	49.0	500.6	-3.771
GGCAAT	214.0	2620.8	-3.755
CGCAAT	63.0	910.3	-3.721
ACGAGT	57.0	601.3	-3.705
AAGGAA	636.0	8289.8	-3.645
CGAGTG	64.0	960.6	-3.634
GACATA	202.0	2467.8	-3.633
AGCGGG	59.0	1037.4	-3.626
CCGCTA	42.0	602.9	-3.577
CGTTCG	23.0	199.6	-3.547
ACTTAA	359.0	4562.2	-3.541
GACTAT	191.0	2340.6	-3.529
CCGATT	47.0	747.5	-3.517
GCGTTG	55.0	583.7	-3.502
GCGATA	29.0	459.8	-3.479
TACTAC	162.0	1952.3	-3.478
TATATA	738.0	9711.3	-3.395
ACCGGG	48.0	903.6	-3.378
GGGTAC	80.0	1667.8	-3.374
ACGCAC	70.0	778.3	-3.364
TGGCGA	48.0	1028.3	-3.360
TTAAAT	829.0	10966.9	-3.298
TTGGCT	554.0	7221.7	-3.298
TCTTAC	259.0	3254.4	-3.277
TAAATC	308.0	3913.0	-3.268
CGATAG	43.0	445.4	-3.242
CGTCAA	20.0	536.1	-3.227
CTTATC	211.0	2626.1	-3.207
GGTAGC	162.0	2196.4	-3.205
TCCATG	382.0	4916.8	-3.191
GCGGTA	44.0	460.5	-3.164
CGCATG	65.0	902.4	-3.155
ATTCGT	67.0	750.2	-3.148
AAGATT	466.0	6054.2	-3.126
GCATTG	225.0	2812.7	-3.121
ACGATA	53.0	575.0	-3.100
TAAGGC	183.0	2266.6	-3.099
GTCACG	50.0	803.4	-3.079
GCAGTA	230.0	2886.6	-3.075
ATATAT	799.0	10603.4	-3.073
TACGCA	43.0	451.8	-3.073
AGTCAG	327.0	4193.0	-3.042
TGCGAA	56.0	615.7	-3.042
GCGCAA	77.0	884.1	-3.032
TTAATG	443.0	5764.0	-3.016
CGCACC	127.0	1698.2	-3.012
CGAACA	33.0	523.3	-3.003
TCCGGT	30.0	676.7	-3.000
GGATAC	140.0	1706.8	-2.987
CTACGG	46.0	492.1	-2.969
GGCGTA	46.0	492.6	-2.969
ATCAGA	316.0	4061.3	-2.959
GTCTGA	247.0	3144.3	-2.849
GTAACG	43.0	460.6	-2.831
ATACCG	43.0	461.1	-2.806
TTGCGT	65.0	742.5	-2.784
TCGATG	58.0	653.0	-2.758
ATACTA	229.0	2909.0	-2.697
GGATCG	23.0	670.7	-2.665
TAGGCG	78.0	917.4	-2.662
TACCGC	47.0	517.3	-2.661
GAGTCG	46.0	753.7	-2.652
TCGTGC	65.0	1121.2	-2.647
GAATAA	393.0	5134.4	-2.636
TAAGAT	332.0	4316.0	-2.630
GGGTCG	59.0	672.7	-2.628
GATGTA	223.0	2847.3	-2.624
GAAGCG	71.0	966.6	-2.612
AACGCG	27.0	270.2	-2.606
AACGGG	49.0	744.9	-2.598
CGGTCA	33.0	571.8	-2.595
AATAGG	251.0	3216.3	-2.576
CCGGCG	66.0	766.9	-2.568
GTGCCG	50.0	976.7	-2.552
GATCCT	353.0	4614.3	-2.531
TGCATA	297.0	3843.4	-2.529
ACTTCG	68.0	794.1	-2.528
TAACTA	240.0	3086.2	-2.482
TCGGTA	43.0	475.5	-2.462
ACGGTT	40.0	711.0	-2.459
CGTGTA	62.0	721.6	-2.425
TAAGCA	286.0	3715.7	-2.421
CGCATT	55.0	631.1	-2.421
GCGAAC	31.0	379.0	-2.416
ACGTGT	101.0	1238.1	-2.412
AGACAG	663.0	8867.9	-2.397
CTATAC	135.0	1687.1	-2.377
CATTGG	239.0	3085.6	-2.369
GCACGC	95.0	1163.0	-2.352
AAAGCA	511.0	6796.2	-2.342
TCACCG	178.0	2269.8	-2.315
CAACTA	185.0	2367.8	-2.299
AATGCG	36.0	605.0	-2.276
TGACGA	54.0	626.1	-2.266
ACGTAG	58.0	680.7	-2.226
AGACTT	332.0	4372.1	-2.208
AGTCGC	27.0	642.1	-2.198
AAAGGT	342.0	4506.9	-2.182
GAACAG	278.0	3632.9	-2.180
CCAGCT	754.0	10166.1	-2.175
TATACG	43.0	488.2	-2.173
CGTCGT	23.0	235.2	-2.167
CAAGGA	336.0	4436.8	-2.164
ATGAGC	356.0	4698.5	-2.155
TCAGAT	381.0	5048.1	-2.145
TGTTAA	443.0	5897.3	-2.143
AGTCGT	55.0	646.1	-2.135
ACTGTT	376.0	4978.1	-2.127
GGTTAG	166.0	2126.5	-2.085
TATACT	273.0	3588.7	-2.082
AGGAAA	668.0	9011.3	-2.077
CGGCAA	39.0	676.6	-2.051
TGCGCA	70.0	850.5	-2.044
TGAAAT	651.0	8773.3	-2.042
CGTCTG	96.0	1200.1	-2.030
GTAAGG	181.0	2341.7	-2.030
ACCGAT	20.0	531.3	-2.028
CGATGC	53.0	671.5	-2.007
GTACGC	24.0	253.3	-2.002
GCGTTA	40.0	458.3	-1.993
ATAGGT	234.0	3062.6	-1.988
ATTGAC	210.0	2739.4	-1.974
AAGTAT	381.0	5078.1	-1.965
ACGAGG	105.0	1328.9	-1.960
AAACTA	370.0	4932.7	-1.960
GCGCCA	171.0	2209.7	-1.959
CTTAAC	218.0	2854.4	-1.958
CGAGGA	88.0	1097.5	-1.956
ACTAGT	161.0	2072.0	-1.943
CGGAAC	48.0	566.0	-1.932
CTCCAC	486.0	6533.4	-1.911
CGCTTC	92.0	1156.0	-1.910
TATCCG	33.0	454.8	-1.908
ATGAAA	619.0	8365.9	-1.883
CTCGGT	93.0	1173.0	-1.865
TGAAGA	484.0	6513.9	-1.864
CCGCGG	68.0	835.2	-1.858
TACCCG	46.0	668.3	-1.850
ATGTAA	425.0	5700.8	-1.849
GGAAAT	433.0	5818.5	-1.847
AGTTAA	374.0	4997.8	-1.839
GATGAA	372.0	4983.6	-1.834
GAGGAA	432.0	5808.8	-1.825
GAAGAC	260.0	3439.9	-1.823
CCGATC	45.0	532.6	-1.820
AAACGG	51.0	1041.4	-1.817
AACTTA	293.0	3899.3	-1.814
ATAGTC	177.0	2310.4	-1.812
CGACTT	56.0	679.6	-1.798
CATACG	47.0	560.8	-1.788
TAGTGT	248.0	3288.0	-1.788
CTTACT	290.0	3861.7	-1.785
ATAGAA	391.0	5241.0	-1.785
CCGTAA	51.0	614.2	-1.782
GTGTAA	242.0	3204.5	-1.778
CAATCG	31.0	426.4	-1.775
CGAAGG	70.0	869.3	-1.768
TGGTTG	311.0	4153.2	-1.761
GCCGGC	101.0	1291.1	-1.754
GGACGA	46.0	620.9	-1.736
GAGAGT	239.0	3167.9	-1.733
GTACTA	139.0	1804.8	-1.724
ATACCC	163.0	2125.5	-1.718
CGTGAG	273.0	3641.4	-1.717
AATGCA	382.0	5138.3	-1.707
TAAGAG	282.0	3759.7	-1.698
CGTAGG	45.0	539.9	-1.697
CCGTCC	82.0	1038.2	-1.686
AATACT	340.0	4560.0	-1.678
GAAATG	504.0	6821.4	-1.675
TTGGAG	387.0	5225.0	-1.641
TGCGCC	180.0	2373.8	-1.638
AACAGC	267.0	3569.6	-1.633
AAGCGG	43.0	887.9	-1.618
TAAAAG	539.0	7332.8	-1.615
GACGGT	37.0	677.5	-1.603
GGACAT	212.0	2816.0	-1.602
CGGTAG	46.0	559.0	-1.601
TACGAA	49.0	599.3	-1.598
AGCGCA	63.0	787.8	-1.596
TTTACC	347.0	4676.4	-1.596
AGCGGA	48.0	785.5	-1.577
CGTCTA	39.0	467.6	-1.573
AAGAGT	328.0	4418.7	-1.572
GACGAA	53.0	654.2	-1.572
CCATAC	161.0	2115.1	-1.571
TAGACT	207.0	2755.2	-1.539
ACTATG	251.0	3355.3	-1.532
CGAGCG	25.0	424.6	-1.518
TTAATT	843.0	11571.7	-1.514
GTACGA	31.0	364.2	-1.511
GTATAA	263.0	3531.4	-1.511
GCCCGG	351.0	4751.1	-1.509
CGCGGC	37.0	790.6	-1.499
CGTGAA	94.0	1220.8	-1.486
TAAGGG	183.0	2437.7	-1.478
ACTATA	247.0	3322.5	-1.471
GAACAT	278.0	3741.1	-1.465
TGCGGA	57.0	716.4	-1.454
GGAACA	257.0	3455.3	-1.449
CCGTCA	62.0	785.6	-1.446
TAATCG	42.0	515.4	-1.438
TAGTCA	221.0	2971.0	-1.430
ACGAAC	32.0	464.3	-1.417
ACAATT	376.0	5109.3	-1.407
TCACTG	881.0	12151.7	-1.406
GATAAG	200.0	2675.5	-1.404
GTAGTG	212.0	2846.3	-1.402
CATAAC	163.0	2165.3	-1.402
TTAGCG	42.0	518.5	-1.392
TGTAAC	241.0	3250.7	-1.384
CATACT	200.0	2678.8	-1.384
GGTCGG	57.0	818.7	-1.381
TTAACA	392.0	5337.0	-1.380
ATGCAT	308.0	4177.6	-1.380
TCGATA	39.0	480.0	-1.374
AAGACG	81.0	1052.6	-1.372
CCTGTC	315.0	5591.0	-1.366
GGTCGT	39.0	561.7	-1.365
AGAGGA	397.0	5414.3	-1.364
GATGCG	31.0	690.4	-1.362
TTGTGT	469.0	6832.3	-1.362
TAGGCA	259.0	3500.6	-1.357
TAAACG	55.0	839.3	-1.349
GCAATA	204.0	2741.8	-1.346
GAATTG	280.0	4160.4	-1.344
CTGTGA	338.0	6226.5	-1.324
AGAAAG	605.0	8323.0	-1.324
ACTGAA	409.0	5587.1	-1.322
GCCATA	179.0	2404.3	-1.314
AACGTT	72.0	1130.9	-1.312
TGTTCT	412.0	6665.6	-1.311
GGGGGT	194.0	3071.1	-1.310
GCACGT	85.0	1114.5	-1.306
TCTAAC	142.0	2548.1	-1.302
AGGTCA	225.0	4850.2	-1.300
TCCAAG	278.0	4625.0	-1.299
GCTCCT	208.0	5262.2	-1.298
GTATGC	132.0	1758.0	-1.293
CCCCGA	93.0	1226.8	-1.292
CGTCTC	90.0	2272.2	-1.280
GACGCG	16.0	421.1	-1.274
GTCGGA	30.0	504.3	-1.270
AGTGAA	418.0	5733.9	-1.270
GATATT	333.0	5374.4	-1.269
TCTTGT	359.0	6167.7	-1.258
CTTCGC	58.0	1007.1	-1.255
TGAAGC	309.0	4217.7	-1.253
TATTAA	511.0	7553.0	-1.247
TTGCAA	357.0	4881.6	-1.238
ACTGTA	336.0	4602.0	-1.234
GTAAAA	457.0	6280.1	-1.234
ATACTT	342.0	4738.8	-1.232
CTGAAA	476.0	7379.2	-1.232
ATAACT	286.0	3900.5	-1.231
CTCAAT	280.0	3815.3	-1.223
TAATCA	294.0	4019.5	-1.223
GCTTGT	204.0	3354.9	-1.222
ATGGTT	328.0	4487.4	-1.222
GTAACA	218.0	2962.2	-1.222
GTCAAA	255.0	3468.2	-1.218
TGGAAA	566.0	8001.7	-1.215
ACCGAA	53.0	681.5	-1.211
GTCGCG	24.0	288.3	-1.195
GTCGAT	31.0	382.1	-1.194
CAATGC	157.0	2553.5	-1.184
CTAAAC	192.0	2610.8	-1.184
CGAATG	54.0	697.5	-1.183
CATCAC	280.0	3824.6	-1.177
GAGCAA	265.0	3621.8	-1.177
CCATAT	280.0	3890.0	-1.172
TCGTTC	57.0	740.8	-1.171
CTTCCC	412.0	7188.4	-1.169
AGAAGG	365.0	5795.3	-1.167
CACTAT	248.0	3392.7	-1.162
TTACTA	257.0	4108.3	-1.159
TGGTGT	332.0	5588.2	-1.148
GGATAG	153.0	2077.4	-1.130
TGTTTT	1444.0	20689.5	-1.125
ACAGGA	324.0	4664.1	-1.125
TTGACG	45.0	578.9	-1.124
TATACC	173.0	2349.0	-1.123
CAGTTA	281.0	3851.2	-1.117
TTATAA	421.0	7759.1	-1.116
ATCGAT	41.0	637.8	-1.113
TGGAGA	491.0	6797.4	-1.109
CGTTTT	165.0	2237.5	-1.109
GATTGA	228.0	3113.0	-1.104
CGGACG	18.0	331.2	-1.104
TAGTTT	505.0	8537.9	-1.102
CCGAAT	54.0	756.3	-1.097
AGAACG	69.0	925.7	-1.096
TAGGCT	229.0	3394.2	-1.092
CTAGAG	198.0	3314.1	-1.089
AGCAAC	180.0	3067.3	-1.085
AAAGAT	511.0	7077.0	-1.084
ATTGCT	339.0	5672.8	-1.080
GCGCAT	55.0	720.3	-1.077
GCGACT	26.0	562.0	-1.077
ACCTTC	210.0	3919.1	-1.076
AAATGA	677.0	9409.0	-1.075
ACAAAG	349.0	5473.7	-1.073
GCACAT	252.0	3453.1	-1.073
TGTAAA	533.0	7386.2	-1.071
GACTGA	243.0	3339.1	-1.064
CGAAGA	57.0	839.9	-1.056
ACCACT	267.0	4425.8	-1.055
GTATGA	195.0	2664.9	-1.043
TTACAA	330.0	5603.2	-1.037
AAACCT	315.0	5616.4	-1.033
CTGCTT	443.0	6678.0	-1.029
CGTGCA	82.0	1102.4	-1.027
CGCGTG	42.0	545.0	-1.025
GAGCAG	319.0	4401.0	-1.021
TTTCTA	538.0	8913.1	-1.019
ACCATC	227.0	3843.5	-1.015
CTGACA	234.0	3876.1	-1.014
GTAGGC	133.0	1813.0	-0.997
GGAAAG	425.0	5894.8	-0.996
TGCAAA	435.0	6046.4	-0.990
CTTTCG	70.0	939.4	-0.990
TCCGAG	78.0	1051.0	-0.989
TACCCC	144.0	1972.7	-0.987
GGATAT	227.0	3123.0	-0.985
TAACGA	40.0	565.6	-0.984
GTGCGT	68.0	911.7	-0.983
TCCAGA	288.0	5508.1	-0.982
ATCAGT	277.0	3824.3	-0.976
GGCCGG	113.0	2203.5	-0.971
TCGGGG	84.0	1139.0	-0.967
CGTCGC	29.0	370.8	-0.966
GACACG	57.0	827.8	-0.964
GAAACT	352.0	5346.5	-0.958
GCGTGT	86.0	1167.2	-0.958
ACTCAT	211.0	3815.8	-0.951
GCTGAC	170.0	2711.6	-0.950
AACGGT	45.0	594.4	-0.948
AAAGGA	485.0	7082.6	-0.945
CGGCGG	63.0	846.9	-0.943
CTAAGA	246.0	3408.6	-0.942
TGCCTG	728.0	10977.5	-0.942
GCTCAT	220.0	4062.8	-0.940
ACTATC	133.0	1823.7	-0.934
GAGAGA	438.0	6219.9	-0.931
CGAGTT	73.0	988.7	-0.926
GCGAAG	54.0	721.8	-0.925
CGGGCC	92.0	1257.9	-0.924
CTAGTT	250.0	3588.3	-0.921
AATGAG	377.0	5243.9	-0.919
GCACCC	268.0	3721.5	-0.918
CCTAGC	201.0	2776.0	-0.915
TTAACT	373.0	5221.7	-0.909
TTTTTC	1256.0	18670.0	-0.904
TAAACC	224.0	3097.7	-0.903
ACTAAC	136.0	1871.4	-0.903
AAGGAT	283.0	4482.2	-0.902
TCCGTC	99.0	1359.0	-0.900
AAGAAA	978.0	13706.3	-0.895
CAGGCC	228.0	5206.6	-0.895
GGTCGA	37.0	487.1	-0.895
AATTTC	430.0	7236.4	-0.894
GTTGTC	183.0	2534.2	-0.894
CTACGC	42.0	557.3	-0.888
CTCTCA	348.0	5836.1	-0.886
CATAAG	196.0	2710.3	-0.880
ATGCTT	350.0	4882.8	-0.880
ACGCCA	145.0	2005.1	-0.874
GTTAAG	214.0	2974.1	-0.869
GAAGGG	302.0	4508.4	-0.868
AGCAGG	342.0	4766.8	-0.867
AGTATG	217.0	3018.1	-0.865
ACGCTT	61.0	826.5	-0.865
AGGCAA	308.0	4293.9	-0.863
TTGCCC	444.0	7224.1	-0.863
TTTGAC	284.0	4490.8	-0.860
ATCACC	245.0	4082.3	-0.851
AAGGTT	301.0	4297.0	-0.850
CCTAGG	201.0	3921.2	-0.846
AAATAG	461.0	6455.7	-0.844
GGCTAC	133.0	1840.8	-0.838
CCGATA	30.0	394.2	-0.832
CAAGGG	194.0	3414.4	-0.832
AGGACT	262.0	3656.8	-0.823
GATACA	201.0	3064.2	-0.822
CAATGA	280.0	3907.4	-0.820
TGGGTA	174.0	3867.3	-0.819
GCGACG	11.0	287.9	-0.818
TACTTT	540.0	7750.1	-0.817
TCTGAA	435.0	6101.1	-0.815
ATTTCG	68.0	1020.4	-0.810
GAGATA	241.0	3988.6	-0.810
TTGAGC	246.0	4076.9	-0.809
GCGCTA	34.0	453.2	-0.806
TTCCAC	261.0	4759.0	-0.806
TGAAAA	730.0	10254.9	-0.805
AACATT	508.0	7125.6	-0.800
GGCACC	259.0	3619.1	-0.798
GCCGCG	66.0	905.4	-0.798
CGTATC	38.0	510.8	-0.795
TGCCGA	61.0	859.1	-0.794
AGCCTG	367.0	9385.1	-0.793
TGAGCA	327.0	4581.1	-0.790
CGAACC	45.0	610.6	-0.785
CGCTAT	42.0	567.1	-0.785
CATATG	264.0	3696.5	-0.784
ATGGAA	422.0	5916.9	-0.782
ATGCCG	50.0	681.8	-0.778
AACCGA	35.0	704.5	-0.777
GTAAAT	366.0	5433.2	-0.776
GGTCGC	44.0	607.6	-0.774
CTTAAT	330.0	4630.2	-0.773
GATGGC	202.0	3126.7	-0.768
GAAGCT	285.0	4366.0	-0.767
TCGCTA	41.0	555.3	-0.765
AGACGT	75.0	1038.2	-0.764
TGGTAG	290.0	4070.6	-0.763
GACTTA	179.0	2504.5	-0.761
TTTGTG	604.0	8498.5	-0.760
GTGAAG	303.0	4250.5	-0.753
CCAACC	189.0	3593.7	-0.749
ATGTAT	402.0	6129.3	-0.748
GTTAGG	181.0	2536.1	-0.748
GAAACA	411.0	5778.9	-0.744
AATCTG	318.0	4461.3	-0.744
ACAGTT	338.0	4744.3	-0.741
CCCACG	77.0	1440.4	-0.737
ATGATT	410.0	6429.2	-0.736
GGTTTG	281.0	4754.3	-0.736
TAGATC	155.0	2176.6	-0.736
TAACAT	340.0	4776.1	-0.735
AATTCC	352.0	4956.9	-0.733
TCACTA	263.0	3696.1	-0.730
GTCACT	259.0	3637.7	-0.728
CCTTAC	177.0	2482.6	-0.728
GGGCTG	260.0	5414.6	-0.727
GTACTT	231.0	3323.4	-0.726
TGGTTC	255.0	3929.4	-0.725
ATTAAG	295.0	4565.2	-0.722
TGTACT	264.0	3737.3	-0.721
TCGGTT	63.0	873.3	-0.720
TACTTA	283.0	3980.0	-0.716
AGACAA	334.0	4708.7	-0.713
TCTAAA	358.0	5255.2	-0.710
GGCTGA	337.0	6889.9	-0.709
ATCTTA	270.0	3805.3	-0.707
GGAGCA	237.0	3334.9	-0.707
CCCTCA	244.0	5065.7	-0.707
GAATCC	194.0	2722.4	-0.701
AGTAAG	256.0	3601.4	-0.701
ACCATT	308.0	4858.1	-0.695
TGAAGT	373.0	6058.8	-0.695
CGACAC	37.0	506.9	-0.695
GTTAAC	164.0	2302.9	-0.693
CGATGG	58.0	805.9	-0.693
CGAGCC	70.0	977.3	-0.691
TTGCGA	42.0	578.1	-0.683
ACTGGC	180.0	3221.4	-0.681
TACAAC	166.0	2439.8	-0.679
ACGGTC	21.0	510.0	-0.677
AACGTA	56.0	779.2	-0.676
CATCGA	43.0	594.4	-0.676
AGGTAG	256.0	3608.4	-0.675
CGTGCG	36.0	494.4	-0.674
ACCCGA	44.0	739.4	-0.672
AGGGAC	195.0	3002.8	-0.672
CCGCAC	90.0	1267.8	-0.671
ACATAA	332.0	4693.8	-0.671
AAGGCG	76.0	1066.1	-0.670
TATCGT	39.0	538.0	-0.670
CCCGTA	42.0	580.7	-0.666
AGCATT	354.0	5327.0	-0.658
TATTCT	431.0	6746.2	-0.657
AGAAAT	676.0	9564.8	-0.656
TTAGAC	191.0	2704.1	-0.655
CCGTCG	25.0	339.8	-0.654
GCCCAT	221.0	3129.3	-0.654
GTTTCT	567.0	8018.7	-0.650
CGTACC	32.0	440.1	-0.648
GACTGT	229.0	3234.4	-0.647
GTCTGC	157.0	2922.8	-0.647
CCGTGC	122.0	1718.0	-0.645
GATACT	158.0	2472.1	-0.644
CGGGTG	80.0	1625.7	-0.643
GTGTCG	32.0	666.7	-0.642
GATTTA	323.0	5208.4	-0.636
GAAAAT	594.0	8966.3	-0.635
CGTCCT	66.0	1155.3	-0.633
TAGGAC	140.0	2151.5	-0.632
TTCTTA	497.0	7039.7	-0.630
AGCGTG	83.0	1173.4	-0.629
TTATCA	349.0	4947.3	-0.627
CGTCAC	61.0	858.5	-0.625
CTTTAA	488.0	7295.1	-0.623
CGTACG	12.0	185.4	-0.621
TATAAG	256.0	3626.6	-0.617
TTGAGT	344.0	4876.8	-0.615
AGCGCG	34.0	472.5	-0.615
CTCGAG	70.0	1108.0	-0.614
CTCTTA	295.0	4191.8	-0.612
ACTGTC	226.0	3200.0	-0.612
AATACG	52.0	731.3	-0.611
CTGACG	49.0	781.7	-0.608
TCTCCG	86.0	1453.6	-0.608
CCCGTC	116.0	1640.9	-0.605
TGCTAC	144.0	2485.3	-0.604
CCCCAC	274.0	5415.1	-0.603
ATCGTA	29.0	542.4	-0.603
TAGAAA	566.0	8108.8	-0.601
CGGTAA	39.0	546.0	-0.601
ACTTGG	302.0	4284.2	-0.600
GTATGG	145.0	2064.0	-0.596
AAGGGT	224.0	3179.9	-0.596
AAGTTA	327.0	5172.6	-0.594
GATGAG	275.0	4269.6	-0.590
GAGCGT	44.0	619.3	-0.588
AGAATA	391.0	5549.9	-0.587
ACCGCT	56.0	792.8	-0.583
GTAATG	218.0	3106.5	-0.580
GAAACG	82.0	1168.4	-0.576
AGTTGC	180.0	2976.0	-0.575
GGCTAT	132.0	2269.5	-0.572
TTGCAT	362.0	5662.6	-0.572
CATAGC	178.0	2536.3	-0.572
TAACCG	37.0	520.4	-0.571
GAAAAG	474.0	7360.6	-0.569
ATAGCG	35.0	492.2	-0.566
CACACG	89.0	1272.6	-0.565
GGCCGT	59.0	839.6	-0.563
TCTTAG	268.0	3863.4	-0.563
ATTCGA	49.0	694.1	-0.563
AAATGT	628.0	9618.2	-0.557
GAAAGC	273.0	3898.8	-0.554
GAGCAT	199.0	2835.3	-0.552
CCACTA	207.0	2953.1	-0.551
AAACAG	449.0	6401.1	-0.550
GTCAGA	236.0	3367.5	-0.549
CGCTCG	40.0	566.6	-0.548
TACGAT	44.0	625.1	-0.544
AGAGGG	272.0	4463.3	-0.543
AACGCT	52.0	741.8	-0.542
AATGGG	262.0	4215.4	-0.542
ATAAGC	196.0	2796.5	-0.536
TAGCTC	218.0	3121.9	-0.533
ACATTT	771.0	10971.1	-0.533
GATGTG	239.0	4182.4	-0.531
CCGTAT	44.0	627.4	-0.530
CGATCA	41.0	583.6	-0.529
ACCCGG	157.0	2255.2	-0.528
CGGGGC	111.0	1599.1	-0.527
TCCTGT	375.0	6395.0	-0.525
CCACAT	244.0	4561.9	-0.525
GCAGGG	279.0	4586.8	-0.524
CTACAA	248.0	3553.4	-0.523
CAGTAC	156.0	2242.1	-0.523
CGATTT	92.0	1325.4	-0.519
GAGGTA	189.0	2713.3	-0.517
TATCAG	235.0	3363.4	-0.517
GTGCGG	59.0	1114.1	-0.516
AAGCCT	314.0	4934.0	-0.513
GCAGCT	293.0	4361.8	-0.513
CCATCG	58.0	832.8	-0.512
TCGCGT	19.0	266.5	-0.511
AAGATG	387.0	5833.7	-0.511
AAATCT	435.0	6220.2	-0.511
GGAATC	195.0	2789.1	-0.511
GCTGTT	329.0	4834.0	-0.505
AGCTGT	312.0	4959.5	-0.505
ATACAC	171.0	2930.5	-0.505
GAGTGT	233.0	3338.9	-0.503
TGGCGT	87.0	1641.4	-0.502
ATAATG	343.0	4906.2	-0.501
AAACCG	60.0	864.7	-0.498
GCAACA	193.0	3600.9	-0.498
TCTAAT	292.0	4403.1	-0.497
AGTCTA	167.0	2396.1	-0.497
TATTAT	676.0	9797.1	-0.496
TTGCAC	197.0	3366.6	-0.495
GTCCGG	51.0	734.9	-0.495
CGCTAC	35.0	502.7	-0.488
AAGGTA	267.0	3834.1	-0.487
ATATAC	272.0	3909.6	-0.485
TTAAAA	1222.0	17412.2	-0.485
GGGGTA	136.0	1985.7	-0.484
TCGATT	58.0	838.0	-0.482
TCCGGG	94.0	1362.0	-0.480
CAATCC	210.0	3023.7	-0.470
ATATTA	470.0	6780.1	-0.470
ACTCGA	46.0	665.6	-0.469
CCCCCT	210.0	4056.2	-0.468
GCGTGA	286.0	4110.8	-0.467
TAACAA	317.0	4560.6	-0.467
GCAGGC	190.0	3955.1	-0.465
TATATG	314.0	4935.3	-0.464
AGATAA	385.0	5528.2	-0.462
GTGTTA	300.0	4308.8	-0.458
TGTGCG	72.0	1047.6	-0.455
TGGCTC	424.0	8275.5	-0.454
TTTGCA	488.0	7361.5	-0.451
TGGCAA	291.0	4384.0	-0.451
ATATGC	190.0	2950.7	-0.450
GTATTC	206.0	2972.8	-0.449
TCAGAA	434.0	6236.6	-0.447
AGAGTT	349.0	5274.8	-0.444
ATAGTT	260.0	5018.3	-0.443
GTTCAT	288.0	4186.2	-0.443
CCGGAT	49.0	713.6	-0.442
TCAATT	302.0	4906.4	-0.441
GACGTG	58.0	1087.9	-0.435
CGACTC	44.0	794.1	-0.432
GAACAA	267.0	3856.8	-0.431
ACGCTA	30.0	437.8	-0.431
TAGCGC	33.0	481.8	-0.430
AGTGAG	321.0	6677.7	-0.429
CATGGC	254.0	3843.8	-0.429
TTCGCA	41.0	599.3	-0.428
GTCATA	165.0	2389.9	-0.425
AGATTG	243.0	4337.8	-0.425
CGATAA	35.0	511.7	-0.425
CTGGTG	292.0	5148.5	-0.421
AGTCAA	230.0	3323.3	-0.421
TGCTTG	308.0	5030.2	-0.421
TAAAAC	410.0	6178.7	-0.420
GACCCG	55.0	805.5	-0.420
ACTTTA	395.0	5686.6	-0.420
CAGTAT	267.0	3861.7	-0.419
ACTCAA	259.0	3859.1	-0.416
ACGTTC	48.0	703.1	-0.416
ACATAT	349.0	5035.5	-0.416
GCTCGC	69.0	1011.7	-0.415
AAAAAC	589.0	8455.8	-0.415
GTGGAA	299.0	4313.3	-0.412
CGACGG	6.0	284.6	-0.411
TCCGTA	43.0	631.8	-0.411
GGAGAG	351.0	5068.5	-0.411
CAGAGA	445.0	6409.8	-0.411
TCGACT	46.0	675.8	-0.410
ATCGTC	21.0	503.6	-0.409
CATACC	164.0	2380.2	-0.409
TCACAG	330.0	5456.9	-0.407
ATATCG	31.0	479.6	-0.407
CGATTG	33.0	619.9	-0.406
GACCGA	44.0	647.3	-0.403
CGCGCG	49.0	720.9	-0.403
TAATGA	359.0	5178.0	-0.402
GCATGA	369.0	5330.3	-0.402
TGCTGC	279.0	5819.8	-0.401
CGCGAC	18.0	263.5	-0.399
GGTGCA	285.0	4126.6	-0.396
ACCCGT	48.0	707.4	-0.394
CGGCGA	24.0	354.0	-0.392
TTATTG	423.0	7198.2	-0.390
CCATAA	209.0	3039.8	-0.388
ATACGT	63.0	929.8	-0.387
ATGACT	265.0	3845.4	-0.386
TGCGTG	91.0	1342.4	-0.384
GTCACC	235.0	4635.0	-0.381
TATTCG	42.0	623.6	-0.374
AGCGGT	34.0	720.3	-0.373
TGATGT	371.0	5376.6	-0.373
GAACCA	219.0	3535.6	-0.372
CGTCTT	73.0	1093.9	-0.371
TGACTG	296.0	4303.2	-0.370
AATGTA	374.0	5781.1	-0.367
GTATGT	230.0	4106.8	-0.367
AAGCTT	261.0	4273.2	-0.367
TCTACG	37.0	550.7	-0.365
ACCGTA	32.0	575.8	-0.365
GAAAGG	353.0	5251.3	-0.364
TTGACA	275.0	3993.8	-0.360
TCGTGG	66.0	981.0	-0.359
GCTTTT	597.0	8619.4	-0.359
TAAATG	518.0	7569.5	-0.358
AAAACG	95.0	1408.0	-0.358
CAGACA	310.0	4507.0	-0.356
GGTGAA	231.0	4725.4	-0.356
CTTATG	207.0	3022.6	-0.356
CATGAG	378.0	5477.6	-0.356
ACGGGA	65.0	967.0	-0.353
TTAGGC	171.0	2504.3	-0.351
CAATAC	142.0	2089.4	-0.351
GTTTGT	376.0	7670.0	-0.350
ATATGG	236.0	3592.1	-0.349
GCATAG	142.0	2091.5	-0.345
GTAGCC	163.0	2388.6	-0.345
TTCGAC	28.0	451.6	-0.345
TCCGTG	80.0	1191.8	-0.344
CATTGA	264.0	3850.9	-0.343
CTTGGT	234.0	4408.9	-0.341
AGGTAC	148.0	2248.7	-0.340
GCGCGC	76.0	1133.8	-0.339
ACAGAA	452.0	6545.0	-0.338
ATTGAT	342.0	5186.6	-0.337
CGGTTA	28.0	480.9	-0.334
CATAAA	381.0	5535.4	-0.334
TTACGA	41.0	616.8	-0.333
GAGGAC	187.0	2750.5	-0.330
GTGTGC	280.0	4083.0	-0.330
GAGCGA	57.0	1147.6	-0.329
AGGGGA	235.0	4291.1	-0.329
TCGACA	29.0	438.1	-0.328
AGCCGG	92.0	1837.3	-0.326
AGGATA	226.0	3305.3	-0.324
AAATCC	294.0	4539.1	-0.322
AAGGGG	216.0	3734.1	-0.322
GAAATA	498.0	7222.8	-0.321
CTTAGA	248.0	3637.0	-0.321
GATTTG	340.0	5438.3	-0.321
GTCAAT	157.0	2323.7	-0.321
ACGTAT	56.0	842.6	-0.320
TAGCAA	228.0	3568.2	-0.313
TCATAA	285.0	4168.9	-0.312
TTCCCG	104.0	1556.4	-0.308
TCTGAG	384.0	5598.0	-0.308
AACAGT	295.0	4322.1	-0.306
GTAATA	246.0	3614.6	-0.305
GTTCTT	369.0	5385.7	-0.305
GTGCCC	297.0	4338.1	-0.305
CCTAGT	168.0	2884.7	-0.304
GAAAAC	390.0	5676.2	-0.304
AACTAT	247.0	3631.4	-0.302
AACCGG	41.0	623.7	-0.300
ATTTGA	455.0	7656.4	-0.298
GCGCAC	62.0	937.5	-0.297
CGCGGT	55.0	832.9	-0.296
TTATGG	275.0	4026.5	-0.295
GTCGTG	49.0	744.1	-0.294
AAGGTC	210.0	3096.8	-0.293
TACCAG	201.0	2961.4	-0.293
CTATAG	175.0	2589.4	-0.292
AGATTT	571.0	8567.7	-0.291
TATAAC	192.0	2843.5	-0.289
ATCTAA	211.0	3413.0	-0.286
AGACCT	199.0	3695.8	-0.285
AGCAGC	278.0	4694.8	-0.284
TTGACT	300.0	4397.1	-0.282
ATACCA	232.0	3419.4	-0.278
ACGAGA	55.0	837.3	-0.277
AAATTC	436.0	6598.8	-0.277
TTACCC	191.0	2835.3	-0.276
ATTGCG	45.0	688.3	-0.276
TTCGTC	45.0	688.8	-0.276
TGCCAT	417.0	6096.3	-0.275
TTGTCA	268.0	5205.3	-0.274
CATCAT	297.0	4651.0	-0.272
GGCAGG	281.0	6870.6	-0.270
CGCTTA	35.0	539.8	-0.270
ATAAGA	301.0	4420.0	-0.269
CTGTTA	290.0	4270.0	-0.267
CGACGT	13.0	269.9	-0.267
AACGGC	38.0	585.2	-0.265
TAGGTC	128.0	1915.5	-0.263
CTATGC	147.0	2200.4	-0.260
GACATT	292.0	4304.4	-0.260
GCGTCT	56.0	858.7	-0.258
AACGAG	52.0	798.0	-0.257
ACGTTT	107.0	1620.9	-0.255
CTTATT	398.0	6453.1	-0.251
AGCTTG	224.0	3789.8	-0.251
TACGTT	60.0	920.6	-0.249
ACTTAT	245.0	3631.0	-0.248
CCAGAC	233.0	3855.8	-0.247
CCGCGC	108.0	2060.0	-0.246
ATTCTG	397.0	6620.9	-0.245
TACGGA	31.0	515.1	-0.242
ATATGT	394.0	5806.8	-0.242
TAATGC	204.0	3034.6	-0.240
TCATTG	345.0	5081.2	-0.237
ACGGCG	23.0	363.4	-0.237
AATGGT	317.0	4757.8	-0.237
GCGGAA	48.0	744.7	-0.237
GTTACG	30.0	471.4	-0.236
ATCGTT	52.0	804.1	-0.236
TCCCCG	110.0	1673.3	-0.235
ACTAGG	139.0	2092.2	-0.235
GTGCGC	75.0	1150.2	-0.234
TGAGAA	470.0	6889.6	-0.232
TGTCTC	421.0	7076.6	-0.232
GCAGCG	84.0	1286.6	-0.232
GATATA	220.0	3280.3	-0.230
CGACAT	33.0	518.9	-0.230
GGACAA	190.0	2845.1	-0.228
ACTCTT	345.0	5088.3	-0.228
AATAAG	340.0	5012.9	-0.227
ACAGAT	340.0	5132.6	-0.227
AACAGA	394.0	5796.3	-0.225
TAAGGA	272.0	4040.2	-0.225
CCCGTG	63.0	1178.1	-0.224
CATTCG	45.0	702.3	-0.223
CGGTCG	17.0	273.3	-0.222
CAGAAA	549.0	8043.2	-0.220
TTTATG	520.0	7950.9	-0.219
GTACGG	22.0	358.9	-0.218
TAATAC	222.0	3319.9	-0.217
GGCAAC	128.0	2848.3	-0.217
ATTTCT	651.0	11793.4	-0.216
TGCTCC	175.0	4506.0	-0.216
CGAAGC	50.0	780.6	-0.216
AGCGCC	68.0	1052.8	-0.215
ACAACG	40.0	629.8	-0.214
TAACCC	156.0	2360.2	-0.210
CGTTGC	48.0	752.0	-0.210
GCCGAT	37.0	584.9	-0.209
ATATCT	306.0	4537.8	-0.209
AAACGT	83.0	1280.3	-0.209
ACAATC	194.0	2902.1	-0.208
TTCAAT	278.0	5127.0	-0.208
ACAATA	273.0	4067.1	-0.208
TGTGTT	578.0	8467.0	-0.207
CGGACA	38.0	601.2	-0.206
CTAGCG	25.0	479.4	-0.206
GCTTTA	289.0	4297.5	-0.205
CTGTTC	316.0	4694.5	-0.205
GTGACG	50.0	784.2	-0.204
TACTGC	193.0	2905.2	-0.203
TCATAC	153.0	2319.5	-0.203
TATGCT	223.0	3344.3	-0.202
CCTTTT	707.0	10343.7	-0.202
GTGCAG	305.0	8595.6	-0.201
GGGACG	60.0	937.9	-0.201
TTCGGT	49.0	770.5	-0.200
AAACAT	488.0	7185.3	-0.200
CCTTAA	273.0	4073.1	-0.199
CCGGTA	29.0	465.3	-0.198
GAGTTT	420.0	7228.6	-0.197
GTTGTG	232.0	3469.8	-0.197
AACGCA	44.0	695.7	-0.196
GACAGT	217.0	3258.6	-0.196
GAAGCA	299.0	4442.3	-0.195
AAAATC	448.0	6613.0	-0.194
AATGAC	247.0	3698.6	-0.194
ACGAAT	45.0	712.0	-0.193
TCGTCG	12.0	199.6	-0.192
CGTCCA	54.0	849.9	-0.192
AAGAAG	422.0	6827.1	-0.192
GCGCCC	233.0	3488.3	-0.190
TTTTGC	627.0	9202.7	-0.189
CCTACG	37.0	590.4	-0.189
TCTGGC	307.0	4604.4	-0.189
ATGGAC	140.0	2450.1	-0.187
CACGCT	80.0	1244.4	-0.186
ATTGGG	196.0	2948.8	-0.185
GCGGGA	77.0	1200.5	-0.185
GAGAAC	218.0	3280.7	-0.185
GAACCT	184.0	3448.8	-0.183
AATAAC	286.0	4269.9	-0.182
CTGATA	229.0	3434.4	-0.182
CTCATA	207.0	3117.5	-0.181
CCTGCT	370.0	6919.2	-0.181
ATAACG	35.0	562.9	-0.180
CTGTCT	487.0	7655.2	-0.180
CTTTTG	595.0	8805.4	-0.178
ACTGCG	98.0	1521.1	-0.176
GTACTC	91.0	1689.1	-0.176
CGACAA	30.0	487.0	-0.174
AATATC	266.0	3987.8	-0.174
TTTGAG	708.0	11991.5	-0.173
TTCAGA	431.0	6387.4	-0.173
TCTTAT	346.0	5151.6	-0.172
TGCACA	294.0	4401.1	-0.172
GCAGTC	182.0	2761.5	-0.171
TCGTGT	48.0	996.5	-0.171
CACAAG	183.0	3388.9	-0.170
TAGCCA	383.0	5692.1	-0.170
CAATAG	182.0	2762.0	-0.170
TTCCGT	67.0	1055.2	-0.170
CGACGA	5.0	203.6	-0.170
TTGCAG	386.0	6173.3	-0.169
AACGAC	30.0	489.2	-0.167
CGGTGC	55.0	874.1	-0.166
CGTGTG	108.0	1678.2	-0.165
ATGCCA	354.0	5284.0	-0.162
CGCGCT	35.0	568.1	-0.162
CGCTAG	28.0	460.4	-0.161
AGAACA	356.0	5303.7	-0.159
ATTGAG	267.0	4016.7	-0.159
AGATTC	231.0	4310.0	-0.158
AAAAGG	429.0	6372.5	-0.158
AGAAAA	939.0	13748.9	-0.158
GTCCAG	242.0	3651.5	-0.158
TGATAT	333.0	4981.8	-0.157
TTGAGG	342.0	5105.5	-0.157
CACTGC	879.0	12887.1	-0.154
GTGGAG	340.0	5078.1	-0.153
TCTATA	239.0	3609.4	-0.153
CTAAGG	169.0	2583.5	-0.152
CAATAT	283.0	4251.2	-0.151
GCACCT	229.0	4287.6	-0.151
ATCTGT	349.0	5220.3	-0.150
AACAAT	338.0	5051.4	-0.149
TAAGCT	207.0	3141.7	-0.149
GGCCCG	81.0	1278.9	-0.149
CCTTGA	327.0	4899.5	-0.148
GATAGT	149.0	2481.8	-0.148
TATGGA	219.0	3326.5	-0.146
GCTACA	152.0	2341.9	-0.146
GTAAAC	186.0	2843.5	-0.143
ACTTAC	177.0	2707.7	-0.142
AAACGC	45.0	882.8	-0.142
TTATGT	382.0	6404.0	-0.142
ACGATC	50.0	1157.6	-0.140
GTCTAC	102.0	1602.8	-0.140
TTGCGG	45.0	732.8	-0.139
GGGAAA	407.0	6069.0	-0.138
TGATAG	211.0	3212.0	-0.138
TACGGT	34.0	562.0	-0.138
CTGGCG	80.0	1269.4	-0.138
GCTTAG	173.0	2651.0	-0.137
AAAGCT	343.0	5142.9	-0.137
TGACGG	44.0	717.4	-0.136
ACATTC	268.0	4053.3	-0.135
GGCGAA	41.0	770.3	-0.135
AGAGCA	310.0	4667.3	-0.135
TGCAAT	299.0	5573.8	-0.134
GTTTAT	356.0	6439.5	-0.134
CCGTAC	23.0	389.5	-0.134
TATAGC	144.0	2481.4	-0.133
GATCGC	37.0	1066.0	-0.131
TATCAA	244.0	3707.9	-0.130
TTTACG	54.0	875.8	-0.130
AGAATG	408.0	6096.2	-0.130
ACGGCA	47.0	767.8	-0.129
TGTATC	168.0	3487.7	-0.129
CCGTTG	41.0	674.5	-0.129
GTCGCA	30.0	503.6	-0.126
GGATCC	109.0	2426.8	-0.126
ACTAAG	168.0	2584.6	-0.125
AAAACA	732.0	10813.1	-0.125
AGACTG	310.0	4909.7	-0.124
ATCGCA	43.0	707.1	-0.124
CCCGGT	67.0	1078.2	-0.123
GTAACC	112.0	2070.0	-0.123
TATCTT	354.0	5575.8	-0.123
GCCGAC	37.0	615.1	-0.122
AGAAGT	371.0	5578.9	-0.122
CACGGC	55.0	1056.3	-0.121
ATCAAC	158.0	2452.8	-0.121
GAAGTC	166.0	3469.9	-0.121
ACTTGT	244.0	3718.5	-0.120
TGAATC	238.0	3627.4	-0.119
CTTCGT	60.0	973.4	-0.119
GGACCG	42.0	694.8	-0.119
TGAGTG	296.0	4486.1	-0.119
ACGAGC	34.0	569.9	-0.118
GTTCCG	41.0	679.4	-0.118
ACTAAA	349.0	5467.0	-0.118
GCCGTC	45.0	742.8	-0.117
AACGAA	58.0	944.9	-0.116
CTAGGT	149.0	2805.7	-0.115
CGTTTC	85.0	1359.7	-0.115
ATCTAG	159.0	2457.6	-0.115
AAAATT	1022.0	15151.5	-0.115
GGCACG	132.0	2062.3	-0.114
GCACCG	56.0	914.7	-0.114
CTAACG	31.0	524.9	-0.113
AAGGAC	212.0	3251.6	-0.113
GCGGCG	58.0	946.1	-0.113
GGTAGT	153.0	2384.0	-0.113
TGATTG	302.0	4571.7	-0.112
GGAAAC	283.0	4295.0	-0.112
ACTTGC	188.0	2902.2	-0.111
ATGAGG	285.0	4326.2	-0.111
CAGACG	71.0	1148.0	-0.111
ACACGT	55.0	1074.3	-0.110
GCACTA	107.0	1699.9	-0.110
CACGAA	48.0	792.1	-0.110
AACCGT	41.0	683.6	-0.109
GAATGC	208.0	3194.5	-0.109
GCAAGG	209.0	3210.8	-0.109
GGTGCC	262.0	3991.8	-0.108
AAGACT	292.0	4438.5	-0.108
AGGAGC	244.0	3927.2	-0.108
CGTTAA	39.0	713.2	-0.108
CGTACA	29.0	495.0	-0.107
TAGGTT	229.0	4099.6	-0.107
ACCCCT	244.0	3735.0	-0.105
GAGAAA	516.0	7904.1	-0.105
CGGTTG	37.0	624.1	-0.103
AACTGT	292.0	4660.5	-0.102
TACCGT	38.0	640.5	-0.102
TATTGC	239.0	3662.6	-0.102
TACCTA	203.0	3127.5	-0.101
ACGGTA	30.0	514.6	-0.100
AGTCTT	382.0	5884.1	-0.100
GACGTT	50.0	829.5	-0.099
ATGGGC	162.0	3150.7	-0.099
GCCCGA	56.0	924.2	-0.097
GCGAGC	45.0	753.1	-0.097
ATACCT	237.0	3638.0	-0.096
AATAGT	272.0	4579.4	-0.096
TACTAT	227.0	3485.9	-0.096
AAGAAC	280.0	4270.3	-0.095
TCTAAG	192.0	3382.0	-0.094
ACACTA	148.0	2325.4	-0.093
CGTTCC	51.0	849.6	-0.093
GGGCCT	197.0	4325.7	-0.093
GCCGTG	78.0	1269.0	-0.093
ACAGCT	290.0	4428.3	-0.092
TATAAT	384.0	6863.0	-0.092
GCAAAA	352.0	5342.1	-0.092
CGTGGC	78.0	1269.8	-0.092
GAAGGT	236.0	3645.4	-0.092
ACACTG	294.0	4491.3	-0.092
ATGTGT	399.0	6028.0	-0.091
TCCTAC	191.0	2970.4	-0.091
GTTTTC	503.0	8338.8	-0.091
CTTATA	233.0	3584.1	-0.091
ATCCAT	277.0	4233.6	-0.089
GTAAGT	219.0	3427.0	-0.089
GAAGGA	377.0	5705.9	-0.089
TATGAA	354.0	5379.8	-0.088
GGCCAA	230.0	4979.8	-0.088
CAACGG	32.0	552.7	-0.088
TTGTTT	1104.0	18527.3	-0.088
CCGGTG	52.0	877.6	-0.088
AATATA	502.0	7545.8	-0.088
TGTATG	294.0	4497.5	-0.087
CGATGA	42.0	711.5	-0.087
GTACGT	34.0	585.8	-0.086
CTATGT	285.0	4362.5	-0.085
TATCTA	222.0	3438.8	-0.085
GCCAAG	237.0	5150.3	-0.084
AGGCAG	375.0	8285.1	-0.084
ATAGCA	229.0	3532.3	-0.084
ATACTG	220.0	3410.0	-0.084
TTCGCG	10.0	271.5	-0.084
CTAAAA	494.0	7426.8	-0.084
ATGGGT	202.0	3387.9	-0.082
AGAGGC	284.0	4351.1	-0.082
AATCCA	298.0	4554.0	-0.081
GCCGTT	45.0	763.2	-0.081
GATGCA	137.0	3002.4	-0.080
GGCGCA	108.0	1742.5	-0.079
TGAGGA	359.0	5457.1	-0.079
CCTTCG	71.0	1170.4	-0.079
AAGCAC	200.0	3372.6	-0.078
GCTTGC	178.0	2788.5	-0.078
AAGGCA	268.0	4860.9	-0.078
GGACCT	152.0	2769.7	-0.078
ACCGGA	32.0	558.6	-0.077
ACGGAT	34.0	590.2	-0.077
CTTGCG	36.0	623.3	-0.077
TGCGCG	26.0	462.9	-0.077
TTACTT	421.0	6370.4	-0.076
ATGCTA	203.0	3159.4	-0.076
AGATAT	283.0	5041.3	-0.076
GTCGAC	16.0	297.1	-0.076
TCCGCT	70.0	1158.6	-0.076
AGAGGT	289.0	4627.8	-0.075
AGACCG	50.0	846.3	-0.075
GGTATG	159.0	2500.1	-0.075
CTGCGG	81.0	1330.2	-0.075
CCGAGC	65.0	1081.1	-0.074
CTGCGC	116.0	1856.9	-0.073
CGGCGC	48.0	816.9	-0.072
GAGGAG	347.0	5299.4	-0.072
GTACCA	161.0	2535.7	-0.072
AACACA	332.0	5083.8	-0.071
CGTTGT	46.0	786.5	-0.071
GGACGG	53.0	897.2	-0.070
CTCATC	200.0	4049.4	-0.070
CGACTG	40.0	692.5	-0.069
GTGCAT	211.0	3295.1	-0.068
CGAGAA	55.0	930.8	-0.068
AATCTA	227.0	3527.9	-0.067
TGCCGT	62.0	1041.4	-0.067
TTTGTT	1082.0	18875.5	-0.067
GAATGT	284.0	4378.9	-0.067
AGTTAG	201.0	3236.2	-0.066
GGGAGA	341.0	5220.9	-0.065
TGCATT	421.0	6394.1	-0.065
TCTTCG	51.0	870.1	-0.065
AATCAT	324.0	4973.8	-0.064
GGTACC	109.0	1774.7	-0.064
AAGGAG	342.0	5238.9	-0.064
CGTTAC	26.0	470.7	-0.063
TGAGTT	377.0	5755.5	-0.063
TGAAGG	311.0	4790.0	-0.063
CTCCAT	389.0	5943.1	-0.063
TTCCGG	66.0	1108.3	-0.063
CGTTAT	44.0	761.0	-0.062
GTACCG	22.0	404.6	-0.062
CGTTGA	39.0	681.1	-0.062
TGTAGT	317.0	5254.8	-0.062
ACGCGG	16.0	431.2	-0.061
GGCGAC	54.0	920.2	-0.061
TGAAAG	396.0	6261.6	-0.061
CGAAAC	49.0	842.4	-0.061
TTTGAT	548.0	8278.7	-0.060
CGTTTA	57.0	969.3	-0.060
TAAACA	394.0	6013.2	-0.060
TTCTAA	401.0	6247.4	-0.060
GCTATG	164.0	2599.2	-0.060
TTTTCT	1267.0	21725.1	-0.060
CTTGTT	393.0	6251.7	-0.059
TTAATC	264.0	4098.8	-0.059
GCGGAC	30.0	538.1	-0.059
CGTGGA	62.0	1049.4	-0.059
ATTCCG	39.0	684.9	-0.059
CTTGAT	282.0	4366.2	-0.057
ATGAAG	356.0	5457.0	-0.057
TCAGGG	237.0	4246.9	-0.057
ACCGAC	21.0	464.1	-0.057
GTAAGA	188.0	3383.0	-0.057
TGCGGC	53.0	909.2	-0.057
CGGGGG	85.0	1412.0	-0.056
GGCAAA	263.0	4089.0	-0.056
CGCCGG	51.0	878.6	-0.056
TACTTC	208.0	3269.5	-0.056
AATGAA	558.0	8435.8	-0.056
GACCGT	33.0	589.9	-0.056
ATTCAA	358.0	5583.8	-0.056
GAGGGT	208.0	3270.4	-0.056
GAATCT	236.0	3688.9	-0.055
GATGCT	184.0	3801.5	-0.055
ATAAAC	294.0	4558.1	-0.055
CACTTG	295.0	4574.2	-0.054
CCTCTA	229.0	3583.1	-0.054
TGACGC	34.0	608.4	-0.054
TAAAAT	884.0	13204.0	-0.053
ACGTCT	53.0	936.3	-0.052
TGCTTT	644.0	9706.7	-0.052
TGCATG	286.0	4441.6	-0.052
TTCCGA	49.0	886.3	-0.051
ATAGAT	278.0	4615.2	-0.051
CGCGAG	24.0	446.9	-0.051
CGTATG	32.0	577.1	-0.051
ACAACT	201.0	3171.2	-0.051
ACTATT	280.0	4350.9	-0.050
AGGGTC	216.0	3404.6	-0.050
GCCGAA	46.0	804.3	-0.050
AACCAA	302.0	4678.8	-0.050
AGGATC	138.0	3083.2	-0.050
TTATGA	334.0	5162.2	-0.050
TGGAAG	392.0	6009.4	-0.050
GGTACG	21.0	396.9	-0.050
CTTTGA	410.0	6277.4	-0.050
GAGAGG	323.0	4992.7	-0.049
TTGGGT	260.0	4674.0	-0.049
AGATCC	147.0	2878.8	-0.048
TACTCT	232.0	3641.0	-0.048
CTGGGG	315.0	6284.0	-0.048
CACTCG	54.0	934.5	-0.048
TTGTGG	324.0	5012.6	-0.048
CCGTGG	86.0	1439.5	-0.047
CAGCGC	65.0	1110.4	-0.047
ACATAC	188.0	2993.3	-0.047
ACACGG	67.0	1142.0	-0.047
TGCGCT	52.0	904.2	-0.046
GAGCCA	673.0	10151.5	-0.046
TCTAGC	128.0	2442.8	-0.046
TGTAAG	262.0	4097.2	-0.046
TACGTA	44.0	777.2	-0.046
TACGTG	53.0	969.2	-0.046
TTTGTC	341.0	6668.8	-0.046
GAATGG	267.0	4176.1	-0.045
AGCTAC	190.0	3981.7	-0.045
AGGACA	259.0	4054.0	-0.045
ATGAGA	336.0	5208.8	-0.045
TAGAAT	342.0	5287.5	-0.045
TAGGTA	202.0	3200.0	-0.044
ACGTGG	77.0	1319.8	-0.044
AGGGAA	378.0	5822.6	-0.044
CCACTT	323.0	5008.0	-0.044
AACAAG	279.0	4351.4	-0.044
GCTATA	138.0	2240.0	-0.044
GAGCAC	153.0	2473.8	-0.044
AGGGTA	169.0	2706.9	-0.044
TCTTTT	1162.0	18252.6	-0.043
TCGCTG	72.0	1459.7	-0.043
GTGTCA	211.0	3355.9	-0.043
TGTGGA	310.0	4821.9	-0.043
CCGTTA	31.0	568.5	-0.043
CGGAGG	100.0	1665.1	-0.043
TCCTTA	281.0	4626.0	-0.043
TGTCTA	214.0	3391.8	-0.043
CCCAGC	848.0	13445.0	-0.042
CGTTAG	36.0	652.9	-0.042
CTATCA	164.0	2633.8	-0.041
TCTGCG	53.0	1040.2	-0.041
CGCGGG	43.0	766.3	-0.041
TACACT	181.0	2897.4	-0.041
CCTACT	193.0	3083.2	-0.041
CACATA	248.0	3909.0	-0.041
GGTACT	125.0	2043.7	-0.041
TACTGT	278.0	4344.0	-0.041
ACACAT	301.0	4687.1	-0.041
CTAGAC	109.0	1810.6	-0.041
CGACAG	49.0	1032.0	-0.040
GAGTGA	285.0	4455.2	-0.040
ACTCGC	37.0	670.4	-0.040
ACATTG	257.0	4035.6	-0.040
AGTTTA	361.0	6048.6	-0.040
AACACT	271.0	4255.5	-0.039
GTGAGT	212.0	3953.7	-0.039
GGGTAA	132.0	2644.4	-0.039
GTCCTA	124.0	2032.0	-0.039
AATATG	311.0	5184.2	-0.039
AGGTCC	159.0	2562.3	-0.039
CGGCCC	71.0	1772.9	-0.038
CGCCGT	27.0	507.7	-0.038
TGGGCA	238.0	6078.2	-0.038
CGAGTC	39.0	705.2	-0.038
TTCAGT	438.0	6728.1	-0.037
ATTAAC	236.0	3731.2	-0.037
GCGGAG	96.0	1613.1	-0.037
CTTCGA	39.0	706.6	-0.037
GACACA	239.0	3779.3	-0.037
GAGCTT	221.0	3515.8	-0.036
CACTAA	171.0	2754.2	-0.036
GTTTGC	253.0	3983.0	-0.036
ACTGTG	398.0	6148.3	-0.036
CTACAT	196.0	3129.9	-0.036
AGACAC	217.0	3727.9	-0.035
CGAGAG	52.0	919.5	-0.035
TCGAGG	53.0	935.3	-0.035
TTACCT	290.0	4890.9	-0.034
GTAAGC	127.0	2089.7	-0.034
GATATC	122.0	2012.8	-0.034
GAGCGG	52.0	921.7	-0.034
GACAAG	195.0	3119.4	-0.034
GAAAGA	457.0	7138.1	-0.034
TTAGGT	248.0	4015.1	-0.033
CCCCGC	138.0	2263.6	-0.033
TCCTCG	85.0	1447.1	-0.033
AACATA	310.0	4853.2	-0.033
ATTATG	306.0	4896.7	-0.033
TCGCAG	46.0	826.6	-0.032
GTTGCG	29.0	547.6	-0.032
TATGAG	200.0	3201.9	-0.032
GCGGTC	30.0	564.3	-0.032
GGGTGT	213.0	3405.5	-0.032
CGTAGT	38.0	697.2	-0.032
GGAAGC	266.0	4202.3	-0.031
GCACAA	192.0	3095.1	-0.031
CCCGGA	76.0	1309.3	-0.031
AAATAT	782.0	11823.4	-0.031
TGTACG	28.0	532.2	-0.031
CATACA	208.0	3329.2	-0.031
GCCCAG	872.0	13146.9	-0.031
GGATGT	197.0	3158.9	-0.031
TATGCA	221.0	3535.8	-0.030
GCGCCG	54.0	960.0	-0.030
AATCAA	302.0	4740.9	-0.030
GTTTGA	308.0	5444.4	-0.030
CCTCTC	328.0	7751.7	-0.029
TCTTGC	303.0	5777.4	-0.029
ACCTAG	154.0	2790.6	-0.029
GGACTG	206.0	3304.1	-0.029
TAGATT	276.0	5302.9	-0.029
TTGCCA	374.0	5815.5	-0.029
CTGAAT	357.0	5563.7	-0.028
CGCTTT	73.0	1269.6	-0.028
CATTAA	321.0	5033.5	-0.027
GCCATC	219.0	3513.4	-0.027
GTGGTT	293.0	4625.6	-0.027
GCCTAG	193.0	3235.3	-0.027
CTGCTA	223.0	3577.2	-0.027
GACGTA	22.0	436.6	-0.027
CTAGCA	140.0	2525.3	-0.027
GCTACG	22.0	444.7	-0.027
ACGCAG	53.0	950.0	-0.027
AATCGT	36.0	672.8	-0.026
CGCGGA	22.0	437.3	-0.026
CACGGA	52.0	934.3	-0.026
AAGTCA	264.0	4950.7	-0.026
ACAGTA	233.0	3724.4	-0.025
TGCTTA	266.0	4225.8	-0.025
CAATTA	238.0	3987.7	-0.025
ACCGTC	36.0	675.6	-0.025
GTCCGT	32.0	610.0	-0.025
TGTCTT	440.0	7390.8	-0.025
CAGATT	338.0	5298.0	-0.024
ACCCCA	235.0	4856.9	-0.024
TCTCAT	357.0	6241.0	-0.024
GTCTTT	421.0	6534.4	-0.024
GGTAAA	239.0	3823.9	-0.024
TCCGAT	29.0	559.5	-0.024
TCAACG	30.0	588.9	-0.024
ATAAGT	238.0	3810.7	-0.024
CAGACC	149.0	3241.1	-0.023
TACGCG	5.0	139.1	-0.023
TCAGTT	386.0	6140.1	-0.023
TAACAC	171.0	2795.1	-0.023
ATGCGG	35.0	662.5	-0.023
GCTATC	95.0	1631.6	-0.023
GACTTT	330.0	5198.0	-0.022
CTATCG	18.0	373.0	-0.022
ACCAGT	198.0	3204.7	-0.022
TTCTCA	447.0	7835.4	-0.022
ATAACC	151.0	2499.7	-0.022
TTTCCG	73.0	1282.8	-0.022
TGAGCG	48.0	878.6	-0.022
CTGTTG	362.0	6319.6	-0.022
ACGCTG	62.0	1105.1	-0.022
ACATCC	166.0	3033.4	-0.022
ATGTCA	266.0	4242.0	-0.022
ACGCCG	26.0	512.0	-0.022
CGGGAC	45.0	829.2	-0.022
CATATC	161.0	2642.3	-0.022
TTGATG	319.0	5029.6	-0.022
TTGATT	512.0	7911.7	-0.021
AGAAAC	389.0	6100.2	-0.021
CAAAAC	352.0	5535.1	-0.021
GTTAGA	172.0	2817.9	-0.021
AATGCC	235.0	3774.9	-0.021
ATCACG	77.0	1349.8	-0.021
TACACA	254.0	4057.7	-0.021
GCTACT	170.0	3991.9	-0.021
CTATTA	240.0	3854.7	-0.021
AAGGCT	273.0	4389.1	-0.021
TTATGC	190.0	3103.2	-0.020
GAGGTT	303.0	5083.3	-0.020
CACTAG	120.0	2020.4	-0.020
CGCAGG	69.0	1224.8	-0.020
AATGTC	262.0	4190.3	-0.020
AGATGT	310.0	4914.7	-0.019
TTCGGG	48.0	884.1	-0.019
TACCCT	176.0	2888.7	-0.019
GGCGCC	194.0	3157.0	-0.019
ATCCTA	185.0	3031.0	-0.019
GGGTCC	154.0	2560.8	-0.019
GCGACA	48.0	886.5	-0.019
CTTTAG	276.0	4632.7	-0.019
TGAGGT	358.0	6004.7	-0.019
TTATCT	384.0	6028.2	-0.018
TTATAC	217.0	3521.1	-0.018
CGGATG	33.0	720.7	-0.018
GGCCAT	199.0	3239.3	-0.018
TGACAA	261.0	4182.2	-0.018
ATGAGT	246.0	3964.2	-0.018
GTACCC	100.0	1728.8	-0.017
TAAGTC	158.0	2629.7	-0.017
AAGACA	352.0	5560.8	-0.017
TACATA	308.0	4896.9	-0.017
ATATTC	294.0	4691.6	-0.017
TCGACG	6.0	154.1	-0.017
CGACCC	40.0	758.9	-0.017
CATGAA	286.0	5022.1	-0.017
ATAGCC	135.0	2269.5	-0.017
GCATCT	203.0	3308.7	-0.017
TTCGTT	72.0	1282.5	-0.017
GTTGCA	225.0	3811.7	-0.016
GAATGA	299.0	5118.5	-0.016
AGCCCG	71.0	1267.3	-0.016
ATGGCG	87.0	1524.7	-0.016
GAACCG	32.0	678.1	-0.016
GTCGCT	40.0	760.9	-0.016
CGTGGG	78.0	1380.6	-0.016
TCGTTG	41.0	777.7	-0.016
AGGACG	52.0	959.1	-0.016
AAGATA	323.0	5125.1	-0.016
TCAGGA	299.0	6798.6	-0.016
TTGATA	297.0	4731.5	-0.016
AAAGAC	278.0	4824.4	-0.016
AGTCTG	265.0	4259.4	-0.016
TAGTTA	236.0	3821.8	-0.015
GTTGCT	245.0	4028.9	-0.015
CCCGCT	84.0	1481.2	-0.015
CTATAT	222.0	3619.1	-0.015
GCCATT	368.0	5982.5	-0.015
GGCGAG	60.0	1094.0	-0.015
ACCTTT	365.0	5770.6	-0.015
ATCATT	374.0	5897.5	-0.015
AAGACC	236.0	3825.1	-0.014
GCGCCT	122.0	2368.9	-0.014
ATCCGG	32.0	678.5	-0.014
GGAGCG	58.0	1063.7	-0.014
TTCTTG	429.0	6931.8	-0.014
AGCTTT	408.0	6412.3	-0.014
ATAATC	221.0	3608.7	-0.014
TTGGTT	388.0	6631.6	-0.014
GTAGGA	168.0	2789.5	-0.014
TACGTC	22.0	459.8	-0.014
TTCATA	340.0	5397.0	-0.014
TCCATA	204.0	3342.4	-0.014
TCTAGG	198.0	3247.8	-0.014
GCTAGC	87.0	1535.7	-0.014
CCTTAT	233.0	3786.0	-0.013
AAAGAA	819.0	12528.2	-0.013
ATGTCT	300.0	4799.2	-0.013
ATTCGG	35.0	685.6	-0.013
TTATCG	23.0	549.4	-0.013
GACGCC	42.0	803.3	-0.013
GGCGTG	337.0	5356.1	-0.013
ACCCAT	190.0	3142.7	-0.013
TCAATG	210.0	3444.3	-0.013
CCGTTT	76.0	1362.1	-0.013
CTACGT	36.0	703.4	-0.013
ACGTTA	45.0	856.0	-0.012
GTTACC	134.0	2275.9	-0.012
AGTTGT	267.0	4315.9	-0.012
CGCGCA	17.0	525.4	-0.012
CTACTT	264.0	4268.7	-0.012
CTCTCG	83.0	1477.5	-0.012
CCATTT	508.0	8573.6	-0.012
ACTCAC	217.0	3558.9	-0.012
GGACGT	38.0	740.3	-0.012
GTGTGA	387.0	6129.5	-0.012
AAACCA	384.0	6082.8	-0.012
TATCCC	149.0	2516.7	-0.012
AGAATT	429.0	7391.3	-0.012
CATCCA	215.0	4083.1	-0.012
AAAAAG	737.0	11327.7	-0.012
CTTAGG	194.0	3199.6	-0.011
GCCGTA	23.0	483.6	-0.011
CCCCGG	89.0	1762.7	-0.011
CGGCTG	90.0	1594.5	-0.011
ATCAAA	309.0	4957.3	-0.011
GACAAC	113.0	1947.5	-0.011
CATTCT	497.0	7773.1	-0.011
CTGTAT	298.0	4783.4	-0.011
CATAGG	139.0	2362.4	-0.011
TACCTT	264.0	4278.6	-0.011
TCCGCA	37.0	727.7	-0.011
CTCCGT	104.0	1822.9	-0.011
TATGAT	263.0	4419.5	-0.010
TTGCCG	47.0	896.6	-0.010
CCGTGA	54.0	1012.9	-0.010
GGCAGT	210.0	3461.3	-0.010
TACATT	412.0	6514.4	-0.010
GTCCAA	140.0	2401.9	-0.010
CTCGCC	93.0	1649.2	-0.010
ACTGAG	298.0	4794.7	-0.010
TCTGAT	328.0	5255.2	-0.010
AGTTAC	186.0	3099.5	-0.010
GATGTC	150.0	2544.5	-0.010
CCGACA	30.0	610.6	-0.010
CTTCAC	247.0	4035.8	-0.010
GGAGCT	222.0	4231.2	-0.010
ATGATA	258.0	4361.5	-0.010
ATGTAC	186.0	3102.2	-0.010
ATGGTA	246.0	4021.0	-0.010
GGGAAC	158.0	2674.6	-0.010
GACAAA	272.0	4418.3	-0.010
CGCCAG	78.0	1410.9	-0.010
GCGAAA	40.0	833.6	-0.009
ATATCA	246.0	4023.2	-0.009
AGTGTG	293.0	4737.7	-0.009
AGACGC	44.0	851.4	-0.009
ATCCCG	45.0	868.9	-0.009
GCTAGA	151.0	2566.7	-0.009
CAGATC	203.0	3359.7	-0.009
GTCAAC	99.0	1751.3	-0.009
ATCTTC	253.0	4120.4	-0.009
TCGGGA	36.0	1513.0	-0.009
CCAATA	182.0	3046.8	-0.009
AGTCAC	213.0	3525.4	-0.009
TGTCCA	260.0	4239.5	-0.008
TTACGT	47.0	905.4	-0.008
CCAGTT	310.0	5002.1	-0.008
GAGGTG	305.0	5383.7	-0.008
GGAGTT	288.0	6169.9	-0.008
CTACAC	120.0	2080.0	-0.008
ACATGG	289.0	5056.4	-0.008
CGCAGT	62.0	1156.1	-0.008
AAAAGC	361.0	5771.6	-0.008
AGCCGT	45.0	874.2	-0.008
GTACAT	189.0	3165.3	-0.008
GAATCG	54.0	1025.9	-0.008
TATCAC	168.0	2833.7	-0.008
TGCCAG	278.0	5388.8	-0.008
AGATAC	189.0	3167.3	-0.008
ATGGAT	272.0	4439.0	-0.008
GTGCGA	62.0	1159.3	-0.008
CTTACG	29.0	603.8	-0.008
CCGGAA	41.0	1064.3	-0.007
GCTGAA	292.0	4745.4	-0.007
CAGTTT	511.0	8039.7	-0.007
ATCGAG	39.0	777.4	-0.007
TCCCGT	61.0	1146.0	-0.007
AGCCAA	318.0	5130.5	-0.007
ATTCCC	243.0	4001.7	-0.007
ATTCCA	305.0	5755.1	-0.007
ACGGAC	24.0	517.7	-0.007
CACCGG	38.0	926.1	-0.007
TACTTG	222.0	3686.4	-0.007
CAACGC	26.0	553.5	-0.007
GCAGAT	224.0	3921.1	-0.007
CATTGT	315.0	5104.8	-0.007
ACCAAT	184.0	3099.8	-0.007
CCTTGC	188.0	4224.1	-0.007
GTGGTG	298.0	8002.1	-0.007
ACACGA	36.0	729.6	-0.007
GACCAG	196.0	4643.4	-0.007
GTTACT	183.0	3084.3	-0.007
TCGCCC	110.0	2583.5	-0.007
GACGGC	33.0	677.6	-0.007
TCAACA	243.0	4008.5	-0.007
AAAAGA	721.0	11181.3	-0.007
TGGCAG	310.0	5028.6	-0.007
ATCCCC	170.0	2880.1	-0.006
CCGGGG	86.0	1561.7	-0.006
CCGCTC	70.0	1300.7	-0.006
CATAGA	186.0	3135.5	-0.006
TACCCA	222.0	3693.6	-0.006
GGAGAC	224.0	3709.2	-0.006
AATACC	183.0	3089.8	-0.006
ATGGAG	365.0	5865.1	-0.006
GGGCAT	179.0	3026.3	-0.006
CGAGGT	93.0	1679.3	-0.006
GGAATG	266.0	4371.0	-0.006
TGGAGC	239.0	3952.2	-0.006
GTGACT	225.0	3729.0	-0.006
GCCAGC	180.0	4135.3	-0.006
CCCTTA	170.0	2885.4	-0.006
CCCGTT	44.0	870.3	-0.006
TGTCTG	345.0	5566.0	-0.006
TTTCAT	668.0	10415.3	-0.006
AAGCCG	55.0	1057.0	-0.006
GCTTTG	330.0	5343.5	-0.006
GGGGGG	134.0	2327.4	-0.006
CAGAAT	349.0	5634.4	-0.006
ATACAT	329.0	5330.3	-0.006
ACCGGT	23.0	506.5	-0.006
AAATCA	418.0	6679.2	-0.006
TTAGAT	275.0	4942.4	-0.006
CCCGCA	56.0	1075.2	-0.005
AAGCCA	371.0	5973.2	-0.005
GGGGCG	90.0	1637.0	-0.005
TTCTAT	364.0	5862.8	-0.005
GAGTGG	233.0	3866.9	-0.005
CTAGCC	144.0	2493.1	-0.005
GCGCTC	54.0	1044.3	-0.005
GGTAAG	162.0	2876.4	-0.005
AGAGCG	66.0	1244.9	-0.005
TCATGG	232.0	4047.1	-0.005
CACGGG	54.0	1045.6	-0.005
ACCGTT	38.0	773.3	-0.005
TCATCA	288.0	4716.9	-0.005
TCGCGG	18.0	417.4	-0.005
TTGCGC	31.0	652.8	-0.005
GCACAC	198.0	3329.4	-0.005
TCCGTT	50.0	979.7	-0.005
GTGGAC	119.0	2098.3	-0.005
TTAGGG	192.0	3253.5	-0.005
GAGTTA	182.0	3094.4	-0.005
CGTCAT	37.0	760.3	-0.005
ACAGCA	291.0	4772.3	-0.005
CACATG	271.0	4470.4	-0.005
CCGGCA	51.0	999.3	-0.005
AACCAG	248.0	4119.8	-0.005
CAACAC	183.0	3114.0	-0.004
CGGTAT	19.0	468.8	-0.004
ATAAAG	356.0	5983.5	-0.004
TATCCT	235.0	3916.8	-0.004
CGTTCT	56.0	1086.6	-0.004
TGTGAG	396.0	6370.2	-0.004
TAGGGG	102.0	2302.8	-0.004
AAACAA	634.0	9946.5	-0.004
CAGAAG	372.0	6017.4	-0.004
AGGCGG	113.0	2638.3	-0.004
TATCGC	17.0	404.9	-0.004
GCGCTG	70.0	1321.3	-0.004
CCCCAT	241.0	4559.2	-0.004
CTATCT	194.0	3280.4	-0.004
CCGGAG	75.0	1405.6	-0.004
TTCCGC	47.0	988.8	-0.004
TCTGGA	343.0	5572.6	-0.004
CAAGAG	256.0	4507.8	-0.004
CGGAGA	54.0	1056.7	-0.004
ATGACG	35.0	751.5	-0.004
AGTTCG	50.0	1161.9	-0.004
CTATTG	190.0	3240.4	-0.004
CAGTTC	254.0	4217.5	-0.004
CCCAGA	373.0	6134.5	-0.004
CTATAA	234.0	3915.8	-0.004
CACTTC	263.0	4364.6	-0.004
TCATAG	202.0	3420.5	-0.004
AGTGCC	203.0	3540.7	-0.004
TACATC	129.0	2278.3	-0.004
TCGGAG	46.0	925.4	-0.003
GATCAT	184.0	3436.1	-0.003
TAAATA	624.0	9822.4	-0.003
GGAAGT	256.0	4413.6	-0.003
TTGTTC	311.0	5105.0	-0.003
AAGAAT	433.0	6959.3	-0.003
CAGTAA	260.0	4321.2	-0.003
GGGGAA	274.0	4546.0	-0.003
CATATA	272.0	4514.7	-0.003
ATTAGG	176.0	3257.4	-0.003
CATTAT	332.0	5446.9	-0.003
ACTGGA	243.0	4277.9	-0.003
CCGGGC	118.0	2671.5	-0.003
AGTCCG	28.0	614.8	-0.003
GCCAGT	211.0	3572.6	-0.003
TTTCGG	52.0	1032.1	-0.003
TTGTGC	226.0	3797.1	-0.003
GGTGCG	105.0	1911.5	-0.003
GAGACT	278.0	4600.0	-0.003
CGCACT	34.0	721.0	-0.003
CAGCGA	42.0	1082.1	-0.003
AAGTCT	276.0	4569.9	-0.003
ACTTAG	179.0	3140.8	-0.003
CTCGTT	60.0	1168.2	-0.003
CCGATG	29.0	634.7	-0.003
CGTCGA	3.0	149.1	-0.003
GGAAGG	365.0	5939.8	-0.003
GCGAGG	56.0	1102.2	-0.003
GCGCTT	39.0	811.9	-0.003
ATCACT	277.0	4589.5	-0.003
AAGAGG	302.0	4975.7	-0.003
TAAGAA	376.0	6502.6	-0.003
ATCCTT	308.0	5072.5	-0.003
AGTTCA	304.0	5357.9	-0.003
AACCTG	259.0	4895.2	-0.003
ACCCTA	140.0	2471.5	-0.003
CCATTA	213.0	3616.6	-0.003
GGCACT	171.0	2957.7	-0.003
CCTATC	117.0	2100.6	-0.003
GGGTAG	140.0	2528.4	-0.003
AATCAC	229.0	3860.2	-0.003
ACATGA	246.0	4133.6	-0.003
GCTTTC	269.0	4673.4	-0.003
CCCAGG	910.0	15382.8	-0.003
CTTCCT	487.0	9803.1	-0.003
GAAGCC	244.0	4102.5	-0.003
GGGCCG	73.0	1395.0	-0.003
TGACAC	177.0	3058.3	-0.003
ATGGCA	279.0	4635.0	-0.003
GAATCA	228.0	3848.2	-0.002
GTCGTC	22.0	513.1	-0.002
ATCCAA	205.0	3496.5	-0.002
GGGGGA	196.0	3351.1	-0.002
GAGAAT	337.0	5524.2	-0.002
AGGAAC	207.0	3531.4	-0.002
CACAGA	337.0	5527.3	-0.002
AGCACA	242.0	4078.8	-0.002
TGATAA	297.0	4915.4	-0.002
CAGCAA	254.0	4936.0	-0.002
ACGAAG	44.0	909.3	-0.002
GAAACC	249.0	5090.8	-0.002
TAGGGC	105.0	1932.5	-0.002
ACGTAC	21.0	503.4	-0.002
CAGATA	235.0	4015.1	-0.002
AGCAAG	278.0	4633.7	-0.002
GTCGTT	28.0	628.7	-0.002
GACGCT	32.0	700.7	-0.002
TGTTAT	318.0	5962.7	-0.002
CAGAAC	224.0	3798.9	-0.002
ATGGCT	273.0	4572.8	-0.002
GTGGTA	178.0	3091.4	-0.002
CAGTGT	317.0	5252.3	-0.002
ATTCAG	295.0	5371.3	-0.002
CGCCCT	84.0	1592.9	-0.002
TGTTGC	438.0	7089.2	-0.002
GTCTTC	219.0	3743.1	-0.002
CCCTAT	134.0	2402.0	-0.002
TACAAT	244.0	4134.5	-0.002
CCCTGC	287.0	6378.4	-0.002
CAAATA	401.0	6543.5	-0.002
AGATCT	216.0	3953.5	-0.002
AGGGGG	168.0	2939.1	-0.002
CAAGAA	340.0	5604.7	-0.002
GGCGGC	72.0	1398.1	-0.002
ACACCG	36.0	779.9	-0.002
GATAGA	194.0	3346.1	-0.002
AACAAA	614.0	9764.6	-0.002
TAAAAA	1079.0	16701.3	-0.002
GGTTGT	185.0	3217.5	-0.002
ACATAG	198.0	3411.0	-0.002
TGTACA	223.0	4173.9	-0.002
CAGCAG	352.0	5803.5	-0.002
GCTTGA	186.0	4064.6	-0.002
CGCTGA	44.0	921.6	-0.002
GAGCGC	44.0	922.4	-0.002
TGAGAG	286.0	4791.0	-0.002
ACTCGG	50.0	1384.4	-0.001
CGGAGC	61.0	1217.6	-0.001
CTTTCA	387.0	6347.8	-0.001
AGTGTC	184.0	3210.4	-0.001
TCTTTG	495.0	7982.5	-0.001
ATCATC	184.0	3211.5	-0.001
AGAACC	184.0	3212.3	-0.001
TATGAC	134.0	2416.7	-0.001
CTGTGT	463.0	7511.5	-0.001
TGTACC	171.0	3003.2	-0.001
TAGCCC	128.0	2320.0	-0.001
CAAGCC	196.0	3908.6	-0.001
TGTGAA	393.0	6503.0	-0.001
CTATGG	127.0	2306.7	-0.001
AACACG	51.0	1127.3	-0.001
TATGTG	295.0	4950.9	-0.001
AGTTAT	264.0	4601.2	-0.001
CGCCGA	19.0	476.1	-0.001
GCGGCT	55.0	1122.2	-0.001
AAACAC	289.0	4856.5	-0.001
GCTGTG	351.0	6155.4	-0.001
CACATC	201.0	3485.5	-0.001
ATTGTG	298.0	5125.0	-0.001
CGACGC	6.0	286.4	-0.001
GCCACT	411.0	6727.0	-0.001
GGCGCT	55.0	1125.0	-0.001
CCACGG	57.0	1295.4	-0.001
TGCTCT	295.0	7070.5	-0.001
TGGACG	37.0	809.4	-0.001
AGGGCA	230.0	3940.0	-0.001
AATAAT	581.0	9311.4	-0.001
GTGAAT	250.0	4264.7	-0.001
CACTCA	256.0	4346.2	-0.001
AACAAC	212.0	3666.1	-0.001
GATAAA	308.0	5157.4	-0.001
TATCAT	254.0	4317.8	-0.001
TATGGC	135.0	2448.4	-0.001
ACAAGG	209.0	3623.8	-0.001
TGTCCG	38.0	831.8	-0.001
AGCACG	41.0	886.0	-0.001
CTTGAG	316.0	5293.4	-0.001
TTCATC	295.0	4969.3	-0.001
AGGTCG	40.0	869.3	-0.001
CAATCA	160.0	3317.4	-0.001
CTATCC	111.0	2075.0	-0.001
TGCTCA	269.0	5231.6	-0.001
GTTATA	168.0	3269.3	-0.001
TGTCAA	224.0	3899.0	-0.001
TTACGC	18.0	483.6	-0.001
GCGCGG	55.0	1133.2	-0.001
TCGCCG	20.0	503.3	-0.001
AAGGCC	197.0	3435.6	-0.001
TATACA	274.0	4652.4	-0.001
TCTGCA	274.0	5322.1	-0.001
GGTGTG	419.0	6889.0	-0.001
CTCTAA	224.0	3864.6	-0.001
GACTGC	158.0	2838.7	-0.001
CTGGAC	205.0	3703.3	-0.001
CATTGC	237.0	4076.6	-0.001
TGGCGG	77.0	1515.2	-0.001
GTGAAA	375.0	6750.7	-0.001
CGAGAT	45.0	1473.6	-0.001
CGGGCA	72.0	1431.8	-0.001
GCCCTA	114.0	2119.2	-0.001
CAACCC	141.0	3051.7	-0.001
GCTCCG	104.0	1972.2	-0.001
ACTTTG	419.0	7508.4	-0.001
GACGCA	25.0	605.3	-0.001
CGCACA	39.0	862.5	-0.001
AAATTA	706.0	11940.4	-0.001
CGGTGT	41.0	898.3	-0.001
GGCAAG	191.0	3450.0	-0.001
CGTTTG	59.0	1215.3	-0.001
GTTGTT	298.0	6158.6	-0.001
ACAAAC	261.0	4468.3	-0.001
ACCGAG	47.0	1008.6	-0.001
TTCACA	343.0	5741.4	-0.001
CGGCAG	55.0	1150.9	-0.001
CATGGG	201.0	3568.5	-0.001
ACATCT	232.0	4022.8	-0.001
AATTAA	526.0	8558.5	-0.001
GAGGGA	273.0	4675.1	-0.001
TACGCT	17.0	458.8	-0.001
TCTTCA	360.0	6012.2	-0.001
ACACAG	312.0	5279.4	-0.001
TCGTTT	84.0	1652.0	-0.001
AGATGC	179.0	3615.3	-0.001
TGCACG	53.0	1121.3	-0.001
CGCCCC	108.0	2057.5	-0.001
GTGGAT	223.0	3899.4	-0.001
CAATAA	277.0	4732.1	-0.001
GCCCCG	92.0	1791.4	-0.000
GACCCA	158.0	3103.2	-0.000
TCACGG	38.0	1000.1	-0.000
TGTTAC	201.0	3545.3	-0.000
CAAATC	206.0	3793.1	-0.000
GAACCC	142.0	3278.3	-0.000
GTTATT	317.0	5960.1	-0.000
GTTGCC	356.0	5963.9	-0.000
GGGACA	183.0	3269.7	-0.000
AGGGAG	338.0	5686.9	-0.000
GCTCGA	23.0	668.3	-0.000
CTGAAG	360.0	6031.0	-0.000
CCAGAA	339.0	5704.3	-0.000
GCGCAG	67.0	1370.4	-0.000
CTGGAT	289.0	4938.8	-0.000
CTTGCA	210.0	3754.0	-0.000
TCCACA	215.0	4497.1	-0.000
CGGCAC	31.0	734.0	-0.000
CACGGT	39.0	1313.8	-0.000
AATCGC	46.0	1006.1	-0.000
CCCACT	295.0	5042.3	-0.000
GGCACA	275.0	4717.8	-0.000
CGGAGT	99.0	2368.6	-0.000
TGGCCC	247.0	4296.4	-0.000
TCTGCT	339.0	6562.7	-0.000
ATCGTG	45.0	992.4	-0.000
TGAGAC	364.0	7974.5	-0.000
TTGTCG	31.0	738.3	-0.000
CAACGA	24.0	606.8	-0.000
TTCTAC	204.0	3702.4	-0.000
AGGAAG	452.0	7465.8	-0.000
TGCTGT	403.0	6726.7	-0.000
CCTATA	143.0	2644.5	-0.000
GGTAAC	103.0	1994.3	-0.000
GAAGTT	290.0	4976.6	-0.000
CCGTAG	25.0	628.6	-0.000
TTGGGG	304.0	5190.7	-0.000
ACAAGA	245.0	4276.5	-0.000
CAACAG	228.0	3998.8	-0.000
ACTTCC	259.0	4490.0	-0.000
TATGGG	155.0	2849.4	-0.000
GATGCC	164.0	2982.8	-0.000
TTTATC	376.0	6311.6	-0.000
TTGGTG	303.0	5184.3	-0.000
GAGCCG	69.0	1902.7	-0.000
CACTTA	206.0	3661.3	-0.000
AATGGC	259.0	4498.4	-0.000
GGAACC	135.0	2612.8	-0.000
AGTTTC	424.0	7058.7	-0.000
ATGCAG	258.0	4482.9	-0.000
CGATAT	23.0	595.2	-0.000
TGAATG	337.0	5712.7	-0.000
CAAACC	209.0	3713.0	-0.000
GGCGGG	138.0	2895.8	-0.000
ACAGAG	449.0	7458.6	-0.000
TATATC	182.0	3287.9	-0.000
TGTCAG	252.0	4388.8	-0.000
ATAATA	439.0	7295.9	-0.000
CACATT	332.0	5652.4	-0.000
CCCCTT	275.0	4753.2	-0.000
CATTTG	437.0	7269.5	-0.000
TTTCTC	727.0	11695.1	-0.000
GGAGAA	408.0	6828.8	-0.000
CTACCC	135.0	2534.7	-0.000
GGTTGC	186.0	3521.5	-0.000
GCTGTC	173.0	3150.7	-0.000
TCGTTA	29.0	716.2	-0.000
AGTCCA	180.0	3267.6	-0.000
GCAATG	216.0	4036.7	-0.000
GTCTAT	126.0	2391.4	-0.000
ACTTTC	283.0	4901.9	-0.000
TCAAAA	509.0	8495.3	-0.000
TCAATA	224.0	3966.5	-0.000
TATCCA	192.0	3551.7	-0.000
TGGTAC	132.0	2494.7	-0.000
GTACAC	94.0	1870.1	-0.000
TCTACA	197.0	3539.1	-0.000
CGGTGA	45.0	1128.5	-0.000
GTCATT	258.0	4513.6	-0.000
GAAGGC	197.0	3543.1	-0.000
AGGCCC	203.0	3646.1	-0.000
TGTGAC	220.0	3927.1	-0.000
AGCGAG	69.0	1447.1	-0.000
CCCCTA	122.0	2335.8	-0.000
CAGGGG	228.0	4046.9	-0.000
CTTCTA	236.0	4178.9	-0.000
AGTGGC	366.0	7489.2	-0.000
AGGGTG	224.0	4140.7	-0.000
ATCAAT	204.0	3670.7	-0.000
TGTGGC	261.0	4576.9	-0.000
GTATCC	95.0	1900.7	-0.000
ATGAAT	375.0	6358.2	-0.000
ATATAA	408.0	6870.3	-0.000
AATCAG	243.0	4300.4	-0.000
ACACAA	246.0	4350.2	-0.000
GGGCGA	54.0	1192.3	-0.000
GTTATG	152.0	2850.5	-0.000
ATTTGC	332.0	5708.3	-0.000
TCCTAG	234.0	4160.5	-0.000
GCTTCT	274.0	4804.9	-0.000
CGCTGT	60.0	1300.6	-0.000
CTATGA	166.0	3069.8	-0.000
AGGGCG	47.0	1069.4	-0.000
CACGAG	55.0	1213.9	-0.000
GCATGG	214.0	3851.6	-0.000
CGCCAA	31.0	774.5	-0.000
GAGGAT	227.0	4051.5	-0.000
CCATCA	262.0	4613.9	-0.000
TATTCA	331.0	5702.2	-0.000
TGAGTC	197.0	3573.7	-0.000
CCAGTA	186.0	3408.5	-0.000
TCGCTT	73.0	1534.5	-0.000
TCGTCC	32.0	795.7	-0.000
CCACTC	242.0	4304.1	-0.000
CTAACA	163.0	3029.7	-0.000
CACTGA	272.0	4788.2	-0.000
CGGGAA	54.0	1206.2	-0.000
GTGACA	229.0	4101.6	-0.000
GCACGG	38.0	914.8	-0.000
GTGGCT	307.0	6594.4	-0.000
CAGTGA	411.0	6967.1	-0.000
CGGATC	37.0	897.2	-0.000
GGAGGA	346.0	5959.3	-0.000
ACATTA	251.0	4538.8	-0.000
AGTGGG	250.0	4454.1	-0.000
TGCTAT	237.0	4240.6	-0.000
GCTCAC	644.0	10560.4	-0.000
TGTGCA	291.0	5106.0	-0.000
TCGGTG	36.0	883.0	-0.000
GGTGAC	176.0	3266.4	-0.000
TCATAT	273.0	4827.7	-0.000
GCGGGC	72.0	1534.7	-0.000
ATTGCC	195.0	3569.5	-0.000
GAGGCG	116.0	2277.4	-0.000
GCTCTA	117.0	2294.3	-0.000
GTAGTC	122.0	2381.3	-0.000
GTCCAT	128.0	2482.2	-0.000
GGACGC	31.0	791.4	-0.000
GGCGGT	34.0	850.2	-0.000
ATTAAT	431.0	7310.2	-0.000
GGTGAG	236.0	4483.4	-0.000
ATATGA	254.0	4526.4	-0.000
GGCCCA	218.0	3964.7	-0.000
CTAGAT	155.0	2948.7	-0.000
GCGGCC	54.0	1224.8	-0.000
TGCGAG	28.0	739.2	-0.000
ACACAC	372.0	6408.5	-0.000
TCCAGT	279.0	4932.5	-0.000
CACACT	229.0	4136.6	-0.000
GCATTC	157.0	2985.5	-0.000
CCAAGA	298.0	5232.8	-0.000
CCGTTC	30.0	779.1	-0.000
TTAGTT	343.0	6327.4	-0.000
CGAGGG	45.0	1062.2	-0.000
GACCCC	142.0	2739.5	-0.000
CAGCGG	56.0	1265.9	-0.000
ACAACA	236.0	4277.9	-0.000
TCATTA	307.0	5388.4	-0.000
ACGGCT	31.0	808.2	-0.000
TGTGGG	287.0	5073.9	-0.000
ATCATA	204.0	3820.8	-0.000
ACCCTT	191.0	3545.0	-0.000
TGGGTC	164.0	3252.8	-0.000
ACAGCG	43.0	1030.0	-0.000
ACACTT	239.0	4312.5	-0.000
CGGTCC	26.0	706.2	-0.000
TGTTCC	247.0	4452.6	-0.000
GCAGAG	313.0	5502.9	-0.000
TTCTTT	1150.0	19461.7	-0.000
CTCTAG	167.0	3155.5	-0.000
TCTATG	173.0	3257.6	-0.000
TCATTT	686.0	11970.1	-0.000
CCCTAG	144.0	2786.9	-0.000
CACCGA	30.0	851.1	-0.000
CATCGT	35.0	887.3	-0.000
TTCGCT	54.0	1240.5	-0.000
CGCTCC	60.0	1349.3	-0.000
TTTCTT	1160.0	20384.2	-0.000
ACGGTG	63.0	1405.4	-0.000
CCCTGA	251.0	5122.2	-0.000
GCGGAT	36.0	910.9	-0.000
GTCCGA	12.0	422.4	-0.000
CCGCGA	14.0	467.2	-0.000
GCCAGA	236.0	4291.2	-0.000
CCCATC	259.0	4659.8	-0.000
ATCGCC	29.0	777.5	-0.000
CCTGTT	327.0	5742.9	-0.000
ACCTAT	146.0	2834.1	-0.000
TTCCCC	308.0	5950.9	-0.000
AGCCCC	208.0	4360.3	-0.000
TATCTC	220.0	4053.3	-0.000
ATTTAC	315.0	5572.8	-0.000
CTTGGG	241.0	5118.9	-0.000
GTTCCT	252.0	4556.1	-0.000
ACCAGA	204.0	3789.8	-0.000
TCTATC	144.0	2811.3	-0.000
GGACAC	127.0	2523.1	-0.000
ATATCC	148.0	2883.2	-0.000
AAAGCC	260.0	4699.6	-0.000
GACTCT	192.0	3611.0	-0.000
TCTATT	329.0	6072.4	-0.000
TAGCAC	115.0	2322.6	-0.000
CCATTC	324.0	5724.5	-0.000
GCTCCA	211.0	4341.2	-0.000
CATGGA	229.0	4206.2	-0.000
ATTCAT	369.0	6447.2	-0.000
GACACC	125.0	2500.7	-0.000
ACCCCG	76.0	1663.0	-0.000
TATTTC	449.0	9151.0	-0.000
TCCTAT	193.0	3639.0	-0.000
CGTGTC	41.0	1026.7	-0.000
TGCGGT	49.0	1176.8	-0.000
CTGTAA	364.0	7869.2	-0.000
TCATCG	28.0	775.6	-0.000
AAATAC	403.0	7406.8	-0.000
TGTTTC	400.0	7573.4	-0.000
AGACCC	186.0	3529.8	-0.000
CAGTGC	225.0	4193.6	-0.000
AGCTCT	296.0	5311.4	-0.000
TATTCC	234.0	4308.1	-0.000
CCCTTG	214.0	3991.3	-0.000
GAGCCT	227.0	4265.0	-0.000
GGCAGC	202.0	3790.3	-0.000
ATCTAT	203.0	3810.3	-0.000
CATCTC	337.0	5956.0	-0.000
CTCACT	793.0	13053.5	-0.000
GCAGAC	116.0	2362.1	-0.000
GACACT	136.0	2707.6	-0.000
TCAGTG	301.0	5390.8	-0.000
TATGTC	152.0	2986.0	-0.000
TTATTC	361.0	6351.9	-0.000
CTGATG	264.0	4810.8	-0.000
CCAATC	122.0	2474.7	-0.000
CCTATG	136.0	2716.2	-0.000
CCAGTC	186.0	3552.7	-0.000
GGATCT	136.0	2946.9	-0.000
ATGTCC	170.0	3281.7	-0.000
GAGTCC	131.0	2632.4	-0.000
CTATTC	177.0	3402.0	-0.000
AAAAAT	1242.0	19922.8	-0.000
GTCTGT	240.0	4431.0	-0.000
TCCACT	245.0	4515.6	-0.000
CATCGC	27.0	770.7	-0.000
GCCGGA	40.0	1027.6	-0.000
TCTGTA	324.0	5781.7	-0.000
GATCCC	112.0	2480.8	-0.000
GCCTTT	351.0	6230.8	-0.000
GATGGA	330.0	5979.3	-0.000
GGTAGG	135.0	2717.2	-0.000
CTGTGC	315.0	5663.7	-0.000
TTGCTA	224.0	4266.3	-0.000
CTAGGG	121.0	2476.9	-0.000
CTCTAT	194.0	3693.6	-0.000
CCTACA	134.0	2703.8	-0.000
TTTCTG	669.0	11345.5	-0.000
TCCTTG	331.0	5920.3	-0.000
GCCCCA	224.0	4312.6	-0.000
CGAGAC	74.0	2017.0	-0.000
ACCAGC	206.0	5075.0	-0.000
CCATTG	223.0	4193.9	-0.000
GCGAGA	48.0	1194.8	-0.000
CGCAGA	31.0	865.3	-0.000
TTTACT	431.0	7516.6	-0.000
GGCTGT	240.0	4468.2	-0.000
AATTCA	351.0	6253.9	-0.000
TGTCAT	278.0	5075.2	-0.000
CTTCAT	295.0	5363.5	-0.000
ATAAAA	737.0	12274.8	-0.000
GCTGCT	274.0	5701.5	-0.000
GGAGGG	294.0	5347.3	-0.000
CTGTTT	553.0	9421.3	-0.000
CATCAA	183.0	3539.1	-0.000
GAGTTC	236.0	4407.2	-0.000
GGGAAG	331.0	5941.3	-0.000
ACAAAT	365.0	6483.8	-0.000
GGCGCG	106.0	2250.2	-0.000
AGAATC	233.0	4364.4	-0.000
GTCCCT	196.0	3754.7	-0.000
GCAGAA	271.0	4994.7	-0.000
TCGCAC	22.0	691.0	-0.000
TCACAT	260.0	4810.8	-0.000
TGCACT	262.0	4844.6	-0.000
GGGTGA	212.0	4032.4	-0.000
GCACTC	162.0	3682.0	-0.000
TGAGGG	221.0	4190.9	-0.000
TCCAAT	178.0	3477.4	-0.000
CTGTAC	150.0	3014.7	-0.000
CCAGGA	489.0	8473.5	-0.000
GCACGA	51.0	1269.9	-0.000
CCGACG	6.0	320.0	-0.000
GTGGGT	211.0	4029.9	-0.000
GCCAAC	123.0	3150.3	-0.000
TGCAGC	305.0	5556.5	-0.000
GCGGCA	28.0	823.3	-0.000
GTCCTT	215.0	4100.5	-0.000
AACCCA	237.0	4459.0	-0.000
CAGTCC	167.0	3299.5	-0.000
GCCTAT	131.0	2698.0	-0.000
TTTTCC	728.0	12216.8	-0.000
GAGGGG	211.0	4043.1	-0.000
ACGCTC	26.0	790.8	-0.000
GCAGCA	220.0	4211.2	-0.000
TACTCA	187.0	3665.8	-0.000
GTGTGG	260.0	4860.9	-0.000
TGGATG	257.0	4810.9	-0.000
GTGTCT	245.0	4625.5	-0.000
GGGCGT	54.0	1349.2	-0.000
CTCATT	375.0	7028.2	-0.000
CTTTGT	446.0	7853.9	-0.000
CCAGTG	262.0	4901.7	-0.000
GAGAGC	150.0	3051.2	-0.000
CAAACA	315.0	5769.0	-0.000
GTGGGG	271.0	5058.8	-0.000
TAGACC	80.0	1835.9	-0.000
TTCTGT	536.0	9278.5	-0.000
CCGAGA	72.0	1692.7	-0.000
TATAAA	496.0	8716.0	-0.000
AAAATA	1005.0	16822.4	-0.000
CAGGAA	356.0	6469.5	-0.000
CCTGCA	220.0	5360.1	-0.000
TGTCGT	27.0	826.2	-0.000
GTGAGA	260.0	4885.2	-0.000
TGCAGA	292.0	5412.6	-0.000
GCACTG	187.0	3691.7	-0.000
CATTAG	153.0	3211.0	-0.000
CCCATT	267.0	5009.7	-0.000
AGATCA	236.0	4656.9	-0.000
TCTCTT	530.0	9201.5	-0.000
CCCTTT	365.0	6593.8	-0.000
TGTGTC	255.0	4809.4	-0.000
TGTCAC	291.0	5406.7	-0.000
ATTCCT	377.0	6783.6	-0.000
CACTCC	245.0	5525.8	-0.000
AAAAAA	2530.0	39746.8	-0.000
CATCTA	150.0	3079.5	-0.000
GTGTCC	152.0	3114.5	-0.000
GGCGGA	81.0	1875.4	-0.000
GGTCCC	134.0	2803.9	-0.000
AGCACC	167.0	3363.9	-0.000
ACACTC	138.0	2875.2	-0.000
TGGCAC	254.0	4808.1	-0.000
CCGCTG	60.0	1488.9	-0.000
ATCGCG	12.0	505.5	-0.000
ATCCAG	214.0	4162.7	-0.000
GACAGC	137.0	2863.6	-0.000
TAATAA	440.0	7813.1	-0.000
AGCCAG	431.0	7679.9	-0.000
GCTGCA	261.0	4936.4	-0.000
CCAGCG	55.0	1400.6	-0.000
AACCCG	44.0	1188.3	-0.000
AAATAA	880.0	14717.9	-0.000
TCATCT	301.0	5592.2	-0.000
AGAGTC	200.0	4154.3	-0.000
CAATGG	212.0	4141.2	-0.000
CCAGGG	282.0	5540.9	-0.000
GGTCCT	153.0	3156.5	-0.000
CGAGGC	76.0	1799.1	-0.000
GTGGCA	302.0	5617.4	-0.000
GGGGAC	128.0	2720.5	-0.000
GGGGTG	229.0	4424.6	-0.000
CTACTA	129.0	3424.0	-0.000
GGGCGC	78.0	1841.7	-0.000
TGTGGT	310.0	6185.4	-0.000
TCCCCC	197.0	4294.7	-0.000
GTGGCC	186.0	3730.9	-0.000
TCACTT	364.0	6647.5	-0.000
ACGGAG	100.0	2358.7	-0.000
CTGTGG	329.0	6092.2	-0.000
TGGGGG	263.0	5015.1	-0.000
AGCGGC	34.0	1009.5	-0.000
AAAACC	320.0	5950.7	-0.000
CCAGCA	303.0	7128.7	-0.000
GGGGAG	248.0	4789.2	-0.000
CATTCA	277.0	5254.5	-0.000
TCTTTC	518.0	9134.1	-0.000
CTTTAC	193.0	3881.3	-0.000
CAGGAG	332.0	9419.3	-0.000
CCTATT	207.0	4107.0	-0.000
ACCTGT	264.0	5057.8	-0.000
CGCTGC	67.0	1666.6	-0.000
GACAGA	329.0	6237.8	-0.000
TCTACT	192.0	4783.6	-0.000
AGCCGA	62.0	1591.3	-0.000
GCACAG	211.0	4189.7	-0.000
GCAAGA	196.0	3933.3	-0.000
GGGACC	140.0	2986.8	-0.000
CATTTA	475.0	8500.0	-0.000
ACTCTC	174.0	3571.9	-0.000
CAGGAC	165.0	3413.3	-0.000
CCCTCG	50.0	1352.5	-0.000
GCTGTA	159.0	3308.7	-0.000
TTGCTT	476.0	8521.8	-0.000
CGTGGT	67.0	1940.9	-0.000
ATCTCT	342.0	6360.0	-0.000
GTGAGG	206.0	4118.1	-0.000
GCCCTT	201.0	4031.2	-0.000
ACCAAC	145.0	3089.5	-0.000
GGCCGA	77.0	1877.4	-0.000
GAGTCA	164.0	3410.6	-0.000
GCCGCT	41.0	1185.4	-0.000
CTTTGC	287.0	5488.9	-0.000
CGCTCA	38.0	1128.7	-0.000
TGGAGG	307.0	5821.9	-0.000
AGGAGG	374.0	6906.3	-0.000
GGGTGC	144.0	3087.3	-0.000
AGGACC	134.0	2909.7	-0.000
TTACTC	167.0	3479.8	-0.000
GGCCCC	172.0	3594.9	-0.000
GGGAGC	154.0	3268.7	-0.000
GTCACA	154.0	3268.6	-0.000
CTTTGG	408.0	7760.2	-0.000
CCAACA	216.0	4991.4	-0.000
GACGGA	82.0	2092.2	-0.000
GTTTGG	236.0	4701.2	-0.000
CCCTAC	103.0	2377.9	-0.000
TCAGAG	257.0	5090.0	-0.000
GTTTCC	300.0	5717.9	-0.000
AGTTTG	354.0	6617.9	-0.000
CGCTTG	50.0	1419.8	-0.000
TTCATT	593.0	10455.4	-0.000
TACTAA	234.0	4640.4	-0.000
GGCTCT	209.0	4233.8	-0.000
TTCCTA	290.0	5600.8	-0.000
CACTTT	400.0	8271.6	-0.000
CCTGTG	323.0	6149.0	-0.000
AGGAGT	276.0	5529.9	-0.000
TGGGGA	313.0	5996.8	-0.000
CTGTAG	253.0	4991.7	-0.000
CTGCAC	257.0	5567.3	-0.000
GACCAA	137.0	3018.9	-0.000
CAACAA	222.0	4489.6	-0.000
CTGAGG	355.0	8221.5	-0.000
CTTTAT	419.0	7743.2	-0.000
GGAGCC	179.0	3755.8	-0.000
ATAAAT	574.0	10399.7	-0.000
TGGATC	150.0	3268.8	-0.000
GGGGCT	192.0	3998.7	-0.000
ATCGCT	42.0	1261.6	-0.000
TCTGTG	373.0	7002.5	-0.000
TTCCAT	356.0	6729.2	-0.000
CCCCGT	56.0	1548.0	-0.000
CTTTCT	607.0	10799.5	-0.000
TTTGGG	448.0	9021.5	-0.000
CAAGAC	185.0	3889.8	-0.000
GAGCCC	180.0	3803.6	-0.000
TGGACC	102.0	2432.6	-0.000
TCCATC	237.0	4886.8	-0.000
TTTCCC	449.0	8284.8	-0.000
AGCACT	224.0	5475.0	-0.000
GGGCAC	123.0	2805.7	-0.000
GGACCA	129.0	2916.8	-0.000
AATAAA	782.0	13807.7	-0.000
CTCGCT	118.0	2722.9	-0.000
CAAGAT	230.0	4672.6	-0.000
TCCCTT	337.0	6470.6	-0.000
TCGCGC	14.0	660.4	-0.000
CTCTGA	316.0	6145.4	-0.000
CGGGCG	57.0	1616.0	-0.000
CCTAGA	154.0	3401.3	-0.000
GCTCTT	251.0	5062.0	-0.000
TCCATT	322.0	6255.6	-0.000
TTCACT	367.0	7009.1	-0.000
GAGGGC	136.0	3089.7	-0.000
CCCTGT	286.0	5670.6	-0.000
GGGGCC	152.0	3382.8	-0.000
CGGCTC	182.0	3905.8	-0.000
AGCCCA	252.0	5100.9	-0.000
TTTGCT	505.0	9273.1	-0.000
GCGCGA	37.0	1244.8	-0.000
CTGTCA	302.0	5948.1	-0.000
TCTTCT	447.0	8351.7	-0.000
CAAGGC	173.0	3755.8	-0.000
ACTCTA	125.0	2905.7	-0.000
CCTCTT	375.0	7288.4	-0.000
TTCTTC	444.0	8320.3	-0.000
GGGGGC	126.0	2939.5	-0.000
GCACTT	237.0	4906.2	-0.000
CCAGAT	197.0	4341.2	-0.000
TCATTC	269.0	5463.4	-0.000
CTTCTT	393.0	7536.1	-0.000
AGGCCG	91.0	2329.2	-0.000
CTCTTT	517.0	9569.9	-0.000
TTCTCT	583.0	10659.9	-0.000
CCCAGT	249.0	5152.1	-0.000
AACCCT	196.0	4223.2	-0.000
GGGCGG	74.0	2012.4	-0.000
CACACA	405.0	7813.1	-0.000
CCACTG	447.0	8467.9	-0.000
CCTTCA	246.0	5110.9	-0.000
GTCTCT	263.0	6362.9	-0.000
ACCCAG	428.0	8162.6	-0.000
CAAAAA	616.0	11963.3	-0.000
TGTCCC	186.0	4086.6	-0.000
GTCCCC	131.0	3098.3	-0.000
CCGAGG	87.0	2284.9	-0.000
TAGTTC	141.0	3287.4	-0.000
TTTCCA	497.0	9320.2	-0.000
CAGAGG	271.0	5567.6	-0.000
CTGTCC	208.0	4533.9	-0.000
TGGTGC	232.0	4892.1	-0.000
GGGCCC	129.0	3077.1	-0.000
AGGGGC	145.0	3377.6	-0.000
GGCCCT	178.0	3964.9	-0.000
GGGGCA	134.0	3174.7	-0.000
GTTCCC	136.0	3211.3	-0.000
TCTCAC	296.0	6345.0	-0.000
AGTCCC	169.0	3803.4	-0.000
GGATGC	104.0	2642.2	-0.000
CACTGG	203.0	4423.8	-0.000
CCTTCT	358.0	7071.9	-0.000
GGAGGT	228.0	4865.3	-0.000
AAGCCC	165.0	3767.0	-0.000
GGCTGC	232.0	4953.2	-0.000
ATTTCC	360.0	7133.7	-0.000
TAGTCC	107.0	2724.8	-0.000
CAGCTC	336.0	6749.3	-0.000
CTTTTC	506.0	9569.8	-0.000
CAGGGC	195.0	4316.1	-0.000
GTGGGC	145.0	3502.5	-0.000
GCTCTC	168.0	3846.9	-0.000
CAGCCC	248.0	5762.4	-0.000
TTCCTT	621.0	11463.1	-0.000
CTTGCT	319.0	6475.5	-0.000
TCTGTT	480.0	9167.1	-0.000
CCTTTC	331.0	6692.4	-0.000
AAACCC	248.0	5276.9	-0.000
AGAGCC	173.0	3952.1	-0.000
CCTGGA	351.0	7037.8	-0.000
CCCTTC	252.0	5336.2	-0.000
TCCCCT	279.0	5807.5	-0.000
TGTGTG	573.0	10723.6	-0.000
GGCAGA	258.0	5470.1	-0.000
ATACAA	281.0	5871.6	-0.000
GAGTCT	291.0	6341.5	-0.000
TACTCG	22.0	1008.4	-0.000
ATCCCT	173.0	4010.4	-0.000
GAGGTC	172.0	3995.9	-0.000
CAGAGC	248.0	5366.8	-0.000
GGTGGA	230.0	5042.6	-0.000
GTGTGT	459.0	8956.5	-0.000
GGGCAA	152.0	3662.6	-0.000
GAGGCA	295.0	6240.0	-0.000
AGTTCC	155.0	3732.5	-0.000
TCTCTA	265.0	6331.2	-0.000
CGGGAG	89.0	2485.8	-0.000
CAGCAC	203.0	5617.1	-0.000
TCACAC	187.0	4325.0	-0.000
GACCCT	144.0	3544.9	-0.000
GCGTGG	59.0	1894.1	-0.000
GGGCCA	147.0	3617.0	-0.000
CCTTTA	246.0	5402.4	-0.000
CATTCC	196.0	4501.8	-0.000
ACAAAA	543.0	10884.5	-0.000
GCCGAG	98.0	2791.9	-0.000
CCTTTG	310.0	6535.5	-0.000
TGTCGC	66.0	2074.6	-0.000
TGGGGC	181.0	4283.7	-0.000
ACCCTG	246.0	5459.9	-0.000
CTACTC	139.0	3514.9	-0.000
TGGCGC	89.0	2558.3	-0.000
TTCCTC	355.0	8294.5	-0.000
CATTTC	362.0	7505.8	-0.000
AATCCC	250.0	5567.2	-0.000
GTCGCC	68.0	2153.9	-0.000
TGGAGT	504.0	11419.6	-0.000
TACAAA	336.0	7643.7	-0.000
TGGGCG	64.0	2073.9	-0.000
CTGCAG	388.0	7987.4	-0.000
TCTTCC	308.0	7153.7	-0.000
TCTGTC	349.0	8313.1	-0.000
CCCTGG	297.0	6442.3	-0.000
AGGCCA	235.0	5354.9	-0.000
CCATCC	201.0	4738.7	-0.000
CTCTGG	288.0	6297.4	-0.000
TCTCGC	78.0	2402.6	-0.000
GCAGGA	239.0	5453.2	-0.000
GCGGTG	50.0	1814.4	-0.000
GCCCCT	176.0	4343.2	-0.000
CTGTCG	63.0	2140.0	-0.000
CGGTGG	60.0	2065.5	-0.000
GGAGTC	195.0	4690.7	-0.000
GGTGGC	177.0	5749.7	0.000
CTGCTC	241.0	5778.3	0.000
AGACCA	213.0	5527.0	0.000
AGCCCT	194.0	4924.7	0.000
CACTCT	212.0	5869.3	0.000
ACTCTG	285.0	6523.3	0.000
CTTCTC	270.0	6553.3	0.000
GCTCTG	344.0	7973.6	0.000
CAGTGG	417.0	10282.1	0.000
GGAGGC	269.0	8239.6	0.000
GAGGCC	214.0	5242.8	0.000
TCCTTC	325.0	7251.7	0.000
TCCTTT	511.0	10380.2	0.000
GGGTGG	224.0	5814.9	0.000
CTCTTC	250.0	6213.8	0.000
TTTCCT	699.0	13487.1	0.000
CCTGTA	241.0	6973.0	0.000
AGGGCC	118.0	3331.2	0.000
CCCCTC	197.0	5642.9	0.000
CCCTCT	231.0	6312.2	0.000
CTCTAC	150.0	4397.8	0.000
TCCCTC	258.0	6997.4	0.000
TCACTC	222.0	5815.6	0.000
TTCCCT	342.0	7850.8	0.000
TGAGGC	252.0	6105.8	0.000
TGCAGT	505.0	11151.2	0.000
TTGCTC	255.0	5919.3	0.000
GCAGTG	428.0	10752.8	0.000
TCTCTG	400.0	8604.2	0.000
GCCCTG	237.0	5837.9	0.000
GAGGCT	256.0	6703.3	0.000
TCCTCT	287.0	8099.2	0.000
TGGGTG	258.0	6162.0	0.000
GGGAGG	355.0	10057.5	0.000
CTTTCC	334.0	7307.4	0.000
CTCTCC	224.0	7052.7	0.000
TCCCTG	320.0	7086.0	0.000
CTCTGT	407.0	11333.4	0.000
GTGGCG	89.0	3162.1	0.000
CTGGAG	453.0	11806.5	0.000
GAGACC	185.0	4703.3	0.000
CGCTCT	79.0	2547.8	0.000
GGGCAG	215.0	5138.4	0.000
GCCTGT	270.0	7346.1	0.000
GGACCC	74.0	2576.6	0.000
GGAGTG	376.0	9001.5	0.000
TCGCTC	67.0	2432.1	0.000
TCTCTC	326.0	8775.3	0.000
CTCTCT	338.0	9551.8	0.000
