OligoSequence	Target Occurences	Background Occurences	Enrichment(ln p, up to 2 mismatches)
CTCCTG	184.0	19120.8	-22.286
ACCTCC	99.0	8528.2	-22.142
ATTTTT	373.0	45290.0	-20.847
TTTTTA	300.0	36514.0	-17.831
GCGATT	41.0	2688.1	-17.101
GATTCT	89.0	8545.4	-15.957
CGCCTT	30.0	1727.0	-15.839
AGTGAT	81.0	7531.8	-15.749
GGTTCA	84.0	8020.5	-15.560
GTTCAA	85.0	8057.0	-15.385
CGCGTT	5.0	427.5	-14.982
CAAGCG	40.0	2860.5	-14.559
TCAAGC	71.0	6634.1	-14.349
CAAGTG	69.0	6353.0	-14.306
AGCGAT	34.0	2939.7	-13.861
GTGATT	70.0	6656.6	-13.516
GGGTTC	67.0	6219.5	-13.507
CAACCT	82.0	8187.2	-13.439
AACCTC	83.0	8431.7	-13.070
CTCCGA	7.0	1075.9	-12.272
CGATTC	35.0	2556.1	-12.173
TTCTCC	122.0	13961.0	-12.067
CTTTTT	250.0	32534.5	-11.905
TTCGCC	19.0	1305.4	-11.678
TTTTTG	276.0	36518.6	-11.663
TTGGTC	48.0	4204.5	-11.497
AAGTGA	79.0	8213.6	-11.422
GTAACG	8.0	506.5	-11.324
CGTTTT	39.0	3173.3	-11.318
GCCTCC	148.0	18086.5	-11.139
CTGGTC	63.0	6314.3	-10.985
GGGATT	74.0	11118.9	-10.941
GCAACC	62.0	6181.9	-10.912
AACGTC	8.0	848.1	-10.770
ACCGCC	3.0	816.4	-10.552
TCGCCT	22.0	1369.1	-10.496
CTCCCA	120.0	14405.9	-10.320
GCGTTT	24.0	1621.0	-10.190
GCGATC	20.0	2422.8	-10.122
ATTCTC	93.0	10594.7	-10.030
AAGCGA	36.0	3038.0	-9.694
ACGCCT	16.0	2235.5	-9.528
TTTTAC	88.0	10131.3	-9.357
TTCAAG	89.0	10325.7	-9.289
CCGCCG	17.0	961.6	-9.212
CGACCT	8.0	1180.0	-9.181
ACCACC	27.0	4725.5	-9.147
CCTCCG	31.0	3417.4	-9.113
GGGTTT	74.0	10267.2	-9.002
TGCGAT	13.0	1386.8	-9.000
ATACGC	11.0	417.3	-8.994
CCGCCT	54.0	5586.8	-8.961
CACCGC	13.0	2512.4	-8.868
CGATAC	1.0	344.4	-8.820
AGATCG	19.0	1213.4	-8.782
AAGATT	60.0	6401.8	-8.758
CGGGTT	33.0	2807.4	-8.695
CGCGAT	13.0	1237.5	-8.651
CCTCCC	152.0	19839.3	-8.640
TCCTGC	85.0	9871.0	-8.606
CTCGTG	9.0	2165.4	-8.589
TCCGCC	45.0	4348.3	-8.580
CCTACC	22.0	2774.6	-8.551
TGCAAC	61.0	6653.6	-8.402
GTGTAG	30.0	2611.3	-8.291
ACCCCC	27.0	2744.1	-8.288
TTCGCG	1.0	295.6	-8.271
GCTCAC	84.0	10019.0	-8.183
GGTTCT	16.0	4149.0	-8.087
CCGAAA	16.0	969.4	-7.959
TTTGCG	18.0	1190.9	-7.941
TCCCGG	36.0	3356.9	-7.899
ACGTGT	18.0	1197.7	-7.875
CCTGCC	94.0	11550.6	-7.838
TCAAGT	62.0	6987.7	-7.789
TTTTTC	210.0	29264.4	-7.763
TACAAC	28.0	2440.8	-7.737
CGTGTA	14.0	783.0	-7.712
CTGCCT	119.0	15340.7	-7.653
CTGCAA	80.0	9527.4	-7.632
AGCGTT	13.0	1097.5	-7.627
CACCTC	64.0	7207.3	-7.593
TCGGGT	7.0	956.3	-7.585
CTTTCG	19.0	1347.6	-7.559
TCGAAG	14.0	799.8	-7.513
AACTCC	66.0	7569.3	-7.478
TGGGAT	77.0	11723.4	-7.462
CGACTT	6.0	900.2	-7.411
GAAGCG	5.0	1042.8	-7.354
CTCCGG	12.0	1368.3	-7.351
ACCTCA	57.0	7383.5	-7.346
GATTTT	110.0	14153.4	-7.336
TTTTCG	18.0	2046.0	-7.317
AACTTC	36.0	5105.9	-7.273
CGATTT	12.0	1647.6	-7.268
CCCAAA	77.0	9327.0	-7.239
CTCCCG	52.0	5769.9	-7.158
AGCGGT	13.0	729.6	-7.138
CCACCT	65.0	8592.5	-7.133
GTTCGC	11.0	532.3	-7.117
GGTCTC	64.0	7365.2	-7.094
CAACGT	5.0	872.1	-7.084
CTCACT	104.0	13347.1	-7.046
TGCCTC	102.0	12982.3	-7.030
GCTGGT	60.0	6906.5	-7.001
CGTGCC	23.0	1912.6	-6.993
ACGATT	4.0	991.4	-6.970
CAACTA	26.0	2311.9	-6.940
CGGTTC	4.0	877.7	-6.928
GGCTCA	85.0	10526.4	-6.838
CGATCC	7.0	955.2	-6.828
TGGGCT	54.0	6162.4	-6.815
CGATAG	9.0	370.6	-6.796
ACGCGA	2.0	271.7	-6.793
CGCCTG	17.0	3800.9	-6.784
ACCTCG	21.0	2577.3	-6.776
CGCCTC	46.0	4929.9	-6.766
GCGATG	2.0	749.0	-6.762
TCCGGG	12.0	1212.7	-6.754
TTTCGC	21.0	1706.1	-6.680
TCACGG	5.0	951.7	-6.671
TACACC	14.0	1887.0	-6.624
GACCTC	43.0	5993.4	-6.624
CAAGTT	30.0	5069.5	-6.604
TCAACC	15.0	2892.3	-6.603
TACCCC	20.0	1852.0	-6.585
GGCGTT	14.0	888.9	-6.575
AAAAAA	291.0	42985.7	-6.511
TAATAA	62.0	7396.0	-6.508
TGTTGG	66.0	7898.4	-6.500
TCCTGA	87.0	11040.8	-6.463
ACTGCA	91.0	11586.5	-6.454
TGGTCC	28.0	2670.9	-6.453
GAGAAA	69.0	8429.4	-6.431
TCCCGA	17.0	2986.9	-6.425
ACAACT	34.0	3386.5	-6.397
ACGTCC	5.0	781.2	-6.378
ATCGAA	11.0	590.7	-6.354
TGGGGT	57.0	6629.9	-6.347
CTCCTA	40.0	4284.4	-6.337
CCAAAG	71.0	8816.7	-6.311
TCCGGC	2.0	941.5	-6.285
CAAGCA	48.0	5384.6	-6.245
TTTTGT	209.0	30176.3	-6.198
CCGACT	3.0	899.5	-6.187
TTCCGG	6.0	1095.1	-6.181
CACCCC	36.0	3734.6	-6.154
CTTCGC	7.0	1009.1	-6.149
TGATCC	51.0	5888.9	-6.146
AAGCTT	26.0	5171.3	-6.131
CAAGCT	39.0	4516.7	-6.111
GGATTC	22.0	3565.7	-6.083
CCTCAG	102.0	13454.2	-6.034
CGTGTT	13.0	1941.1	-6.016
GCGAAA	4.0	897.2	-6.015
TACCTC	26.0	3457.2	-6.010
CGGGGA	1.0	1400.0	-5.985
CGCGAG	10.0	520.2	-5.982
TAGCGT	7.0	617.0	-5.980
CGAACT	18.0	2029.9	-5.948
GGGGTT	56.0	6600.5	-5.945
CTGACT	32.0	4917.4	-5.939
AATTTT	186.0	26823.1	-5.896
AATCTT	58.0	6947.0	-5.896
TGGTCA	37.0	3947.4	-5.894
AACCCC	26.0	3530.2	-5.866
GTCAAG	19.0	2532.3	-5.857
CCATAC	21.0	1837.7	-5.849
CTCCAA	18.0	4902.4	-5.849
GATCGT	12.0	743.3	-5.838
CCGTAT	11.0	636.2	-5.830
ACTCCT	64.0	7814.7	-5.808
AAGTGC	60.0	7318.5	-5.785
GTTTTT	170.0	24394.3	-5.763
GCGCGA	17.0	1341.6	-5.748
CTCACG	4.0	1694.8	-5.746
TGGTCT	73.0	9218.5	-5.742
ATTCGC	2.0	535.4	-5.738
GCTTTT	90.0	11943.2	-5.685
CGGCTT	9.0	1367.2	-5.675
TAACCC	23.0	2137.6	-5.659
TATCGT	11.0	652.1	-5.656
TTCTCG	20.0	1739.8	-5.651
CAACTT	40.0	5086.0	-5.626
CTTAGC	31.0	3280.1	-5.599
GTGATG	32.0	4550.3	-5.592
ATCTCC	24.0	5150.2	-5.585
GCGATA	6.0	407.3	-5.574
ACCTAC	11.0	2062.8	-5.571
CCAAGT	45.0	5461.2	-5.570
TCACTG	92.0	12194.1	-5.551
CCGAAG	7.0	1028.9	-5.547
GCTCAA	40.0	4503.7	-5.526
GGGCTC	35.0	4531.2	-5.522
GTGTAC	22.0	2029.4	-5.514
CGCAAG	4.0	564.9	-5.494
CGCGAA	1.0	258.7	-5.485
GGGCTT	37.0	4082.4	-5.482
CGCATA	8.0	364.2	-5.461
TCCTCC	53.0	9412.0	-5.460
CGCCTA	5.0	713.8	-5.453
TTTGTA	111.0	15312.7	-5.451
GTTCTC	32.0	4862.2	-5.433
CGCCGC	14.0	1017.8	-5.432
TTCGCT	18.0	1515.2	-5.432
TAAAAG	60.0	7451.2	-5.431
CATGTT	67.0	8482.1	-5.419
GGCTTA	24.0	3086.6	-5.409
TTTTCC	122.0	16938.3	-5.402
TCCGAA	4.0	872.5	-5.402
TAAAGC	13.0	3817.3	-5.380
ATCGGG	6.0	570.7	-5.372
CTAACT	17.0	3172.4	-5.372
TCGAAC	21.0	1922.4	-5.358
TCCCAA	80.0	10455.5	-5.355
ATCCGC	12.0	1657.0	-5.337
AACGTG	17.0	1404.8	-5.321
GCAAGC	28.0	2920.9	-5.276
AAGGTA	33.0	3514.0	-5.253
TGAAGC	38.0	4275.7	-5.246
CCGGGT	28.0	2928.5	-5.241
GTGCAA	25.0	4657.3	-5.225
ACCTGC	22.0	4144.7	-5.218
CCGGTT	3.0	802.9	-5.214
TTTACC	45.0	5233.1	-5.196
CAACCG	1.0	598.6	-5.185
CAGGTT	41.0	6469.1	-5.177
GTAGCG	9.0	543.4	-5.110
ACCGCA	13.0	1316.9	-5.106
AGACAC	31.0	3405.1	-5.098
TGCCGC	1.0	1009.4	-5.094
CCTTTT	101.0	13961.6	-5.085
TATCGG	2.0	394.4	-5.073
GGTGAT	38.0	4839.0	-5.062
CCACCG	13.0	2873.3	-5.059
CCGCCA	5.0	2084.7	-5.056
GCGTTG	11.0	713.7	-5.046
TTGGCC	58.0	7266.3	-5.037
CGCCAT	12.0	1922.7	-5.025
GCGTTC	9.0	860.1	-5.023
CGTAAC	4.0	480.7	-4.972
CGTGAT	12.0	2571.7	-4.946
CAACCA	20.0	3060.8	-4.942
CGTACC	2.0	411.3	-4.942
AGGCTA	29.0	3149.2	-4.937
TCGGCC	21.0	2919.9	-4.930
CGGGGT	17.0	2602.5	-4.920
TAGCTT	39.0	4532.0	-4.912
GCCTCA	70.0	10607.6	-4.906
TGGACT	30.0	3842.8	-4.895
CCGTCA	12.0	848.1	-4.885
TGATCG	7.0	776.2	-4.876
CGGGCT	8.0	1519.9	-4.867
TCCTGG	76.0	10148.4	-4.863
TTCACC	53.0	6930.9	-4.863
AACGAT	7.0	848.3	-4.858
ACTTGT	38.0	4397.9	-4.837
TCGCAA	1.0	552.3	-4.835
CTACCT	27.0	3810.9	-4.829
TACGCC	9.0	515.4	-4.829
GCGGTT	4.0	817.4	-4.823
CAGGCT	106.0	14905.7	-4.807
AGATGG	65.0	8409.1	-4.776
AACCGC	2.0	649.1	-4.773
ATGGTC	16.0	3221.2	-4.766
AGGATT	48.0	5871.0	-4.757
CTCAAG	52.0	6536.6	-4.752
CACCTG	37.0	6907.0	-4.751
TGTGGG	42.0	5063.7	-4.740
AATGGC	39.0	4589.9	-4.729
GGCCTC	52.0	7522.9	-4.705
TGATTC	50.0	6221.2	-4.704
CTCCGC	31.0	3511.5	-4.701
GATGGG	45.0	5401.8	-4.698
CGAAAG	6.0	958.1	-4.698
CATACC	21.0	2051.4	-4.692
CGGATT	5.0	843.1	-4.677
ACCGAA	9.0	748.0	-4.659
AGCGAA	2.0	879.3	-4.654
TTTTGA	146.0	21234.4	-4.648
AAGCTC	25.0	4413.6	-4.641
GAAACG	15.0	1254.2	-4.631
ATGATC	36.0	4148.1	-4.629
TGGGTT	60.0	7780.5	-4.623
TTCGCA	2.0	664.0	-4.613
GATCTT	27.0	5755.1	-4.613
GGTTTT	88.0	12305.2	-4.611
TAAGCG	2.0	630.6	-4.606
CCCCGA	14.0	1131.0	-4.604
TCGCTC	26.0	2791.4	-4.597
TGTCGG	3.0	734.1	-4.593
TAGTAC	19.0	1795.1	-4.590
TTTTGG	82.0	13632.9	-4.590
GGCTGG	106.0	15044.5	-4.583
TACTAG	21.0	2076.7	-4.574
GGAGTG	71.0	9574.0	-4.562
GAAGTG	30.0	4896.5	-4.560
GAACTC	47.0	5779.9	-4.557
TTTACG	2.0	1087.7	-4.553
CGAGTG	7.0	941.3	-4.547
AGTTTT	84.0	15758.9	-4.543
CAGCCT	93.0	16239.8	-4.543
TCCTAC	28.0	3102.3	-4.541
CCGAAT	3.0	724.5	-4.538
GTCCGC	10.0	656.1	-4.529
GCAACG	2.0	572.8	-4.526
ACGGAG	24.0	2518.3	-4.514
CCTCCT	88.0	13003.4	-4.509
TCTTAA	53.0	6802.5	-4.506
TAACGT	13.0	1021.1	-4.491
CCCGAT	5.0	643.2	-4.490
GATTCA	20.0	4216.7	-4.489
ACGATC	15.0	1278.0	-4.486
AGTGCT	60.0	8197.4	-4.479
TCCCCC	28.0	4294.2	-4.473
CTTGGC	55.0	7158.2	-4.471
TTTACA	65.0	8549.7	-4.469
GATCAA	12.0	2614.8	-4.458
AGTGCA	71.0	9625.3	-4.458
CCCCCC	26.0	2826.1	-4.457
TTTCAG	78.0	10729.7	-4.439
GATCCT	35.0	4052.4	-4.435
CGAGTA	12.0	2223.6	-4.432
GCAAAC	10.0	2954.1	-4.431
GGCGCG	22.0	2250.3	-4.426
GTGATA	23.0	3277.9	-4.415
CGTGGA	14.0	1163.8	-4.392
GTTGGT	36.0	4232.2	-4.362
TTCACG	13.0	1843.2	-4.361
GAGATG	61.0	8072.7	-4.361
CCCCTA	11.0	2212.4	-4.349
AGGGTT	27.0	5043.1	-4.348
GAACGT	8.0	915.2	-4.346
CTCGGC	41.0	5753.6	-4.346
CGGTGA	13.0	1043.9	-4.345
CTCGAC	5.0	788.7	-4.344
GATTGT	12.0	3977.7	-4.336
TGATTT	97.0	13630.8	-4.333
TGCGTT	15.0	1303.6	-4.332
CGGGTC	1.0	846.7	-4.332
TCCACC	52.0	6705.8	-4.331
AGAACT	42.0	5211.4	-4.319
CTTAAA	53.0	6883.7	-4.312
GTCGGC	7.0	628.0	-4.310
CGTCAG	12.0	923.5	-4.303
TTTTAG	93.0	15708.1	-4.298
CGCCGT	5.0	514.2	-4.296
ATGGGG	41.0	5059.6	-4.288
CTGACC	49.0	6216.4	-4.288
TTGGCA	38.0	4580.2	-4.272
CGTACT	4.0	497.4	-4.258
TAAATC	36.0	4269.1	-4.249
GTTCAC	23.0	3818.6	-4.247
TCACCC	44.0	5568.0	-4.244
TCTCAC	53.0	6913.4	-4.243
AGCTCA	48.0	6440.4	-4.230
AAGGTC	26.0	2886.2	-4.227
TCTCCG	12.0	1570.3	-4.226
AGCACC	27.0	3038.3	-4.221
TCAGGT	43.0	5511.1	-4.213
TATTTT	230.0	35364.8	-4.194
GCCGCC	17.0	1767.6	-4.192
TAAGAC	25.0	2746.1	-4.189
TATGAA	44.0	5590.5	-4.183
AAGGCT	36.0	4291.3	-4.183
CTACCG	9.0	580.8	-4.174
ACTAGA	25.0	2753.3	-4.162
TACACT	27.0	3056.7	-4.154
GACACT	25.0	2756.2	-4.150
TAACAG	31.0	3673.3	-4.148
CGTGCA	4.0	1165.4	-4.144
CCCCCT	28.0	3683.4	-4.141
CCAACT	21.0	3551.8	-4.136
TCGAGC	6.0	678.2	-4.135
AAAGAT	54.0	7133.9	-4.133
ACGAAC	3.0	466.3	-4.129
TGGCGT	14.0	1878.6	-4.128
AACTGC	31.0	3679.0	-4.128
CGATCT	32.0	3679.3	-4.128
CGATTA	4.0	664.4	-4.123
ACACCT	32.0	4162.2	-4.115
TCGGAC	3.0	421.5	-4.107
GAAGCC	31.0	3687.1	-4.101
TCAGGC	29.0	4544.7	-4.093
TCACCT	23.0	5770.5	-4.091
TCACCG	12.0	1741.2	-4.084
TTGCGA	10.0	709.0	-4.082
GGCAAG	28.0	3229.9	-4.080
ATCCGA	9.0	592.7	-4.065
GCGCAA	11.0	837.0	-4.063
AATTCG	11.0	832.8	-4.063
AACGCC	4.0	711.7	-4.033
GGCTTT	48.0	6582.8	-4.026
ATGTTG	63.0	8587.6	-4.024
GGGATC	22.0	2407.3	-4.010
GTGATC	55.0	7363.3	-4.006
CCCCCG	12.0	1584.8	-3.998
TTAAAG	42.0	8005.0	-3.995
TACCGC	8.0	488.6	-3.979
TTACCT	41.0	5175.0	-3.978
CGCTTC	6.0	1270.5	-3.977
GCCACC	48.0	8663.9	-3.977
GGGTAT	21.0	2211.4	-3.972
TCTGGT	40.0	5014.9	-3.965
GCCTCG	20.0	3001.4	-3.952
ACGACT	9.0	606.0	-3.950
TGGCGC	23.0	2512.4	-3.944
GTCTCA	61.0	8283.4	-3.920
AAAGTG	74.0	10275.0	-3.920
TGTTCG	11.0	854.8	-3.911
GAGTGC	62.0	8467.3	-3.906
TTTCCG	17.0	1655.7	-3.904
CGTGGC	3.0	1372.5	-3.892
GTCTTA	29.0	3442.3	-3.885
GATCGA	7.0	636.7	-3.870
GTATGA	25.0	2833.3	-3.868
CCTCAC	17.0	4308.2	-3.861
ATGGCA	36.0	4403.0	-3.859
GATAGG	10.0	2166.4	-3.850
ACCCCG	15.0	1389.2	-3.848
AGTTGA	35.0	4246.5	-3.847
TTACCG	7.0	745.9	-3.846
ACAACC	20.0	2534.7	-3.844
GATCGG	8.0	503.4	-3.834
TGAGAT	64.0	8684.8	-3.833
CTGATC	19.0	3229.9	-3.820
TGGAGT	89.0	12792.7	-3.819
AGCTCC	31.0	4651.9	-3.819
CTCATG	31.0	4850.8	-3.815
GGCGAT	9.0	710.0	-3.813
CCCAAG	37.0	5667.5	-3.807
CAAACT	36.0	6025.2	-3.806
CTGGCG	14.0	1263.0	-3.801
CCGTGG	15.0	1401.4	-3.790
TCCGTG	14.0	1266.2	-3.784
CTCGGA	6.0	1043.7	-3.783
AAGCTA	28.0	3319.1	-3.782
ACTTTT	91.0	14595.9	-3.780
TCAAGG	22.0	3974.1	-3.779
GCGTAA	6.0	549.7	-3.772
CCGCTT	7.0	1222.9	-3.768
GAGTAC	11.0	2033.7	-3.760
CATTTT	114.0	19070.3	-3.755
GGTTTC	57.0	8581.0	-3.755
ATGTAC	25.0	2866.3	-3.751
ACGGGG	6.0	2414.0	-3.743
GTTTTC	81.0	11505.3	-3.736
AAACGT	16.0	1550.9	-3.734
GTCTCG	26.0	4759.7	-3.733
GCAATG	23.0	4261.9	-3.731
AAGTGG	28.0	4653.4	-3.730
GTATCG	7.0	402.6	-3.721
AAGCGC	6.0	818.6	-3.720
TTACTA	35.0	4292.1	-3.716
GCAACT	19.0	2858.8	-3.702
AAGCAT	37.0	4623.4	-3.701
AACTTG	38.0	4788.5	-3.696
CTGGGC	49.0	7817.8	-3.694
ATCTGG	33.0	3981.9	-3.688
CGGCCT	20.0	3649.5	-3.687
AGCCTC	77.0	12213.3	-3.685
TTGTGA	49.0	6473.3	-3.685
CTGCCA	26.0	5472.0	-3.673
CTCGAA	21.0	2287.6	-3.666
CAGTTG	34.0	4154.9	-3.653
GCGTTA	3.0	525.5	-3.650
CTCCAC	43.0	5638.8	-3.650
CAGGTC	16.0	2709.8	-3.644
TCGCCA	14.0	1292.9	-3.641
CGATGC	3.0	564.4	-3.641
AATCGA	9.0	644.2	-3.635
TCGGCT	25.0	3698.8	-3.631
CTTACC	20.0	2628.4	-3.630
CCCGAA	11.0	969.9	-3.627
CACCGA	10.0	769.9	-3.624
TACTCC	17.0	2548.9	-3.624
TCGTGC	12.0	1027.4	-3.624
ACGTGA	5.0	1278.6	-3.623
TGATGC	18.0	3420.5	-3.622
CGTTAA	10.0	770.8	-3.617
CACGAT	16.0	1575.2	-3.617
AGGTCT	32.0	3847.5	-3.612
GCTTAC	15.0	2138.4	-3.611
GATTAT	35.0	5066.7	-3.604
CGAAAT	7.0	827.6	-3.603
CTTCCG	7.0	1479.3	-3.600
TCCGAC	6.0	552.6	-3.590
TGGCAA	35.0	4338.7	-3.590
AAGCCG	11.0	903.7	-3.579
TTTTTT	1072.0	173777.4	-3.576
GATACT	15.0	2693.5	-3.567
CAACTC	12.0	3309.3	-3.566
ATCGTT	11.0	905.3	-3.566
CCCCCA	29.0	4728.0	-3.561
ATCAAG	24.0	3303.4	-3.560
TCCAAC	11.0	3134.2	-3.558
TCGTAA	8.0	705.8	-3.554
CGCTCC	14.0	1309.1	-3.551
ATGATT	38.0	6601.9	-3.551
ACAAGC	19.0	2640.4	-3.537
CCCGGG	32.0	3875.8	-3.531
TTGTCA	25.0	6138.9	-3.528
AGACTT	39.0	5022.9	-3.522
CGGACT	5.0	680.0	-3.518
CCTAAG	21.0	3106.7	-3.513
CGGTTT	6.0	1424.2	-3.511
AATGAT	39.0	5940.9	-3.502
CTCAAC	12.0	3264.2	-3.492
TCTCCT	97.0	14197.4	-3.485
TCGTTT	20.0	2186.7	-3.484
GCAAGT	20.0	2965.8	-3.482
GATTCG	6.0	745.7	-3.482
TAAAGA	51.0	6915.1	-3.481
TTCGTA	3.0	915.9	-3.475
TACCAC	14.0	2748.7	-3.472
GACTAG	17.0	1750.0	-3.468
GGCCTT	17.0	4289.9	-3.466
GGGCGT	13.0	1189.5	-3.465
TTTTGC	73.0	11892.9	-3.462
ATTTTG	86.0	15117.0	-3.460
TCGAGT	3.0	867.3	-3.460
CCGATT	6.0	791.7	-3.452
GTCAAC	17.0	1754.0	-3.451
CCACGT	8.0	1500.0	-3.448
GGATTT	52.0	7125.6	-3.427
CCTCTA	28.0	3433.0	-3.427
GGACTA	21.0	3867.5	-3.426
GATAGC	16.0	1616.1	-3.424
AATAGG	26.0	3119.2	-3.423
TCATGC	24.0	3976.8	-3.410
CCCCAA	30.0	4177.9	-3.410
GGAATG	34.0	4256.0	-3.377
GAACTA	16.0	2683.8	-3.375
CCGGGG	15.0	1486.4	-3.369
GTATAG	12.0	2163.8	-3.365
GACTCT	18.0	3823.2	-3.364
AGCGCA	5.0	802.0	-3.363
GGCTCG	3.0	1110.4	-3.355
GCAATC	28.0	3459.9	-3.350
TAGTAG	38.0	6486.1	-3.346
AAATCG	6.0	883.0	-3.343
GTTTGT	70.0	10057.4	-3.343
GTGCTT	37.0	4764.6	-3.340
CCTGGC	51.0	9376.3	-3.336
CGAAGC	3.0	778.7	-3.333
CAAGTA	23.0	4682.8	-3.331
AGGGCT	24.0	3916.9	-3.326
AGTAAT	19.0	4621.7	-3.322
AGCGTA	1.0	552.1	-3.321
GGACTC	20.0	2577.9	-3.320
CGGGAT	4.0	1096.5	-3.317
GGGGGT	18.0	2944.7	-3.308
TTAAGC	20.0	3622.3	-3.301
TTTTCA	115.0	17404.2	-3.298
TCGGGC	10.0	819.9	-3.285
AGCTTT	58.0	8121.1	-3.284
TTGCGT	12.0	1086.5	-3.282
AACTTT	53.0	9848.2	-3.274
GCCTTT	50.0	6847.2	-3.266
TGGCAG	37.0	4798.5	-3.258
GCTTAT	17.0	3457.3	-3.256
GATCAT	28.0	3492.7	-3.254
TTGTAC	12.0	3680.1	-3.247
TACCGT	5.0	707.1	-3.242
GTCTAG	19.0	2103.3	-3.232
CCCAAT	20.0	2721.5	-3.221
AAGTCG	1.0	663.6	-3.214
GAGAAC	28.0	3511.0	-3.201
CAAAGT	66.0	9403.1	-3.199
CTGGGA	100.0	15017.1	-3.195
GGCACG	18.0	1963.4	-3.194
CGGAGT	18.0	2641.0	-3.190
GGTCTT	43.0	5845.8	-3.186
ACTTCA	39.0	5164.1	-3.185
TTCTGG	58.0	8135.5	-3.183
ATACTC	21.0	2421.9	-3.178
TTGAAG	33.0	6389.9	-3.177
TCGCGC	2.0	613.6	-3.176
CCTTAC	22.0	2575.0	-3.175
AGATCT	14.0	4249.6	-3.173
TTTCAC	61.0	10783.4	-3.168
TGTTAC	32.0	4014.0	-3.156
ACTATG	26.0	3209.0	-3.156
CGAAAA	11.0	974.9	-3.153
TTGGCG	5.0	917.4	-3.150
GTTGGC	36.0	4676.5	-3.149
ATTGAA	43.0	5865.7	-3.143
CTTACT	36.0	4679.9	-3.141
GCGAGT	2.0	709.5	-3.140
TCCTAA	28.0	4706.3	-3.137
TGATGA	42.0	5697.1	-3.135
TCTCAG	50.0	8665.8	-3.134
CGGCAA	3.0	680.5	-3.134
GTTTTA	39.0	11106.8	-3.133
GCCTTG	39.0	5187.1	-3.133
TGTGAT	50.0	6917.9	-3.128
ACTTGA	38.0	5021.6	-3.127
GTTCGA	8.0	988.5	-3.127
AGAGAT	39.0	7188.8	-3.126
GGTGTT	25.0	4361.9	-3.119
GACGGA	20.0	2285.6	-3.119
ACGGCA	2.0	765.4	-3.115
GAGCAC	20.0	2286.7	-3.115
TAATAG	21.0	3977.1	-3.110
GACTTG	28.0	3545.8	-3.105
AGTAGA	52.0	7284.0	-3.104
TAAGCT	18.0	3291.8	-3.102
TGAGCG	11.0	983.4	-3.102
AAGTTG	30.0	4934.8	-3.102
CTATCG	3.0	451.0	-3.100
ATGCAA	31.0	4035.0	-3.099
CGCAAT	7.0	822.2	-3.094
GGTCTA	12.0	1990.7	-3.088
TTCCCG	11.0	1656.6	-3.081
CTACCA	15.0	2963.1	-3.080
CACTGC	80.0	11745.5	-3.080
AAGCGT	4.0	971.6	-3.074
AAATTG	50.0	6946.0	-3.072
GATGCG	1.0	630.0	-3.072
AGGTGA	42.0	5727.4	-3.071
CTAAGC	10.0	2320.8	-3.066
GTAGCT	58.0	8202.0	-3.065
AAAGCT	27.0	5642.7	-3.065
AGAGAA	58.0	8204.7	-3.063
GGGAGT	27.0	3401.3	-3.060
GGCGTA	4.0	501.2	-3.056
CGGTCT	2.0	984.3	-3.051
GTATTG	25.0	3085.3	-3.049
AAAGGT	35.0	4556.8	-3.038
ACAAGT	15.0	3553.8	-3.036
GAGTAG	39.0	6064.6	-3.033
GCCTTC	21.0	4856.3	-3.032
CAGGAT	38.0	5064.2	-3.029
TCTGAC	18.0	3946.3	-3.026
GGATCA	18.0	3411.6	-3.026
TTACAC	24.0	2935.7	-3.024
ACATCC	14.0	2779.7	-3.021
CCGCAA	10.0	863.9	-3.019
AATAAT	62.0	8963.0	-3.013
AACGTA	6.0	759.9	-3.011
TGCAAT	44.0	6105.1	-3.005
TTCAGT	55.0	7876.6	-3.005
TATCAG	23.0	3546.0	-2.998
GAACAA	30.0	3915.8	-2.988
CGATTG	8.0	607.1	-2.987
AAGCAA	51.0	7171.0	-2.987
CAATCT	25.0	4971.7	-2.976
TGCAAG	29.0	4328.8	-2.975
AATAAC	33.0	4252.7	-2.969
AAGACG	11.0	1008.5	-2.965
TCTGCC	62.0	8993.8	-2.965
GAAGAG	41.0	5606.2	-2.964
ACGTGC	7.0	1139.5	-2.964
CGTTGC	10.0	873.8	-2.961
TTCCCC	43.0	6606.1	-2.959
ACTCCA	24.0	5471.9	-2.956
GAACCT	8.0	3238.3	-2.954
CCTGAC	47.0	6521.7	-2.953
AATTTG	61.0	8818.6	-2.950
CCCCGG	5.0	1665.4	-2.950
ACAAAC	33.0	4262.8	-2.947
CTCCTC	21.0	7769.4	-2.946
AAGCCA	25.0	5086.3	-2.943
CTGCGT	11.0	1408.4	-2.939
GTTTTG	78.0	13425.2	-2.932
TGACCG	2.0	761.8	-2.927
AGCTTA	23.0	3139.0	-2.920
TGCTGG	57.0	9712.1	-2.918
GATGCA	24.0	2972.5	-2.915
GTAGAG	50.0	7032.2	-2.913
TTGTTA	37.0	7266.1	-2.912
TTCCGT	14.0	1446.1	-2.904
TCAGCT	52.0	7398.5	-2.897
TGACCT	54.0	7759.4	-2.895
CTACTG	21.0	3294.6	-2.893
CTGAGT	48.0	6695.5	-2.880
ATAGGT	23.0	2827.3	-2.877
GAAATG	49.0	6875.1	-2.876
GGATTG	16.0	3462.9	-2.871
ATGCGA	3.0	515.5	-2.868
TGACGG	9.0	755.3	-2.868
CTCATA	11.0	3215.8	-2.866
TTGACC	16.0	3488.9	-2.862
AAGGTT	21.0	4550.4	-2.861
CAGCTC	46.0	6354.9	-2.860
TATGGG	21.0	2519.9	-2.854
AGTGAA	41.0	5665.7	-2.844
CGCAAA	4.0	722.0	-2.841
AAGAAC	34.0	4474.2	-2.840
TAACGA	6.0	602.6	-2.835
TCTCGG	30.0	3977.8	-2.835
ATGTTT	53.0	11350.0	-2.834
TTGGAC	20.0	2784.0	-2.833
GTACTA	16.0	1761.9	-2.827
TTCGAA	11.0	1036.9	-2.824
ACCTTA	20.0	3288.3	-2.820
ACCCCA	25.0	4001.8	-2.819
TTGAGA	84.0	13245.7	-2.813
TTGTCC	24.0	4155.3	-2.811
ACGAAT	9.0	766.4	-2.801
ACTGAA	25.0	5880.7	-2.799
TCACGC	10.0	2106.4	-2.799
TCGACA	2.0	509.3	-2.798
CGTCCC	4.0	1044.8	-2.789
GGGGTC	13.0	2741.0	-2.789
TGCGGT	2.0	1172.1	-2.788
CTGCCG	12.0	1510.2	-2.788
CCTCCA	45.0	7219.6	-2.787
ATCGGA	7.0	508.2	-2.787
TTCAGG	41.0	5959.4	-2.786
GTACAA	13.0	2795.2	-2.782
TCAGAC	25.0	3181.3	-2.780
AAAAGT	60.0	8744.4	-2.775
AAGCGG	10.0	907.8	-2.771
CTTAAG	18.0	3899.9	-2.767
TAATTT	132.0	20699.1	-2.764
TGAGCT	36.0	5347.1	-2.760
AAGATC	20.0	3519.0	-2.759
AACTCG	4.0	828.6	-2.757
TTACCC	23.0	2888.1	-2.753
TGTAAC	26.0	3353.0	-2.753
TTACGC	2.0	527.5	-2.753
CTCAGC	88.0	13367.3	-2.748
GTTCGT	3.0	810.6	-2.745
TAGACA	25.0	3194.3	-2.744
CAGGTG	55.0	8035.3	-2.737
GCATCC	18.0	2676.5	-2.737
ATTTTC	78.0	15346.3	-2.737
GGGTCA	8.0	2701.9	-2.735
TTCGAG	4.0	1447.5	-2.733
CGTTAC	3.0	548.0	-2.730
TTATCC	23.0	3763.0	-2.725
GTTGGG	22.0	4106.4	-2.724
TCTGGG	32.0	6512.1	-2.716
AGTTGG	26.0	4201.4	-2.716
GGAGTA	22.0	2831.0	-2.716
CTAAAG	29.0	3860.8	-2.715
CCGAGT	19.0	2783.2	-2.712
CGCAAC	8.0	648.5	-2.710
AAGTAC	12.0	3021.6	-2.709
GGAGAA	48.0	6790.1	-2.708
TACTGC	9.0	2974.4	-2.708
CTAAGT	26.0	3371.4	-2.707
CTGATT	39.0	6595.8	-2.706
AGCAGT	35.0	4704.4	-2.705
TGGTCG	5.0	694.8	-2.702
CACCAC	56.0	8760.9	-2.702
ACGGTA	2.0	536.1	-2.696
GCCTTA	16.0	2882.6	-2.696
CCTCGA	11.0	1198.1	-2.690
GACTAT	19.0	2259.4	-2.690
GGTATC	13.0	1949.0	-2.683
AAGTCA	36.0	4884.6	-2.683
CCGGCT	14.0	2758.4	-2.682
TTCATA	43.0	6100.7	-2.676
CCGTAC	3.0	408.4	-2.675
ACCGTA	3.0	614.7	-2.675
AAATCT	50.0	7168.3	-2.673
CCTCGG	26.0	3386.2	-2.667
TAACGG	2.0	537.6	-2.665
GCATTG	24.0	3062.4	-2.663
GGTAGC	17.0	1959.3	-2.660
TTATGA	29.0	5463.3	-2.659
AGAAAC	43.0	6111.0	-2.656
GAACTT	36.0	4897.2	-2.656
TGCTTG	41.0	5761.4	-2.655
TTTAGT	80.0	12060.8	-2.655
GTACAT	24.0	3066.8	-2.655
AATGGG	17.0	4144.3	-2.648
AGCTGG	70.0	10691.6	-2.647
CGTCTC	6.0	2201.4	-2.646
TGTTAA	44.0	6294.9	-2.645
CCCCGT	9.0	1478.6	-2.637
GTTAAA	38.0	5250.2	-2.637
CAGCTT	45.0	6298.0	-2.637
TGATCT	45.0	8088.5	-2.636
GGACTT	24.0	3724.8	-2.632
TGAAGT	23.0	6207.8	-2.628
ACTGTA	34.0	4570.6	-2.628
CTCCAG	28.0	7572.3	-2.625
TAAGCA	29.0	3899.9	-2.623
GCGCTT	7.0	943.3	-2.621
GTACAC	15.0	1666.4	-2.619
TAGAAC	19.0	2947.6	-2.615
CCGTGT	6.0	1770.9	-2.613
CCCTAT	19.0	2284.8	-2.612
CGAAGT	10.0	1020.2	-2.611
TGTAGA	37.0	5091.9	-2.610
GCTCGA	2.0	693.1	-2.609
TTTGAG	100.0	15517.1	-2.604
CCGAGG	17.0	1976.1	-2.604
AGTAAC	20.0	2824.8	-2.598
CTTCTC	56.0	8124.3	-2.594
CCAAGC	17.0	3506.5	-2.593
TAAACG	3.0	953.6	-2.593
TAGGCT	20.0	3359.2	-2.592
CAGACT	31.0	4249.4	-2.590
AAACTT	45.0	7927.0	-2.587
ACTGCC	12.0	3457.3	-2.584
AAGTTT	67.0	9995.3	-2.584
TAGGAG	25.0	3255.6	-2.584
GTAATA	26.0	3421.7	-2.580
TTTTAA	170.0	27772.3	-2.579
CCACTT	38.0	5280.7	-2.578
AACCAA	32.0	4256.0	-2.576
ATTTTA	103.0	19768.2	-2.575
GATTTA	39.0	5456.7	-2.572
TTTAAG	65.0	9626.1	-2.572
CTACTA	11.0	3087.2	-2.568
CCGACC	3.0	966.4	-2.565
CTCTAC	29.0	3925.4	-2.563
ACTGGA	25.0	4191.0	-2.563
AAGCAC	25.0	3266.6	-2.557
CATGCC	41.0	6099.9	-2.555
AGGGAT	28.0	3762.9	-2.554
CGGGGC	14.0	1534.5	-2.551
AAAGTT	57.0	8336.6	-2.550
CTCACC	30.0	4703.6	-2.546
CACCTT	26.0	5139.6	-2.541
GGCTGA	42.0	6000.6	-2.538
AGCTCG	6.0	879.3	-2.536
TCAGGG	30.0	4107.4	-2.530
CTTGTT	56.0	8168.6	-2.526
GTAATG	22.0	3139.7	-2.524
AGTTCA	30.0	5417.2	-2.521
GTTTCG	5.0	1499.7	-2.520
GACTGG	23.0	3563.2	-2.518
TTTAAC	33.0	6920.6	-2.515
ACGTCA	4.0	806.4	-2.514
AGTATG	24.0	3120.1	-2.511
GATTTC	45.0	6370.5	-2.509
TCTGAG	42.0	6018.9	-2.505
TTTGTC	55.0	8640.7	-2.502
CAAGCC	8.0	2933.8	-2.495
CTTTTG	72.0	11899.6	-2.493
TTCTCA	60.0	9004.2	-2.491
GCTCAG	17.0	4862.9	-2.490
AGTGTA	27.0	3625.8	-2.487
GACTTA	17.0	2707.2	-2.485
TTCGGG	9.0	1041.0	-2.482
GTGTTC	19.0	3842.3	-2.472
ACCCCT	25.0	3300.6	-2.472
ACTAAG	20.0	2490.8	-2.471
GTTAAG	24.0	3139.9	-2.463
GTGGTA	23.0	2977.0	-2.462
TGCCCC	26.0	3472.6	-2.454
GAGTAA	24.0	3143.3	-2.453
CATCGA	7.0	556.9	-2.452
AATGTT	44.0	8452.6	-2.449
TGGCTC	33.0	7626.1	-2.448
GTGAAG	28.0	4137.6	-2.447
TCCAAG	22.0	4407.9	-2.444
ATGGAC	19.0	2341.5	-2.441
GCGTAT	1.0	499.4	-2.440
ACTGGT	17.0	3423.8	-2.440
TCTGGC	34.0	4663.0	-2.436
GCCTAC	15.0	1835.5	-2.434
GCTCCT	26.0	4806.8	-2.433
TTTCGG	9.0	1217.3	-2.431
CGGAAG	11.0	1120.7	-2.430
TTTGGG	49.0	9796.5	-2.429
CATACT	22.0	2828.3	-2.426
AGTGGT	36.0	5839.3	-2.425
CTCAGA	39.0	5535.4	-2.424
GTACCA	19.0	2348.7	-2.420
CCGCGG	3.0	928.3	-2.420
ACGCCG	2.0	471.6	-2.417
CACGTG	9.0	1681.3	-2.416
ATATCT	36.0	5017.8	-2.416
CCGGGC	10.0	2215.7	-2.412
TAAGGT	24.0	3160.1	-2.412
ACCCAA	25.0	3325.9	-2.411
CCTGCG	4.0	1389.1	-2.409
CACCTA	16.0	2781.0	-2.408
CGGCTC	27.0	3660.4	-2.405
TAGGGT	22.0	2836.0	-2.404
GGTTCG	7.0	652.2	-2.404
CGAGGC	14.0	1575.8	-2.401
CGGAAT	8.0	700.3	-2.397
TCGGTC	4.0	698.0	-2.396
TATCCG	3.0	411.9	-2.392
ATAATA	47.0	6798.3	-2.390
AATCCA	31.0	4344.7	-2.387
AAGTGT	33.0	5630.0	-2.386
TTGTCG	5.0	925.0	-2.375
ACGGCT	5.0	937.5	-2.373
GGTCAA	17.0	2210.0	-2.369
TGGGCA	24.0	5516.6	-2.367
GTGGTC	15.0	2756.7	-2.367
CTTCAA	24.0	5424.7	-2.366
ACCTCT	39.0	6577.8	-2.358
AGCTAA	35.0	4875.3	-2.355
TAGACT	22.0	2858.3	-2.348
ACACGA	8.0	709.4	-2.347
CGAGAA	10.0	1056.2	-2.347
CCAAGG	19.0	4093.3	-2.347
CCAAAT	38.0	5402.7	-2.347
CAGTAT	29.0	4024.3	-2.345
GTCAGG	31.0	4366.8	-2.342
ACTATA	24.0	3189.6	-2.341
CCCGGT	4.0	977.0	-2.339
TAAAGT	40.0	6437.0	-2.339
TAACCT	23.0	3700.4	-2.335
CATCCC	26.0	3526.1	-2.330
CCAGGT	42.0	6119.9	-2.329
CAAAGG	33.0	4545.0	-2.329
ATCGTA	7.0	576.2	-2.326
CCTACT	24.0	3195.4	-2.326
CGAGCA	8.0	713.4	-2.325
TGAGTT	42.0	6818.7	-2.325
GGGGGG	20.0	2543.0	-2.324
ATCGAC	4.0	362.1	-2.319
CACGTC	4.0	981.1	-2.319
CAAACG	7.0	923.0	-2.315
AGGCTT	26.0	4747.5	-2.313
CCCATA	18.0	2226.7	-2.313
ATCTTT	70.0	10778.0	-2.312
GAGGCC	31.0	4381.1	-2.310
ACCCGT	8.0	716.8	-2.309
TGGACA	27.0	3703.7	-2.309
CTATAC	15.0	1756.6	-2.306
CTACAA	26.0	3537.3	-2.304
AAAGTC	31.0	4653.0	-2.302
TGATGG	27.0	5195.8	-2.299
GTGTAA	25.0	3373.7	-2.298
TTGACA	30.0	4218.0	-2.297
GTCGCG	5.0	322.2	-2.291
GCAGTT	31.0	4393.0	-2.286
GGGGAT	21.0	3062.2	-2.283
GGGGTA	15.0	1924.6	-2.283
AGATTA	33.0	4567.7	-2.283
ACAGAA	46.0	6685.6	-2.283
GAACTG	19.0	3957.4	-2.281
CTTGCA	29.0	4055.5	-2.279
CTCCCC	20.0	6231.3	-2.278
CTGGAG	78.0	12175.6	-2.277
TGTACT	29.0	4056.7	-2.276
ACGCAA	1.0	516.4	-2.274
GCTTCA	27.0	4477.4	-2.271
TACATC	12.0	2393.4	-2.270
AACTTA	31.0	4401.4	-2.269
CAATTT	58.0	8717.4	-2.268
GGGCTA	4.0	1751.5	-2.264
TACAAG	14.0	3426.1	-2.262
AGAAGC	34.0	4750.7	-2.262
ACTGAT	22.0	4193.9	-2.261
CCGCGT	1.0	538.8	-2.255
GAGCTC	19.0	3455.6	-2.240
CCAGGC	91.0	14219.4	-2.238
GAGCTT	17.0	4001.1	-2.236
GGGAAA	43.0	6354.4	-2.235
CGGGCA	12.0	1316.8	-2.235
TGAACG	9.0	873.9	-2.235
TAACTG	22.0	4139.7	-2.235
GCAATT	34.0	4766.4	-2.232
CGGCGT	2.0	452.4	-2.228
GCTGAC	19.0	2673.5	-2.226
AAGTTC	24.0	4724.6	-2.225
TACCTG	21.0	3819.1	-2.224
AGTAAG	26.0	3573.0	-2.223
ATGTTC	31.0	4426.0	-2.222
AACCGA	1.0	780.2	-2.221
GGTAAT	22.0	2908.0	-2.221
GACTTT	39.0	6728.0	-2.221
GTACCT	13.0	2484.4	-2.215
AACAAC	15.0	3833.3	-2.214
TTATCG	3.0	662.2	-2.212
CTCAGT	15.0	5842.5	-2.211
ACCATG	48.0	7095.0	-2.209
AAGGTG	20.0	4211.9	-2.208
TCCATG	34.0	4781.7	-2.204
TACCGG	4.0	507.2	-2.203
ATCGAG	7.0	730.2	-2.201
ACGCAT	7.0	599.2	-2.195
AGGCAC	29.0	4097.0	-2.195
TAACTC	14.0	3116.8	-2.193
TTTTAT	158.0	25737.1	-2.193
TACTTC	29.0	4097.7	-2.193
ACGTTT	11.0	2054.8	-2.192
CGAGGA	11.0	1177.6	-2.190
GCATAA	21.0	2756.4	-2.190
CCTAAC	11.0	2181.9	-2.190
TAGCTG	60.0	9153.8	-2.187
TTGTAA	47.0	6927.6	-2.187
GCGGGT	6.0	1071.5	-2.185
CTAATT	67.0	10301.8	-2.184
ATCGGC	3.0	476.9	-2.184
CAATCG	2.0	472.6	-2.184
TGTTAG	24.0	5065.1	-2.181
TCCCAC	36.0	5146.6	-2.176
GAGCAA	20.0	3617.5	-2.174
TTAACC	25.0	3430.4	-2.169
AATCTC	26.0	5802.9	-2.168
AGACGG	29.0	4212.5	-2.163
TCGGAG	6.0	984.5	-2.162
TTAAAT	76.0	11881.9	-2.161
CCCCTG	30.0	4286.8	-2.158
GCATGT	28.0	3944.6	-2.156
GCATAC	10.0	1550.3	-2.155
ACTCCG	10.0	1304.4	-2.151
ATACCT	17.0	3539.0	-2.149
ATCGTG	10.0	1039.4	-2.148
GGTCCG	7.0	608.9	-2.144
CTGGTT	39.0	5697.7	-2.140
AAGGGA	21.0	5126.4	-2.138
TACCCG	7.0	609.9	-2.138
CGGCGG	9.0	894.1	-2.137
ACTACA	28.0	5277.6	-2.137
CTTGAC	24.0	3405.1	-2.135
CATGGC	25.0	3445.4	-2.135
ATATCG	3.0	463.3	-2.131
GACTCC	16.0	3265.5	-2.124
GTTCAG	20.0	3999.7	-2.124
CATACG	4.0	552.1	-2.124
TGCATC	25.0	3452.0	-2.123
TCCGCT	11.0	1195.4	-2.123
CTTGCG	6.0	781.2	-2.123
TGAACT	37.0	6417.1	-2.123
GAGATC	20.0	3642.8	-2.118
GTCGTA	3.0	420.1	-2.118
TTAGCT	35.0	5005.0	-2.116
GTACCG	5.0	393.8	-2.115
TGCACC	12.0	3728.7	-2.115
CTGGCT	46.0	8518.8	-2.110
TGTTCA	27.0	6257.6	-2.110
GATGGC	13.0	2877.9	-2.109
ATCCTC	36.0	5275.5	-2.108
GTAAGC	16.0	1978.5	-2.107
AGTGGA	21.0	4285.3	-2.105
GAATTT	52.0	9521.3	-2.105
GGCCTA	17.0	2139.4	-2.103
GTACGA	3.0	367.9	-2.101
ACGGTG	11.0	1201.4	-2.100
TAGACG	6.0	568.9	-2.098
GTGCCT	34.0	4839.6	-2.098
ATTGCA	30.0	5048.6	-2.095
TCGCCC	11.0	2695.2	-2.093
TGGCTG	46.0	6808.2	-2.092
GCTTGT	20.0	4007.6	-2.088
CCTCAA	23.0	5582.7	-2.087
GGGAAT	18.0	3600.7	-2.086
CCCACC	48.0	7178.9	-2.085
CGTTCG	2.0	297.9	-2.082
TATGAG	24.0	3304.5	-2.076
GAGATT	25.0	5723.1	-2.075
CCATCG	8.0	763.1	-2.073
TATCGA	2.0	467.7	-2.073
GGTGCT	24.0	3306.6	-2.071
ATTTGT	60.0	11009.6	-2.071
ACCTTC	25.0	3924.9	-2.068
TGAGGG	13.0	4061.3	-2.065
CCCCTT	35.0	5034.9	-2.064
TTGTGG	39.0	5744.6	-2.062
GGCCCG	11.0	1211.9	-2.062
AACGAA	8.0	943.5	-2.059
CGTAGC	4.0	577.6	-2.058
TACCGA	6.0	485.5	-2.058
CATGCT	15.0	4300.2	-2.058
TTGCAT	43.0	6469.8	-2.055
GCATTT	45.0	8992.6	-2.055
GGATTA	64.0	10161.1	-2.049
CGTATT	8.0	1110.0	-2.047
GCTATT	17.0	4347.9	-2.043
CCATGT	47.0	7025.0	-2.043
CTTACA	15.0	3624.7	-2.042
CACCCG	8.0	2187.2	-2.040
TAGTGA	15.0	3782.6	-2.040
GACGAC	6.0	488.4	-2.039
TTGGGC	18.0	3625.4	-2.039
CTTGAA	51.0	7765.7	-2.038
GTCTCC	29.0	5010.9	-2.036
GCTCAT	21.0	3778.4	-2.035
CTAAGA	25.0	3495.5	-2.028
CTGGTA	19.0	3251.0	-2.025
CGCCAA	7.0	630.3	-2.024
GGTCAC	10.0	2385.4	-2.023
CTGGCA	22.0	4545.4	-2.021
ACCACA	38.0	5594.9	-2.017
ACTTCC	34.0	4885.8	-2.015
CTGACG	4.0	834.3	-2.015
TTATGG	28.0	4015.7	-2.015
GGCTTC	27.0	4424.0	-2.013
AATACG	8.0	776.7	-2.011
TGTCCG	8.0	776.1	-2.011
AGGGTA	19.0	2500.2	-2.011
AGAAAT	62.0	9675.1	-2.010
GATACG	3.0	561.3	-2.009
AACAGG	26.0	3676.2	-2.008
ACTGAC	20.0	2667.9	-2.006
TTGAGT	34.0	5800.9	-2.006
ACCAAA	26.0	4736.9	-2.006
TGGCCT	43.0	7240.1	-2.005
GAAAAC	39.0	5782.6	-2.001
CCCTAA	9.0	2928.7	-2.000
TCGGAT	2.0	661.5	-1.996
CTGAGC	28.0	4678.7	-1.995
GAGAAG	38.0	6128.0	-1.993
CCACCC	33.0	5681.8	-1.989
GTGGGA	33.0	4726.4	-1.987
ATTGTT	43.0	7892.3	-1.986
GACAGG	34.0	4902.7	-1.986
ATCTGC	32.0	4552.3	-1.985
CTTCTG	55.0	8554.6	-1.985
AACTAG	15.0	2716.7	-1.983
GTAACT	24.0	3348.1	-1.982
CCCTCC	15.0	7493.8	-1.977
TACTAC	12.0	2038.5	-1.977
GAGCGT	8.0	784.5	-1.974
AAACCA	39.0	5801.6	-1.972
ACCTTT	44.0	6707.6	-1.971
CTTGTC	18.0	4209.6	-1.971
ATGTCG	7.0	641.2	-1.966
TCAAGA	29.0	5087.7	-1.965
AGGTTC	30.0	4389.2	-1.964
AGTAGC	49.0	7689.1	-1.963
CAAGGT	18.0	3938.8	-1.961
TAGTGC	8.0	2180.1	-1.960
AACGTT	11.0	1340.5	-1.959
GCAGTA	21.0	2855.5	-1.956
CGTGAA	9.0	1224.3	-1.952
GCGTAC	3.0	292.6	-1.950
GACTAA	10.0	2309.5	-1.949
GCAGTG	63.0	10906.6	-1.948
TTAGAC	20.0	2691.5	-1.948
CTACTT	34.0	4926.5	-1.946
CTAGGC	17.0	2768.4	-1.946
CCACGA	9.0	939.8	-1.946
CCTAAA	21.0	4351.1	-1.946
TAGCCT	19.0	3575.7	-1.946
TGCTCC	11.0	4114.1	-1.945
TTACAG	75.0	11884.5	-1.943
TTGGGA	38.0	7612.8	-1.942
AACCTA	9.0	2754.6	-1.937
AGTACT	20.0	3101.2	-1.936
CAGCTG	28.0	5726.7	-1.934
CACTTC	31.0	4584.3	-1.929
GCTTCT	39.0	5828.4	-1.929
ACTGCT	30.0	4600.2	-1.929
TCTAGC	11.0	2638.9	-1.929
CAGGGA	34.0	4938.8	-1.925
CTAAAT	25.0	5007.4	-1.921
AGCTTC	29.0	4681.6	-1.919
GTCTGG	21.0	3902.8	-1.919
TCGGGG	10.0	1097.1	-1.917
GCTGGG	92.0	14752.5	-1.916
CAACCC	13.0	2678.7	-1.915
GCTTAA	23.0	3211.3	-1.914
ATGAAT	42.0	6383.7	-1.913
ATGCTC	11.0	2947.3	-1.912
GAGTTG	21.0	3825.9	-1.910
AGACGA	9.0	948.1	-1.909
ATCCTG	19.0	4759.6	-1.909
CGCTTT	13.0	1567.5	-1.908
TGTTCT	54.0	8428.1	-1.906
ATCCCA	19.0	5781.3	-1.903
AAGAAA	61.0	14284.6	-1.903
GGCCAG	42.0	6390.2	-1.902
CCCAGT	31.0	4600.8	-1.900
GTAGTG	19.0	2807.1	-1.899
CCTATT	28.0	4081.1	-1.890
GCCTAA	11.0	2360.3	-1.890
TGGGAA	45.0	6764.2	-1.890
CTCGAG	3.0	1073.1	-1.889
GGCAAT	18.0	2634.1	-1.888
AGAACG	6.0	988.5	-1.885
TGTACC	20.0	2719.8	-1.883
CCCCAT	28.0	4085.3	-1.883
GCAGAC	17.0	2223.1	-1.882
CGAGCT	4.0	897.3	-1.882
TCAGCC	69.0	10953.4	-1.882
GATTGG	16.0	2879.1	-1.882
AGACTC	11.0	4053.3	-1.881
ACAAGA	28.0	4087.8	-1.881
TTAGCC	18.0	4701.2	-1.879
TTAGTA	52.0	8073.2	-1.879
TATCTG	30.0	4438.0	-1.876
TGACGA	7.0	659.3	-1.876
ATAGTC	17.0	2226.8	-1.875
GCGGTA	2.0	445.2	-1.874
ATAGAA	35.0	5147.6	-1.874
CTTTTA	67.0	12067.4	-1.873
ATACCC	16.0	2063.3	-1.873
TGATAC	20.0	2726.0	-1.872
GGCCGA	13.0	1581.8	-1.867
AGATGC	23.0	3234.7	-1.866
CGCCAC	15.0	2853.1	-1.865
CCCACT	32.0	4621.8	-1.864
AGCGGG	10.0	1113.8	-1.861
ACTACT	20.0	2761.9	-1.859
TCACAG	35.0	5157.6	-1.858
CTGGAC	23.0	3374.1	-1.858
CGAACA	6.0	565.6	-1.857
GACTGC	17.0	2721.7	-1.856
GGTTTA	18.0	4337.3	-1.855
TTATTA	43.0	10333.1	-1.853
GACAAA	29.0	4277.8	-1.851
CTGCAT	27.0	5085.9	-1.850
ATTGGG	22.0	3072.7	-1.849
TCTCGT	8.0	1549.7	-1.848
TGGAGA	44.0	6797.6	-1.845
TAATGA	35.0	5165.8	-1.845
GTAGAC	13.0	1668.5	-1.843
TCCGTA	7.0	666.8	-1.842
GTGTTG	30.0	4576.5	-1.842
ACCGAG	9.0	967.0	-1.837
AGGACT	25.0	3676.8	-1.836
GGACCA	17.0	2246.9	-1.824
GGACTG	22.0	3145.8	-1.822
GGTGTA	17.0	2247.9	-1.821
GTTACG	6.0	526.5	-1.821
CCATAG	7.0	2340.8	-1.820
GATCCG	13.0	1597.7	-1.819
GGGGCG	14.0	1758.6	-1.818
GATCTC	42.0	6968.7	-1.817
CGAATC	1.0	596.5	-1.817
GGGGGA	24.0	3431.4	-1.813
AAGTCC	21.0	3336.6	-1.813
TACTGG	17.0	3256.6	-1.810
ATCGTC	2.0	563.7	-1.809
TTTATA	49.0	11592.8	-1.806
TTTGCC	31.0	7531.3	-1.804
TTCTGA	50.0	8782.4	-1.804
TGGCAT	31.0	5285.7	-1.800
TACTCG	1.0	837.7	-1.800
TAGAGC	17.0	2256.4	-1.799
ACTAAC	8.0	1928.9	-1.798
GGGTTA	17.0	2425.5	-1.798
GACAAC	10.0	1929.0	-1.798
AACCAC	22.0	3407.6	-1.797
GAGTGA	25.0	4279.4	-1.794
GGGGTG	19.0	4117.8	-1.792
CTCTGA	42.0	6468.9	-1.792
GGGTCT	30.0	4488.3	-1.792
TGTAGC	22.0	3100.7	-1.791
TCGAAA	3.0	794.3	-1.791
CACCAT	52.0	8144.2	-1.790
GCTGAT	26.0	3789.2	-1.788
TTTGAT	63.0	10063.0	-1.787
TTCGTT	15.0	1933.9	-1.785
CTCTTA	33.0	4851.5	-1.778
GGAGTT	31.0	6198.9	-1.778
AACTGA	19.0	5216.1	-1.777
TAGCAG	21.0	3174.4	-1.775
TGAAGG	33.0	4853.2	-1.774
AACTCA	16.0	4648.9	-1.768
GTGGCG	16.0	2993.6	-1.768
CTGCTG	31.0	7030.0	-1.764
GCTAAT	48.0	7415.7	-1.763
TCGACT	3.0	718.1	-1.762
AAGCAG	31.0	5567.3	-1.761
TAAATA	60.0	9508.2	-1.758
CTTCAT	42.0	6493.3	-1.758
TGACAG	32.0	4686.5	-1.757
CGTAAG	5.0	714.9	-1.756
TATTAG	28.0	4157.5	-1.756
TGACTG	26.0	4328.2	-1.753
GCCTCT	35.0	5893.0	-1.751
GATCGC	3.0	922.8	-1.751
GCTAAC	11.0	1828.5	-1.747
CAGTGA	43.0	6686.6	-1.746
CCACCA	63.0	10108.8	-1.739
TCTCAA	51.0	7998.4	-1.738
CTGCGA	6.0	1002.6	-1.737
GGAATT	27.0	5310.9	-1.734
GTCTCT	43.0	6697.2	-1.730
CAACTG	16.0	3289.1	-1.729
TTGAAA	64.0	10117.1	-1.729
CACTAC	12.0	2242.3	-1.725
GAAGCA	29.0	4351.5	-1.725
TAGGAT	26.0	3825.6	-1.724
GAGGCG	16.0	2122.6	-1.723
AGCTGA	33.0	5187.2	-1.722
TTTGAA	50.0	12158.0	-1.721
GGCTCC	6.0	3622.7	-1.720
ACTCCC	21.0	3677.7	-1.719
CTGTTA	33.0	4888.2	-1.719
CAACAT	19.0	4728.7	-1.718
TTTAGC	21.0	4876.3	-1.718
CTCAGG	42.0	6928.2	-1.718
GAGTTT	42.0	8559.0	-1.718
TTCTAG	23.0	5867.3	-1.718
CCTGAG	47.0	7587.9	-1.718
AATTCT	40.0	9135.4	-1.718
CTGGCC	30.0	6539.3	-1.718
TCTCCC	45.0	8112.2	-1.718
TTTCCC	56.0	10224.6	-1.718
TGATTA	29.0	5066.0	-1.718
GATTAG	17.0	2534.7	-1.718
TAACTA	21.0	3105.2	-1.718
TAAGTG	27.0	4306.5	-1.718
AGTGTT	37.0	6373.0	-1.718
GTGTTT	49.0	9973.5	-1.718
TTTGTG	64.0	10553.1	-1.718
TTAAGT	39.0	6581.4	-1.718
GATTTG	24.0	6271.3	-1.718
GAGTGG	22.0	3680.8	-1.718
AGTGGG	26.0	4193.7	-1.718
AGCATT	37.0	5868.5	-1.718
GGTTAA	12.0	3054.4	-1.718
TTGCAA	29.0	5517.8	-1.718
TAACTT	37.0	6236.8	-1.718
AAGTTA	24.0	5243.9	-1.718
GATTCC	19.0	3370.8	-1.718
AAGCTG	33.0	5243.4	-1.718
GGCTAA	33.0	5673.6	-1.718
TAGAAG	21.0	4442.7	-1.718
TCTACC	22.0	3246.1	-1.718
GTAAAG	24.0	3769.5	-1.718
AACCTT	28.0	4794.8	-1.718
TAAGTT	33.0	5905.4	-1.718
TTCAAC	23.0	4214.0	-1.718
CGAATT	6.0	902.3	-1.718
TAGAGA	56.0	9026.6	-1.718
TCTTGA	44.0	7783.7	-1.718
TTTGGC	33.0	6280.0	-1.718
TTGTTG	53.0	10073.5	-1.718
ATGCCT	37.0	5928.6	-1.718
GATAAC	10.0	2130.4	-1.718
AAACAA	48.0	10076.5	-1.718
ACCTGA	19.0	4036.2	-1.718
TGTAGT	25.0	5273.8	-1.718
TTATAC	16.0	3622.1	-1.718
GGAGAG	20.0	5128.4	-1.718
TCTTAG	25.0	4458.0	-1.718
CCTGTT	36.0	6286.8	-1.718
TCTTAC	25.0	3965.7	-1.718
TAGTTT	40.0	10096.9	-1.718
TTTAGA	40.0	8229.9	-1.718
TGAAGA	35.0	6848.5	-1.718
AATCAT	20.0	5142.9	-1.718
AGCAAT	35.0	5593.2	-1.718
TGACTC	19.0	3655.8	-1.718
TCATGA	22.0	4972.8	-1.718
GAAAGC	23.0	4125.3	-1.718
GGTATT	24.0	3970.9	-1.718
CTCCCT	36.0	8774.1	-1.718
ATTCTT	52.0	10757.9	-1.718
ATTGAC	11.0	2696.7	-1.718
ACCTAA	21.0	3064.0	-1.718
TAGAGT	18.0	3821.9	-1.718
GTTGAG	15.0	3480.6	-1.718
AGGTTT	47.0	7533.2	-1.718
ACTTCT	38.0	6530.9	-1.718
GGTCAT	16.0	2808.2	-1.718
ATGAAC	18.0	3504.6	-1.718
TAAAGG	28.0	4462.3	-1.718
AAATTT	79.0	15902.8	-1.718
CTTGCC	17.0	4491.9	-1.718
GAAAGT	33.0	5342.0	-1.718
AACTAC	16.0	2623.3	-1.718
TCACTA	23.0	3684.5	-1.718
GAAATC	25.0	4211.5	-1.718
TGATCA	22.0	4040.7	-1.718
TTGCAG	32.0	6302.7	-1.718
GTAATT	28.0	5444.9	-1.718
AGGTTA	3.0	3256.6	-1.718
CAGGGT	32.0	5438.1	-1.718
CTGGAA	36.0	7101.9	-1.718
GTACTT	21.0	3743.8	-1.718
AACTGG	24.0	4242.6	-1.718
AAAGAA	66.0	13080.0	-1.718
TTCAGA	37.0	7214.7	-1.718
GATGCT	20.0	3558.5	-1.718
TTAACA	31.0	5778.3	-1.718
TGACTA	18.0	2823.4	-1.718
ACTTCG	4.0	904.3	-1.718
GTCCTG	12.0	4030.9	-1.718
CTGGGG	24.0	5983.9	-1.718
AGGCTC	20.0	3781.0	-1.718
GCTCCC	10.0	3598.6	-1.718
GACTTC	19.0	3707.6	-1.718
TTAAGG	23.0	4339.0	-1.718
GAGTTC	20.0	4528.5	-1.718
AGATGA	26.0	5847.7	-1.718
CAGTGC	17.0	3850.8	-1.718
GATGGT	23.0	4841.9	-1.718
CAATTG	7.0	2810.5	-1.718
TCCCCG	5.0	1711.0	-1.718
TTACGA	3.0	668.5	-1.718
TTTCGA	6.0	1256.5	-1.718
TCGCAG	1.0	778.5	-1.718
CAATAC	16.0	2124.6	-1.718
ACGAAG	3.0	904.2	-1.716
ATACTT	36.0	5429.1	-1.716
TTGGGG	38.0	5792.6	-1.714
GCACCG	8.0	846.3	-1.711
AACAAG	28.0	4184.8	-1.709
CCGCCC	16.0	2827.3	-1.708
GCGCCT	6.0	1975.6	-1.706
ATGCCA	28.0	4186.2	-1.706
TAGTCG	5.0	405.2	-1.704
GTCACG	7.0	786.4	-1.704
TCGATT	9.0	1003.0	-1.701
ATTCGT	9.0	1002.4	-1.701
ATTATA	43.0	6721.8	-1.698
CAGACC	20.0	2805.8	-1.697
CAAGGG	8.0	2983.3	-1.697
CTTCCC	49.0	7656.9	-1.696
GGTTGG	25.0	3666.1	-1.696
CGTCGG	1.0	325.7	-1.694
TTCCTG	62.0	9959.1	-1.690
TTACGG	5.0	662.5	-1.687
GATTGC	23.0	3325.5	-1.686
CTTTAA	55.0	8806.3	-1.682
CTTAAC	22.0	3155.9	-1.682
TGCCAC	37.0	5638.1	-1.674
AGTTTG	48.0	7486.0	-1.674
AGTCGG	7.0	703.2	-1.673
CACACC	34.0	5100.5	-1.668
GTCAGC	18.0	2480.0	-1.667
TTAAAA	113.0	18678.7	-1.667
TAACCG	1.0	544.3	-1.667
GTGGCA	37.0	5644.6	-1.667
ATGCCG	3.0	642.1	-1.667
CCCTTA	21.0	2995.9	-1.658
AGTCTC	49.0	7688.3	-1.657
CGTAGA	2.0	648.6	-1.653
CAACGA	2.0	586.1	-1.651
TGTACA	28.0	4220.4	-1.650
GCAATA	19.0	2661.2	-1.644
AGAACC	15.0	3013.7	-1.642
TGCGCA	8.0	864.9	-1.641
GAGACG	29.0	4408.0	-1.632
CAGTGG	65.0	10408.1	-1.630
CGAACC	6.0	564.9	-1.628
GGCTAG	13.0	2509.9	-1.627
ATAACC	17.0	2330.9	-1.626
CCGCTG	11.0	1342.6	-1.625
ACTCGA	5.0	579.7	-1.624
ATTAAC	24.0	3533.8	-1.622
GTGACG	8.0	870.2	-1.618
CAAGAT	29.0	4419.0	-1.615
AGTTCG	2.0	1100.5	-1.615
TAAGAT	29.0	4419.7	-1.614
AGTAGG	12.0	2748.8	-1.613
AGTACA	24.0	3538.0	-1.613
CAAGTC	20.0	2848.6	-1.609
AACACC	19.0	2678.1	-1.607
GTTTAG	25.0	3716.9	-1.607
AGGCTG	102.0	16806.1	-1.606
AAGTAG	35.0	5323.2	-1.606
TGTGTA	37.0	5687.7	-1.605
TCGCGA	4.0	283.8	-1.602
AGCCTT	37.0	5691.5	-1.601
CGGTAT	1.0	472.6	-1.601
ATAAAT	61.0	9853.9	-1.596
GATCTA	15.0	2009.8	-1.593
ACGCTA	5.0	426.7	-1.590
TACTTT	63.0	10254.4	-1.587
ATGGCG	7.0	1645.0	-1.587
CCGGCG	7.0	727.9	-1.577
GCCGTT	8.0	882.3	-1.573
AGAGGG	28.0	4269.6	-1.570
GAAACC	17.0	4400.7	-1.565
GGTCCA	9.0	2006.3	-1.565
GCGGAA	7.0	731.9	-1.560
CAAAGC	27.0	4098.8	-1.559
TGAGTA	35.0	5358.1	-1.556
GATATC	16.0	2194.1	-1.555
GAAGAC	12.0	3363.4	-1.553
GCTTCG	4.0	920.4	-1.553
GCCGTC	7.0	733.3	-1.552
ACGATA	5.0	519.3	-1.552
GATGAT	29.0	4459.7	-1.551
GTAACC	13.0	1920.7	-1.551
CTTGAG	36.0	5545.8	-1.551
ATAACT	27.0	4110.6	-1.541
GTTGGA	25.0	3756.1	-1.540
CCGAAC	2.0	579.5	-1.539
TTAACG	8.0	892.4	-1.537
TCGGCG	2.0	403.2	-1.536
CCGATA	4.0	388.9	-1.535
GATTAC	55.0	8943.9	-1.534
CCTGGT	30.0	4652.9	-1.531
GGTAAG	9.0	2800.5	-1.531
CCAATG	19.0	2717.5	-1.528
TCCCTA	24.0	3588.6	-1.526
TAGAAA	48.0	7611.7	-1.526
TATGCG	2.0	468.0	-1.525
GTTTCA	61.0	9925.5	-1.524
AGAGCA	30.0	4658.1	-1.522
AGGAAA	55.0	8955.1	-1.521
GCAAGG	20.0	2894.3	-1.520
ACTGGG	29.0	4480.7	-1.519
AATTAT	52.0	8382.2	-1.516
ACCGAT	1.0	497.8	-1.516
TGCGTC	4.0	877.7	-1.513
CGTAAA	7.0	808.6	-1.513
GTAAGG	15.0	2361.5	-1.507
ACTCAT	26.0	3954.1	-1.506
TCACGA	3.0	1136.6	-1.505
TAGGCG	7.0	745.3	-1.505
TACCTT	32.0	4855.1	-1.499
TCGACC	5.0	599.3	-1.497
TATACT	25.0	3782.8	-1.497
CGACAA	4.0	518.1	-1.495
CGACGA	1.0	205.2	-1.490
GACATA	17.0	2395.0	-1.490
GTAGCC	15.0	2054.2	-1.489
CATAGC	6.0	2475.2	-1.488
GGGGAA	25.0	4715.8	-1.487
TGAATC	25.0	3794.2	-1.478
ATCTCA	47.0	7465.5	-1.477
TTTCTC	98.0	16338.1	-1.474
GCTTTC	37.0	5787.4	-1.473
AACTAA	26.0	3976.7	-1.471
TTAAGA	41.0	6534.4	-1.467
AATAGA	33.0	5061.7	-1.464
CAAACA	36.0	5611.5	-1.463
CAGTTT	59.0	9596.0	-1.462
CTAGGA	24.0	3627.2	-1.462
TCGCCG	2.0	488.7	-1.460
CGGTGT	8.0	914.7	-1.459
CCGTAA	2.0	647.1	-1.454
AGCTGT	31.0	4886.9	-1.454
GAACAT	26.0	3990.2	-1.448
GAATTG	27.0	4170.2	-1.446
GGACAA	17.0	2726.3	-1.445
AGTTAC	21.0	3113.0	-1.439
GTGCGA	4.0	1193.4	-1.438
ACCCGA	4.0	759.0	-1.434
CTATTA	25.0	3822.7	-1.433
CATTGA	28.0	4365.0	-1.424
TAGCTC	22.0	3297.5	-1.423
ACATCG	6.0	611.4	-1.422
AGGTAC	15.0	2086.4	-1.420
CTTCAC	28.0	4368.1	-1.420
ATCTTA	28.0	4370.3	-1.417
CGGGGG	11.0	1416.4	-1.417
AACTAT	25.0	3833.3	-1.415
GCAGCT	26.0	4012.6	-1.415
CGAGCG	1.0	464.9	-1.413
CGCTGC	11.0	1419.9	-1.409
AGATTC	29.0	4556.9	-1.408
TGGCAC	30.0	4737.2	-1.408
CGTCCG	2.0	400.7	-1.403
TGGCGG	4.0	1442.9	-1.397
ATGCGG	1.0	626.1	-1.396
TTGGAG	38.0	6033.8	-1.396
TAGCGG	3.0	528.5	-1.396
GCTAAG	17.0	2441.9	-1.394
GCCAGG	49.0	7925.4	-1.391
GGTCGT	2.0	587.6	-1.386
CACTGA	30.0	4754.0	-1.385
TCAACA	26.0	4032.2	-1.385
GCGCAC	2.0	954.2	-1.383
TTGTAG	38.0	6045.9	-1.382
GAAAGG	34.0	5306.9	-1.380
AGATTG	19.0	4415.4	-1.380
GTACTG	15.0	2521.7	-1.379
TGGATT	28.0	6507.6	-1.378
CCGCGA	1.0	421.2	-1.377
TCACCA	42.0	6798.5	-1.377
ATTATT	61.0	12232.9	-1.377
CATAAT	27.0	4219.0	-1.375
ATTAAG	16.0	4395.7	-1.374
GGAATA	15.0	3732.5	-1.371
GTCATA	17.0	2454.1	-1.370
AAACCT	24.0	5293.2	-1.370
ATCCAC	26.0	4042.9	-1.369
CTGAAA	30.0	7787.3	-1.367
TTGTTT	156.0	26809.4	-1.366
TCGCAC	2.0	548.1	-1.366
CCCGAG	20.0	2989.1	-1.364
CAACAC	19.0	2805.1	-1.364
GAGAGG	32.0	4954.2	-1.361
CTAACG	3.0	569.9	-1.361
AAATGC	31.0	5835.1	-1.359
ATATTT	90.0	16231.2	-1.359
AGTGGC	47.0	7573.1	-1.358
AGCAAC	14.0	3001.6	-1.358
AACGCG	4.0	322.3	-1.358
TTGTCT	50.0	8149.4	-1.358
CGAGTT	5.0	1093.5	-1.357
GGAAAA	51.0	8344.1	-1.355
GCACCT	23.0	3516.5	-1.354
CATGCG	8.0	947.6	-1.353
ATCTTG	32.0	6625.0	-1.352
TTACCA	19.0	4141.7	-1.351
GGGATG	24.0	3696.0	-1.350
TCTCGA	21.0	3164.4	-1.350
GCTGGA	69.0	11509.7	-1.350
GATCAC	11.0	3651.3	-1.349
TCTCGC	17.0	2842.2	-1.348
CTATAG	17.0	2467.7	-1.345
ACTTAG	22.0	3345.6	-1.344
CAAATG	25.0	5798.1	-1.344
GAAGGT	23.0	3522.2	-1.344
GAAATT	47.0	7587.9	-1.344
TGAAAT	56.0	9135.3	-1.341
ATTATC	17.0	3881.5	-1.340
AAAGTA	41.0	6642.0	-1.340
TGGAGC	18.0	3762.3	-1.339
AAGCCT	28.0	4425.9	-1.339
GGAGAC	23.0	3527.1	-1.337
AAACGA	7.0	1232.4	-1.336
TGTCGC	16.0	2300.8	-1.332
GCCTGC	24.0	4470.9	-1.332
TCGATC	5.0	1190.5	-1.331
TGTACG	1.0	485.3	-1.328
AACCCA	25.0	3891.5	-1.328
TGCAGT	66.0	11672.8	-1.327
GGTCCT	19.0	2827.2	-1.325
GTTTAC	14.0	3798.7	-1.324
CTCTTG	46.0	7415.5	-1.324
ATCAGC	16.0	3057.6	-1.323
CTAGAA	27.0	4433.6	-1.321
AATGCA	21.0	5085.9	-1.319
TGGGGC	12.0	4003.3	-1.319
TCCGAG	8.0	1114.7	-1.319
ATAACG	6.0	638.0	-1.318
CGTATG	6.0	638.8	-1.314
CTGTTC	35.0	5543.6	-1.314
TCAGCG	6.0	989.0	-1.314
CAAATT	35.0	7025.3	-1.312
TTAGTC	21.0	3189.8	-1.309
CGTGAC	7.0	799.2	-1.308
CCAGTG	28.0	4448.4	-1.307
GTTCAT	15.0	4739.4	-1.307
CTATCA	19.0	2838.6	-1.305
TGACGC	3.0	697.1	-1.305
AAGTCT	23.0	5240.2	-1.305
GACTGA	22.0	3370.8	-1.304
TACGAT	2.0	699.1	-1.304
TAGTAA	22.0	4049.0	-1.304
ATGTCC	21.0	3193.8	-1.302
CACAAC	18.0	2665.1	-1.302
CATGTC	22.0	3372.6	-1.301
GGGCAA	23.0	3551.6	-1.300
ATTGGC	16.0	2936.8	-1.300
GACACG	3.0	784.4	-1.299
TCTAGT	24.0	3731.4	-1.298
TCACAC	11.0	4029.3	-1.298
CTTATC	20.0	3020.9	-1.296
GCCTGG	47.0	9884.1	-1.296
GACGGC	6.0	643.7	-1.295
TAAATG	38.0	7432.1	-1.295
TCAAAG	34.0	5717.1	-1.294
CGGAAA	4.0	1013.4	-1.293
TATAGT	26.0	4097.4	-1.290
CTAGCT	17.0	3095.8	-1.290
GCACAC	19.0	2848.9	-1.288
CCAAAC	22.0	3566.1	-1.287
ACGGAC	1.0	499.8	-1.285
ATGGGA	26.0	4347.4	-1.284
GCTCGT	5.0	745.7	-1.284
GAAAAG	26.0	7620.7	-1.284
GATGAG	25.0	3921.4	-1.283
CCAATT	23.0	4112.2	-1.283
GTCCCA	13.0	3349.2	-1.280
TAGGCC	2.0	1912.7	-1.280
TGGTTT	55.0	11597.8	-1.280
TTCGTG	10.0	1302.1	-1.280
AACATC	22.0	3418.6	-1.280
TTCCCA	47.0	7650.8	-1.278
GAACGA	6.0	689.2	-1.278
ACAGGG	32.0	5020.9	-1.276
ACGAGC	2.0	563.2	-1.276
TCGTGG	3.0	1248.0	-1.276
AATCAA	30.0	4837.4	-1.275
TCTTAT	38.0	6136.5	-1.275
ACCCAC	23.0	3567.2	-1.275
ACGTAT	2.0	882.1	-1.275
AAATGG	36.0	6682.7	-1.274
GCTTCC	29.0	5363.6	-1.273
CCTTGA	30.0	4839.6	-1.273
CTTGTA	15.0	4419.6	-1.272
ACGGAA	7.0	810.4	-1.271
ATCAGG	17.0	3018.3	-1.271
AGGCAA	17.0	4140.1	-1.270
TTAGCG	4.0	571.8	-1.270
GGGATA	9.0	2432.4	-1.269
CGACTA	4.0	410.8	-1.268
AAACAT	45.0	7279.4	-1.267
TAAGAG	18.0	3896.0	-1.264
CGCCGA	1.0	441.6	-1.263
GCCGGC	9.0	1142.5	-1.262
TTGAGC	27.0	4298.6	-1.262
AAAGGC	24.0	4284.4	-1.261
AATAGC	15.0	3316.0	-1.260
TCTAAC	13.0	2866.6	-1.258
TGGTAC	8.0	2428.3	-1.258
TCCCGC	11.0	1621.0	-1.257
CATGAT	31.0	5036.9	-1.257
CACATC	19.0	3355.5	-1.256
TGAGAG	31.0	5037.3	-1.255
GGTGCA	15.0	3830.3	-1.255
TAATAC	22.0	3402.8	-1.254
CCAACC	15.0	2898.1	-1.254
CTTTTC	65.0	14726.5	-1.252
ATAGGG	12.0	2289.5	-1.252
TACTGT	30.0	4857.6	-1.250
CCGTTA	4.0	597.6	-1.249
TGCCAT	34.0	5413.1	-1.248
CTGTTT	53.0	12351.2	-1.247
TTCCGA	3.0	1018.4	-1.245
AAGGGC	15.0	3007.1	-1.245
TTAGCA	26.0	4327.3	-1.242
CATGTG	20.0	5319.6	-1.242
TGTAGG	12.0	3248.2	-1.240
TATGAT	25.0	4427.4	-1.238
AGCATA	20.0	3056.6	-1.237
CCCAGG	85.0	14334.7	-1.236
CAGATC	20.0	3057.2	-1.235
TCTTGC	45.0	7313.0	-1.233
CTTAGA	24.0	3776.4	-1.233
AGGGAA	27.0	5862.3	-1.232
GGGCTG	29.0	5022.9	-1.231
CGAAGG	7.0	823.6	-1.229
ATACGT	2.0	873.4	-1.228
ATGGAG	34.0	6103.4	-1.226
AATCGG	4.0	586.5	-1.226
GCGGCA	7.0	824.8	-1.226
ACAGCT	26.0	4389.9	-1.225
CATCGG	4.0	577.3	-1.223
GTGCTG	49.0	8093.2	-1.223
AACGGC	1.0	611.9	-1.223
AGGTCC	11.0	2176.2	-1.221
CTATTT	48.0	9574.8	-1.221
GCAGGT	13.0	3540.1	-1.220
AGTGAC	17.0	3482.8	-1.220
TCATAA	26.0	4455.2	-1.217
ATCTCG	23.0	3607.5	-1.216
TGGTGC	29.0	4699.9	-1.216
TTGATC	14.0	4059.7	-1.216
ATAAAG	37.0	6002.3	-1.215
TGATAG	19.0	3342.5	-1.214
CCTTAA	21.0	4169.1	-1.213
ATGCAC	9.0	2742.9	-1.213
TTCACA	32.0	6100.6	-1.212
TCTTGT	36.0	8013.0	-1.211
CAGCGG	9.0	1161.4	-1.211
TTGCCT	32.0	7536.4	-1.211
TTGAGG	34.0	5446.1	-1.209
CTGAGA	38.0	6883.9	-1.207
CCGGTG	5.0	857.1	-1.207
GACATG	12.0	3031.7	-1.206
TTCTTA	52.0	8695.2	-1.206
ACCGTG	10.0	1987.1	-1.206
CGAATA	6.0	668.7	-1.204
TTAGAT	23.0	5077.2	-1.204
TCATGG	25.0	3978.2	-1.204
TTCGAT	7.0	831.2	-1.204
ACATCT	24.0	4390.4	-1.202
GTTCCT	32.0	5080.7	-1.202
GACGCC	2.0	774.6	-1.202
CAGGCG	14.0	4757.2	-1.202
TCGTGA	12.0	1823.5	-1.202
TTGCGG	7.0	862.6	-1.200
AATATT	48.0	11080.1	-1.200
GCCCAA	17.0	2719.7	-1.200
GTATGG	14.0	2022.2	-1.200
TTCATG	34.0	6334.7	-1.199
ACCTGT	28.0	4530.2	-1.198
ATAAGC	18.0	2726.7	-1.197
AACCTG	20.0	4403.5	-1.196
CTTGGA	16.0	4746.0	-1.196
GTAGTA	14.0	2341.4	-1.195
CTAGTC	12.0	1961.3	-1.194
AGGTCA	19.0	4274.9	-1.194
GTGGGG	29.0	4718.3	-1.192
AGGCCG	13.0	1852.0	-1.192
TGGCGA	1.0	1004.2	-1.191
GCATCG	2.0	578.8	-1.191
TCCGGT	4.0	678.1	-1.190
ATGTAG	16.0	3442.3	-1.190
TTGATA	32.0	5091.0	-1.189
GGCTTG	12.0	3706.3	-1.187
GCACGA	10.0	1340.6	-1.187
CTCCAT	35.0	5652.3	-1.187
GATACA	19.0	2911.8	-1.184
AGAAGT	36.0	5842.9	-1.184
AAATAG	38.0	6219.8	-1.183
CACACT	11.0	4047.2	-1.183
GTGCTA	17.0	2558.8	-1.182
CTAACC	9.0	1959.7	-1.182
AATTGA	28.0	5123.1	-1.181
ATTGCG	6.0	675.6	-1.180
TTCTAA	33.0	7630.2	-1.178
TGTCAG	22.0	4601.8	-1.178
AAGACT	23.0	4723.0	-1.178
GTCACC	24.0	4869.4	-1.177
GCATTA	19.0	2917.9	-1.176
CTGTAC	19.0	2917.5	-1.176
AGACTA	18.0	2739.9	-1.175
ACTGCG	4.0	1469.3	-1.173
TCGACG	1.0	157.8	-1.173
TGATAA	22.0	4853.7	-1.172
CTTCAG	33.0	6366.4	-1.172
AGAACA	34.0	5479.2	-1.171
GAAACT	34.0	5856.6	-1.171
AATACT	30.0	4921.1	-1.170
TAGCGC	3.0	409.6	-1.170
CTAAGG	17.0	2565.9	-1.170
CAGCGA	3.0	1168.0	-1.169
AATTCC	31.0	5109.3	-1.168
CCTGGG	62.0	10867.9	-1.168
GTATCA	12.0	2562.2	-1.167
TTAAAC	34.0	5483.4	-1.167
ACCATA	18.0	2925.7	-1.165
TACAGT	27.0	4706.8	-1.164
CACCCA	43.0	7309.0	-1.161
ACTTTA	41.0	6811.8	-1.160
TATTGT	33.0	6321.5	-1.160
CAGATT	32.0	5511.8	-1.160
GTCGGG	2.0	870.8	-1.160
CCTAAT	17.0	3425.1	-1.160
GCCCCC	14.0	2975.0	-1.159
ATGAGC	25.0	4011.4	-1.159
AAATAA	81.0	13816.1	-1.158
TGGAAT	38.0	6659.2	-1.158
TTAGAG	19.0	4649.8	-1.157
AGCTAT	20.0	3337.2	-1.157
GTATTT	83.0	14238.0	-1.157
TCTAAG	20.0	3705.7	-1.152
CCAGTT	33.0	5310.8	-1.150
ATGAAG	34.0	5498.4	-1.150
TGCAGA	35.0	5686.0	-1.149
AATAAA	74.0	12893.1	-1.146
TCATAC	15.0	2419.7	-1.146
TGCCTG	50.0	8627.0	-1.142
ATGATG	30.0	4946.8	-1.141
ACAGGT	29.0	5677.3	-1.141
TGTTCC	31.0	5132.5	-1.141
TACCAG	19.0	2939.6	-1.140
AGTATA	16.0	3573.1	-1.140
GGGTAA	13.0	2515.4	-1.140
GGAACG	4.0	845.7	-1.140
CTGCTT	48.0	7989.0	-1.139
CGTTTC	12.0	1705.8	-1.139
TTCTAT	44.0	7412.2	-1.135
ATCGGT	2.0	502.6	-1.130
CGTTCA	4.0	926.7	-1.130
CGCATT	1.0	788.3	-1.130
ACGGGC	6.0	690.9	-1.129
GTTCCA	16.0	3825.5	-1.129
TACAGA	32.0	5144.6	-1.127
CGATCA	3.0	565.9	-1.127
CTCGCC	11.0	1538.5	-1.126
GAAACA	35.0	5708.8	-1.125
TCAATC	5.0	2771.9	-1.124
CTATCT	23.0	3673.0	-1.124
CGGCTG	5.0	1570.1	-1.124
TTAATA	40.0	7684.6	-1.124
CGCACC	3.0	1333.1	-1.121
GACGAT	4.0	550.3	-1.120
GAATCT	24.0	4261.7	-1.120
CCTAGT	9.0	2622.5	-1.119
AAGTAA	34.0	5744.4	-1.118
ATTAGA	25.0	4439.8	-1.117
GAATGT	29.0	4781.2	-1.117
TGCCTA	20.0	3953.6	-1.115
GCACAT	21.0	3317.4	-1.114
CGATAA	5.0	531.3	-1.114
CCGTTT	11.0	1768.3	-1.111
AGAATT	37.0	7874.7	-1.109
GGAAGA	37.0	6102.4	-1.107
GTTACT	23.0	3686.5	-1.106
GTCGCT	1.0	791.1	-1.105
GCTTGG	24.0	3870.1	-1.104
ATGTTA	34.0	5539.2	-1.104
TAACGC	4.0	443.9	-1.104
GTGCAG	54.0	9206.7	-1.103
TCGCTG	3.0	1388.5	-1.102
GAGCTG	30.0	4980.3	-1.102
TCAGAT	32.0	5246.6	-1.102
CTAGAC	11.0	1707.0	-1.101
ATGATA	19.0	4173.5	-1.101
GGCATA	9.0	2165.9	-1.097
AAAGCG	9.0	1207.6	-1.097
AGACGT	8.0	1037.4	-1.096
CTTATT	39.0	7564.1	-1.096
GTGGAG	28.0	4762.6	-1.096
GCAAAT	26.0	4607.0	-1.094
TGGTAA	22.0	4279.6	-1.093
GTTCGG	1.0	568.0	-1.092
AGATCA	27.0	4432.4	-1.091
TTACAA	29.0	5620.2	-1.091
CAGATG	25.0	5292.8	-1.091
TTTCTG	79.0	15551.0	-1.087
GCGCGT	5.0	579.6	-1.086
GAGTCT	46.0	7661.7	-1.083
TGCCAG	15.0	4572.7	-1.082
CTAGTG	13.0	2339.8	-1.081
GACCTA	9.0	1718.0	-1.080
GAGATA	16.0	4026.3	-1.079
GAAAAA	53.0	11541.9	-1.079
AAAGCC	26.0	4257.9	-1.079
CCTCAT	23.0	5213.6	-1.077
TGCCAA	17.0	3913.1	-1.076
GTAGCA	10.0	2507.4	-1.075
GACCGA	3.0	621.9	-1.075
AGAGTA	21.0	3449.1	-1.075
TGTGGT	29.0	6309.2	-1.074
TCGGAA	7.0	876.9	-1.073
AGCCTA	10.0	2671.1	-1.073
AGGAGT	21.0	5076.1	-1.073
TTTCGT	11.0	1914.1	-1.073
AGATTT	58.0	9843.3	-1.071
ATAATT	52.0	8851.6	-1.070
GGTTCC	19.0	2986.5	-1.070
TACTGA	24.0	4180.0	-1.069
CGGTCA	4.0	595.1	-1.069
GCAAGA	19.0	3845.0	-1.069
CTTATA	23.0	3714.9	-1.068
GCTAAA	17.0	3249.1	-1.068
ATGGCC	14.0	2799.9	-1.067
TGATTG	27.0	4802.3	-1.067
TGATAT	32.0	5199.2	-1.066
TCGGCA	6.0	710.0	-1.066
GCGAAT	1.0	510.8	-1.062
TGAAAG	36.0	6555.7	-1.062
TTGTTC	39.0	6831.6	-1.061
TCAACG	4.0	563.6	-1.061
CAGAAT	35.0	5769.5	-1.061
ATCGCA	5.0	652.7	-1.059
TGACTT	33.0	7009.5	-1.059
TAAAAC	23.0	6464.8	-1.059
AGTCTT	38.0	7519.7	-1.058
ACCGAC	1.0	445.6	-1.058
ATTGTA	22.0	5052.4	-1.057
TTGCGC	6.0	713.7	-1.056
AACAAA	53.0	9915.9	-1.056
AGGGGT	11.0	3207.4	-1.054
CGCCCA	16.0	4118.6	-1.054
TACGAG	2.0	436.1	-1.054
CTGAAG	37.0	6157.0	-1.053
CATCCT	17.0	5154.8	-1.051
GGCAGT	21.0	3362.8	-1.051
GCCTGA	18.0	4115.7	-1.050
GCGTCC	1.0	920.1	-1.050
ATGGGC	14.0	2606.3	-1.050
ACGTTC	4.0	845.3	-1.048
CGTTGG	4.0	968.1	-1.048
GTTTGG	34.0	5593.0	-1.047
CTCGTA	5.0	561.1	-1.047
GGTCTG	21.0	3367.6	-1.044
TGCCGG	8.0	1058.2	-1.043
CCGAGC	8.0	1058.3	-1.043
TGCTAG	20.0	3187.1	-1.042
GTAAAT	33.0	5409.9	-1.042
TGGTGT	31.0	6072.2	-1.041
CACGGA	6.0	835.8	-1.040
TGGTAT	23.0	4413.4	-1.038
TTCTGC	26.0	7836.9	-1.036
TGGCCC	22.0	3556.6	-1.036
ATCTAC	16.0	2469.7	-1.035
ATTATG	29.0	4853.8	-1.035
CGTAGG	5.0	553.8	-1.035
GGTCAG	25.0	4111.4	-1.033
GTGGGT	24.0	3926.7	-1.032
CGTAAT	5.0	718.5	-1.032
GGCAAC	15.0	2790.6	-1.032
GGTCGC	5.0	554.9	-1.031
TATTAA	39.0	7262.0	-1.030
GTCGCC	14.0	2307.0	-1.027
CATATT	34.0	6208.9	-1.026
ATCTGA	17.0	4582.0	-1.025
GAAGCT	28.0	4675.1	-1.024
TGGTTC	24.0	4333.0	-1.024
CCTCGC	8.0	1463.4	-1.022
GAAGGC	21.0	3384.7	-1.021
TCCCCA	32.0	6257.6	-1.021
GACTAC	15.0	3532.7	-1.018
AAAAGC	36.0	6001.2	-1.018
GGAAAG	36.0	6001.8	-1.018
CCACTG	36.0	7019.5	-1.018
TCAGAA	39.0	6576.7	-1.017
TGGGGA	36.0	6003.2	-1.016
AATGTC	27.0	4497.0	-1.016
CCCACG	2.0	1313.5	-1.014
GACTCG	2.0	710.7	-1.012
GCCAAA	23.0	3760.8	-1.010
GGGTTG	18.0	3331.8	-1.009
TGCTTC	37.0	6201.1	-1.009
ACCAAG	21.0	3395.3	-1.008
ACACTA	15.0	2309.2	-1.005
GGCATT	24.0	4149.7	-1.005
GGCATC	10.0	2397.2	-1.002
TGTTGC	37.0	7758.7	-1.002
TAGCCG	2.0	837.2	-1.002
TGCGGC	7.0	903.5	-1.000
ATGCAG	26.0	4325.5	-0.999
TCCAAA	38.0	6403.2	-0.999
GCACAA	13.0	3153.2	-0.998
GTCTTG	38.0	7218.7	-0.998
CCATGG	21.0	3402.4	-0.998
TCTTGG	35.0	7829.4	-0.998
GCTGTT	34.0	5642.7	-0.997
AGCATC	14.0	3099.6	-0.997
ACGTCT	6.0	1070.0	-0.996
CGACTG	4.0	715.4	-0.995
CGATAT	4.0	555.7	-0.995
TCTATC	20.0	3223.7	-0.992
CCTTAG	19.0	3413.1	-0.992
TGAATT	51.0	8752.5	-0.990
TCCTAG	16.0	3763.1	-0.987
ATAGTA	19.0	3615.5	-0.986
CTCGGG	12.0	1786.0	-0.984
TTACTG	23.0	5814.3	-0.983
GATCAG	17.0	2684.4	-0.982
CGGTGC	5.0	875.1	-0.982
CATCTG	30.0	5091.7	-0.980
CGAGTC	4.0	745.2	-0.980
CATTAA	29.0	4908.9	-0.975
CTCTGC	50.0	8575.2	-0.973
TTTGGA	53.0	9172.7	-0.973
TTGACG	5.0	687.5	-0.972
GAGCCT	23.0	3792.7	-0.971
TTTGTT	154.0	27158.3	-0.970
TAGTCA	18.0	2875.0	-0.969
ATGGCT	27.0	4539.8	-0.968
TGTTGA	25.0	6599.6	-0.967
ATTCCC	20.0	4149.7	-0.967
CACCCT	22.0	4156.0	-0.966
GGCGGC	10.0	1441.7	-0.966
TATTGG	19.0	4017.2	-0.965
GGAGTC	32.0	5295.8	-0.965
AAAGCA	36.0	6956.7	-0.965
CCTGCA	22.0	4605.6	-0.964
GTCACT	23.0	3798.2	-0.964
TTCAAA	49.0	9815.4	-0.963
TGAGCA	27.0	4543.1	-0.963
GGGAAG	35.0	5868.1	-0.962
AATTGC	22.0	3965.2	-0.962
GTTCCC	21.0	3431.2	-0.961
TACCTA	18.0	2881.1	-0.960
GGGTAC	5.0	1613.4	-0.960
CTATAT	22.0	3616.8	-0.960
ACGAAA	7.0	919.9	-0.959
ACTAAT	18.0	3593.9	-0.959
AAACTC	37.0	6255.1	-0.958
ATACCG	2.0	468.5	-0.958
TATAGA	18.0	3814.4	-0.958
GTAACA	18.0	2883.3	-0.958
GCTCCG	11.0	1624.9	-0.954
TAGATG	22.0	3624.7	-0.951
TACTTG	25.0	4181.5	-0.951
TAGCAT	21.0	3717.2	-0.950
AGGAAT	26.0	5268.9	-0.948
ACTCTG	42.0	7233.7	-0.948
TATGCC	16.0	2527.2	-0.948
ATTGGA	21.0	3711.7	-0.948
TTTGAC	29.0	5293.7	-0.947
CAATAG	16.0	2528.1	-0.946
CCTGAT	23.0	4057.2	-0.945
CGCATC	2.0	653.9	-0.945
GATAGA	18.0	2893.4	-0.945
TCCCTG	36.0	6916.4	-0.943
CGTTCT	10.0	1453.2	-0.942
CGTATA	3.0	579.6	-0.940
CCCGCC	26.0	4546.1	-0.940
TCGTAG	5.0	605.1	-0.939
TCCAGG	32.0	5645.3	-0.938
CAGTCT	21.0	5593.9	-0.938
CCCGTA	5.0	603.8	-0.937
CGCTAT	4.0	541.5	-0.937
ATAGAG	20.0	3267.6	-0.936
TATCTA	22.0	3638.7	-0.933
GATTGA	19.0	3086.6	-0.931
TATTTG	43.0	10020.1	-0.929
CTATGA	19.0	3088.0	-0.928
GAACGC	2.0	692.8	-0.928
ACTATC	13.0	1998.0	-0.928
ACATAT	29.0	4953.2	-0.928
GAATGA	25.0	5054.8	-0.928
AACGGG	1.0	738.8	-0.928
CCAACG	2.0	651.4	-0.928
GACCTT	24.0	4015.7	-0.927
GCTGGC	13.0	3740.3	-0.925
CCCGTG	6.0	1073.2	-0.924
GGTAAC	13.0	2000.6	-0.923
GTACAG	16.0	3053.2	-0.922
TATGGT	19.0	3565.8	-0.922
CATAAA	34.0	5719.0	-0.922
GAGGAA	35.0	5912.4	-0.921
TCTGTC	57.0	9844.9	-0.921
ACACCC	19.0	3095.5	-0.920
CGTTTG	10.0	1465.8	-0.920
TCTGAT	30.0	6298.2	-0.920
AATTGT	34.0	6065.5	-0.919
GTGCTC	10.0	2813.1	-0.919
AGACGC	2.0	834.6	-0.918
TCCGAT	5.0	589.5	-0.918
TGTTTA	43.0	9395.7	-0.916
CCACTA	9.0	2573.3	-0.916
ATTAGC	22.0	3653.8	-0.916
CTACGA	1.0	486.2	-0.915
ACCACT	20.0	4041.6	-0.915
ATGCCC	22.0	3654.3	-0.915
TAGCAC	11.0	2372.8	-0.913
AAGGAC	15.0	3255.4	-0.913
ACATAC	18.0	2917.2	-0.913
GTTCCG	2.0	713.7	-0.913
CTAGAT	19.0	3101.7	-0.912
GTTACC	14.0	2190.7	-0.909
AGCAGA	29.0	4972.3	-0.909
CATATC	16.0	2565.1	-0.908
GGCAGC	21.0	3474.9	-0.908
CATATG	23.0	3847.3	-0.906
TCAGAG	24.0	5389.8	-0.906
AAGGAT	23.0	4337.6	-0.905
GACGGG	9.0	2492.1	-0.905
TGTAAG	25.0	4226.0	-0.902
ATCTAG	16.0	2560.6	-0.900
CTCTAA	25.0	4227.2	-0.899
GTATTA	17.0	3705.4	-0.899
AGCTGC	18.0	4297.6	-0.898
GTTTCT	59.0	10632.9	-0.898
TCACTC	38.0	6516.4	-0.897
ATCATT	37.0	6324.2	-0.897
CCCCAC	20.0	4602.8	-0.895
GGCGCA	8.0	1565.1	-0.893
CTGGGT	43.0	7778.2	-0.892
CCGATC	2.0	492.5	-0.892
TTATCA	31.0	5370.6	-0.891
GGGTAG	8.0	2300.9	-0.890
TATCCT	25.0	4236.2	-0.889
CGGGTA	5.0	647.2	-0.888
TAGCGA	1.0	539.6	-0.886
ACCGCT	5.0	785.2	-0.883
TTCCAA	41.0	7116.7	-0.883
TGTTTG	66.0	11788.1	-0.883
CGACTC	4.0	799.1	-0.882
TGACAA	24.0	4056.8	-0.881
AATCGT	3.0	814.9	-0.881
AAAAAT	77.0	19065.0	-0.880
ATAGGC	12.0	2330.3	-0.878
GCAGCC	25.0	4758.8	-0.878
AGCTTG	17.0	4044.0	-0.875
GCTCGG	2.0	1124.7	-0.874
CCGGAA	3.0	962.9	-0.873
CGGCGC	3.0	838.5	-0.873
ACTAGG	13.0	2032.2	-0.873
TGAGGT	32.0	5583.5	-0.872
AATTGG	23.0	3877.3	-0.872
TATCGC	1.0	460.3	-0.872
ACATGC	19.0	3133.0	-0.872
GTCCTA	11.0	1894.7	-0.871
GGCACA	24.0	4067.7	-0.870
GTCTAC	4.0	1568.7	-0.869
GGTACT	9.0	2053.3	-0.869
GTGCGT	4.0	1062.4	-0.868
AGCCGG	10.0	1493.5	-0.867
CGAGAT	2.0	1436.3	-0.867
AATAAG	22.0	4852.1	-0.867
GGAAAT	35.0	5998.5	-0.867
CACCGT	13.0	2036.5	-0.867
GGTACA	14.0	2341.1	-0.866
TGAAAC	35.0	5984.4	-0.866
TATTAC	13.0	3746.3	-0.866
TTTGGT	53.0	10001.6	-0.865
TGAGAA	39.0	7513.3	-0.865
TCAACT	19.0	4168.4	-0.864
ATCCCC	17.0	2770.2	-0.864
CTCGAT	10.0	1495.7	-0.864
AAGGCA	21.0	4878.7	-0.864
TTTATG	44.0	8884.1	-0.864
TTCTTG	44.0	9653.8	-0.863
AGAAAA	72.0	14055.6	-0.863
CACTAT	19.0	3257.9	-0.862
AAGGCC	18.0	2956.5	-0.862
TGAGTG	27.0	4640.2	-0.862
GTCCAT	16.0	2588.3	-0.861
AAGACA	33.0	5595.0	-0.860
GGTTTG	18.0	5586.2	-0.860
CCATAT	21.0	3664.5	-0.860
CTGTAA	41.0	7146.5	-0.860
ACTTGC	19.0	3144.3	-0.858
TAACCA	17.0	3260.4	-0.858
CTATAA	13.0	3999.4	-0.857
GCACCC	12.0	3055.3	-0.855
GCTATC	8.0	1728.1	-0.854
CAATGC	11.0	2402.7	-0.854
CCATGC	28.0	4918.3	-0.853
TACTAA	24.0	4083.4	-0.852
GTCTGA	16.0	3328.5	-0.852
GCCATT	32.0	5414.5	-0.851
CAAACC	15.0	3382.4	-0.849
TCTAGA	24.0	4087.9	-0.849
GGCTAT	12.0	2377.7	-0.848
GATATG	17.0	2782.3	-0.848
CACACG	8.0	1145.6	-0.848
TATACC	14.0	2378.2	-0.848
GGGACT	27.0	5129.0	-0.846
GGTATG	13.0	2312.7	-0.846
CTTGTG	29.0	5038.0	-0.846
GAAATA	40.0	6968.8	-0.845
ACCGCG	4.0	1290.9	-0.845
CCTATC	13.0	2051.0	-0.845
TAGGGG	7.0	2141.2	-0.844
TCATAG	21.0	3529.5	-0.844
GTTTAA	33.0	6530.2	-0.844
AGATAT	28.0	4851.9	-0.842
AGCGCT	5.0	1048.4	-0.842
CCGTCC	7.0	970.3	-0.841
CTTACG	4.0	711.6	-0.840
TATAAG	10.0	3566.5	-0.838
TGAACA	27.0	4666.0	-0.838
TGGCCG	9.0	1430.0	-0.837
ACTTAC	13.0	2957.9	-0.836
GCAGAG	32.0	5431.9	-0.835
GTATAC	12.0	1875.8	-0.834
TACAGG	53.0	11300.7	-0.833
GTCCTC	20.0	3352.6	-0.832
TATGTA	30.0	5242.1	-0.832
AAAGGG	28.0	4861.9	-0.832
TGAGGC	31.0	5435.0	-0.831
AGTCAC	20.0	3353.4	-0.831
GAGCAT	14.0	3101.1	-0.831
TGGTGA	19.0	5930.9	-0.831
GAGTAT	16.0	2611.6	-0.831
ACCAGT	19.0	3168.7	-0.829
CAGTAC	14.0	2244.5	-0.829
ATGCGC	6.0	797.2	-0.829
TGCGCT	4.0	918.1	-0.829
ATATGC	18.0	2983.2	-0.829
CTCAAA	45.0	8495.0	-0.828
TTGAAC	35.0	6018.0	-0.828
TTTGCA	50.0	9030.0	-0.828
TATGTT	44.0	7778.0	-0.827
GAAGTC	15.0	3653.2	-0.826
ATAAGT	19.0	3770.5	-0.825
TTGTGT	33.0	8548.9	-0.824
ACGCGT	2.0	267.0	-0.823
AACGAC	3.0	505.0	-0.823
TTTCAA	54.0	11115.7	-0.823
ATACAG	22.0	3736.0	-0.821
GCTGCT	21.0	5485.1	-0.821
CTGTGA	23.0	6135.3	-0.821
ATCGAT	3.0	613.8	-0.821
AAGATG	29.0	5616.8	-0.821
CGTGCT	5.0	1141.5	-0.819
CTCATC	24.0	4118.1	-0.816
TCGTAT	5.0	818.2	-0.816
GCTGAG	35.0	6939.9	-0.816
AGCAAG	26.0	4497.1	-0.816
GCCTAT	15.0	2438.5	-0.815
ACAGTA	18.0	3505.6	-0.815
TGCTGA	25.0	5979.2	-0.815
CTCGCT	18.0	2995.5	-0.814
CCGTGC	9.0	1343.9	-0.814
TCGAGA	4.0	1401.9	-0.813
GCGCCA	11.0	1707.2	-0.812
GTGTGG	26.0	4501.1	-0.812
TTTAAA	122.0	22683.1	-0.811
TTAACT	26.0	5965.5	-0.809
GTCCGA	4.0	453.0	-0.807
TGGGGG	28.0	4888.9	-0.807
TAAACT	33.0	5655.6	-0.807
GGAGAT	17.0	4145.4	-0.806
CCGTGA	4.0	1009.6	-0.805
AAATCC	18.0	4483.8	-0.804
GCATAT	19.0	3190.2	-0.804
ATTAGG	18.0	3005.9	-0.803
TCGTCT	3.0	1140.0	-0.802
ATAGAC	14.0	2264.5	-0.802
CCTAGC	14.0	2264.3	-0.802
ATGACC	9.0	2511.2	-0.801
ACAAAA	45.0	10552.5	-0.800
ACCAAC	16.0	2636.8	-0.799
ATGCTA	14.0	3194.8	-0.799
AATGCT	32.0	5472.8	-0.798
AAACTG	37.0	6560.1	-0.798
CGGCAG	8.0	1170.1	-0.798
CCAGCT	41.0	8121.6	-0.797
GAGCGA	6.0	1229.4	-0.796
GCGGTG	11.0	1717.8	-0.796
TTCTAC	17.0	4540.1	-0.795
CACTCT	38.0	6641.7	-0.794
AGTAAA	28.0	5991.4	-0.794
TACGGT	4.0	576.1	-0.794
TAAATT	58.0	10916.7	-0.794
CCGCAG	3.0	1296.7	-0.793
CAAGAA	31.0	5480.1	-0.792
GGGCAT	18.0	3014.3	-0.792
GTAGAT	20.0	3388.1	-0.791
TCCCAG	57.0	10425.4	-0.791
TAAGGA	16.0	4133.3	-0.790
ACTGGC	13.0	3085.8	-0.790
TTATAT	49.0	8627.5	-0.789
GTATGC	11.0	1721.3	-0.789
ATGCTG	30.0	5290.1	-0.789
AGACTG	28.0	4907.1	-0.789
TGGCTT	38.0	7593.4	-0.789
TATAAC	17.0	2831.7	-0.787
TTGATT	56.0	9841.6	-0.787
CCCATG	15.0	3317.9	-0.787
GATAAT	20.0	4246.8	-0.785
ATCATA	15.0	3724.7	-0.784
ATTACA	65.0	11489.9	-0.784
GAGCAG	24.0	4150.7	-0.783
CACGCT	3.0	1095.3	-0.783
TCCCGT	5.0	1156.5	-0.782
ATAGCA	16.0	3405.6	-0.782
CACCAA	16.0	3718.7	-0.781
GGGGAG	27.0	4725.8	-0.780
TCGTCA	5.0	821.5	-0.780
TGCTAC	5.0	2474.8	-0.777
TACCAA	18.0	3148.9	-0.776
AGAGCT	20.0	4613.3	-0.776
CCCCAG	22.0	5529.5	-0.774
CATAAC	13.0	2100.6	-0.774
TTATAG	26.0	5290.5	-0.773
TGCGTA	5.0	665.2	-0.773
GCCATA	13.0	2101.5	-0.772
GGAGCG	6.0	1299.6	-0.771
AGTGAG	25.0	6283.8	-0.771
GAATGC	15.0	3275.1	-0.770
TTGTAT	65.0	11513.4	-0.770
GTACTC	10.0	1694.9	-0.769
TCAAAC	29.0	5125.0	-0.767
GCGGGA	7.0	1385.3	-0.766
GGATGG	19.0	4835.0	-0.766
CCTGCT	32.0	6178.6	-0.765
GAAGTA	17.0	3496.9	-0.765
CTCACA	24.0	4641.1	-0.765
ACCGGT	4.0	496.5	-0.762
CCCGTT	7.0	1007.1	-0.762
AAATGA	52.0	9272.5	-0.762
TGCGGG	4.0	1144.9	-0.760
TATATT	55.0	9886.6	-0.759
AAATTC	40.0	7080.6	-0.759
GATGTT	24.0	5183.7	-0.759
CCGGAT	4.0	666.8	-0.758
TAGATT	23.0	5743.9	-0.757
GCAGAT	21.0	3821.6	-0.757
TTAGGA	26.0	4561.8	-0.755
GTATCT	12.0	3869.0	-0.754
AGACCT	20.0	3425.0	-0.753
AAACGG	4.0	1113.3	-0.753
TACGGA	4.0	502.2	-0.752
GCTCTG	48.0	8484.2	-0.751
CGAAAC	6.0	831.5	-0.750
TACGCT	1.0	482.1	-0.749
ACGAGT	4.0	657.0	-0.749
TTCCAG	37.0	7738.8	-0.748
ACCACG	16.0	2850.1	-0.748
ATAAAC	21.0	4591.8	-0.748
AGCCGT	3.0	849.1	-0.748
GTTGTT	34.0	7775.4	-0.747
GTGCGG	7.0	1015.2	-0.746
ACTAGC	10.0	1637.1	-0.746
CAGTTC	20.0	4517.9	-0.746
CCCGAC	4.0	1098.2	-0.744
GCACGT	6.0	1145.2	-0.744
TCTTCG	8.0	1200.4	-0.743
GCTTAG	16.0	2681.4	-0.743
TACGTT	1.0	1117.4	-0.743
TATCTT	34.0	7319.5	-0.743
AGCTCT	32.0	5538.3	-0.743
TAAGTA	24.0	4193.8	-0.742
AGGATC	11.0	2862.6	-0.741
TCGCTT	8.0	1707.9	-0.741
GACGTA	4.0	474.7	-0.740
CTAATA	16.0	3574.0	-0.740
TATGCA	20.0	3436.3	-0.740
GTGACT	21.0	3727.2	-0.739
CCTGGA	35.0	6127.1	-0.738
CCCTGG	31.0	5544.5	-0.738
ACGTTA	6.0	837.9	-0.737
AGGTGC	16.0	3877.8	-0.737
GATGGA	33.0	6136.9	-0.737
TTGAAT	40.0	8092.3	-0.737
TAAAAA	75.0	16367.9	-0.736
CTGGTG	25.0	4720.5	-0.733
AGATCC	14.0	2785.1	-0.733
ACTACC	6.0	1789.1	-0.733
CACGGC	2.0	1090.7	-0.733
CGTACA	2.0	498.9	-0.732
ATACTA	15.0	2742.2	-0.732
GTTACA	17.0	3378.2	-0.732
CGTCTT	4.0	1362.2	-0.731
AGAGCG	5.0	1370.0	-0.730
CAAGGC	19.0	3257.7	-0.729
TGCAGC	25.0	5187.1	-0.729
CACGAA	5.0	826.5	-0.728
ATATAG	20.0	3448.7	-0.728
AGGCGA	6.0	969.8	-0.726
TTAGAA	39.0	6929.4	-0.726
GGAACT	21.0	3639.9	-0.726
GCGGGG	12.0	1949.4	-0.726
GATAAA	23.0	4981.5	-0.725
TCAGTT	40.0	7128.8	-0.725
CCTCTG	37.0	8745.2	-0.724
ATTTGA	47.0	8324.9	-0.724
GCTAGT	13.0	2137.5	-0.723
CAGTAG	20.0	3453.0	-0.723
GATCTG	24.0	4277.6	-0.722
AATGAC	21.0	3745.1	-0.722
CGCCCC	4.0	1834.0	-0.721
TCCACG	7.0	1029.2	-0.721
TGGAAA	35.0	8321.7	-0.721
TTAGGG	19.0	3267.7	-0.719
CCTCGT	7.0	2022.9	-0.718
GTTAGG	15.0	2515.9	-0.717
TAGTGT	20.0	3458.9	-0.717
TAAGCC	15.0	2832.6	-0.716
AAAACC	33.0	5767.7	-0.715
AGACAT	22.0	4309.2	-0.715
CTGTGT	44.0	7938.3	-0.715
TTGGCT	41.0	8244.3	-0.713
CCTGAA	32.0	5575.7	-0.713
AGTACG	2.0	442.2	-0.712
GTTAGC	9.0	2808.0	-0.711
CATGAC	11.0	2574.0	-0.711
TGTGGC	25.0	4418.6	-0.711
GTAAGA	18.0	3336.2	-0.711
TGCCTT	43.0	8051.6	-0.711
GACGAA	5.0	667.9	-0.710
CTCCGT	12.0	1960.5	-0.710
TAATGT	19.0	5640.7	-0.710
TATAGG	18.0	3086.7	-0.710
TAGTCT	22.0	3846.7	-0.710
TGACCC	12.0	2950.3	-0.710
CGATGA	2.0	718.8	-0.709
AAATGT	56.0	9970.6	-0.709
GCTAGG	13.0	2546.3	-0.708
ACGTAC	2.0	524.8	-0.708
GCGGAC	4.0	486.4	-0.707
AGCACA	21.0	3801.7	-0.706
ACATGT	27.0	4809.8	-0.706
AAAAGA	52.0	11591.7	-0.705
TGTTTT	157.0	29189.0	-0.704
GTGTTA	23.0	4056.5	-0.702
AAATCA	39.0	6964.1	-0.701
CCTTAT	21.0	3973.1	-0.701
ATTCAC	23.0	4047.4	-0.700
GAAGGA	31.0	5592.8	-0.699
ATCAGA	24.0	4241.7	-0.698
TTATAA	42.0	7711.3	-0.698
TCCTCA	26.0	6163.7	-0.698
GAATCG	6.0	1002.5	-0.698
CTTATG	17.0	3339.8	-0.696
TCGATA	4.0	490.1	-0.696
CAGAAA	47.0	8370.6	-0.695
AATCAG	24.0	4245.5	-0.694
GGGGCT	18.0	3807.2	-0.693
ACACTC	16.0	2725.0	-0.693
CCGCTA	4.0	491.2	-0.693
GTGAGA	28.0	5018.9	-0.693
TCTGCG	8.0	1229.0	-0.692
GAAAAT	51.0	9185.0	-0.691
CTAATG	14.0	3260.8	-0.691
GGACGA	3.0	680.4	-0.690
GCATCT	19.0	3721.1	-0.689
CTCCTT	26.0	8637.8	-0.689
ACACTT	27.0	4830.9	-0.688
TCCGGA	3.0	898.8	-0.688
AACAGT	25.0	4446.1	-0.687
CGGGTG	5.0	1402.2	-0.682
CCTTCG	8.0	1235.5	-0.682
GATGCC	14.0	2480.2	-0.682
AGTATT	35.0	6203.8	-0.681
GTTGAA	27.0	4841.2	-0.679
GCCGTG	3.0	1200.2	-0.679
TGTTGT	43.0	8199.5	-0.678
ATATGG	14.0	3515.2	-0.677
TAAGAA	25.0	6532.5	-0.677
AACATG	27.0	5289.0	-0.675
TGCTGT	40.0	7200.0	-0.675
ACTCTT	30.0	6351.1	-0.675
TACTAT	21.0	3691.5	-0.675
GACCAT	14.0	2363.7	-0.675
CAATCC	16.0	2741.1	-0.675
GCGGCG	7.0	1054.3	-0.674
GATTAA	22.0	3893.9	-0.674
GGGCCT	11.0	3546.8	-0.673
AGGTGT	28.0	5050.2	-0.672
TGCAAA	37.0	6612.4	-0.671
AGGGTG	21.0	3697.8	-0.670
ATCACC	16.0	3407.3	-0.670
TGGGAG	39.0	7938.3	-0.669
TGAGGA	30.0	5437.6	-0.669
CAGACG	3.0	1046.1	-0.668
GAATGG	23.0	4082.4	-0.668
TACGTG	4.0	904.6	-0.668
TCAGTG	28.0	5673.2	-0.667
CAATGG	24.0	4276.2	-0.667
CCCAAC	17.0	2938.1	-0.666
ATATGA	24.0	4280.4	-0.664
GACAGA	28.0	6571.9	-0.662
CAGCAT	18.0	4558.4	-0.662
TGTTAT	27.0	6404.8	-0.661
AAGTAT	24.0	4896.7	-0.661
AAAAAC	46.0	9093.5	-0.661
ATTGAG	24.0	4285.3	-0.659
ATAGCT	20.0	3868.0	-0.658
TTTCTA	55.0	11480.0	-0.658
TTCGGT	3.0	867.1	-0.657
ATACAC	13.0	2789.3	-0.657
GTGGTT	18.0	5314.8	-0.656
ATCGCC	5.0	691.6	-0.656
TGGGAC	29.0	5260.7	-0.655
GTTCTA	17.0	3221.8	-0.655
AAAGAC	28.0	5065.1	-0.655
CATGCA	21.0	3759.0	-0.653
CAATGT	22.0	3907.5	-0.653
TCATGT	28.0	5410.5	-0.652
GAGGGC	17.0	2952.6	-0.652
ACTTAT	23.0	4101.4	-0.651
TTGATG	31.0	5655.7	-0.651
TCCATA	15.0	3470.9	-0.651
CAATGA	21.0	3717.9	-0.651
CCATTT	38.0	9772.2	-0.650
CAAATC	22.0	3911.4	-0.650
CGTCAC	6.0	881.0	-0.650
TACAGC	16.0	2765.0	-0.649
AGTCGT	5.0	695.5	-0.647
AGGATA	18.0	3147.8	-0.647
ACTGAG	25.0	4780.5	-0.647
TGGAAC	14.0	3579.6	-0.646
AATGAA	46.0	8255.0	-0.642
ATCCAA	19.0	3344.3	-0.642
ACGATG	3.0	897.0	-0.642
ACTAGT	12.0	2098.9	-0.641
CATCGC	5.0	698.2	-0.641
ACACCG	5.0	709.1	-0.641
AATCCT	16.0	5071.6	-0.640
TTCCGC	4.0	1055.4	-0.639
TATTAT	36.0	9072.5	-0.638
TCTTTT	168.0	30642.8	-0.638
AGATGT	21.0	5093.9	-0.637
CATGAA	23.0	5019.0	-0.637
GTGGGC	18.0	3158.2	-0.637
GCTGCC	17.0	4062.6	-0.636
CTGTGC	29.0	5285.9	-0.636
GCCGGT	2.0	667.8	-0.635
CACGTT	9.0	1515.8	-0.635
GGCATG	34.0	6071.0	-0.635
GTCCAC	10.0	1933.1	-0.634
GTTATG	16.0	2806.2	-0.634
GCAAAA	31.0	5681.0	-0.633
ACCCTC	15.0	3418.2	-0.633
TATCAC	16.0	2780.2	-0.633
GACAAT	16.0	2780.5	-0.633
AATGTG	32.0	5681.8	-0.633
GGAACA	14.0	3440.4	-0.631
TCCAGC	21.0	6324.5	-0.630
TTTAGG	24.0	5867.1	-0.630
CAGGTA	15.0	3631.7	-0.630
GTACGG	1.0	319.2	-0.629
GTACCC	2.0	1525.6	-0.629
ACGGAT	3.0	615.8	-0.628
CAGAAC	17.0	3767.2	-0.627
AGAAGG	31.0	5690.7	-0.626
AAGGGG	21.0	3744.6	-0.626
CATAGT	19.0	3361.3	-0.625
GCATGA	26.0	4714.8	-0.625
TTCGGA	5.0	903.3	-0.625
GTTAAC	11.0	2448.6	-0.624
TGCCGT	7.0	1083.4	-0.624
TGTCAC	32.0	6021.7	-0.623
AGGTAT	18.0	3493.5	-0.623
AGTAGT	20.0	3573.9	-0.623
AACAGC	15.0	3420.4	-0.622
GCTAGA	15.0	2601.0	-0.622
ATGACG	5.0	724.8	-0.622
CACGCC	17.0	4309.5	-0.622
GCATGC	13.0	3090.5	-0.621
GAATTA	26.0	4719.4	-0.621
GAGCTA	14.0	2410.6	-0.621
TAGGCA	18.0	3174.0	-0.621
ATAAAA	54.0	11524.8	-0.621
ATCAGT	22.0	3944.7	-0.621
GAGGGG	11.0	3943.5	-0.620
CGCTAA	4.0	520.1	-0.619
GGATAA	18.0	3177.8	-0.618
TACTCT	25.0	4532.0	-0.616
GAACAC	13.0	2717.3	-0.615
TGTAAT	43.0	7903.4	-0.615
TGCGAA	4.0	742.1	-0.614
CGAATG	5.0	762.7	-0.614
CGGCCG	5.0	920.2	-0.614
GAAGAT	19.0	4540.2	-0.613
CACTCC	20.0	4853.4	-0.611
CGTCAA	2.0	589.9	-0.611
TGACGT	3.0	996.0	-0.611
ATGGTA	17.0	3854.2	-0.610
AGGGCA	19.0	3743.6	-0.610
GTTGCG	5.0	713.4	-0.610
AAACAG	35.0	6307.2	-0.609
GCGTGT	8.0	1282.6	-0.608
CTAGTT	20.0	3984.8	-0.608
TAGGAC	12.0	2041.3	-0.608
GGCAAA	17.0	4050.6	-0.608
GGATGC	14.0	2423.6	-0.607
ACACGT	4.0	1169.1	-0.607
TCGAGG	2.0	939.1	-0.607
GGTGGG	31.0	5812.6	-0.606
CACTGG	22.0	4090.6	-0.606
GTTCTT	41.0	7510.0	-0.605
CTACAT	17.0	3055.2	-0.604
CGATGG	3.0	810.7	-0.603
GACCGC	2.0	568.3	-0.602
CCCTGA	25.0	4551.3	-0.600
AACGCA	5.0	718.1	-0.599
GCTATG	14.0	2431.2	-0.598
GCAGAA	24.0	5232.3	-0.598
ATGTGG	25.0	4586.2	-0.598
GGGAGA	28.0	5141.3	-0.598
GTCATG	13.0	2902.6	-0.597
CAGGCA	37.0	7784.2	-0.596
ACCGGA	2.0	547.7	-0.596
GCCATG	18.0	3871.0	-0.594
GAAGTT	23.0	5535.2	-0.593
AGTTGT	26.0	4898.7	-0.593
CAGAAG	34.0	6135.6	-0.592
AAAATG	63.0	11645.5	-0.592
AAAAAG	65.0	11858.9	-0.591
CATCTT	35.0	6755.6	-0.590
GAAGGG	22.0	4628.8	-0.590
CTAGCA	13.0	2575.5	-0.590
GTGCAC	15.0	2631.9	-0.590
ACCAGA	19.0	3401.3	-0.589
TATTGC	20.0	3594.5	-0.589
GCCGAT	2.0	501.0	-0.589
TAGACC	5.0	1709.6	-0.588
TTCACT	37.0	8138.8	-0.588
CCAGGG	25.0	4567.6	-0.588
GGCGTC	2.0	800.0	-0.588
AATTAG	17.0	5312.8	-0.588
TGAACC	10.0	3888.1	-0.587
TGCATA	21.0	3955.9	-0.587
TAAGTC	15.0	2960.2	-0.587
CGATGT	1.0	748.9	-0.587
CCACAT	20.0	4288.2	-0.587
TACATA	25.0	4569.2	-0.586
AGGGGA	23.0	4180.4	-0.586
ATTCGA	5.0	725.4	-0.586
GCGTCT	3.0	999.8	-0.585
GTCAGA	19.0	3406.6	-0.585
AGATAG	14.0	3585.0	-0.584
GCGTCA	3.0	698.4	-0.584
AGTCAG	21.0	3795.2	-0.583
TAGTCC	14.0	2447.0	-0.582
TCTCAT	33.0	6857.3	-0.582
CTGAAT	31.0	5755.5	-0.581
AGAGTG	23.0	4850.3	-0.580
ACAGTG	29.0	5362.1	-0.580
CATGGA	19.0	3779.2	-0.580
CTACGT	1.0	742.5	-0.580
GTGCAT	17.0	3311.4	-0.579
GGACAG	18.0	3221.4	-0.577
CTGATA	20.0	3608.1	-0.577
CATCAG	16.0	3775.1	-0.577
TATTCT	32.0	8273.0	-0.576
AGTCCT	23.0	4192.5	-0.576
AGCCAA	24.0	4388.1	-0.576
TAATGC	17.0	3030.3	-0.575
ATGGAA	28.0	5844.7	-0.575
GAATAG	15.0	3329.6	-0.575
ACCTAT	11.0	2560.8	-0.574
AAGGAA	44.0	8170.0	-0.574
TATGGC	8.0	2466.5	-0.573
ACCATC	18.0	3278.4	-0.570
GTAATC	13.0	4165.7	-0.570
CCCGTC	9.0	1500.8	-0.569
CCATTA	19.0	3424.3	-0.569
TCACGT	6.0	1304.2	-0.569
TAGATC	14.0	2460.2	-0.568
ATACGG	4.0	542.8	-0.568
AATATG	17.0	5122.7	-0.568
TACGCA	3.0	506.5	-0.567
AAAACT	35.0	8247.5	-0.567
AACAGA	31.0	5778.9	-0.565
CGCCCT	8.0	1312.2	-0.564
CCAAAA	33.0	6420.3	-0.564
AGTCAT	23.0	4207.5	-0.564
CAGAGT	27.0	6872.6	-0.564
GCTATA	13.0	2272.9	-0.564
GCGAGA	8.0	1313.4	-0.563
GTTCTG	28.0	5343.6	-0.562
GCGGAG	2.0	1602.4	-0.561
CCTACG	1.0	574.3	-0.561
CCCTCG	7.0	1123.0	-0.561
ACGTAG	5.0	739.6	-0.561
TCTCCA	40.0	7385.7	-0.560
TTCAAT	24.0	6025.7	-0.560
TGGTAG	21.0	3823.3	-0.560
ATAGAT	18.0	4187.7	-0.560
AATCTG	22.0	5023.6	-0.560
GACAGC	15.0	2663.9	-0.558
GCTTTG	34.0	6548.6	-0.557
GTTGAC	10.0	2213.3	-0.557
ATAACA	23.0	4218.1	-0.556
GCACTT	19.0	4971.3	-0.556
GTCGAG	1.0	644.7	-0.556
ACGGGT	3.0	744.5	-0.556
GGAATC	14.0	2933.6	-0.555
ACCTGG	21.0	5491.0	-0.555
TATCAA	21.0	3829.0	-0.555
GCGCTA	2.0	483.8	-0.555
TATATC	18.0	3247.1	-0.554
ATACTG	20.0	3636.9	-0.554
AGACCA	15.0	4603.1	-0.553
ATGAGG	22.0	4027.4	-0.553
GCCCGA	5.0	824.0	-0.552
ATGTGA	18.0	5134.0	-0.551
TACCCA	16.0	3372.5	-0.551
GACGTC	2.0	604.7	-0.551
GACCGT	2.0	654.1	-0.550
AATGCC	18.0	3308.8	-0.549
GTCCAA	8.0	2278.4	-0.548
TACATG	21.0	3839.0	-0.547
TACATT	38.0	7005.5	-0.547
CAAAGA	25.0	6029.3	-0.547
TTACAT	29.0	6568.1	-0.547
CCGGGA	7.0	1857.3	-0.546
TCAATA	22.0	4035.6	-0.546
GTATCC	11.0	1904.2	-0.545
TTTAAT	82.0	15194.0	-0.545
AACACG	1.0	1131.7	-0.545
CAGGGC	17.0	3758.9	-0.545
GTGCCA	24.0	4429.4	-0.545
TACGCG	1.0	198.8	-0.545
CGTGGG	6.0	1459.8	-0.543
CATCCG	4.0	829.5	-0.543
TGAATG	23.0	6096.9	-0.543
TGCGAC	4.0	554.5	-0.542
TCGCAT	4.0	576.5	-0.542
CCGACG	1.0	304.6	-0.541
GTTGCA	12.0	3787.0	-0.541
TAAACC	17.0	3070.7	-0.540
GGGCAG	20.0	4551.1	-0.539
GACTCA	17.0	3291.4	-0.539
TTGGTA	15.0	4865.8	-0.539
AATAGT	16.0	4544.2	-0.538
AGGGGG	16.0	2878.5	-0.537
AGTCTG	11.0	4466.8	-0.536
CTGCTA	18.0	3482.0	-0.536
AACTGT	18.0	4810.1	-0.536
GGCAGG	22.0	5741.2	-0.535
GGCTCT	23.0	4333.6	-0.535
GACGCG	2.0	416.4	-0.534
GATCCA	21.0	3856.8	-0.533
CAAAAG	27.0	5917.8	-0.532
AGCAAA	29.0	6010.7	-0.531
GCCAAT	14.0	2498.8	-0.531
CAGTGT	24.0	5448.8	-0.530
TGCATG	23.0	4253.2	-0.529
AACCAT	20.0	3816.8	-0.529
CTAGTA	13.0	2307.6	-0.528
TGCTCA	25.0	5094.0	-0.528
CGGACA	4.0	561.3	-0.528
GGTTAT	17.0	3083.9	-0.528
CTCTGG	23.0	6232.9	-0.527
TTTATC	40.0	7843.0	-0.527
CTTTGT	47.0	10449.5	-0.526
GTCGGT	4.0	562.8	-0.526
AGAAAG	48.0	8874.0	-0.526
CAGCTA	27.0	5545.9	-0.525
CTGTCT	45.0	8266.7	-0.522
TTACTC	23.0	4264.9	-0.522
AGCGTG	7.0	1150.9	-0.522
CATAGA	17.0	3091.3	-0.521
CGGCTA	5.0	1897.5	-0.520
AGGTCG	5.0	763.8	-0.518
CTTCGG	7.0	1153.6	-0.517
CATACA	18.0	3291.2	-0.517
CATCTC	31.0	5921.0	-0.515
TAAGGC	11.0	2322.0	-0.515
ATGTGC	17.0	4139.4	-0.515
TCGAAT	5.0	930.0	-0.514
TGTCGT	6.0	961.3	-0.514
ACATAA	24.0	4473.9	-0.513
GAGGTG	21.0	4735.5	-0.513
AAAACA	50.0	11240.1	-0.512
CACTTT	46.0	9432.3	-0.511
ATAGGA	16.0	3158.1	-0.511
ATCAAC	12.0	2427.5	-0.510
ACTCGG	5.0	1273.0	-0.510
CAGTAA	11.0	4060.2	-0.510
ACACCA	20.0	3748.4	-0.509
AAAGAG	18.0	6891.8	-0.509
GGCACC	17.0	3105.3	-0.509
ACGCAG	6.0	964.2	-0.509
CCAGAT	20.0	3935.2	-0.509
TGTCTC	40.0	7478.4	-0.508
CTGTCG	13.0	2327.1	-0.508
AGTGCG	3.0	868.5	-0.507
GCTGAA	20.0	4790.2	-0.507
TAATCG	4.0	572.9	-0.506
GGTCGG	2.0	752.2	-0.504
GGCCCA	17.0	3111.6	-0.504
TGAGTC	20.0	3700.9	-0.503
GGCGGG	12.0	2764.9	-0.502
AGGCCC	16.0	2920.3	-0.501
GCGAGG	7.0	1165.7	-0.501
TGACAC	10.0	2919.0	-0.498
ACGTAA	5.0	820.2	-0.497
ATTTAC	33.0	6087.3	-0.497
ATATCA	20.0	3708.8	-0.497
TTAATC	24.0	4496.0	-0.497
AATGAG	28.0	5289.2	-0.497
GCCGTA	1.0	399.3	-0.497
CTAGAG	18.0	3317.5	-0.496
TATGGA	18.0	3317.2	-0.496
GTCTAA	13.0	2340.1	-0.496
TTCCAC	22.0	5043.7	-0.496
AGCACT	18.0	5216.3	-0.495
GGAAGC	19.0	3961.0	-0.493
AAGAGC	19.0	3725.0	-0.493
GCACTG	18.0	3454.7	-0.492
TAGATA	21.0	3914.6	-0.490
CGTATC	2.0	497.2	-0.490
GAATAA	27.0	5202.7	-0.490
AAGAAG	37.0	6905.6	-0.490
ACTCAG	18.0	4729.8	-0.488
AGTTCT	37.0	6908.4	-0.488
ATACAT	27.0	5106.5	-0.487
CTGTCA	35.0	6507.6	-0.487
GACAAG	12.0	2999.9	-0.486
ATGGTG	24.0	5902.7	-0.486
GGTATA	13.0	2351.8	-0.485
GTTATC	9.0	2389.5	-0.484
CTCTCA	19.0	5677.2	-0.484
CGTTCC	6.0	981.1	-0.484
GTGGAC	7.0	2091.3	-0.484
TTCAGC	25.0	5515.7	-0.483
TGTTTC	44.0	10188.6	-0.483
TAGGAA	16.0	4729.9	-0.482
TTTTCT	179.0	34415.2	-0.482
GACGAG	5.0	785.5	-0.481
CAGCGT	3.0	1194.0	-0.481
ACTTAA	22.0	4943.3	-0.478
TAAACA	22.0	5879.3	-0.477
GAGTGT	19.0	3538.9	-0.477
CGGTAA	2.0	615.6	-0.476
CACGAC	4.0	606.0	-0.475
GAGGGA	21.0	4680.7	-0.473
GCAAAG	20.0	4156.7	-0.472
TTATTG	38.0	7934.9	-0.472
ATTGTC	16.0	3499.2	-0.471
AAGACC	14.0	3347.8	-0.470
CGAAGA	5.0	866.6	-0.470
ACGCCA	9.0	1585.3	-0.467
ACCGTT	4.0	874.2	-0.467
CTCAAT	18.0	3758.2	-0.467
AGATAA	23.0	5462.8	-0.466
CATTAT	27.0	5141.6	-0.466
GTTTGA	20.0	6074.4	-0.465
GGACCT	7.0	2456.0	-0.465
GCAACA	18.0	3465.7	-0.464
CCTTCA	29.0	5543.7	-0.464
TCCTTA	26.0	4946.0	-0.463
CATTGG	17.0	3163.2	-0.463
ATACGA	1.0	563.0	-0.462
CAAAAA	59.0	12072.4	-0.461
TCTACA	20.0	3757.1	-0.461
ATTAAA	49.0	9221.0	-0.459
ACCGGG	2.0	835.5	-0.459
GGATAT	11.0	3397.3	-0.459
GGTTAC	5.0	2085.2	-0.457
TGGCCA	40.0	7579.7	-0.457
GAGAGA	35.0	6564.1	-0.456
ACTCAC	8.0	3152.4	-0.456
ACTAAA	27.0	5157.8	-0.456
GCGACC	1.0	638.6	-0.455
GCTGTG	32.0	5965.2	-0.452
CGTCTG	7.0	1203.8	-0.452
CCTTCC	49.0	9237.2	-0.452
CGGCGA	3.0	397.8	-0.450
ATTAAT	37.0	6981.1	-0.450
AGGCCT	21.0	4115.6	-0.450
TCCAGT	24.0	5199.0	-0.450
GTTGTC	15.0	3006.1	-0.449
CCGACA	4.0	604.9	-0.449
CTGGAT	20.0	5202.5	-0.449
CGTTGA	3.0	742.0	-0.448
TGACCA	14.0	3463.5	-0.447
CACAGC	20.0	4431.0	-0.446
GTGAAT	17.0	4516.7	-0.446
CCGGTC	4.0	687.1	-0.444
AAGGGT	14.0	3190.4	-0.444
GGACCG	1.0	648.3	-0.443
GCCGGG	13.0	2573.9	-0.443
GGTGGT	20.0	4387.9	-0.442
AGCCAC	26.0	7614.1	-0.442
CAAATA	34.0	6390.7	-0.441
CACTTG	22.0	4655.0	-0.441
GTAGGC	7.0	1607.9	-0.441
TAATGG	16.0	3662.8	-0.439
GCGAAG	1.0	756.9	-0.439
GCGAAC	3.0	431.6	-0.439
TAGCAA	12.0	3554.4	-0.438
GGCCAA	12.0	3992.6	-0.438
AAAAGG	29.0	6537.6	-0.438
GCACGC	6.0	1015.0	-0.437
TGACAT	14.0	4362.1	-0.436
CTATGT	23.0	4394.1	-0.434
GCCCAC	20.0	3797.9	-0.434
TCGGTT	6.0	1018.5	-0.433
ATTCTG	34.0	7697.1	-0.433
CGACCA	2.0	526.5	-0.431
TGGGCG	4.0	1979.8	-0.431
AATTTC	42.0	8990.0	-0.430
ACGAGA	3.0	846.3	-0.430
ATCATC	17.0	3207.7	-0.430
ACAACA	16.0	4179.4	-0.430
AGGACA	13.0	3794.0	-0.430
ATGCAT	19.0	4142.1	-0.429
CCGGCC	9.0	2566.0	-0.428
GGGACC	13.0	2417.4	-0.427
AGCAGC	20.0	4254.4	-0.427
AAGAGA	38.0	7240.4	-0.427
GGATCT	16.0	3013.9	-0.426
GAGGTC	18.0	3410.1	-0.426
ATTTAT	51.0	15427.4	-0.425
ATGCTT	29.0	5616.0	-0.424
GATGAA	16.0	4755.9	-0.423
AGTGCC	13.0	3109.0	-0.423
AGTTTA	35.0	6630.0	-0.423
ACATCA	17.0	3566.4	-0.423
TGTATT	68.0	12913.1	-0.423
AGTCCA	17.0	3217.0	-0.422
AACGGA	5.0	825.8	-0.420
CTTCGT	7.0	1230.6	-0.420
ACATAG	17.0	3221.3	-0.419
ATCATG	20.0	4226.6	-0.419
GTTATT	22.0	6700.9	-0.418
AGGAAC	18.0	3423.5	-0.418
TACGAA	4.0	623.8	-0.417
AGCCGA	2.0	1388.4	-0.416
CGCTGG	6.0	1508.9	-0.416
TAACAA	23.0	4607.7	-0.414
GCCCGT	5.0	830.2	-0.413
GTGAAC	13.0	2843.1	-0.413
CGGGAA	7.0	1236.6	-0.413
CATGTA	21.0	4029.9	-0.413
ATCTTC	24.0	5019.2	-0.412
GGTGAC	16.0	3033.4	-0.411
AGTACC	10.0	2016.1	-0.411
CTTGAT	21.0	5032.0	-0.410
TATTGA	30.0	5877.5	-0.408
GCTACC	10.0	1844.7	-0.406
GATGAC	14.0	2642.8	-0.406
TCCTCG	4.0	1374.7	-0.405
CTATCC	11.0	2045.8	-0.405
CGAGCC	6.0	1041.0	-0.405
TCACAA	22.0	4288.1	-0.405
AGCCAT	22.0	4242.3	-0.405
GCCATC	16.0	3043.1	-0.405
ATGACT	19.0	3965.1	-0.404
GAGCGG	6.0	1043.9	-0.404
CACTGT	34.0	6464.0	-0.404
CCAGAC	14.0	3358.8	-0.403
TCCTGT	31.0	6800.4	-0.403
TATATG	25.0	4847.4	-0.403
GGTAAA	14.0	3820.0	-0.403
GGTGCG	8.0	1797.8	-0.402
AAACTA	19.0	5040.1	-0.402
TAGCCA	22.0	4247.1	-0.402
GCCAAG	15.0	4189.8	-0.401
GTCGTC	4.0	633.1	-0.401
CGCTCT	15.0	2848.6	-0.401
AATGCG	2.0	672.8	-0.401
CAGTCA	19.0	3647.1	-0.401
ACACTG	19.0	4363.9	-0.401
GGACAT	15.0	2849.1	-0.400
AGCGGA	4.0	784.2	-0.400
TCTGAA	36.0	6881.3	-0.400
TGTATG	24.0	4652.3	-0.399
GGTAGT	13.0	2452.6	-0.399
GGGTGT	15.0	3309.0	-0.399
GAGGAC	12.0	2591.2	-0.398
CACGCG	2.0	482.1	-0.396
TCTTTA	42.0	10318.0	-0.396
GTCCTT	25.0	4860.5	-0.396
CGCTAC	3.0	499.1	-0.395
AGGCAT	26.0	5821.9	-0.395
CATTCT	44.0	8542.3	-0.394
AGTCTA	14.0	2659.4	-0.394
GTTGCC	30.0	5876.8	-0.393
GTGTCG	2.0	747.7	-0.393
GAAAGA	37.0	7622.1	-0.393
CCTCTT	39.0	8099.5	-0.393
GTCTTT	47.0	9260.7	-0.393
CTACAG	16.0	5261.0	-0.393
GAGGTA	14.0	2660.9	-0.393
ACAGCA	23.0	4464.5	-0.392
GTAGGG	11.0	2061.9	-0.392
ACAGAT	23.0	4848.6	-0.391
TATTTA	57.0	14460.8	-0.391
AGAGGT	23.0	4468.9	-0.390
ACAGAC	18.0	3465.0	-0.390
CCTATA	13.0	2470.2	-0.390
CACATA	20.0	3866.2	-0.390
GTGAGG	14.0	3953.5	-0.389
GTTTCC	29.0	6807.7	-0.388
AACGGT	4.0	642.8	-0.387
ATATTG	24.0	5288.2	-0.387
GGAAAC	16.0	4290.4	-0.387
TGGGTA	8.0	3566.6	-0.386
GCTTTA	22.0	4904.9	-0.386
CACTCG	5.0	852.6	-0.385
AGAGAG	36.0	6913.7	-0.385
ACCAGG	13.0	3519.4	-0.384
GCCGCG	2.0	828.3	-0.383
GTGAAA	33.0	6303.3	-0.383
CTCGTC	3.0	991.8	-0.383
TGTGCT	25.0	5600.1	-0.383
CACAGT	24.0	4682.4	-0.383
GGATCG	3.0	635.9	-0.383
TGAATA	31.0	6100.3	-0.383
TAGAAT	28.0	5493.5	-0.381
TTGACT	23.0	5202.6	-0.381
TCAGTA	22.0	4282.0	-0.381
GATAAG	14.0	2676.3	-0.381
GAATTC	16.0	4424.2	-0.380
AGCGAG	8.0	1540.8	-0.380
ATCCCT	20.0	3882.4	-0.379
ATTTCT	73.0	15569.7	-0.379
AGATAC	14.0	3030.7	-0.379
ACTTGG	17.0	4600.7	-0.379
TTTCCA	54.0	11579.3	-0.378
GAGTCG	2.0	778.1	-0.377
TTCCTA	25.0	6363.8	-0.377
GGTGTC	11.0	2800.3	-0.376
CCATAA	15.0	2883.3	-0.376
GACGTG	6.0	1066.3	-0.375
GTCGAC	2.0	331.3	-0.375
TTTATT	141.0	29956.6	-0.375
GAACAG	13.0	3525.0	-0.375
GACGGT	4.0	651.6	-0.374
GGCCGG	7.0	1902.4	-0.374
AGGTAA	21.0	4094.1	-0.373
TATCCA	18.0	3490.3	-0.373
ATCCGT	3.0	680.1	-0.373
TGCTAA	20.0	3894.3	-0.373
ATCCAG	20.0	3895.7	-0.372
ACAGGA	22.0	4298.0	-0.372
GTGAGT	20.0	3897.8	-0.371
TGCTTA	23.0	4711.1	-0.369
GCACCA	16.0	3775.1	-0.369
AAGAAT	22.0	7058.4	-0.368
TCTAAA	30.0	6099.4	-0.368
ATGAGT	21.0	4103.3	-0.368
GTAAGT	15.0	3655.1	-0.368
GAGAGC	10.0	3026.4	-0.367
CAAGGA	20.0	4141.9	-0.367
GGATGA	14.0	3507.6	-0.366
AATCCG	4.0	657.1	-0.366
CCAATC	12.0	2294.7	-0.366
TGCATT	38.0	7369.2	-0.365
TGTAAA	39.0	7576.0	-0.365
TCAAAT	26.0	6808.9	-0.365
GACCAC	9.0	2293.8	-0.364
ACTCTA	15.0	3039.3	-0.363
CAATCA	17.0	3305.6	-0.363
TGAGAC	42.0	9089.1	-0.363
TAGAGG	16.0	3105.8	-0.362
TGGTTA	22.0	4316.5	-0.362
CGACGT	1.0	219.5	-0.361
AACATA	24.0	4722.7	-0.361
TTGGAA	33.0	7230.2	-0.361
GGCAGA	25.0	5145.9	-0.361
GAGGCT	15.0	5927.8	-0.360
CCCTAC	5.0	2138.6	-0.360
GTGGAA	13.0	4444.2	-0.360
AGAGTT	21.0	6002.3	-0.359
GGGTGG	26.0	5132.7	-0.359
AGTTTC	40.0	8386.3	-0.358
GAGGGT	16.0	3111.6	-0.358
AGTCAA	17.0	3314.0	-0.358
GGCACT	10.0	2833.6	-0.357
TAATTG	24.0	5098.7	-0.353
TCCCAT	26.0	5146.2	-0.352
ACGACA	2.0	607.7	-0.352
GCTCTT	32.0	6169.9	-0.351
GCGGTC	2.0	563.3	-0.350
CCATTG	21.0	4137.6	-0.349
GTGGTG	36.0	7317.4	-0.349
ACAATG	20.0	3937.9	-0.348
AACCAG	18.0	3838.7	-0.348
GGCTGT	17.0	4457.1	-0.347
GTCGTG	4.0	671.3	-0.346
TACTCA	19.0	3737.4	-0.346
CAGAGC	25.0	4955.8	-0.346
GGTCCC	12.0	2321.9	-0.346
AACGAG	3.0	821.4	-0.346
AAAATA	63.0	15784.9	-0.346
ATGAGA	26.0	5160.4	-0.345
AGCCCA	21.0	4144.4	-0.345
TTACGT	5.0	1147.8	-0.345
GACATC	9.0	2158.7	-0.345
GGATAG	10.0	1916.1	-0.344
TAGCTA	8.0	3157.6	-0.344
CCCGCT	4.0	1373.9	-0.344
CACAGA	26.0	5163.6	-0.344
CTTAAT	24.0	5209.4	-0.343
GCTTGA	18.0	4085.9	-0.342
AGGTGG	27.0	5472.8	-0.342
ATTCCA	28.0	5574.1	-0.342
TTTCAT	69.0	13383.0	-0.342
GGTACC	6.0	1603.0	-0.341
CGCAGT	6.0	1191.1	-0.341
TCGTGT	6.0	1098.9	-0.340
AAACGC	5.0	914.6	-0.340
CACAGG	16.0	4337.0	-0.340
CCTTGG	30.0	5991.5	-0.339
TCATCC	12.0	3882.3	-0.339
TGTCTA	19.0	3751.2	-0.339
ACGCTG	2.0	1146.5	-0.338
TAGGTG	16.0	3145.1	-0.337
GTAGGA	13.0	2538.8	-0.336
ACCGTC	4.0	679.5	-0.336
TAACAC	12.0	2734.4	-0.335
CCACAC	23.0	4571.7	-0.335
CTGTTG	26.0	7208.1	-0.334
ACGAGG	6.0	1104.9	-0.334
AAAATT	80.0	15400.2	-0.334
TATACA	17.0	4301.4	-0.333
ACAACG	4.0	742.2	-0.332
GGCGCT	4.0	1145.5	-0.332
TAGTGG	16.0	3155.4	-0.331
CACTAG	7.0	1988.1	-0.331
GGAGCT	20.0	3970.0	-0.330
CGGAGA	6.0	1109.7	-0.329
CGCAGA	5.0	899.2	-0.328
CAAAAT	42.0	8296.4	-0.328
GCCAGA	18.0	3568.6	-0.327
TAGTTC	18.0	3568.5	-0.327
AGCCTG	38.0	7464.8	-0.327
CCCAGA	15.0	5393.7	-0.327
CGTTAG	2.0	686.2	-0.327
TTGGTT	35.0	8758.6	-0.326
CTATGC	11.0	2145.6	-0.326
TGTGTT	46.0	9764.2	-0.324
TGTGAA	25.0	6647.5	-0.324
CAATTC	22.0	4765.4	-0.324
GTCCCG	2.0	877.9	-0.324
CTACAC	6.0	1950.6	-0.323
TCAGCA	21.0	5027.6	-0.323
GAACCA	15.0	3157.0	-0.323
CATCCA	16.0	3846.2	-0.322
ACTGTG	29.0	5825.9	-0.322
CTAACA	14.0	3089.0	-0.321
GTCCCT	18.0	3580.0	-0.321
TCTGGA	29.0	6039.3	-0.320
ATTCAA	19.0	5791.6	-0.320
CACCAG	19.0	3785.7	-0.320
CTTTAC	20.0	4546.7	-0.319
ACCCAT	9.0	2915.9	-0.319
ACGCCC	5.0	2025.2	-0.319
ATCCCG	4.0	805.2	-0.318
GAGTTA	15.0	3211.6	-0.317
AATGGT	18.0	4792.9	-0.316
ACTCTC	19.0	3794.0	-0.316
CCATTC	27.0	5429.1	-0.316
ATTGAT	28.0	5637.0	-0.315
TGCACT	24.0	4817.6	-0.314
TCAGTC	12.0	3761.1	-0.314
CTGAGG	36.0	7085.9	-0.313
GCCTAG	11.0	2839.5	-0.313
TTCGTC	2.0	810.5	-0.312
TCAATG	16.0	3384.6	-0.310
CTTCTT	35.0	11507.4	-0.309
AGCTAG	10.0	2765.2	-0.309
CCCGGC	21.0	4241.2	-0.308
TAATCC	22.0	5026.3	-0.307
TCATTT	75.0	14611.8	-0.307
GGGGGC	14.0	2789.6	-0.306
TAATTC	23.0	5315.2	-0.306
TGATGT	28.0	5753.1	-0.306
AACCCG	4.0	1132.7	-0.306
GCAGCG	4.0	1293.6	-0.305
ATTCAG	27.0	5453.3	-0.305
GGAGCA	13.0	3262.1	-0.303
ACGCGC	3.0	483.0	-0.302
GTAGTC	9.0	2194.0	-0.302
TGTGAG	30.0	6079.0	-0.302
CCTTGT	24.0	5392.0	-0.302
TACACG	4.0	707.8	-0.301
GCCGAA	4.0	707.2	-0.301
AAGAGG	14.0	4929.1	-0.301
TAAGGG	13.0	2593.1	-0.301
AGGAGA	29.0	6563.7	-0.300
TACAAA	29.0	7000.9	-0.300
CCCCGC	11.0	2183.7	-0.300
GCAGGG	13.0	3964.9	-0.300
CTTTAT	34.0	9498.8	-0.300
ACAGGC	44.0	9232.6	-0.299
ACGACC	2.0	457.6	-0.298
GCCGAG	12.0	2391.5	-0.298
TCTACT	20.0	4900.8	-0.298
GTTTAT	30.0	7620.5	-0.298
AGTTCC	14.0	3938.3	-0.298
AAAACG	7.0	1683.0	-0.298
CTGACA	19.0	3828.5	-0.297
ATTTGG	31.0	7313.0	-0.297
AGACAA	23.0	4649.5	-0.297
ATAGTT	20.0	5414.6	-0.297
ACTTTG	39.0	8382.3	-0.293
AGCGCG	3.0	613.2	-0.293
CGCGGG	4.0	951.0	-0.293
CAGGAA	30.0	6102.4	-0.292
TTATTT	156.0	30958.1	-0.292
ATAATC	11.0	3588.2	-0.292
AATACC	9.0	3095.4	-0.291
CGGTGG	2.0	1863.2	-0.291
TATAAA	42.0	8403.5	-0.291
TCAGGA	30.0	6109.1	-0.290
ACATTC	21.0	4254.6	-0.290
GGTACG	1.0	449.3	-0.290
ACAGTT	26.0	5284.8	-0.289
AAAGGA	36.0	7150.3	-0.289
CACGGG	5.0	938.4	-0.288
CTATTG	16.0	3510.2	-0.287
CTCATT	38.0	7574.6	-0.287
TCCAGA	19.0	5433.5	-0.287
AGTTAT	17.0	4813.6	-0.285
GATACC	3.0	1721.6	-0.285
CGTTTA	5.0	1291.3	-0.285
TCGTCG	1.0	256.4	-0.285
GTAAAA	20.0	6307.9	-0.285
GTGCCG	1.0	928.3	-0.284
TGCGGA	4.0	722.3	-0.284
TAATCA	14.0	3957.3	-0.284
CTAAAA	35.0	7199.1	-0.284
CAGTCG	4.0	723.2	-0.283
GGCTGC	18.0	4712.1	-0.282
GATATA	14.0	3265.0	-0.282
CTTCCA	35.0	6962.6	-0.282
ATTACC	11.0	2879.1	-0.281
TTGCAC	18.0	3657.6	-0.281
GTAAAC	12.0	2695.4	-0.280
AGTATC	13.0	2628.2	-0.280
CAATAA	19.0	4539.9	-0.279
CGACCG	1.0	259.9	-0.279
GGTGTG	29.0	5931.4	-0.279
ATTGTG	24.0	5534.2	-0.278
TGGCTA	27.0	5520.9	-0.277
AGTTGC	12.0	3115.3	-0.277
ACATGA	16.0	4055.3	-0.277
TACTTA	14.0	4292.0	-0.277
TAGTAT	19.0	3990.5	-0.277
AAGATA	23.0	4973.8	-0.277
CCCTGC	21.0	5260.6	-0.276
GAGGAG	26.0	5317.0	-0.276
CAATAT	15.0	4144.3	-0.276
TATACG	3.0	504.8	-0.274
TTGGGT	21.0	5277.0	-0.274
ATATTA	32.0	6362.0	-0.273
CCCTTC	28.0	5741.7	-0.272
GGTAGA	8.0	3063.7	-0.272
TGCACA	20.0	4387.3	-0.271
CTGAAC	15.0	3446.0	-0.271
GAGCGC	3.0	1064.3	-0.271
TCGCTA	1.0	597.8	-0.271
TGCTAT	16.0	4524.1	-0.270
TGCGAG	2.0	746.4	-0.269
ACAAAG	26.0	5374.7	-0.269
ATGCGT	3.0	786.1	-0.269
CCATGA	18.0	3683.3	-0.268
GACCCC	10.0	2317.1	-0.267
TTGGAT	24.0	5350.8	-0.266
ATAGCG	1.0	510.0	-0.266
GCAGTC	13.0	2768.6	-0.266
GGCCCT	16.0	3275.8	-0.265
TATCAT	21.0	4311.6	-0.264
TTCTTT	132.0	34417.1	-0.264
GATATT	28.0	5763.3	-0.264
AGCATG	19.0	3964.3	-0.263
GGGTGC	12.0	2666.4	-0.263
GGGAAC	9.0	2768.2	-0.263
TACGGG	3.0	574.5	-0.262
CATTCG	2.0	774.9	-0.261
GCGTGG	6.0	1740.6	-0.260
GAATCC	13.0	2663.9	-0.260
ACCTTG	21.0	4898.2	-0.260
AAACCG	2.0	1011.2	-0.260
TCATTA	26.0	5358.3	-0.260
ATAATG	20.0	4801.6	-0.259
CGGTCG	1.0	271.5	-0.259
ACAGTC	15.0	3083.2	-0.258
AATGGA	25.0	5183.3	-0.257
CCACAG	24.0	4950.1	-0.257
TCATCG	4.0	749.7	-0.257
GGCCAT	11.0	2845.8	-0.256
CACATG	20.0	4123.1	-0.256
GACCAA	12.0	2556.0	-0.256
ACTATT	21.0	4621.4	-0.255
GTTGAT	19.0	3918.9	-0.255
TAGGTC	7.0	2064.9	-0.255
AAACCC	17.0	4547.0	-0.254
GCGTGC	6.0	1195.8	-0.253
TGTCTG	32.0	6419.6	-0.253
GTCTGC	14.0	2888.0	-0.252
GTAGAA	17.0	3968.1	-0.252
CACGCA	5.0	978.5	-0.251
GCATCA	12.0	2642.1	-0.250
CCTAGG	13.0	3437.5	-0.249
CAGGGG	17.0	3518.0	-0.249
TTAGGC	11.0	2464.3	-0.248
GTTGCT	22.0	4557.0	-0.248
GACGCA	1.0	624.6	-0.248
GGTCGA	3.0	527.0	-0.248
TCCGCA	1.0	811.5	-0.248
CGGTAG	3.0	527.5	-0.247
AGAGAC	25.0	6918.0	-0.247
GGCGTG	20.0	4358.7	-0.246
ACTGTT	26.0	5715.3	-0.245
AGGTTG	16.0	5111.5	-0.245
CAACAA	20.0	4406.5	-0.245
AACATT	37.0	7548.2	-0.244
CATTAG	15.0	3111.3	-0.244
GTTGTG	18.0	3739.7	-0.242
TTATCT	30.0	7336.1	-0.242
TCCGTC	7.0	1427.5	-0.242
GGGCGA	3.0	1219.2	-0.242
CCCATT	22.0	5283.2	-0.242
AGAAGA	29.0	7351.5	-0.240
TAATTA	34.0	6879.0	-0.239
TTGCCC	34.0	7239.5	-0.239
GCGCTG	5.0	1356.1	-0.239
CCTTCT	35.0	8706.1	-0.239
TCGGGA	2.0	1396.8	-0.239
TTCGGC	3.0	896.1	-0.238
ATTGGT	17.0	4221.0	-0.237
TTGCCA	24.0	5470.1	-0.236
AGGGTC	16.0	3337.9	-0.236
ACCAAT	14.0	2920.6	-0.236
GCTACT	12.0	3698.2	-0.235
ATGTCA	15.0	4184.0	-0.235
TATCCC	9.0	2589.9	-0.235
ATTTCA	50.0	10365.2	-0.235
CCTTTA	29.0	6053.8	-0.235
GCTGCA	23.0	4800.2	-0.235
AGCCCC	9.0	3490.7	-0.235
TTAGGT	13.0	4316.6	-0.234
GTGTCA	17.0	3551.4	-0.234
CAGCCA	24.0	5012.6	-0.233
CTGATG	22.0	4918.8	-0.232
GCATAG	7.0	2066.8	-0.232
TTTCTT	148.0	35603.3	-0.232
CCATCT	30.0	6351.3	-0.231
CGTCAT	4.0	776.7	-0.231
CTTAGG	12.0	3196.2	-0.231
CTTTGA	29.0	7434.5	-0.230
GGCCGT	4.0	777.9	-0.230
TTAATG	30.0	6277.4	-0.230
GGCGGT	1.0	874.7	-0.230
CAACGC	3.0	544.8	-0.228
ATCAAT	18.0	3779.4	-0.226
GTTAGT	12.0	2890.5	-0.226
ATATCC	10.0	2994.1	-0.225
CCCGGA	6.0	1234.7	-0.224
ATTCTA	26.0	5462.8	-0.223
CTCTCG	7.0	1456.1	-0.223
TGGAGG	27.0	5673.6	-0.222
TATAGC	9.0	2363.6	-0.222
TCGTTC	5.0	1016.9	-0.220
AGTTAA	23.0	5161.3	-0.220
TCTGCA	19.0	5968.8	-0.220
AGACCC	14.0	2954.7	-0.220
CTTAGT	14.0	3630.0	-0.218
TTATTC	26.0	7284.3	-0.218
CCAGCC	25.0	8102.2	-0.218
CCATCC	19.0	4009.5	-0.218
CGCGTC	1.0	492.1	-0.217
GTTTGC	17.0	4611.2	-0.217
AGGCGG	11.0	2325.5	-0.217
GCATTC	14.0	3217.9	-0.216
TGTCCT	20.0	5960.3	-0.216
ACAAAT	29.0	6310.7	-0.216
AGACCG	4.0	795.1	-0.215
ATGGGT	15.0	3178.8	-0.214
CATAAG	12.0	2545.6	-0.213
TGCCCA	45.0	9095.1	-0.213
CATAGG	10.0	2242.3	-0.212
TTGTGC	14.0	4080.9	-0.212
ACCCGC	5.0	1515.8	-0.211
ACAATC	13.0	2976.4	-0.211
CAACAG	18.0	3816.8	-0.211
CCGATG	1.0	556.0	-0.211
TCATAT	24.0	5077.0	-0.211
AGAGGA	21.0	5375.4	-0.210
CAGATA	19.0	4028.5	-0.210
ACCATT	20.0	4808.6	-0.210
CGGTAC	2.0	305.3	-0.210
TGTCAA	18.0	4134.0	-0.209
ATAAGA	13.0	4226.4	-0.209
CTCGTT	3.0	1322.1	-0.208
ATCCAT	20.0	4247.1	-0.207
TGCAGG	19.0	4667.6	-0.207
AGGTAG	15.0	3195.7	-0.207
AATGTA	23.0	5670.2	-0.206
TAGGTT	16.0	4364.9	-0.206
TCATCT	31.0	6571.5	-0.205
CGGCAT	3.0	669.3	-0.204
GAAGAA	34.0	7625.2	-0.204
GCTAGC	3.0	1610.3	-0.203
CGACAG	5.0	1042.5	-0.202
CGGAGG	7.0	1489.4	-0.202
GAACGG	3.0	643.6	-0.201
TATGAC	5.0	2344.4	-0.201
CTTGCT	39.0	8074.1	-0.201
GTTATA	15.0	3210.7	-0.201
CACGGT	3.0	1180.1	-0.200
TCTCTT	65.0	13079.7	-0.200
CCTGTA	27.0	5742.9	-0.200
CATATA	20.0	4268.3	-0.200
CCACGC	9.0	2896.0	-0.199
TCTATT	37.0	7656.3	-0.199
CCTACA	12.0	2577.2	-0.199
AGCAGG	16.0	4223.0	-0.198
ATCCTT	26.0	5537.5	-0.198
TGCTCG	1.0	903.2	-0.198
GACTGT	16.0	3429.2	-0.198
GCGTCG	1.0	315.5	-0.197
AAATAT	57.0	11678.3	-0.197
CAGTTA	18.0	3855.0	-0.196
CACGTA	2.0	923.0	-0.196
GCGCAT	3.0	665.1	-0.196
GTCCGT	1.0	640.7	-0.195
ATTGCT	28.0	5972.1	-0.195
TCGTTA	4.0	820.7	-0.195
AAAATC	29.0	7117.2	-0.194
TGCTTT	64.0	12888.8	-0.194
ACCCAG	35.0	7247.7	-0.194
AGCTAC	13.0	3452.1	-0.194
TGGAAG	23.0	6095.3	-0.194
GCCGGA	3.0	890.1	-0.194
CCCTAG	11.0	2373.3	-0.194
CACAAG	12.0	3027.0	-0.193
ATTTCG	5.0	1198.0	-0.193
TACCAT	14.0	3779.1	-0.192
CTGTAG	12.0	4603.9	-0.192
CATCGT	4.0	878.7	-0.192
GCTGCG	7.0	1507.9	-0.191
GTTAGA	12.0	2934.1	-0.191
ATAGCC	7.0	1987.8	-0.190
CACCGG	2.0	845.0	-0.190
GGCCGC	6.0	1287.4	-0.190
TAGTTG	15.0	3542.2	-0.189
TGTATC	14.0	3659.8	-0.188
GGAAGT	15.0	4509.7	-0.188
TCACTT	30.0	7519.3	-0.188
TTAATT	66.0	13369.9	-0.187
CGTTAT	2.0	783.7	-0.186
GACCCG	4.0	833.9	-0.185
ATCTAA	16.0	3463.4	-0.185
CCGTCT	8.0	2152.7	-0.185
CCACAA	17.0	3755.5	-0.184
TCGTCC	2.0	780.6	-0.184
GCATGG	12.0	3289.3	-0.184
CTTTAG	24.0	5230.9	-0.183
CATCAT	21.0	4529.3	-0.183
CGCAGC	4.0	1153.4	-0.183
AATACA	29.0	6226.9	-0.183
TCCACT	21.0	4531.0	-0.183
CGTCTA	3.0	592.3	-0.183
TGCGTG	6.0	1487.0	-0.182
CGGAGC	5.0	1168.6	-0.182
TTCTCT	75.0	15200.6	-0.182
CTCTAT	19.0	4109.8	-0.182
ATAGTG	14.0	3289.3	-0.182
GTCATT	24.0	5172.6	-0.181
TTATGT	33.0	7131.7	-0.180
ATGACA	19.0	4114.2	-0.180
CCGGAC	3.0	630.8	-0.180
CAGAGG	24.0	5179.7	-0.179
TCTACG	3.0	598.1	-0.179
TGTGGA	14.0	5012.0	-0.178
GCGACT	3.0	600.9	-0.178
CCTGTC	21.0	4953.2	-0.177
CATTGT	26.0	5610.9	-0.177
CCCACA	16.0	4006.0	-0.177
GCCACT	21.0	5442.2	-0.177
TCTCTA	31.0	6678.5	-0.176
GGACAC	6.0	2237.6	-0.176
CAGACA	19.0	4127.6	-0.176
CATGGG	14.0	3143.3	-0.176
TCTAAT	23.0	4978.8	-0.175
AGGACC	11.0	2417.3	-0.175
GTGGCT	29.0	6260.8	-0.174
TCCTTG	29.0	6262.9	-0.173
TATGCT	17.0	3710.3	-0.173
CGTCGT	1.0	338.0	-0.172
ATTGCC	15.0	3286.2	-0.172
AACTCT	25.0	5423.1	-0.170
GCTGTC	14.0	3077.2	-0.170
TTATGC	15.0	3293.9	-0.169
CAGAGA	27.0	6446.0	-0.169
ATTAGT	13.0	4028.0	-0.169
GTGACA	11.0	3865.5	-0.169
CACAAA	22.0	5323.4	-0.169
TGGTGG	26.0	6948.6	-0.168
GTCGCA	1.0	431.7	-0.168
CAAGAC	16.0	3513.9	-0.168
GACAGT	15.0	3409.9	-0.167
CGGACG	2.0	343.0	-0.167
ACCTAG	9.0	2460.7	-0.167
GTCAAA	11.0	3446.9	-0.166
ACGTTG	2.0	1100.7	-0.166
AAGCCC	15.0	3304.6	-0.166
TCCACA	20.0	4374.6	-0.165
AATATC	19.0	4163.0	-0.165
AGAATG	28.0	6082.1	-0.165
GCGTGA	15.0	3366.1	-0.165
CTGCTC	19.0	5433.5	-0.164
TCTTCC	25.0	8950.2	-0.164
TCTCTG	47.0	9751.5	-0.163
CGGGCC	5.0	1103.5	-0.163
ACTTTC	30.0	6520.5	-0.162
GCACTA	4.0	1723.4	-0.162
CGGTCC	3.0	620.1	-0.161
TCGATG	3.0	659.4	-0.160
TCATTG	25.0	5820.7	-0.159
GGTTAG	10.0	2240.2	-0.158
TTAGTG	13.0	4162.6	-0.157
CATTGC	14.0	4088.8	-0.157
CAGGCC	18.0	3974.3	-0.157
GCGACA	4.0	876.4	-0.157
AGAGCC	15.0	3332.3	-0.156
GGGTGA	15.0	3678.8	-0.156
GACATT	15.0	4459.7	-0.155
AGACAG	37.0	8622.1	-0.155
TAATAT	24.0	6675.3	-0.155
GCCCGG	16.0	3554.3	-0.154
CATGGT	18.0	4618.1	-0.154
TGAAAA	36.0	10751.9	-0.154
AGCACG	4.0	882.9	-0.153
CAGGAC	13.0	2911.5	-0.152
TGGACC	8.0	2204.7	-0.152
CGCTAG	1.0	445.9	-0.152
CTAGCC	9.0	2036.9	-0.151
CGGATC	3.0	807.5	-0.151
CGCATG	3.0	758.4	-0.151
CACGAG	5.0	1126.2	-0.151
CTAATC	10.0	2259.2	-0.151
CCTTGC	18.0	3999.4	-0.150
TGGGCC	16.0	3568.6	-0.150
CCGGAG	4.0	1305.6	-0.148
GCGCAG	6.0	1365.8	-0.148
CTTTGG	41.0	8746.0	-0.147
AGCGTC	1.0	756.8	-0.147
AGCCAG	26.0	5729.3	-0.147
GGCCTG	9.0	4594.4	-0.146
CACAAT	14.0	4229.4	-0.145
AACAAT	23.0	5092.0	-0.145
TTTACT	43.0	9668.2	-0.145
GCTGTA	11.0	3152.6	-0.145
AACGCT	1.0	840.7	-0.145
CAAGAG	15.0	4202.2	-0.144
GACACC	9.0	2054.2	-0.144
ATTCGG	3.0	783.2	-0.143
CGACAC	2.0	513.1	-0.143
CCCGCG	4.0	989.0	-0.142
GCCAAC	8.0	2474.4	-0.142
TGTCCC	13.0	3838.2	-0.142
AAGAGT	21.0	4678.3	-0.141
GTATTC	11.0	3123.5	-0.141
GGAGGG	24.0	5325.7	-0.140
CGCCCG	9.0	3036.2	-0.140
GGTGAA	19.0	4253.3	-0.139
CTGCAG	32.0	7399.9	-0.138
GGAAGG	26.0	5769.7	-0.138
GGCGGA	7.0	1652.3	-0.137
GTCATC	8.0	2854.7	-0.137
GCCGCA	1.0	841.5	-0.136
CGGTTG	3.0	657.1	-0.136
TCTGTT	49.0	12355.4	-0.136
GGGGAC	11.0	2523.4	-0.136
GATAGT	9.0	2537.9	-0.135
CTGCAC	15.0	4962.9	-0.135
GGGGCA	13.0	2966.9	-0.135
TCCCTT	37.0	7946.5	-0.134
TGTGCG	5.0	1159.2	-0.134
GTCGAA	1.0	528.3	-0.134
GCAGGC	11.0	3471.4	-0.134
ACATTT	53.0	12197.8	-0.133
GCCCAG	53.0	11241.4	-0.133
GACGTT	2.0	871.1	-0.133
ATATGT	26.0	5819.7	-0.133
TTCTGT	59.0	12372.9	-0.133
TATAAT	23.0	6606.6	-0.132
GATGTC	9.0	2620.3	-0.132
GCTCTA	9.0	2389.8	-0.132
GCCAGT	13.0	3297.5	-0.131
TGGATA	19.0	4284.5	-0.131
CGTCCT	5.0	1167.1	-0.130
TATTTC	44.0	11219.3	-0.129
ACCAGC	18.0	4077.6	-0.129
AGTCCG	1.0	655.1	-0.128
ATTACG	3.0	672.6	-0.127
TACGTC	1.0	496.2	-0.127
GAATAC	11.0	2550.6	-0.127
TAATCT	18.0	4935.5	-0.127
TCAATT	24.0	5893.7	-0.126
TATTCG	1.0	699.2	-0.125
CGGATG	3.0	675.8	-0.125
GGGCAC	7.0	2422.2	-0.125
CTTCCT	47.0	12379.1	-0.125
ATGTGT	29.0	6479.2	-0.125
CCGTTC	4.0	934.0	-0.124
GAGACT	18.0	4862.3	-0.124
AGCCCG	5.0	1181.3	-0.124
CTTCTA	18.0	5288.5	-0.124
TGCGCC	8.0	1884.8	-0.124
ATTCCT	32.0	6919.8	-0.123
CGTGAG	9.0	2883.6	-0.123
ACGGCG	1.0	395.5	-0.123
ACGCGG	2.0	395.9	-0.123
CCCTGT	23.0	5192.2	-0.122
TGGGTC	14.0	3230.3	-0.122
CACTAA	12.0	2789.3	-0.122
GTCGAT	1.0	397.0	-0.121
CTGTAT	22.0	4981.4	-0.121
TTCCCT	44.0	9558.7	-0.120
AGGCCA	19.0	4331.2	-0.120
CGTGTG	7.0	1666.1	-0.119
ATGAAA	36.0	8232.7	-0.119
CTCTAG	11.0	3291.0	-0.119
TACGGC	1.0	401.9	-0.119
TCTATA	17.0	3902.3	-0.118
GAATCA	14.0	3791.6	-0.118
ACGTGG	6.0	1435.7	-0.118
TTACTT	40.0	8706.4	-0.116
GGCGAA	2.0	724.7	-0.116
GCACGG	4.0	953.7	-0.116
GAATAT	20.0	4874.7	-0.116
TCTGCT	33.0	7637.8	-0.115
GCTCGC	2.0	869.1	-0.114
CAGCAA	20.0	4747.5	-0.114
AATCTA	13.0	3584.4	-0.114
GTTGTA	13.0	3415.9	-0.114
TCTTTG	46.0	10916.2	-0.114
GTCCGG	3.0	696.9	-0.114
CATTCA	25.0	5667.9	-0.114
ACAATA	17.0	3922.4	-0.114
CGTGTC	4.0	958.8	-0.113
ATATAC	16.0	3704.4	-0.113
CCACGG	4.0	1085.4	-0.113
TTGCCG	2.0	927.8	-0.113
TCCATC	22.0	5021.6	-0.112
CACTTA	17.0	3931.4	-0.112
TAAAAT	64.0	13420.9	-0.111
CAAAAC	17.0	5561.2	-0.111
GCCTGT	25.0	6016.5	-0.110
AGGCAG	26.0	7208.0	-0.109
CGCTTG	3.0	1371.2	-0.109
ATCCTA	11.0	2950.1	-0.108
TGTCTT	46.0	9871.7	-0.107
CCAGAG	16.0	4996.9	-0.106
TACAAT	18.0	4175.9	-0.106
CGCGGT	3.0	765.3	-0.106
ATTTCC	39.0	8556.5	-0.106
TTAGTT	32.0	7150.4	-0.105
TGAGCC	25.0	8732.1	-0.105
ATGGTT	21.0	4839.2	-0.105
GCTCTC	12.0	3759.4	-0.104
ATCAAA	22.0	5066.2	-0.103
TCTTCA	34.0	7474.1	-0.103
TTGGTG	20.0	5716.3	-0.103
CCCTTT	35.0	8173.0	-0.103
ATTACT	19.0	5033.9	-0.102
ATCTGT	25.0	5729.7	-0.102
ATACCA	12.0	3177.5	-0.102
CCTAGA	11.0	3116.1	-0.102
GACCTG	13.0	3088.2	-0.102
CAACGG	2.0	529.9	-0.100
CGTTGT	2.0	1053.5	-0.100
CGCCAG	5.0	1242.0	-0.100
TAACAT	20.0	4945.2	-0.100
TCCCCT	26.0	6121.4	-0.099
GATGTA	12.0	2899.2	-0.099
GACCGG	1.0	627.4	-0.099
TTTGCT	39.0	12322.8	-0.099
GCTCCA	12.0	3688.5	-0.098
CGGCAC	3.0	729.2	-0.098
CCAATA	8.0	2716.3	-0.098
TCCTTC	47.0	10162.3	-0.098
GGGACG	2.0	867.0	-0.098
GCCGCT	4.0	996.7	-0.097
CGGTTA	1.0	468.1	-0.097
AAATAC	24.0	6924.0	-0.097
GCCACG	5.0	1251.3	-0.096
GCTACG	1.0	439.0	-0.096
GCACTC	11.0	3433.0	-0.096
AAATTA	50.0	11001.2	-0.095
CTTGGG	23.0	5331.3	-0.095
AGTGTG	20.0	4672.7	-0.095
TGGACG	3.0	854.8	-0.094
CATTAC	11.0	2669.8	-0.094
TGCACG	2.0	1087.6	-0.094
CCAGTA	13.0	3125.0	-0.094
AGGCGT	11.0	3036.4	-0.093
TGTGCC	23.0	5343.4	-0.093
CGGCCA	5.0	1262.4	-0.093
CTATTC	16.0	3800.9	-0.092
GGCTAC	7.0	1753.5	-0.091
CGGGCG	5.0	1384.6	-0.091
GCGGGC	5.0	1576.7	-0.091
CGGCCC	6.0	1517.4	-0.090
CGCCGG	2.0	818.5	-0.090
ATTTGC	24.0	6769.7	-0.090
CTAAAC	7.0	2774.9	-0.090
TCTGTA	23.0	6173.8	-0.089
CGCTGT	4.0	1300.1	-0.089
AGTCCC	14.0	3370.0	-0.089
ATATTC	21.0	5068.4	-0.088
TTCCAT	33.0	8029.5	-0.087
GGTTGT	9.0	3773.2	-0.087
GAGAAT	21.0	5501.2	-0.086
CTACCC	8.0	2310.8	-0.086
ATTCCG	1.0	769.0	-0.086
GTCACA	13.0	3160.0	-0.086
AGGATG	16.0	5236.5	-0.085
TATTCA	25.0	5834.8	-0.085
TTGCTG	34.0	7886.2	-0.085
AACCGT	1.0	746.8	-0.084
GCCCCG	7.0	1780.8	-0.084
CGTGCG	2.0	489.4	-0.084
AATTAC	20.0	4736.3	-0.084
GGATCC	7.0	2156.7	-0.084
TGCTGC	21.0	5429.6	-0.084
TTGCTT	51.0	11180.2	-0.083
GCCCCA	14.0	3402.0	-0.083
GCCCAT	8.0	2684.3	-0.082
GTAGTT	16.0	4600.2	-0.082
GAGGCA	23.0	5412.3	-0.082
TGCCGA	2.0	855.3	-0.082
GGTGCC	13.0	3181.5	-0.082
GACCAG	13.0	3604.5	-0.081
ACAGCG	4.0	1042.9	-0.081
AAACAC	15.0	4780.7	-0.081
GTGGCC	12.0	3206.8	-0.081
CGAGGT	5.0	1399.4	-0.081
CCGGTA	2.0	469.0	-0.081
ACACGC	1.0	846.3	-0.080
GGACGT	3.0	773.3	-0.080
GAGACA	36.0	8083.8	-0.080
ACCCTT	12.0	3742.5	-0.080
TCAAAA	37.0	9181.6	-0.080
GATCCC	9.0	2270.5	-0.080
TGTGAC	8.0	3882.7	-0.079
ACATTA	17.0	4127.6	-0.079
GTGTAT	18.0	4319.5	-0.079
GTCTAT	12.0	2968.4	-0.079
ACAGCC	13.0	3370.9	-0.078
GATGTG	17.0	4101.1	-0.078
AGGAGC	15.0	3655.9	-0.078
GTTAAT	18.0	4423.5	-0.078
CGCACA	3.0	782.3	-0.077
CCAGGA	22.0	6481.9	-0.077
CAGCCC	11.0	4540.1	-0.076
GGTTGA	8.0	2854.0	-0.076
TCCATT	31.0	7228.4	-0.076
ACATGG	17.0	4303.4	-0.076
TCGGTA	2.0	480.9	-0.076
CTGCGC	5.0	1730.3	-0.075
AATATA	30.0	7018.4	-0.075
GTCGTT	3.0	853.3	-0.074
GGGCCC	10.0	2529.7	-0.074
TTGCTC	30.0	7021.4	-0.074
AGAATA	23.0	5468.9	-0.074
TCCCTC	20.0	7359.3	-0.074
GTATAT	19.0	4577.4	-0.074
GTCTTC	19.0	4703.0	-0.073
AATCGC	2.0	887.1	-0.073
CGTGGT	7.0	1823.1	-0.073
AACACT	18.0	4357.8	-0.073
CAGCAG	22.0	5255.9	-0.072
TACGTA	2.0	788.8	-0.072
AGGGAC	11.0	2772.5	-0.072
CGGGAC	1.0	839.7	-0.072
GTATGT	17.0	4142.9	-0.072
ATGTAA	22.0	5629.4	-0.072
TACCCT	7.0	2951.3	-0.071
ATCACG	1.0	1187.3	-0.071
TCATCA	20.0	4821.9	-0.071
CTTTCA	35.0	8305.6	-0.071
CTTTCT	70.0	18320.6	-0.070
TCCTAT	16.0	3926.2	-0.070
CTCTGT	59.0	12908.8	-0.070
CGGAAC	1.0	555.7	-0.070
TTCTTC	48.0	12632.0	-0.069
TCCAAT	15.0	3709.6	-0.069
GCAGGA	20.0	4837.3	-0.069
CTATGG	9.0	2326.4	-0.068
TGTATA	23.0	5513.6	-0.068
CATTTC	40.0	9086.9	-0.068
ACCCTA	7.0	2116.6	-0.067
CCAGAA	23.0	5523.5	-0.067
GCGAGC	3.0	813.4	-0.066
GCCACA	11.0	3591.6	-0.066
AACACA	20.0	4857.6	-0.066
GCTTGC	9.0	2921.0	-0.065
ACCCGG	6.0	1767.9	-0.065
ACAATT	21.0	5413.0	-0.065
ATACAA	21.0	5093.9	-0.064
CTGCCC	23.0	5747.3	-0.064
CCGTAG	1.0	588.7	-0.063
CGCGCT	2.0	648.8	-0.063
GTCAGT	12.0	3158.9	-0.063
ACTCAA	13.0	3945.5	-0.062
GCACAG	15.0	3753.7	-0.062
GTGAGC	18.0	6627.0	-0.062
GTCAAT	7.0	2519.7	-0.062
ACACAT	18.0	4438.4	-0.062
AATTTA	33.0	10187.5	-0.061
CGCGTG	2.0	590.0	-0.061
ACTGTC	10.0	3463.1	-0.061
CGACAT	1.0	521.0	-0.060
ATATAT	42.0	9615.6	-0.060
TCTAGG	10.0	3360.4	-0.060
ATCGCT	1.0	1171.2	-0.060
ACGCTC	1.0	742.4	-0.060
GCAGCA	16.0	4000.9	-0.059
GTATAA	12.0	3389.2	-0.059
GTAGGT	7.0	2743.0	-0.059
CTTCGA	3.0	863.0	-0.059
CATCAA	13.0	3314.1	-0.059
CCCTTG	13.0	3895.1	-0.059
CGCACG	2.0	524.5	-0.059
GGACCC	8.0	2138.9	-0.058
GAACCC	11.0	2854.2	-0.058
CGTCCA	3.0	843.9	-0.058
GGTAGG	9.0	2382.6	-0.058
CCCAGC	35.0	10024.7	-0.058
CAGCCG	5.0	1395.3	-0.057
TGCCCG	9.0	2388.3	-0.057
GACCCT	12.0	3099.5	-0.057
ACAGAG	30.0	7663.6	-0.056
ATGTCT	21.0	5655.1	-0.056
CTTGGT	12.0	5066.4	-0.056
CTACGG	2.0	533.6	-0.056
GAGTCC	10.0	2633.4	-0.056
CCAGTC	13.0	3394.6	-0.055
ATAAGG	9.0	2924.5	-0.054
GGGAGC	12.0	3118.5	-0.054
GCCCCT	14.0	3584.1	-0.054
CATCTA	11.0	3252.2	-0.054
GTGCCC	13.0	3354.5	-0.053
GGTGGC	19.0	4732.9	-0.053
AGGCGC	9.0	2415.6	-0.053
CGCTCG	1.0	545.6	-0.052
GGAACC	3.0	2423.0	-0.052
ACAAGG	4.0	3361.4	-0.052
TGTGCA	21.0	5203.4	-0.052
ATGGAT	14.0	4120.8	-0.051
GTCCCC	10.0	2769.2	-0.050
ATCACT	18.0	4665.3	-0.049
CTCGGT	4.0	1165.6	-0.049
AACCGG	1.0	604.3	-0.049
AGTTAG	12.0	3163.6	-0.048
TGTCAT	19.0	5603.9	-0.048
CCGAGA	5.0	1644.9	-0.047
GGGCGC	4.0	1677.2	-0.046
TGCTCT	32.0	8092.1	-0.044
AAGGAG	21.0	5282.8	-0.044
CGCAGG	1.0	1175.3	-0.044
CGCGCA	1.0	579.1	-0.043
CGCGCC	7.0	1989.4	-0.043
ATCACA	17.0	4594.5	-0.043
CCCATC	15.0	4011.8	-0.042
AGAATC	17.0	4386.7	-0.042
CGAGAC	6.0	1742.1	-0.042
CTCTTT	58.0	13793.7	-0.042
AATTAA	34.0	8066.4	-0.042
GGGTCC	5.0	2288.0	-0.041
TCTTCT	52.0	12398.4	-0.041
GTGTGA	23.0	5771.3	-0.041
CTGCGG	2.0	1438.6	-0.041
GCGGCC	4.0	1211.9	-0.041
TAGTTA	15.0	3934.7	-0.040
AGCGCC	3.0	921.8	-0.040
GGGACA	11.0	2991.8	-0.040
TTTCCT	84.0	18558.6	-0.040
AGGACG	3.0	923.7	-0.040
CCCTCA	17.0	4411.7	-0.039
GTCCAG	10.0	3385.1	-0.039
TCTATG	14.0	3711.4	-0.039
CTAGGT	4.0	2771.7	-0.039
TGGTTG	13.0	4372.7	-0.039
CAATTA	14.0	3914.2	-0.038
GGACGG	2.0	812.6	-0.037
ACATTG	16.0	4201.5	-0.037
CAGGAG	14.0	7639.2	-0.037
CCTGTG	22.0	5593.5	-0.037
GGATAC	6.0	1776.2	-0.037
CCTATG	7.0	2586.9	-0.037
CATCAC	13.0	3637.2	-0.037
TAGGGC	6.0	1781.4	-0.036
AGCGAC	2.0	613.5	-0.036
CCGTTG	2.0	821.6	-0.036
GTGTCT	21.0	5453.2	-0.035
ACGGGA	2.0	878.7	-0.034
TTCCTC	36.0	9605.8	-0.034
GGTGAG	16.0	4245.2	-0.034
CGGGAG	8.0	2322.6	-0.033
AGGGAG	21.0	5419.0	-0.033
TCTGTG	33.0	7960.9	-0.032
CCAGCG	4.0	1270.0	-0.032
AATTCA	23.0	6498.9	-0.031
TAGGGA	11.0	3085.1	-0.031
TCGGTG	1.0	913.2	-0.030
GGGTCG	1.0	686.9	-0.030
GAGTCA	11.0	3230.5	-0.030
ATGTAT	23.0	5928.2	-0.030
GCTACA	5.0	2210.4	-0.029
TAGCCC	6.0	2109.8	-0.029
AGAGGC	15.0	4069.7	-0.029
CGAGGG	2.0	1032.6	-0.029
GGTTGC	8.0	3184.5	-0.029
TGTCGA	2.0	652.5	-0.029
CAGCAC	14.0	5005.5	-0.029
ACTCGC	2.0	653.3	-0.029
CCCCTC	17.0	5138.8	-0.029
TATATA	35.0	8488.3	-0.029
ACGGCC	2.0	655.6	-0.028
TCGTTG	3.0	997.3	-0.028
TATGTG	19.0	5263.5	-0.028
CCATCA	14.0	4223.8	-0.028
CCAACA	15.0	4103.1	-0.027
ACCCTG	17.0	4611.3	-0.027
TATTCC	16.0	4515.1	-0.027
GCCAGC	9.0	3148.6	-0.026
TCCGTT	2.0	1349.2	-0.026
CATTTG	34.0	8321.4	-0.025
AGTGTC	12.0	3401.0	-0.025
TATCTC	16.0	4489.9	-0.025
TGTCCA	15.0	4133.3	-0.025
ATTTAA	43.0	11320.7	-0.025
TGGGTG	21.0	5554.4	-0.025
TCATTC	25.0	6492.2	-0.024
GAGGAT	8.0	3910.7	-0.024
GGCCCC	10.0	2929.8	-0.024
AGCGGC	2.0	1002.5	-0.024
GTGCGC	3.0	1038.2	-0.023
ATATAA	24.0	6287.9	-0.023
AGGAAG	27.0	7248.4	-0.023
ACACGG	3.0	1047.1	-0.022
CATTCC	16.0	4412.6	-0.022
TACACA	13.0	3698.6	-0.022
GGATGT	11.0	3212.8	-0.022
AGGGCG	3.0	1056.1	-0.021
GAGGTT	18.0	4932.1	-0.020
GACCCA	8.0	2484.4	-0.020
GAGAGT	12.0	3498.3	-0.019
CAGCGC	3.0	1084.2	-0.019
CCGCTC	2.0	1301.7	-0.018
GGACGC	2.0	733.9	-0.018
TTCCTT	74.0	17031.8	-0.018
TGTGTG	39.0	11807.0	-0.018
ACGGTT	1.0	790.0	-0.018
CCGCAC	3.0	1094.3	-0.018
TTCATT	55.0	13213.2	-0.018
ATCTCT	21.0	6962.9	-0.018
GCGCTC	1.0	976.9	-0.017
AGGGCC	9.0	2787.2	-0.017
CCAAGA	15.0	4618.2	-0.017
CATGAG	17.0	4774.0	-0.017
ACGCAC	1.0	755.1	-0.016
GACGCT	2.0	757.4	-0.016
CGAGAG	1.0	974.6	-0.016
AATCAC	11.0	3806.8	-0.016
AGCCGC	3.0	1120.1	-0.016
GCGCGG	3.0	1180.2	-0.016
CGCGCG	2.0	861.5	-0.016
GCCCTT	13.0	4066.9	-0.016
GTGACC	8.0	2754.1	-0.016
TCACAT	18.0	5048.4	-0.015
GCCCGC	8.0	2612.3	-0.015
CCGCGC	5.0	1746.2	-0.015
CTCTTC	29.0	7687.8	-0.014
GGAGGA	20.0	5723.8	-0.014
CTTTGC	25.0	6822.0	-0.014
GTCTGT	19.0	5334.6	-0.014
AATCCC	17.0	4852.6	-0.014
GTGGAT	12.0	3630.3	-0.013
GCGGAT	2.0	793.4	-0.013
TGGATG	15.0	4381.1	-0.013
TTCATC	18.0	5848.9	-0.012
TCTTTC	53.0	16454.0	-0.012
GAGACC	13.0	3912.6	-0.012
GGTGGA	10.0	4490.1	-0.012
GGGCGG	6.0	2096.4	-0.012
CCCTCT	22.0	6154.5	-0.011
GGAGCC	10.0	3191.2	-0.011
ATTTAG	23.0	6416.3	-0.010
ATTCAT	25.0	6907.0	-0.010
GCCCTG	16.0	4744.8	-0.010
CTGTGG	21.0	5971.8	-0.009
CCTCTC	22.0	7346.3	-0.009
GGGAGG	24.0	8749.7	-0.009
CTAGGG	3.0	2229.8	-0.009
ATCTAT	13.0	4008.2	-0.009
GGCCAC	6.0	2815.4	-0.009
CTACTC	10.0	3269.4	-0.009
ACACAA	13.0	4031.4	-0.009
GTGTGC	12.0	3778.2	-0.009
GGAGGC	24.0	6761.1	-0.008
CAGTCC	9.0	3019.3	-0.008
ACACAC	16.0	5458.0	-0.008
CACTCA	13.0	4081.7	-0.007
GGCGAC	2.0	982.6	-0.007
TGCCCT	12.0	5037.9	-0.007
TCTCTC	30.0	11185.3	-0.007
CCTTTG	23.0	7611.0	-0.007
GACACA	10.0	3482.1	-0.006
TATGTC	6.0	3186.3	-0.006
TCCTTT	50.0	14726.9	-0.006
TTGCTA	13.0	4866.5	-0.006
AGGAGG	21.0	6199.2	-0.005
CCGGCA	2.0	957.4	-0.005
GGGCCG	3.0	1348.1	-0.005
TGGATC	8.0	3145.6	-0.005
CACATT	18.0	5780.8	-0.005
GCGGCT	1.0	1100.7	-0.005
CTGTCC	8.0	4217.0	-0.004
GCCCTA	3.0	1811.8	-0.004
CCACTC	11.0	3761.9	-0.004
CCCGCA	1.0	1016.0	-0.004
AGGGGC	6.0	3089.5	-0.004
AACCCT	9.0	3662.9	-0.003
GTGTGT	33.0	10037.8	-0.003
AGAGTC	13.0	4562.8	-0.003
AGCCCT	5.0	4285.7	-0.003
CATTTA	22.0	9137.0	-0.002
GAGCCC	8.0	3148.4	-0.002
GAGCCA	25.0	7650.8	-0.002
CCTTTC	27.0	8876.2	-0.002
GGGCCA	7.0	2892.7	-0.002
CTCTCC	23.0	7168.0	-0.002
CACACA	16.0	6632.3	-0.002
CTCTCT	34.0	11806.9	-0.002
CTTTCC	24.0	9662.3	-0.002
TCCTCT	30.0	9021.5	-0.001
GCGCGC	2.0	1224.4	-0.001
GCCCTC	8.0	3271.0	-0.001
TGTGTC	17.0	5746.8	-0.001
TAGGTA	7.0	3074.9	-0.001
GGCGCC	5.0	2493.2	-0.001
GGAGGT	11.0	4306.7	-0.001
CCAGCA	13.0	6079.1	-0.001
ACACAG	12.0	4740.7	-0.000
GCGCCC	5.0	2716.0	-0.000
GGGGCC	1.0	2865.1	-0.000
GTGTCC	3.0	3149.3	-0.000
AGTCGA	0.0	558.2	1.000
GAACCG	0.0	630.2	1.000
CGACCC	0.0	698.4	1.000
AGTCGC	0.0	613.7	1.000
GCGCCG	0.0	886.9	1.000
CGCGGC	0.0	841.4	1.000
CGCTCA	0.0	1107.3	1.000
GGCGAG	0.0	1186.0	1.000
ACGCTT	0.0	884.3	1.000
GAGCCG	0.0	1706.5	1.000
ACCGGC	0.0	703.2	1.000
ATCCGG	0.0	578.0	1.000
CCGCAT	0.0	727.1	1.000
TCCGCG	0.0	528.4	1.000
CGTCGC	0.0	393.9	1.000
GTCGGA	0.0	462.2	1.000
TGCGCG	0.0	619.1	1.000
CGCGGA	0.0	441.0	1.000
ACGACG	0.0	246.0	1.000
CGCACT	0.0	712.8	1.000
TTCGAC	0.0	506.3	1.000
AAGGCG	0.0	1116.7	1.000
CGCGTA	0.0	142.1	1.000
CTCGCA	0.0	706.6	1.000
GCCGAC	0.0	682.3	1.000
CGTAGT	0.0	673.2	1.000
GTACGC	0.0	299.5	1.000
GCGTAG	0.0	524.2	1.000
CGCTGA	0.0	1010.3	1.000
CTCGCG	0.0	580.2	1.000
TCGCGT	0.0	266.4	1.000
TCGCGG	0.0	493.9	1.000
GCGACG	0.0	333.5	1.000
CGACGC	0.0	300.3	1.000
ACGGTC	0.0	523.5	1.000
CGGACC	0.0	464.6	1.000
ATCGCG	0.0	451.6	1.000
ACTCGT	0.0	733.5	1.000
CTACGC	0.0	457.5	1.000
CGACGG	0.0	309.7	1.000
CTAGCG	0.0	475.3	1.000
CGAACG	0.0	227.9	1.000
CGCTTA	0.0	553.7	1.000
CCGTCG	0.0	369.6	1.000
ACTACG	0.0	598.4	1.000
CGGATA	0.0	400.5	1.000
ACGTCG	0.0	270.7	1.000
TACGAC	0.0	328.4	1.000
CGATCG	0.0	175.0	1.000
GTACGT	0.0	545.8	1.000
CGTACG	0.0	156.9	1.000
TCGTAC	0.0	343.7	1.000
CGTCGA	0.0	159.5	1.000
CGCGAC	0.0	295.7	1.000
