OligoSequence	Target Occurences	Background Occurences	Enrichment(ln p, up to 2 mismatches)
TGCATG	1740.0	10812.6	-960.271
GCATGT	1020.0	8345.4	-451.197
AAAAAA	4850.0	67519.3	-427.798
CGCATG	104.0	1087.4	-427.738
GCATGA	634.0	4255.3	-381.894
TGCACG	78.0	1518.6	-288.261
GCATGC	593.0	5730.4	-282.814
TTTTTT	6318.0	102091.5	-275.093
GGCATG	273.0	4939.3	-233.683
GCATGG	479.0	4723.3	-225.401
AGCATG	615.0	6184.6	-213.773
ATGCAT	784.0	9847.1	-172.794
TTGCAT	664.0	8027.9	-162.186
GAGAGA	1120.0	16374.0	-159.753
AGAGAG	1129.0	16630.8	-157.868
GTGCAT	595.0	7259.6	-144.190
GCACGT	48.0	1231.0	-124.206
TGCCTG	451.0	7938.3	-115.454
CTGCAT	452.0	6506.7	-114.562
TGCATC	150.0	4264.5	-110.663
CATGCG	70.0	1053.5	-88.834
TGCAAG	172.0	4741.7	-88.794
TCCATG	179.0	5270.5	-83.614
GCACGA	31.0	600.9	-83.467
TGAATG	372.0	8615.1	-80.224
CATGTT	509.0	7526.6	-79.101
TGCAGG	162.0	5746.2	-78.057
TCGCAT	35.0	566.7	-77.539
TGGATG	223.0	6633.6	-77.049
TGCTTG	374.0	7466.8	-75.102
TGCATA	286.0	7715.5	-73.144
CATGTC	218.0	4034.5	-69.493
CGTGCA	70.0	1482.1	-68.637
GCGTGC	36.0	1581.0	-68.526
GCCTGT	209.0	4828.4	-66.718
ACGCAT	45.0	934.8	-61.426
GCTTGC	207.0	4310.1	-60.977
CATGTA	482.0	7661.1	-60.347
CATGCA	492.0	8364.5	-56.400
AGCGAG	35.0	1182.1	-55.939
TACATG	250.0	7312.0	-55.549
ATGCGT	58.0	1137.0	-54.615
GCGTGA	24.0	833.0	-54.340
GGGGGG	365.0	5568.3	-53.646
TGCATT	327.0	8854.3	-53.641
GCGCAT	50.0	783.1	-53.259
GAGCGA	32.0	814.2	-53.140
GCCTGC	287.0	4684.7	-52.892
CATGCC	203.0	4076.5	-51.464
TTCATG	295.0	7577.4	-48.847
TGCGTG	69.0	2453.2	-47.482
CGAGAG	34.0	1040.7	-46.707
GCTTGT	212.0	4935.2	-46.428
TGTGCA	581.0	10407.9	-46.355
TAGCAT	305.0	5490.6	-45.722
AGAGCG	40.0	1078.6	-45.223
GCACGC	62.0	1265.9	-44.261
GCGAGA	34.0	823.1	-43.797
CTCGCT	98.0	909.4	-43.602
CATGTG	613.0	11289.2	-43.392
CCCCCC	263.0	3943.0	-41.675
CATGAC	196.0	3323.8	-41.076
ATGCCT	234.0	5669.2	-41.025
CGGCAT	27.0	721.3	-40.759
GAGGGA	310.0	6097.4	-40.753
AAAAAC	513.0	13710.4	-40.217
GTATGC	195.0	3919.9	-39.685
GCAAGT	135.0	3826.6	-38.462
GAATGC	207.0	4159.6	-38.171
ACAAAA	499.0	15816.7	-37.365
CATGGC	263.0	4096.1	-37.322
CATGCT	302.0	5880.2	-37.140
TTTGCA	514.0	9577.3	-35.524
GCCTGA	142.0	3774.9	-34.165
TCGCTT	83.0	822.7	-33.321
AAACAA	597.0	18014.3	-32.985
AACAAA	543.0	17380.8	-32.916
CGATAC	48.0	327.2	-32.587
CTTGCA	216.0	4932.0	-32.557
TATGCA	416.0	7754.4	-32.399
GATGCA	211.0	4366.9	-32.113
AACGAT	82.0	827.8	-31.976
CAAAAA	497.0	13607.9	-31.673
CCCGCC	42.0	1350.8	-31.557
GCAGGT	115.0	4009.7	-31.505
GAATGT	307.0	6862.0	-31.109
CCTGCC	326.0	5695.8	-31.092
GTTGCA	216.0	3382.3	-30.531
AGCGTG	31.0	1221.1	-30.250
CCATGT	211.0	6281.3	-30.239
GAAAAA	591.0	17339.5	-29.965
GGATGT	152.0	4536.6	-29.803
AGCTTG	182.0	4768.7	-29.569
GCACGG	32.0	864.4	-29.508
GGGAGA	254.0	6009.9	-29.409
AAAACA	617.0	18831.9	-29.281
CATGAT	289.0	5111.1	-28.913
AAGCAT	364.0	6807.6	-28.838
CATGGT	241.0	5540.4	-28.502
GTGCAC	157.0	4322.5	-28.391
AAAAAG	540.0	17105.4	-28.065
GAGAGG	252.0	6169.1	-28.019
CGTGTA	58.0	1209.3	-28.008
AGGGAG	350.0	6502.3	-27.992
GCATAT	224.0	6242.3	-27.463
CATGGA	264.0	5520.3	-27.331
AGTGCA	227.0	4531.8	-27.073
CATGGG	202.0	4341.4	-26.862
GGATGC	112.0	3578.8	-26.801
GCTTGA	174.0	3471.4	-26.382
AGCACG	27.0	1007.4	-26.161
TCATGT	297.0	7321.1	-25.970
GAATGG	203.0	5107.3	-25.943
CCGGTA	48.0	399.6	-25.709
AGCCTG	258.0	6157.3	-25.576
AATGCA	391.0	7452.5	-25.330
ATGCAC	208.0	5328.2	-25.092
AAAGAA	768.0	24424.2	-24.954
AAAAGA	555.0	18212.5	-24.690
GGTGCA	145.0	3203.5	-24.609
GGGAGG	377.0	7343.6	-24.408
AAGAAA	797.0	25387.8	-24.405
AGGGGG	146.0	3742.8	-23.786
GGAGAG	279.0	6880.5	-23.719
GAGTGA	138.0	4723.9	-23.305
GCTCGC	65.0	708.3	-23.186
CCTCCC	214.0	5070.5	-22.730
GCATCT	160.0	4688.3	-22.464
ACTGCA	225.0	4943.8	-22.390
AGAGGG	251.0	5866.9	-22.316
AGAAAA	746.0	21732.6	-22.288
CACACA	921.0	20247.1	-22.197
CCTGCA	214.0	5145.7	-21.833
ACGATA	55.0	564.7	-21.768
CTGCGT	38.0	1076.6	-21.761
GAACGA	71.0	845.7	-21.552
ATGTGC	343.0	6605.4	-21.521
CCGCAT	29.0	556.2	-21.502
CCCCCT	134.0	2884.7	-21.373
GCGTGG	45.0	1493.1	-21.361
GTATGA	162.0	4374.1	-21.299
CATGAA	378.0	7436.0	-21.171
ATTGCA	284.0	5289.9	-21.054
GAGCAT	231.0	4650.8	-20.605
TCATGC	133.0	3676.1	-20.485
GGGCAT	127.0	4149.9	-20.394
GGATGG	174.0	5247.6	-20.376
GCATCA	130.0	3684.8	-20.346
GGGGGA	210.0	4757.8	-20.276
GCAGGA	178.0	5229.7	-20.219
ACACAC	807.0	17740.4	-20.113
GGAGGG	331.0	6423.4	-20.058
GGGCGG	56.0	1699.2	-19.942
GAGAGC	151.0	4058.8	-19.560
CTTTTT	860.0	20731.1	-19.505
ATGCTT	314.0	7798.3	-19.490
CACGTT	56.0	1117.8	-19.329
GAATGA	251.0	6438.8	-19.229
CGCACG	30.0	626.4	-18.970
TTTTTC	751.0	19990.4	-18.887
AAGCGT	69.0	870.0	-18.817
AAAATA	770.0	23327.7	-18.814
TGGCAT	268.0	5621.4	-18.631
AGAGTG	209.0	5467.0	-18.586
CGTGTT	61.0	1392.4	-18.580
AAATAA	714.0	22585.3	-18.534
CGAATG	32.0	841.0	-18.499
AATAAA	769.0	22607.7	-18.419
CACGCA	75.0	1569.5	-18.341
TGTACA	356.0	7138.7	-18.319
ATAAAA	633.0	20071.7	-18.286
TTGCGT	28.0	869.5	-18.001
GCAAGC	121.0	3605.0	-17.951
CTGCCT	444.0	9216.5	-17.942
TCTTTT	720.0	20491.1	-17.859
TCTGCA	304.0	6608.9	-17.699
GCATAA	150.0	3729.7	-17.669
ATGCAA	251.0	6183.7	-17.448
CGGTAG	47.0	507.0	-17.317
CCCCTC	147.0	3288.7	-17.100
GGAATG	269.0	5214.5	-17.075
CATGAG	260.0	5177.0	-17.070
ACATGT	293.0	8584.5	-16.977
ATGGAT	213.0	6796.7	-16.915
ATGCAG	265.0	6578.8	-16.855
TGTAAA	510.0	10903.3	-16.766
CGCCTG	38.0	1303.9	-16.521
ATAGAG	171.0	4631.1	-16.454
GGAAGG	331.0	7305.7	-16.398
TAAAAA	848.0	23877.1	-16.345
CCCCCG	32.0	841.9	-16.341
CTTGTA	199.0	5147.3	-16.242
GCATTT	314.0	9494.1	-16.240
CGCTTC	64.0	842.6	-15.979
GATAGA	181.0	5054.4	-15.951
GAGAGT	169.0	4612.2	-15.935
GGCGGG	66.0	1781.7	-15.867
ATGTAT	672.0	16097.5	-15.765
ATGACG	35.0	855.0	-15.528
GATTAG	148.0	2578.0	-15.524
CAGCAT	266.0	5726.5	-15.451
GCCTGG	233.0	5841.7	-15.280
CAAGTT	205.0	5119.1	-15.261
TTATTT	1071.0	29831.3	-15.261
TATTTT	1179.0	29486.7	-15.261
AAAGAG	309.0	9997.1	-15.261
AAGAGA	392.0	10722.5	-15.261
AGAATG	297.0	7901.4	-15.261
CATTTT	656.0	17618.4	-15.261
TTTTGT	919.0	29536.2	-15.261
TTTGTT	897.0	34339.6	-15.261
TTGTTT	926.0	34318.9	-15.261
TGTTTT	1039.0	32807.7	-15.261
AAAAAT	880.0	24091.8	-15.261
AATGGT	195.0	5041.9	-15.261
ATGGTA	163.0	4872.2	-15.261
AGTAGT	159.0	3942.3	-15.261
TTTTCA	489.0	14302.8	-15.261
AGTATG	196.0	4799.0	-15.261
ATGTCA	221.0	5633.4	-15.261
TCTGTA	315.0	9063.3	-15.261
CTGTAT	317.0	7083.6	-15.261
TGTATG	666.0	16422.6	-15.261
ATGAAT	356.0	9901.5	-15.261
TGTAAG	215.0	6407.7	-15.261
TGTATA	518.0	12359.6	-15.261
ATATGC	243.0	6134.1	-15.261
TATGCT	185.0	5382.3	-15.261
ATGCTA	199.0	5031.9	-15.261
AACTTG	214.0	5545.9	-15.261
TTGTAC	172.0	4007.3	-15.261
ATAGCA	187.0	5356.1	-15.261
AGCAAG	200.0	6139.6	-15.261
AAGTGT	278.0	7236.9	-15.261
TAGCTT	204.0	5068.3	-15.261
ATACTG	184.0	4374.6	-15.261
CTGAAT	212.0	5724.9	-15.261
TTTGAA	476.0	13977.0	-15.261
TTTCTT	819.0	25832.7	-15.261
ATGTGG	268.0	7659.9	-15.261
GTGGAT	161.0	4330.4	-15.261
TTTTAT	933.0	26322.7	-15.261
TTTATT	1031.0	30059.9	-15.261
GGATGA	180.0	4491.3	-15.261
ATGAGT	207.0	6367.2	-15.261
TTTTGC	390.0	9705.7	-15.261
TTGCAG	197.0	5766.4	-15.261
TACTGA	163.0	4650.1	-15.261
TTTTCT	870.0	24662.2	-15.261
TGTATC	188.0	4789.7	-15.261
TGTTAA	314.0	7841.9	-15.261
ACAGAG	343.0	8191.5	-15.261
CAGAGA	363.0	9511.9	-15.261
TTAGCA	219.0	5178.6	-15.261
AAGGAT	211.0	5545.7	-15.261
AGGATG	208.0	5860.9	-15.261
GTGAAG	214.0	4992.2	-15.261
TTCCAT	277.0	7371.2	-15.261
CATATT	275.0	7457.8	-15.261
GGAAAG	339.0	8257.5	-15.261
GAAAGA	449.0	14390.8	-15.261
TTTGGA	314.0	9061.2	-15.261
GAAGCA	229.0	6127.7	-15.261
ATACAT	304.0	10371.2	-15.261
AAGGCA	201.0	6625.3	-15.261
GTTGTA	193.0	4331.9	-15.261
GTTGAA	207.0	5368.5	-15.261
ATGAAG	306.0	7999.6	-15.261
ATGTTA	305.0	7321.1	-15.261
AGAAAG	520.0	16355.6	-15.261
AGCATA	184.0	4792.6	-15.261
AATGTA	421.0	10067.4	-15.261
ATGTAC	236.0	5200.2	-15.261
TGTACT	214.0	5369.6	-15.261
TCATGA	150.0	5671.9	-15.261
ATGAAC	180.0	4969.3	-15.261
TGTCAA	159.0	5062.2	-15.261
GAGAAA	434.0	12585.6	-15.261
ATTCAT	278.0	8078.3	-15.261
CATTTG	318.0	9526.9	-15.261
TTTTAC	334.0	8958.3	-15.261
TGTTCA	272.0	6779.4	-15.261
GTTCAT	208.0	5160.6	-15.261
TTTGCG	40.0	970.7	-15.261
GTGTTC	164.0	5015.6	-15.261
AATGCT	278.0	7416.7	-15.261
ATGCTG	279.0	6885.4	-15.261
CTGTTT	393.0	11479.2	-15.261
ACTTTT	443.0	12023.9	-15.261
GTATGG	133.0	3763.0	-15.261
ATGGGT	184.0	4702.0	-15.261
TTTGCC	225.0	6030.9	-15.261
GTAAAG	199.0	5104.2	-15.261
AATGTG	349.0	8957.9	-15.261
TGTGAC	169.0	5109.0	-15.261
ACTATA	161.0	4426.2	-15.261
AAACTG	298.0	7440.9	-15.261
ATGTTC	220.0	5645.1	-15.261
TGTTCC	173.0	4836.4	-15.261
TTGCAA	205.0	6048.2	-15.261
TGCAAT	184.0	4737.0	-15.261
GTGGAA	201.0	5639.8	-15.261
CTGCTT	304.0	7574.7	-15.261
GGTGTA	123.0	3075.5	-15.261
TTGTAG	229.0	6053.5	-15.261
CCTGTT	213.0	5639.5	-15.261
TTGCCT	242.0	6808.7	-15.261
GAAGTA	164.0	4520.8	-15.261
TACTGT	246.0	5585.1	-15.261
ACTGTT	261.0	6311.4	-15.261
AGGAAG	396.0	10184.9	-15.261
GTAATA	168.0	4561.9	-15.261
GACAGA	263.0	6010.7	-15.261
TAATTG	205.0	6228.8	-15.261
AATTGC	154.0	4205.4	-15.261
GTACAT	208.0	5223.5	-15.261
ATCCAT	137.0	4803.3	-15.261
ATTGCT	189.0	6775.2	-15.261
AGATTG	177.0	4708.1	-15.261
TCTTGC	174.0	4715.3	-15.261
TATACA	279.0	8353.6	-15.261
ATGTAG	261.0	6082.5	-15.261
TATGTA	516.0	15129.4	-15.261
ATGTAA	415.0	9720.1	-15.261
TGTAGA	292.0	7437.9	-15.261
GTAATG	191.0	4297.1	-15.261
AATGTT	408.0	11033.0	-15.261
TGTTAC	165.0	4404.7	-15.261
AATGGA	273.0	7701.3	-15.261
ATGGAG	183.0	5999.1	-15.261
AGCATT	234.0	7269.6	-15.261
GCATTA	126.0	3738.9	-15.261
ATATTG	249.0	6566.1	-15.261
TATTGC	171.0	3967.1	-15.261
TTAATG	316.0	8253.3	-15.261
TAGAGA	217.0	6371.2	-15.261
GTTCAA	158.0	4241.8	-15.261
TTTTTG	871.0	25077.0	-15.261
GTATAA	204.0	5037.5	-15.261
AGAGAC	212.0	5855.3	-15.261
GAGACA	231.0	7276.0	-15.261
TGTCTA	193.0	5146.4	-15.261
CTCTGT	348.0	9416.7	-15.261
TTGAAT	305.0	8428.6	-15.261
TAGTAT	194.0	4955.3	-15.261
TTCTTT	800.0	25023.1	-15.261
TTGAAG	288.0	7655.7	-15.261
AGGCAT	191.0	5389.0	-15.261
CAGTGT	245.0	7070.1	-15.261
ACTGTA	251.0	5762.9	-15.261
CTGTAA	250.0	6629.6	-15.261
TTGGAT	195.0	5928.4	-15.261
TCCTGT	254.0	6713.4	-15.261
CTGTCT	340.0	8957.4	-15.261
TAAAGC	198.0	4966.4	-15.261
AAGCTT	206.0	5714.0	-15.261
GAGATA	178.0	4681.0	-15.261
CTTGTC	141.0	4109.9	-15.261
AAGGGA	237.0	6224.2	-15.261
ACTGTG	249.0	7166.6	-15.261
CCTTGT	178.0	5296.0	-15.261
GTGTTA	180.0	4544.5	-15.261
TTGTGC	205.0	5034.4	-15.261
CATACA	218.0	7770.4	-15.261
ATTGAA	278.0	7876.2	-15.261
TAGTGT	193.0	5328.3	-15.261
TGAGAG	249.0	6658.7	-15.261
GTTTTT	739.0	23773.0	-15.261
TTGAAC	187.0	5428.1	-15.261
GATTGT	166.0	4425.3	-15.261
ACAGTA	173.0	4766.4	-15.261
GTGAAA	242.0	6668.1	-15.261
TGAAAC	210.0	5908.9	-15.261
TGCCTT	273.0	7682.7	-15.261
AAGTAG	202.0	5013.3	-15.261
AAGTAT	266.0	6885.9	-15.261
AATGAC	177.0	4901.3	-15.261
ATCATG	165.0	5524.7	-15.261
CTTCAT	238.0	6615.9	-15.261
GAAGTG	209.0	5413.1	-15.261
CCTGTG	276.0	6614.0	-15.261
GTGTAG	175.0	4873.8	-15.261
TTATGC	184.0	4161.9	-15.261
TGAACT	226.0	6528.9	-15.261
TGTGCT	325.0	8350.2	-15.261
ATTGTA	285.0	6744.4	-15.261
AGTGTA	216.0	5272.1	-15.261
GGGAAA	304.0	7963.7	-15.261
GCATTG	150.0	4702.5	-15.261
TGGAAA	403.0	11256.7	-15.261
AGGGAA	290.0	7375.6	-15.261
GATGTA	166.0	4252.1	-15.261
TGACTG	215.0	5594.0	-15.261
TGTGGA	261.0	6925.9	-15.261
ATGACT	213.0	5324.0	-15.261
AGAGGA	256.0	7941.2	-15.261
GTTAAG	128.0	3721.3	-15.261
AGACAG	296.0	8924.3	-15.261
AGATAG	204.0	5531.3	-15.261
ATAGTG	169.0	4473.4	-15.261
ACATGA	199.0	6430.2	-15.261
GTGAGA	195.0	5472.7	-15.261
GATGTG	231.0	5643.4	-15.261
AGTGAG	207.0	6325.6	-15.261
GGTATG	116.0	3917.9	-15.261
GTGAAT	229.0	5645.6	-15.261
AGTGAA	234.0	6424.9	-15.261
GACTGT	160.0	4516.5	-15.261
GCAAGA	144.0	4481.1	-15.261
GTAGAA	215.0	5289.4	-15.261
AGAGAT	246.0	7650.8	-15.261
GATGGA	171.0	5834.1	-15.261
CAAGTA	144.0	4106.7	-15.261
GTGCTT	259.0	6281.3	-15.261
GGGGAG	244.0	5860.7	-15.252
GCATCG	24.0	824.0	-15.220
AGCGTT	70.0	985.7	-15.012
GGAACG	70.0	989.4	-14.869
GTGCCT	182.0	4440.4	-14.803
TAATGC	193.0	3910.3	-14.800
GCCGGT	46.0	537.2	-14.754
GTAACG	31.0	515.8	-14.621
GCGCAA	43.0	488.1	-14.561
TCGTGA	61.0	826.9	-14.359
GCGTTC	58.0	771.8	-14.267
TTGCAC	166.0	3329.9	-14.057
CGCTTG	40.0	789.3	-14.044
ATACCG	33.0	464.0	-14.026
ATGCCG	52.0	663.9	-14.025
TTTTTA	1252.0	29772.2	-13.708
GGGGCG	56.0	1469.1	-13.690
CCATGC	115.0	4024.9	-13.669
ATGACA	274.0	5558.0	-13.668
ATGTTG	342.0	7178.3	-13.627
TCTCTC	430.0	9295.8	-13.615
CGCCCC	40.0	1125.6	-13.470
GTGTAA	252.0	5066.3	-13.438
CCCTCC	201.0	4356.8	-13.378
GCTTGG	182.0	4378.6	-13.283
GGCCCC	110.0	1877.2	-13.113
ATGTCG	36.0	579.6	-13.087
CCTACC	121.0	2103.1	-13.072
CGTGAA	59.0	1166.8	-13.059
ATGGCA	204.0	5300.7	-12.993
GACACA	174.0	5328.6	-12.993
CCTGTA	189.0	4315.8	-12.993
GCTAAA	153.0	4389.2	-12.993
CAAGTG	170.0	5148.6	-12.993
TTGGCA	218.0	5052.4	-12.993
GGCTTG	182.0	4072.1	-12.993
GGAGTG	143.0	4479.6	-12.993
TGTCCA	157.0	4480.9	-12.993
GACTGA	156.0	4006.0	-12.993
GAAGGT	141.0	4384.5	-12.993
AAGTGC	184.0	4530.1	-12.993
TTAAGC	150.0	3446.2	-12.993
TACACT	146.0	4179.6	-12.993
CTCCTT	192.0	5928.3	-12.993
TCCCTT	210.0	5466.4	-12.993
GAGTGG	147.0	4583.8	-12.993
TAAGCT	147.0	3897.1	-12.993
GTCTGC	142.0	3516.2	-12.993
GAGGTA	115.0	3440.4	-12.993
ATAAGC	126.0	3347.2	-12.993
GTGCAG	143.0	4644.1	-12.993
GTATAC	118.0	3173.0	-12.993
TACCTG	152.0	3932.9	-12.993
ACCTGT	177.0	4510.5	-12.993
CAAGCA	177.0	5162.6	-12.993
ACATGG	177.0	5496.3	-12.993
TGGGAG	261.0	6797.2	-12.993
CACTGT	235.0	6589.4	-12.993
GCATAG	128.0	3349.7	-12.993
GTGTAC	178.0	4017.4	-12.993
ATGATC	130.0	3520.0	-12.993
CCTCTT	185.0	5690.5	-12.993
GTTGGA	154.0	4427.5	-12.993
TGGAGG	190.0	6347.4	-12.993
GGTGAA	137.0	3804.5	-12.993
TGTGCC	187.0	5244.4	-12.993
ACATGC	222.0	5941.1	-12.993
GTAGTA	130.0	3385.1	-12.993
ATGGGA	215.0	5588.2	-12.993
ACGTGT	64.0	1937.0	-12.993
GTAAGG	91.0	3002.0	-12.993
TATAGC	133.0	3868.4	-12.993
CTGTGC	240.0	5807.4	-12.993
CTGACT	177.0	5103.5	-12.993
CATAGT	141.0	4258.0	-12.993
GACATG	147.0	4416.0	-12.993
ATGGTG	235.0	5879.4	-12.993
AACTAG	133.0	3451.2	-12.993
GTAGAG	137.0	3917.9	-12.993
GGATAG	100.0	3012.9	-12.993
GCTGTA	165.0	4156.9	-12.993
GTAAAC	125.0	3488.4	-12.993
AGTGGG	178.0	5279.6	-12.993
ATCTGC	132.0	4064.5	-12.993
GGTAAT	114.0	3145.3	-12.993
GATGTC	126.0	3332.1	-12.993
CTGTAC	150.0	3426.9	-12.993
GCGTTT	45.0	1216.5	-12.993
GGGATG	154.0	4618.5	-12.993
GTGCAA	128.0	3397.2	-12.993
CGTATT	35.0	865.1	-12.993
ATTTTT	1272.0	30423.3	-12.895
CCGCCC	43.0	1318.8	-12.830
TCCCCC	131.0	3244.6	-12.807
CCGTAT	20.0	538.2	-12.796
CTGCAC	169.0	3778.6	-12.712
TGTAAC	224.0	4475.6	-12.573
GCGTAA	12.0	350.7	-12.515
CTCTCT	445.0	9777.3	-12.482
GCATAC	99.0	2881.1	-12.430
TTCGCA	23.0	554.1	-12.350
GAAGGA	367.0	7912.9	-12.106
TTGTAA	386.0	8384.4	-12.026
TGTACG	46.0	900.3	-11.822
GACTGC	112.0	3087.4	-11.797
CGCCGG	38.0	458.2	-11.653
ATCACG	50.0	686.7	-11.591
GCAAGG	138.0	3538.9	-11.468
CGGGGG	49.0	1046.9	-11.310
GCCCCC	88.0	2046.8	-11.291
TTTGTA	538.0	12221.9	-11.273
GACGGA	20.0	615.9	-11.244
TCACGA	49.0	676.5	-11.242
TACGCA	20.0	606.5	-11.141
AAGCCT	202.0	4792.7	-11.128
ACGTAT	48.0	1151.0	-11.128
CTGGCT	214.0	6976.9	-11.128
CTCCAT	169.0	4648.0	-11.128
GGAGGA	288.0	6954.4	-11.128
ATGGAC	119.0	3123.8	-11.128
AGCAGG	145.0	5510.0	-11.128
GCAATG	133.0	3954.8	-11.128
TGTAGC	184.0	5407.2	-11.128
GATTGC	128.0	3200.8	-11.128
ACTGTC	140.0	3675.4	-11.128
GCATTC	125.0	3573.0	-11.128
TATGCC	113.0	3399.9	-11.128
GGTGGA	160.0	4376.0	-11.128
GGGGAA	221.0	5780.8	-11.128
GAAGGG	205.0	5019.1	-11.128
CGTAAA	35.0	784.8	-11.128
GGGAGT	147.0	3926.8	-11.128
TAGGCA	144.0	3915.8	-11.128
ACTTGC	153.0	3726.5	-11.128
CTCTGC	259.0	6830.9	-11.128
AACTGG	155.0	4361.2	-11.128
GGCAAG	127.0	3922.5	-11.128
CTATGC	106.0	3060.6	-11.128
CATTGC	129.0	4200.0	-11.128
GTTAAC	92.0	2611.5	-11.128
ACGAAT	31.0	771.4	-11.128
CGTATG	38.0	883.2	-11.128
AACTGC	163.0	4055.1	-11.128
GTACTG	136.0	3330.4	-11.128
GATAGG	95.0	2688.3	-11.128
CCATGA	137.0	4694.9	-11.128
ACCATG	140.0	5619.5	-11.128
GAGTGC	125.0	3565.4	-11.128
TTAACC	118.0	3179.1	-11.128
ATGTCC	135.0	3574.1	-11.128
CCGTTT	40.0	1099.6	-11.128
TCGTAT	33.0	712.0	-11.128
TGCGTA	33.0	711.1	-11.128
TGGCCC	156.0	3005.4	-11.075
GAGGGG	198.0	4656.1	-11.035
ATGTCT	331.0	7158.3	-10.996
GCATCC	79.0	3023.6	-10.961
GGGGGC	93.0	2607.4	-10.759
CTCCCT	223.0	5030.0	-10.623
TGACGC	30.0	599.5	-10.543
GGTAGG	121.0	3231.1	-10.466
TGAACG	54.0	1026.7	-10.406
TTCGTG	73.0	1201.0	-10.402
TCGGCA	46.0	641.3	-10.383
TACCGT	37.0	543.0	-10.329
ACCCCC	97.0	2220.6	-10.314
ACGAGT	48.0	688.9	-10.118
CCTGCG	57.0	1075.2	-9.819
GTAGCA	151.0	3524.2	-9.757
TTCGGC	37.0	483.2	-9.753
CCGCCT	44.0	1207.5	-9.744
TGCACT	213.0	4442.9	-9.737
TGTTGC	241.0	5111.7	-9.736
GAACGG	47.0	681.5	-9.681
ACCGTT	26.0	668.6	-9.672
CCCCGC	30.0	1239.1	-9.670
AATGCG	50.0	743.1	-9.661
CACGCG	25.0	448.1	-9.632
GGACGG	22.0	727.1	-9.612
ACGCGT	13.0	262.6	-9.567
ACGTGC	57.0	1056.7	-9.564
AATGGC	159.0	4429.6	-9.548
ATTGGC	101.0	3021.6	-9.548
TACTGC	154.0	3140.1	-9.548
TGCTGC	221.0	5965.0	-9.548
GTCCAT	103.0	3380.1	-9.548
GGCAGG	211.0	5793.8	-9.548
GCAGGG	138.0	4658.3	-9.548
AGCATC	131.0	4394.0	-9.548
GGAAGC	175.0	4431.6	-9.548
AATGCC	134.0	4195.7	-9.548
GTACTA	77.0	2394.3	-9.548
CAATGC	121.0	3320.7	-9.548
TAGCCT	125.0	3752.8	-9.548
ACCCTT	127.0	3432.5	-9.548
AACGTA	33.0	930.2	-9.548
GCTGCA	192.0	4907.2	-9.548
TCTGCC	203.0	6226.5	-9.548
TGCCTC	223.0	6644.6	-9.548
AAGGGG	171.0	4323.8	-9.548
CCTGTC	181.0	4533.5	-9.548
CTCACT	161.0	5355.3	-9.548
ACTAGT	99.0	2573.7	-9.548
TGGGCA	160.0	5161.6	-9.548
ATGGGG	169.0	4402.0	-9.548
TGGGGG	251.0	5936.2	-9.548
TGTACC	122.0	3254.6	-9.548
CACACT	152.0	4699.8	-9.548
TGGTGC	154.0	3830.6	-9.548
CCTGCT	223.0	5570.0	-9.548
TAGTGC	134.0	2626.6	-9.548
CTAGTG	121.0	2927.0	-9.548
GTGGGG	224.0	5670.7	-9.548
AAAGCG	47.0	983.7	-9.548
TATGCG	14.0	750.3	-9.548
GACACG	55.0	852.2	-9.489
ACACCC	102.0	2836.1	-9.351
GGCACG	39.0	805.5	-9.299
CCTTTT	440.0	10051.5	-9.279
TCTCGC	43.0	614.9	-9.249
CTCCCC	163.0	3838.3	-9.247
GTCGTA	17.0	317.2	-9.211
CACGTA	43.0	1008.8	-9.210
AGGAGG	310.0	6836.8	-9.170
TGCTCG	56.0	890.0	-9.029
CGCAAA	46.0	681.7	-9.022
CGAAGC	41.0	718.9	-8.985
CGTGCC	29.0	792.5	-8.927
AACGGG	46.0	689.7	-8.769
ATTCGT	60.0	986.0	-8.751
GCCCGC	24.0	974.7	-8.663
GGGGGT	147.0	3372.3	-8.658
TGTAAT	355.0	8023.0	-8.620
ATGGCT	275.0	6043.1	-8.545
GAAGCG	60.0	994.8	-8.522
CGAGGC	66.0	1127.4	-8.488
GGGTGG	266.0	5844.0	-8.417
TACCGC	19.0	431.3	-8.398
TGAAGC	220.0	4717.1	-8.373
CGTACC	11.0	329.9	-8.371
ATGGCG	32.0	916.7	-8.337
GGGACG	24.0	821.5	-8.321
GTTCGA	47.0	726.2	-8.271
ACGATC	32.0	427.0	-8.222
CGTATA	28.0	782.1	-8.187
GGACTG	119.0	3693.1	-8.187
AACGCA	37.0	846.5	-8.187
GTGGCA	144.0	4264.0	-8.187
CTTGCC	135.0	3806.1	-8.187
GCTTAG	116.0	3237.7	-8.187
CTGTCC	180.0	5057.3	-8.187
GGAGCA	151.0	4324.4	-8.187
TGGCCT	177.0	5966.9	-8.187
GGTTGC	97.0	2794.2	-8.187
TTAACG	37.0	777.7	-8.187
GAAACG	51.0	1183.7	-8.187
ACGAAG	38.0	915.5	-8.187
ACGGAA	40.0	1021.9	-8.187
AAGCGA	33.0	809.4	-8.187
CCCCTG	176.0	3683.2	-8.175
GGTGGG	271.0	5981.0	-8.135
TAAACG	60.0	1010.9	-8.127
TTCGCT	47.0	731.4	-8.126
TTTAAG	427.0	9896.7	-8.116
TCGCGT	4.0	232.0	-8.093
CGCGTT	4.0	263.2	-8.059
GCCCCT	141.0	2847.4	-8.009
ACACGC	62.0	1200.5	-7.896
ACGCGA	18.0	179.2	-7.889
AAGCTA	198.0	4245.4	-7.886
TACAGA	326.0	7395.7	-7.881
TGCGCA	66.0	1154.8	-7.872
CGTTCC	49.0	783.9	-7.870
TCGTGC	26.0	725.6	-7.868
GATCAC	104.0	2015.0	-7.789
CCCCTT	174.0	3667.7	-7.772
CCCTTC	152.0	3745.4	-7.757
ATGTGT	759.0	18408.6	-7.713
ACCGTA	29.0	460.7	-7.667
CGCCGT	7.0	299.8	-7.645
TCGAGG	58.0	987.9	-7.638
CACGAT	28.0	656.7	-7.626
CGTGCT	48.0	1162.2	-7.625
AAACGG	59.0	1010.5	-7.610
ACCGCA	40.0	604.6	-7.604
CCTTCC	218.0	5433.0	-7.561
AGTTCG	52.0	860.2	-7.550
TCCCGT	30.0	796.7	-7.526
GGGAAG	287.0	6454.5	-7.521
GTTCGC	24.0	376.0	-7.499
GTTTGC	244.0	5413.1	-7.459
CGCTCG	14.0	326.9	-7.436
ATTTGC	297.0	6709.4	-7.436
ACCTGC	150.0	3590.4	-7.427
CCACCC	146.0	3471.8	-7.421
TGTGAA	385.0	8939.3	-7.413
TAGCGT	17.0	588.3	-7.404
TTGTAT	427.0	10011.9	-7.333
ATCGCA	37.0	551.2	-7.314
TAAGCA	234.0	5167.4	-7.280
TGGCGC	57.0	982.4	-7.246
TGATGC	191.0	4127.9	-7.210
TCGCTC	38.0	644.2	-7.197
CCGATA	28.0	375.3	-7.171
CTTGTG	268.0	6038.0	-7.146
GTGTGC	376.0	8750.3	-7.146
CCGGCC	27.0	894.4	-7.143
TAAACT	282.0	6390.8	-7.142
TAATGT	338.0	7769.3	-7.127
ACCCGT	22.0	556.6	-7.110
AACGCG	14.0	207.7	-7.104
CGTGAT	41.0	803.8	-7.086
TAACGC	19.0	412.9	-7.028
CAGTGG	196.0	5155.6	-7.005
CCATGG	157.0	4269.5	-7.005
GGCCTG	120.0	3753.8	-7.005
CCCTCT	162.0	4511.0	-7.005
TAACGT	41.0	887.6	-7.005
GCTAGT	93.0	2368.5	-7.005
ACACTC	121.0	3082.0	-7.005
GTTCAC	92.0	2475.1	-7.005
TGGTAC	95.0	2759.0	-7.005
TAACGA	39.0	774.3	-7.005
AACGTG	37.0	1328.2	-7.005
AATCGT	27.0	769.3	-7.005
CATAGC	105.0	3196.3	-7.005
ACGATT	38.0	782.7	-7.005
CTCGTT	34.0	844.8	-7.005
GTAGGG	94.0	2878.2	-7.005
GCTTAC	95.0	2496.6	-7.005
TCACAC	124.0	3764.5	-7.005
TCGTAA	30.0	542.9	-7.005
AGATTA	232.0	5147.8	-6.976
CGTTCG	9.0	175.1	-6.964
GTACGG	26.0	342.4	-6.954
CGAAAG	49.0	820.3	-6.912
ATGTTT	603.0	14576.2	-6.891
GCGAGG	25.0	979.1	-6.868
ACGGAG	29.0	966.9	-6.825
AATTCG	50.0	851.1	-6.712
CCCTGC	184.0	4292.7	-6.710
CGCTCT	52.0	951.8	-6.702
ACGCTA	17.0	496.3	-6.632
TTTTAA	1181.0	29629.9	-6.617
CAGTTG	204.0	4503.4	-6.580
ATGCGC	28.0	818.7	-6.564
CACGAG	54.0	946.5	-6.549
GCGGTA	28.0	392.5	-6.543
GCCTAC	66.0	1746.7	-6.508
AGCGGT	19.0	657.2	-6.497
CTGCGC	56.0	994.1	-6.492
AAGGAA	508.0	12218.7	-6.458
CCCGTA	7.0	434.8	-6.396
AAGTTG	255.0	5806.8	-6.376
GTACGA	21.0	362.7	-6.375
TAACTG	208.0	4637.3	-6.316
TGCCCG	32.0	1105.0	-6.315
GCCGGC	31.0	801.3	-6.274
CCGTGG	63.0	1166.7	-6.239
CTGTTC	206.0	4594.8	-6.219
ATGGCC	154.0	3322.9	-6.204
ACGCAA	40.0	655.4	-6.166
AGTTGC	153.0	3305.4	-6.119
GATCGC	18.0	404.9	-6.101
CTCGCA	15.0	639.3	-6.069
CTTGCG	21.0	639.8	-6.066
GAAGCT	212.0	4776.5	-6.020
TTGGAA	362.0	8553.9	-5.996
GCGAAG	31.0	626.6	-5.995
ATAACG	31.0	658.5	-5.973
CCTCTC	168.0	4214.8	-5.973
CTCTCC	195.0	5028.7	-5.973
GTTAGC	74.0	2490.4	-5.973
CTGCTC	188.0	4738.0	-5.973
CCAGTG	174.0	4667.2	-5.973
GGGTAG	82.0	2916.4	-5.973
GCCTTC	133.0	3601.4	-5.973
CACGAA	34.0	806.0	-5.973
ACGTTA	22.0	814.2	-5.973
TACTAA	185.0	4096.9	-5.969
CACGTG	83.0	2127.7	-5.967
CCGTTC	27.0	586.4	-5.946
ACGTTT	86.0	1703.9	-5.936
TGTCGC	28.0	657.5	-5.891
TGCCGT	47.0	821.7	-5.868
CACACC	119.0	3806.2	-5.847
CACGCT	42.0	859.1	-5.847
CGCAAG	40.0	669.5	-5.813
GCTAAT	149.0	3232.2	-5.804
ATGGAA	351.0	8301.9	-5.794
CGCTTA	16.0	474.0	-5.750
ACTCGC	17.0	565.1	-5.733
CCCGTG	52.0	1150.9	-5.711
CCCGTC	31.0	532.6	-5.698
CCCCGT	30.0	784.1	-5.696
CCGCAC	13.0	607.5	-5.662
ATGACC	140.0	3044.4	-5.634
ATGTGA	327.0	7742.4	-5.567
GATGAC	151.0	3309.0	-5.543
CGGGAG	42.0	1451.3	-5.542
GCTCTC	118.0	3429.0	-5.541
GATTCG	18.0	710.9	-5.529
CCCGTT	25.0	691.5	-5.518
CCGACC	24.0	444.7	-5.516
TCGTGT	63.0	1207.5	-5.509
TTACCA	173.0	3862.8	-5.470
AAACGA	71.0	1399.9	-5.447
CGCTCC	20.0	743.0	-5.444
CGCACA	35.0	1325.2	-5.435
TCACGT	59.0	1118.7	-5.415
CGGAAG	34.0	1146.0	-5.344
ATGGGC	110.0	3092.6	-5.333
ACGTTG	40.0	942.4	-5.330
CGGCAC	34.0	558.2	-5.322
AATTGG	202.0	4595.7	-5.291
CGAACG	11.0	176.3	-5.287
GGCGCA	49.0	895.9	-5.276
GTAGGA	152.0	3363.7	-5.264
ATACCA	173.0	3886.1	-5.252
CGTGGC	32.0	1137.6	-5.209
CTTCGG	50.0	922.8	-5.192
GTAGTG	148.0	3268.6	-5.176
CTCTCG	45.0	810.5	-5.150
TAACCG	17.0	513.8	-5.145
GGTCGG	32.0	522.4	-5.142
TGTATT	462.0	11279.5	-5.106
CGCGCT	7.0	460.4	-5.083
TGACAC	158.0	3538.4	-5.077
GCAGGC	124.0	4250.6	-5.070
CAGCCT	243.0	6032.4	-5.070
TCTCCC	175.0	4423.2	-5.070
TGCACC	121.0	3030.4	-5.070
CACTGC	158.0	4096.8	-5.070
CCCTAT	62.0	2211.9	-5.070
GAACGT	38.0	969.6	-5.070
AGTGGC	126.0	3555.0	-5.070
TGACGT	44.0	996.9	-5.070
GATGGC	123.0	4041.6	-5.070
CTTACC	83.0	2391.0	-5.070
ACGCTT	23.0	745.7	-5.070
ACGAAA	57.0	1092.6	-5.059
CCGTAC	12.0	334.2	-5.000
CCGTCG	10.0	169.2	-4.983
GATTGG	139.0	3086.0	-4.950
AACTAT	210.0	4854.6	-4.941
ACTATC	98.0	2075.4	-4.884
CCCACC	144.0	3646.9	-4.867
AACCGC	29.0	525.6	-4.861
GTGGCG	59.0	1152.5	-4.848
ACTGCC	131.0	3423.2	-4.835
CCCTTT	251.0	5906.1	-4.811
CCATAT	178.0	4070.6	-4.802
AAGGAG	282.0	6713.7	-4.790
GATACA	177.0	4048.2	-4.765
CGCTCA	39.0	693.3	-4.760
AACTGT	263.0	6217.7	-4.759
CACCCT	114.0	2990.6	-4.749
CACGGC	28.0	848.8	-4.748
ATCGCG	6.0	166.6	-4.737
CTCGCC	19.0	778.7	-4.724
CGACAC	19.0	492.7	-4.703
TGATTG	228.0	5350.2	-4.677
CGTTCA	33.0	724.2	-4.674
CGATCT	31.0	519.2	-4.672
ATAGGC	107.0	2320.4	-4.668
CCCTAC	81.0	1772.0	-4.662
ATGCGA	33.0	564.7	-4.643
TTACGC	18.0	368.8	-4.642
CGGCAG	53.0	1023.7	-4.631
CACACG	60.0	1664.8	-4.630
GCAGTT	198.0	4601.8	-4.614
CGATGT	42.0	769.5	-4.610
TGACCT	191.0	4414.9	-4.609
GTTAAT	217.0	5062.9	-4.599
AACGGT	38.0	679.6	-4.582
CCCTGT	217.0	5065.8	-4.576
CGCGAA	9.0	181.1	-4.574
CGGGCG	34.0	590.2	-4.554
GTTAGG	128.0	2842.9	-4.553
CCGCTT	25.0	781.4	-4.548
GGTAGT	117.0	2562.0	-4.544
AGCTAA	188.0	4344.8	-4.523
TCCCCT	187.0	4325.7	-4.463
AATCCT	186.0	4299.6	-4.459
TTCGCG	5.0	166.3	-4.451
GGGCGC	47.0	894.2	-4.435
GCCCGT	33.0	675.3	-4.431
CTACCT	146.0	3298.7	-4.415
CGTAGT	15.0	557.9	-4.406
ATGCGG	35.0	653.9	-4.395
AAGTGG	219.0	5147.4	-4.385
CACCCA	143.0	3932.8	-4.382
TAACTA	177.0	4098.8	-4.361
GTCGGA	26.0	422.1	-4.359
CGCATC	15.0	589.2	-4.351
AGTACG	28.0	467.2	-4.342
AGTTAC	164.0	3755.7	-4.338
GTAACA	167.0	3835.1	-4.332
GCCGAA	31.0	534.4	-4.316
GCGCTT	41.0	819.8	-4.309
TACAGT	226.0	5351.6	-4.294
TGATAC	137.0	3104.7	-4.290
AAATTG	358.0	8736.4	-4.281
CTAAGC	111.0	2827.0	-4.280
TCCCTC	175.0	4363.0	-4.280
CGTAAT	24.0	621.3	-4.280
GGGGTA	77.0	2119.2	-4.280
TGGCAC	121.0	3478.1	-4.280
GCCCTT	121.0	3695.5	-4.280
GCCAGT	98.0	3535.7	-4.280
GGGAGC	121.0	3330.2	-4.280
GACGAA	25.0	629.9	-4.280
CGATAG	24.0	417.4	-4.272
CGGTTC	31.0	536.1	-4.270
GTAAAA	348.0	8480.1	-4.262
GACGCG	19.0	278.1	-4.254
TCGTAC	19.0	317.5	-4.223
TTCTGC	258.0	6198.8	-4.177
GCGGGG	54.0	1518.2	-4.173
TCCGCA	17.0	636.2	-4.173
ACCCCT	113.0	2522.5	-4.166
GCTTAA	156.0	3592.6	-4.162
GTGGAG	216.0	5098.5	-4.158
CAAGGA	207.0	4884.9	-4.128
GACGCA	24.0	614.4	-4.116
GTGTTT	509.0	12739.6	-4.113
CCTCCG	46.0	1116.9	-4.106
AGCGAA	37.0	680.5	-4.103
CTAATG	171.0	3971.6	-4.102
CCTGGC	157.0	5246.6	-4.101
ATACGC	13.0	473.9	-4.096
ACCAGT	140.0	3206.6	-4.080
ATACAG	234.0	5577.7	-4.078
TAAGCG	18.0	499.1	-4.070
GGTTCC	110.0	2455.0	-4.066
CAGTAT	188.0	4406.8	-4.062
CGCTTT	53.0	1060.9	-4.048
ATTGGA	213.0	5063.8	-4.026
TTCGTA	40.0	754.9	-4.025
ACGTAG	29.0	705.3	-4.021
GTTTAA	296.0	7184.9	-4.000
TTTTGG	492.0	12309.4	-3.994
CCGTTG	27.0	639.4	-3.989
ACCATA	152.0	3507.3	-3.988
ACGCTG	52.0	1041.5	-3.976
AAGTCG	23.0	682.6	-3.961
GCGTTA	27.0	461.8	-3.958
CGCTAA	21.0	480.2	-3.948
CTCGTC	29.0	506.5	-3.944
GTTCCA	182.0	4291.4	-3.923
CTTGAA	281.0	6832.7	-3.916
CTTGCT	293.0	7144.5	-3.909
TGTCTC	271.0	6551.9	-3.908
ACGGGC	29.0	508.5	-3.900
CGTTGC	19.0	623.4	-3.891
GCGGAA	19.0	754.6	-3.890
ATCAGT	173.0	4054.0	-3.885
TTTGGC	211.0	5031.5	-3.875
ACCGGT	22.0	443.8	-3.875
GCTGAA	206.0	4895.4	-3.873
GACCGA	28.0	528.5	-3.855
TGCTTA	244.0	5890.0	-3.853
GTATTG	175.0	4114.0	-3.849
AAAACG	80.0	1739.2	-3.846
ATCGTA	25.0	522.5	-3.835
CCAGCC	211.0	5038.1	-3.834
ATTCGC	22.0	497.9	-3.828
CTCCGT	48.0	955.4	-3.825
GGATTG	150.0	3475.8	-3.823
TACCGA	10.0	529.2	-3.810
AACCTC	126.0	2872.9	-3.803
TAACGG	30.0	535.2	-3.802
CACGCC	41.0	1188.0	-3.787
TTGTGG	267.0	6490.2	-3.778
TATCGC	21.0	337.5	-3.769
TACGGG	25.0	424.3	-3.765
ACGGTA	27.0	560.6	-3.765
TCCTAC	107.0	2410.5	-3.760
AAATCG	49.0	983.7	-3.759
TGATCG	31.0	560.5	-3.753
CCCCAC	144.0	3461.0	-3.751
CGGTGG	32.0	1081.9	-3.745
TCTCGA	44.0	865.3	-3.738
CAATAA	236.0	5687.6	-3.737
CGGCCT	33.0	776.1	-3.729
AATGAT	300.0	7349.6	-3.727
AAACCG	39.0	887.0	-3.721
GTACAG	156.0	3649.7	-3.714
GTACCT	117.0	2649.0	-3.709
GCGCTC	40.0	773.7	-3.689
AATGTC	214.0	5143.1	-3.685
ATAGAC	141.0	3255.2	-3.680
CTGGCG	53.0	1085.5	-3.678
GTCTTA	173.0	4086.8	-3.653
TGGCTT	314.0	7741.9	-3.627
AGTGGA	209.0	5015.2	-3.627
CCGGTC	12.0	466.0	-3.617
CTGACC	134.0	3105.5	-3.614
CGACGC	14.0	195.3	-3.610
GAGGCA	252.0	6129.7	-3.604
CACCCC	128.0	2950.9	-3.592
GGCTAA	103.0	2846.5	-3.589
CCTGAC	105.0	3193.9	-3.589
TCCTCC	164.0	4812.2	-3.589
CGTGGA	55.0	1305.0	-3.589
ATCGTG	32.0	868.6	-3.589
CCCGAT	26.0	455.3	-3.587
ATTAGC	138.0	3214.8	-3.582
GTCGCT	15.0	643.6	-3.579
GTGGGA	208.0	4996.0	-3.574
GATGCG	20.0	623.2	-3.559
TTACCG	18.0	564.1	-3.555
CAGTTA	186.0	4426.2	-3.551
GTACCG	15.0	379.9	-3.542
CCCCCA	152.0	3780.5	-3.541
ATTGTG	288.0	7075.5	-3.525
TGGTCG	32.0	595.5	-3.514
GGAGCG	32.0	1027.4	-3.513
GACGGG	19.0	657.5	-3.509
ACTCGT	33.0	620.8	-3.497
GGATCA	113.0	2596.3	-3.485
GCTAGC	84.0	2099.1	-3.479
ATGATT	292.0	7199.7	-3.471
ACTAAT	165.0	3898.2	-3.462
CCGTGT	62.0	1323.6	-3.454
AGGGGT	137.0	3205.2	-3.448
CGGTAT	27.0	484.8	-3.448
ACCGCC	27.0	610.8	-3.442
GCACTA	96.0	2160.5	-3.438
AACTGA	246.0	5990.3	-3.437
AGGTAG	169.0	4011.4	-3.428
TTCTCG	43.0	862.3	-3.411
CGTAAC	22.0	373.2	-3.400
ACCCAC	109.0	3567.1	-3.400
ACGCCG	17.0	308.9	-3.399
GATGGG	175.0	4178.3	-3.394
GTACGC	15.0	317.4	-3.392
ACGGGG	40.0	791.7	-3.392
GGACAG	202.0	4862.8	-3.385
AAAGCA	401.0	10076.4	-3.383
GGCTAG	115.0	2634.5	-3.383
TCGACG	6.0	99.0	-3.382
CGGACA	31.0	580.0	-3.381
CCCCTA	73.0	1915.8	-3.378
GTATCG	18.0	383.5	-3.378
AGTGGT	189.0	4535.6	-3.373
TGGCGT	46.0	937.9	-3.362
ATCTTG	220.0	5335.2	-3.361
CCATAG	126.0	2926.2	-3.359
ACTCTC	133.0	3115.0	-3.334
ATAAGT	221.0	5368.9	-3.331
TATGAC	139.0	3275.5	-3.325
AAAGTG	307.0	7602.6	-3.321
ACGCAC	34.0	1095.6	-3.316
GGGGTG	193.0	4655.0	-3.314
GGCTCG	40.0	796.4	-3.313
AGAGAA	505.0	12824.1	-3.311
CACGTC	23.0	751.1	-3.307
GATACG	17.0	435.6	-3.306
CACGAC	24.0	504.8	-3.306
ATGATG	267.0	6578.2	-3.305
CGAAAC	30.0	560.8	-3.303
TATTGT	336.0	8387.9	-3.302
CCCGAC	25.0	532.6	-3.295
CCGTAA	29.0	539.0	-3.283
ACGCGG	17.0	281.2	-3.279
TCCATA	167.0	3980.7	-3.276
CGGCCC	22.0	736.3	-3.267
GGCGCT	45.0	920.6	-3.260
CGCGCA	20.0	493.8	-3.251
CTTTCG	42.0	848.1	-3.247
CGGTAC	15.0	314.7	-3.242
TTAAAC	258.0	6366.7	-3.237
GCGATA	7.0	332.1	-3.235
ACTGAC	137.0	3235.9	-3.223
GAAAGG	293.0	7279.4	-3.218
CTTAAT	221.0	5389.0	-3.211
GCGGGA	43.0	1003.7	-3.174
GCGAAA	31.0	591.4	-3.161
TGCAGT	241.0	5930.1	-3.161
GTCTAA	121.0	2819.3	-3.158
GTATTT	452.0	11457.6	-3.157
ACTTGT	216.0	5261.1	-3.152
TAGACT	156.0	3729.0	-3.152
TATAGA	241.0	5934.0	-3.138
TAACCT	145.0	3435.0	-3.136
CAGCCA	220.0	5377.8	-3.128
GTCCAC	86.0	1937.2	-3.115
TAAGTG	214.0	5241.2	-3.110
ACTAAA	255.0	6306.2	-3.106
CGACTG	34.0	666.2	-3.101
AACGGA	40.0	810.3	-3.099
AATACT	241.0	5942.5	-3.094
GAAGCC	161.0	3873.1	-3.087
TTCGAA	39.0	787.3	-3.085
CCTTCG	30.0	805.3	-3.081
CGATCG	3.0	161.1	-3.074
GAGCCG	50.0	1057.5	-3.072
ACTCCC	110.0	2567.3	-3.071
CAGTGC	192.0	4668.8	-3.066
GTCAGA	179.0	4341.8	-3.054
TGGAAT	292.0	7286.1	-3.053
GCACAT	220.0	5391.3	-3.052
GCCGTA	16.0	396.1	-3.046
ACCGAC	12.0	423.7	-3.045
GTAGCG	12.0	447.9	-3.044
TGTTTA	478.0	12192.4	-3.041
CACCCG	39.0	790.4	-3.040
GTCGCA	19.0	411.1	-3.038
AACGAA	58.0	1260.9	-3.017
CTGTGT	459.0	11680.5	-3.010
CGAGTT	44.0	914.2	-3.006
GCTAAG	139.0	3320.1	-2.998
GGTAAC	69.0	2115.1	-2.987
GGGGCA	125.0	3462.9	-2.987
CGCTGT	43.0	1046.6	-2.987
GCACAC	170.0	5115.2	-2.987
GACTAG	73.0	2346.3	-2.987
TACGAT	17.0	547.2	-2.987
GCAGTA	141.0	3349.4	-2.983
AACGGC	28.0	531.2	-2.981
CCGTTA	14.0	491.5	-2.980
ACACCG	32.0	627.8	-2.965
CGAAGT	33.0	651.5	-2.960
CCACAC	148.0	3796.0	-2.954
CCGTAG	21.0	538.0	-2.954
AGTGTT	301.0	7538.3	-2.954
TTTAAC	261.0	6480.2	-2.946
CGTTAT	35.0	700.2	-2.938
CGATTG	24.0	633.9	-2.936
GCCGTT	27.0	576.2	-2.933
TTACTG	233.0	5751.8	-2.921
TGTAGT	236.0	5838.7	-2.910
GGACGA	22.0	638.7	-2.909
TGCCTA	158.0	3823.4	-2.887
GTAAGC	117.0	2749.9	-2.886
AACCGT	32.0	666.5	-2.882
ACCTAC	99.0	2302.3	-2.881
CGATTA	26.0	490.6	-2.878
AACGCT	30.0	818.3	-2.873
CACCTT	159.0	3854.4	-2.862
GAAATG	387.0	9821.4	-2.858
TGCTGA	284.0	7100.6	-2.855
TGTGAT	298.0	7474.1	-2.855
ACCACC	125.0	2967.7	-2.849
AGCTAG	140.0	3370.7	-2.843
GTAACT	159.0	3857.1	-2.842
GACTGG	149.0	3586.3	-2.841
CGTATC	18.0	389.9	-2.840
GTGAAC	127.0	3022.5	-2.840
TGCTAA	214.0	5292.7	-2.835
CGTCGG	7.0	222.9	-2.832
TATACC	119.0	2811.6	-2.822
CTTGGC	169.0	4107.8	-2.815
CACGGA	30.0	1028.2	-2.812
GAACGC	29.0	838.6	-2.811
CTCCGA	39.0	807.3	-2.795
AACGTT	57.0	1255.3	-2.792
CTACAC	120.0	2842.3	-2.790
AATCGA	35.0	710.7	-2.786
CTCGGC	40.0	832.5	-2.785
AGCGCA	24.0	814.3	-2.778
CTGCCC	182.0	4472.1	-2.768
AGATGT	276.0	6920.5	-2.760
CCGTCC	32.0	663.8	-2.756
ACCCGG	39.0	810.8	-2.753
TCCTGC	199.0	4918.4	-2.750
CAAGCG	32.0	643.0	-2.725
AGACCG	33.0	666.0	-2.725
ACCTCC	110.0	2613.6	-2.715
ACTACC	52.0	1840.5	-2.706
TCGCGA	8.0	140.9	-2.705
TTATCG	28.0	547.1	-2.703
AAATGC	333.0	8442.0	-2.700
AGTCGT	27.0	627.4	-2.693
TTCCGC	19.0	571.8	-2.693
GTAGCT	162.0	3964.6	-2.693
TATACT	201.0	4957.2	-2.691
TCGCGG	15.0	247.9	-2.689
TGTGTA	622.0	16124.9	-2.685
GCCTCC	158.0	4132.8	-2.677
GTTACC	85.0	1962.2	-2.666
GATTGA	144.0	3479.7	-2.662
ACAATA	213.0	5298.0	-2.660
CATAAG	157.0	3833.8	-2.658
GCTGAC	127.0	3049.2	-2.655
CGTAGA	32.0	647.8	-2.648
ACTGAA	280.0	7061.2	-2.648
ACTGGT	148.0	3591.3	-2.645
ATACTA	163.0	3972.3	-2.644
TACCAG	128.0	3078.4	-2.641
TGACCC	110.0	2625.0	-2.633
TACCTC	110.0	2625.5	-2.633
AGGGGC	123.0	2945.5	-2.629
CTAAAC	137.0	3322.7	-2.628
TGAAGG	243.0	6094.3	-2.626
CCGCTC	29.0	697.6	-2.624
TTCATC	189.0	4666.1	-2.616
CGTACG	10.0	154.2	-2.615
CGGTGA	40.0	845.8	-2.611
GTAAAT	311.0	7883.8	-2.601
ACAGAC	190.0	4697.1	-2.601
TCGCGC	4.0	270.7	-2.599
GCTCGT	28.0	623.9	-2.597
GTATAG	161.0	3955.3	-2.589
GCTTTC	226.0	5650.7	-2.587
GCTAAC	87.0	2024.9	-2.582
CCTCAC	128.0	3087.8	-2.580
GTGGTA	162.0	3984.2	-2.578
TTGACT	208.0	5175.6	-2.575
ACGCCT	29.0	977.1	-2.574
CGAGAT	40.0	848.2	-2.572
CCGCCG	28.0	555.0	-2.572
TGCGAG	35.0	725.1	-2.570
TAGTAG	137.0	3332.5	-2.569
CGTTGG	34.0	702.0	-2.565
GTCGAA	12.0	477.8	-2.562
CCGTGC	38.0	920.1	-2.555
CGTTAC	9.0	477.3	-2.553
TTAAGA	327.0	8336.9	-2.543
TGGGTT	264.0	6655.5	-2.541
GATACC	81.0	1898.2	-2.541
CGACCC	24.0	462.6	-2.538
TACGGT	21.0	520.6	-2.535
ACCGTG	45.0	977.8	-2.527
TGCCGG	40.0	876.6	-2.524
TTGTGA	324.0	8255.7	-2.517
AGACTG	210.0	5244.7	-2.512
CAGTGA	237.0	5950.2	-2.508
GTCTCG	30.0	810.7	-2.507
TAGCCG	24.0	464.5	-2.503
GCAGCA	210.0	5246.4	-2.501
GTGGAC	107.0	2564.6	-2.497
TAGCTA	145.0	3534.2	-2.492
CGGAGG	43.0	1165.2	-2.488
TCCGTG	52.0	1157.7	-2.487
TGGAGC	175.0	4331.4	-2.486
ACCCTC	82.0	2401.5	-2.484
CGAAGG	30.0	831.5	-2.481
AGGCTA	145.0	3538.4	-2.467
CCCACA	114.0	4402.4	-2.464
GTACCA	90.0	2772.4	-2.464
TGACCG	28.0	658.9	-2.463
AACACC	127.0	3080.4	-2.453
GCGAAT	15.0	483.4	-2.448
TGCGCT	35.0	826.8	-2.447
TAGTGG	143.0	3489.9	-2.440
CGGCTT	42.0	909.7	-2.440
CTTAAA	328.0	8365.9	-2.431
GTCGAC	10.0	242.2	-2.428
CCCGGC	52.0	1163.9	-2.424
ACGGCA	31.0	757.2	-2.417
GCTTCG	38.0	811.2	-2.417
GTAACC	85.0	1993.1	-2.416
TCCGGT	32.0	663.3	-2.415
CACCGC	33.0	688.2	-2.407
TGAAGT	284.0	7206.9	-2.405
TTTCGC	29.0	590.1	-2.403
AAGGCC	140.0	3441.4	-2.401
CTTTGC	245.0	6173.5	-2.398
GTCTAC	104.0	2498.5	-2.398
GCTTTT	418.0	10799.2	-2.384
AATAGT	225.0	5666.5	-2.382
CGCTAG	11.0	421.3	-2.382
GTTGAC	99.0	2369.9	-2.373
GGCTTA	130.0	3175.0	-2.372
CCCGCT	24.0	882.4	-2.369
TAAGAC	148.0	3637.7	-2.368
TCGGCT	33.0	691.6	-2.366
AACGAG	45.0	992.4	-2.354
CGTCCT	38.0	816.2	-2.354
CGCAGT	36.0	767.8	-2.349
CGCAAT	19.0	354.5	-2.344
GTATCA	126.0	3071.5	-2.343
GACTTG	164.0	4055.5	-2.337
ACCTTT	245.0	6190.0	-2.334
TACGCG	10.0	151.1	-2.316
GATAGC	111.0	2698.5	-2.315
AACCGG	8.0	613.5	-2.307
CTTATC	113.0	2754.4	-2.295
TGGTTC	158.0	3925.9	-2.294
ATCGCT	26.0	666.2	-2.293
GTTGCG	12.0	492.6	-2.290
CGCCCT	41.0	908.7	-2.289
CCGAAG	40.0	872.2	-2.289
TCGCCC	27.0	599.3	-2.282
TTGACG	30.0	624.5	-2.278
GTACGT	41.0	898.7	-2.276
TTTAAA	1068.0	28307.4	-2.266
GGCCCG	40.0	874.6	-2.266
CGTACA	30.0	625.9	-2.264
TCATCT	224.0	5666.3	-2.256
GTAGAT	170.0	4237.8	-2.252
CCGAAC	19.0	359.4	-2.251
TTAAAT	563.0	14709.1	-2.250
GAAGTT	244.0	6210.2	-2.244
GGCGTT	35.0	751.8	-2.239
GGGTAA	111.0	2710.8	-2.235
TTCCCG	44.0	978.2	-2.232
CTAACG	31.0	652.7	-2.231
AGGCCA	204.0	5136.5	-2.227
TGACTT	269.0	6877.2	-2.219
TAGGAT	168.0	4190.0	-2.216
GAACCG	25.0	670.9	-2.211
CCCACG	48.0	1082.3	-2.208
TCGCTG	46.0	1031.2	-2.203
ATAACT	207.0	5228.7	-2.192
TCCGTA	31.0	655.1	-2.191
GTGCTA	135.0	3342.0	-2.190
TACGGC	9.0	337.9	-2.190
AGGAAA	483.0	12589.0	-2.185
GCCGTG	46.0	1033.5	-2.182
GCCAAG	144.0	3562.1	-2.176
ACGGGT	29.0	607.6	-2.175
TCTTCG	40.0	882.7	-2.174
CCCATG	158.0	3948.0	-2.174
TTGGGG	236.0	5999.2	-2.171
TAGGCC	76.0	1814.8	-2.170
CCTCGC	20.0	742.9	-2.159
AAGATT	303.0	7795.7	-2.156
CTCTTT	349.0	9005.6	-2.156
TGCGTT	50.0	1139.6	-2.153
AGTAGC	125.0	3078.8	-2.138
TAAGTA	238.0	6064.4	-2.138
CACTCC	116.0	2834.5	-2.137
ACGGCC	16.0	522.8	-2.137
CCTACG	13.0	459.1	-2.131
GCCGCC	46.0	1038.0	-2.130
AGCCTC	150.0	3736.6	-2.128
ATCCGT	23.0	678.2	-2.127
GTGCTC	156.0	3902.6	-2.126
ACGCGC	19.0	366.0	-2.125
TCCGAC	20.0	390.8	-2.123
GAGGAA	298.0	7660.0	-2.117
AAGCGG	27.0	710.6	-2.115
GCCGAC	22.0	440.9	-2.108
AGAACG	50.0	1144.2	-2.104
CATACC	103.0	2515.5	-2.104
AGCTGT	256.0	6561.2	-2.102
AAACTA	263.0	6735.9	-2.100
GCAATA	131.0	3249.0	-2.096
TCGATG	33.0	712.0	-2.095
GCCGGG	60.0	1405.0	-2.081
TGTGGC	213.0	5426.0	-2.076
CGTAGC	26.0	540.4	-2.069
CCTCAG	191.0	4834.9	-2.069
CGCTGA	43.0	969.6	-2.060
CCCGGT	24.0	606.6	-2.057
CTCCGC	16.0	929.7	-2.057
GACCGT	26.0	541.8	-2.055
ACTTAA	232.0	5914.5	-2.054
CGTTGT	43.0	970.2	-2.049
AATCGC	25.0	517.7	-2.048
ACACGA	37.0	817.7	-2.047
AGCCAA	175.0	4419.2	-2.045
TAGACG	25.0	605.4	-2.044
GTCCTA	95.0	2311.4	-2.037
ACAAGT	179.0	4533.4	-2.032
ACAGTT	237.0	6063.0	-2.032
TCCGTC	28.0	592.4	-2.032
GTTACG	26.0	543.6	-2.027
ACGACA	28.0	671.9	-2.027
TTGGCG	28.0	790.9	-2.026
AAACGC	38.0	844.1	-2.026
CCTACT	111.0	2745.0	-2.026
ACCAAC	109.0	2692.0	-2.022
CAACAC	120.0	2962.1	-2.022
GGGACA	152.0	3812.3	-2.021
ATGGTC	114.0	2827.6	-2.019
CGGTAA	24.0	562.0	-2.017
ATTGAC	125.0	3101.0	-2.014
ACTAGC	61.0	1970.1	-2.013
GTGACG	34.0	766.0	-2.013
ACCGCT	22.0	637.1	-2.011
TAAAGA	393.0	10255.7	-2.005
AAATAG	319.0	8251.3	-2.003
TCACGC	20.0	603.8	-2.000
TACCCC	68.0	1625.5	-1.999
GATAAC	105.0	2586.1	-1.997
TCAGTT	249.0	6387.3	-1.997
GCCCTC	110.0	2722.7	-1.993
GTACTT	172.0	4346.6	-1.993
GAGTCG	29.0	621.3	-1.990
GGAGCC	129.0	3213.8	-1.989
GTATTA	182.0	4627.4	-1.989
CCGGCG	18.0	457.0	-1.987
ATGATA	249.0	6390.0	-1.985
TCACCC	94.0	2293.6	-1.983
TTCCTT	455.0	11919.1	-1.977
GTTCTC	164.0	4127.7	-1.975
CTCGCG	12.0	316.5	-1.974
AGAGGT	192.0	4883.6	-1.974
TCCCGA	41.0	926.5	-1.970
ACAGTG	249.0	6394.7	-1.968
CCGGTG	36.0	799.1	-1.967
GTTCGG	18.0	559.3	-1.963
GTCACG	33.0	723.1	-1.963
GGCGGA	28.0	942.9	-1.962
CCCCGA	35.0	775.1	-1.954
CCGACG	11.0	187.8	-1.953
TTCCGT	48.0	1108.3	-1.952
GTACAA	136.0	3413.2	-1.951
TTCCCC	178.0	4524.7	-1.948
CTCCCG	39.0	1224.9	-1.946
ACGAGG	28.0	895.9	-1.942
TGTCTG	361.0	9402.1	-1.939
GACATT	214.0	5488.2	-1.930
TGACAG	203.0	5177.7	-1.925
ACTTTA	289.0	7482.9	-1.923
GGCGTA	12.0	323.9	-1.922
GCCACT	124.0	3089.6	-1.921
GAGTTC	206.0	5263.7	-1.921
AGCTCT	214.0	5491.5	-1.917
GCGCTA	14.0	393.0	-1.909
AGCCGT	34.0	754.7	-1.907
TGGGGA	255.0	6585.9	-1.905
GGGCCC	73.0	1771.3	-1.899
GACCCG	30.0	654.7	-1.890
CTACCG	13.0	521.5	-1.889
CCTAGC	101.0	2497.7	-1.886
ATACTC	107.0	2661.0	-1.885
CGGCTC	37.0	832.3	-1.883
CTATTC	124.0	3096.4	-1.883
TGGTAA	196.0	5018.5	-1.879
CATCTT	251.0	6477.8	-1.876
GTCGGC	24.0	505.8	-1.872
TATCAG	157.0	3983.2	-1.869
AGTATT	274.0	7089.1	-1.868
CCAATG	136.0	3429.9	-1.866
ACCGAT	22.0	499.9	-1.866
CCATCG	29.0	632.0	-1.865
GGACAA	137.0	3457.5	-1.864
GTCTCC	133.0	3347.7	-1.863
TTACTC	129.0	3237.8	-1.863
TACCCG	14.0	450.5	-1.863
GTGATC	95.0	2339.9	-1.862
AACGAC	16.0	550.4	-1.861
GGGGTC	85.0	2070.4	-1.859
GTGATG	205.0	5254.1	-1.845
CTGTTG	241.0	6228.7	-1.838
GCGGCA	26.0	753.4	-1.834
TCGGAG	35.0	786.6	-1.833
AAAGGA	394.0	10317.2	-1.828
GATTTG	233.0	6001.7	-1.826
CTACTG	141.0	3548.5	-1.826
CTACCC	79.0	1942.4	-1.820
TCCGAA	30.0	660.4	-1.819
CCGTCT	34.0	762.9	-1.819
ATACGG	24.0	509.8	-1.818
GGTCGC	15.0	470.4	-1.816
TAGAGG	153.0	3884.0	-1.813
CGACAG	23.0	629.7	-1.809
AGCGGG	42.0	969.9	-1.806
CGATGC	29.0	636.2	-1.805
TTAGTG	205.0	5265.0	-1.799
AACCAC	146.0	3693.7	-1.797
TTGCGC	22.0	462.0	-1.796
CTAAGT	149.0	3776.3	-1.796
ACCGAA	26.0	763.4	-1.795
AGGCCT	145.0	3665.8	-1.793
ACCCGC	25.0	536.2	-1.790
CGTACT	17.0	477.3	-1.790
CACCAA	142.0	3584.9	-1.784
ATAAAG	328.0	8558.1	-1.783
GCTATT	171.0	4366.1	-1.779
CGGCGT	14.0	266.7	-1.776
CGACCT	22.0	515.8	-1.771
AAGACT	217.0	5587.3	-1.767
AAACTT	346.0	9071.4	-1.766
CTTCGC	25.0	586.3	-1.766
ACTGCG	24.0	724.6	-1.766
CGTAAG	22.0	595.5	-1.763
CGTTCT	48.0	1130.3	-1.763
TGCCCC	107.0	3138.9	-1.761
AGACTT	230.0	5962.7	-1.761
AGAAGA	458.0	12096.1	-1.759
TGCTCC	150.0	3812.8	-1.756
TAATCG	23.0	489.5	-1.753
TTTTCC	445.0	11727.0	-1.753
CCCTCG	33.0	743.5	-1.750
CTAGCG	21.0	440.1	-1.744
ATATCG	22.0	465.1	-1.741
CGACGT	8.0	127.8	-1.741
ACGACT	18.0	582.9	-1.734
ATAGCG	20.0	509.7	-1.733
GACCCC	68.0	1887.3	-1.731
ATCCGC	29.0	643.1	-1.724
TATATA	809.0	21594.8	-1.723
CGCGAC	12.0	221.9	-1.723
CTAACC	77.0	2064.8	-1.722
GACAAG	153.0	3904.3	-1.719
CGTGAC	16.0	725.8	-1.718
GCTCTT	206.0	5315.1	-1.717
TAATCA	171.0	4381.5	-1.717
TCATAC	123.0	3102.4	-1.714
CTCATC	121.0	3047.5	-1.713
CGGTTA	16.0	609.5	-1.713
GATCTC	115.0	2882.3	-1.712
GGTAGC	80.0	1987.0	-1.709
TCCAGT	182.0	4693.2	-1.707
CAAGTC	118.0	2966.1	-1.704
CGAGGG	21.0	971.6	-1.701
GAAATA	362.0	9515.1	-1.701
CTGGTC	136.0	3465.2	-1.695
AATCGG	19.0	558.8	-1.693
GAGTCC	104.0	2613.4	-1.688
GCGATT	28.0	621.4	-1.687
TGAACC	131.0	3329.9	-1.684
AACTCG	37.0	853.9	-1.680
AGTTGA	189.0	4871.9	-1.677
CAGCAC	183.0	4701.1	-1.677
CCGAAT	28.0	622.1	-1.675
TACGAG	22.0	470.9	-1.675
GACTCG	22.0	663.3	-1.668
GGTTAA	132.0	3360.3	-1.667
AGAAGC	227.0	5902.7	-1.666
TACAGC	127.0	3222.2	-1.666
ATAGAT	258.0	6742.0	-1.663
CGTCTA	23.0	496.4	-1.662
GAAAAC	295.0	7710.6	-1.659
GTCTTG	168.0	4311.5	-1.658
TTCACC	117.0	2951.7	-1.644
TACGTG	51.0	1223.7	-1.644
TTTGTG	519.0	13781.0	-1.643
TGACGG	24.0	695.9	-1.643
ATATAC	258.0	6748.7	-1.642
TTGGCT	235.0	6111.9	-1.639
CTGTTA	204.0	5281.0	-1.631
CGTCCG	13.0	250.4	-1.629
CATTGT	254.0	6637.9	-1.624
TTGCCG	32.0	729.5	-1.620
GACGTG	38.0	952.9	-1.610
AGTGCT	263.0	6876.6	-1.608
CGGATG	33.0	757.7	-1.606
ACAGCC	148.0	3791.2	-1.606
GTGATT	202.0	5231.9	-1.604
TAACAC	124.0	3152.3	-1.602
GCGTAC	14.0	276.1	-1.600
TATGGC	119.0	3015.4	-1.600
GCGACC	21.0	451.1	-1.596
CTAAGA	180.0	4666.8	-1.592
GCTGAT	142.0	3627.0	-1.589
CCCGAA	28.0	630.1	-1.586
GAACTG	189.0	4895.1	-1.584
GCCAAA	152.0	3909.0	-1.584
TCTGTG	420.0	11117.9	-1.577
ACTATT	207.0	5382.6	-1.576
AGGATT	212.0	5525.4	-1.575
TTCGAG	62.0	1525.8	-1.568
CGCTAC	15.0	369.4	-1.565
TCTTGT	280.0	7359.8	-1.564
GTAGTT	163.0	4193.9	-1.564
CCTAAG	120.0	3052.0	-1.558
CCAAGC	118.0	2996.9	-1.556
TCCTTC	229.0	5992.9	-1.556
CGCATA	24.0	530.8	-1.555
GCGCAC	40.0	944.9	-1.555
ACTGCT	204.0	5302.2	-1.554
CCGGTT	26.0	581.4	-1.554
GGGTCG	20.0	594.3	-1.548
ACTGAT	166.0	4282.4	-1.545
AGTCCT	157.0	4058.2	-1.541
ATCGAC	18.0	379.7	-1.540
GGCGAA	21.0	558.2	-1.538
TACCTT	173.0	4483.0	-1.538
CCTCCA	164.0	4228.3	-1.538
GGGTTG	146.0	3751.6	-1.536
TTCTGT	464.0	12346.1	-1.536
GTCGTG	26.0	741.6	-1.535
TACCAA	136.0	3501.0	-1.535
TGCGTC	28.0	635.3	-1.533
CCGGGG	51.0	1238.5	-1.528
TTTCCC	275.0	7224.5	-1.527
AAAGCT	263.0	6904.1	-1.520
CGCGTC	11.0	240.1	-1.517
AACCCC	79.0	2478.8	-1.513
TTAAAG	432.0	11486.9	-1.509
ACGGTG	35.0	993.4	-1.506
CTAGCC	96.0	2429.7	-1.505
GACTAA	117.0	2979.5	-1.504
AGCGCT	41.0	977.1	-1.503
GAGGCG	32.0	1072.5	-1.501
ACGTTC	32.0	742.9	-1.500
ATTCCG	24.0	535.2	-1.498
AGTGAC	151.0	3901.4	-1.494
GGGGCC	86.0	2158.7	-1.494
GAATTG	201.0	5236.0	-1.491
TGGCCA	169.0	4382.5	-1.487
GTATCT	170.0	4410.4	-1.487
ACCCCG	28.0	810.8	-1.484
TATCGG	17.0	358.0	-1.484
CATAGG	114.0	2929.0	-1.482
GTCTCT	217.0	5669.0	-1.481
GCGGTT	19.0	678.2	-1.479
GTCCCC	89.0	2280.5	-1.479
CGCGAT	8.0	152.2	-1.476
CTATAC	102.0	2600.1	-1.474
TGCGGG	41.0	981.9	-1.470
CACGGG	43.0	1034.4	-1.464
ACCCTA	93.0	2355.4	-1.463
TAGGAG	146.0	3769.1	-1.463
CCTTCA	172.0	4474.1	-1.459
ACGCTC	18.0	590.9	-1.456
CCGTCA	24.0	539.3	-1.453
CTGGTA	135.0	3492.1	-1.451
TGGCTG	292.0	7723.9	-1.449
CAGTTT	320.0	8468.1	-1.447
GCGTCC	26.0	591.6	-1.445
ACGAGC	25.0	566.7	-1.438
CGGTTG	27.0	679.6	-1.434
GCGCCC	34.0	801.1	-1.433
CAAATT	282.0	7464.7	-1.429
CGTTTT	86.0	2171.2	-1.427
CGGGTT	35.0	828.4	-1.425
GCACCC	82.0	2063.5	-1.419
GTATGT	522.0	13987.0	-1.412
ACTTAG	152.0	3951.9	-1.407
CGGGGA	51.0	1255.1	-1.404
TGGCGG	48.0	1175.4	-1.404
GACGTT	32.0	753.4	-1.397
TCTAGT	144.0	3729.1	-1.396
TACGCT	16.0	464.1	-1.396
CAACCT	111.0	2865.6	-1.395
CGGGAA	46.0	1125.0	-1.392
GTATAT	379.0	10113.3	-1.384
TTTGAC	197.0	5182.0	-1.382
GAAAGC	201.0	5292.5	-1.381
GTAGTC	82.0	2070.9	-1.380
CGTGGG	39.0	1409.2	-1.380
TCAGTG	239.0	6310.0	-1.379
ATAGCT	177.0	4639.8	-1.379
CTGAAG	258.0	6836.8	-1.375
GCGGGT	36.0	861.4	-1.374
TTGATA	225.0	5933.2	-1.374
AAAAGC	292.0	7752.4	-1.371
GTGAGG	160.0	4475.5	-1.371
AATGGG	187.0	4995.5	-1.370
CGGGCC	32.0	756.2	-1.370
TGGCTC	154.0	4589.9	-1.369
AGGATC	117.0	3009.5	-1.368
AGCCTA	79.0	2932.1	-1.366
GCTGTG	261.0	6898.6	-1.364
AGTCGG	34.0	809.7	-1.363
TTCGCC	26.0	600.4	-1.363
TTTGGG	308.0	8171.9	-1.363
TGTCGG	19.0	677.0	-1.362
TTACAT	241.0	8574.0	-1.361
TCGGGC	29.0	679.0	-1.361
GAGAAG	284.0	7519.8	-1.361
CGTGTC	40.0	984.2	-1.359
TATATT	477.0	12774.5	-1.359
GTTAAA	253.0	6696.7	-1.357
GCTCGA	10.0	504.9	-1.357
GCCCGG	49.0	1209.4	-1.356
CAACTA	102.0	2625.1	-1.355
GGAAAC	197.0	5189.3	-1.354
TTGTGT	484.0	12967.6	-1.352
TGCTAG	127.0	3933.8	-1.351
GACGTA	20.0	521.8	-1.350
GAAGAA	424.0	11341.2	-1.346
CTAGCT	125.0	3399.1	-1.344
GGGGTT	143.0	3714.1	-1.343
TCTTAT	230.0	6088.5	-1.343
CTTTCA	264.0	6995.1	-1.341
CTCCTA	118.0	3044.9	-1.341
TACCAT	151.0	3971.8	-1.340
ATGCCC	101.0	3662.6	-1.337
TATAGT	199.0	5427.4	-1.328
GAGGCC	147.0	3831.0	-1.327
TTCCTG	268.0	8674.2	-1.326
GATTAC	72.0	2562.0	-1.326
TGGACA	152.0	4568.0	-1.325
TGTGTT	526.0	14126.6	-1.325
GGTTGG	130.0	4073.8	-1.325
AAGCAG	249.0	7128.6	-1.324
GCGTTG	29.0	682.2	-1.323
CCACTA	97.0	2494.2	-1.321
TCGAAA	40.0	974.5	-1.317
TCCGCT	22.0	660.2	-1.315
CGTTAA	28.0	708.9	-1.314
ATATAG	199.0	5507.9	-1.313
GACAGT	155.0	4143.3	-1.311
ACGTCT	28.0	850.3	-1.311
AGGACA	227.0	6012.7	-1.310
CTTAGC	118.0	3205.4	-1.309
TCCCCA	172.0	4517.9	-1.308
TACCAC	111.0	2884.6	-1.308
TGCCGA	30.0	710.0	-1.306
TAAAGT	291.0	7973.0	-1.303
TGGTGA	192.0	5629.0	-1.303
CGTCGT	10.0	195.8	-1.303
CGAGGA	43.0	1168.8	-1.302
GTGCCG	32.0	764.9	-1.300
TTAACT	237.0	6278.4	-1.299
ATACAC	195.0	5556.4	-1.299
ACGAGA	40.0	988.0	-1.299
TATCGT	25.0	580.5	-1.294
TTTATA	511.0	14709.4	-1.294
TTAATA	367.0	9799.6	-1.291
GACAGC	159.0	4181.1	-1.290
TCCACC	114.0	2972.7	-1.289
CGCCCG	27.0	634.2	-1.285
TGTTCG	33.0	868.5	-1.284
GATGAA	236.0	6320.2	-1.281
TTATAC	149.0	4291.3	-1.281
TCAGAC	140.0	3675.6	-1.279
GTAGGC	70.0	2198.6	-1.279
GTTATT	275.0	7313.9	-1.277
GGCGTG	61.0	1699.2	-1.277
GGTCAG	135.0	3535.5	-1.275
TGTTGA	279.0	7433.6	-1.274
GGGCAG	180.0	4756.2	-1.272
ATGCTC	134.0	4073.3	-1.272
CGAATT	30.0	714.1	-1.271
GTTTAC	138.0	3622.6	-1.267
TCGCTA	20.0	454.0	-1.267
TCTTAA	285.0	7584.2	-1.266
GAAAAG	391.0	10484.0	-1.264
GCGTGT	66.0	2110.4	-1.264
ACACTG	201.0	5901.7	-1.261
GTCCGA	17.0	426.0	-1.260
CCTTTC	224.0	6204.2	-1.257
TCGGCC	27.0	637.9	-1.257
AGGACG	22.0	915.9	-1.255
TCGGAT	25.0	584.8	-1.255
CTCGTA	21.0	480.2	-1.255
TGCCAG	144.0	4988.9	-1.255
CGATAT	20.0	596.6	-1.254
TAAACC	141.0	3695.6	-1.253
TGGAAC	196.0	5192.8	-1.252
ATTCAA	217.0	5742.0	-1.250
TTACCC	82.0	2265.7	-1.250
TGAATC	123.0	3887.1	-1.249
AACAGT	194.0	5444.4	-1.249
CATACT	136.0	3647.1	-1.248
AAGTCT	205.0	5426.0	-1.247
ACCTGG	155.0	4080.2	-1.245
CCACGT	48.0	1198.6	-1.243
ATCTTT	336.0	9850.1	-1.243
TCTGTC	239.0	6356.8	-1.242
CATTCG	29.0	691.3	-1.242
CGTCAT	29.0	692.0	-1.242
GTGGTG	226.0	6454.8	-1.240
TGCACA	292.0	7803.4	-1.238
CAGCTT	184.0	5716.1	-1.238
ATCTTA	195.0	5169.8	-1.235
CGGACC	19.0	430.2	-1.235
TGGGAT	184.0	6597.5	-1.234
CTTGAC	107.0	3174.8	-1.233
CTGAAC	136.0	3822.4	-1.233
CTTTTC	357.0	9802.3	-1.229
GTATTC	121.0	3573.3	-1.229
CGGAAA	36.0	1047.8	-1.225
CTACAG	168.0	4427.3	-1.225
CTTAAG	160.0	4229.9	-1.221
ACTAGA	140.0	3691.5	-1.221
CCCGGA	40.0	987.3	-1.220
GGAGGC	163.0	4364.1	-1.219
TGGGGC	134.0	3881.2	-1.218
AGTAAC	124.0	3241.9	-1.217
CTTAAC	117.0	3372.9	-1.216
CGATTC	23.0	536.1	-1.214
GATCGT	23.0	536.7	-1.214
CACTAC	74.0	1911.2	-1.213
GCCGCA	15.0	707.9	-1.213
CACCAC	129.0	3912.0	-1.211
CTTACT	166.0	4375.3	-1.210
CGTTTA	41.0	1015.5	-1.209
AAGCTG	234.0	6222.1	-1.209
GGAGAA	270.0	7221.1	-1.209
CTTAGA	182.0	4833.6	-1.208
CGTTTG	55.0	1393.4	-1.208
AAATAC	317.0	8504.2	-1.207
GGCCAC	96.0	2492.4	-1.204
AGGGGA	180.0	5613.3	-1.203
TAGTGA	170.0	4491.8	-1.202
TCCGTT	29.0	882.9	-1.195
GCTTAT	149.0	3959.5	-1.195
CTAATC	73.0	2033.7	-1.195
GGCCAA	104.0	2716.1	-1.194
CTAGTA	101.0	2633.1	-1.194
AACCTG	163.0	4324.2	-1.189
AGAACT	247.0	6580.3	-1.189
GTGATA	140.0	4105.0	-1.189
TGGGAA	304.0	8152.0	-1.189
AGTACC	86.0	2220.8	-1.183
TCGCAA	19.0	435.2	-1.180
TTTCTG	521.0	14079.6	-1.178
GAACCC	92.0	2387.3	-1.177
GCGTCT	32.0	779.2	-1.176
AGACAC	158.0	5086.8	-1.175
CCTATC	69.0	1988.2	-1.174
ATCCCG	26.0	620.2	-1.173
CCGACT	28.0	673.1	-1.171
CCACTG	164.0	4737.5	-1.170
CCTTTG	268.0	7179.8	-1.166
TAAGGA	173.0	5391.7	-1.165
TCCTTA	185.0	4904.8	-1.164
AGTATA	210.0	5598.1	-1.163
TGAAAT	429.0	11555.6	-1.163
AATCCG	25.0	727.2	-1.163
AGTGCG	29.0	775.0	-1.163
TTGCCC	94.0	3112.1	-1.159
CATCGT	31.0	838.2	-1.159
CTTCCC	157.0	4775.5	-1.156
GGAGAT	176.0	4678.3	-1.155
TCCTAA	170.0	4506.6	-1.154
CTTCCT	317.0	8527.1	-1.153
GTTCAG	156.0	4136.8	-1.152
TTGGTA	171.0	5049.1	-1.152
GAAGGC	121.0	3962.2	-1.150
CTAGTT	139.0	3682.9	-1.150
GCCTAA	81.0	2172.8	-1.148
CCTCCT	206.0	5487.1	-1.148
TAGATC	98.0	2561.8	-1.146
CAATAC	96.0	2505.5	-1.146
GATACT	110.0	2896.6	-1.145
GTAAGT	136.0	4546.5	-1.145
ACACAG	248.0	7249.9	-1.139
CTGTGA	275.0	7368.3	-1.137
TAACCC	86.0	2338.5	-1.136
TCGCCG	6.0	289.7	-1.136
TCTCTT	344.0	9260.5	-1.136
AAGCCG	31.0	881.9	-1.135
TAACCA	137.0	3721.7	-1.135
GCAGTG	205.0	5464.6	-1.132
ATCGAG	26.0	625.1	-1.129
TGTGGG	275.0	7372.4	-1.129
GGGCTT	147.0	3888.5	-1.126
ATATAT	852.0	23183.1	-1.126
TTACGT	42.0	1055.7	-1.124
TGAGGG	150.0	4559.3	-1.123
GGCCAG	175.0	4660.9	-1.122
CGGTGC	17.0	934.0	-1.120
CAGTAC	99.0	2887.0	-1.116
GTGCGC	38.0	1320.4	-1.115
ATTCCC	126.0	3325.6	-1.113
GTCATG	140.0	3960.8	-1.111
TGAAAG	291.0	8353.0	-1.109
ACTACA	141.0	3723.7	-1.108
GACAAT	123.0	3242.6	-1.107
GATCGG	18.0	459.8	-1.106
AATATA	410.0	11088.3	-1.104
GAAACT	244.0	6555.2	-1.104
CGAAAA	48.0	1221.5	-1.103
GGTACA	88.0	2795.6	-1.102
TGGCAG	188.0	5584.1	-1.101
ACAGCA	234.0	6262.9	-1.100
AATACG	25.0	772.8	-1.100
GCCAGC	158.0	4209.5	-1.100
CAGTTC	136.0	4013.9	-1.098
AGGATA	154.0	4380.0	-1.098
TACTCT	148.0	3925.7	-1.095
TGTCCC	136.0	3742.8	-1.095
AGTATC	106.0	2797.2	-1.095
GGAAGT	200.0	5332.8	-1.094
AACTAA	209.0	5594.1	-1.094
ACTAAC	94.0	2462.6	-1.093
ACGACC	17.0	390.8	-1.092
GATCGA	16.0	485.8	-1.091
TGGAAG	264.0	7361.8	-1.090
CTTTTA	418.0	12369.3	-1.090
TAAATC	196.0	5247.3	-1.089
CAGAGG	273.0	7329.9	-1.088
GCCGTC	22.0	523.4	-1.088
TTTAGC	172.0	4766.9	-1.087
GGTTCA	109.0	2885.0	-1.080
GAATAG	127.0	3887.3	-1.077
AGGGCG	33.0	1135.4	-1.077
GAAGAT	230.0	6185.0	-1.075
AGCCGG	40.0	1008.0	-1.075
CTCTCA	167.0	4446.5	-1.074
GAAAGT	254.0	6833.3	-1.072
CGGTCG	8.0	173.9	-1.071
TGATGT	265.0	7328.8	-1.070
AGCTTA	126.0	3754.2	-1.069
GTGGTC	74.0	2587.3	-1.069
TCGAAG	28.0	697.8	-1.069
GAGACG	26.0	892.1	-1.068
GTCGTC	19.0	446.8	-1.067
GACACT	132.0	3508.5	-1.066
CAAGCT	128.0	3897.8	-1.064
AGACTA	133.0	3812.8	-1.062
GGCCCT	104.0	2749.2	-1.061
CGCGTA	6.0	122.4	-1.061
ATAATC	146.0	3879.6	-1.060
ACGCAG	38.0	957.7	-1.058
AGACAT	228.0	6133.3	-1.057
GGATCG	16.0	500.3	-1.056
TTTACC	164.0	4366.9	-1.055
TGAAGA	322.0	9461.3	-1.055
GGAGGT	138.0	3977.0	-1.053
TAATCT	154.0	4695.3	-1.053
ATAACC	105.0	2780.5	-1.050
TGTTCT	345.0	9332.5	-1.049
CGTGCG	10.0	846.1	-1.048
CCTCTA	117.0	3090.2	-1.047
ACTCCG	26.0	635.2	-1.046
AAGAAG	375.0	10161.7	-1.044
TTAATC	167.0	4684.5	-1.042
TACACG	29.0	991.2	-1.031
TTCAGC	156.0	4174.8	-1.029
TCGGAA	30.0	745.1	-1.028
CAGACA	243.0	6556.7	-1.028
CGGATT	27.0	664.9	-1.027
GCACTC	100.0	2646.1	-1.027
TGGACG	31.0	773.0	-1.027
CATTAC	119.0	3152.1	-1.026
GTTGCT	201.0	5386.5	-1.026
TGGCCG	33.0	991.7	-1.022
AACCCG	26.0	652.6	-1.021
AACCCT	167.0	4464.4	-1.020
TCTGTT	363.0	9835.3	-1.020
TCAATA	172.0	4608.2	-1.019
CCTATA	109.0	2901.8	-1.019
TTAAGT	254.0	6855.2	-1.018
AGTGAT	175.0	5042.3	-1.015
GGCAGT	151.0	4036.6	-1.015
TACCTA	132.0	3524.4	-1.014
TGATAG	163.0	4352.0	-1.013
AATTGT	275.0	7596.6	-1.013
GTCTGG	143.0	3809.1	-1.010
GTTGGC	105.0	2979.0	-1.010
CCTAGT	103.0	2735.2	-1.010
CTGATC	94.0	2724.3	-1.004
TCGTCA	24.0	586.2	-1.002
TCTCGT	30.0	780.0	-1.001
GGTACG	17.0	399.4	-0.999
CTCTAT	145.0	3870.7	-0.999
CCAAAG	191.0	5136.2	-0.997
GGCGCC	33.0	830.5	-0.996
AGTTGT	217.0	5933.9	-0.995
CGCTAT	16.0	487.0	-0.994
AGTAGA	182.0	4905.4	-0.994
CCAACG	12.0	499.4	-0.994
TCCTCA	176.0	4732.7	-0.993
AAGCGC	29.0	722.9	-0.993
GTAATT	235.0	6335.2	-0.991
TCTGCT	248.0	6689.4	-0.991
CTAATT	193.0	5196.1	-0.990
TAGTTA	182.0	4908.7	-0.988
CTACTA	92.0	2432.3	-0.988
GCCTCT	198.0	5368.8	-0.987
ATTGAT	227.0	6132.8	-0.987
TAGTCG	14.0	443.2	-0.986
TAGTTT	338.0	9151.1	-0.986
TCATTG	213.0	5751.9	-0.986
TGACAT	218.0	5907.3	-0.986
CGCTGC	39.0	1256.4	-0.982
CACTTT	253.0	6945.8	-0.982
TCTAGC	109.0	2911.3	-0.981
AAATGG	312.0	8683.2	-0.981
CCAGAG	213.0	5753.9	-0.981
AGCCGC	31.0	779.9	-0.977
TAGGGA	144.0	3850.1	-0.972
TTGAAA	461.0	12541.6	-0.972
CAGATT	200.0	5378.2	-0.972
AACATG	226.0	6592.5	-0.971
CAGGCA	163.0	6163.7	-0.970
TAGCGC	17.0	402.5	-0.970
ATCGGA	18.0	534.5	-0.969
ATACGA	21.0	536.3	-0.968
CACTCT	154.0	4138.9	-0.968
ATCGAA	26.0	645.5	-0.967
TCGGTG	28.0	938.1	-0.967
TCGCAC	14.0	438.6	-0.967
GTAATC	86.0	2270.8	-0.966
CCGCTA	11.0	418.5	-0.966
GGTCAC	89.0	2354.8	-0.965
CTTTCC	257.0	6968.2	-0.964
GGTAAA	173.0	4657.9	-0.964
TGGTAG	143.0	4094.5	-0.963
TAATTA	329.0	8919.7	-0.962
CATCCT	155.0	4410.8	-0.962
GACTTA	121.0	3228.8	-0.961
GAGGAT	158.0	4255.5	-0.960
GAGGTC	109.0	2917.9	-0.960
TTAGAA	330.0	8952.1	-0.957
GAGGAG	230.0	6923.8	-0.957
TAATAC	138.0	3712.2	-0.957
ACTGGC	117.0	3116.1	-0.957
TCCCTG	174.0	5822.0	-0.956
ATCGTT	34.0	864.5	-0.955
AGTTTG	305.0	8289.4	-0.953
AGCGTA	13.0	479.8	-0.953
TAATAG	176.0	4747.1	-0.953
TGCGAA	16.0	605.3	-0.952
GGCTTT	239.0	6471.5	-0.950
TGCTCA	187.0	5442.6	-0.950
TAGCAC	87.0	2914.4	-0.948
AGACGT	35.0	987.9	-0.948
CGGAAT	24.0	593.8	-0.946
CAGACT	159.0	4289.0	-0.946
TTAGGC	94.0	2500.3	-0.943
CCTTAC	94.0	2500.9	-0.943
CATATG	253.0	6859.4	-0.943
ATGCCA	155.0	4929.1	-0.942
AGCTCG	22.0	668.7	-0.941
CCTACA	109.0	2924.2	-0.938
TAATCC	123.0	3292.8	-0.936
TATACG	28.0	703.9	-0.936
CGTCTC	31.0	785.9	-0.936
CACTCA	133.0	4254.7	-0.935
GCGTAT	21.0	514.7	-0.933
CCGGAT	21.0	514.6	-0.933
TCTTAC	145.0	3892.2	-0.932
CCAGGA	209.0	5656.2	-0.931
AACACG	38.0	977.2	-0.931
GACAGG	143.0	5240.2	-0.930
GAATCG	19.0	681.6	-0.928
GCCAGG	182.0	4931.8	-0.926
CTTCCG	39.0	1005.0	-0.925
CGCGGT	13.0	300.6	-0.924
GGGGAT	132.0	3552.2	-0.924
TAAGAT	217.0	5864.5	-0.924
TAGCGG	14.0	419.3	-0.919
CTCGAT	19.0	546.4	-0.919
TGTCAG	193.0	5224.5	-0.919
TCTAAG	161.0	4356.0	-0.919
TCAAGT	178.0	4818.9	-0.919
TCGTCC	20.0	490.0	-0.918
TTCAAT	218.0	5896.7	-0.918
CCTAAC	70.0	2112.6	-0.917
TTAGAC	115.0	3072.6	-0.916
TTGCTT	425.0	11864.5	-0.916
TGCTAC	117.0	3128.2	-0.915
TTCGGA	29.0	733.9	-0.915
ATGGTT	234.0	6444.8	-0.914
CAATGT	193.0	5227.0	-0.914
GTTCCG	23.0	638.1	-0.913
CAGTAG	135.0	3642.5	-0.912
ATCTCG	25.0	627.2	-0.912
ATACCT	153.0	4128.8	-0.912
TCCGAT	20.0	490.6	-0.909
CTGTAG	207.0	6176.6	-0.907
GCGGTC	17.0	409.1	-0.904
AAGAGG	213.0	6748.9	-0.904
ATCTGT	262.0	7307.4	-0.902
GACGAT	23.0	592.9	-0.901
GATGTT	208.0	6344.9	-0.900
TGTCAT	230.0	6257.2	-0.900
CGACCG	5.0	202.0	-0.899
TAGATA	226.0	6140.2	-0.897
CTCCCA	174.0	4710.5	-0.897
TAGGGG	83.0	2779.8	-0.895
CTGATG	193.0	5234.3	-0.895
TGGACT	151.0	4077.7	-0.895
CTCTTC	210.0	5806.4	-0.894
CTATTT	318.0	8651.7	-0.894
TACACC	73.0	1988.1	-0.892
CCACGC	38.0	984.4	-0.889
CCAGTT	160.0	4338.5	-0.889
TCGATA	14.0	589.5	-0.888
ATCGGC	14.0	429.5	-0.888
TAAGCC	105.0	2826.1	-0.887
AGGCAG	291.0	8459.4	-0.887
CATACG	26.0	681.5	-0.886
AGCTTT	290.0	7901.5	-0.885
CTTGAT	183.0	4947.3	-0.885
TCATGG	158.0	5039.9	-0.883
TACCGG	13.0	424.9	-0.882
ACCTCT	147.0	3967.7	-0.881
AACCTT	164.0	4769.0	-0.879
GGACTA	79.0	2124.6	-0.878
TCGTAG	20.0	494.8	-0.876
CGAGCA	31.0	794.1	-0.876
ATCACC	86.0	2432.4	-0.876
GAATAA	251.0	6831.9	-0.875
TGTTAG	202.0	5476.8	-0.874
CTGCCG	32.0	1099.2	-0.874
CCGGCA	28.0	712.4	-0.873
CTTTTG	384.0	10502.1	-0.873
AACTAC	109.0	2943.3	-0.872
TCACCT	128.0	3770.5	-0.872
CCCACT	139.0	3770.9	-0.871
ATTTTA	751.0	22116.3	-0.870
CGGGTA	23.0	576.1	-0.870
ACATAC	178.0	6195.4	-0.869
TATCCG	18.0	441.1	-0.868
GTCCTC	117.0	3144.1	-0.866
TGACAA	188.0	5100.3	-0.866
CTAAAG	158.0	4865.8	-0.865
TCTCAA	206.0	5597.0	-0.864
ATATTT	685.0	18866.6	-0.864
CCACTT	158.0	4290.9	-0.864
CTAACT	121.0	3261.6	-0.862
TTACAG	235.0	6392.3	-0.862
TTGCGG	19.0	608.8	-0.861
TGATTC	155.0	4206.0	-0.860
CGACCA	18.0	442.6	-0.860
GAGTGT	210.0	5716.5	-0.859
CAGAGT	204.0	5542.9	-0.857
CCAAAT	190.0	5164.9	-0.853
GCCCGA	26.0	662.0	-0.851
ATAGTT	221.0	6015.9	-0.848
AATAAC	193.0	5254.7	-0.846
GGCACT	117.0	3150.4	-0.846
CAGGGG	138.0	3750.1	-0.846
GGTGGT	157.0	4522.1	-0.846
GGCGGT	30.0	805.8	-0.844
CACCGT	26.0	835.4	-0.841
TATTTG	417.0	11427.4	-0.840
ACCTCA	135.0	3667.3	-0.839
CCACTC	102.0	2755.9	-0.838
ACAACC	106.0	2869.2	-0.838
GATTCC	105.0	2841.3	-0.836
GTGCGA	10.0	569.6	-0.836
CTCGTG	33.0	1066.7	-0.835
AAGTTA	233.0	6346.1	-0.834
CATCCG	26.0	664.1	-0.831
TGCGGA	24.0	796.1	-0.828
TATGTC	164.0	4448.3	-0.827
AGTCTT	209.0	5701.1	-0.827
TCGGTT	31.0	942.6	-0.827
AGGAAT	233.0	6350.5	-0.825
TCCTTT	394.0	10780.6	-0.825
TACTTG	180.0	4914.5	-0.823
ATTTTG	537.0	14728.4	-0.822
CCGATG	24.0	634.7	-0.821
AATTCA	262.0	7155.9	-0.821
CCGCCA	31.0	803.6	-0.820
ACACTA	120.0	3489.2	-0.818
TCACTC	102.0	3500.4	-0.816
CACAGA	250.0	7674.5	-0.814
CCAACC	81.0	2406.8	-0.814
TCAACG	20.0	502.9	-0.813
AGCCGA	30.0	777.9	-0.812
GCTCAG	179.0	4890.6	-0.811
GAGCGT	23.0	777.9	-0.811
TATCCA	147.0	3995.7	-0.804
AGCACA	211.0	5771.3	-0.804
GAGATG	244.0	6687.6	-0.803
AGGCGT	37.0	1151.9	-0.802
TTGACA	194.0	5303.4	-0.799
AGTCGA	15.0	530.4	-0.796
GTCAAG	110.0	2996.8	-0.796
GCCTTT	253.0	6929.7	-0.796
GATGCC	92.0	3255.0	-0.796
TTCACG	36.0	946.0	-0.796
TACGCC	14.0	340.3	-0.794
GCACTT	158.0	4317.6	-0.793
GTGTTG	215.0	5893.1	-0.793
CGCCTT	37.0	1083.6	-0.791
GCGGTG	24.0	1030.5	-0.791
GGTCGT	20.0	506.0	-0.791
GTCCGT	22.0	560.9	-0.788
CGGTGT	32.0	903.1	-0.787
ATGAAA	460.0	12631.1	-0.786
ATCGGT	19.0	485.1	-0.785
TTTCGG	24.0	856.9	-0.781
AGTTCA	205.0	5605.2	-0.779
GACATA	136.0	3718.3	-0.777
TGTCGA	21.0	592.3	-0.777
AGGTCA	153.0	4180.2	-0.775
TGAGCA	213.0	6077.6	-0.774
GAGGGC	122.0	3437.4	-0.774
TAATGG	161.0	4525.1	-0.773
GCCGCT	26.0	827.3	-0.773
GCGCCG	21.0	535.7	-0.771
GAGGAC	130.0	3548.1	-0.771
AAAACT	363.0	10174.1	-0.769
GACCTG	128.0	3492.5	-0.767
ATTGCG	15.0	445.9	-0.765
TACGAC	12.0	289.2	-0.761
TGAGGA	231.0	6322.6	-0.760
ACGGAC	19.0	492.9	-0.760
ATCCCC	91.0	2468.5	-0.759
AGGGAC	108.0	3402.9	-0.756
GAAACC	171.0	4681.6	-0.755
TATCGA	18.0	455.4	-0.755
GGTAGA	126.0	3730.5	-0.755
CAAGAG	174.0	4768.3	-0.755
AGGTAA	137.0	4881.7	-0.754
GCTAGA	115.0	3124.5	-0.754
TAGAAG	217.0	5942.4	-0.752
TCAGCA	184.0	5324.9	-0.749
GGTTGA	85.0	3003.5	-0.749
CCTTGC	133.0	3769.4	-0.749
TTCCCT	215.0	6658.4	-0.748
GCAAAT	211.0	5797.4	-0.747
CACAAC	113.0	3099.6	-0.746
CAACTG	133.0	3644.4	-0.745
TCGCCT	24.0	803.7	-0.745
GCTACA	143.0	3903.2	-0.744
GCTAGG	101.0	2757.3	-0.743
CCAAGG	146.0	3991.3	-0.741
GGGCCG	33.0	873.6	-0.739
CTATTG	132.0	3720.0	-0.738
GACGCT	24.0	740.5	-0.737
AGAAGT	238.0	6831.1	-0.737
AAGGAC	136.0	4031.7	-0.736
TAGTCT	146.0	3993.3	-0.736
TGCTCT	248.0	7178.2	-0.735
TAAATG	399.0	10995.6	-0.735
ATTGGT	163.0	4458.7	-0.733
GTTTAT	330.0	9078.0	-0.733
TCGACT	18.0	512.2	-0.731
GTCCCT	94.0	3317.1	-0.731
TACTTT	347.0	9571.3	-0.730
GGAAGA	272.0	8069.6	-0.728
AGTACA	142.0	5075.2	-0.727
CGCCTC	36.0	959.6	-0.727
CAGGTG	150.0	5094.5	-0.726
CTGTCG	16.0	765.1	-0.725
GGACAC	102.0	2793.3	-0.723
ACGATG	27.0	851.4	-0.723
ACCGTC	19.0	487.5	-0.722
TCCACG	36.0	960.5	-0.722
TGATTA	202.0	5545.7	-0.721
CGTGAG	44.0	1183.6	-0.721
GCTGTT	211.0	5811.7	-0.719
AGGCCC	95.0	2595.4	-0.719
TTCCCA	218.0	5988.3	-0.719
AGTGCC	119.0	3252.4	-0.718
TCGTTC	24.0	713.9	-0.718
TCAGAG	235.0	6463.8	-0.718
GACCTC	94.0	2567.6	-0.717
CGGGCA	36.0	961.7	-0.717
CCTGGT	163.0	4465.2	-0.716
ACCTTG	148.0	4059.9	-0.716
TATTTA	610.0	18540.8	-0.715
TTTACA	292.0	9319.7	-0.714
CCTCTG	269.0	7422.8	-0.714
TGTTAT	299.0	8237.5	-0.714
GCACTG	169.0	4641.5	-0.714
CTAGTC	78.0	2152.9	-0.712
TTCCTC	225.0	6199.8	-0.712
ACCTAG	99.0	2711.3	-0.711
AGATAA	247.0	6795.3	-0.710
GGGAAT	171.0	4702.0	-0.710
TAGATG	193.0	5315.5	-0.710
ATAAAC	232.0	6378.6	-0.709
AGGAGA	271.0	7755.8	-0.709
GACCGC	13.0	524.7	-0.709
CCTGGG	210.0	5787.2	-0.709
TTTACG	32.0	851.9	-0.709
CAATGG	139.0	3832.7	-0.705
TAGCTG	182.0	5025.8	-0.704
ATCTAG	107.0	2942.3	-0.703
ACCACT	126.0	3537.3	-0.703
CTCGGT	20.0	898.2	-0.702
AAAGGG	221.0	6086.9	-0.702
CTTCGT	33.0	880.6	-0.702
CGAGCC	23.0	741.1	-0.701
GGATAA	135.0	3719.1	-0.701
ATTGCC	94.0	3060.4	-0.700
GCTGCG	40.0	1076.2	-0.700
ACGTAA	33.0	941.3	-0.700
CATCGC	21.0	597.8	-0.697
CGAAGA	34.0	909.5	-0.695
ACGTAC	21.0	665.7	-0.695
CTGGCA	170.0	4680.3	-0.692
TTAATT	497.0	13727.4	-0.692
GTTTTA	429.0	11845.6	-0.690
ACATTT	495.0	13698.0	-0.689
CTCGAC	15.0	380.6	-0.688
ACCTTA	116.0	3177.8	-0.688
ATAATG	256.0	7077.2	-0.687
TTTAAT	599.0	16862.3	-0.685
GGTTCG	20.0	520.4	-0.685
CTTGTT	274.0	7560.3	-0.683
ATCATT	239.0	6601.4	-0.683
ACCATT	163.0	4480.6	-0.683
GATAGT	104.0	2872.4	-0.682
CTCACC	100.0	2852.0	-0.681
ACAGCG	35.0	962.4	-0.681
CTCTAC	81.0	2801.7	-0.680
CGACTT	17.0	678.4	-0.680
GATGAT	157.0	5297.6	-0.679
CCAACA	134.0	3699.2	-0.678
CCCCAA	138.0	3816.0	-0.678
TGGGTG	251.0	6933.7	-0.677
TTAGCG	13.0	591.9	-0.676
CGGACG	3.0	275.8	-0.676
TGCAAA	270.0	8119.1	-0.675
CGCCGA	11.0	276.3	-0.674
CGAATC	19.0	494.2	-0.673
TGACTC	131.0	3727.9	-0.672
TTTCCA	340.0	9793.8	-0.672
TCCACT	134.0	3865.3	-0.672
CCGTGA	33.0	925.6	-0.671
TTTTCG	50.0	1692.4	-0.670
GAATTC	170.0	4690.9	-0.669
GTCACT	134.0	3703.2	-0.668
TGAAAA	528.0	14623.2	-0.667
GGTAAG	111.0	3242.5	-0.666
AACCGA	28.0	761.8	-0.666
ATCGGG	22.0	580.0	-0.663
TGGGGT	181.0	5015.1	-0.662
ACACGT	48.0	1449.5	-0.661
ACTGGA	164.0	5089.1	-0.660
GTCGGT	20.0	524.7	-0.659
GTACAC	114.0	3379.5	-0.658
TGATGA	244.0	6765.1	-0.657
AACCAG	152.0	4201.8	-0.657
ATAGTA	177.0	4901.3	-0.656
TCGCCA	20.0	721.8	-0.654
TGGTAT	195.0	5528.0	-0.653
TATCAT	212.0	5875.8	-0.652
ATTAGT	168.0	4641.6	-0.650
AACCAT	146.0	5115.5	-0.649
CCTGAT	106.0	4044.6	-0.648
TATTCG	25.0	666.2	-0.648
AGATCG	25.0	666.3	-0.648
ACGGGA	33.0	899.2	-0.648
TGATCC	87.0	2732.0	-0.647
TAGTAA	171.0	5349.1	-0.646
AGGTGG	176.0	4892.3	-0.645
TTATGT	388.0	10747.0	-0.645
AATGAA	421.0	12869.9	-0.644
ACTACT	104.0	3063.5	-0.643
CCCTCA	114.0	3166.8	-0.643
GTCTGA	140.0	4158.9	-0.641
CACTAG	90.0	2478.4	-0.641
TCGGTC	18.0	471.5	-0.641
TGTCCT	256.0	7104.8	-0.641
TATTGG	128.0	4356.9	-0.640
AGTTAG	153.0	4237.9	-0.640
ATATGT	450.0	13478.2	-0.638
TATTCT	284.0	7860.1	-0.638
CATATC	110.0	3053.4	-0.637
TTCTTA	308.0	8529.7	-0.636
CTATCG	13.0	331.2	-0.636
ACAACG	26.0	696.7	-0.636
GATCTT	171.0	4736.6	-0.636
AGGTTG	114.0	3858.2	-0.634
TTCCGG	33.0	894.1	-0.632
AATAGG	130.0	3603.0	-0.631
ACTCAC	114.0	4288.6	-0.631
AGTAGG	119.0	3287.0	-0.630
GCTCGG	29.0	843.6	-0.630
ACGGTC	13.0	440.2	-0.627
GTGGCC	111.0	3086.8	-0.626
TTGTTC	236.0	6545.0	-0.626
TGACGA	26.0	764.1	-0.626
ACGACG	8.0	192.2	-0.625
ACCTAT	108.0	3000.6	-0.625
TAACAA	207.0	5742.2	-0.625
AGAGCC	144.0	3983.4	-0.624
TTGGTG	212.0	5891.5	-0.623
AGGCGG	26.0	1126.5	-0.623
GTAAGA	154.0	4615.7	-0.622
TGTGAG	325.0	9029.2	-0.622
TGGTGT	251.0	6965.6	-0.621
GGAGTC	101.0	2801.5	-0.621
CCGATC	13.0	333.6	-0.621
CGCGGA	13.0	333.6	-0.621
CTCGGA	29.0	784.7	-0.619
AGTTTA	259.0	7178.9	-0.618
AAACCT	210.0	5835.0	-0.618
CGTCTT	33.0	898.0	-0.618
CGTTAG	12.0	593.9	-0.616
CTACAT	149.0	4503.7	-0.616
CTATAG	117.0	3234.6	-0.616
CTACTC	60.0	2332.9	-0.613
GTAGAC	110.0	3280.2	-0.613
CGTGGT	43.0	1282.5	-0.613
GGTCTA	87.0	2403.2	-0.611
AGCCTT	201.0	5572.4	-0.610
CATCAT	173.0	5038.2	-0.610
TTTCAT	430.0	12798.9	-0.609
CGATAA	14.0	522.1	-0.608
GTTCTA	141.0	3903.8	-0.608
TGGCTA	150.0	4579.0	-0.607
CTAGAC	76.0	2119.5	-0.606
ACCAAA	230.0	6406.8	-0.606
AAACGT	50.0	1655.4	-0.606
CACTAA	135.0	3759.7	-0.605
ATAGTC	102.0	2836.8	-0.604
ACCAAG	144.0	3993.9	-0.602
GATAAG	111.0	3164.1	-0.599
ATACTT	232.0	6441.0	-0.598
CGCAAC	13.0	336.8	-0.598
CGACGA	8.0	195.5	-0.595
AAGGCG	30.0	1176.7	-0.595
TACCCT	92.0	2553.4	-0.595
TCACCA	143.0	3968.4	-0.593
AAGCAC	141.0	4474.2	-0.591
ACACAA	243.0	6774.0	-0.591
GCTCCC	97.0	2730.9	-0.589
ACGTGG	45.0	1356.6	-0.588
GTGGGC	120.0	3333.9	-0.587
TGACCA	128.0	4013.4	-0.587
ACTTGA	195.0	5437.7	-0.587
GGAAAT	291.0	8106.4	-0.587
GTGTAT	420.0	11672.3	-0.587
CGACTA	15.0	394.1	-0.586
CCGACA	16.0	477.8	-0.585
CGGCGC	10.0	537.1	-0.585
GAGTTG	133.0	4462.0	-0.585
GAGCCC	100.0	2786.6	-0.584
CGAGTC	12.0	632.7	-0.583
GGCCGT	24.0	650.6	-0.583
TATTCA	243.0	6780.7	-0.582
TGCTAT	208.0	5796.1	-0.581
AGCCCG	33.0	905.6	-0.581
CCCATC	94.0	2615.2	-0.580
TAGGAA	202.0	6160.2	-0.580
ATCAAG	138.0	3858.3	-0.579
TAAGAG	199.0	5561.5	-0.578
AACCTA	123.0	3424.2	-0.577
TGGTTA	172.0	4795.7	-0.577
CTTAGT	159.0	4443.2	-0.577
GTCTAG	88.0	2446.0	-0.577
GACTCT	129.0	3601.0	-0.573
ACACCA	146.0	4065.8	-0.572
TCAATG	154.0	4299.1	-0.572
ACGGAT	24.0	652.1	-0.572
ATCAAC	91.0	2533.0	-0.571
CACTCG	24.0	740.6	-0.571
TGTAGG	160.0	4476.3	-0.570
AATCAG	168.0	4681.4	-0.570
TTTTAG	400.0	11150.2	-0.570
CTTTCT	400.0	13460.5	-0.570
GTTGTC	115.0	3196.8	-0.570
AAATTC	279.0	7783.9	-0.570
AACTTA	198.0	5536.8	-0.569
GTGACC	90.0	2850.3	-0.567
AAAACC	275.0	7664.6	-0.566
GCCGAT	17.0	455.2	-0.564
GACACC	79.0	2221.2	-0.562
CTTTAA	384.0	10807.4	-0.560
GACGAC	18.0	484.6	-0.559
TGCTTC	210.0	6361.4	-0.558
ATTACC	88.0	2452.1	-0.558
GTCCGC	10.0	392.6	-0.557
TCCCAC	123.0	3433.9	-0.556
AACTTT	346.0	9663.4	-0.556
AGAAGG	227.0	7070.3	-0.556
CTATCC	85.0	2366.1	-0.555
CGACAT	19.0	513.1	-0.555
CGGTCA	19.0	513.2	-0.555
GCCATT	168.0	4689.8	-0.554
TGAATA	270.0	7680.3	-0.554
CTACGC	15.0	399.4	-0.553
AACAAT	230.0	6438.1	-0.553
CAGGTA	101.0	3800.8	-0.553
TCGACA	17.0	457.7	-0.552
AGTTTT	487.0	13591.5	-0.551
CAAACT	200.0	5577.1	-0.550
AAGGTG	169.0	4721.9	-0.550
ACGGTT	26.0	762.4	-0.550
TTATCC	124.0	3466.6	-0.549
TTAGTA	176.0	5097.2	-0.549
CTGCAG	177.0	6608.9	-0.546
CTGGAT	148.0	4849.5	-0.546
TACTCG	17.0	458.6	-0.546
TATGAA	269.0	8849.2	-0.544
GACCTA	74.0	2085.2	-0.542
CAACGG	18.0	487.2	-0.542
TATAAC	141.0	3936.0	-0.542
TAGAAT	254.0	7131.8	-0.542
CCGAAA	27.0	744.6	-0.540
CATCGG	19.0	649.7	-0.540
ATTACT	184.0	5139.1	-0.539
AGACGA	30.0	829.6	-0.539
GCACCT	100.0	2805.8	-0.538
GCTCTA	101.0	2834.7	-0.538
GTCTGT	261.0	7290.3	-0.538
TAGTCA	130.0	3646.2	-0.537
CGGCGG	24.0	660.0	-0.537
GAATCC	91.0	2546.3	-0.537
ACAATC	91.0	2546.8	-0.537
TTTAGA	322.0	8999.4	-0.536
AAAGCC	154.0	5020.1	-0.535
GCGGAT	15.0	544.9	-0.535
TTGCCA	172.0	4818.5	-0.534
AGAGGC	193.0	5440.4	-0.533
AGGCAA	173.0	5517.1	-0.533
TAAAGG	233.0	6817.5	-0.533
ACTCTG	203.0	5677.2	-0.532
TAGAAA	397.0	11087.8	-0.532
GTGGCT	190.0	5520.9	-0.531
TTTTGA	502.0	14828.0	-0.531
CCTTAA	151.0	4233.4	-0.530
GCTCCG	37.0	1031.1	-0.529
TCGAAT	25.0	689.2	-0.528
TGTCAC	132.0	4314.5	-0.528
GGATTA	117.0	4467.3	-0.527
ATCCGG	19.0	518.2	-0.527
TCGTCT	27.0	747.8	-0.527
GCTCAC	106.0	3178.9	-0.526
GCTTTA	181.0	5858.3	-0.526
CCAACT	108.0	3043.8	-0.524
TGTCCG	18.0	683.3	-0.524
AACTCC	113.0	3188.2	-0.523
ATCCTA	119.0	3333.5	-0.523
CCCTTG	133.0	3797.3	-0.523
TACTGG	130.0	3653.0	-0.522
GGTTTA	156.0	4384.5	-0.521
GCTCTG	208.0	5832.3	-0.521
AGTACT	141.0	4018.5	-0.520
ACCCAG	155.0	4356.7	-0.519
CTAGAT	114.0	3219.0	-0.519
CTTACG	19.0	589.8	-0.518
ACACAT	349.0	9755.6	-0.518
GCAAAG	189.0	5301.0	-0.517
AATACC	127.0	3569.3	-0.516
CGTTTC	40.0	1120.5	-0.516
GCCTCA	139.0	3919.4	-0.515
CCCCAT	115.0	3221.1	-0.514
AAACAC	240.0	7150.6	-0.514
CTTTGG	249.0	6975.8	-0.514
ATCGCC	16.0	468.9	-0.512
CCTATT	112.0	3579.5	-0.511
AAATGT	549.0	15365.4	-0.508
TAGTAC	85.0	2385.4	-0.508
TAGACA	164.0	4599.7	-0.505
AGACGG	24.0	838.9	-0.505
GGAAAA	395.0	11289.9	-0.505
TTCAGA	282.0	7921.3	-0.505
ATAGGG	94.0	2646.4	-0.504
CTGATT	200.0	5605.3	-0.503
GGACGC	17.0	701.9	-0.503
CCGAGG	42.0	1181.9	-0.503
ACGGCT	26.0	723.9	-0.502
TTTATG	432.0	12096.4	-0.502
GTTCCC	100.0	2822.0	-0.500
CTCAGC	170.0	4780.4	-0.497
AAGTGA	217.0	6501.6	-0.497
CATTCC	133.0	3753.1	-0.497
TAGTTC	126.0	3549.9	-0.497
GACGGT	18.0	624.5	-0.497
AGTTAT	211.0	5937.5	-0.497
CAATAG	107.0	3026.5	-0.496
CTTATG	148.0	4164.5	-0.495
TGCTGT	311.0	8724.3	-0.495
AAAGTA	324.0	9094.4	-0.494
TTCTAA	243.0	7725.6	-0.493
GTTATG	146.0	4107.8	-0.491
TCAGTA	156.0	4401.9	-0.491
TGCCAA	157.0	4431.0	-0.491
CTTATT	248.0	7074.5	-0.491
CAAAGC	176.0	4961.2	-0.490
TGGCGA	22.0	848.1	-0.489
CCATAC	81.0	2428.2	-0.488
ACCAAT	115.0	3233.3	-0.488
TGGTCA	143.0	4021.1	-0.487
ATGAGC	138.0	4095.7	-0.486
CCTGAA	153.0	5141.8	-0.486
TCAGCC	127.0	3584.6	-0.485
TAACAG	132.0	4396.1	-0.485
CCAAGT	148.0	4170.6	-0.484
GCTGGC	175.0	4936.9	-0.483
GATCCG	18.0	498.9	-0.481
TGGGAC	124.0	3499.6	-0.481
GATCAA	111.0	3150.2	-0.479
TTACAC	109.0	3505.8	-0.479
TCATCC	109.0	3092.2	-0.479
CACTAT	124.0	3500.5	-0.479
CAAGCC	99.0	2984.1	-0.478
TGCGGT	27.0	758.8	-0.478
GGACCG	15.0	657.8	-0.478
GCCTTA	99.0	3039.0	-0.477
CGACGG	4.0	203.1	-0.477
GTAGCC	94.0	3060.0	-0.476
CTGGTG	168.0	5211.7	-0.476
CGCACT	21.0	585.8	-0.476
GCCCCG	40.0	1132.4	-0.476
TGATGG	209.0	5891.3	-0.476
CGAATA	19.0	528.8	-0.475
TAATAT	331.0	9296.6	-0.474
CGAAAT	29.0	816.1	-0.474
AGAGTA	168.0	4736.2	-0.473
TACGGA	22.0	679.3	-0.473
CTATCA	108.0	3066.2	-0.473
CATCTG	198.0	5830.0	-0.472
TCGCAG	26.0	730.7	-0.472
GATATG	149.0	4207.3	-0.471
CACAAG	146.0	4119.2	-0.470
GTTCTG	206.0	5806.2	-0.470
CCCAAC	87.0	2459.9	-0.470
CACTTA	142.0	4003.8	-0.468
GGTTAG	97.0	2749.9	-0.468
CATAGA	176.0	4975.4	-0.468
CTGGGG	188.0	5301.6	-0.467
GCTCAT	116.0	3643.5	-0.466
CTGCGA	25.0	703.1	-0.465
TAATTT	552.0	15478.7	-0.465
AACACT	188.0	5303.3	-0.464
TGCCGC	30.0	847.6	-0.464
ACCCTG	163.0	4593.5	-0.464
CTGACA	157.0	4446.7	-0.464
GGTATC	72.0	2057.3	-0.464
AAGAAT	347.0	9771.2	-0.463
AATAGA	242.0	6830.9	-0.463
GGGCGA	27.0	771.7	-0.462
TCAAAC	153.0	4329.5	-0.462
GGGTCA	97.0	2752.0	-0.461
GGCGAC	18.0	502.5	-0.461
TACACA	289.0	8139.0	-0.461
AGTTGG	157.0	4641.8	-0.460
TGTCTT	377.0	10586.1	-0.460
ATACGT	38.0	1079.9	-0.460
CTCTAA	146.0	4125.6	-0.459
CCGATT	20.0	560.8	-0.459
CGTCCC	23.0	648.6	-0.455
TGAATT	339.0	9530.2	-0.454
TCTGGC	148.0	4187.5	-0.454
TACTAC	63.0	2434.6	-0.454
GGGTGA	103.0	3373.1	-0.453
ACGAAC	12.0	531.2	-0.451
GGCAGC	135.0	3837.8	-0.451
CGTTGA	29.0	822.6	-0.450
CCTCGG	38.0	1082.4	-0.449
AAATCC	180.0	5105.4	-0.449
GTTACT	135.0	3838.5	-0.449
TAACTT	227.0	6422.8	-0.449
TCGTTG	30.0	852.3	-0.449
TAGGCT	119.0	3370.4	-0.448
GTTAGA	135.0	4051.1	-0.446
ACACGG	36.0	1025.5	-0.446
CGATTT	36.0	1025.6	-0.446
ATCACA	170.0	4811.2	-0.446
AGCCCC	108.0	3080.9	-0.445
GCTTCC	135.0	4353.8	-0.445
CCACGG	37.0	1055.6	-0.444
TCTCCA	201.0	5832.3	-0.444
ATGAGG	168.0	4753.3	-0.444
AAAAGT	385.0	10854.1	-0.444
ACAACT	138.0	3929.7	-0.442
GAATAC	104.0	3270.3	-0.442
GTTGTG	207.0	5855.4	-0.442
CTCAAC	91.0	2588.1	-0.441
CCTTAG	123.0	3491.5	-0.441
AGAGTC	130.0	3696.1	-0.441
CGGAGA	35.0	998.8	-0.441
GTCCTT	165.0	4667.5	-0.440
CCTTAT	130.0	3698.2	-0.437
TAGATT	218.0	6158.5	-0.436
ATTTGT	435.0	12259.2	-0.435
CGCCAA	13.0	524.6	-0.435
GACTTC	122.0	3466.3	-0.433
CTCCAC	108.0	3087.0	-0.433
TCTAAA	222.0	6905.8	-0.432
GTCACC	87.0	2476.2	-0.431
TGGACC	81.0	2570.4	-0.431
AAACCA	277.0	7828.3	-0.430
GGGGCT	127.0	3614.7	-0.429
TAGAGC	112.0	3205.3	-0.429
CGGTCT	19.0	570.9	-0.428
TTGTCA	190.0	5986.7	-0.428
GGGTTT	268.0	7586.4	-0.427
AGGTTA	123.0	3499.8	-0.426
GCGGAC	15.0	422.0	-0.426
TGCAGC	166.0	4706.0	-0.425
AGCGAT	24.0	684.4	-0.424
GGTGAT	126.0	3589.0	-0.423
CACAGC	166.0	4708.5	-0.422
TTGGAC	89.0	3148.5	-0.422
GTCAGT	134.0	3825.0	-0.422
TGATTT	428.0	12050.6	-0.421
TCTGCG	33.0	1105.8	-0.419
TTAAGG	175.0	4978.5	-0.417
CAGCGA	32.0	918.4	-0.417
CTCCTC	159.0	4534.5	-0.416
ATTGTT	332.0	9379.7	-0.416
TCCCTA	92.0	3063.8	-0.415
TCCTAT	134.0	3828.9	-0.415
TATGTT	347.0	9816.1	-0.414
TGAGGC	150.0	4474.5	-0.414
CCACAG	176.0	5010.0	-0.414
ACCCAA	126.0	3594.5	-0.414
TTATTC	238.0	6749.9	-0.413
CGTCTG	33.0	948.8	-0.412
TCACCG	24.0	687.5	-0.412
GCGACG	9.0	247.7	-0.411
TTATCA	207.0	5877.8	-0.411
CGCATT	16.0	634.5	-0.411
CTCTGA	225.0	6388.7	-0.411
GGCGAG	25.0	1039.5	-0.411
AGGAGT	152.0	4584.3	-0.411
TTACGG	18.0	651.5	-0.410
TCGAGC	19.0	542.5	-0.409
ATTATT	434.0	13286.2	-0.409
AACATT	331.0	9356.1	-0.408
ACAAGA	202.0	5730.6	-0.408
ATTCTG	250.0	7086.6	-0.408
CGCTGG	38.0	1095.7	-0.407
GCTGTC	143.0	5202.4	-0.407
TGCGGC	27.0	776.5	-0.407
CAATCT	112.0	3218.7	-0.406
GCCAAC	71.0	2053.5	-0.405
CAGCGT	27.0	1101.5	-0.404
CAGGTT	138.0	4319.3	-0.404
TTAGCT	175.0	4988.8	-0.403
ACAGTC	112.0	3220.9	-0.402
AGATGC	151.0	4976.1	-0.402
CCTTTA	209.0	6379.2	-0.402
CTGGCC	166.0	4739.6	-0.401
GGCCTC	121.0	3455.1	-0.400
TCCTCT	230.0	6548.5	-0.399
ACCACA	176.0	5021.8	-0.399
GGCATA	108.0	3171.7	-0.398
GGTGTT	180.0	5140.6	-0.398
ATCATA	163.0	4635.8	-0.398
GTTACA	146.0	4298.4	-0.398
TCCGCC	29.0	883.0	-0.397
TATCTT	255.0	7248.5	-0.397
AGGTGT	159.0	5102.7	-0.396
CTATAT	179.0	5141.2	-0.396
TAGAAC	136.0	3900.2	-0.393
ACAAAC	226.0	7075.2	-0.393
TTAGAG	192.0	5472.3	-0.393
CGGCCA	22.0	808.1	-0.391
GTCATA	114.0	3285.7	-0.390
TACGAA	21.0	610.2	-0.390
GGTTGT	173.0	4938.1	-0.389
GGCGTC	22.0	635.2	-0.389
GCCACG	34.0	985.1	-0.388
ATCCTT	181.0	5177.7	-0.388
GTTGGT	156.0	4465.5	-0.387
CTAGCA	111.0	3199.9	-0.387
TTCAAG	196.0	5885.2	-0.387
CAAGAA	243.0	6922.0	-0.387
TTTCCT	463.0	13085.6	-0.386
CAAAGT	208.0	5926.7	-0.386
CCACCG	27.0	933.8	-0.385
AGAAAC	307.0	8698.0	-0.384
GGTCAT	109.0	3142.1	-0.384
CGTAGG	15.0	483.8	-0.382
GCCCAT	101.0	2909.8	-0.382
TACGTA	35.0	1016.1	-0.382
ACTTTG	283.0	8054.5	-0.381
GCGCCT	28.0	834.5	-0.381
CAAGGC	123.0	3728.6	-0.380
AAGTAC	139.0	3997.2	-0.379
GGCACC	72.0	2094.9	-0.379
ACCCGA	22.0	638.9	-0.377
GGGTGC	89.0	2879.4	-0.377
ACTAAG	131.0	3763.1	-0.376
GTCGCC	16.0	561.4	-0.376
TTGACC	94.0	2717.5	-0.376
GGCAAA	172.0	4918.9	-0.376
TAGCAG	140.0	4030.4	-0.375
CTCAGT	188.0	5367.5	-0.374
TCACTG	202.0	5757.6	-0.373
GGATTC	101.0	2914.1	-0.372
TGGTGG	245.0	6973.4	-0.372
TGCCCT	168.0	5134.0	-0.371
ATAGCC	94.0	3083.8	-0.371
GGCCGG	35.0	1051.5	-0.371
GTGTCG	19.0	682.6	-0.370
GTTGCC	82.0	2583.7	-0.370
TGCGAT	23.0	669.4	-0.370
GTGTCC	124.0	3576.0	-0.370
TCATTT	473.0	13396.5	-0.370
AAGTTT	351.0	10101.7	-0.369
CGATCC	15.0	434.9	-0.367
CACTGA	205.0	5852.6	-0.367
AGTCCG	19.0	552.5	-0.366
GGTCTC	98.0	2831.7	-0.365
TAGACC	97.0	2802.5	-0.364
TACAAA	292.0	8317.1	-0.363
CAGGAT	152.0	4782.7	-0.363
ACTCTT	172.0	4928.6	-0.363
GTGACT	151.0	4523.6	-0.363
GCCATA	92.0	2657.9	-0.363
GTTCCT	168.0	4811.1	-0.359
TATTAC	144.0	4129.9	-0.359
AATTTT	700.0	20311.1	-0.358
GTGTGA	252.0	7189.6	-0.358
GGGCTA	98.0	2835.3	-0.358
TCTTAG	183.0	5230.5	-0.357
GACCAC	70.0	2046.3	-0.357
CCAGTA	110.0	3312.8	-0.357
TGATCT	166.0	4753.0	-0.357
TTCGGG	19.0	909.1	-0.357
CACAGT	192.0	5500.1	-0.357
GATGCT	161.0	5098.8	-0.356
CAGGGA	191.0	5643.9	-0.356
TCGTGG	16.0	1110.1	-0.355
GCGAGT	23.0	673.7	-0.355
GACATC	97.0	2807.6	-0.355
CCCCGG	35.0	1025.4	-0.354
CAGGCC	109.0	3160.9	-0.354
AGAGCA	238.0	6981.7	-0.354
GACCCA	98.0	2838.0	-0.354
GGCCGC	24.0	853.4	-0.354
TTTCGT	48.0	1405.7	-0.354
GGCCCA	90.0	2604.8	-0.352
CGGGGC	43.0	1260.5	-0.351
GAATCA	135.0	3898.9	-0.351
GGCAGA	215.0	6167.0	-0.351
AAGCTC	113.0	3280.7	-0.350
GCTACC	61.0	1787.6	-0.348
CCCTTA	97.0	2811.5	-0.348
GCTATA	119.0	3428.5	-0.348
AGGTCT	131.0	3783.0	-0.348
GGACCC	61.0	2146.8	-0.348
TTGCTG	294.0	8395.8	-0.347
AAGGGC	117.0	3370.6	-0.347
TATTAT	370.0	11876.1	-0.346
GTCAGC	95.0	2874.6	-0.346
GGCTGG	203.0	6515.6	-0.345
GACGCC	14.0	648.0	-0.345
TTGATT	320.0	9108.2	-0.345
TCCAAA	202.0	5780.3	-0.345
TTAAAA	874.0	25846.4	-0.343
TCAAGC	91.0	2638.5	-0.343
AGGTGC	112.0	3310.8	-0.343
GTGGGT	211.0	6053.9	-0.343
GCGTAG	17.0	499.2	-0.342
GTCTCA	146.0	4201.3	-0.342
CAATCG	14.0	409.0	-0.342
AGATTT	370.0	10521.9	-0.341
ACCTCG	20.0	688.7	-0.341
GTTATA	154.0	4439.5	-0.341
GAGGGT	123.0	3619.1	-0.340
GAAGTC	134.0	3876.4	-0.340
GAACCT	112.0	3257.9	-0.340
TCCCGC	20.0	764.4	-0.338
ATAGGA	146.0	4205.7	-0.336
TGTTGG	239.0	6846.4	-0.336
CATAAC	95.0	2840.8	-0.335
TGATAT	231.0	6603.7	-0.335
AGTTAA	214.0	6157.7	-0.335
CACCAT	154.0	4797.5	-0.335
ACTTCC	134.0	3880.0	-0.334
CGTCAG	26.0	768.3	-0.334
ACACTT	175.0	5218.5	-0.334
CTGACG	24.0	800.7	-0.333
GACCTT	129.0	3733.3	-0.333
CATTGA	190.0	5460.5	-0.333
TCCAGA	189.0	5430.2	-0.333
AATAGC	131.0	3840.6	-0.333
CCCAGC	178.0	5131.7	-0.332
AGTCTG	167.0	4984.0	-0.332
GTTGAT	141.0	4060.8	-0.331
GCCTAG	95.0	2763.2	-0.331
TCAACT	122.0	3528.5	-0.331
ATCCGA	17.0	502.3	-0.330
TTGCTA	204.0	5853.4	-0.330
TCAGAT	190.0	5463.9	-0.329
CCGCAA	16.0	473.1	-0.327
GAGACC	103.0	3000.1	-0.327
GACTAT	106.0	3089.1	-0.326
AAGAAC	218.0	6250.0	-0.325
TCGGGG	30.0	961.6	-0.325
TATATG	420.0	12612.8	-0.324
TCCCGG	36.0	1066.2	-0.324
TAAAAG	372.0	10605.9	-0.323
GGACTC	80.0	2356.5	-0.323
GTTAGT	127.0	3681.1	-0.323
ACCGAG	27.0	886.7	-0.323
TGGATT	226.0	6960.7	-0.323
GATTTC	203.0	5830.9	-0.321
CCAGTC	102.0	2974.1	-0.321
GGAACC	91.0	2651.5	-0.320
GACTCC	74.0	2357.9	-0.320
AATATT	484.0	13755.2	-0.320
CTTTAT	317.0	9467.3	-0.320
GTTTTC	334.0	9542.1	-0.319
CCGGAC	17.0	506.0	-0.319
GGTGGC	135.0	3921.8	-0.319
AGCCAG	219.0	6286.6	-0.318
GTTGGG	144.0	4373.1	-0.318
CAAGGG	100.0	3391.5	-0.317
CCTTCT	210.0	6045.5	-0.317
CATAAT	188.0	5414.8	-0.316
CATTGG	129.0	4321.2	-0.315
ACTTCG	21.0	626.3	-0.314
AAGCAA	284.0	8122.4	-0.314
AATTTG	327.0	9391.6	-0.313
GCTGGT	135.0	3926.8	-0.312
CTGCCA	145.0	5086.2	-0.312
TTACGA	20.0	604.9	-0.311
CAGGAG	208.0	5991.4	-0.311
TCGGTA	9.0	510.5	-0.310
AAGGTA	161.0	4864.3	-0.309
AGTCAA	138.0	4017.9	-0.309
TCTCTA	176.0	5090.9	-0.309
GACTAC	62.0	1836.6	-0.308
CCATTC	123.0	3574.9	-0.307
TAAGTT	217.0	6236.7	-0.307
GGTCTG	118.0	3426.3	-0.307
TAAACA	270.0	8489.0	-0.307
GCCTCG	33.0	1347.4	-0.307
ATTTAT	634.0	19230.7	-0.306
GTTTCG	26.0	777.1	-0.306
TATTAA	349.0	9967.9	-0.304
TCAACA	148.0	4289.7	-0.304
CTTCTC	191.0	5515.3	-0.304
CTCCAG	191.0	5515.4	-0.304
TATCAC	100.0	2927.7	-0.304
ATGAGA	234.0	6952.4	-0.303
GGATAC	71.0	2104.7	-0.302
TCGGAC	12.0	359.0	-0.302
TCAGGG	142.0	4113.2	-0.301
ATTTAA	489.0	13914.6	-0.301
TTTCCG	34.0	1140.5	-0.300
AGCAGT	196.0	5670.2	-0.299
AGCCAC	145.0	4204.6	-0.299
ACCAGG	146.0	4234.2	-0.298
TTGGGA	230.0	6708.5	-0.297
TGAACA	220.0	6336.4	-0.297
GACCAA	107.0	3138.4	-0.297
AAGAGT	198.0	5906.9	-0.297
CGAGTG	39.0	1165.2	-0.296
GTATCC	69.0	2159.3	-0.296
ACAGGA	199.0	5763.4	-0.296
CAATGA	165.0	4773.1	-0.295
CTCTTA	167.0	5033.2	-0.294
AGACTC	110.0	3229.6	-0.293
TATGGA	156.0	5144.8	-0.293
AAAGAC	230.0	6644.9	-0.293
TGACTA	128.0	3928.4	-0.293
ACTCGG	32.0	960.7	-0.293
GAGCGC	32.0	960.4	-0.293
ACGTCG	3.0	215.4	-0.293
CATCAC	109.0	3283.3	-0.292
CACCGG	23.0	692.5	-0.292
ACAATG	190.0	5496.4	-0.292
AGTCGC	9.0	504.1	-0.291
TGCCAT	174.0	5337.9	-0.290
GGTATT	156.0	4539.6	-0.290
AGGGTG	141.0	4266.9	-0.290
GATATC	82.0	2405.9	-0.289
GTCATT	174.0	5048.5	-0.289
CGGCCG	14.0	563.5	-0.288
TATTCC	127.0	4084.1	-0.288
TCTGAG	254.0	7321.4	-0.288
GAGTAG	110.0	3234.5	-0.286
AGATAC	128.0	3738.9	-0.286
CAACGA	20.0	605.4	-0.285
CAACGC	15.0	455.0	-0.285
GCCCAC	68.0	2440.7	-0.285
ACAAGG	140.0	4096.8	-0.285
CATCCA	112.0	4206.8	-0.283
TCAGCT	169.0	4904.7	-0.282
ATTCTC	170.0	4935.7	-0.281
CGAACC	13.0	405.6	-0.281
GGCGAT	15.0	549.1	-0.281
CGGGTG	36.0	1083.5	-0.281
TTGCTC	159.0	4637.8	-0.280
ATCCTG	160.0	4667.1	-0.280
GACAAC	81.0	2412.0	-0.279
GGGCAA	94.0	2935.6	-0.279
CGGGTC	20.0	685.9	-0.278
TTCAGT	250.0	7274.5	-0.278
GCGAAC	6.0	319.6	-0.278
GTCGCG	8.0	240.9	-0.277
GAAACA	275.0	7917.1	-0.276
TGCAGA	207.0	7210.1	-0.276
TTCTAG	202.0	5844.0	-0.276
CACATA	265.0	7642.3	-0.275
TGGATC	110.0	3242.2	-0.275
ACAAGC	106.0	3432.5	-0.274
CTCACA	185.0	5363.4	-0.273
GCGATG	25.0	759.1	-0.273
TCATCG	23.0	699.4	-0.272
CCATTA	124.0	3631.1	-0.271
GTACTC	60.0	2256.6	-0.271
TCCCAT	151.0	4406.2	-0.270
AAACCC	176.0	5125.5	-0.270
TCGGCG	8.0	288.5	-0.270
CAGGTC	98.0	2891.7	-0.270
AAAGTT	333.0	9572.7	-0.270
TAAAAC	271.0	8656.1	-0.269
AACCAA	210.0	6092.4	-0.269
GACGTC	15.0	607.4	-0.268
CAATAT	168.0	4887.4	-0.268
ATTAGA	193.0	5610.8	-0.268
TTGTCC	130.0	3813.3	-0.267
GTTTAG	166.0	4888.7	-0.267
CTGTCA	167.0	4984.9	-0.267
TATCCT	125.0	4437.6	-0.267
GGCGCG	11.0	657.1	-0.266
TATCTG	194.0	5641.9	-0.266
AGGAGC	138.0	4228.4	-0.266
TTCCTA	196.0	5702.1	-0.266
AGTGTC	134.0	4262.2	-0.265
CAGTCG	17.0	727.1	-0.264
CCTAAT	104.0	3406.7	-0.264
GGCCAT	114.0	3370.7	-0.263
TAAATA	560.0	15993.1	-0.263
CATCGA	24.0	732.2	-0.263
AAGATA	252.0	7288.3	-0.262
ACGTGA	43.0	1299.3	-0.262
ACGCCC	22.0	761.5	-0.262
GCCCAA	82.0	2423.1	-0.262
TACTAT	156.0	4643.6	-0.262
CCTCAT	131.0	3847.7	-0.262
TTGGAG	207.0	6402.1	-0.261
GGTACC	56.0	1685.2	-0.260
TACAAG	135.0	3968.1	-0.259
GCAACA	117.0	3432.5	-0.259
GATTCT	159.0	4657.5	-0.258
CTAAAA	284.0	8187.9	-0.258
TCCAAG	143.0	4178.4	-0.258
TTATTA	384.0	12448.3	-0.257
TATATC	148.0	4328.9	-0.257
GTGTGG	243.0	7051.7	-0.256
CCATTT	277.0	8619.6	-0.256
CAGCCG	30.0	915.5	-0.255
GAACTA	116.0	3406.9	-0.255
CGTCCA	19.0	584.8	-0.255
ATCTCT	201.0	6251.7	-0.254
GGGCAC	85.0	2518.4	-0.254
GTCAAC	60.0	1808.9	-0.253
CCGCAG	35.0	1066.5	-0.252
GTGCGG	28.0	857.3	-0.252
CAGGCG	36.0	1096.9	-0.251
CAGACC	97.0	2875.6	-0.251
CGGGGT	31.0	947.4	-0.250
GGACAT	126.0	3869.7	-0.250
CAGCTC	144.0	4216.2	-0.249
ACCAGC	105.0	3114.2	-0.249
CCCCAG	137.0	4362.1	-0.249
TACGTT	35.0	1068.6	-0.248
CGCAGG	37.0	1128.9	-0.248
CATATA	296.0	8833.5	-0.248
ACAGAA	325.0	9383.2	-0.247
GTCATC	93.0	2760.5	-0.247
AAAGGC	201.0	5844.9	-0.246
AACAGC	142.0	4160.3	-0.246
TCTCTG	319.0	9894.1	-0.245
AGACAA	221.0	6424.5	-0.244
GATTAA	190.0	5606.9	-0.243
CAGAGC	181.0	5303.3	-0.243
ACATTG	193.0	5636.1	-0.242
TGGGCG	40.0	1220.2	-0.242
CAGCCC	120.0	3910.9	-0.242
AACGCC	21.0	682.7	-0.241
ATCCAA	124.0	3657.5	-0.240
GAGGTT	132.0	3896.6	-0.240
CTGTGG	234.0	6976.4	-0.240
GTAGGT	103.0	3062.6	-0.239
ACTCCT	119.0	3600.5	-0.239
CCTCGT	26.0	854.9	-0.236
TCCGGG	31.0	954.2	-0.236
CGAGTA	17.0	530.6	-0.235
GGCTAT	110.0	3275.1	-0.234
CTTGGG	186.0	5435.0	-0.234
GACAAA	203.0	5919.1	-0.233
AATCAC	121.0	3574.5	-0.233
CACGGT	23.0	933.6	-0.232
CCACCA	172.0	5044.9	-0.232
GAGCCT	118.0	3833.6	-0.231
CACCTC	83.0	2870.6	-0.231
CACTTC	123.0	3635.3	-0.231
GGAACA	154.0	4534.8	-0.230
CTAAGG	109.0	3250.0	-0.230
TTCCAA	212.0	6197.9	-0.229
TCAATC	73.0	2208.0	-0.229
GACCCT	93.0	2776.9	-0.229
GGTGTC	97.0	2893.6	-0.228
TCCAGG	187.0	5471.9	-0.227
TGGAGT	181.0	5814.9	-0.227
TTGATG	241.0	7025.1	-0.227
TCGTCG	5.0	153.1	-0.226
GGCCTA	65.0	1973.9	-0.226
ATTAAT	316.0	9164.5	-0.226
TCAACC	69.0	2180.7	-0.226
TACATC	105.0	3134.6	-0.225
CTCATT	206.0	6020.2	-0.225
TGCAAC	93.0	2777.6	-0.224
AAGTCA	197.0	5778.3	-0.224
GCGTCG	8.0	252.6	-0.224
GGGTGT	165.0	4842.5	-0.223
AAGATG	268.0	7800.1	-0.223
AACAGG	151.0	4451.2	-0.223
ATTGTC	129.0	3827.8	-0.223
TATAAA	433.0	12636.0	-0.223
TAAGAA	306.0	8887.2	-0.222
CTAAAT	195.0	5719.1	-0.222
AAAGAT	344.0	9955.2	-0.222
ATATCA	173.0	5085.0	-0.221
AGCTAC	107.0	3197.5	-0.221
AGTCAC	123.0	3645.6	-0.221
GAGATT	175.0	5147.3	-0.220
AGGGCA	163.0	4786.0	-0.220
GGTTTG	210.0	6148.9	-0.220
CGCCCA	20.0	807.3	-0.219
TTTAGG	209.0	6243.6	-0.219
TCGATT	23.0	719.8	-0.219
TTGGGT	201.0	5875.1	-0.219
GTTATC	82.0	2530.8	-0.219
TTGGCC	102.0	3198.7	-0.218
GAGCGG	20.0	917.2	-0.218
CTGCTA	132.0	3917.7	-0.218
GGCATT	139.0	4770.9	-0.218
GTTCGT	23.0	746.8	-0.217
TGTCGT	26.0	872.0	-0.217
CACCTA	75.0	2557.3	-0.216
ATTACG	22.0	690.3	-0.216
GCCACC	86.0	3546.6	-0.216
AGCGTC	21.0	660.2	-0.215
TGCGCC	30.0	933.4	-0.215
GGTATA	107.0	3548.0	-0.215
TCTACA	168.0	4945.8	-0.214
CGGCAA	18.0	568.3	-0.214
CTTGGA	172.0	5488.7	-0.214
CCAGCG	33.0	1025.9	-0.212
ATCGAT	23.0	722.3	-0.212
ACCGGG	12.0	723.8	-0.212
TCTAAT	170.0	5143.2	-0.211
ACCTTC	115.0	3415.5	-0.211
GGGTTC	88.0	2640.8	-0.210
TGCGCG	12.0	684.8	-0.209
ACTCGA	18.0	570.8	-0.209
GAAGAG	273.0	8346.1	-0.209
CATTAT	205.0	6133.8	-0.208
TGCCCA	150.0	4727.0	-0.208
CCCGAG	45.0	1388.9	-0.208
CCAAAC	127.0	3777.8	-0.208
CGCGTG	9.0	644.8	-0.207
GAACTT	183.0	5374.2	-0.207
CACCAG	132.0	3927.1	-0.207
CTAGAA	192.0	5647.6	-0.207
GAGTAT	135.0	4041.4	-0.207
CTGGGT	182.0	5376.6	-0.205
GCCAGA	129.0	4304.6	-0.205
GTTTGG	225.0	6594.3	-0.205
AAGACG	33.0	1029.9	-0.204
AGACCT	118.0	3788.8	-0.204
CCTATG	90.0	3093.2	-0.204
TAATTC	173.0	5105.9	-0.204
GGGTCT	113.0	3392.3	-0.204
AACAAG	196.0	5773.0	-0.203
CGGAAC	17.0	583.3	-0.203
CCACCT	123.0	3662.9	-0.202
CGGGAT	25.0	788.9	-0.202
CAAGAC	97.0	3428.9	-0.201
GCCTTG	158.0	4990.5	-0.201
CAACTT	139.0	4370.0	-0.201
TAGGGT	102.0	3065.3	-0.201
TGGGCT	171.0	5048.5	-0.201
CAGTCC	95.0	2857.4	-0.201
ATACCC	72.0	2308.4	-0.200
AGCTGG	185.0	5443.3	-0.200
GTGAGC	142.0	4384.9	-0.200
AGTTCT	230.0	6754.9	-0.200
TTACCT	150.0	4479.2	-0.200
TGAGTC	131.0	3905.4	-0.199
TCTGAA	260.0	7885.6	-0.199
TTCGAC	7.0	396.1	-0.199
ACCCAT	111.0	3337.8	-0.199
GCCTAT	74.0	2532.0	-0.198
TTAGGA	182.0	5387.6	-0.196
TGTGCG	71.0	2175.8	-0.195
TGGCAA	155.0	4635.2	-0.195
TTTGCT	395.0	11435.8	-0.194
GCGGCC	20.0	832.4	-0.193
CCAAGA	161.0	4786.5	-0.192
GCTACG	14.0	491.5	-0.192
AGAATA	274.0	7999.1	-0.192
ATCGTC	15.0	484.5	-0.192
TGGTCT	175.0	5181.1	-0.192
GATTAT	166.0	4909.3	-0.191
CACTTG	162.0	4953.5	-0.191
CACCGA	22.0	755.2	-0.191
CAGAAC	152.0	4516.8	-0.191
CCGCTG	30.0	1109.2	-0.190
GGAGAC	99.0	3717.2	-0.188
TCTAAC	83.0	2956.3	-0.188
TGGTCC	89.0	2776.9	-0.187
CCCAGT	129.0	3858.6	-0.187
TTGTCG	24.0	765.4	-0.186
CCAGGT	128.0	3829.4	-0.186
TGCTTT	478.0	13820.3	-0.186
CTATCT	146.0	4428.0	-0.185
GAGCCA	174.0	5158.4	-0.185
GGACCA	88.0	2662.1	-0.185
TCTTTA	328.0	10379.6	-0.185
GGAGTA	92.0	2838.1	-0.185
TACTAG	75.0	2581.4	-0.185
CGCGGC	16.0	518.9	-0.185
AGTCCA	116.0	3471.3	-0.185
CTTGGT	154.0	5222.8	-0.184
TCGACC	7.0	331.1	-0.184
ACATCC	97.0	2932.5	-0.184
GACCAT	99.0	2993.0	-0.184
TCTACT	130.0	3893.6	-0.183
AGGTTC	98.0	2963.0	-0.183
CACATT	223.0	6566.4	-0.181
GAACAG	156.0	4649.6	-0.181
AGTCTC	129.0	3867.6	-0.180
CAAAGG	182.0	5409.1	-0.179
TATCCC	79.0	2427.6	-0.179
ATCCAG	131.0	3927.1	-0.179
GAAGAC	157.0	4682.7	-0.179
AGGTCG	14.0	536.1	-0.178
GTGCTG	226.0	7244.7	-0.177
GGCCGA	22.0	716.0	-0.177
CAACAG	134.0	4021.9	-0.176
GCAACG	13.0	530.6	-0.175
CCATTG	145.0	4510.5	-0.175
GCGGAG	34.0	1078.0	-0.174
TCTACC	96.0	2946.7	-0.174
CGTGTG	99.0	3002.4	-0.174
AGTCTA	113.0	3423.3	-0.173
CCCAAG	141.0	4207.2	-0.172
ACACCT	118.0	3545.1	-0.172
GGGCGT	32.0	1062.0	-0.172
CTACCA	91.0	2914.8	-0.171
GGAATT	206.0	6091.6	-0.171
AGGCCG	23.0	850.5	-0.171
AGTAAA	262.0	8594.8	-0.171
GCGGGC	32.0	1018.0	-0.170
GATAAT	165.0	4905.5	-0.170
ATAGGT	92.0	3389.9	-0.170
TATGTG	500.0	14487.8	-0.168
CAGTCT	149.0	4698.7	-0.168
GGGGAC	100.0	3039.0	-0.168
TATTTC	320.0	9355.0	-0.167
GTGTCT	250.0	7358.3	-0.167
TAGAGT	144.0	4578.0	-0.167
ACAAAG	256.0	7544.5	-0.167
CGGATA	13.0	431.8	-0.167
TAGCGA	17.0	578.3	-0.166
TTATAG	197.0	5855.2	-0.166
AGGACT	134.0	4144.9	-0.164
TAATGA	250.0	7387.7	-0.163
CTAGGC	82.0	2591.7	-0.162
TCATCA	152.0	4553.6	-0.161
CTGCAA	134.0	4731.9	-0.161
TCTTTC	354.0	10848.1	-0.160
CCCGGG	43.0	1360.6	-0.160
TCCGAG	24.0	929.9	-0.159
ATTCGA	21.0	689.8	-0.159
GCGGCG	22.0	717.3	-0.159
GTTTCC	173.0	5452.7	-0.159
TTTCAA	327.0	10172.2	-0.158
ATTCAG	183.0	5439.8	-0.158
TTCACT	186.0	5532.3	-0.157
GCAGAA	206.0	6115.5	-0.156
TTGTCT	280.0	8249.5	-0.155
AAACTC	182.0	5457.4	-0.155
CTCTTG	179.0	5353.9	-0.154
AATAAT	380.0	11860.8	-0.154
AAGCCC	101.0	3084.6	-0.154
AGCGCC	26.0	844.3	-0.153
CTTCTG	275.0	8207.5	-0.152
CTTCAG	208.0	6182.2	-0.152
TAACAT	217.0	6428.6	-0.152
GATGGT	158.0	4749.1	-0.151
GTCGGG	23.0	780.7	-0.151
CCGCGG	11.0	605.9	-0.151
CAGTAA	161.0	4904.5	-0.151
CCATAA	123.0	3721.1	-0.151
GGATCC	73.0	2274.9	-0.150
CGCCAG	33.0	1062.8	-0.150
CTAATA	149.0	4478.4	-0.150
TATAAT	315.0	9263.5	-0.149
ACATCG	20.0	660.6	-0.149
AAAATC	297.0	8730.4	-0.149
ACCGGC	11.0	557.4	-0.149
TTCCGA	21.0	740.3	-0.148
CACCTG	150.0	4511.0	-0.148
TCACTT	191.0	5699.3	-0.148
TGAGAC	174.0	5211.5	-0.147
TGGATA	159.0	5074.2	-0.146
ACTTGG	156.0	5063.3	-0.146
AAAATT	607.0	17576.8	-0.146
TTAACA	214.0	6377.5	-0.145
CAGAAA	384.0	11250.8	-0.144
TAGCTC	109.0	3338.2	-0.143
CACAAA	215.0	7484.5	-0.143
GGCTGA	145.0	4367.2	-0.142
GTGCCC	83.0	2846.2	-0.142
TCTGAC	123.0	3994.5	-0.142
GGTCAA	78.0	2433.9	-0.142
TTTCTC	335.0	11566.5	-0.142
GATATA	151.0	4857.4	-0.142
ATTTTC	411.0	13052.1	-0.142
CCCATA	98.0	3007.2	-0.142
CGAGGT	23.0	780.2	-0.141
CTACGT	13.0	691.6	-0.141
CCCTAG	77.0	2404.9	-0.141
CGGATC	13.0	445.9	-0.141
GCCAAT	83.0	2556.5	-0.141
AGACCA	164.0	4917.4	-0.141
TGTGGT	262.0	8420.6	-0.140
GCGATC	10.0	344.1	-0.140
AACCCA	150.0	4523.4	-0.140
TCTTCC	208.0	6203.8	-0.139
GAATAT	233.0	6913.2	-0.139
CGCCAT	25.0	822.9	-0.139
TTATAT	438.0	12892.3	-0.139
GACTCA	106.0	3253.2	-0.139
GTGACA	141.0	4438.4	-0.137
CGAGCG	13.0	444.9	-0.137
TACCCA	111.0	3548.8	-0.137
TTCCAC	133.0	4042.1	-0.136
GGGAAC	103.0	3274.9	-0.136
ACTTAT	153.0	5073.6	-0.136
TCTAGA	158.0	4774.4	-0.135
CCATCC	102.0	3550.6	-0.135
CTGAAA	291.0	8603.6	-0.135
AGGTAC	79.0	2472.7	-0.134
TGAGCT	198.0	5936.7	-0.134
ACTGGG	142.0	4289.3	-0.134
TTTCGA	40.0	1289.3	-0.134
AGACCC	95.0	2928.5	-0.133
GGCTGC	145.0	4383.0	-0.133
AATTCC	156.0	4719.6	-0.131
AGGCGA	22.0	734.0	-0.131
TCTATT	227.0	6773.2	-0.131
GTCGTT	21.0	702.8	-0.131
GTTTCA	176.0	6140.3	-0.131
AGGAAC	140.0	4421.6	-0.131
GAGCTT	138.0	4368.7	-0.131
CTTACA	161.0	4873.9	-0.130
TCGAGT	13.0	722.3	-0.130
ACCCCA	109.0	3392.9	-0.130
AAACAG	281.0	8332.3	-0.129
AATCTT	233.0	6932.3	-0.129
GAGTAA	132.0	4024.4	-0.129
ATCCTC	89.0	3211.3	-0.128
TTCTCC	182.0	5773.1	-0.128
CATTAG	113.0	3785.3	-0.127
GCCCTA	55.0	1847.8	-0.127
CCAGGG	165.0	4970.3	-0.127
GCTGCC	136.0	4466.8	-0.127
AGATCT	173.0	5214.8	-0.127
GCTCAA	79.0	2806.8	-0.126
GTCCAA	73.0	2300.3	-0.126
ATATCT	208.0	6228.1	-0.126
CATTCA	179.0	5651.4	-0.126
GGAATA	152.0	4663.8	-0.125
ATCACT	127.0	3877.1	-0.125
TGGAGA	261.0	7748.9	-0.125
TGATCA	139.0	4274.6	-0.125
AGGCTT	154.0	5116.4	-0.125
CAAATC	127.0	3878.1	-0.124
TAGTCC	69.0	2208.7	-0.124
TACTTA	171.0	5540.3	-0.124
TATCAA	143.0	4335.0	-0.124
CCGGCT	34.0	1112.7	-0.124
GATCTG	122.0	4090.5	-0.124
CAGGAC	136.0	4153.2	-0.123
AGCCCT	140.0	4704.7	-0.123
GATTTT	440.0	12891.2	-0.123
TCTGAT	197.0	5926.0	-0.123
AAGGGT	95.0	3747.2	-0.123
GCTTTG	234.0	6976.8	-0.122
GAGAAT	194.0	6233.9	-0.121
TAAGGT	116.0	3550.8	-0.121
ATCTTC	166.0	5011.6	-0.121
TCGTTT	52.0	1668.9	-0.120
GGCTGT	173.0	5751.2	-0.120
TATGAT	193.0	5945.7	-0.120
TTCTCT	404.0	11858.6	-0.120
CGTCGA	3.0	137.1	-0.120
TCATAT	208.0	6345.1	-0.119
GAGGTG	152.0	4788.0	-0.119
TTGCGA	18.0	615.2	-0.119
GTGGTT	191.0	5758.5	-0.119
TCCAAT	117.0	3583.8	-0.119
CTACAA	122.0	3735.8	-0.118
GGCTCT	119.0	3809.5	-0.118
TAGCCA	138.0	4223.9	-0.118
TCACTA	113.0	3494.1	-0.118
TTATTG	292.0	8673.1	-0.117
GCGCGC	20.0	1361.2	-0.117
CACATC	110.0	3403.6	-0.117
TCGTTA	21.0	711.3	-0.117
CTCTAG	120.0	3677.3	-0.117
CATCTA	135.0	4133.8	-0.117
TTCGGT	27.0	953.2	-0.116
TAGTTG	124.0	3983.5	-0.116
GGGTTA	89.0	2769.1	-0.115
GCCGGA	15.0	650.8	-0.115
GCAGCC	124.0	3802.4	-0.115
TGTGTC	260.0	7739.7	-0.115
TTCAAC	113.0	3557.2	-0.115
TAACTC	107.0	3462.6	-0.114
CGTCAC	17.0	585.8	-0.114
AAGGCT	163.0	5237.2	-0.114
GAACAC	126.0	3864.3	-0.114
CGTCAA	13.0	456.4	-0.114
TCTATA	165.0	5319.8	-0.113
AGCGAC	17.0	586.0	-0.113
GCGTCA	16.0	554.9	-0.113
GTCGAT	13.0	457.2	-0.112
ACATAG	155.0	4763.6	-0.112
GTTTGA	226.0	6782.5	-0.112
GCACCG	21.0	715.6	-0.111
CTCACG	28.0	936.6	-0.111
CGATCA	12.0	424.6	-0.111
TTATAA	342.0	10115.7	-0.111
TTAGCC	92.0	2909.9	-0.111
TCAAGA	166.0	5029.8	-0.111
AATACA	259.0	7718.9	-0.111
GGGATA	103.0	3201.9	-0.110
ATTTCC	237.0	7096.7	-0.110
TGAGAA	241.0	9611.6	-0.109
CCCGCG	12.0	529.9	-0.109
CCAAAA	239.0	7160.8	-0.109
ACATAT	322.0	9548.2	-0.109
CAGGAA	250.0	7473.2	-0.109
CAGATC	109.0	3387.5	-0.108
CGACTC	11.0	555.3	-0.108
GAACAT	175.0	5310.4	-0.108
GCTCCA	105.0	3265.0	-0.108
GGAGTT	163.0	4942.2	-0.108
GCAAAC	126.0	3876.2	-0.107
ATATGA	243.0	7293.3	-0.106
AGTCAG	168.0	5100.8	-0.106
TTCCAG	250.0	7480.5	-0.105
CCACGA	22.0	820.0	-0.105
GTCAAA	141.0	4306.2	-0.105
ATAAGA	210.0	6333.8	-0.105
TTTCTA	359.0	10768.9	-0.105
GAACCA	118.0	3637.8	-0.104
AATAAG	217.0	6521.9	-0.104
ACCTAA	98.0	3579.5	-0.103
CGGTCC	15.0	528.5	-0.103
CTAGGT	90.0	2817.2	-0.102
CTTTGT	366.0	10843.9	-0.102
GACGGC	16.0	561.6	-0.102
TCCTAG	118.0	3641.5	-0.102
CTTCAC	115.0	3551.5	-0.101
ATTAAG	191.0	5786.1	-0.101
GATTCA	115.0	3552.3	-0.100
GCTACT	96.0	3162.5	-0.100
TTCGAT	21.0	724.8	-0.099
ACATTA	201.0	6067.6	-0.099
GCAACT	92.0	2883.4	-0.099
CTCGAG	24.0	820.2	-0.099
CGACAA	14.0	498.9	-0.099
CAACCG	14.0	498.2	-0.099
TCTCCT	206.0	6223.8	-0.099
AGTGTG	277.0	8280.1	-0.099
AATCAT	190.0	5761.3	-0.098
CGATGA	20.0	790.9	-0.098
TTGAGC	122.0	3770.3	-0.098
CTAGAG	130.0	4014.7	-0.098
AGCCCA	133.0	4106.7	-0.098
ATTTGA	335.0	9963.2	-0.097
TACTCC	69.0	2224.2	-0.097
TAGGTA	130.0	4016.4	-0.097
CCGGGA	34.0	1138.7	-0.096
CACAAT	148.0	4538.9	-0.096
GGGCCA	92.0	2889.2	-0.096
CTTCCA	182.0	5551.4	-0.096
ATCTCC	104.0	3255.1	-0.096
AGATGG	229.0	6915.2	-0.095
GTACCC	50.0	1678.0	-0.095
GATCCC	68.0	2188.2	-0.095
AAAGTC	174.0	5308.2	-0.094
GGTTAT	113.0	3533.0	-0.094
CCCTAA	89.0	2801.8	-0.094
ACTTCA	159.0	5200.2	-0.093
TACAAT	162.0	4973.9	-0.093
TTTATC	239.0	7200.3	-0.093
CCGAGT	30.0	1155.9	-0.092
GCACAA	116.0	3597.8	-0.092
GACTTT	229.0	6921.6	-0.092
ATTCTT	307.0	9454.9	-0.092
ATTCCT	199.0	6055.3	-0.092
GCCACA	123.0	3813.6	-0.091
GTCTTC	154.0	4731.3	-0.091
CGCCTA	13.0	471.1	-0.091
TCCCAG	192.0	5840.3	-0.091
TGGGTA	156.0	4997.2	-0.091
TCCCCG	30.0	1029.2	-0.090
CAGCGG	32.0	1081.7	-0.090
TTTCAG	296.0	8840.3	-0.090
CTCCGG	30.0	1018.1	-0.090
TCTCGG	25.0	861.2	-0.089
ACGTCC	14.0	561.0	-0.089
TTATCT	207.0	6798.3	-0.089
CGTCGC	6.0	230.9	-0.089
AACGTC	19.0	669.9	-0.088
GGTTCT	136.0	4217.1	-0.088
TATTGA	210.0	6375.0	-0.088
CCGGGC	34.0	1148.0	-0.087
CTTCGA	21.0	734.7	-0.087
TACATA	279.0	9552.3	-0.087
TCTTGG	200.0	6068.7	-0.086
TCTCAC	124.0	3922.9	-0.086
GGAGCT	144.0	4436.1	-0.086
GCTTCT	198.0	6038.6	-0.086
CTACGA	11.0	406.7	-0.086
ATTTGG	230.0	7436.0	-0.086
CAAGAT	156.0	4894.9	-0.086
GCTTCA	141.0	4344.5	-0.086
AAAATG	573.0	17329.9	-0.085
AATTGA	231.0	6974.0	-0.085
TAGCCC	91.0	3029.8	-0.084
AAGCCA	184.0	5956.2	-0.084
TATCTC	116.0	3723.6	-0.084
CGCCAC	23.0	898.7	-0.084
AGTAAT	186.0	5672.4	-0.084
TTTACT	286.0	9128.8	-0.083
CTACTT	147.0	4565.7	-0.083
CTATGT	164.0	5709.9	-0.083
ATCTAC	87.0	2759.2	-0.082
CAACCC	67.0	2274.3	-0.082
TAGGTG	109.0	3432.7	-0.082
ACGGCG	7.0	278.3	-0.082
CGAACT	22.0	897.4	-0.082
AATTAC	154.0	4752.6	-0.082
TTAGGG	116.0	3618.7	-0.082
GCACAG	154.0	4805.5	-0.081
TCTTCT	314.0	10166.4	-0.081
ACAGCT	172.0	5278.3	-0.081
CAAACG	28.0	965.7	-0.081
CTGGTT	169.0	5187.3	-0.080
CAGCGC	23.0	1043.6	-0.080
GTCAAT	78.0	2876.9	-0.080
CAACAT	148.0	4572.2	-0.080
GCCATG	143.0	4419.0	-0.080
AGCAGA	225.0	6830.5	-0.080
TATGGT	152.0	4697.5	-0.079
TTACAA	208.0	6334.6	-0.079
AGTAAG	151.0	4667.4	-0.079
ATATTC	196.0	5995.6	-0.079
CCCATT	128.0	4294.6	-0.078
TCCGGC	14.0	640.3	-0.078
GGATTT	254.0	7683.3	-0.077
GATCAG	77.0	2813.6	-0.077
CCCGCA	21.0	745.7	-0.077
GCACCA	99.0	3147.9	-0.076
CATTAA	213.0	6500.8	-0.076
TAAGTC	94.0	3001.9	-0.076
GACGAG	20.0	713.1	-0.075
CTTCTT	284.0	9185.4	-0.075
AACACA	257.0	7783.3	-0.075
ACCACG	28.0	1023.7	-0.075
GGCGGC	33.0	1135.8	-0.075
TGAGAT	222.0	6752.7	-0.075
TCAAAT	248.0	7502.6	-0.075
TTGATC	108.0	3734.9	-0.075
AATCTC	122.0	3817.4	-0.075
GCCCCA	99.0	3171.1	-0.074
GGTGCT	141.0	4370.1	-0.074
TAAGGC	89.0	2921.9	-0.074
TAGCAA	141.0	4815.4	-0.074
AGAATC	136.0	4249.9	-0.074
GGAATC	89.0	2963.1	-0.074
CGGCGA	7.0	281.8	-0.073
GCGCTG	35.0	1195.4	-0.073
TCCACA	140.0	4374.6	-0.073
CATTTA	330.0	10043.7	-0.073
ATAGAA	269.0	8185.4	-0.072
TTGTTA	291.0	8824.9	-0.072
GGTCTT	136.0	4255.0	-0.072
GGCTCA	121.0	3868.2	-0.071
ATCCAC	97.0	3088.9	-0.071
GGCCTT	135.0	4226.6	-0.071
TAGGAC	74.0	2575.5	-0.071
ATTATC	134.0	4195.4	-0.071
TCTCAT	183.0	5616.0	-0.071
GTGTCA	136.0	4258.0	-0.070
CAAACC	116.0	3643.6	-0.070
CTCATG	141.0	4655.5	-0.070
AGCACC	95.0	3029.7	-0.070
AGCTAT	143.0	4517.2	-0.069
CTTTAC	132.0	4362.4	-0.069
CTGCGG	35.0	1200.8	-0.069
CCGGGT	26.0	914.9	-0.069
TCTATC	121.0	3799.8	-0.069
CGCACC	15.0	555.2	-0.069
CCCAAA	167.0	5157.1	-0.068
TTACTA	146.0	4932.4	-0.068
CTTAGG	108.0	3433.2	-0.068
GAGACT	149.0	4635.0	-0.068
AAGTTC	157.0	4882.6	-0.067
ATTATA	304.0	9172.5	-0.067
TATAAG	172.0	5322.4	-0.067
GTTCTT	250.0	7591.7	-0.067
TAGGCG	11.0	520.7	-0.066
GCAGAT	132.0	4520.4	-0.066
GCGACA	14.0	524.1	-0.066
CCAATA	91.0	2937.9	-0.066
CTCAAT	106.0	3376.8	-0.066
CCCAGA	164.0	5072.8	-0.065
TTGGGC	90.0	3173.2	-0.065
CAGAAG	273.0	8263.8	-0.064
AACTCT	172.0	5506.9	-0.064
TCATTA	199.0	6133.9	-0.064
CCAGGC	165.0	5110.9	-0.063
TCACGG	19.0	890.7	-0.063
CATTCT	198.0	6609.2	-0.063
AAAAGG	294.0	8903.4	-0.063
CGGTTT	28.0	1145.4	-0.062
AAGACA	268.0	8145.6	-0.062
GGCATC	93.0	2985.4	-0.062
ATTAAC	132.0	4157.8	-0.062
CGCGCC	15.0	562.1	-0.062
GGGCTC	79.0	2584.4	-0.061
TCGGGT	22.0	794.6	-0.061
GAGTTA	142.0	4436.8	-0.061
CGAGAA	30.0	1053.8	-0.061
AGCACT	175.0	5611.0	-0.061
ACTTCT	188.0	5800.0	-0.061
TCCAGC	105.0	4430.6	-0.060
CTCGAA	37.0	1278.9	-0.060
AAATAT	585.0	17305.8	-0.060
CAATCC	65.0	2155.2	-0.059
ATCTGG	135.0	4256.9	-0.059
TCGAGA	34.0	1183.7	-0.059
GATCAT	99.0	3607.1	-0.059
AATATG	272.0	8251.2	-0.059
TTAGAT	194.0	5993.9	-0.059
GATATT	205.0	7039.0	-0.059
TTGAGG	183.0	5651.5	-0.059
ATAACA	192.0	5932.5	-0.059
CACATG	267.0	8127.3	-0.059
AAGTAA	260.0	7907.7	-0.058
GATCCA	85.0	2746.8	-0.058
TTCTGA	301.0	9113.4	-0.058
TAAAAT	643.0	19426.2	-0.058
ACTGAG	191.0	5905.0	-0.058
AGATGA	243.0	7437.1	-0.058
CAGACG	25.0	897.8	-0.057
CTTTAG	176.0	5470.1	-0.057
TTCGTC	13.0	534.8	-0.057
GAGCTG	183.0	5658.0	-0.057
GTCCTG	168.0	5223.5	-0.057
CGGAGT	20.0	735.6	-0.057
GGTCGA	8.0	399.7	-0.056
GCAATC	64.0	2131.8	-0.056
GCAAAA	225.0	6910.4	-0.056
ATTTCG	23.0	834.3	-0.056
ACAGAT	199.0	6190.6	-0.055
ACGCCA	22.0	802.9	-0.055
AATCTG	176.0	5515.2	-0.055
AATCCA	144.0	4517.3	-0.055
AGACGC	19.0	782.4	-0.055
CCTTGA	163.0	5076.0	-0.055
GCCCTG	168.0	5232.4	-0.054
ACAGGG	151.0	5312.8	-0.054
ATTGGG	120.0	3808.2	-0.054
CGGACT	10.0	503.3	-0.054
TGGTTG	200.0	6509.4	-0.053
AGCAGC	172.0	5360.9	-0.053
AGGCTG	205.0	6886.1	-0.053
TAAATT	382.0	11941.2	-0.053
CCTGAG	183.0	5994.7	-0.053
GACCAG	122.0	3874.7	-0.053
TTTCAC	182.0	5674.4	-0.053
GCGCAG	26.0	1138.2	-0.052
CATTTC	263.0	8027.8	-0.052
GATTTA	213.0	6579.1	-0.052
GCAGCT	147.0	4619.9	-0.052
GTGCGT	55.0	1859.3	-0.052
CCTAAA	143.0	4495.1	-0.052
CAGAAT	206.0	6709.2	-0.052
CTCAGA	215.0	6644.2	-0.052
CTGAGT	224.0	6895.1	-0.052
ATTCGG	19.0	749.6	-0.052
CATCTC	128.0	4728.9	-0.051
CCAGAC	91.0	2951.9	-0.051
TACTCA	122.0	3880.9	-0.051
TTATGG	153.0	4868.6	-0.051
GTTGAG	136.0	4316.2	-0.050
CTGGAC	98.0	3171.8	-0.050
GCAGAC	102.0	3295.7	-0.050
AATTAT	346.0	10471.8	-0.049
CTTCTA	165.0	5158.3	-0.049
GAGTCA	125.0	3982.9	-0.048
TCGGGA	19.0	1066.7	-0.048
TGGGTC	106.0	3425.5	-0.048
CAACGT	18.0	680.9	-0.048
TCTTCA	243.0	7535.4	-0.047
CCACAT	118.0	4965.6	-0.047
TCAGCG	26.0	945.5	-0.047
TACGTC	10.0	425.4	-0.047
CTCGGG	35.0	1237.7	-0.047
AGGGAT	133.0	4528.1	-0.047
TATAGG	103.0	3336.9	-0.046
AATGAG	191.0	7158.8	-0.046
CGAGAC	27.0	1041.9	-0.046
GAATCT	123.0	4440.5	-0.046
GTCTTT	260.0	8318.1	-0.046
CATCAG	127.0	4213.9	-0.046
AGAACC	111.0	3587.6	-0.045
AAGACC	112.0	3619.9	-0.045
GTCGAG	12.0	479.0	-0.045
GACCGG	13.0	594.4	-0.045
CCAGCA	170.0	6008.7	-0.044
CTTATA	153.0	4835.6	-0.044
GAGCAC	97.0	3316.3	-0.044
TCTTTG	345.0	10469.2	-0.044
ATATTA	314.0	9568.9	-0.044
ATCCCT	117.0	3749.1	-0.044
ATCAGC	88.0	2927.8	-0.044
TCCATC	127.0	4060.2	-0.043
GGGTAT	102.0	3317.5	-0.043
ACGTCA	22.0	821.7	-0.043
CGATGG	20.0	755.5	-0.043
TTCATT	414.0	12468.0	-0.043
GGACGT	19.0	722.0	-0.042
AGATCA	134.0	4282.3	-0.042
ACTCCA	118.0	3785.8	-0.042
ATTCAC	120.0	3848.4	-0.042
ACCGCG	6.0	307.5	-0.042
CTATAA	158.0	5082.4	-0.042
TCAGAA	280.0	8588.3	-0.042
TGATAA	205.0	6658.0	-0.042
CGGCTA	11.0	448.9	-0.042
ACTCAT	139.0	4442.8	-0.041
GCCCAG	141.0	4473.2	-0.041
ACATAA	237.0	7323.0	-0.041
GAGGCT	137.0	4381.6	-0.041
CTACGG	9.0	460.1	-0.040
GAGCTA	115.0	3701.8	-0.040
ATCAGA	168.0	5290.8	-0.040
GGCTCC	88.0	2892.4	-0.040
GGTTAC	59.0	2015.2	-0.040
CGCGAG	10.0	414.2	-0.040
GAAAAT	438.0	13336.6	-0.039
GCGCGT	7.0	467.2	-0.039
GCGACT	13.0	522.7	-0.039
TCACAT	178.0	5606.1	-0.039
GCGCGA	7.0	343.4	-0.038
AGAGTT	209.0	6735.6	-0.038
GCTGCT	196.0	6273.0	-0.038
ACTATG	131.0	4206.6	-0.038
TGCTGG	239.0	8401.4	-0.038
CTCCTG	184.0	5767.4	-0.038
GGCAAT	80.0	2680.0	-0.038
CAGCTA	122.0	3927.5	-0.038
GTCAGG	110.0	3585.5	-0.037
ATTTAG	224.0	6964.8	-0.037
CAAATG	259.0	7977.4	-0.037
GTTTTG	506.0	16064.3	-0.037
CAACTC	83.0	2746.0	-0.036
AGGGCT	150.0	4774.7	-0.036
GATGAG	143.0	4555.3	-0.036
TCCCAA	117.0	4595.5	-0.036
ACTACG	12.0	491.3	-0.036
TAATAA	359.0	11106.2	-0.036
GCGGCT	24.0	901.9	-0.036
GGTCCA	64.0	2185.4	-0.035
CGCAGC	26.0	968.1	-0.035
CTGCTG	247.0	7639.0	-0.035
CAGGGC	132.0	4460.7	-0.035
CAAACA	287.0	8861.2	-0.035
GAGTAC	74.0	2500.2	-0.035
CAATTG	96.0	3158.8	-0.035
TTTGGT	363.0	11047.1	-0.035
TATCTA	165.0	5241.4	-0.035
AGGCAC	106.0	3471.1	-0.035
GGGACT	110.0	3596.5	-0.035
TGTTTC	319.0	9755.2	-0.034
AAATTT	516.0	16383.8	-0.034
GCTATG	122.0	3944.5	-0.034
GGGTCC	64.0	2192.5	-0.033
CTAACA	107.0	3577.6	-0.033
CCGCGT	7.0	312.3	-0.033
ATATAA	359.0	10932.3	-0.033
AGGCGC	23.0	874.3	-0.033
CTGAGC	177.0	5607.9	-0.032
AAACAT	327.0	10651.4	-0.032
AAAGGT	185.0	6141.1	-0.032
GAGTCT	118.0	3827.5	-0.032
CTAGGA	114.0	3734.8	-0.032
GGTGAG	123.0	4345.0	-0.031
CGCGGG	14.0	671.7	-0.031
TCAAGG	129.0	4173.8	-0.031
GGTCCG	12.0	499.7	-0.031
ATAAAT	476.0	15866.0	-0.031
TCGAAC	22.0	844.6	-0.031
AGTTCC	139.0	4489.5	-0.031
AGTCAT	155.0	4959.6	-0.031
AATTAG	165.0	5344.7	-0.030
TACAAC	78.0	2644.4	-0.030
TCTAGG	106.0	3493.1	-0.030
CATCCC	93.0	3319.8	-0.030
AGCTGA	174.0	5530.6	-0.030
GAGCTC	103.0	3400.1	-0.029
TTGGTC	113.0	3714.4	-0.029
AGCTTC	137.0	4435.7	-0.029
ACTCTA	96.0	3473.0	-0.029
ATTATG	214.0	6738.7	-0.029
ACCAGA	141.0	4530.0	-0.029
AGGGTC	83.0	2775.2	-0.029
TTCTAC	130.0	4219.6	-0.028
TTCATA	254.0	7919.3	-0.028
GAGTTT	247.0	8183.9	-0.028
GAGAAC	134.0	4351.0	-0.027
ATAATT	329.0	10492.1	-0.026
CGCAGA	27.0	1023.1	-0.026
GGTACT	72.0	2472.2	-0.026
ATCATC	107.0	3543.9	-0.026
GATAAA	224.0	7039.0	-0.026
ATATGG	156.0	5020.5	-0.026
TTCAAA	325.0	10020.7	-0.025
CCGGAA	22.0	859.4	-0.025
TTACTT	263.0	8558.0	-0.025
AGGTAT	126.0	4740.5	-0.025
GGTGCC	68.0	2551.6	-0.025
TTTGAG	319.0	10415.6	-0.025
GTCCCG	18.0	723.8	-0.025
GATCTA	67.0	2322.0	-0.024
TCAGGC	98.0	3268.6	-0.024
CTCAAA	209.0	6605.3	-0.024
TACTTC	119.0	3898.4	-0.024
ATTAAA	484.0	15047.7	-0.024
AAGTCC	93.0	3270.1	-0.024
CTATTA	144.0	4654.6	-0.024
CGCCGC	16.0	656.9	-0.024
CTGGAA	243.0	8629.6	-0.024
TTAGGT	142.0	4593.9	-0.024
TAGGTC	59.0	2071.4	-0.023
CCCAGG	154.0	4972.5	-0.023
CCTCAA	112.0	3716.9	-0.023
CTTGAG	147.0	5116.9	-0.023
ATTTCT	438.0	13332.3	-0.023
TGCGAC	10.0	443.4	-0.023
TGTTGT	370.0	12175.0	-0.023
GGAACT	141.0	5290.2	-0.023
GGCTAC	77.0	2647.2	-0.023
TAAGGG	94.0	3153.0	-0.022
ATTTAC	171.0	6751.7	-0.022
GCTCCT	121.0	3974.3	-0.022
AACTTC	138.0	4510.6	-0.022
GCAGAG	232.0	7291.1	-0.022
CCGAGC	23.0	912.7	-0.022
TCCTTG	185.0	6030.7	-0.022
CAACCA	119.0	3915.0	-0.022
GGACTT	126.0	4154.8	-0.021
ACCATC	98.0	3289.0	-0.021
TAGGTT	131.0	4340.4	-0.021
GGCACA	118.0	3998.5	-0.021
CAAGGT	115.0	3795.5	-0.021
AGGGCC	78.0	2705.9	-0.020
CACTGG	137.0	4491.0	-0.020
TTAGTT	244.0	7692.0	-0.020
ACATCA	140.0	4587.9	-0.020
GGCAAC	60.0	2120.2	-0.020
CGGGAC	18.0	738.9	-0.020
ACATTC	145.0	4716.7	-0.020
AGCAAA	262.0	8207.6	-0.020
TCACAG	182.0	5854.2	-0.019
AAGAGC	149.0	5274.9	-0.019
AAATCT	269.0	8437.3	-0.019
TTGGTT	341.0	10543.8	-0.019
TCTTGA	190.0	6081.8	-0.019
AGCGCG	11.0	490.4	-0.019
CTCAAG	119.0	3939.4	-0.018
TGAGCC	145.0	4926.9	-0.018
TATTAG	163.0	5360.4	-0.018
AAGATC	121.0	4005.0	-0.018
GCTATC	65.0	2331.5	-0.018
CCTTGG	145.0	4737.5	-0.017
CCTAGA	101.0	3410.7	-0.017
TCGATC	6.0	424.2	-0.017
AGCTGC	157.0	5147.5	-0.017
ACAGGT	122.0	4045.1	-0.017
TTGAGA	225.0	8548.4	-0.017
AGGGTA	86.0	3033.9	-0.017
CCAATC	55.0	2151.6	-0.017
CTGAGA	229.0	7282.1	-0.016
CACAGG	156.0	5091.3	-0.016
GGTGCG	20.0	820.0	-0.016
GCTGGG	196.0	7063.0	-0.016
CCGCGA	6.0	303.8	-0.016
ACAGGC	96.0	3712.2	-0.016
CCGCGC	12.0	535.8	-0.016
TACAGG	117.0	4047.9	-0.016
GAACAA	163.0	5288.6	-0.016
GAAATC	143.0	5284.6	-0.016
ATACAA	199.0	6399.3	-0.016
AGCCAT	179.0	5796.7	-0.016
GCAGTC	79.0	3001.2	-0.016
ATTCCA	169.0	5480.5	-0.015
GAAATT	296.0	9364.7	-0.015
GGGATT	153.0	5399.6	-0.015
CTCAGG	157.0	5136.1	-0.015
CTCCAA	116.0	3870.1	-0.015
GGTCCC	57.0	2075.4	-0.015
TCTCCG	23.0	928.1	-0.015
GCAATT	109.0	3682.7	-0.015
TACATT	266.0	8674.5	-0.015
GCGAGC	22.0	896.0	-0.015
TGAGTT	312.0	9755.9	-0.014
GGGATC	63.0	2249.2	-0.014
CGAACA	13.0	577.4	-0.014
TTCTAT	234.0	7872.6	-0.014
CGAGCT	23.0	931.9	-0.014
TGGGCC	83.0	2924.6	-0.014
GGTGAC	82.0	2838.3	-0.014
AACAAC	163.0	5303.5	-0.014
AGAGCT	174.0	5809.7	-0.014
ATCAGG	100.0	3402.5	-0.014
ATCTAT	179.0	5816.1	-0.014
TAGGGC	51.0	2110.9	-0.014
CATCAA	123.0	4101.1	-0.014
CAGTCA	130.0	4323.8	-0.014
AGCAAC	109.0	3689.0	-0.014
CGGAGC	25.0	1085.5	-0.014
AGCGGA	17.0	724.7	-0.014
CCAGAT	119.0	3980.5	-0.013
AATTCT	233.0	8182.8	-0.013
AGTCCC	68.0	2849.8	-0.013
CATAAA	246.0	8569.7	-0.013
CCAATT	101.0	3443.4	-0.013
GTCTAT	102.0	3709.3	-0.013
TCATTC	147.0	4842.0	-0.013
GGACCT	92.0	3159.2	-0.013
TCTGGT	164.0	5350.0	-0.013
CAAATA	246.0	7813.6	-0.013
CCATCA	112.0	3800.5	-0.012
AATCCC	104.0	3546.5	-0.012
ATTACA	193.0	6326.4	-0.012
CTTTGA	273.0	8681.4	-0.012
ATATCC	90.0	3321.2	-0.012
TTAGTC	94.0	3239.6	-0.011
AGCGGC	14.0	788.9	-0.011
TTTGAT	341.0	10668.5	-0.011
TTTGTC	240.0	7681.5	-0.011
CCTAGG	83.0	2896.4	-0.010
CTAGGG	74.0	2639.9	-0.010
GCCGCG	12.0	559.4	-0.010
TGTTTG	602.0	18361.6	-0.010
ATAATA	318.0	10004.0	-0.010
TGAGTA	173.0	5684.8	-0.009
CTGATA	123.0	4311.8	-0.009
GTCCAG	89.0	3102.5	-0.009
GAGCAA	133.0	4478.8	-0.009
TCTATG	149.0	5363.1	-0.009
ATCTGA	165.0	5435.1	-0.009
ACTTTC	157.0	5567.1	-0.009
GTCCCA	85.0	2978.3	-0.009
ATCTAA	121.0	4691.3	-0.009
TCCGGA	18.0	788.8	-0.009
AGGACC	92.0	3207.2	-0.008
CAAAGA	253.0	8112.8	-0.008
GGCTTC	104.0	3917.1	-0.008
ATCTCA	150.0	5006.4	-0.008
TTCTTC	273.0	9259.5	-0.008
CCGAGA	23.0	992.8	-0.008
CAGATG	194.0	6434.2	-0.008
CCATCT	167.0	5522.4	-0.008
AGAAAT	436.0	13536.9	-0.008
ACTTAC	96.0	3346.6	-0.008
AGATTC	121.0	4118.9	-0.008
CTGGGC	133.0	4764.2	-0.008
ACTCAA	129.0	4375.4	-0.008
GAATTT	323.0	10222.5	-0.007
TCAGTC	97.0	3430.5	-0.007
GTCCGG	13.0	615.0	-0.007
TATGGG	111.0	4267.0	-0.007
CCACAA	111.0	3839.3	-0.007
GGGCCT	85.0	3005.5	-0.007
TTCTGG	230.0	7470.3	-0.007
TCACAA	151.0	5061.2	-0.007
ACAAAT	270.0	8669.3	-0.007
ATTTCA	308.0	10034.2	-0.007
AGGTTT	206.0	7261.0	-0.007
AGATAT	212.0	7028.9	-0.007
GTGAGT	198.0	6507.1	-0.007
ACTAGG	72.0	2620.7	-0.007
TTTAGT	265.0	8516.8	-0.006
CAGATA	136.0	4966.6	-0.006
TGAGTG	229.0	7453.6	-0.006
TCCATT	210.0	6873.9	-0.006
AACATA	211.0	6907.3	-0.006
GGATCT	102.0	3567.7	-0.006
CAATCA	92.0	3246.4	-0.006
ATAAGG	99.0	3782.7	-0.006
TCTGGA	188.0	6205.1	-0.006
TGCCAC	104.0	3863.2	-0.006
CAGCTG	173.0	5759.6	-0.006
CAAAAC	252.0	8290.1	-0.006
TTGAGT	216.0	7051.2	-0.006
TCATAA	177.0	5892.6	-0.006
TGAGCG	21.0	921.8	-0.006
CAATTT	221.0	7444.2	-0.006
AGCTCC	101.0	3546.6	-0.006
ACATCT	157.0	5284.4	-0.005
CCTGGA	172.0	6594.7	-0.005
GTGCCA	108.0	3777.3	-0.005
GAGCAG	172.0	5740.1	-0.005
TGGTTT	404.0	12694.5	-0.005
AGGTGA	132.0	4728.3	-0.005
ACCGGA	12.0	594.9	-0.005
AGAATT	293.0	9696.8	-0.005
CTTCAA	154.0	5208.4	-0.005
AGCTCA	132.0	4535.9	-0.005
CCGGAG	26.0	1138.3	-0.005
GAATTA	171.0	5915.3	-0.004
ATCAAT	126.0	4346.3	-0.004
TCAAAG	183.0	6431.9	-0.004
TTATGA	221.0	7356.8	-0.004
AACAGA	217.0	7352.5	-0.004
TTCAGG	154.0	5228.5	-0.004
TCAAAA	299.0	9614.1	-0.004
TTCTTG	275.0	9231.6	-0.004
AATCAA	182.0	6102.6	-0.004
GGTGTG	203.0	6718.9	-0.004
CCCAAT	70.0	2608.8	-0.004
GCAGCG	22.0	1216.9	-0.004
GGTCCT	94.0	3369.0	-0.004
TTCGTT	38.0	1545.7	-0.004
AAGGTC	91.0	3272.6	-0.004
TCCGCG	6.0	363.4	-0.004
GGATAT	123.0	4278.5	-0.003
GCAACC	54.0	2088.4	-0.003
GAGATC	87.0	3438.2	-0.003
TCTACG	9.0	507.3	-0.003
TCCAAC	65.0	2458.4	-0.003
TCATAG	123.0	4316.7	-0.003
AGAACA	234.0	7688.9	-0.003
AATATC	155.0	5325.4	-0.003
CTATGA	125.0	4357.0	-0.003
GCGCCA	22.0	993.3	-0.003
GCTGGA	160.0	5500.8	-0.003
CCAGAA	199.0	6663.6	-0.003
AAATCA	264.0	8625.6	-0.003
AGCAAT	154.0	5276.7	-0.003
CCCTGA	128.0	4467.8	-0.003
TCAGGT	120.0	4210.9	-0.003
AGGGTT	147.0	5560.0	-0.003
GGGTAC	45.0	1804.6	-0.003
CGGGCT	23.0	1037.3	-0.003
GGGCTG	146.0	5155.3	-0.003
TTCTCA	230.0	7630.9	-0.003
GCCGAG	23.0	1042.4	-0.002
AATCTA	127.0	4516.4	-0.002
ATTCTA	146.0	5821.0	-0.002
AAATTA	421.0	13379.9	-0.002
CAGGCT	174.0	5932.9	-0.002
AATTTA	364.0	11733.7	-0.002
ACAATT	171.0	5839.5	-0.002
CCTCGA	24.0	1090.6	-0.002
GGGACC	62.0	2442.3	-0.002
TCCTGA	170.0	6035.6	-0.002
AAGGTT	138.0	5024.6	-0.002
CTATGG	95.0	3477.5	-0.002
GCGCGG	13.0	685.1	-0.002
GGTTTT	397.0	12718.2	-0.002
GTCACA	105.0	4002.1	-0.002
TCTCAG	179.0	6168.8	-0.002
AGTTTC	203.0	6850.8	-0.002
CAACAA	162.0	5829.9	-0.002
ACTCAG	175.0	6008.8	-0.002
ATCCCA	110.0	4613.5	-0.001
AGGCTC	91.0	3363.6	-0.001
TGAGGT	148.0	5408.4	-0.001
GTTTCT	333.0	10835.4	-0.001
TATGAG	151.0	5285.5	-0.001
GATCCT	86.0	3215.5	-0.001
TCTGGG	175.0	6050.4	-0.001
CTGGAG	197.0	6744.7	-0.001
ATCAAA	204.0	6945.4	-0.001
CTGAGG	167.0	5867.4	-0.001
AAATGA	422.0	13673.1	-0.001
CAAAAG	222.0	7509.2	-0.001
CGGCTG	26.0	1234.9	-0.001
ACCTGA	109.0	4088.8	-0.001
CAAAAT	290.0	10106.0	-0.001
AGATCC	85.0	3222.9	-0.001
CTGGGA	222.0	7754.3	-0.001
ACAACA	164.0	5958.0	-0.001
CAGCAA	169.0	5899.7	-0.001
CCCTGG	153.0	5502.3	-0.001
CCAGCT	134.0	4819.6	-0.001
GCTGAG	170.0	6416.5	-0.001
TCAATT	129.0	5388.9	-0.001
TCCTCG	19.0	994.6	-0.000
AATTAA	368.0	12079.2	-0.000
GTTTGT	478.0	15427.9	-0.000
ATTGAG	143.0	5157.9	-0.000
TTCACA	170.0	6123.5	-0.000
TGTGTG	1654.0	62534.9	-0.000
ATTAGG	93.0	3585.0	-0.000
GAACTC	148.0	5615.6	-0.000
CTCATA	100.0	3825.3	-0.000
TCAGGA	159.0	5750.7	-0.000
GCCATC	91.0	3555.4	-0.000
CAATTC	81.0	3337.7	-0.000
CAGCAG	180.0	6507.7	-0.000
GGTTTC	142.0	5429.8	-0.000
AACTCA	195.0	7727.8	-0.000
GTGTGT	1363.0	57497.5	-0.000
CTCTGG	170.0	6233.0	-0.000
AGGTCC	60.0	2651.2	-0.000
TTGTTG	329.0	12236.0	-0.000
CAATTA	111.0	4426.7	-0.000
AACATC	101.0	4107.9	-0.000
AATTTC	224.0	8105.7	-0.000
CAGGGT	132.0	5212.9	-0.000
CGCGCG	14.0	1025.0	-0.000
GTTGTT	284.0	10653.0	-0.000
TCCTGG	160.0	6677.6	-0.000
