OligoSequence	Target Occurences	Background Occurences	Enrichment(ln p, up to 2 mismatches)
GGATTA	4577.0	10709.7	-1095.718
GATTAC	4171.0	9621.9	-1043.933
GGGATT	4609.0	11176.8	-1023.578
TCCCAA	4308.0	10315.2	-994.602
CTCCCA	5449.0	14382.6	-966.952
CAAAGT	3799.0	8916.1	-932.434
AAAGTG	3997.0	9601.1	-927.733
TGGGAT	4663.0	11893.7	-924.608
TACAGG	4758.0	12263.4	-917.353
TTTTTA	11211.0	35947.0	-911.726
AAGTGC	3302.0	7391.0	-906.942
TTACAG	4652.0	12113.2	-879.546
AGTGCT	3533.0	8336.8	-866.056
CCCAAA	3722.0	9002.4	-860.746
ATTACA	4609.0	12117.5	-853.327
CCAAAG	3565.0	8539.3	-846.538
GTGATC	3264.0	7735.6	-802.009
GCCTCC	6171.0	18180.3	-798.186
CCTCCC	6172.0	18522.6	-756.773
GTGCTG	3344.0	8326.1	-737.195
CTGGGA	5010.0	14727.8	-682.859
TGCTGG	3513.0	9315.9	-665.399
TTTTTT	49651.0	165183.4	-652.852
CCTCAG	4479.0	13112.3	-630.915
ATTTTT	12542.0	45015.2	-629.046
TGATCC	2505.0	5972.8	-626.275
CTCCTG	5941.0	18797.0	-623.933
GGCCTC	2947.0	7532.6	-622.043
GCTGGG	4845.0	14667.6	-610.312
CCGCCT	1567.0	5096.9	-547.375
ACAGGC	3407.0	9682.5	-543.794
TCCGCC	1061.0	3916.2	-541.622
CGGCCT	1401.0	3487.9	-531.370
CCTCCG	460.0	2474.3	-527.242
GCCTCG	920.0	2498.6	-526.062
GGGATC	397.0	1956.1	-519.632
ACCTCA	2646.0	7080.3	-507.631
CTCAAG	2353.0	6062.1	-499.916
TTTTAA	7277.0	25619.6	-490.798
AACTCC	2474.0	6793.0	-448.686
CTCCCG	1185.0	4743.8	-442.926
TACCGG	60.0	316.0	-437.817
CAGGTG	2819.0	8186.3	-434.423
GCCTCA	3306.0	10587.2	-431.798
TCAGCC	3556.0	11083.9	-431.203
GAGCCA	2727.0	7858.8	-430.591
TGAGCC	2985.0	8860.3	-429.445
TACTGG	548.0	2654.3	-427.246
TCGGCC	1184.0	2698.0	-426.686
ACTCCT	2518.0	7146.6	-417.992
AGCCAC	2678.0	7781.3	-414.028
GCGATT	680.0	2195.4	-409.736
CGCCTC	1138.0	4054.2	-409.132
GCCGCC	176.0	1087.4	-407.327
CAAGTG	2073.0	6164.5	-406.250
CCGCCC	572.0	2104.6	-404.149
CCTAAG	417.0	2477.7	-401.649
TCAAGC	2171.0	6023.8	-388.282
AGTGAT	2518.0	7345.6	-387.796
ACCTCC	1521.0	7517.6	-380.684
AGGGAT	718.0	3342.3	-380.126
AAGTGA	2553.0	7596.0	-371.149
TCCCGA	624.0	2556.8	-362.302
GCCACC	2615.0	9131.0	-361.807
TACGGG	106.0	412.7	-357.377
AGCCTC	3716.0	12399.2	-355.588
GTGAGC	2200.0	6362.9	-351.601
CCCAAG	1120.0	5170.2	-347.590
CCTCGC	122.0	924.8	-347.405
TCAAGT	2209.0	6445.2	-344.591
AGGCGT	1332.0	3199.7	-344.390
TTACGG	110.0	491.9	-339.604
GGACTA	1015.0	3801.9	-338.838
CTCAGC	3777.0	12829.9	-337.814
AGGCAT	1951.0	5522.7	-334.378
TGGCCT	2400.0	7328.2	-325.120
CCTACC	471.0	2251.7	-321.276
CGACCT	241.0	876.3	-321.082
GACCTC	2044.0	5963.3	-320.658
CTGCCT	4227.0	14924.6	-318.975
ATCCGC	654.0	1663.0	-318.750
CCACCC	1191.0	4842.9	-310.400
CGATTA	91.0	485.0	-307.279
CTCGGA	109.0	619.2	-303.467
CGGATT	110.0	558.3	-302.888
ACAGGT	1903.0	5538.4	-302.683
CCTCGG	1170.0	2930.3	-302.446
CCACCT	2530.0	8037.8	-301.151
GCGATC	476.0	1993.1	-300.813
TCGCAA	77.0	365.4	-297.919
CGCCCA	821.0	3629.2	-295.195
GACTAC	898.0	3475.1	-293.519
GAACTC	1757.0	5074.1	-287.222
ACGTGA	201.0	897.1	-280.850
TCCGAA	107.0	520.9	-280.742
CGAAGT	183.0	688.4	-279.073
GCTCAA	1453.0	3970.5	-278.478
CCTCAC	522.0	3415.9	-277.535
GTGCTC	324.0	2323.8	-273.152
TGCCTC	3493.0	12357.1	-269.707
CAGCCT	4331.0	15989.3	-268.355
ACGTGC	151.0	994.5	-268.200
TGACCT	2345.0	7562.7	-267.583
CTGGGC	1492.0	6601.9	-267.148
GTGACC	362.0	2196.4	-264.489
CGTGAG	1147.0	2923.6	-263.145
GGCATG	1873.0	5693.7	-263.060
CCTGCC	3237.0	11607.5	-260.006
TCAGGC	860.0	3978.9	-258.977
AGCCGC	118.0	723.0	-258.763
TGGGCT	1440.0	5336.5	-258.119
GCGTCC	87.0	585.7	-255.639
GCGTGA	1258.0	3384.4	-252.753
AACTGC	483.0	2817.6	-252.501
TCGGAT	72.0	388.3	-250.722
CGGGAT	154.0	749.9	-250.004
CTGGTC	1956.0	6131.0	-249.385
GCCTAC	267.0	1654.4	-247.690
ACCTCG	763.0	2207.2	-243.580
TTACCG	84.0	476.0	-242.721
CCCCAA	476.0	3419.6	-242.521
CTCGGC	1487.0	4980.0	-242.244
GTGAAC	477.0	2188.5	-240.433
GACTCC	357.0	2408.4	-238.848
GCTGGT	2092.0	6776.2	-238.159
AGGTGT	1661.0	5037.0	-237.427
AGCGAT	867.0	2428.8	-237.038
TTAAAG	1510.0	6603.5	-236.605
GGTGAT	1580.0	4729.2	-235.344
TGGCAT	858.0	4399.5	-234.741
CTAAAG	571.0	2896.9	-234.414
TGAACC	501.0	3123.4	-233.746
GATCCA	1283.0	3599.0	-231.837
CCACAG	689.0	4076.3	-231.425
CAAGCG	848.0	2398.8	-230.992
ATCCAC	1326.0	3775.6	-230.072
ATTACG	124.0	518.0	-229.908
CAGGCG	1519.0	4875.9	-229.588
GATCCG	615.0	1615.9	-229.060
GGATCA	454.0	2770.5	-227.957
GGCTTA	531.0	2650.2	-227.121
CGTGAT	618.0	2383.0	-226.726
TTGGCC	2309.0	7778.5	-226.617
ATCCTC	1489.0	4435.9	-225.855
GTGATG	672.0	4096.5	-223.320
CGTCAG	100.0	585.9	-223.212
TCCTGA	3002.0	10776.1	-222.420
GTCCTG	501.0	3270.0	-221.438
CCGGCC	538.0	2228.7	-220.427
CACGTG	218.0	1401.3	-217.981
TAAGTG	803.0	3864.6	-216.123
AAGTGT	1157.0	4805.8	-215.692
CTCGCA	91.0	446.4	-214.614
ACCGGC	76.0	486.0	-214.586
TGCGAT	196.0	1180.0	-214.528
TACACG	86.0	554.0	-213.960
CCACCG	804.0	2618.1	-213.795
GGCGTG	1391.0	4135.1	-213.073
GGACTC	411.0	2022.8	-212.730
CTGAGC	733.0	3940.7	-206.918
AATTTT	6312.0	25868.9	-206.874
AAAGCG	133.0	744.2	-205.898
CTCCGA	116.0	629.6	-205.640
TATAGG	1003.0	3254.1	-205.583
CAGGCA	2176.0	7427.3	-204.645
GGATTC	490.0	2770.4	-204.023
CTCCTA	729.0	3443.2	-201.848
GAGTAC	373.0	1725.9	-200.769
GGAATA	611.0	3086.6	-200.549
TGGTCT	2494.0	8827.9	-200.462
TAAAGG	710.0	3470.3	-200.085
GCCCAA	417.0	2457.2	-197.404
GGTTCA	2044.0	6940.4	-196.882
GCTCGG	109.0	671.6	-195.649
CTGACC	1843.0	6118.7	-194.694
GCGTCA	79.0	414.3	-194.677
TTAGCC	663.0	4383.1	-194.326
CTCCGG	150.0	860.3	-191.679
CCAAGT	1104.0	4889.4	-191.458
CTCATG	718.0	4072.2	-191.444
AGGTGA	1668.0	5438.3	-189.211
CTAAGT	532.0	2887.7	-185.813
CCCGAA	153.0	661.3	-185.639
CGCAAA	81.0	484.1	-183.366
TCAACC	433.0	2205.9	-182.443
GGGTTA	390.0	1877.4	-182.409
GGCGTC	93.0	513.5	-182.151
AACGTG	172.0	898.8	-182.008
GCATGA	1417.0	4467.6	-181.870
CCTCCT	2639.0	11145.1	-181.418
GCCCCC	379.0	2341.6	-180.398
AACCTC	1303.0	7081.6	-179.869
TAAAGT	1038.0	5359.0	-179.344
CCTGAG	1472.0	6849.9	-178.983
CTCGTG	517.0	1885.3	-178.043
AAGCGA	862.0	2457.5	-177.060
GGCATT	646.0	3318.8	-176.939
TCGACC	124.0	429.6	-174.197
CTACCA	471.0	2508.9	-174.148
GATCCT	1183.0	3587.1	-173.057
TCAGGT	1547.0	5081.8	-172.104
AAGGTG	573.0	3545.1	-171.231
CCAACG	70.0	498.5	-171.193
GTTCAA	1962.0	6858.7	-169.909
TGACCC	341.0	2305.7	-169.839
TCGTGA	522.0	1682.6	-169.825
GGGATA	363.0	2119.3	-169.506
TGGACT	665.0	3144.6	-169.419
TTAGAG	964.0	3897.6	-169.282
CCGAAG	165.0	650.5	-168.840
GCATTA	464.0	2586.6	-168.351
AAGTGG	729.0	3840.2	-168.119
TGAACT	1629.0	5464.2	-167.784
CGCCTG	820.0	3427.3	-166.682
TAGAGG	642.0	2645.5	-166.095
CGTCCC	100.0	626.8	-166.015
CCTGAC	1862.0	6475.1	-165.506
TGGGCC	474.0	3419.8	-164.904
ATCGGC	63.0	278.3	-164.476
AAGCGC	93.0	584.3	-162.870
CGGCGT	46.0	240.5	-160.941
CACCTG	1377.0	6287.1	-160.488
GGCCAC	359.0	2447.4	-158.156
CCGACC	144.0	632.9	-157.911
TGATCG	104.0	547.9	-157.699
GAATAC	422.0	2098.7	-157.534
CTTGGC	1890.0	6682.0	-156.947
AGGTGC	653.0	3552.2	-156.883
TCCTGG	2381.0	8836.7	-156.607
GGAATT	1025.0	4661.1	-156.147
GTGATT	1489.0	6092.8	-155.962
CTGGTA	453.0	2676.2	-155.854
GGTATT	680.0	3600.4	-155.734
TTATAG	1418.0	5461.0	-153.235
CGAAAG	116.0	514.3	-152.725
CGATCC	257.0	660.7	-152.370
CCGAAA	123.0	576.1	-151.263
CCCGCC	1136.0	3818.9	-151.259
CTGATC	550.0	2537.0	-149.925
CCCACC	1851.0	6591.3	-149.471
GGGACT	1085.0	4750.5	-148.905
TAGGAT	785.0	3611.8	-148.581
CTGGCC	1540.0	6192.5	-147.689
CACGCG	51.0	266.3	-147.377
CCTGGG	2013.0	9202.9	-144.780
GATTAG	429.0	2320.3	-144.591
CTTGGA	670.0	3713.5	-144.370
CATGAG	1341.0	4460.4	-143.983
TGAGCT	955.0	4441.5	-143.723
GGAGTA	553.0	2423.8	-142.662
TCCACC	1736.0	6165.5	-142.662
TGGTAT	732.0	3965.6	-142.118
CTGGCA	527.0	3546.4	-142.110
ATGAGC	1193.0	3862.6	-141.920
CTGCCA	770.0	5054.0	-140.763
CAAGCA	1396.0	4724.8	-140.747
GGATAA	454.0	2589.9	-140.670
CACCTC	1757.0	6286.5	-139.712
CATGCG	184.0	757.3	-139.644
GGGGAT	338.0	2288.2	-138.794
GATAAC	324.0	1612.6	-138.111
AAACTG	893.0	4869.8	-138.028
GGCATC	304.0	1822.1	-136.975
CCCCCC	467.0	2185.3	-136.509
AGTGGT	970.0	5456.8	-135.703
CAACGT	108.0	655.5	-134.680
AGTAGC	2126.0	7989.1	-133.371
TTCAAG	2317.0	8852.5	-133.297
CGGCAT	87.0	410.9	-132.804
TCGGAC	46.0	283.7	-132.421
GGGAAT	498.0	2875.0	-132.217
CAGGCT	3251.0	14570.5	-132.035
CGCCAC	462.0	2405.8	-131.808
AAGTAC	535.0	2493.3	-131.009
CCTTGG	1502.0	5297.9	-128.519
GTACAG	502.0	2646.5	-128.506
CTCAAA	1539.0	6578.1	-127.870
GCCTGA	549.0	3663.1	-127.722
GGGCTT	544.0	3124.9	-127.492
ATGTTG	2232.0	8554.8	-126.704
CCACCA	2657.0	10501.4	-125.926
TTCAGG	769.0	4621.8	-125.286
TCCAAA	827.0	4880.6	-125.206
CAGGTA	597.0	3096.7	-124.960
GGGCTC	1131.0	3788.6	-124.341
TAAGCC	433.0	2401.5	-123.988
CGTGAC	118.0	573.1	-123.703
CGGGCT	195.0	1017.3	-123.288
GCATCC	307.0	1950.4	-123.204
CAGCCA	700.0	4486.6	-122.141
TCCTAA	673.0	3623.6	-122.009
GTAGCT	2202.0	8491.1	-121.499
TGTGAT	1219.0	6392.4	-121.304
CCTCAA	1339.0	4955.2	-121.061
GCCTGC	977.0	4727.3	-119.689
TGATCT	1957.0	7424.8	-118.619
TGCGCC	437.0	1463.6	-117.980
GGGTTC	1434.0	5116.9	-117.346
GGATGA	520.0	3014.7	-117.330
AGCGAC	52.0	420.4	-117.079
AGTGTT	1314.0	5519.9	-117.061
GCTAGG	600.0	2149.5	-116.701
CCTGGC	2233.0	8892.3	-116.045
CTACTG	468.0	2687.6	-115.749
AAGTCC	367.0	2541.5	-115.577
GCTGGC	517.0	3105.9	-115.181
GGCTCA	2207.0	9470.1	-114.499
TAACAG	598.0	2897.6	-114.180
ATCTGC	1206.0	4170.5	-113.359
ACTCCC	461.0	2721.2	-113.337
TTTAAG	2181.0	8517.0	-112.847
CTCAAC	420.0	2489.8	-112.741
CGGACT	80.0	451.4	-112.708
TAGCTG	2323.0	9196.6	-111.001
CTCAGG	1655.0	6176.5	-110.173
GTGTTG	1184.0	4107.4	-110.064
GTACTG	423.0	1999.4	-109.405
CTGCTG	889.0	5865.9	-109.191
AGCCAT	798.0	3966.7	-109.009
ATAGGC	674.0	2360.2	-108.890
GAAGTG	868.0	4025.2	-108.822
TGCCGG	139.0	698.6	-108.358
CGTGCT	148.0	807.7	-107.968
TACAGC	350.0	2311.1	-107.594
GATGAC	376.0	2113.9	-107.593
GATTAT	1252.0	5046.7	-107.139
GAGATT	1014.0	4920.0	-106.850
GCCTCT	963.0	5128.6	-106.589
CACCCG	665.0	1977.6	-106.260
CCCAAC	398.0	2370.9	-106.011
ACCACC	1007.0	4133.1	-105.593
ACTGCT	625.0	3643.6	-105.468
TTGAAC	1448.0	5326.0	-104.225
TACAAG	551.0	2918.0	-104.029
AGGATT	1140.0	5284.4	-103.610
GTGTGA	1495.0	5546.2	-103.200
ACTGGG	609.0	3584.0	-102.871
TCCTCC	1759.0	7247.3	-102.734
GGTCTT	1422.0	5223.5	-102.684
ATAGTG	543.0	2942.6	-102.653
GCTAAT	1947.0	7600.7	-102.093
TGTTGG	1979.0	7749.4	-102.084
AGGCCT	510.0	3867.7	-101.541
ACCTGA	514.0	3221.2	-100.868
CGCTGG	154.0	986.1	-100.842
GATCTG	1098.0	3829.3	-100.413
GGTTAC	343.0	1706.4	-100.250
TCTTGA	1810.0	7003.2	-99.972
GGATTG	566.0	3043.4	-97.750
GAGCTG	533.0	3864.5	-97.691
AGTCCT	639.0	3480.8	-97.666
CAAACT	1234.0	4944.2	-97.396
TGCAGG	602.0	4080.3	-97.363
ACTCGT	69.0	580.6	-97.256
AACCAC	475.0	2612.2	-96.590
TATTTT	7742.0	35619.3	-95.912
GGGATG	504.0	2992.4	-94.966
TGTGAG	1515.0	5733.3	-94.807
ACTACA	1200.0	5138.1	-94.681
TCTCAA	1460.0	6357.3	-94.414
TTTTGA	3936.0	19311.0	-93.986
GGTGTG	1583.0	6060.5	-93.554
TCGAAC	578.0	1776.0	-93.373
GGGGTT	1107.0	6015.6	-93.333
CTGCGA	104.0	609.5	-92.911
AGTACT	597.0	2694.1	-92.838
AGCGCT	96.0	676.7	-92.834
CCTCCA	898.0	6236.8	-92.763
ATGTGC	729.0	3861.3	-92.181
ACGGGC	99.0	487.0	-91.869
TTGACC	695.0	3005.2	-91.480
TCCTGC	2194.0	8904.9	-91.472
ACACGC	103.0	696.2	-91.333
GTCCCA	354.0	2773.8	-90.915
GTCTTG	1678.0	6533.1	-90.582
ACGCCT	362.0	1783.9	-90.267
CGAACT	596.0	1844.4	-89.958
CCTAAA	601.0	3339.2	-89.841
ACAGCC	436.0	2846.8	-89.595
AGCTGG	2353.0	10438.8	-89.254
CCAGCC	1073.0	7326.6	-89.247
CCCCCA	530.0	3917.7	-88.933
AACTCG	92.0	609.9	-88.878
CCGCCG	70.0	484.4	-88.491
CTAGGC	480.0	2395.3	-88.082
CGATTC	643.0	2016.0	-87.988
GTGCTA	601.0	2296.8	-87.856
GAGCGA	91.0	734.0	-87.824
CACCAC	2101.0	8529.9	-87.816
GCCACG	173.0	987.4	-87.741
TTTTTG	7503.0	34752.1	-87.610
CGTGCC	455.0	1879.7	-87.100
ACGCGT	34.0	146.6	-87.061
CATGTG	873.0	4916.6	-86.452
CCCGGC	892.0	3783.0	-86.447
TTGGAC	441.0	2329.9	-86.319
GTATTA	662.0	3500.6	-85.921
TGCCCA	2213.0	9086.8	-85.904
CAGCCG	114.0	864.1	-85.895
ATTCTC	2213.0	9094.7	-85.443
TTTTAG	3569.0	15977.6	-84.891
GGTCTC	1709.0	6797.3	-84.801
CTAGGA	728.0	3000.7	-84.796
CAGACT	698.0	3280.9	-84.507
GATTAA	568.0	3206.3	-84.435
TGGAAT	1265.0	5704.6	-83.520
TTTAAA	4438.0	19848.8	-83.083
ATGGGA	588.0	3746.8	-82.932
CGCCCG	593.0	2750.5	-82.869
GGCCTG	633.0	4626.6	-82.858
CCCGAC	143.0	726.0	-82.679
CCACGT	222.0	1132.2	-82.617
GATTCT	1765.0	7049.2	-82.549
TGCCAA	517.0	3488.7	-82.253
GACCGC	61.0	374.3	-81.786
CCTTAG	563.0	2772.7	-81.735
TTAAGC	663.0	3003.0	-81.476
TTTTAT	5540.0	25300.3	-81.393
ACCCGC	427.0	1201.1	-81.097
TCTGCC	2024.0	8324.8	-81.062
CTTTTT	6046.0	27801.6	-80.989
GCCACT	1296.0	4948.1	-79.038
ATTAGA	734.0	3928.3	-79.011
GTGGTC	361.0	2323.7	-78.974
CCAAAC	410.0	2714.9	-78.956
ATACAG	638.0	3270.4	-78.847
TCAAAC	1116.0	4138.5	-78.666
GAACTA	399.0	2142.9	-77.399
GGTTTA	580.0	3525.2	-77.372
GGCTTG	519.0	2970.3	-76.987
GGATTT	1380.0	6333.7	-76.642
TCTTAA	1073.0	5526.6	-76.443
CACAGG	634.0	3565.8	-76.417
CCGCGT	51.0	316.4	-76.390
TTGAAG	1084.0	5293.1	-76.089
ACTGGC	407.0	2409.7	-75.694
GCCACA	506.0	3142.8	-75.611
CTAATT	2406.0	10198.7	-75.192
GTCAGC	333.0	2020.9	-74.913
GCTTAC	327.0	1805.3	-74.616
CTTAAG	673.0	3183.4	-74.075
AGTACA	592.0	3036.6	-73.938
CCAAAA	894.0	4911.3	-73.902
GCTTGG	451.0	3023.3	-73.789
CGGGGA	113.0	840.5	-73.380
CTTGAA	1619.0	6519.8	-73.037
CTGCCC	986.0	5193.7	-72.902
CTGGGT	1251.0	6559.4	-72.684
CAGGTT	1216.0	5613.8	-72.676
CTACAG	1102.0	4925.9	-72.553
GAATTA	876.0	4253.6	-72.372
GTGCCG	114.0	674.4	-72.090
CTCCAG	740.0	6123.3	-70.851
GCCTTC	700.0	4057.1	-70.668
ACCGCA	263.0	1052.4	-70.643
ATGCGC	155.0	560.8	-70.482
CAAGTA	1130.0	4308.3	-69.890
CTCACG	157.0	1179.6	-69.815
GGGTTT	1734.0	9827.3	-69.651
GCCGGG	213.0	1599.6	-69.618
CACCCA	1359.0	6547.0	-69.585
CTCGAA	599.0	1977.4	-69.484
TTGAGC	635.0	3684.6	-69.484
GTGGGA	605.0	3831.7	-69.322
CGGTCT	121.0	637.9	-69.261
AGCAAT	1236.0	4801.6	-69.214
GGCGTA	89.0	406.4	-69.165
CAACCT	1255.0	6933.7	-68.881
GGCCTA	418.0	1992.4	-68.814
ACAAGC	356.0	2175.2	-68.663
GAAAGT	778.0	3997.6	-68.363
GTTGGG	851.0	3330.2	-68.178
GTTACA	540.0	2898.8	-68.020
GCCTAA	436.0	2106.8	-67.611
GCCTTG	1300.0	5119.4	-67.470
TACAGT	829.0	4072.4	-67.034
AATGCT	891.0	4453.3	-66.655
GATTTT	2936.0	12944.8	-66.652
AAAGTC	605.0	3526.4	-66.634
GTGATA	534.0	2887.7	-66.596
CCGCAG	116.0	858.9	-66.219
CCCTCC	647.0	5432.4	-66.112
ACATGC	460.0	2677.7	-65.968
TTTGAA	2129.0	10414.2	-65.781
ACCACG	688.0	2738.5	-65.298
AGCGTC	64.0	501.4	-65.123
AGGTAT	617.0	3252.0	-64.880
AGGGCT	458.0	3100.0	-64.600
AAGCGT	129.0	634.1	-64.591
ATTTTA	3336.0	19341.1	-64.374
GACAGG	863.0	4735.7	-63.985
CCATAG	327.0	1992.8	-63.938
TCCCAC	1060.0	4426.7	-63.879
ACAGTC	456.0	2564.0	-63.871
AGTGCG	114.0	627.7	-63.857
AACAGG	515.0	2962.7	-63.792
ATCAGC	336.0	2379.8	-63.582
CCGGGA	128.0	1108.9	-63.544
AAAGGG	617.0	3598.3	-63.475
GAGCTA	420.0	1916.2	-63.445
TGGGTT	1432.0	6574.0	-63.359
TGCCAC	1182.0	5597.8	-63.289
CATAGT	491.0	2960.6	-63.267
TGGATT	1157.0	5822.8	-63.133
ATGATC	819.0	3818.9	-62.324
GATCAC	384.0	2836.0	-62.229
AAGTAG	1273.0	5078.8	-61.920
CGTCGG	14.0	198.0	-61.437
GACCAC	355.0	1920.2	-61.235
TTGGAT	894.0	4603.0	-61.111
TTGGGA	1276.0	6330.3	-61.020
CAGGGA	576.0	4038.1	-60.855
TAGGCG	232.0	671.4	-60.811
GGTGCT	412.0	2746.9	-60.709
TGACAG	601.0	3809.9	-60.702
TGAGAT	1327.0	7649.8	-60.565
ATCCTG	580.0	3901.4	-60.555
AGATTA	968.0	4321.2	-60.510
GGCCTT	701.0	3928.4	-60.482
TACAGA	924.0	4299.3	-60.286
TAATTT	4460.0	20642.4	-60.147
CATCAG	408.0	2948.7	-60.089
TTTATA	2263.0	11481.0	-60.017
CCTCAT	671.0	4219.3	-59.917
TGCTCG	91.0	611.4	-59.797
TCATCC	478.0	2984.5	-59.773
ACCCAC	643.0	2949.9	-59.560
GAGTAG	1470.0	6036.0	-59.481
CCGGGC	228.0	1456.8	-59.341
CTCCGC	424.0	2663.5	-59.278
TGTTGC	1671.0	7003.3	-58.878
CTGCGT	140.0	921.8	-58.771
ACAAGT	537.0	2917.6	-58.475
GTAATC	493.0	3345.7	-58.426
GCTCAG	732.0	4110.8	-58.309
TCCTCA	652.0	4634.5	-58.262
ACCGCG	283.0	1102.8	-58.012
TAGTGC	303.0	1985.4	-57.754
AGGCGA	150.0	707.4	-57.635
ACTGGT	528.0	2717.3	-57.568
CAAATT	1024.0	5690.3	-57.425
ACCATG	1789.0	7596.1	-57.171
CTTAGC	497.0	2547.9	-56.926
AAAGTT	1170.0	6543.4	-56.921
GTCCTC	466.0	2482.9	-56.591
AGTCAT	600.0	3436.1	-56.514
AGTTTT	2740.0	14022.9	-56.325
ACTTTT	2631.0	12630.5	-56.007
TAGCCT	627.0	3404.1	-55.956
CTTGAC	600.0	2848.0	-55.866
ACGTCA	73.0	549.7	-55.859
CTGACT	683.0	3852.4	-55.652
TCATGC	548.0	3333.4	-55.599
GGCTCC	340.0	2692.5	-55.525
GCAGGT	429.0	2964.7	-54.916
ACCTAA	357.0	2380.8	-54.750
CATGTT	1939.0	8367.5	-54.705
CGCAAG	71.0	408.7	-54.412
CCAGGC	2830.0	14208.4	-54.259
AGCCGT	80.0	604.6	-54.254
GCTGCG	119.0	843.0	-54.234
ATGCTG	920.0	4545.1	-54.213
CTACCG	74.0	371.5	-54.211
AACTAC	400.0	2089.6	-54.111
TCAAAG	745.0	4114.1	-53.599
GAGTGA	611.0	3628.5	-53.503
ACCGCC	105.0	580.9	-53.487
CTAAGC	307.0	1809.3	-53.421
CAGGCC	511.0	3746.0	-53.351
TCACGT	170.0	911.8	-53.301
CGCGTG	56.0	387.8	-52.829
GATCTC	1074.0	6024.7	-52.724
GAGCCT	422.0	3485.6	-52.700
CACAGT	653.0	3925.8	-52.501
TTAAGT	1281.0	6031.4	-52.242
AGGCTT	728.0	3953.3	-51.992
GATGGG	920.0	5274.9	-51.733
AGGCAC	710.0	3816.1	-51.584
AACTCA	522.0	3466.9	-51.539
GATTCC	397.0	2578.5	-51.444
CGAATT	114.0	609.2	-51.222
AAGCAA	1370.0	5712.9	-50.983
TCCAGG	715.0	4714.0	-50.836
AAATTG	1220.0	5806.9	-50.835
TGATTA	796.0	4653.2	-50.688
CTTGCC	658.0	3726.8	-50.391
CCGGCT	496.0	2380.2	-50.382
GCCTTA	511.0	2476.0	-50.271
ATGTGA	874.0	4488.2	-49.971
TGACGT	118.0	705.6	-49.898
GCGGGG	126.0	1046.2	-49.565
TCACAA	516.0	3290.0	-49.499
GACTCA	500.0	2565.3	-49.306
GGCGAT	132.0	521.9	-49.250
GATCAA	330.0	2007.7	-48.984
CAATGT	445.0	3153.5	-48.846
GAACCA	479.0	2598.1	-48.790
GGCTAA	1308.0	5456.8	-48.755
TGCTGA	894.0	4995.4	-48.387
CATCCC	331.0	2764.9	-48.380
TAGGTG	663.0	2792.0	-48.359
AGAGCT	519.0	3590.2	-48.283
ATGACA	553.0	3382.2	-48.148
CTACCT	636.0	3075.3	-48.026
GTCAAG	345.0	1941.7	-48.022
TACCTC	567.0	2728.5	-47.971
GCTGGA	1538.0	10372.3	-47.942
ACCCAA	388.0	2654.3	-47.941
AAGAGC	414.0	2833.5	-47.910
TGGGAC	1201.0	5082.4	-47.793
AGCAGT	963.0	3846.1	-47.553
TGACCG	83.0	551.7	-47.551
AAAGTA	1062.0	5308.9	-47.439
GCCCAG	2441.0	11001.9	-47.177
ACAGTG	865.0	4642.9	-47.057
TACCAA	427.0	2530.1	-46.964
CTGGCT	1584.0	7533.8	-46.884
GAACTG	558.0	2919.8	-46.533
ACAGGG	828.0	4710.8	-46.462
CAGAGT	1071.0	5820.5	-46.412
GATTGC	445.0	2814.8	-46.368
TACATG	597.0	3541.3	-46.252
GCGTAA	96.0	397.3	-46.077
ACACCT	654.0	3644.2	-45.949
TGGGAG	816.0	6464.5	-45.834
TTGTAA	1007.0	5975.1	-45.719
ACGGGT	89.0	494.9	-45.414
GTTTTA	1768.0	10291.9	-45.042
TGGGGT	1052.0	5817.6	-44.937
CCAAAT	737.0	4277.8	-44.818
ACCTTG	1020.0	4158.5	-44.683
TGAGCG	81.0	690.8	-44.673
TAGTAG	1395.0	7173.1	-44.550
TCGCCT	161.0	950.7	-44.423
TTTAAC	1191.0	5792.3	-44.343
GTCTCG	894.0	4306.4	-44.267
AAACTC	1176.0	4915.8	-43.506
GTCTCC	684.0	4060.2	-43.469
CGAGTA	468.0	2045.6	-43.450
CGCCTA	109.0	531.2	-43.290
ATCGGA	129.0	286.5	-43.176
TGGGAA	795.0	5183.4	-42.922
GTCTCA	1629.0	7119.3	-42.864
GATCGG	139.0	322.0	-42.783
CGTAAG	88.0	501.5	-42.739
GCATCA	346.0	2178.9	-42.691
GTGCGC	126.0	713.3	-42.635
TGCTAG	559.0	2797.1	-42.288
TGCTGC	687.0	4591.1	-42.186
TAAGCG	97.0	456.0	-42.169
CACGCA	103.0	766.8	-41.884
TTCTGG	1033.0	6092.5	-41.879
TGCCTA	605.0	3657.8	-41.857
GCGCCA	268.0	1417.4	-41.810
ACCGGT	47.0	283.2	-41.762
TCCCAG	1523.0	8936.6	-41.582
CCCTAA	320.0	2257.1	-41.557
AGAGTG	824.0	4053.2	-41.522
CTGCCG	154.0	1002.8	-41.465
AATGTG	866.0	4949.6	-41.444
GTCGTG	94.0	497.4	-41.432
TGGCGT	233.0	1437.5	-41.362
CAGCGT	116.0	851.3	-41.265
GCCAAA	509.0	3075.7	-41.087
CACCAT	1922.0	8600.9	-40.959
GTTTTT	4564.0	21882.7	-40.939
CTCCAA	515.0	3655.7	-40.694
TCTTGG	1170.0	6428.4	-40.360
TGCCCG	605.0	2296.6	-40.281
TCGAGC	92.0	401.9	-40.003
ACCTGG	946.0	4661.2	-39.945
TCAAGG	503.0	3106.2	-39.821
GTTGCC	1334.0	5750.3	-39.642
TCAGAC	416.0	2269.7	-39.629
GGCCGC	118.0	719.1	-39.577
CTCACA	482.0	3759.8	-39.426
TCCGGC	103.0	591.6	-38.955
AATGTT	1293.0	7142.4	-38.830
TGCGGG	79.0	735.1	-38.801
TTTGTA	3134.0	15504.7	-38.783
ACCACA	1187.0	5326.7	-38.582
GTTTAA	909.0	5713.9	-38.385
TAGTGA	623.0	3259.9	-38.092
GACCCA	298.0	2110.7	-37.543
CCTCGT	455.0	1656.6	-37.302
TGATGG	644.0	4403.9	-37.186
ATCGAC	51.0	198.9	-37.185
ATAACA	608.0	3378.7	-37.147
GGCTTC	574.0	3086.6	-37.103
TGGTCC	321.0	2212.8	-37.102
GCAGTC	547.0	2072.9	-36.904
TGGCCA	1470.0	7811.8	-36.882
CTGGAA	1154.0	5766.8	-36.721
GAGATC	383.0	2845.9	-36.685
GACCTA	213.0	1371.4	-36.660
GGTATG	446.0	2131.7	-36.464
GGGCTA	266.0	1414.3	-36.409
TTGTTA	1049.0	6576.4	-35.786
GCTAGT	373.0	1907.6	-35.734
TGGCTA	1228.0	5316.4	-35.724
GCTGAT	633.0	3230.4	-35.651
AGCTAC	417.0	2828.4	-35.649
CCTAGG	527.0	3051.5	-35.621
CGGCCG	87.0	535.2	-35.447
AGGAAT	862.0	4496.5	-35.335
TTGATC	555.0	3352.9	-34.984
ACTACG	98.0	442.6	-34.810
TTATTA	1714.0	10684.1	-34.730
GGCTCG	105.0	710.7	-34.630
CAAGGT	518.0	3195.4	-34.124
TTTAGG	1014.0	5469.8	-34.052
AGTGCA	1367.0	8661.7	-33.991
CCACGG	118.0	775.0	-33.987
AGCTAA	1051.0	4494.6	-33.985
TGCCGC	99.0	726.0	-33.956
AAATGC	896.0	4652.9	-33.686
GATCGA	58.0	383.1	-33.662
CGAGCC	124.0	583.0	-33.371
CACCGC	559.0	2174.1	-33.363
GCTGAG	935.0	5942.3	-33.186
GCGACC	63.0	382.8	-33.174
GCCGCA	76.0	567.5	-33.155
TGTTAA	999.0	5483.7	-32.995
CAGGTC	311.0	2143.8	-32.937
TCCTCG	143.0	838.2	-32.831
CGTGAA	177.0	830.3	-32.827
AGACTC	442.0	2786.4	-32.797
TAAAGC	596.0	2928.4	-32.671
AAGGGA	752.0	4036.5	-32.531
CCATGC	1143.0	4969.1	-32.399
CCCACA	443.0	3251.2	-32.307
CATTTT	3428.0	17034.4	-32.186
ATTTTC	1948.0	12906.5	-32.186
TTTTCG	236.0	1356.8	-32.186
TTATTT	5542.0	30542.1	-32.186
TATTTA	2310.0	14699.8	-32.186
GAATTT	1659.0	8256.3	-32.186
ATTTTG	2582.0	14250.5	-32.186
ATTTAA	1612.0	10255.0	-32.186
TTAAAC	1006.0	4487.2	-32.186
TATTAT	1524.0	9675.3	-32.186
ATTATT	2019.0	12430.0	-32.186
TCTTTT	4183.0	24741.2	-32.186
CTTTTA	1787.0	10468.0	-32.186
ATATTT	2926.0	15596.2	-32.186
TTTCTT	3786.0	26669.3	-32.186
TTCTTA	1235.0	7158.6	-32.186
TAGGTT	645.0	3989.3	-32.186
AGGTTT	1170.0	6763.3	-32.186
TTTGAG	2361.0	13701.8	-32.186
TTTATG	1488.0	8311.2	-32.186
TAATCT	713.0	4114.4	-32.186
AATCTT	1011.0	5461.9	-32.186
AAATTT	2700.0	13724.5	-32.186
GTTAAA	800.0	4339.6	-32.186
TTCAAA	1214.0	7017.4	-32.186
TAAGTT	927.0	5039.2	-32.186
AAGTTG	740.0	3944.3	-32.186
CTTTAA	1092.0	7303.9	-32.186
TTTTTC	4375.0	24114.3	-32.186
TTAACT	915.0	4974.3	-32.186
ATTAAA	1346.0	8078.4	-32.186
TGATTT	2184.0	12624.2	-32.186
GGTTTT	2004.0	10865.1	-32.186
GTTTTG	1905.0	12077.8	-32.186
TTTATT	5311.0	29932.8	-32.186
TTATTG	1127.0	7592.8	-32.186
TTTACA	1245.0	7748.1	-32.186
ATTATA	1459.0	7057.4	-32.186
TTAAAA	3005.0	15877.8	-32.186
AAAATG	1749.0	9135.5	-32.186
ACTTCT	797.0	4850.5	-32.186
TTTCTA	1446.0	9455.5	-32.186
AAATGT	1466.0	8373.2	-32.186
TATTGA	835.0	5462.4	-32.186
TGAAGT	1137.0	5490.1	-32.186
AGTCTT	1071.0	6168.6	-32.186
AATTGA	877.0	4435.6	-32.186
TTGCCT	1016.0	6740.7	-32.186
AGTTGT	740.0	4044.9	-32.186
AGAGTT	826.0	4875.1	-32.186
AGTTCT	895.0	5393.0	-32.186
AATATT	1747.0	10300.2	-32.186
GATTGT	547.0	3428.0	-32.186
TTTTCA	2473.0	14460.2	-32.186
TAGTCT	560.0	3164.6	-32.186
GTCTTA	561.0	2794.3	-32.186
TTCTTT	3786.0	25630.3	-32.186
AATTGT	982.0	5103.8	-32.186
ATTGTT	1113.0	7054.7	-32.186
TTGTTT	3390.0	23956.5	-32.186
TGTTTA	1302.0	8605.9	-32.186
ACTGTT	870.0	4694.4	-32.186
TTCCAA	893.0	5615.3	-32.186
TTTTGT	5330.0	29316.1	-32.186
TAAATT	1735.0	9622.1	-32.186
TTAGTA	1670.0	8593.4	-32.186
AGTATT	1048.0	5728.0	-32.186
TTTGTT	3446.0	24608.8	-32.186
TGTTTT	4316.0	25973.8	-32.186
TTTTAC	1716.0	9150.0	-32.186
ATTTAT	2368.0	15913.9	-32.186
CTTAAA	1083.0	5492.3	-32.186
TTGGTA	809.0	4256.6	-32.186
TTGTAG	1161.0	5750.9	-32.186
TGTGCT	811.0	5015.5	-32.186
TTGAGA	1870.0	11406.9	-32.186
TGGCTT	1052.0	6235.9	-32.186
ATGTTT	1713.0	10177.8	-32.186
TTTAGA	1545.0	7327.9	-32.186
GATTTC	780.0	5009.8	-32.186
TCTTTA	1208.0	8515.9	-32.186
CGTTTT	405.0	2241.1	-32.186
TTTTCT	4216.0	27612.8	-32.186
TTCTGA	1200.0	6787.2	-32.186
AAAAGT	1215.0	6748.1	-32.186
AAGTTA	749.0	4240.3	-32.186
TATTGG	654.0	3667.9	-32.186
CTGGTT	834.0	4465.6	-32.186
TATTAA	1087.0	6837.7	-32.186
TCTAAA	758.0	4543.6	-32.186
AACTTT	1506.0	7919.5	-32.186
AATTAT	1232.0	7854.3	-32.186
ATATTG	819.0	5055.5	-32.186
TATTGT	879.0	5897.0	-32.186
TCAAAT	969.0	5523.4	-32.186
AAGTTT	1444.0	8238.9	-32.186
TTATAT	1561.0	8858.2	-32.186
ATTTGT	1564.0	10125.4	-32.186
TTGAAT	1246.0	6912.5	-32.186
TGTTGA	950.0	5771.8	-32.186
TTACTG	887.0	4998.7	-32.186
GTGTTA	628.0	3789.6	-32.186
TGTTAG	765.0	4479.8	-32.186
TGACTT	997.0	5637.1	-32.186
CTATTT	1451.0	8552.6	-32.186
TTATAA	1184.0	7092.6	-32.186
TTCTAG	721.0	4767.1	-32.186
TTGGAA	1125.0	5808.7	-32.186
TTTCAA	1308.0	8686.2	-32.186
TGAATT	1324.0	7589.3	-32.186
ATCTTG	1028.0	5692.9	-32.186
GTAATT	887.0	4946.0	-32.186
CAAGTT	652.0	3933.4	-32.186
ATTCTT	1533.0	8691.8	-32.186
ATCTTT	1481.0	8892.5	-32.186
TTCTAA	989.0	6120.2	-32.186
TATATT	1838.0	10008.6	-32.186
AAGTAT	823.0	4255.4	-32.186
TTACAA	790.0	4823.9	-32.186
TCATGT	838.0	4565.4	-32.186
GATCTT	894.0	4820.0	-32.186
TTTCAG	1402.0	8456.0	-32.186
TAGTAT	691.0	3822.5	-32.186
TTGCTG	1065.0	6378.9	-32.186
CTTCTG	1175.0	6314.2	-32.186
TTACAT	1026.0	6373.8	-32.186
CAATTT	1200.0	7485.9	-32.186
AATGAT	1002.0	5224.3	-32.186
TGAAAT	1468.0	7727.7	-32.186
GATATT	826.0	5210.5	-32.186
GGTGTT	616.0	3598.9	-32.186
AGTAAT	775.0	4205.8	-32.186
AGTTAT	693.0	4351.7	-32.186
TATTAC	525.0	3434.6	-32.186
ATTACT	752.0	4470.8	-32.186
TATAGT	695.0	3871.8	-32.186
TAATGT	960.0	4965.4	-32.186
GATGTT	686.0	4310.6	-32.186
ATTGCT	814.0	5151.1	-32.186
GTATTG	557.0	2779.6	-32.186
AAGCAT	713.0	3792.0	-32.043
CATGCC	1392.0	6203.8	-31.797
TCTCGA	697.0	2838.0	-31.779
CCTGCG	115.0	934.5	-31.709
CGTAGC	69.0	420.2	-31.642
GAGTGC	1274.0	7697.7	-31.611
CTGAAC	498.0	2553.0	-31.603
CGGGTT	564.0	2222.5	-31.553
AGTGAG	725.0	5202.5	-31.336
GTAGCG	61.0	376.0	-31.282
TTAACG	123.0	546.7	-31.251
GGCTGG	2982.0	14220.7	-31.150
CCGCCA	302.0	1706.4	-31.056
AGTCTC	1126.0	6594.3	-31.024
CCAATG	308.0	2190.4	-31.023
GGTAAT	510.0	2547.2	-31.006
CAAAGG	543.0	3367.7	-30.976
TTTTGG	2541.0	11989.9	-30.969
GTTGAA	763.0	3903.7	-30.958
TTTAAT	3081.0	14741.3	-30.789
TAGGCC	264.0	1708.4	-30.666
TGATCA	653.0	3468.1	-30.510
CTCAGA	681.0	4179.4	-30.496
TGAGTA	1214.0	5360.2	-30.418
ACAGGA	595.0	3577.1	-30.336
CAACCG	58.0	364.9	-30.335
GCTTCC	720.0	3880.6	-30.292
CTGTGA	799.0	5181.1	-30.148
AATACA	817.0	5381.3	-30.136
AGGCTC	628.0	3045.4	-30.125
CGACCG	27.0	152.0	-30.010
ATCACA	608.0	3776.5	-29.866
CGCGCC	299.0	1590.9	-29.740
AAGTAA	952.0	4682.4	-29.726
ATACGC	56.0	264.7	-29.706
GTTAGC	399.0	2548.1	-29.665
GCTCCC	334.0	2654.8	-29.571
ACGCAT	68.0	408.5	-29.547
GGGCTG	522.0	3957.4	-29.476
GGTGGG	558.0	4560.8	-29.399
TCGGCT	429.0	2944.3	-29.360
TAAACT	844.0	4346.5	-29.272
TTAGGT	703.0	3752.2	-29.272
TATAGA	736.0	3533.4	-29.272
AATACT	738.0	4080.8	-29.272
AGTTGA	721.0	3493.8	-29.272
GTGCTT	633.0	3979.4	-29.272
TTGCAG	834.0	5073.6	-29.272
ATTGGA	599.0	3340.4	-29.272
CATCCT	642.0	4049.0	-29.272
GTTCTG	674.0	4077.9	-29.272
AGAGAT	1437.0	6838.7	-29.272
TTCCAG	843.0	5855.4	-29.272
AACTGT	700.0	3782.3	-29.272
CAAAAT	1194.0	6489.7	-29.272
TGACAT	727.0	3836.6	-29.272
CTCTTG	1129.0	5941.6	-29.272
TATAAG	551.0	3195.4	-29.272
TAAGTA	752.0	3885.1	-29.272
GTGTTC	521.0	2898.2	-29.272
GTTTAC	466.0	3084.7	-29.272
GGTTAT	493.0	2680.0	-29.272
AGATGT	716.0	4131.1	-29.272
TTAAGG	813.0	3496.0	-29.272
GAATAT	799.0	4341.9	-29.272
GAATTG	618.0	3606.6	-29.272
AATTGC	563.0	3443.6	-29.166
TCATGA	725.0	4123.1	-28.921
CCAAGG	474.0	3309.9	-28.857
GAACTT	761.0	3627.2	-28.708
GCCCTC	365.0	2664.6	-28.512
CATTAC	407.0	2376.8	-28.484
TAGAGA	2019.0	9430.6	-28.468
GGACTT	508.0	2878.5	-28.450
GTCATC	352.0	2205.6	-28.439
GTTGGC	1065.0	4680.9	-28.272
CGACCA	45.0	318.6	-28.073
CGCAGC	95.0	727.3	-28.048
TCGGAA	168.0	504.2	-28.019
TTGCCC	1468.0	6680.6	-28.017
TTACAC	414.0	2524.9	-27.928
TGATTC	1159.0	5149.5	-27.845
GGGAGT	447.0	2667.0	-27.826
CGGCTT	187.0	904.3	-27.605
CCACTG	1352.0	6109.2	-27.594
CCGGTC	52.0	362.7	-27.570
CTTACA	506.0	3095.0	-27.549
CGTGCG	49.0	293.7	-27.449
GCGACT	47.0	400.7	-27.360
CGCACC	218.0	957.1	-27.351
ATTACC	344.0	2340.7	-27.272
ACCTGC	830.0	3562.9	-26.809
GGAACT	534.0	2772.0	-26.803
TCTCAG	1204.0	7010.4	-26.762
AGCCTT	1000.0	5285.3	-26.762
TCAACT	491.0	3068.3	-26.762
CTCCTC	575.0	5363.7	-26.762
TGTAAG	600.0	3584.2	-26.762
GATAAT	685.0	3755.4	-26.762
CTTCCA	866.0	5248.5	-26.762
ACAGTT	851.0	4289.7	-26.762
CTTCAG	848.0	4790.9	-26.762
TAGAGT	667.0	3235.2	-26.762
CAGCTT	874.0	5120.4	-26.762
AGCATT	899.0	4895.6	-26.762
AAGTTC	562.0	3590.4	-26.762
ACTTGA	677.0	3731.3	-26.762
TACTGA	639.0	3474.6	-26.762
GAATTC	599.0	3380.1	-26.762
TCTGGC	626.0	3694.6	-26.762
TTCAGC	743.0	4333.0	-26.762
AGGGTT	882.0	4690.3	-26.762
AGTATA	638.0	3358.3	-26.762
AATTAC	738.0	4017.8	-26.762
CATGCT	621.0	3513.8	-26.762
ACATGT	707.0	4168.4	-26.762
TAACTG	629.0	3351.3	-26.762
AAAGAG	814.0	5200.3	-26.762
ATTGCA	758.0	4295.7	-26.762
AACTTC	690.0	3563.7	-26.762
TCTAGA	527.0	3208.5	-26.762
TTTACG	121.0	780.7	-26.762
GGTCTA	229.0	1636.6	-26.732
AATCCT	853.0	4116.9	-26.690
CCTCGA	175.0	807.9	-26.614
TTCGCC	272.0	1009.6	-26.090
GATTCA	574.0	3324.4	-25.974
TCCCCA	637.0	5046.8	-25.890
CTCACC	638.0	3580.4	-25.884
AACTGA	728.0	3888.7	-25.850
CCGGCG	59.0	328.1	-25.750
AGTCGT	96.0	459.7	-25.747
TGCGTC	80.0	558.9	-25.729
CATGAC	321.0	2020.1	-25.712
ATACTC	333.0	1826.0	-25.674
TAGCCA	613.0	4159.1	-25.641
TGAGCA	594.0	3828.5	-25.533
CCGTGC	325.0	1205.1	-25.444
CCCATA	295.0	1865.9	-25.432
AAAGGC	501.0	3098.2	-25.384
AAGCAG	966.0	4257.9	-25.321
ACTACT	439.0	2209.4	-25.289
CAACTG	411.0	2500.2	-25.028
ATCCCA	519.0	4625.4	-24.985
AGTAGT	616.0	3267.0	-24.814
TTAGGA	770.0	4101.3	-24.540
TGCTCC	372.0	3149.3	-24.540
CTCCCC	554.0	4551.8	-24.540
AGGTTA	516.0	2715.9	-24.540
GGTTAA	456.0	2523.8	-24.540
GCTTAA	544.0	2678.1	-24.540
GAGTTG	552.0	3006.3	-24.540
CAGTCT	932.0	4669.4	-24.540
TCAGCT	969.0	6004.2	-24.540
TCACCT	707.0	4522.1	-24.540
AAAGGT	690.0	3616.5	-24.540
CAAATG	849.0	4630.5	-24.540
ACTGAT	628.0	3390.2	-24.540
AGTGAA	882.0	4660.0	-24.540
AAGAGA	1026.0	5418.4	-24.540
CTTGAG	784.0	4546.2	-24.540
CATGAT	825.0	4562.6	-24.540
CTCCCT	816.0	6275.1	-24.540
TTGGCA	710.0	3799.1	-24.540
GTTATC	315.0	1947.8	-24.540
GATGTG	647.0	3552.7	-24.540
TAGAAG	668.0	3581.3	-24.540
TAGACT	472.0	2385.7	-24.540
CAATTG	333.0	2256.2	-24.540
TCGAGT	120.0	604.3	-24.489
CAGCTG	790.0	4860.0	-24.375
CCAGGT	1061.0	5492.4	-24.265
TGCCCC	428.0	2953.4	-24.236
AGGGGT	408.0	2473.7	-24.170
CCATGT	1589.0	7393.4	-24.145
GCGTTA	74.0	387.8	-24.053
CAAGCT	578.0	3925.2	-24.026
ATAGGT	554.0	2676.4	-24.023
CCCAAT	345.0	2283.2	-23.989
AGGTTC	825.0	3594.5	-23.937
GCAAGT	362.0	2377.0	-23.887
GTCATG	447.0	2339.8	-23.807
AATGGA	907.0	4002.5	-23.721
GACGTC	60.0	381.8	-23.667
TGACCA	496.0	2950.9	-23.622
AATTCT	1586.0	7404.1	-23.410
TAGCGG	45.0	310.2	-23.403
CTGAGA	1054.0	5619.2	-23.355
CCCCTG	525.0	3662.7	-23.340
GCAATC	699.0	2994.5	-23.225
TTAAGA	1205.0	5500.8	-22.894
TTGGTC	819.0	3594.3	-22.696
AAGGGC	331.0	2204.7	-22.624
CCGACT	79.0	540.2	-22.606
AGACAT	689.0	3639.1	-22.540
TCTCCC	977.0	6074.2	-22.540
CTCAGT	832.0	4835.9	-22.540
GAAGTA	651.0	2978.0	-22.540
AGCTGT	758.0	3959.9	-22.540
TAACCT	561.0	2933.5	-22.540
CTTCCC	898.0	5452.9	-22.540
AAGTCA	604.0	3827.5	-22.540
GCCTGG	1605.0	9338.8	-22.540
AGATGA	960.0	5000.3	-22.540
GATGAT	692.0	3965.0	-22.540
GAGTAT	464.0	2394.1	-22.540
AGCTTC	633.0	3557.1	-22.540
CAAAAG	693.0	4268.8	-22.540
ATGTAG	586.0	2969.5	-22.540
TCAAGA	573.0	3869.0	-22.540
CCTGGT	587.0	4009.0	-22.540
AGCCTG	795.0	6535.0	-22.540
TGTGAC	573.0	3224.4	-22.540
CCTCTG	1083.0	7245.4	-22.540
GCTTGA	485.0	3233.8	-22.540
CCCCCT	423.0	2861.7	-22.540
GCTTCA	648.0	3382.4	-22.540
CGTGTT	254.0	1632.8	-22.540
GACTTC	463.0	2776.0	-22.540
TGACTA	478.0	2455.7	-22.540
CTAACT	416.0	2543.2	-22.540
GTTAAG	457.0	2525.3	-22.540
TCTGAC	473.0	2985.2	-22.540
TAGATG	551.0	3221.4	-22.540
TTTGGA	1631.0	7655.2	-22.501
GTTGGT	851.0	3756.1	-22.465
ATCAAG	415.0	2599.9	-22.325
CCAACT	442.0	2822.9	-22.317
GCCCGC	541.0	2254.2	-22.297
GTGCGG	108.0	793.3	-22.111
CTGGAC	468.0	2735.9	-21.996
CGCATG	101.0	556.5	-21.841
GTAGAG	1608.0	7563.1	-21.801
CCGGAC	59.0	397.8	-21.782
ACGTGT	156.0	981.0	-21.769
GGTTCG	118.0	346.1	-21.727
TACGCG	13.0	84.1	-21.717
CGCGTC	43.0	223.7	-21.712
ATGACC	326.0	2042.5	-21.638
TAGCGA	64.0	354.0	-21.619
AGCTGA	799.0	4287.3	-21.571
CGTTGG	134.0	717.6	-21.562
TCCGGA	91.0	595.0	-21.469
GGCATA	381.0	1901.0	-21.366
CGACGT	17.0	112.6	-21.297
TGTGCC	1132.0	5270.8	-21.277
GCGAAT	47.0	327.0	-21.209
ACGCGA	15.0	135.4	-21.202
TCACAG	717.0	4226.0	-21.099
TGCACC	773.0	3400.5	-21.048
GCTGTG	857.0	5152.2	-21.041
CTAGTG	343.0	2014.5	-20.891
GCCATG	808.0	3842.9	-20.837
CGCGAT	105.0	888.4	-20.757
GACGTG	143.0	806.9	-20.730
CAGTTG	639.0	3239.8	-20.721
TATGAG	544.0	2877.7	-20.721
TTCCCA	1147.0	6124.4	-20.721
CCTTCC	915.0	6134.7	-20.721
TCTGGG	818.0	5045.8	-20.721
CTCTCA	706.0	4373.9	-20.721
GTAAAG	545.0	3015.5	-20.721
TAAGGT	527.0	2748.0	-20.721
AGGTCT	576.0	3264.0	-20.721
ATGCTC	333.0	2282.1	-20.721
GACTTG	471.0	2640.7	-20.721
ACTTGG	632.0	3470.7	-20.721
ATCTGG	580.0	3227.1	-20.721
ATGCCT	983.0	5695.6	-20.721
AAGCCT	542.0	3819.7	-20.721
AACTGG	582.0	3160.2	-20.721
AGTTGG	665.0	3274.3	-20.721
AGAACT	666.0	3666.7	-20.721
TACCTG	560.0	3232.2	-20.721
AGAGTA	562.0	2914.2	-20.721
TGTAGG	527.0	2833.3	-20.721
ACAGAT	741.0	4000.3	-20.721
CGCCTT	344.0	1349.0	-20.661
GTATAG	378.0	1976.6	-20.611
ACCGTG	412.0	1900.6	-20.503
ACCTTA	488.0	2597.9	-20.481
ACTGCG	291.0	1107.1	-20.350
GGTGAG	469.0	3525.9	-20.317
CGCCGC	69.0	505.3	-20.266
GCTAAA	468.0	2535.9	-20.121
AGTAGA	1480.0	7570.7	-19.725
CCACGC	634.0	2806.0	-19.699
GCAATT	902.0	4071.2	-19.587
GATTCG	76.0	488.9	-19.574
CCGAGT	540.0	2298.6	-19.477
AACGCC	75.0	417.2	-19.390
ACCAAA	548.0	3486.8	-19.371
CTCGTC	88.0	618.7	-19.284
CCAAGC	414.0	2991.4	-19.196
TAGGCT	667.0	3096.2	-19.056
CAAAGA	635.0	4467.4	-19.056
CACCCT	461.0	3422.7	-19.056
GCTGCC	448.0	3398.1	-19.056
TAGGTA	475.0	2762.6	-19.056
GAGTAA	479.0	2592.3	-19.056
AGGAGT	703.0	4230.7	-19.056
ACTGCC	407.0	2787.5	-19.056
AGAGGT	606.0	3645.7	-19.056
CCTGAA	766.0	4657.4	-19.056
GTCTAA	287.0	1860.2	-19.056
AAGCTG	762.0	4167.6	-19.056
GATCAT	548.0	2999.9	-19.056
ATTAGC	378.0	3185.2	-19.056
TTCGAA	124.0	627.0	-19.056
TGATAC	453.0	2416.7	-18.887
GGCTAG	462.0	2294.0	-18.877
ATGAAC	496.0	2925.3	-18.748
CGAACG	21.0	68.1	-18.715
ACACGT	107.0	838.5	-18.714
CACCTA	392.0	2270.2	-18.654
ACGCGC	43.0	241.8	-18.374
TGTATT	2583.0	12719.0	-18.254
CAATCC	523.0	2244.6	-17.810
GTATTT	2818.0	13959.3	-17.791
ATAGCT	731.0	3269.4	-17.786
GAACGC	75.0	342.7	-17.747
ACAGAC	503.0	2715.0	-17.683
ACAGCT	592.0	3642.0	-17.523
TGATGC	462.0	3043.6	-17.523
GTGGTG	835.0	6498.7	-17.523
TCACCC	674.0	4590.1	-17.523
TGAGTC	491.0	3114.3	-17.523
TGGCTC	968.0	6574.5	-17.523
TCCAGC	587.0	4956.8	-17.523
CCCCAG	580.0	4832.1	-17.523
CTAGGT	367.0	2364.3	-17.523
TCAGTC	648.0	3080.4	-17.523
ACTCAA	481.0	2849.8	-17.523
GTGAGA	596.0	4180.5	-17.523
GAATGA	664.0	4090.8	-17.523
CACTGT	1153.0	5395.6	-17.325
GACATG	541.0	2586.9	-17.181
GACCTG	371.0	2419.4	-17.071
CTGAGT	1311.0	6208.4	-17.039
TCGGCG	36.0	154.8	-17.036
TAGGCA	647.0	2869.3	-17.017
ATAGAG	675.0	3006.7	-16.960
TACCAC	482.0	2351.6	-16.951
TGGCCG	197.0	986.3	-16.913
AGTGTA	693.0	3106.4	-16.693
GCAGGC	388.0	2815.2	-16.684
GCCTAG	447.0	2586.8	-16.670
GAGCTC	536.0	2840.4	-16.635
AGCATC	423.0	2401.4	-16.613
CTCGCC	164.0	1004.2	-16.594
TACGCC	77.0	414.1	-16.442
CGTCCT	105.0	654.4	-16.441
GTGCCA	823.0	4243.0	-16.434
GCAAAG	495.0	3134.2	-16.432
ACGTCG	18.0	132.8	-16.376
TCGCGA	17.0	143.4	-16.331
CTAGAA	602.0	3445.8	-16.107
GTAACT	494.0	2553.2	-16.107
TAACTC	375.0	2401.9	-16.107
GCTCCT	447.0	3772.1	-16.107
CCCTCA	408.0	3438.5	-16.107
TGCCCT	579.0	4283.0	-16.107
ACAAAG	656.0	4139.5	-16.107
TGGTGG	688.0	5848.5	-16.107
TTGGGC	475.0	2818.5	-16.107
GGAATG	680.0	3622.4	-16.107
CAGCAT	593.0	3746.9	-16.107
GTAGTA	434.0	2248.9	-16.107
CCTGTC	657.0	3952.9	-16.107
GGTGTA	380.0	2144.4	-16.107
GAAATC	518.0	3227.9	-16.107
TAATAG	771.0	3507.6	-16.025
TTGAAA	1685.0	8167.8	-15.976
GAGCAA	403.0	2649.2	-15.876
AACCGC	61.0	387.8	-15.862
TCCGAC	46.0	300.1	-15.793
CGCGGC	40.0	352.3	-15.674
GACTAG	318.0	1419.8	-15.646
CCAGAG	735.0	4353.7	-15.461
GCATGT	733.0	3340.6	-15.084
CGACTA	48.0	317.9	-15.047
AATCGA	69.0	389.7	-15.039
GTCGGC	65.0	371.5	-14.999
ATGCCC	761.0	3490.7	-14.832
GACCTT	670.0	3305.8	-14.795
TCCTAC	421.0	2272.4	-14.795
AAGCTA	476.0	2637.6	-14.795
TGAAGC	553.0	3452.1	-14.795
GGCTGA	767.0	5118.6	-14.795
GGTCTG	478.0	2666.6	-14.795
CACAAA	633.0	4047.3	-14.795
TGAGAC	1179.0	7777.1	-14.795
GATCTA	317.0	1641.9	-14.795
AGGTAA	615.0	3275.3	-14.795
TCCCGG	554.0	2459.0	-14.792
GCATGC	595.0	2661.8	-14.780
CAAAGC	483.0	3180.6	-14.769
TAGAAC	424.0	2226.9	-14.755
TGTAGA	986.0	4629.4	-14.672
GCCCAC	746.0	3422.7	-14.595
GCGTGC	167.0	922.2	-14.531
CCGCGC	275.0	1259.4	-14.482
GGTCAT	369.0	2192.4	-14.437
CGGAAG	179.0	668.4	-14.393
CCCAGA	838.0	4538.4	-14.359
TTCTCC	2248.0	11169.3	-14.239
CCCAGC	1733.0	9339.6	-14.042
TTCGAG	134.0	873.2	-13.973
GCGCTG	103.0	849.5	-13.927
ACGTTG	179.0	868.1	-13.888
CTCGGG	126.0	1095.7	-13.816
TTGTAT	2332.0	11629.7	-13.771
GTAAGC	280.0	1536.0	-13.680
GACTAA	356.0	1896.8	-13.676
CAATTC	812.0	3780.6	-13.636
CGAGTG	112.0	604.4	-13.624
AGGTGG	684.0	4658.3	-13.578
GTAGAT	485.0	2957.5	-13.578
GATACT	422.0	2196.3	-13.578
ACATCA	448.0	2753.5	-13.578
ATAGGA	472.0	2743.2	-13.578
ACTCAG	564.0	3760.0	-13.537
CTGCGC	280.0	1153.3	-13.515
ATCGTC	56.0	369.3	-13.431
GGGTCA	304.0	2038.4	-13.404
TGTAGC	529.0	2788.9	-13.361
TAGCTA	543.0	2719.2	-13.256
CGTTAG	88.0	460.3	-13.036
CACACC	1008.0	4798.8	-13.001
TCGTGC	136.0	732.3	-12.926
ACTCCG	88.0	777.6	-12.861
AGCGTT	123.0	772.1	-12.828
CGCGAG	28.0	263.6	-12.697
CCGGGT	514.0	2313.4	-12.573
TCGGGC	78.0	459.1	-12.539
CACCTT	909.0	4309.9	-12.513
ACTGTG	1050.0	5031.8	-12.509
GTTTCG	304.0	1282.8	-12.503
TCGCCC	328.0	2159.3	-12.502
CAAGAG	472.0	3344.6	-12.446
GTCTAG	278.0	1731.8	-12.446
CACAAG	400.0	2482.4	-12.446
AGCTCA	1012.0	5425.1	-12.446
GAGGTG	620.0	4164.3	-12.446
GAGTCA	443.0	2597.5	-12.446
TAATCC	527.0	4190.5	-12.446
CATGCA	551.0	3165.3	-12.446
AGGCTG	3148.0	16001.2	-12.416
GGGCCT	382.0	3369.8	-12.352
GAGGCA	569.0	4504.3	-12.303
ACCCTC	322.0	2689.9	-12.258
GAGCCG	128.0	1015.0	-12.178
TGGTCA	738.0	3449.9	-12.094
CGATCT	495.0	3183.3	-12.078
CTATGT	863.0	4088.8	-12.066
CACAGC	531.0	3646.4	-12.064
TAGCCG	63.0	641.1	-12.047
CAGTCG	100.0	516.5	-11.954
TTGGCG	89.0	619.1	-11.898
TCACGC	220.0	1593.7	-11.887
TTAGAA	1171.0	5677.2	-11.869
TAATGG	654.0	3034.1	-11.862
AGTGAC	492.0	2818.7	-11.777
TAAGCA	642.0	2973.8	-11.746
AGCCCC	376.0	2955.9	-11.696
GAAATT	1286.0	6282.5	-11.667
GCGTCG	17.0	153.2	-11.531
GACTGG	545.0	2907.1	-11.393
GAATAG	505.0	2802.8	-11.393
TATAGC	365.0	2146.3	-11.393
TCGAAA	83.0	474.2	-11.393
TTAAAT	2144.0	10789.2	-11.168
TTGGAG	1043.0	5044.0	-11.094
TCTCCT	2319.0	11722.9	-10.901
GTGCAG	1159.0	8284.1	-10.898
TGGAAC	612.0	2844.7	-10.865
CTCGCG	17.0	249.4	-10.721
CTCGAC	137.0	521.3	-10.696
CCCACG	128.0	837.2	-10.624
ACTTAA	824.0	3936.8	-10.571
ACTATG	596.0	2774.4	-10.554
AGACGT	161.0	746.2	-10.489
CCACAA	467.0	3021.9	-10.413
GTTGAC	364.0	1798.7	-10.413
CCTAAC	262.0	1667.4	-10.413
TACTCC	295.0	1924.5	-10.413
GCGAGC	84.0	438.8	-10.303
CCGAAC	41.0	290.9	-10.245
CGGACC	40.0	300.8	-10.207
CGATAC	46.0	249.0	-10.177
CAACTC	363.0	2411.1	-10.164
AGTGCC	387.0	2669.7	-10.164
CGGCCA	222.0	1078.9	-10.161
TTAATG	1150.0	5642.1	-10.101
TCAGCG	75.0	705.6	-10.036
AGCGGT	86.0	499.6	-9.822
GCGTTG	83.0	469.5	-9.781
GACTAT	444.0	2028.9	-9.774
CGGGTC	55.0	436.3	-9.773
GCGCGA	112.0	940.3	-9.755
CAGCTA	1055.0	5160.8	-9.727
AACGAT	135.0	524.3	-9.678
CCACAC	881.0	4265.5	-9.667
CGTACT	54.0	314.2	-9.639
ACTAGA	403.0	2134.3	-9.500
TCCCAT	604.0	4208.2	-9.500
CAACCA	345.0	2275.1	-9.500
CACCCC	422.0	2939.0	-9.500
TCCCTA	432.0	2885.8	-9.500
GGAGTG	1349.0	8744.4	-9.500
CAGATG	662.0	4456.0	-9.500
CCCCCG	155.0	976.9	-9.500
AGCCTA	363.0	2464.3	-9.500
AATAGG	431.0	2617.1	-9.500
TAACGG	54.0	292.2	-9.483
TAACGT	130.0	654.8	-9.450
TCGTCC	66.0	492.1	-9.442
GTATGA	506.0	2352.8	-9.400
AGACTA	482.0	2231.2	-9.399
CGGTTC	86.0	516.8	-9.390
TTTCGC	291.0	1277.4	-9.312
CCCGCG	47.0	387.9	-9.197
CCGCAC	181.0	745.7	-9.182
CACCGT	407.0	1969.3	-9.120
GGCGTT	111.0	571.3	-8.883
CTCGAG	123.0	742.2	-8.798
GGTCAA	265.0	1715.2	-8.752
CAAGTC	356.0	2238.2	-8.650
GCATAA	421.0	2275.5	-8.650
CGAAAT	78.0	519.2	-8.650
AGTAAC	466.0	2311.5	-8.520
TGAACG	116.0	496.2	-8.506
TCCCGC	228.0	1066.2	-8.466
CGACTG	64.0	464.3	-8.406
AGCAAC	324.0	2112.9	-8.402
GCCCGG	656.0	3152.5	-8.252
AGAGAC	1314.0	6586.1	-8.210
TGGTCG	72.0	497.7	-8.187
TCGCCA	252.0	1110.6	-8.120
CATAGC	442.0	2065.2	-8.043
CTGGGG	560.0	4572.2	-7.859
GTACTA	310.0	1445.0	-7.859
GGGTGA	405.0	2970.8	-7.859
GGTATC	251.0	1616.6	-7.859
TAGAAT	958.0	4737.4	-7.795
GAAGAT	724.0	3526.6	-7.715
CGGCTA	381.0	1767.5	-7.651
TAAGAG	645.0	3119.4	-7.641
TATCGG	62.0	230.3	-7.619
CACCGG	77.0	557.1	-7.617
GACTCG	66.0	421.6	-7.606
CGTGGC	138.0	888.8	-7.492
AAGCCA	788.0	4429.4	-7.441
ACGATT	141.0	585.1	-7.376
CATGGC	458.0	3007.6	-7.306
CAGTGC	540.0	3275.1	-7.304
TCGAAT	113.0	490.8	-7.263
TATGTT	1460.0	7406.2	-7.261
AAACTT	1165.0	5856.0	-7.133
CAAACG	127.0	586.3	-7.125
GCTAAG	365.0	1910.9	-7.123
AGGCAA	520.0	3211.4	-7.123
GCAGCC	636.0	3979.5	-7.123
AGTCAC	472.0	2566.6	-7.123
AATAGA	851.0	4215.3	-7.080
ACGGCC	74.0	449.4	-7.033
GAGATG	1508.0	7675.5	-7.017
GACATC	297.0	1664.9	-6.920
GTCAGT	527.0	2537.7	-6.865
CATACC	382.0	1795.2	-6.817
GTAACA	461.0	2203.9	-6.777
TTGTGA	1157.0	5835.7	-6.765
ATGCGT	97.0	539.8	-6.764
CGGCCC	172.0	994.7	-6.724
TAGTGT	640.0	3128.1	-6.703
GTAGAA	674.0	3318.6	-6.463
ATGGGC	356.0	2446.6	-6.440
AGGCTA	520.0	2849.9	-6.440
ATGGTC	472.0	2943.1	-6.440
TCGTAA	78.0	431.6	-6.393
CGCTAA	60.0	356.9	-6.392
AGTAGG	510.0	2471.2	-6.309
TTAACC	557.0	2716.2	-6.262
TACCGA	52.0	359.1	-6.245
GTTCGA	125.0	615.9	-6.228
ATCCGT	120.0	502.6	-6.163
AGCGAA	71.0	504.1	-6.163
GGATCC	278.0	1625.9	-6.153
CGTACC	46.0	286.9	-6.135
CGGGTG	106.0	984.3	-6.132
TTTAGT	2378.0	12382.7	-6.094
TAAGAT	753.0	3743.6	-6.079
TAAAGA	1076.0	5448.3	-6.066
TTCGGA	78.0	485.2	-6.016
GCGCAA	102.0	689.3	-5.991
CCGGTG	66.0	566.9	-5.937
GACTTA	450.0	2174.8	-5.926
CCCGAG	499.0	2428.1	-5.880
ACGCCC	388.0	1856.9	-5.878
CATCGG	52.0	319.1	-5.877
ATGCAC	459.0	2224.4	-5.860
AACACC	291.0	2077.4	-5.850
ACTACC	238.0	1457.1	-5.805
TAGCAG	491.0	2837.8	-5.805
GCGATA	53.0	301.7	-5.740
TACCGC	60.0	317.4	-5.650
GCTACC	318.0	1506.6	-5.613
GCCATC	502.0	2775.9	-5.572
AGACTG	756.0	3784.2	-5.562
ACCGAT	60.0	327.3	-5.561
AAATGG	1036.0	5265.9	-5.552
TTAGTG	782.0	3928.7	-5.482
TTAGCA	706.0	3531.7	-5.399
GTGTCA	562.0	2778.3	-5.384
GTTAGG	422.0	2049.3	-5.368
CGGAAT	77.0	505.2	-5.336
TTCGGC	104.0	581.2	-5.321
TGCCTT	1412.0	7278.8	-5.297
GATCGT	85.0	515.6	-5.254
GTAGGT	440.0	2445.8	-5.217
GTACTC	242.0	1365.2	-5.217
TCCGGG	136.0	748.8	-5.213
ACTGTA	761.0	3829.4	-5.211
TAACTT	985.0	5018.7	-5.190
CAGTCC	485.0	2387.3	-5.107
ATACTG	612.0	3050.6	-5.061
GGTACA	292.0	2030.5	-5.030
AGAATT	1284.0	6618.1	-5.002
CACGTC	101.0	684.1	-4.950
GCAGTT	711.0	3589.1	-4.794
CAGTAG	603.0	3019.1	-4.764
GATTGA	505.0	2506.4	-4.728
AGATCG	167.0	759.4	-4.711
GAAGTC	412.0	2792.3	-4.673
AACTTG	672.0	3389.3	-4.666
GCTATG	461.0	2281.5	-4.663
TAGTTG	627.0	3153.8	-4.627
ATGGAA	889.0	4538.6	-4.623
GTTAGA	458.0	2266.3	-4.619
AATTGG	656.0	3303.2	-4.608
TCACTA	592.0	2968.0	-4.564
GTAGCA	390.0	2183.7	-4.553
GTTACC	351.0	1710.2	-4.541
GGCCAG	1289.0	6675.0	-4.534
GCTCGT	72.0	489.6	-4.504
AAACGA	162.0	745.2	-4.446
TAGGAC	350.0	1710.9	-4.396
GTGGGC	263.0	2595.8	-4.391
AGGCGC	340.0	2117.6	-4.368
CTCGTA	58.0	381.0	-4.365
CACGCC	767.0	3940.8	-4.363
GCGATG	91.0	522.4	-4.275
GTTGGA	611.0	3089.0	-4.243
AGCTAG	438.0	2175.4	-4.226
TAGGGA	535.0	2687.2	-4.225
TAATTG	896.0	4603.2	-4.215
CTAATG	533.0	2678.1	-4.191
ATTCGC	82.0	353.7	-4.188
GCACCT	500.0	2945.4	-4.170
AGCTAT	582.0	2938.1	-4.170
AGACGA	159.0	737.1	-4.148
GAAATG	1046.0	5406.1	-4.143
TACGAG	67.0	277.3	-4.135
ATATCG	73.0	306.0	-4.133
CCCCGC	188.0	1169.4	-4.076
CGATTT	221.0	1055.1	-4.075
GTCCGC	79.0	395.8	-4.047
CGTATA	88.0	383.4	-3.972
TACCGT	100.0	443.7	-3.940
ATGGCC	369.0	2486.4	-3.900
CCGCGG	51.0	317.6	-3.884
ACCTAG	344.0	1993.1	-3.863
TATGGA	588.0	2988.7	-3.846
TAGGAG	527.0	2664.0	-3.816
ATACCG	74.0	317.7	-3.756
CATACT	452.0	2273.5	-3.741
TCCGCG	21.0	227.4	-3.730
CGAGCG	27.0	215.6	-3.723
ATATAG	619.0	3156.9	-3.722
AGATTT	1582.0	8319.1	-3.708
ACTATA	558.0	2835.8	-3.705
GCCGTG	135.0	890.2	-3.654
TCGTGG	111.0	768.1	-3.633
GTCGAA	48.0	277.0	-3.581
AACTTA	656.0	3360.3	-3.574
TCGTAT	117.0	536.2	-3.572
AGAATA	875.0	4532.6	-3.568
GATAGG	350.0	1866.7	-3.494
AGACTT	760.0	3922.5	-3.491
CCCCGG	138.0	930.4	-3.478
TTAATA	1405.0	7388.7	-3.462
TCGGGT	104.0	535.3	-3.447
TTATGG	718.0	3700.5	-3.434
ACCCGT	104.0	475.6	-3.366
GTGCAC	456.0	2313.8	-3.366
GCGGGT	69.0	668.1	-3.356
GTTGTC	463.0	2347.5	-3.344
ATGGAG	977.0	5095.0	-3.341
AGACAC	341.0	2804.8	-3.282
ACTTCA	737.0	3813.1	-3.267
TATACG	48.0	392.2	-3.266
CACGTT	207.0	1008.3	-3.234
CGCGAA	14.0	119.1	-3.232
GACAGT	551.0	2822.7	-3.230
CCCAGG	2510.0	13393.7	-3.222
AAGATT	1017.0	5320.6	-3.201
TAGTCG	61.0	263.8	-3.178
ACGTAG	92.0	518.2	-3.176
ATCGTA	88.0	399.2	-3.153
TACGGA	74.0	400.6	-3.139
GGTTGG	601.0	3095.7	-3.138
TGAAGA	1011.0	5298.5	-3.122
CACGGC	114.0	754.0	-3.120
AAATGA	1406.0	7429.5	-3.093
CTAGTC	316.0	1588.5	-3.046
TAGCAT	600.0	3096.0	-3.032
AGTGGA	741.0	3852.2	-3.029
GCAACC	856.0	5331.7	-3.028
GTGCGA	154.0	949.5	-3.006
GAAAAT	1316.0	6953.1	-2.993
ATCGAA	69.0	319.6	-2.986
TAGAGC	358.0	1813.9	-2.984
GAGTGT	563.0	2906.3	-2.955
ATTGAA	935.0	4900.7	-2.954
TCGTAG	96.0	444.5	-2.950
ATGTAC	464.0	2376.7	-2.908
TATCGT	106.0	496.6	-2.908
TGAAAA	1551.0	8245.0	-2.825
CCCGGG	540.0	2791.8	-2.822
GTCTGA	527.0	2720.8	-2.811
CACGAC	56.0	397.3	-2.767
GGGTAT	369.0	1879.5	-2.761
GCGCTA	67.0	301.6	-2.739
TTAACA	905.0	4759.1	-2.704
CTTAAC	458.0	2360.0	-2.698
GTGTGC	668.0	3489.2	-2.638
TAGTGG	575.0	2988.7	-2.634
CGTATT	174.0	855.4	-2.614
GTAGGG	332.0	1690.9	-2.607
GGGCCA	358.0	2507.6	-2.602
TTCGTA	128.0	619.9	-2.593
TAACAT	782.0	4108.0	-2.586
TTAATT	2401.0	12892.8	-2.582
GCACCA	614.0	3200.7	-2.576
AACGAC	65.0	295.8	-2.540
AAGTCG	83.0	405.6	-2.539
GTATCG	54.0	240.3	-2.523
ATGCGA	63.0	356.3	-2.514
GTGTAG	456.0	2361.0	-2.514
GAACGA	79.0	367.9	-2.501
CATCCG	108.0	518.6	-2.468
ACGTAA	97.0	567.8	-2.445
GCCGTA	58.0	263.0	-2.426
GCACCC	506.0	2634.4	-2.416
TAAGAC	428.0	2218.4	-2.398
GCATTG	487.0	2535.1	-2.387
CTACGG	69.0	321.0	-2.327
CGCCAT	343.0	1766.2	-2.313
TACCCG	92.0	440.8	-2.297
ATGAGG	650.0	3418.8	-2.296
AGTACG	68.0	316.9	-2.279
ATACTT	886.0	4694.5	-2.264
GTTAAC	352.0	1818.5	-2.262
ACACCC	537.0	2812.0	-2.261
GTCGTA	57.0	268.0	-2.248
GAGACA	1369.0	7324.1	-2.225
CGTAAT	106.0	515.2	-2.216
TTACGA	96.0	463.3	-2.216
TCTGAA	990.0	5264.3	-2.202
GTAGTG	476.0	2487.4	-2.184
CGACTT	96.0	464.8	-2.181
TGCCGA	89.0	599.6	-2.181
GCGCAT	90.0	433.1	-2.176
ACCCGG	271.0	1391.6	-2.174
ACTGGA	629.0	3316.2	-2.161
CGGTAC	44.0	197.3	-2.142
GACGAC	41.0	263.4	-2.138
AAGGAT	660.0	3482.5	-2.137
TATGCG	63.0	294.7	-2.125
AGAAAT	1441.0	7724.5	-2.122
CGAGTT	145.0	726.9	-2.086
ACCGTA	71.0	427.8	-2.079
ATAACT	607.0	3206.4	-2.049
GTAGGC	269.0	1387.3	-2.044
AGATAC	461.0	2419.3	-2.043
GTCACT	532.0	2801.7	-2.037
GGTCCA	219.0	1623.0	-2.024
TCGGCA	72.0	390.4	-2.014
GCGCAC	116.0	575.8	-2.009
CGCATA	57.0	266.3	-2.006
GCATAC	241.0	1237.8	-1.989
TTTAGC	825.0	4391.5	-1.977
GTAGGA	420.0	2205.3	-1.926
ATAGGG	363.0	1905.6	-1.920
GTGCCC	612.0	3241.7	-1.908
GTTCAG	565.0	2993.6	-1.886
CACTAT	547.0	2892.9	-1.878
TCGAAG	78.0	459.1	-1.872
TAAACG	101.0	573.5	-1.870
AATAGC	535.0	2831.9	-1.869
ACGACG	18.0	127.5	-1.864
TAAGGA	633.0	3364.8	-1.861
ATAACG	78.0	380.0	-1.846
AAGCGG	90.0	559.2	-1.825
GCGCCT	293.0	1525.9	-1.819
GACGTA	64.0	307.8	-1.811
TGGAAA	1199.0	6447.9	-1.790
TGTACC	440.0	2321.1	-1.782
TGGTAG	634.0	3371.7	-1.780
ATCGGG	63.0	303.5	-1.766
TGTACT	621.0	3304.8	-1.766
AACAGT	679.0	3619.8	-1.758
AAGACT	639.0	3403.7	-1.749
CTTCGG	134.0	681.5	-1.746
TACGAC	43.0	200.6	-1.745
TAGAAA	1166.0	6275.4	-1.730
TCGACT	83.0	411.0	-1.722
ATTGGG	475.0	2517.8	-1.720
ACGATG	85.0	526.1	-1.717
AACCGT	97.0	484.7	-1.716
ATACGA	70.0	341.5	-1.715
ACGTCC	92.0	458.2	-1.704
TCGGTA	71.0	347.1	-1.689
TTTCGA	153.0	786.1	-1.682
AGTATC	386.0	2039.2	-1.675
ACGACA	75.0	369.3	-1.656
CACGTA	105.0	641.9	-1.652
CGTCTG	160.0	827.0	-1.627
TCGGTC	77.0	381.7	-1.610
CGTATC	65.0	318.9	-1.605
TGTTAC	638.0	3411.1	-1.602
AATCTG	740.0	3969.9	-1.595
TACTGT	770.0	4130.9	-1.594
GTTGCG	60.0	425.8	-1.580
GTTACG	71.0	397.4	-1.552
GTACTT	577.0	3090.0	-1.503
ACTTGT	608.0	3261.0	-1.500
TCGACA	58.0	285.1	-1.475
TATACT	657.0	3528.3	-1.472
AATCCG	86.0	435.4	-1.455
GGACAG	483.0	2585.7	-1.450
TGTAAC	495.0	2649.5	-1.428
TGCCTG	1576.0	8570.2	-1.419
GTTCGC	62.0	308.1	-1.413
CCGGTT	89.0	593.6	-1.413
GTGTAC	351.0	1869.6	-1.412
GTGGTA	490.0	2623.7	-1.402
GGAAAT	890.0	4811.1	-1.401
CGTAAC	57.0	282.7	-1.399
GTACGC	33.0	156.1	-1.398
ACGAGT	87.0	443.3	-1.384
GCTATA	355.0	1896.0	-1.371
CCGTAT	85.0	433.7	-1.366
TGTAAT	985.0	6731.5	-1.365
ATAGCG	55.0	351.6	-1.363
TACGCA	63.0	315.9	-1.360
TATCCG	63.0	315.4	-1.360
CTTGTG	789.0	4263.8	-1.353
TATCGA	59.0	294.5	-1.353
ACTTCG	106.0	547.2	-1.352
GCTATC	256.0	1357.3	-1.351
TGAACA	687.0	3925.9	-1.341
GTCTGG	596.0	3210.3	-1.334
ACTGAC	342.0	2045.9	-1.331
ATTGGC	492.0	2744.8	-1.325
GATATG	424.0	2835.2	-1.320
ACTCGC	74.0	375.0	-1.319
AAGGTT	668.0	3609.7	-1.304
AAGGAA	1162.0	6318.6	-1.303
GCAAAT	613.0	3489.2	-1.302
GCCAAC	258.0	2078.2	-1.302
TGTAAA	1059.0	6112.2	-1.287
ACTAAT	579.0	3125.1	-1.281
GACTTT	979.0	5316.4	-1.278
GCTACT	412.0	2983.5	-1.277
AAGGTA	540.0	2914.7	-1.276
GACGAG	120.0	626.3	-1.272
ACGTTA	111.0	578.5	-1.261
TTGTAC	470.0	3143.6	-1.255
GAAACT	708.0	4129.9	-1.254
CGCTAT	94.0	486.7	-1.249
CACTAC	357.0	1916.4	-1.247
AAAACT	1120.0	6095.0	-1.245
GATGTA	443.0	2384.7	-1.242
TGCGAC	63.0	338.9	-1.233
CTAAGA	484.0	2612.1	-1.231
CCTTTT	2210.0	12093.4	-1.224
TGACTC	426.0	2948.7	-1.224
GTATGC	276.0	1477.6	-1.222
AACTCT	656.0	3912.2	-1.216
AGGTTG	685.0	4152.5	-1.213
TCTACC	408.0	2529.3	-1.210
GGTTGA	429.0	2314.2	-1.210
CCTGCT	741.0	5176.9	-1.208
AGAAGT	806.0	4638.0	-1.197
CCATAC	304.0	1631.2	-1.188
AGATGG	1420.0	7757.2	-1.183
TACTTA	687.0	3730.2	-1.164
GTAGCC	350.0	1885.5	-1.163
CTAACC	223.0	1442.5	-1.162
CTAGTA	361.0	2160.8	-1.160
GTACGA	48.0	260.3	-1.156
TTCAAC	482.0	3053.2	-1.156
CCAGAC	457.0	2680.4	-1.152
GTTGTA	516.0	2797.1	-1.151
AATACG	103.0	539.4	-1.151
CGGGCG	82.0	736.5	-1.150
TAAGGG	380.0	2049.5	-1.149
GTGTAA	516.0	2798.9	-1.142
TGTCCT	671.0	4794.3	-1.139
TAGTTT	1435.0	9365.9	-1.139
CTGGTG	562.0	4002.4	-1.132
CGTTAC	63.0	324.0	-1.131
GGTATA	389.0	2102.6	-1.130
GAACGT	103.0	541.1	-1.130
CATACG	73.0	377.7	-1.128
TACGAA	83.0	432.2	-1.127
AATCGT	80.0	542.0	-1.121
TGATAG	491.0	2927.5	-1.120
ACTCAT	490.0	3037.0	-1.116
AAATCG	108.0	569.5	-1.112
TCTAGC	283.0	2037.6	-1.093
GAAGTT	747.0	4479.4	-1.090
GCGTAG	55.0	421.7	-1.089
CGTGTA	112.0	592.1	-1.086
GTGAGT	494.0	3500.3	-1.086
TCAGTA	653.0	3556.3	-1.085
CTAGCT	375.0	2425.9	-1.079
CGCGTT	29.0	202.7	-1.074
GTGACT	563.0	3063.7	-1.071
GTTCGG	40.0	335.8	-1.069
GCAGTA	429.0	2329.6	-1.058
GTGGAA	655.0	3565.5	-1.057
AAACAT	1062.0	5808.2	-1.056
GTACGG	50.0	256.9	-1.050
GATACA	474.0	2575.1	-1.050
ATAGAC	327.0	1796.3	-1.050
CCTGAT	535.0	3366.8	-1.049
TAGGAA	729.0	4056.5	-1.040
GGCTAT	395.0	2145.7	-1.037
GCCGGT	56.0	460.7	-1.034
AACATG	645.0	4244.3	-1.030
AGTTAA	784.0	4285.4	-1.019
GTATAT	821.0	4485.1	-1.014
TAACGA	73.0	406.9	-1.013
CCGGCA	81.0	562.8	-1.010
AAACGT	171.0	916.2	-1.006
GGACAT	461.0	2511.8	-1.005
GGAACG	81.0	427.9	-0.997
CTTAAT	797.0	4359.4	-0.992
AACGTT	165.0	914.3	-0.973
TAAATG	1154.0	6538.7	-0.972
CTTAGA	541.0	2956.7	-0.967
ATAAGC	409.0	2226.8	-0.965
ACTGAA	813.0	4452.4	-0.962
CATAAC	321.0	1747.6	-0.952
CGATCG	18.0	87.7	-0.949
ATGTTA	886.0	4854.9	-0.949
ACTCGA	71.0	374.3	-0.945
AACGGA	88.0	468.1	-0.939
AAGCAC	447.0	2440.8	-0.934
GCCCCG	127.0	993.6	-0.930
GACTGT	499.0	2726.3	-0.929
CGCACG	51.0	266.4	-0.926
GTAGTT	682.0	4017.7	-0.921
GAATAA	745.0	4085.3	-0.916
CGCGTA	16.0	95.5	-0.914
ACGACT	72.0	381.7	-0.912
ACGTAT	125.0	674.1	-0.910
TAAGGC	341.0	1859.5	-0.907
TTGAGG	853.0	4679.9	-0.905
ATCTCA	1051.0	6230.1	-0.902
ACCACT	517.0	3189.4	-0.894
GATACG	72.0	396.4	-0.894
ACTAGT	344.0	1878.7	-0.893
CAGTCA	538.0	2948.2	-0.892
GGGCAT	338.0	2408.2	-0.890
CCTAGC	314.0	1947.8	-0.882
AATGGT	727.0	3994.0	-0.871
TGCATC	405.0	2771.2	-0.871
AACGTA	101.0	544.2	-0.868
TACTAC	322.0	1762.9	-0.868
GCTTCG	86.0	546.6	-0.865
CATGTA	618.0	3390.1	-0.865
TGCTAA	583.0	3201.6	-0.857
CTATAG	393.0	2205.4	-0.854
CGTCGT	29.0	149.5	-0.850
AAGATG	776.0	4266.1	-0.846
GACGAT	61.0	324.8	-0.845
TGGTAA	649.0	3567.7	-0.841
AACGTC	75.0	402.7	-0.839
GCAAGC	292.0	2456.9	-0.839
CGTCTT	157.0	857.9	-0.834
TCGTAC	39.0	255.2	-0.832
CCGGAT	74.0	397.6	-0.830
CGTAGA	80.0	430.7	-0.829
CGAATA	83.0	447.7	-0.819
TGTCCG	99.0	535.6	-0.818
GCTTTT	1761.0	10143.5	-0.817
GTAATG	467.0	2717.6	-0.812
CGGTAT	52.0	354.4	-0.809
TGAGGA	808.0	4449.7	-0.808
CCGTGT	226.0	1528.8	-0.807
CACGCT	153.0	836.6	-0.807
CCACTA	388.0	2245.4	-0.806
TAGTAA	660.0	3632.5	-0.803
ATCTAA	488.0	2686.3	-0.795
CCGTGA	105.0	757.7	-0.794
TGTGAA	982.0	5708.3	-0.792
GCGTAT	72.0	388.8	-0.792
TGGATA	650.0	3583.0	-0.786
CTTACG	89.0	483.0	-0.784
AAGAGT	605.0	3759.4	-0.780
ACCATA	480.0	2747.6	-0.774
CGGTAA	66.0	355.2	-0.772
GTAAAA	867.0	4785.5	-0.771
GCTGTT	831.0	4585.6	-0.771
GAGGTA	403.0	2217.0	-0.767
TCATAC	342.0	1881.7	-0.767
ATGGAC	349.0	1921.7	-0.764
CGAAAA	111.0	606.1	-0.757
ACCGTT	107.0	584.6	-0.756
TGCTAT	710.0	3919.1	-0.756
AGTAAG	511.0	2819.6	-0.749
ACGAAC	54.0	290.8	-0.749
TAATGC	478.0	2637.8	-0.742
AGTAAA	885.0	4886.6	-0.741
AAAGGA	993.0	5486.4	-0.741
ACGCTT	104.0	569.2	-0.733
GGTCGG	73.0	397.6	-0.728
GCCATA	319.0	1761.1	-0.727
CCGCTT	152.0	837.3	-0.724
GGATAG	314.0	1733.7	-0.721
ATCTAC	316.0	1880.5	-0.715
TAGCGT	73.0	477.3	-0.714
CGTTCG	24.0	126.1	-0.710
GCGGTA	54.0	292.3	-0.708
TTGACG	88.0	485.6	-0.707
TGCTGT	1120.0	6196.5	-0.706
GCTCGA	58.0	436.9	-0.702
TACTGC	433.0	2470.3	-0.700
TAAAAG	1084.0	5999.1	-0.698
CGGATA	53.0	287.4	-0.697
ACAGTA	534.0	2955.7	-0.694
CTGATT	946.0	5493.9	-0.693
GGGGTA	275.0	1522.0	-0.692
GCACAT	511.0	2829.3	-0.689
GTCACC	623.0	3969.6	-0.687
GGTAGA	478.0	2645.3	-0.687
ATCTGA	636.0	3518.1	-0.684
AGCCAA	535.0	3603.3	-0.683
AGTCGA	59.0	321.5	-0.682
CTAAGG	305.0	2022.5	-0.681
AGTCGC	71.0	436.6	-0.680
TACTTG	591.0	3270.5	-0.677
TAAACC	426.0	2360.3	-0.673
GGGACG	98.0	539.6	-0.671
GCTGTA	479.0	2653.5	-0.671
ATCATA	598.0	3313.5	-0.664
ATAGTC	333.0	1843.0	-0.662
AAGGCA	549.0	3660.2	-0.658
GACATA	390.0	2162.5	-0.658
TTGACA	652.0	3617.4	-0.654
ATAATG	764.0	4238.2	-0.652
ACATAC	435.0	2410.4	-0.648
GATGAG	623.0	3456.3	-0.641
TCTTGC	1048.0	5815.7	-0.639
GCGCCC	426.0	2366.1	-0.638
TTCACC	1086.0	6943.8	-0.638
CGTTGA	92.0	508.0	-0.638
TGGAGA	1023.0	5677.1	-0.637
ATACCA	473.0	2624.1	-0.636
TTCGAC	56.0	307.1	-0.633
CGATAT	68.0	374.6	-0.630
GCAGGG	479.0	3385.5	-0.629
GACAAC	243.0	1348.4	-0.626
ACTTAG	479.0	2661.4	-0.625
AGATAA	802.0	4455.2	-0.625
AGGTAC	294.0	1656.0	-0.624
GTGTCG	92.0	509.8	-0.624
ATGATG	786.0	4362.1	-0.621
ACGTAC	49.0	344.7	-0.613
GTGCCT	820.0	4553.3	-0.609
TGTACG	72.0	399.8	-0.603
AAGGCG	119.0	663.1	-0.602
CTTACC	342.0	2123.3	-0.602
AGTTAG	486.0	2705.3	-0.600
GGTACT	285.0	1584.6	-0.600
ACGACC	40.0	267.6	-0.597
CTGTTA	724.0	4026.7	-0.597
AATTTG	1217.0	7709.4	-0.594
CAGGAG	635.0	6393.7	-0.593
ACGTTC	86.0	478.7	-0.590
CATAAG	388.0	2161.7	-0.588
CAAGGG	391.0	2476.4	-0.587
GCTATT	712.0	3963.0	-0.586
CGCATT	85.0	473.6	-0.581
TGACGA	76.0	423.1	-0.578
AAGACG	117.0	653.0	-0.576
GCATTT	1333.0	7461.5	-0.574
TACGGC	47.0	260.1	-0.573
TGTTCG	104.0	581.9	-0.570
GCAACT	360.0	2010.8	-0.567
GGTAGT	358.0	1999.7	-0.567
CGACAC	53.0	294.7	-0.567
CGAGTC	78.0	435.8	-0.566
TTCGTG	148.0	829.7	-0.565
GTTATA	529.0	2949.0	-0.564
TTATGA	800.0	4892.6	-0.558
GGCGCA	212.0	1186.5	-0.558
CAGTTA	595.0	3316.4	-0.555
GTATAA	529.0	2950.4	-0.553
TGAAAG	919.0	5118.5	-0.552
GACATT	701.0	3907.0	-0.552
AACATT	1145.0	6376.7	-0.547
GAGCAT	447.0	2496.6	-0.545
GTCGGG	87.0	487.1	-0.544
GTATCT	567.0	3161.9	-0.543
CTGTAT	751.0	4184.7	-0.543
GGTTAG	319.0	1785.2	-0.543
ACGATA	67.0	374.5	-0.543
TAAACA	883.0	4924.8	-0.542
AACTAG	369.0	2117.3	-0.542
AGCATG	587.0	3281.6	-0.541
ATGACG	80.0	448.6	-0.541
CTGTAC	416.0	2324.9	-0.539
GTAGAC	252.0	1410.7	-0.537
TTAGGC	391.0	2188.0	-0.535
ACCTCT	870.0	5242.3	-0.530
GTTACT	530.0	2962.0	-0.529
GCGAAC	40.0	233.0	-0.528
TATGTA	902.0	5029.5	-0.527
GTCCCG	88.0	495.0	-0.526
CGTAGT	88.0	494.1	-0.526
TTCGCA	70.0	393.4	-0.526
ATTTCT	1713.0	12257.4	-0.523
AGTACC	267.0	1751.3	-0.523
CGAAGA	92.0	517.3	-0.519
GCGTTC	62.0	494.7	-0.515
GGAAAA	1102.0	6149.3	-0.515
GTACCT	350.0	2102.0	-0.513
ATCTCC	716.0	4369.6	-0.512
TACGTT	152.0	858.9	-0.509
AGGACT	530.0	2965.6	-0.508
CGGTAG	60.0	338.0	-0.508
ATAAGG	446.0	2497.2	-0.507
AGTATG	490.0	2739.2	-0.507
AAGATA	734.0	4101.0	-0.503
ATTGTA	769.0	4527.0	-0.502
GGATCT	380.0	2432.1	-0.497
CGACAA	54.0	304.3	-0.496
CACGAA	84.0	474.5	-0.495
ATGTCG	69.0	439.1	-0.495
GATGGT	599.0	4286.6	-0.494
TACGTG	104.0	750.9	-0.494
CCTAAT	515.0	2887.3	-0.493
ATGGAT	647.0	3621.6	-0.492
TTAGAC	350.0	2318.9	-0.490
AGCTGC	487.0	3388.6	-0.486
AAACAG	866.0	4844.2	-0.484
CGGGCA	103.0	849.9	-0.482
GCGTAC	39.0	220.7	-0.481
TACTAG	325.0	1839.7	-0.476
TGACGG	83.0	470.9	-0.475
TGGTGT	815.0	5416.3	-0.475
TAACTA	448.0	2514.1	-0.475
AGTCGG	75.0	425.7	-0.474
AGCGTA	67.0	379.2	-0.473
TTCCGA	101.0	573.5	-0.468
TCTCGG	463.0	3128.8	-0.467
AGCTTA	460.0	2707.4	-0.466
TTGAGT	917.0	5131.0	-0.464
TTGTTG	1337.0	8884.1	-0.463
CTATCG	52.0	295.0	-0.461
CGACAT	58.0	329.4	-0.461
TCTTAC	581.0	3260.4	-0.460
TATTTG	1429.0	9234.3	-0.458
CAGATA	590.0	3308.3	-0.458
AGACCT	366.0	2709.4	-0.457
CAATCG	38.0	313.7	-0.455
TTGCCA	935.0	5234.3	-0.455
ATCTAG	361.0	2035.4	-0.454
TAGTCA	434.0	2438.9	-0.454
TAGTAC	312.0	1760.6	-0.452
GTGACG	97.0	552.9	-0.452
TCTTAG	621.0	3485.1	-0.450
TCCAAC	316.0	2335.8	-0.445
AAATAG	935.0	5238.7	-0.444
CGTCGC	26.0	149.0	-0.441
GTACAA	356.0	2226.0	-0.440
CGATGC	65.0	383.1	-0.438
GACCGA	66.0	376.5	-0.438
GTATAC	298.0	1682.6	-0.438
CGATGT	78.0	508.8	-0.435
GTTGCT	653.0	3671.7	-0.433
GTTAAT	718.0	4131.9	-0.431
AGTCTG	647.0	3636.8	-0.431
ACATGA	616.0	3480.4	-0.430
GGCCCA	491.0	3037.6	-0.429
TTGCCG	115.0	657.0	-0.427
TCGCTA	81.0	463.3	-0.426
ACTAGG	278.0	1602.2	-0.424
GAAGAA	970.0	5442.7	-0.422
AAAGCA	924.0	5185.5	-0.420
GGAATC	392.0	2216.9	-0.410
AGACAG	1382.0	7739.8	-0.409
GTCGCG	25.0	144.1	-0.406
ACGGAT	60.0	442.5	-0.405
GGTCGT	60.0	405.1	-0.405
TTGGCT	1238.0	7209.8	-0.404
ATACTA	446.0	2518.8	-0.404
TATAAC	406.0	2293.0	-0.403
CGCTTT	179.0	1019.5	-0.401
ACGAAT	79.0	454.8	-0.400
CCCTGG	612.0	4610.4	-0.400
GCTCAT	507.0	3146.4	-0.398
ATGAAG	787.0	4423.3	-0.398
GGTAGG	360.0	2040.4	-0.396
AATACC	417.0	2357.5	-0.396
ACGCAA	61.0	351.3	-0.396
ATCCGA	61.0	351.9	-0.396
GCTAAC	221.0	1463.7	-0.394
GGTTCT	501.0	2928.6	-0.394
ACGGGA	107.0	615.1	-0.388
TTATCG	89.0	512.7	-0.387
TGAATA	909.0	5274.1	-0.383
GATCAG	338.0	2138.0	-0.382
GAATGG	579.0	3269.3	-0.378
ATACCT	528.0	2983.7	-0.378
CAGATT	821.0	4620.1	-0.376
ATAGAA	776.0	4371.1	-0.374
ACATAA	683.0	3852.4	-0.372
TACGGT	69.0	400.7	-0.369
TGTGGA	753.0	4243.8	-0.367
TAATGA	822.0	4630.0	-0.364
ACGGTT	70.0	508.3	-0.362
CCGTTA	61.0	354.5	-0.361
TAAGCT	482.0	2731.2	-0.360
TAGACG	68.0	408.6	-0.359
GATGAA	674.0	3810.3	-0.351
AGTTAC	446.0	2530.9	-0.351
TCATAG	538.0	3049.2	-0.346
CCGATT	97.0	563.2	-0.346
GGAAGA	788.0	4446.1	-0.345
CCGCAT	70.0	494.2	-0.345
CGACCC	63.0	367.5	-0.344
TCTGGA	831.0	4690.4	-0.343
TAACCA	463.0	2625.9	-0.341
ATGAAA	1155.0	6502.5	-0.335
TTTGAC	800.0	4521.4	-0.333
AACTAA	553.0	3135.9	-0.332
TAGGGT	434.0	2466.9	-0.328
CGGGTA	57.0	363.0	-0.327
TCCTGT	838.0	5367.7	-0.321
ATCTTA	665.0	3767.3	-0.319
TGTCGA	73.0	428.9	-0.318
CTGAAG	866.0	4910.4	-0.316
TCCTAG	533.0	3159.4	-0.314
AATAGT	707.0	4006.6	-0.313
GCGTGT	158.0	917.0	-0.313
GTTCGT	87.0	509.2	-0.311
ACGGTA	56.0	330.1	-0.310
TGCCGT	138.0	803.3	-0.309
ATCACG	152.0	884.2	-0.306
GCATCG	53.0	352.4	-0.305
GACGTT	100.0	585.3	-0.305
GTAACG	50.0	315.3	-0.304
CAGTTT	1416.0	7979.6	-0.299
GTCATA	363.0	2079.4	-0.299
GACTGA	457.0	2608.9	-0.298
TAGCAA	501.0	2853.6	-0.298
CCTTGA	721.0	4088.1	-0.297
TACACC	239.0	1614.7	-0.296
AAACTA	685.0	3889.0	-0.296
TTTGGC	899.0	5315.8	-0.295
TCCGAG	112.0	655.5	-0.295
ACGAGA	87.0	511.3	-0.294
TATATA	1603.0	9030.9	-0.292
ACATCG	69.0	408.3	-0.290
TAACGC	46.0	274.8	-0.290
GAAACG	122.0	714.8	-0.288
TCCGGT	44.0	404.4	-0.288
GAGATA	576.0	3620.1	-0.288
ACTCTT	823.0	4691.4	-0.286
TTAGCG	67.0	422.0	-0.286
AAAGAT	978.0	5534.2	-0.286
ACTAAG	350.0	2007.2	-0.285
AACATA	678.0	3851.5	-0.283
CGAGCA	82.0	484.7	-0.281
CTAAAT	703.0	3999.8	-0.280
CTTGGG	567.0	3965.3	-0.279
ACTGTC	434.0	2479.9	-0.279
AACCAT	553.0	3152.7	-0.277
CGAACC	53.0	316.5	-0.276
TACCAT	622.0	3540.5	-0.276
TATCTG	677.0	3847.2	-0.275
AACCTT	627.0	3722.6	-0.274
CAACTA	319.0	1836.5	-0.272
AATGCG	74.0	439.3	-0.272
ATTCCA	626.0	4557.3	-0.271
GTCGAT	45.0	270.2	-0.270
ATAGTA	593.0	3378.8	-0.269
TCGATT	101.0	596.7	-0.267
GTACCA	350.0	2012.9	-0.266
GTAAGA	452.0	2588.0	-0.266
GAACGG	59.0	352.8	-0.265
GTCCGG	79.0	469.7	-0.263
GCTTAT	473.0	3024.7	-0.262
AGCGTG	133.0	830.0	-0.262
CTAGAC	241.0	1394.8	-0.261
CGATAG	45.0	271.1	-0.260
GTAATA	522.0	2982.2	-0.259
CGTCCG	46.0	277.3	-0.259
AAATCT	965.0	5473.5	-0.259
CCCGCT	143.0	840.2	-0.257
GGGGTC	340.0	1957.0	-0.256
TAAAAC	863.0	4903.3	-0.256
CGCTCG	41.0	248.9	-0.256
CGTTAA	88.0	522.4	-0.254
CTTATT	1048.0	6628.9	-0.253
CTACGA	50.0	301.0	-0.253
CTTACT	663.0	3779.3	-0.253
GATATA	508.0	2908.5	-0.253
ATACCC	287.0	1656.2	-0.252
CAGTAT	589.0	3366.8	-0.252
GAAAGG	695.0	3957.4	-0.251
TAACCG	57.0	342.8	-0.251
GTCTGC	385.0	2214.9	-0.251
GTAAGT	514.0	2944.0	-0.249
TCAGTT	998.0	5665.1	-0.248
GGTACG	55.0	331.1	-0.245
CTGAAA	1040.0	5898.9	-0.244
GGTCAG	636.0	3630.0	-0.241
TGCAGC	760.0	4331.6	-0.238
TTGATA	821.0	4671.2	-0.238
AGCTCG	75.0	587.7	-0.238
GGCCGT	87.0	519.8	-0.235
GGTAAG	378.0	2178.3	-0.235
CCACGA	99.0	608.0	-0.235
AGGTAG	488.0	2803.9	-0.234
TCCGCT	125.0	740.4	-0.234
GCTTGC	375.0	2161.7	-0.232
ATTAAG	657.0	3825.5	-0.231
GGGTTG	434.0	2679.8	-0.230
ACCGCT	86.0	514.0	-0.230
TCTAAC	328.0	2187.7	-0.229
ATGGGG	831.0	4736.7	-0.227
GGCCCC	315.0	2419.9	-0.225
GTTGAG	520.0	3030.8	-0.225
TCCGTA	70.0	422.1	-0.224
ATACGG	66.0	399.6	-0.222
CAGGGT	920.0	5347.2	-0.218
ATAGCA	516.0	2967.0	-0.218
TCGCAT	64.0	388.6	-0.218
GTGGCC	388.0	2873.9	-0.217
GCGGTT	82.0	493.0	-0.216
ATCAGT	576.0	3303.0	-0.216
AATGTA	820.0	4776.0	-0.210
TGAGGT	841.0	4798.1	-0.210
GTGAAG	620.0	3554.0	-0.210
TGTCGG	70.0	478.3	-0.209
TAATAT	1077.0	6653.2	-0.209
CCGCTC	120.0	716.4	-0.208
GGTGTC	368.0	2128.8	-0.207
GGCAAT	358.0	2077.2	-0.204
TTTTGC	1748.0	10617.2	-0.204
CTGATA	503.0	2896.7	-0.203
CATGAA	660.0	4148.0	-0.203
TAGACA	441.0	2781.8	-0.202
ACGAGC	58.0	354.8	-0.202
ATTTCG	130.0	776.4	-0.201
CTTCAA	641.0	3704.9	-0.200
CATCGA	61.0	373.0	-0.199
CGCGCG	53.0	325.1	-0.199
CGCCCT	138.0	968.2	-0.197
CTGCAT	667.0	4146.7	-0.194
TTACCA	633.0	3638.3	-0.193
TTACGT	145.0	865.1	-0.193
GAACAC	354.0	2078.3	-0.193
CCGTCG	26.0	165.5	-0.192
TAGCAC	324.0	1889.5	-0.191
GCACGA	147.0	973.7	-0.191
ATTGAC	407.0	2356.2	-0.190
GAAATA	1028.0	5860.2	-0.190
CGCCAA	77.0	468.7	-0.190
TGACTG	635.0	3646.7	-0.188
TGCCAT	910.0	5202.3	-0.186
GGACGG	87.0	527.1	-0.186
AGCATA	439.0	2540.7	-0.184
CTTTTG	1569.0	10166.0	-0.184
CACTGC	1797.0	10185.8	-0.184
GAGACT	634.0	3643.6	-0.182
TCAGCA	520.0	3764.2	-0.181
AATAAC	548.0	3159.6	-0.181
TTCGAT	87.0	528.6	-0.181
GATGGA	872.0	4989.2	-0.180
AGATAG	546.0	3148.5	-0.180
TGATAT	769.0	4734.8	-0.179
ACGTTT	245.0	1442.5	-0.178
AACGAG	78.0	476.6	-0.178
ACCCGA	72.0	441.2	-0.177
GCCGAA	72.0	441.9	-0.177
TGATGT	869.0	4983.5	-0.177
AAAGCT	748.0	4295.1	-0.177
TGCTTG	700.0	4543.7	-0.176
AACAGC	454.0	2631.3	-0.176
AACGCA	66.0	406.4	-0.176
CGCTTC	123.0	740.4	-0.175
AGAGGC	483.0	3295.0	-0.175
GGACCT	278.0	1888.6	-0.174
TAAATC	593.0	3416.4	-0.174
GATAGC	238.0	1400.3	-0.172
GGTAAC	245.0	1441.2	-0.172
AATTCG	85.0	518.0	-0.172
TGGCCC	549.0	3206.3	-0.171
GCATAG	288.0	1686.8	-0.171
TGGTTA	652.0	3756.9	-0.171
CACTCG	86.0	524.7	-0.171
GGGTCT	626.0	3607.2	-0.171
GAGTTT	1191.0	7349.2	-0.170
GATACC	240.0	1412.5	-0.170
ATCTTC	636.0	3662.5	-0.168
TGATAA	733.0	4210.1	-0.168
TGGCAA	579.0	3343.3	-0.166
TGTATA	920.0	5269.4	-0.166
CAGTGT	817.0	4690.2	-0.165
ATGCCG	80.0	490.7	-0.165
GTACGT	74.0	455.2	-0.164
GTTGAT	552.0	3341.0	-0.163
ACCGAA	68.0	420.2	-0.163
ACATTT	1953.0	11078.0	-0.161
CGCTAG	42.0	265.6	-0.161
GGCAGT	486.0	2820.5	-0.161
GTTGTG	542.0	3133.6	-0.161
TTAGAT	794.0	4562.7	-0.160
ATTGAG	630.0	3637.6	-0.160
GCACTA	234.0	1381.8	-0.160
GTCACA	407.0	2369.9	-0.159
CTTAGT	513.0	2974.9	-0.159
CGAATC	52.0	326.0	-0.159
TACGAT	74.0	456.1	-0.159
CGAACA	57.0	355.8	-0.157
CATCAC	479.0	2782.6	-0.155
ACTCGG	94.0	766.6	-0.154
CCGGTA	43.0	272.8	-0.154
CCCGTC	160.0	962.9	-0.154
AAGGTC	399.0	2331.0	-0.153
AGAACG	99.0	605.7	-0.151
TGGACA	559.0	3238.3	-0.151
CATTGG	470.0	2733.3	-0.146
CGCCCC	164.0	1120.2	-0.146
ACTAGC	216.0	1286.4	-0.146
GAGTTA	468.0	2722.6	-0.146
TGCGTA	88.0	542.4	-0.145
TGCGCA	81.0	554.6	-0.144
CGACTC	73.0	487.6	-0.144
CTATAT	550.0	3189.4	-0.143
CATAAT	637.0	3682.9	-0.143
TACTTT	1601.0	9122.8	-0.142
TGCGAA	66.0	412.9	-0.142
TCACCA	1150.0	6584.9	-0.142
TCGATA	47.0	299.0	-0.142
CTACGC	55.0	346.3	-0.140
CTCAAT	453.0	2998.8	-0.140
AACGGT	53.0	390.6	-0.140
ATGGTT	702.0	4054.5	-0.138
CGTAGG	64.0	401.9	-0.138
GCACTC	253.0	2396.2	-0.138
GGCACA	640.0	3703.7	-0.137
CGGGCC	102.0	626.2	-0.136
GAAAAC	714.0	4123.0	-0.135
AACTAT	525.0	3053.2	-0.134
TGAAAC	705.0	4588.4	-0.132
TTCAGT	1088.0	6243.8	-0.132
CCGAAT	74.0	531.6	-0.131
ACCTAC	292.0	1725.7	-0.130
CGGTGT	91.0	680.0	-0.130
TTGCTA	714.0	4125.9	-0.130
AATCGG	54.0	342.5	-0.130
TATTAG	691.0	4000.6	-0.129
CGTTAT	95.0	587.6	-0.128
CACTAA	356.0	2095.7	-0.128
CCGTAC	38.0	246.4	-0.128
CAGTAC	307.0	1814.3	-0.128
GATAGT	392.0	2301.0	-0.127
ACGAAA	92.0	570.7	-0.126
GAAGAC	432.0	2526.7	-0.126
CCTTAA	561.0	3265.9	-0.126
CTGTGT	1160.0	6654.6	-0.126
ACTTAC	402.0	2355.6	-0.126
AAAACG	163.0	983.9	-0.123
CCATCG	80.0	499.1	-0.123
CAAGCC	422.0	2606.7	-0.123
CATTCG	72.0	452.8	-0.121
GGAGAT	620.0	3745.7	-0.121
GCTACG	41.0	295.7	-0.120
GCCGCG	52.0	355.9	-0.119
GGCACG	232.0	1639.0	-0.119
ATTGTC	497.0	2902.9	-0.119
CGAGCT	92.0	572.9	-0.118
ATGAGT	599.0	3484.4	-0.118
GGATAT	515.0	3026.8	-0.117
GATATC	289.0	1713.8	-0.116
CTAAAC	324.0	1920.5	-0.115
ATGTAA	800.0	4629.0	-0.115
ATTCGT	104.0	644.5	-0.113
CTTGTC	506.0	3208.2	-0.113
CAGACG	119.0	733.6	-0.113
AACCGA	64.0	432.5	-0.113
ACCGGG	76.0	569.4	-0.112
GAAACA	766.0	4439.6	-0.111
TGAGTT	927.0	5824.5	-0.109
AGAGAA	1070.0	6159.7	-0.109
GAATGT	653.0	3953.8	-0.108
TCGTTA	91.0	569.9	-0.108
CTTAGG	452.0	2654.8	-0.108
AGTCAG	551.0	3218.2	-0.107
CCTAGT	395.0	2331.0	-0.107
AGACAA	617.0	3593.7	-0.106
CCCCAC	536.0	3635.7	-0.106
TTAGGG	489.0	2868.9	-0.106
TCAATC	310.0	2100.0	-0.106
GACGAA	71.0	450.6	-0.105
GACTGC	385.0	2273.1	-0.105
CACCGA	80.0	504.8	-0.104
ATTGGT	608.0	3548.0	-0.103
GTCCTA	262.0	1567.9	-0.103
GTACCG	40.0	263.8	-0.102
TTGTCG	110.0	684.5	-0.101
AATAAG	662.0	3854.2	-0.101
CTAGTT	578.0	3377.5	-0.101
TTGCGA	79.0	499.9	-0.100
TCTAAG	502.0	2943.2	-0.100
GTGTAT	690.0	4016.9	-0.099
CCGTTT	198.0	1198.8	-0.099
TAAGAA	871.0	5041.0	-0.098
CGCACT	68.0	434.5	-0.098
CGTCAA	40.0	345.9	-0.097
CGTGTC	106.0	661.5	-0.096
TTGTCC	598.0	3493.4	-0.096
TTATCC	520.0	3378.1	-0.096
ACGAGG	132.0	816.6	-0.096
CGTAAA	86.0	543.6	-0.096
TACCCA	500.0	2935.3	-0.095
AGATTC	518.0	3512.5	-0.095
CGATTG	60.0	387.6	-0.094
GAGAAG	780.0	4532.1	-0.094
TCATGG	545.0	3368.9	-0.093
TTCTCG	176.0	1071.7	-0.093
TAATAC	506.0	2973.0	-0.093
AAGTCT	690.0	4119.3	-0.092
GTCGAC	25.0	172.5	-0.092
ACGGAA	90.0	568.6	-0.092
CCCGGT	103.0	645.1	-0.092
CATGGG	379.0	2666.5	-0.091
AACACT	564.0	3306.7	-0.091
CCGTAA	70.0	448.7	-0.091
ACACGA	70.0	448.7	-0.091
TGCGAG	75.0	478.8	-0.091
TATTGC	579.0	3390.5	-0.091
CTGGAT	729.0	4246.2	-0.090
AGCGCA	85.0	538.2	-0.089
CGTTGC	100.0	628.4	-0.089
TGTGTT	1511.0	8673.8	-0.089
GACAAT	368.0	2182.9	-0.089
TATGCC	384.0	2277.2	-0.089
GCTAGA	358.0	2129.7	-0.088
CATATT	945.0	5697.8	-0.088
AATATG	770.0	4478.4	-0.086
ATGCCA	681.0	3974.6	-0.086
CTAGCA	309.0	2023.6	-0.084
GCGGTC	60.0	390.2	-0.084
GTATCA	311.0	2155.3	-0.083
CAGAAT	799.0	4651.8	-0.083
CCGTAG	55.0	359.6	-0.083
TTACGC	55.0	359.0	-0.083
GAACAT	550.0	3230.5	-0.083
CGGTCA	54.0	354.0	-0.082
TCTACG	54.0	353.7	-0.082
CGCTGT	143.0	887.9	-0.082
CGGTCG	20.0	142.2	-0.082
GCCGGC	101.0	637.6	-0.081
AGTTGC	426.0	2525.5	-0.081
ACGATC	144.0	953.9	-0.081
TGAGAA	1002.0	5803.9	-0.080
AAGAAT	968.0	5613.7	-0.080
AATGCA	685.0	4004.2	-0.080
CTAGCG	36.0	309.1	-0.080
GAGGAA	774.0	4510.6	-0.079
TAGATA	599.0	3514.0	-0.079
GGATAC	250.0	1510.3	-0.078
AAAATT	2261.0	13011.2	-0.078
GACAAG	397.0	2361.8	-0.078
AATGAA	1142.0	6600.4	-0.077
GCACGC	115.0	723.4	-0.076
TGCTCA	625.0	4145.2	-0.076
GGCGCG	175.0	1527.9	-0.076
CACGAT	164.0	1138.1	-0.075
ACGGCG	37.0	251.4	-0.074
TTTCCG	157.0	974.8	-0.074
GAATGC	440.0	2608.1	-0.074
TTCCGG	100.0	634.6	-0.074
CGCCGG	58.0	380.5	-0.074
CTAGAG	447.0	2657.4	-0.073
ATTAGG	460.0	2727.3	-0.073
AACGCG	23.0	163.6	-0.073
GCACAC	392.0	2336.3	-0.073
ATAACC	306.0	1839.9	-0.073
TCGCAC	48.0	377.2	-0.073
CCTTGT	788.0	4596.9	-0.073
GACGGT	70.0	455.0	-0.072
CTTCCG	150.0	933.8	-0.072
AATCAT	736.0	4303.0	-0.070
TGCTAC	342.0	2048.2	-0.070
CGGTTA	54.0	366.0	-0.070
CTCTCG	146.0	911.4	-0.069
GTCGCA	45.0	302.3	-0.069
GCGAGT	55.0	474.9	-0.067
ATTCCG	69.0	450.8	-0.067
GCTGAA	648.0	3807.1	-0.067
ACGGTC	55.0	364.1	-0.067
AGATTG	618.0	3710.8	-0.066
GTGCAT	463.0	2746.1	-0.066
AAGGCT	542.0	3391.6	-0.066
AACATC	433.0	2573.8	-0.065
GACGGG	378.0	2259.6	-0.065
CCAGCT	1290.0	7457.2	-0.065
GAGAGA	872.0	5084.7	-0.065
TAATCA	580.0	3421.2	-0.064
CGATCA	66.0	433.2	-0.064
CGAATG	65.0	427.4	-0.064
GAACCG	64.0	421.7	-0.063
CTATAC	241.0	1468.0	-0.062
AGGGAC	379.0	2267.3	-0.062
GGTGGT	537.0	3642.2	-0.062
CGTACA	57.0	378.2	-0.062
TCGACG	9.0	73.0	-0.061
CGCTTA	55.0	366.1	-0.061
GTGGAC	272.0	1652.1	-0.061
GCCGAT	63.0	416.6	-0.061
GCCGTT	89.0	574.4	-0.061
TCGCTG	159.0	993.4	-0.061
AAACCG	82.0	531.6	-0.060
ATAGTT	804.0	4984.8	-0.060
CCGTCA	78.0	507.1	-0.060
TACCAG	395.0	2364.6	-0.060
GCGTTT	168.0	1042.0	-0.059
GGAACA	456.0	2718.1	-0.058
GGCACC	384.0	2630.1	-0.056
ACTGCA	1773.0	10208.7	-0.056
TGGTTC	557.0	3299.0	-0.055
AGATCC	289.0	2304.0	-0.055
AAGGGT	417.0	2590.5	-0.055
ATTATG	746.0	4383.3	-0.054
CTCATC	399.0	2960.0	-0.054
ATATGC	453.0	2704.4	-0.054
TCGTCT	115.0	734.0	-0.053
GTTTAG	538.0	3195.9	-0.053
ACTAAC	232.0	1421.2	-0.053
TACGTA	93.0	602.6	-0.053
ATGCAT	562.0	3579.1	-0.052
GCGGAA	66.0	439.0	-0.052
GGACTG	426.0	2614.9	-0.052
CACCAA	404.0	2905.7	-0.052
TCCCCC	465.0	3325.5	-0.051
TACCTA	411.0	2463.6	-0.051
GCCAAT	369.0	2219.9	-0.051
CTGGCG	130.0	826.3	-0.050
CGTCAT	87.0	567.9	-0.050
GATCCC	258.0	1772.8	-0.050
TCGCAG	75.0	494.9	-0.049
AAACGG	107.0	689.3	-0.049
TACGCT	45.0	309.9	-0.049
AGTGTC	464.0	2769.0	-0.049
AGGAAA	1189.0	6911.6	-0.049
ATCGTG	114.0	731.0	-0.049
CGGTGC	83.0	544.7	-0.048
GCGCGT	44.0	303.7	-0.048
CGCACA	82.0	537.2	-0.048
GTCGAG	59.0	397.2	-0.048
TTCACG	184.0	1273.4	-0.047
CGGACA	50.0	341.2	-0.047
ACGCCG	38.0	266.1	-0.047
ATCCTT	774.0	4552.4	-0.047
GGTAGC	280.0	1712.9	-0.046
AAAAGG	849.0	4984.3	-0.046
ATCGTT	101.0	654.5	-0.046
TCGAGA	92.0	873.9	-0.046
TCTAGT	483.0	3034.3	-0.045
ACGGAC	39.0	273.5	-0.045
TGTCAC	823.0	4835.2	-0.045
CGGCGC	55.0	373.0	-0.044
ATCTCG	422.0	2956.5	-0.044
ACAATC	385.0	2322.7	-0.044
CGCAGT	120.0	771.9	-0.044
TGTGCG	123.0	790.0	-0.044
CGCAAC	72.0	479.7	-0.043
GCAATA	348.0	2109.2	-0.043
TAGTTA	605.0	3593.8	-0.042
GTCGTC	53.0	362.1	-0.042
GTCGGT	48.0	331.3	-0.041
ACCGAC	37.0	262.2	-0.041
ATTTCA	1298.0	8642.2	-0.041
TGATGA	826.0	4860.5	-0.040
GGTGCA	543.0	3236.5	-0.040
CGGCGG	58.0	395.7	-0.040
CATCGT	92.0	604.0	-0.039
ACGAAG	92.0	605.0	-0.039
CGCTAC	47.0	326.5	-0.039
CTTGAT	697.0	4123.6	-0.039
TGGTAC	287.0	1997.7	-0.039
CGCAAT	110.0	714.3	-0.038
TAATCG	46.0	364.7	-0.038
ATGTGG	613.0	4057.3	-0.038
ATCGGT	49.0	339.8	-0.038
CCTTGC	431.0	3284.0	-0.038
CCGCTG	133.0	853.4	-0.038
CCAATT	591.0	3516.1	-0.038
CGGCTG	159.0	1010.1	-0.037
GTCAAC	203.0	1268.7	-0.037
AAATTC	934.0	5484.4	-0.037
TAGGTC	277.0	1705.4	-0.037
TCTGGT	586.0	3816.1	-0.036
ATAATT	1380.0	8032.9	-0.036
GTCTAC	199.0	1246.9	-0.036
TAACAC	348.0	2119.9	-0.035
ATTGAT	822.0	5110.1	-0.035
TAAAAT	1947.0	11461.3	-0.035
CATCAT	632.0	3764.3	-0.034
TTGACT	746.0	4418.0	-0.034
TACCTT	649.0	3861.1	-0.034
TAGCTC	437.0	2636.4	-0.033
GTATTC	446.0	2690.5	-0.033
ACGCTA	43.0	304.6	-0.033
CGACGG	14.0	114.2	-0.033
CTAATC	295.0	1812.8	-0.033
AGGAAC	438.0	2643.1	-0.033
GATAAA	688.0	4087.3	-0.032
GATGGC	383.0	2326.7	-0.032
AGTGTG	695.0	4124.7	-0.032
TACTAT	554.0	3316.9	-0.032
GCCGCT	101.0	665.1	-0.032
CTACTT	666.0	3961.8	-0.032
CGAAGG	75.0	505.6	-0.031
AGCACG	81.0	543.1	-0.031
TAGGGG	252.0	1651.6	-0.031
GTAACC	260.0	1611.9	-0.031
GCACTG	461.0	2784.3	-0.031
CTTCGC	82.0	610.0	-0.031
GAGGAC	330.0	2019.6	-0.030
TTCGCT	155.0	994.5	-0.030
CGAGAA	78.0	525.2	-0.029
TTTGCC	1071.0	6780.0	-0.029
TTTCGG	113.0	740.1	-0.029
AGGTCG	68.0	464.6	-0.029
GGCTAC	230.0	1442.0	-0.028
CGTATG	72.0	489.7	-0.028
AGCAAA	750.0	4455.7	-0.028
CGCAGG	97.0	717.3	-0.028
ACTATT	686.0	4095.9	-0.027
TTCCGT	135.0	876.2	-0.027
TTGCGC	73.0	496.3	-0.027
ATAAAG	793.0	4701.1	-0.027
TGTCGT	92.0	614.6	-0.027
ACCAGG	457.0	3067.8	-0.026
TTTCGT	213.0	1342.1	-0.026
ACAAGG	454.0	2751.7	-0.026
TTCGGG	85.0	572.6	-0.026
TTATGT	1117.0	6557.4	-0.026
CGGCTC	354.0	2881.5	-0.026
CTTCGA	70.0	479.3	-0.026
GAGAGT	462.0	2794.9	-0.025
TAGATT	846.0	5011.8	-0.025
GACGCA	52.0	366.1	-0.025
AAGATC	415.0	2525.2	-0.025
GTTATT	914.0	6098.3	-0.025
TATGAC	323.0	1991.5	-0.025
AAAACA	1346.0	7872.2	-0.024
ACGTCT	95.0	635.7	-0.024
CTCGGT	123.0	807.1	-0.024
ACCAGT	430.0	2618.1	-0.024
CCGCTA	51.0	361.4	-0.024
TCTCGT	164.0	1051.0	-0.024
TCTAGG	424.0	2801.4	-0.023
GCATAT	485.0	2937.7	-0.023
CCGTTC	70.0	481.5	-0.023
GTAAAT	773.0	4596.2	-0.023
ATAGAT	615.0	3685.4	-0.023
GCGTCT	96.0	642.8	-0.023
TCGTCG	13.0	111.0	-0.023
GAAAGC	509.0	3077.5	-0.023
TTACCC	414.0	2524.8	-0.023
TCCCGT	109.0	723.5	-0.022
GTGAAT	646.0	3870.2	-0.022
GAATCT	546.0	3290.2	-0.022
CTGAAT	813.0	4831.9	-0.022
GTCCAG	454.0	2760.2	-0.022
GGGAAA	761.0	4533.3	-0.022
TGGCTG	894.0	5772.2	-0.022
GTAAGG	325.0	2010.9	-0.022
ACATTG	597.0	3587.1	-0.021
ACGCAC	74.0	508.2	-0.021
CATCTG	679.0	4061.3	-0.021
GCACGT	130.0	853.3	-0.021
GCTGTC	384.0	2354.1	-0.021
CGTTCA	77.0	527.4	-0.021
TGGTGA	709.0	4895.1	-0.021
ATATAC	565.0	3408.2	-0.021
CAATCT	706.0	4221.9	-0.020
GATAGA	411.0	2511.4	-0.020
CTGCTT	1018.0	6012.6	-0.020
CCACAT	510.0	3740.0	-0.020
CGCGCA	36.0	269.0	-0.020
TCAACG	45.0	326.1	-0.020
GGGACA	399.0	2446.7	-0.020
CAGACA	548.0	3308.5	-0.020
CGCGAC	16.0	134.9	-0.020
TCCGTG	130.0	856.9	-0.019
GTATGG	296.0	1842.0	-0.019
GCCAAG	475.0	3618.5	-0.019
ATTAAC	498.0	3021.0	-0.019
ATCCCC	293.0	2118.6	-0.019
GCCATT	814.0	5078.2	-0.019
GATTGG	398.0	2444.0	-0.019
CCCGAT	70.0	486.5	-0.019
GATGCT	453.0	3069.1	-0.019
GTAAAC	346.0	2138.4	-0.018
ATGCTT	797.0	4752.5	-0.018
CTAACG	54.0	386.4	-0.018
GGACAA	337.0	2084.1	-0.018
TGAGAG	699.0	4187.7	-0.018
CTACGT	69.0	495.1	-0.018
GGAAAC	514.0	3121.2	-0.018
CATTAG	423.0	2591.7	-0.017
GACCGT	47.0	463.7	-0.017
TAACAA	599.0	3612.8	-0.017
ATCATG	617.0	3715.6	-0.017
TTACTA	645.0	3879.1	-0.017
AGGATC	375.0	2311.0	-0.017
CGCTCA	102.0	741.2	-0.017
GCACAA	416.0	2624.4	-0.017
ATTCTG	1036.0	6133.5	-0.017
CGTACG	9.0	85.5	-0.016
ATCAGG	342.0	2587.1	-0.016
ACCGAG	98.0	664.1	-0.016
ACGCTG	112.0	750.5	-0.016
CGCATC	50.0	426.5	-0.016
CCGACA	47.0	343.5	-0.016
AGGGAA	729.0	4371.8	-0.016
TACGTC	42.0	311.8	-0.016
AGGATA	470.0	2868.3	-0.016
GGTAAA	491.0	2989.3	-0.016
CAGTAA	550.0	3334.7	-0.015
ACCCAG	1111.0	6568.1	-0.015
GCCCGT	87.0	597.2	-0.015
GGGTAA	296.0	1960.0	-0.015
TTGCAC	441.0	2701.9	-0.015
TTTACC	766.0	4589.6	-0.015
GAATCC	322.0	2009.2	-0.015
TTATAC	548.0	3396.5	-0.015
ACGGCT	81.0	561.8	-0.014
AGACGC	68.0	479.1	-0.014
ATAAGT	536.0	3260.9	-0.014
CCGATA	40.0	300.0	-0.014
GAGAAT	717.0	4326.6	-0.014
AGAAGG	725.0	4355.3	-0.014
CAGTGA	826.0	5551.3	-0.014
ACCATT	723.0	4344.2	-0.014
AGAGCC	342.0	2904.7	-0.014
TGAAGG	655.0	3948.5	-0.014
GGACCA	331.0	2060.6	-0.014
TGTATG	725.0	4356.7	-0.014
ATGGTA	550.0	3341.5	-0.014
TATGCA	482.0	2948.1	-0.013
GGAAAG	743.0	4461.1	-0.013
TGCACG	104.0	706.2	-0.013
TTCGCG	18.0	153.0	-0.013
GAGGTT	668.0	4029.8	-0.013
ACCCAT	404.0	2491.7	-0.013
CCCTGC	538.0	4360.2	-0.013
CGGAAA	94.0	645.0	-0.013
GGATCG	58.0	418.3	-0.013
ATGAGA	698.0	4201.4	-0.013
CGTGTG	190.0	1284.9	-0.013
ATCGAT	60.0	431.7	-0.013
TATGGG	393.0	2432.2	-0.013
ATCGAG	68.0	483.8	-0.012
ATAAGA	563.0	3425.5	-0.012
TATATG	757.0	4545.2	-0.012
TCGTGT	113.0	763.2	-0.012
TACTCT	564.0	3431.0	-0.012
TGGCGA	92.0	633.8	-0.012
TCGTTG	92.0	633.4	-0.012
AAAATC	897.0	5357.8	-0.012
CGCGGG	43.0	322.4	-0.012
GGACGA	54.0	394.7	-0.012
GTTATG	405.0	2501.2	-0.012
TGAGTG	672.0	4060.9	-0.012
GGGTAC	178.0	1325.3	-0.012
ACAATT	744.0	4475.6	-0.012
TGCGTT	125.0	839.4	-0.012
TTATGC	453.0	2788.6	-0.011
CACAAC	297.0	2154.5	-0.011
TCTCAC	922.0	5506.5	-0.011
CTTATG	449.0	2764.5	-0.011
AGAAGA	893.0	5341.2	-0.011
TATACC	323.0	2028.6	-0.011
CGTCAC	73.0	517.4	-0.010
AGGTCA	439.0	3447.0	-0.010
TGTAGT	809.0	4857.3	-0.010
CCGTCT	219.0	1474.1	-0.010
TTGATG	801.0	4814.4	-0.010
CCACTT	651.0	4240.7	-0.010
CGCGGT	56.0	410.5	-0.010
CGGTCC	49.0	364.3	-0.010
ACATAG	457.0	2817.8	-0.010
GTTTAT	1010.0	6920.2	-0.010
AAGAAG	820.0	4921.3	-0.010
AGATAT	689.0	4525.3	-0.010
TGCTTC	735.0	4431.6	-0.010
CGAGGA	97.0	670.1	-0.010
GGCACT	352.0	2242.0	-0.010
AGGGTC	454.0	2801.1	-0.010
GGTGAA	476.0	3494.4	-0.010
GGGGGT	354.0	2214.2	-0.010
TAAGTC	374.0	2329.1	-0.010
CTTGTA	547.0	3694.2	-0.009
GAAGCG	91.0	634.0	-0.009
ATCCTA	381.0	2373.9	-0.009
GGCGAG	98.0	711.8	-0.009
GACCAT	316.0	2023.1	-0.009
ATACGT	103.0	709.8	-0.009
CGGAGT	309.0	2136.0	-0.009
ACATCT	573.0	3497.3	-0.009
ATTCAC	491.0	3141.7	-0.009
TTAGCT	654.0	4341.7	-0.009
GTCAAA	442.0	2734.8	-0.008
AAACGC	72.0	515.7	-0.008
TCTCCG	134.0	903.3	-0.008
GAAAAG	947.0	5666.3	-0.008
CTGTGC	780.0	4704.6	-0.008
GAAAAA	1440.0	8499.2	-0.008
GACCGG	61.0	446.7	-0.008
ACTCCA	504.0	3969.4	-0.008
CGGGGT	328.0	2154.0	-0.008
ATTGTG	817.0	4922.3	-0.008
GGGCGT	93.0	770.1	-0.008
TCCGTT	118.0	806.7	-0.008
AGCGGA	67.0	485.5	-0.008
CCAACC	304.0	2178.0	-0.008
GCCCCA	424.0	3087.4	-0.008
ACTTAT	567.0	3468.7	-0.008
AATCTA	471.0	2909.2	-0.008
GGCAAA	483.0	2982.8	-0.008
TATGAA	771.0	4654.1	-0.008
GCCAGC	373.0	2914.2	-0.008
ATGACT	546.0	3347.2	-0.008
GTTCTA	383.0	2532.8	-0.008
GCTGAC	322.0	2080.1	-0.008
GTCCAC	240.0	1544.3	-0.008
CGATAA	51.0	383.6	-0.008
AACGGC	51.0	383.5	-0.008
GTACAT	445.0	2758.5	-0.008
ACTTGC	374.0	2340.2	-0.007
CGAGAG	83.0	588.9	-0.007
CGACAG	87.0	641.0	-0.007
TATGGT	499.0	3074.7	-0.007
GCATGG	380.0	2829.8	-0.007
GTCAGG	618.0	3789.5	-0.007
TAATTC	714.0	4328.0	-0.007
GTCGTT	70.0	506.6	-0.007
GCGAAG	55.0	410.9	-0.007
GCATCT	473.0	2925.1	-0.007
TATCAG	488.0	3017.8	-0.007
GTCACG	74.0	532.7	-0.007
TATTCG	68.0	494.2	-0.007
TTCACA	796.0	4809.1	-0.007
TTTGCG	121.0	828.8	-0.007
TCGCGT	15.0	139.8	-0.007
GGTTTC	1355.0	8031.1	-0.007
CCGATC	42.0	325.2	-0.007
AACGCT	70.0	507.2	-0.007
AACGAA	79.0	566.0	-0.007
CGCCGT	34.0	272.1	-0.007
GGATGT	432.0	2685.6	-0.007
CGTTGT	104.0	723.7	-0.007
GGCGAA	54.0	405.5	-0.006
TATTCT	1090.0	6913.8	-0.006
TTTGAT	1529.0	9173.9	-0.006
CCGCGA	21.0	183.6	-0.006
TTCCTG	1280.0	7884.9	-0.006
TGACAA	509.0	3143.5	-0.006
CATCTT	900.0	5414.0	-0.006
TATCAC	382.0	2396.8	-0.006
CAAGAA	660.0	4024.6	-0.006
AACGGG	60.0	445.5	-0.006
CTGTCT	1035.0	6199.9	-0.006
CCCGTA	49.0	373.1	-0.006
CAGCCC	519.0	3928.3	-0.006
TATCGC	42.0	327.3	-0.006
GCGCCG	47.0	360.6	-0.006
CCAGTA	429.0	2678.4	-0.006
ACAAGA	493.0	3050.0	-0.006
TCAGAA	831.0	5022.1	-0.006
CAACTT	607.0	3721.4	-0.006
ATTTAG	1006.0	6034.7	-0.006
TAAATA	1404.0	8325.9	-0.006
GATAAG	348.0	2199.0	-0.006
CACTCC	382.0	3487.7	-0.006
CACTTC	540.0	3332.7	-0.006
CTTGGT	631.0	3863.8	-0.006
GGCGCT	101.0	708.7	-0.006
AGACCG	78.0	563.1	-0.005
CACGGG	81.0	582.7	-0.005
GACACC	221.0	1730.3	-0.005
CTATGG	277.0	1782.8	-0.005
TGACGC	58.0	435.3	-0.005
GGTCAC	270.0	1740.1	-0.005
GAACAG	458.0	2855.6	-0.005
ATGTTC	543.0	3644.4	-0.005
CGTGCA	126.0	867.2	-0.005
ACGGGG	331.0	2101.3	-0.005
CGATGG	79.0	571.4	-0.005
AGGGGG	336.0	2131.5	-0.005
ACACCG	70.0	513.9	-0.005
AGGACA	487.0	3028.9	-0.005
TTCCCG	154.0	1042.9	-0.005
GGACGT	69.0	508.0	-0.005
GAAGCA	540.0	3339.1	-0.005
TTGTGG	820.0	4966.1	-0.005
CCCTAT	289.0	1853.2	-0.005
GAGCGC	80.0	579.5	-0.005
TAACCC	265.0	1713.4	-0.005
CGGTTT	141.0	963.8	-0.005
ATGGCA	600.0	3690.6	-0.005
TGCGCT	83.0	623.9	-0.005
GATGCG	61.0	476.5	-0.004
TGAGGC	557.0	4642.5	-0.004
CAAGGA	515.0	3198.4	-0.004
GAGAAA	1036.0	6227.4	-0.004
GCAGCT	525.0	3254.4	-0.004
TCGATC	161.0	1090.9	-0.004
AGAATG	796.0	4903.3	-0.004
CCTTCG	97.0	690.6	-0.004
TGTTCC	512.0	3987.5	-0.004
GCGAAA	62.0	466.9	-0.004
TACAAC	293.0	1885.3	-0.004
GGAGAC	433.0	2715.3	-0.004
GGCGGT	73.0	538.3	-0.004
TGCATA	556.0	3445.6	-0.004
ATGCAG	563.0	3488.5	-0.004
CGTTCT	118.0	825.7	-0.004
GGAGCG	109.0	769.9	-0.004
GTGACA	504.0	3140.8	-0.003
CTTGCG	71.0	526.6	-0.003
AACCTG	534.0	3318.3	-0.003
TGTCAG	595.0	3674.1	-0.003
GACGCG	25.0	219.7	-0.003
AAATCC	511.0	3321.0	-0.003
CATGTC	439.0	2757.7	-0.003
CCTACG	48.0	376.7	-0.003
TCTGCG	96.0	688.3	-0.003
CAATAC	262.0	1706.6	-0.003
CGCTGC	132.0	915.8	-0.003
CGTCGA	5.0	65.4	-0.003
ATGTAT	931.0	5634.7	-0.003
CTGCTA	448.0	2814.3	-0.003
GGTCGA	37.0	303.6	-0.003
GACGGC	45.0	358.0	-0.003
ATGGGT	442.0	2779.8	-0.003
TCCGTC	124.0	868.0	-0.003
CCCGGA	100.0	715.9	-0.003
TGTCTG	839.0	5103.4	-0.003
CTGACA	436.0	3070.7	-0.003
TCATAA	587.0	3638.4	-0.003
AGGGTA	339.0	2171.0	-0.003
CCGAGC	91.0	658.6	-0.003
CGAAAC	58.0	445.3	-0.003
GCCAGG	1392.0	8305.1	-0.003
GGCCAT	400.0	2531.5	-0.003
GTTTGA	747.0	5251.9	-0.003
ATATAT	1722.0	10204.3	-0.003
ACCTTT	902.0	5474.0	-0.003
TTACCT	672.0	4139.6	-0.003
TTCATG	864.0	5258.8	-0.003
GCCCTA	223.0	1478.6	-0.003
GGTCCG	45.0	359.0	-0.003
GAATCA	477.0	2993.5	-0.003
CGGCGA	20.0	186.6	-0.003
ACCGTC	57.0	440.0	-0.003
CGGAGA	91.0	660.3	-0.003
GGGTCG	47.0	373.6	-0.003
ACCATC	421.0	2664.0	-0.003
TGCACA	571.0	3547.8	-0.003
ACGCAG	81.0	597.2	-0.003
AGGCAG	746.0	5931.6	-0.003
ATGATT	944.0	5949.6	-0.003
GACAGA	847.0	5164.0	-0.003
TGGTTG	607.0	3762.8	-0.003
GCGGGA	114.0	808.7	-0.002
TGCGGA	64.0	487.4	-0.002
AATATA	1074.0	6484.9	-0.002
TTGTGC	559.0	3483.2	-0.002
CAACGA	41.0	335.9	-0.002
AGAAAC	722.0	4440.4	-0.002
ATAATC	473.0	2978.7	-0.002
CAGACC	262.0	2090.7	-0.002
CACGAG	102.0	735.7	-0.002
TGATTG	654.0	4047.4	-0.002
ATGATA	584.0	3841.7	-0.002
AACAAT	662.0	4090.0	-0.002
GGGTAG	288.0	1874.3	-0.002
CCCTTA	356.0	2286.3	-0.002
GTATCC	232.0	1537.7	-0.002
CTGTAG	650.0	4025.4	-0.002
TCAGAT	717.0	4415.9	-0.002
ATGTCA	567.0	3534.2	-0.002
ACAAAT	814.0	4985.7	-0.002
GATTTA	795.0	4874.2	-0.002
CTGACG	67.0	542.4	-0.002
CTTGCT	1036.0	6280.2	-0.002
CGGTTG	59.0	459.3	-0.002
TGGACC	252.0	1723.2	-0.002
TGTTAT	891.0	5868.2	-0.002
AACACG	95.0	694.0	-0.002
ATATCA	518.0	3249.9	-0.002
CATTGA	579.0	3612.8	-0.002
CACCAG	469.0	3450.0	-0.002
CAGGGG	382.0	2770.3	-0.002
ACCTAT	342.0	2207.6	-0.002
GGGACC	306.0	1991.3	-0.002
GGACCG	48.0	387.1	-0.002
GAGTGG	508.0	3196.5	-0.002
GGAAGT	551.0	3448.5	-0.002
CGAGGT	151.0	1050.2	-0.002
GTGAAA	761.0	5090.8	-0.002
GTTCAT	623.0	3873.3	-0.002
TCCACG	86.0	765.7	-0.002
AGCGCG	33.0	284.7	-0.002
GAGTCG	58.0	454.4	-0.002
ACCCCC	265.0	2072.7	-0.002
ATGGCT	644.0	3997.8	-0.002
TAGCTT	639.0	3967.8	-0.002
AATTAA	1188.0	7165.8	-0.002
AAAGAC	588.0	3672.2	-0.002
AATTCC	625.0	3887.8	-0.002
AGATCT	523.0	3285.0	-0.002
TCCCCG	139.0	976.5	-0.002
GCAACG	49.0	395.6	-0.002
GTACCC	177.0	1208.5	-0.002
GCTTAG	343.0	2217.1	-0.002
TGGAGT	1906.0	11708.4	-0.002
GCGGAC	36.0	306.4	-0.002
AATTTA	1498.0	9540.3	-0.002
ACAATG	449.0	3275.6	-0.002
TTACTT	1220.0	7361.9	-0.001
CGTGGG	109.0	921.3	-0.001
CTCATA	416.0	2655.2	-0.001
GCCGAC	43.0	355.7	-0.001
ATCATC	366.0	2522.9	-0.001
GCACCG	62.0	542.2	-0.001
ACACTG	551.0	3457.7	-0.001
GATGTC	316.0	2061.9	-0.001
CGGATG	54.0	431.5	-0.001
GCCCGA	79.0	596.5	-0.001
CGCGCT	33.0	287.6	-0.001
TCGCGC	35.0	301.4	-0.001
TAGCGC	37.0	315.9	-0.001
TTTGGG	1178.0	8021.4	-0.001
TTCAGA	914.0	5585.8	-0.001
AACAAG	498.0	3145.9	-0.001
ATACAC	364.0	2352.6	-0.001
CTTTCG	102.0	745.9	-0.001
ACCAAG	409.0	2617.5	-0.001
AGAGGA	677.0	4200.2	-0.001
ACAACT	401.0	2568.7	-0.001
CCATAA	372.0	2397.7	-0.001
GACAAA	508.0	3209.6	-0.001
TGGTTT	1577.0	9438.4	-0.001
CTCTAG	361.0	2543.9	-0.001
GGAACC	277.0	1830.4	-0.001
ATTTGG	1038.0	6318.7	-0.001
CCGCAA	92.0	683.7	-0.001
AATGGC	601.0	3760.1	-0.001
CCCGTT	89.0	664.6	-0.001
TTCGGT	82.0	619.0	-0.001
AATGAC	488.0	3095.8	-0.001
TCGGTT	98.0	723.2	-0.001
GAGCGT	68.0	527.6	-0.001
CGAGAT	100.0	863.7	-0.001
TTCTGC	907.0	5936.6	-0.001
GGGGGA	399.0	2569.1	-0.001
TCGAGG	82.0	620.4	-0.001
AGCTTG	475.0	3133.4	-0.001
GTATGT	648.0	4044.6	-0.001
CGTCTA	51.0	415.5	-0.001
AGCACA	476.0	3027.1	-0.001
GAAGAG	658.0	4101.8	-0.001
CACTAG	229.0	1546.5	-0.001
CCCGTG	110.0	803.0	-0.001
CCGTCC	78.0	596.2	-0.001
CAGGAT	759.0	4735.7	-0.001
ACCGGA	38.0	327.2	-0.001
GAAGGT	443.0	2834.1	-0.001
CGATGA	55.0	444.8	-0.001
TACATA	720.0	4472.0	-0.001
GTCCGT	48.0	397.8	-0.001
TCACGG	88.0	662.5	-0.001
ATGCTA	427.0	2742.1	-0.001
GAGACG	654.0	4089.1	-0.001
CATAGA	397.0	2564.9	-0.001
AATGAG	670.0	4182.7	-0.001
CACTTG	559.0	3528.8	-0.001
GAGCTT	490.0	3114.4	-0.001
TTCCGC	88.0	664.6	-0.001
TGCGCG	32.0	286.7	-0.001
ATCTGT	773.0	4787.4	-0.001
ACTATC	235.0	1582.2	-0.001
AGTTCA	698.0	4346.6	-0.001
CGGCAC	57.0	459.3	-0.001
CTTCGT	98.0	729.5	-0.001
CAATAG	322.0	2116.5	-0.001
AAGAAC	501.0	3185.7	-0.001
ATCCGG	41.0	376.1	-0.001
CCGATG	50.0	414.0	-0.001
TGGAAG	753.0	4673.9	-0.001
ACTGAG	613.0	3851.4	-0.001
CAGTTC	551.0	3486.3	-0.001
ACGGCA	61.0	488.4	-0.001
TCCAGA	644.0	4159.3	-0.001
ATCAGA	516.0	3283.0	-0.001
CATCGC	60.0	482.0	-0.001
ATGGCG	159.0	1123.6	-0.001
CCTATT	548.0	3470.3	-0.001
CCGTTG	77.0	597.0	-0.001
GTGGAG	668.0	4183.2	-0.001
ACAACG	60.0	483.2	-0.001
TGCGTG	145.0	1036.8	-0.001
CCAGTG	571.0	3937.4	-0.001
TAGGGC	221.0	1509.3	-0.001
GCGAGG	87.0	664.5	-0.001
ATACAT	772.0	4797.1	-0.001
GCTTGT	484.0	3097.8	-0.001
GCGACA	72.0	565.8	-0.001
GACCAG	376.0	3026.1	-0.001
CGCCGA	21.0	210.9	-0.001
CAAATA	832.0	5154.6	-0.001
ATTCGG	62.0	498.7	-0.001
ACATTC	524.0	3334.3	-0.001
GCAAAC	323.0	2133.4	-0.001
ACCCTT	427.0	2759.9	-0.001
TTCGTC	66.0	525.4	-0.001
TGTTCA	799.0	4962.9	-0.001
TTTGGT	1456.0	8792.1	-0.001
CACACG	112.0	827.5	-0.001
TGCTTA	637.0	4005.4	-0.001
CGGAAC	34.0	306.6	-0.001
TTGCGT	107.0	796.8	-0.001
GCCGTC	58.0	473.3	-0.001
GAACAA	453.0	2918.1	-0.000
TCGTCA	69.0	548.4	-0.000
TCAATT	562.0	4777.4	-0.000
GAACCT	336.0	2415.8	-0.000
TATCTT	990.0	6313.6	-0.000
ACGCGG	21.0	212.4	-0.000
CGTTTC	142.0	1023.2	-0.000
CTACAT	415.0	2691.1	-0.000
TCTGAG	758.0	4858.8	-0.000
ATAAAC	576.0	3653.4	-0.000
TCGGAG	65.0	522.5	-0.000
TGGGTA	461.0	2972.5	-0.000
GTCGCT	69.0	550.1	-0.000
TCATCG	63.0	509.3	-0.000
AGAGCA	541.0	3451.0	-0.000
GCGCTT	77.0	603.4	-0.000
CACTTA	488.0	3134.9	-0.000
GTTCCG	46.0	394.4	-0.000
AAGGAC	375.0	2454.0	-0.000
CAATAT	547.0	3483.1	-0.000
CCTCTC	716.0	5134.3	-0.000
ACAGCG	84.0	650.2	-0.000
ATTTGA	1194.0	7292.0	-0.000
ATATGG	522.0	3337.5	-0.000
TGAATG	800.0	4986.7	-0.000
GTTCTC	539.0	3443.4	-0.000
CATACA	417.0	2711.4	-0.000
ACAACC	275.0	1854.1	-0.000
ATAGCC	275.0	1854.6	-0.000
CGGCAA	45.0	389.8	-0.000
ATCGCC	60.0	492.7	-0.000
GAGCAC	268.0	1812.5	-0.000
ACACTT	592.0	3757.1	-0.000
ATTAGT	597.0	3788.4	-0.000
ATGCGG	63.0	513.7	-0.000
AGCGAG	112.0	837.7	-0.000
GCTCGC	70.0	561.7	-0.000
AGTCTA	335.0	2219.2	-0.000
TACTTC	465.0	3002.1	-0.000
CGTCCA	71.0	568.3	-0.000
ACACTA	277.0	1870.4	-0.000
CTGTTG	1015.0	6253.1	-0.000
CGTTTA	122.0	903.3	-0.000
GGTGAC	347.0	2327.5	-0.000
CCCCGA	94.0	721.8	-0.000
GAGGGG	456.0	2955.1	-0.000
ATCAAC	278.0	1879.9	-0.000
GTGCAA	606.0	3849.4	-0.000
AGAGTC	592.0	3763.9	-0.000
TATGGC	330.0	2191.9	-0.000
AAAAAC	1021.0	6298.1	-0.000
ACAGAA	821.0	5120.4	-0.000
AAGAAA	1668.0	10065.5	-0.000
GACCCG	55.0	471.0	-0.000
CATGGA	496.0	3195.4	-0.000
CACAAT	545.0	3488.7	-0.000
TCACGA	87.0	702.8	-0.000
AGGACG	79.0	625.9	-0.000
GTAGTC	274.0	1859.1	-0.000
GTCGGA	33.0	308.4	-0.000
GTGCGT	94.0	725.3	-0.000
TATGCT	509.0	3279.9	-0.000
GAAGGA	694.0	4382.7	-0.000
ATTCGA	54.0	457.3	-0.000
ATCCCG	64.0	525.4	-0.000
AATCCA	538.0	3455.3	-0.000
AACCGG	39.0	352.3	-0.000
AATCAG	539.0	3463.8	-0.000
GCCAGT	455.0	2960.0	-0.000
GATGCA	354.0	2351.8	-0.000
CCGGAG	104.0	793.5	-0.000
TAATTA	997.0	6540.0	-0.000
TCTAAT	641.0	4069.7	-0.000
ACTCTA	334.0	2226.5	-0.000
ACCCCT	384.0	2532.2	-0.000
CGCCAG	119.0	892.3	-0.000
CCCATG	437.0	2981.9	-0.000
TCTTCG	91.0	709.7	-0.000
ACCAAT	338.0	2253.1	-0.000
TCCAAG	469.0	3367.0	-0.000
GGCTTT	886.0	5520.1	-0.000
ATGGTG	644.0	4826.7	-0.000
TGTTGT	1153.0	7274.4	-0.000
GAGAAC	360.0	2392.6	-0.000
ATCGCA	58.0	488.7	-0.000
GGAGCA	386.0	2550.1	-0.000
AGCTTT	1051.0	6837.3	-0.000
GCCTAT	343.0	2288.6	-0.000
TATCCT	544.0	3497.3	-0.000
ACACCA	503.0	3255.7	-0.000
GTTCAC	477.0	3100.1	-0.000
TATTCA	799.0	5018.0	-0.000
GGCGGG	180.0	1608.7	-0.000
TGCATG	589.0	3774.6	-0.000
CTAGCC	266.0	1864.2	-0.000
ATTGCG	66.0	545.4	-0.000
AATGTC	556.0	3575.0	-0.000
CATAGG	281.0	1953.3	-0.000
CGGGAA	88.0	694.7	-0.000
CGTGGA	102.0	787.4	-0.000
TCGCCG	25.0	255.8	-0.000
GTTCTT	930.0	5794.0	-0.000
CAACGC	41.0	372.9	-0.000
GCGCTC	66.0	547.4	-0.000
TTCTTG	1167.0	7648.8	-0.000
GATTTG	859.0	5517.9	-0.000
CACGGA	68.0	561.5	-0.000
GCGCGG	64.0	533.2	-0.000
GACCAA	275.0	1882.1	-0.000
ATCGCG	24.0	248.3	-0.000
TCGGGG	80.0	642.2	-0.000
AAGCTT	624.0	3988.3	-0.000
CCTAGA	382.0	2535.0	-0.000
GGTCGC	40.0	366.8	-0.000
CGTTCC	64.0	534.9	-0.000
TATGTG	764.0	4823.7	-0.000
TACCCC	218.0	1530.7	-0.000
AATGGG	515.0	3341.9	-0.000
TCGATG	52.0	453.8	-0.000
CGGGGC	103.0	798.8	-0.000
GCACGG	75.0	611.2	-0.000
TCTGTA	795.0	5010.0	-0.000
ACGCCA	182.0	1304.4	-0.000
CCATGA	426.0	3119.3	-0.000
GTGGCA	756.0	4781.0	-0.000
TATACA	623.0	3991.2	-0.000
CTCCTT	773.0	6190.3	-0.000
AAATAT	1685.0	10229.1	-0.000
CCATGG	423.0	2888.2	-0.000
AGTCCA	374.0	2494.3	-0.000
TGTCCA	535.0	3470.0	-0.000
TGTCAT	755.0	4779.3	-0.000
GGGGGG	250.0	1734.9	-0.000
TGTGTA	825.0	5195.9	-0.000
GGCCCG	91.0	722.9	-0.000
ATATGT	868.0	5448.1	-0.000
GTTGCA	441.0	2904.8	-0.000
GTTTCA	1497.0	9141.1	-0.000
CTATGC	265.0	1831.1	-0.000
CACGGT	96.0	836.0	-0.000
TGTGGC	611.0	3932.2	-0.000
ATGCAA	482.0	3157.5	-0.000
GAAGGC	381.0	2544.2	-0.000
CTAGAT	376.0	2513.6	-0.000
ATTCAA	680.0	4342.1	-0.000
AGCCAG	678.0	5560.1	-0.000
CGACGC	8.0	121.7	-0.000
GCGGCA	60.0	515.7	-0.000
TCAGTG	725.0	4615.5	-0.000
CCATAT	522.0	3399.6	-0.000
AGTCAA	388.0	2591.8	-0.000
CATAAA	718.0	4571.8	-0.000
CATTGT	788.0	4986.2	-0.000
TGTCAA	519.0	3381.1	-0.000
ACAACA	472.0	3100.7	-0.000
CAGCGA	81.0	660.4	-0.000
AATAAT	1226.0	7574.5	-0.000
TGGCAC	582.0	3987.1	-0.000
CTATCC	232.0	1631.0	-0.000
AAGCCG	71.0	594.4	-0.000
AGCGGG	83.0	676.3	-0.000
CGCGGA	16.0	193.2	-0.000
AACCTA	323.0	2201.9	-0.000
AGCTCC	460.0	4020.9	-0.000
ATGTGT	933.0	5856.3	-0.000
TATAAA	1181.0	7389.9	-0.000
GACTCT	428.0	2843.8	-0.000
CACATA	495.0	3245.2	-0.000
GCGAGA	88.0	714.9	-0.000
GCCGGA	68.0	575.8	-0.000
AGCAGG	517.0	3378.3	-0.000
AATCAA	555.0	3611.3	-0.000
TCGGGA	96.0	819.8	-0.000
TACATC	304.0	2085.8	-0.000
CATATC	327.0	2225.0	-0.000
AGTCCG	41.0	386.9	-0.000
AACAGA	671.0	4309.9	-0.000
AAATAC	887.0	5590.1	-0.000
CCAGAT	485.0	3193.8	-0.000
AGAAAG	1016.0	6353.3	-0.000
TTAATC	605.0	3963.9	-0.000
TAAAAA	2221.0	13392.3	-0.000
TGCATT	1020.0	6380.4	-0.000
CTCTGC	1040.0	6863.1	-0.000
TGTACA	567.0	3684.2	-0.000
GCAATG	508.0	3424.0	-0.000
CCTATG	335.0	2278.1	-0.000
GGTACC	168.0	1235.7	-0.000
TAGACC	188.0	1364.7	-0.000
TACACT	370.0	2494.7	-0.000
AAGACA	681.0	4372.9	-0.000
TGAATC	471.0	3110.9	-0.000
CGCTGA	79.0	654.3	-0.000
ATATTC	677.0	4348.7	-0.000
TAGTTC	426.0	2841.9	-0.000
CTCTAA	465.0	3074.6	-0.000
GCGACG	8.0	126.8	-0.000
GACGCC	52.0	468.5	-0.000
CTTGTT	1013.0	6345.7	-0.000
AGGAGA	711.0	5187.5	-0.000
CTAAAA	832.0	5590.0	-0.000
TATCAA	460.0	3051.5	-0.000
TCTCGC	325.0	2226.7	-0.000
CCAATA	323.0	2214.2	-0.000
CCGTGG	124.0	958.1	-0.000
GAGCGG	76.0	636.9	-0.000
ACGGAG	301.0	2077.1	-0.000
GCATTC	368.0	2488.1	-0.000
GCAGAC	249.0	1753.8	-0.000
CCTACT	370.0	2552.8	-0.000
CATTGC	520.0	3412.2	-0.000
ACGTGG	126.0	974.0	-0.000
GTGGTT	698.0	4484.4	-0.000
AGTGGG	509.0	3353.2	-0.000
TGCGGC	72.0	611.8	-0.000
CTATTG	448.0	2984.0	-0.000
TCCGCA	59.0	521.3	-0.000
CTTTGA	946.0	5963.5	-0.000
ACCTTC	445.0	2965.5	-0.000
ACTTCC	528.0	3469.7	-0.000
GGAGTT	806.0	5148.2	-0.000
ATATAA	912.0	5768.2	-0.000
GGTTGT	461.0	3068.7	-0.000
CTACCC	253.0	1785.8	-0.000
CACTGG	502.0	3314.8	-0.000
CTAATA	450.0	3006.7	-0.000
CAAATC	420.0	2817.0	-0.000
CAACGG	34.0	342.6	-0.000
TCCGAT	38.0	372.1	-0.000
CCTACA	292.0	2030.7	-0.000
AGGCGG	181.0	1578.9	-0.000
TGTATC	468.0	3110.2	-0.000
CGTCTC	160.0	1375.2	-0.000
CGGACG	11.0	158.4	-0.000
GCAAAA	637.0	4132.9	-0.000
TCACAT	627.0	4076.4	-0.000
CTTATC	354.0	2418.6	-0.000
CATATA	632.0	4107.4	-0.000
AACCAA	459.0	3063.6	-0.000
TACATT	1036.0	6514.4	-0.000
CTTCAT	741.0	4760.6	-0.000
CTATCT	438.0	2932.9	-0.000
GGAGAG	623.0	4053.4	-0.000
AGCACT	566.0	4093.7	-0.000
CTAACA	347.0	2377.9	-0.000
ATTGCC	464.0	3090.8	-0.000
ATCAAA	595.0	3884.8	-0.000
ACATTA	599.0	3911.7	-0.000
TCATTA	719.0	4631.1	-0.000
GAGGGT	354.0	2424.4	-0.000
GCGGCG	50.0	464.5	-0.000
CTTGCA	461.0	3082.6	-0.000
CACATC	384.0	2609.6	-0.000
AGAGCG	97.0	791.5	-0.000
CCTTAT	514.0	3405.7	-0.000
TGTCTA	451.0	3020.1	-0.000
TATCTA	454.0	3040.6	-0.000
ACAATA	506.0	3356.8	-0.000
AATTAG	621.0	4709.0	-0.000
GGCGGC	95.0	779.7	-0.000
CGGGAC	54.0	494.5	-0.000
GCGGCC	84.0	711.1	-0.000
GCGCGC	71.0	652.8	-0.000
TTACTC	478.0	3187.5	-0.000
AAGGAG	638.0	4153.3	-0.000
GCTCAC	1272.0	8566.9	-0.000
CGGCAG	82.0	692.9	-0.000
GACAGC	291.0	2038.9	-0.000
TAGATC	279.0	1968.3	-0.000
AAAAGA	1337.0	8312.2	-0.000
ACTAAA	605.0	3961.4	-0.000
TCGTTC	63.0	561.1	-0.000
GTGTTT	1366.0	8629.1	-0.000
TTGCGG	58.0	525.7	-0.000
TTGGTT	1157.0	7251.7	-0.000
ACGGTG	109.0	877.8	-0.000
ATATGA	603.0	3951.7	-0.000
AATATC	519.0	3439.4	-0.000
CCAGAA	670.0	4356.0	-0.000
GCACAG	447.0	3005.9	-0.000
CGGTGA	71.0	772.3	-0.000
CCAGCG	107.0	865.3	-0.000
TCGCGG	17.0	216.6	-0.000
AGATGC	401.0	2722.9	-0.000
CCATCT	799.0	5163.1	-0.000
CACTGA	573.0	3772.1	-0.000
TACTCG	60.0	543.6	-0.000
CTATAA	473.0	3169.0	-0.000
CCATCA	524.0	3479.4	-0.000
ATCATT	852.0	5451.3	-0.000
CAGAAA	972.0	6167.0	-0.000
AGAATC	485.0	3247.1	-0.000
GCGCAG	104.0	848.9	-0.000
AGAAAA	1660.0	10228.8	-0.000
TTGGTG	755.0	4875.3	-0.000
GGCCGG	163.0	1243.2	-0.000
GAGAGC	301.0	2300.5	-0.000
GGTGCG	199.0	1470.4	-0.000
GCTACA	260.0	1858.9	-0.000
CGCTTG	99.0	877.1	-0.000
AGGAGC	394.0	2905.8	-0.000
TCACTG	1677.0	10334.9	-0.000
ATTCAG	698.0	4539.1	-0.000
TGTCGC	277.0	2004.0	-0.000
AAATCA	848.0	5444.0	-0.000
GTTAGT	375.0	2578.2	-0.000
CGTTTG	135.0	1061.8	-0.000
TGCAAC	905.0	5784.6	-0.000
ACATCC	329.0	2292.2	-0.000
AACACA	596.0	3929.7	-0.000
CTCTTA	573.0	3789.1	-0.000
CTAGGG	257.0	1845.0	-0.000
CACATT	795.0	5129.5	-0.000
CACATG	530.0	3531.2	-0.000
TTAGTT	1036.0	6569.3	-0.000
TTCATA	792.0	5112.9	-0.000
TATAAT	959.0	6109.0	-0.000
GCTTCT	610.0	4020.4	-0.000
CTGCAC	616.0	4053.6	-0.000
ACAGCA	521.0	3477.4	-0.000
ATGTCT	702.0	4574.9	-0.000
GCAGCG	93.0	782.0	-0.000
GTTCCA	367.0	3037.8	-0.000
GCTTTG	833.0	5367.1	-0.000
CCCACT	566.0	3760.4	-0.000
ATTCTA	681.0	4499.6	-0.000
ACCAGA	398.0	2733.7	-0.000
AGAACA	619.0	4079.4	-0.000
TGGACG	59.0	546.3	-0.000
GTCAGA	405.0	2773.4	-0.000
AAGGGG	395.0	2716.1	-0.000
GTACAC	200.0	1490.7	-0.000
GATCGC	66.0	596.9	-0.000
CAACAC	302.0	2136.5	-0.000
GGAGGG	601.0	3973.1	-0.000
ACACGG	79.0	688.0	-0.000
TTCATC	674.0	4418.2	-0.000
CAGAAC	409.0	2800.9	-0.000
CTCGAT	158.0	1222.7	-0.000
CAATGC	258.0	1922.6	-0.000
GAAGGG	513.0	3442.6	-0.000
CTGTTC	639.0	4204.4	-0.000
TGCGGT	107.0	882.5	-0.000
TATGAT	622.0	4214.7	-0.000
CTACAA	401.0	2752.5	-0.000
CGGAGG	114.0	930.5	-0.000
ATCCAT	560.0	3732.0	-0.000
CGAAGC	41.0	417.6	-0.000
AAACCT	613.0	4050.3	-0.000
ACGCTC	48.0	469.7	-0.000
GTCGCC	272.0	1971.0	-0.000
TCATAT	704.0	4605.6	-0.000
TGGATG	580.0	3857.0	-0.000
CCCTTG	435.0	2967.9	-0.000
CCACTC	420.0	2879.5	-0.000
CTTCAC	448.0	3051.2	-0.000
CTTTAT	1223.0	8497.3	-0.000
AACAAC	377.0	2612.2	-0.000
TATATC	460.0	3129.5	-0.000
ACCCCA	392.0	3239.7	-0.000
CGCAGA	64.0	588.4	-0.000
TCGCTT	122.0	989.7	-0.000
TATCCC	288.0	2057.9	-0.000
GTCCGA	25.0	295.0	-0.000
TTTGTG	1533.0	9541.1	-0.000
GATGCC	317.0	2245.3	-0.000
CCGACG	6.0	125.7	-0.000
TACCCT	320.0	2266.8	-0.000
AAACAA	1114.0	7074.6	-0.000
AGGGGA	444.0	3142.0	-0.000
GCCAGA	465.0	3161.2	-0.000
AGAGGG	508.0	3429.5	-0.000
GGTCCT	294.0	2191.7	-0.000
AGTTTA	913.0	5879.7	-0.000
GGGGCG	99.0	836.8	-0.000
GAGGAG	620.0	4110.2	-0.000
GGCAAG	355.0	2549.4	-0.000
ATTCCT	846.0	5477.5	-0.000
TTCGTT	160.0	1249.3	-0.000
TACTAA	499.0	3376.6	-0.000
TACACA	481.0	3268.5	-0.000
CGCTCC	77.0	686.9	-0.000
TGCAAA	760.0	4964.4	-0.000
TGGAGC	467.0	3181.8	-0.000
AGGTCC	229.0	1698.7	-0.000
TTGGGT	645.0	4270.2	-0.000
GACACG	64.0	594.7	-0.000
CCGGGG	98.0	833.1	-0.000
GCTAGC	174.0	1339.7	-0.000
CTCGTT	106.0	889.3	-0.000
TTGTCA	791.0	5154.8	-0.000
CCTTAC	287.0	2065.7	-0.000
AGTGGC	999.0	6707.6	-0.000
GGCCGA	131.0	1062.8	-0.000
ATCCAG	489.0	3331.2	-0.000
CAGATC	329.0	2332.7	-0.000
GGGCGA	77.0	692.0	-0.000
AAATTA	1460.0	9639.8	-0.000
GCCCAT	371.0	2596.1	-0.000
TGGATC	354.0	2495.4	-0.000
CCATTG	529.0	3576.3	-0.000
CTCATT	953.0	6141.4	-0.000
GCAGAT	451.0	3097.4	-0.000
TTATCA	713.0	4700.4	-0.000
ACCCCG	104.0	890.0	-0.000
CTTATA	468.0	3336.2	-0.000
AAAGAA	1473.0	9236.0	-0.000
CGGGGG	94.0	814.1	-0.000
ACTTTA	911.0	5898.7	-0.000
ACCCTA	231.0	1718.6	-0.000
ACATGG	523.0	3580.7	-0.000
GTCTGT	611.0	4088.3	-0.000
GACGCT	41.0	434.0	-0.000
CAAAAC	576.0	3875.8	-0.000
TGGCGG	117.0	976.7	-0.000
TTGATT	1417.0	8922.3	-0.000
GAGTTC	487.0	3521.3	-0.000
GCTCTA	260.0	1912.9	-0.000
AAACAC	540.0	3661.5	-0.000
ACACAA	475.0	3258.5	-0.000
AACAAA	1080.0	6921.0	-0.000
TTGGGG	663.0	4412.3	-0.000
CCAGTC	403.0	2812.8	-0.000
GCCTTT	956.0	6184.4	-0.000
TCAAAA	975.0	6441.8	-0.000
GGATGG	626.0	4189.4	-0.000
TTTACT	1296.0	8214.0	-0.000
GAGTCC	276.0	2020.1	-0.000
GGGCAC	266.0	1956.8	-0.000
CCTATA	289.0	2098.4	-0.000
GGGAGA	589.0	3967.8	-0.000
GAGGGA	516.0	3521.2	-0.000
GACACT	285.0	2090.8	-0.000
CATCCA	455.0	3147.5	-0.000
CCTGTT	760.0	5010.3	-0.000
AATCTC	713.0	4729.8	-0.000
GGCAAC	266.0	1961.0	-0.000
CCTATC	213.0	1620.5	-0.000
TTAGTC	371.0	2622.7	-0.000
TCTTGT	985.0	6561.1	-0.000
GAGCCC	319.0	2679.8	-0.000
GCGGCT	74.0	686.0	-0.000
TCACCG	200.0	1539.2	-0.000
TAGCCC	240.0	1796.2	-0.000
CTATTA	513.0	3515.4	-0.000
ATTATC	512.0	3593.9	-0.000
AACCAG	430.0	3003.2	-0.000
GTCATT	649.0	4350.3	-0.000
AGGATG	692.0	4615.8	-0.000
ACCAAC	274.0	2022.3	-0.000
AAAAAG	1346.0	8543.7	-0.000
AGAGAG	811.0	5337.9	-0.000
GCCGAG	159.0	1495.6	-0.000
ATATCT	670.0	4486.5	-0.000
CCCTAG	290.0	2124.5	-0.000
AGCAGC	501.0	3448.0	-0.000
ATATCC	343.0	2464.2	-0.000
CAGCGC	76.0	707.9	-0.000
CTATGA	354.0	2537.2	-0.000
CATCTA	353.0	2531.7	-0.000
GACGGA	260.0	1939.2	-0.000
GCACTT	565.0	3852.9	-0.000
AGCCGA	94.0	836.6	-0.000
AGAACC	308.0	2248.5	-0.000
AGGGCG	65.0	629.7	-0.000
CAAACC	324.0	2352.9	-0.000
AAACCA	644.0	4336.7	-0.000
ACATAT	695.0	4646.6	-0.000
CAGGAA	642.0	4826.4	-0.000
GGCGAC	58.0	579.8	-0.000
CAACAA	451.0	3150.7	-0.000
GCGGAT	53.0	542.8	-0.000
GTCCAA	229.0	1746.7	-0.000
ACCTGT	557.0	3806.6	-0.000
TCATTT	1991.0	12389.1	-0.000
TCTGAT	745.0	4958.8	-0.000
AAAAGC	668.0	4489.6	-0.000
TCCATA	430.0	3023.7	-0.000
CACACT	457.0	3191.2	-0.000
GTGAGG	482.0	3346.4	-0.000
CATTAT	733.0	4884.6	-0.000
GAGGAT	466.0	3246.2	-0.000
GAGCAG	483.0	3356.5	-0.000
CCCAGT	586.0	4019.6	-0.000
CCCTAC	200.0	1559.2	-0.000
CTGTCC	448.0	3219.8	-0.000
ACAAAC	431.0	3035.3	-0.000
TTCAAT	599.0	4632.5	-0.000
TGCAAT	752.0	5006.7	-0.000
TTTCAT	1787.0	11197.2	-0.000
ACAGAG	933.0	6104.7	-0.000
AAGAGG	548.0	3758.7	-0.000
GGGGAA	498.0	3449.4	-0.000
CACTTT	1106.0	7635.5	-0.000
GGTGCC	409.0	2897.7	-0.000
CCTCTA	390.0	2781.3	-0.000
ATGAAT	807.0	5347.3	-0.000
CTGTTT	1532.0	9796.3	-0.000
GGCTGT	540.0	3719.3	-0.000
GAGAGG	578.0	3956.8	-0.000
AGCACC	314.0	2308.1	-0.000
TCATCA	546.0	3759.8	-0.000
AGGGTG	450.0	3167.3	-0.000
AATGCC	413.0	2936.4	-0.000
TCTCAT	817.0	5429.2	-0.000
GGCCAA	495.0	3448.3	-0.000
TCAATA	458.0	3224.4	-0.000
TGTGCA	658.0	4457.7	-0.000
CAACAT	501.0	3905.6	-0.000
CTTTAG	644.0	4374.6	-0.000
AGACGG	569.0	3921.5	-0.000
CCGAGA	110.0	969.3	-0.000
CTGTCA	778.0	5197.1	-0.000
CGACGA	2.0	102.5	-0.000
ATCACC	381.0	2741.0	-0.000
GTGGAT	468.0	3287.2	-0.000
GTCTTT	1142.0	7398.2	-0.000
GGGGAC	249.0	1898.5	-0.000
CTGCAG	962.0	6316.7	-0.000
CTATCA	310.0	2293.9	-0.000
TCTATA	452.0	3191.2	-0.000
TTCTCA	1004.0	6570.6	-0.000
GGGTGT	396.0	2843.7	-0.000
CAGCGG	84.0	789.0	-0.000
GGAGAA	742.0	4986.1	-0.000
GTCCAT	277.0	2087.2	-0.000
TCACTT	876.0	5804.5	-0.000
GGTTTG	676.0	4582.7	-0.000
TCGTTT	193.0	1538.6	-0.000
CCCTCG	82.0	776.8	-0.000
CAAGAT	484.0	3402.4	-0.000
TCTTAT	763.0	5225.8	-0.000
CTCTAT	446.0	3164.4	-0.000
AATTTC	994.0	6998.9	-0.000
TTTATC	1067.0	6966.7	-0.000
GAGTCT	1008.0	6652.2	-0.000
GGCCCT	370.0	2684.5	-0.000
TGTTCT	1015.0	6655.5	-0.000
TGGTGC	589.0	4061.0	-0.000
TGGGCA	560.0	4445.5	-0.000
CCCCTT	543.0	3772.4	-0.000
TACTCA	417.0	2988.8	-0.000
CAATGA	406.0	2918.7	-0.000
AGCGCC	68.0	679.5	-0.000
CTATTC	413.0	2965.1	-0.000
GCTGCT	632.0	4335.6	-0.000
CAAACA	600.0	4139.0	-0.000
CAATAA	512.0	3595.7	-0.000
AGGGCA	417.0	2997.6	-0.000
GACCCC	203.0	1619.7	-0.000
TGCACT	520.0	3643.0	-0.000
GGTCCC	224.0	1763.0	-0.000
CTGCGG	94.0	874.3	-0.000
CTCCGT	137.0	1177.8	-0.000
AATTCA	765.0	5161.6	-0.000
GAATCG	57.0	616.1	-0.000
GCTTTA	632.0	4351.9	-0.000
CCGGAA	59.0	619.0	-0.000
CATTAA	645.0	4431.5	-0.000
CCATTA	439.0	3146.1	-0.000
ATAATA	882.0	5889.8	-0.000
GGGAAC	253.0	1957.8	-0.000
CGAGGG	57.0	606.9	-0.000
CGGATC	42.0	489.1	-0.000
GAAAGA	809.0	5444.7	-0.000
GCGGAG	109.0	988.0	-0.000
CCCGCA	62.0	645.5	-0.000
TCATTG	743.0	5045.6	-0.000
GGAGTC	643.0	4428.7	-0.000
CAATCA	329.0	2452.1	-0.000
ATTCAT	848.0	5692.5	-0.000
CACTCA	429.0	3096.6	-0.000
ACACAT	551.0	3859.3	-0.000
ACTCAC	335.0	2494.6	-0.000
TGCAAG	463.0	3661.6	-0.000
AGCGGC	60.0	633.6	-0.000
ATCACT	505.0	3575.7	-0.000
CTCGCT	319.0	2396.3	-0.000
TTGCAA	637.0	4394.2	-0.000
AACCCG	59.0	626.4	-0.000
TTGCAT	878.0	5880.2	-0.000
AACCCC	299.0	2649.9	-0.000
GGATGC	258.0	2001.5	-0.000
CATATG	503.0	3565.0	-0.000
CTACAC	194.0	1577.6	-0.000
TTGTCT	983.0	6524.4	-0.000
ACCAGC	386.0	3455.4	-0.000
GGGCCG	72.0	726.1	-0.000
TGTCTT	1199.0	7830.5	-0.000
CCCATC	442.0	3185.9	-0.000
TGGAGG	696.0	4772.5	-0.000
GAAGCT	472.0	3507.3	-0.000
GTTTGC	538.0	3799.0	-0.000
GCTCCA	338.0	2951.7	-0.000
AGGACC	246.0	1931.3	-0.000
GGACGC	36.0	451.5	-0.000
AATCAC	403.0	2945.4	-0.000
GGAGCT	414.0	3127.7	-0.000
TGAGGG	453.0	3268.1	-0.000
CCAGTT	647.0	4482.5	-0.000
CGAGGC	121.0	1090.3	-0.000
CTTCCT	1087.0	8205.0	-0.000
TCTTCA	751.0	5125.8	-0.000
ATCCAA	335.0	2515.8	-0.000
CCCCTA	212.0	1713.1	-0.000
CCTGGA	772.0	5340.5	-0.000
GTTCCC	309.0	2351.5	-0.000
GCAAGA	394.0	2900.3	-0.000
TCACAC	431.0	3140.0	-0.000
ATATTA	935.0	6264.1	-0.000
TCAGGA	588.0	4846.1	-0.000
GGAAGC	415.0	3037.4	-0.000
GGAGCC	313.0	2679.3	-0.000
CAACAG	396.0	2921.6	-0.000
TTTCAC	1574.0	10137.3	-0.000
CATGGT	535.0	3802.4	-0.000
AAGGCC	311.0	2376.6	-0.000
TGTCTC	849.0	5753.3	-0.000
AGAAGC	487.0	3573.7	-0.000
CTCACT	1786.0	11420.7	-0.000
GCCCTT	446.0	3248.1	-0.000
TATCCA	429.0	3143.6	-0.000
CGGAGC	61.0	662.6	-0.000
ACTTTG	1013.0	6765.2	-0.000
GTGTCC	323.0	2467.8	-0.000
CTGTCG	239.0	1910.4	-0.000
GTCTTC	462.0	3352.3	-0.000
GCTCCG	132.0	1188.0	-0.000
TGGCAG	574.0	4065.4	-0.000
ACACTC	255.0	2022.4	-0.000
TTTGCA	1129.0	7756.7	-0.000
GGGGAG	512.0	3682.9	-0.000
TCATCT	699.0	4850.9	-0.000
CCAGGG	523.0	3777.6	-0.000
TGCCAG	599.0	4228.8	-0.000
CTGTGG	736.0	5081.7	-0.000
AGTTCG	66.0	711.2	-0.000
CATTTG	1058.0	7069.7	-0.000
AAGACC	342.0	2603.9	-0.000
TGTGTC	656.0	4593.3	-0.000
TTCATT	1668.0	10764.0	-0.000
TGCTTT	1707.0	10999.0	-0.000
TCGGTG	57.0	643.7	-0.000
AACCCT	369.0	2779.7	-0.000
TCAACA	418.0	3099.4	-0.000
GAACCC	258.0	2069.1	-0.000
TAATAA	908.0	6164.9	-0.000
TGTTTG	1251.0	10376.3	-0.000
GGCGGA	117.0	1095.7	-0.000
CAGAGA	719.0	4998.8	-0.000
TTGTGT	1136.0	7564.2	-0.000
AGGCCG	147.0	1310.0	-0.000
CCCTGA	509.0	3685.0	-0.000
GCGGTG	125.0	1155.7	-0.000
CCATTT	1347.0	8849.4	-0.000
GGGGTG	423.0	3147.0	-0.000
CCCCGT	105.0	1010.4	-0.000
GCAGCA	414.0	3082.5	-0.000
TACAAT	504.0	3657.4	-0.000
CAATTA	453.0	3336.0	-0.000
TTCTAC	478.0	3494.3	-0.000
CGAGAC	116.0	1096.0	-0.000
ATCGCT	71.0	760.6	-0.000
TCTGCT	826.0	5677.2	-0.000
TGTCCC	411.0	3069.1	-0.000
GGCAGG	553.0	4898.3	-0.000
CTGAGG	671.0	5731.9	-0.000
GTTGTT	933.0	6829.9	-0.000
TGACAC	309.0	2418.6	-0.000
TCATTC	661.0	4666.4	-0.000
AAGCTC	419.0	3674.0	-0.000
CAATGG	480.0	3526.2	-0.000
CAGCAA	487.0	3573.1	-0.000
CATTCT	1017.0	7019.7	-0.000
GCGTGG	120.0	1182.0	-0.000
TCAGGG	406.0	3291.6	-0.000
TCCATG	549.0	3966.3	-0.000
GTGTCT	615.0	4383.1	-0.000
TGGCGC	240.0	1964.8	-0.000
CATCTC	619.0	4411.0	-0.000
ATTTAC	791.0	5493.0	-0.000
GCGGGC	78.0	828.9	-0.000
CTGTAA	823.0	5691.8	-0.000
TCTGTG	951.0	6488.2	-0.000
GTGGGG	504.0	3694.9	-0.000
AAATAA	1704.0	11075.8	-0.000
CATTCC	461.0	3425.8	-0.000
TTATCT	929.0	6354.1	-0.000
AGGGGC	298.0	2362.4	-0.000
TGCAGT	1554.0	10175.6	-0.000
TGGGTC	316.0	2485.4	-0.000
AGCCCG	75.0	811.6	-0.000
GAAGCC	394.0	2997.1	-0.000
GCAAGG	287.0	2292.9	-0.000
GGGCGG	110.0	1075.2	-0.000
CCCTGT	566.0	4103.9	-0.000
TCTATC	331.0	2591.5	-0.000
TCCTAT	412.0	3123.9	-0.000
GGGAGC	298.0	2378.4	-0.000
CCAAGA	482.0	3582.6	-0.000
TGGGGG	510.0	3763.2	-0.000
TTCTGT	1464.0	9669.3	-0.000
GGCGCC	234.0	1952.1	-0.000
CCATCC	430.0	3254.9	-0.000
ATCCCT	407.0	3101.7	-0.000
CCAGCA	607.0	5012.2	-0.000
GTGGCT	672.0	5180.0	-0.000
AGGAAG	808.0	5647.3	-0.000
GACCCT	302.0	2415.8	-0.000
GTCCCC	251.0	2074.8	-0.000
ATTAAT	974.0	6678.2	-0.000
CAGTGG	1408.0	9352.5	-0.000
CATTCA	580.0	4224.4	-0.000
GGTTCC	266.0	2283.5	-0.000
TTTCTG	1709.0	11965.9	-0.000
TCAATG	330.0	2606.4	-0.000
GGGCGC	89.0	938.9	-0.000
GGGGCA	272.0	2226.8	-0.000
AATCGC	45.0	590.5	-0.000
ATCAAT	390.0	3009.4	-0.000
TCCTTA	568.0	4154.7	-0.000
GAGGGC	294.0	2375.2	-0.000
CATCAA	340.0	2684.0	-0.000
GCAACA	326.0	2596.6	-0.000
CCTCTT	861.0	6010.4	-0.000
AACCCA	399.0	3079.4	-0.000
GCTGCA	545.0	4016.0	-0.000
TTCACT	921.0	6384.3	-0.000
TGTTTC	1122.0	7628.5	-0.000
ATTCCC	425.0	3253.6	-0.000
TCCAGT	586.0	4290.8	-0.000
AGCAAG	448.0	3405.1	-0.000
GTCTAT	303.0	2451.3	-0.000
CTGATG	547.0	4043.7	-0.000
GTCCCT	347.0	2747.0	-0.000
TATGTC	367.0	2877.4	-0.000
GGGCCC	242.0	2042.5	-0.000
ATGTCC	341.0	2708.0	-0.000
GGGTCC	186.0	1657.3	-0.000
GGGGCT	360.0	2838.7	-0.000
GCCCTG	514.0	4058.8	-0.000
TTATTC	903.0	6295.3	-0.000
TCTATG	370.0	2901.8	-0.000
CAAGAC	326.0	2617.5	-0.000
CTCTGG	655.0	4739.3	-0.000
CAGCAG	572.0	4213.9	-0.000
CGGGAG	150.0	1411.7	-0.000
ATAAAT	1263.0	8530.3	-0.000
GAGGCG	148.0	1398.9	-0.000
GTTTGG	627.0	4572.1	-0.000
AAAAAT	2399.0	15448.7	-0.000
CTTCTA	523.0	3904.0	-0.000
AAAGCC	451.0	3443.8	-0.000
CCAACA	432.0	3315.9	-0.000
GGACCC	179.0	1617.0	-0.000
AGATCA	431.0	3320.4	-0.000
TTCCTA	664.0	4816.1	-0.000
GGGAAG	589.0	4343.9	-0.000
GTGGCG	300.0	2453.8	-0.000
AGCAGA	535.0	3999.8	-0.000
CGTGGT	132.0	1295.9	-0.000
AGGCCA	490.0	3713.4	-0.000
AGCCCT	461.0	3532.8	-0.000
GGACAC	213.0	1873.1	-0.000
CAACCC	228.0	1980.7	-0.000
CAGGAC	284.0	2363.3	-0.000
AGACCA	460.0	3538.4	-0.000
CTACTA	296.0	2450.0	-0.000
GGCTCT	441.0	3415.0	-0.000
GCAGTG	1433.0	9644.9	-0.000
CACAGA	557.0	4172.2	-0.000
TTCTAT	846.0	6014.0	-0.000
AGTTTG	911.0	6426.3	-0.000
TCTGCA	611.0	4529.0	-0.000
ACTCTC	335.0	2724.0	-0.000
AGACCC	275.0	2322.6	-0.000
CCTTCA	523.0	3965.2	-0.000
TCCACT	454.0	3528.0	-0.000
ACACAG	526.0	3994.2	-0.000
TGGGCG	125.0	1272.1	-0.000
TCTACA	362.0	2923.9	-0.000
TGCAGA	613.0	4557.1	-0.000
TTGCTC	794.0	5715.8	-0.000
AGCCGG	83.0	952.6	-0.000
AAAATA	1943.0	12816.2	-0.000
TAGTCC	231.0	2034.2	-0.000
GGGCAA	316.0	2624.9	-0.000
ATAAAA	1399.0	9504.5	-0.000
TATCTC	481.0	3721.0	-0.000
TATCAT	514.0	3939.8	-0.000
CCTTCT	825.0	5928.8	-0.000
GAGGTC	328.0	2705.2	-0.000
GGAGGA	611.0	4576.0	-0.000
TCAGAG	542.0	4127.3	-0.000
AGTTCC	369.0	2990.9	-0.000
TATTTC	1235.0	9157.6	-0.000
CTTTAC	464.0	3622.1	-0.000
CTCCAC	620.0	4640.6	-0.000
TCCTTG	672.0	5027.5	-0.000
CGCTCT	266.0	2300.6	-0.000
CCAATC	194.0	1797.8	-0.000
GAGACC	379.0	3067.5	-0.000
GCTTTC	599.0	4531.4	-0.000
ATCTCT	721.0	5323.0	-0.000
TCCAAT	361.0	2971.9	-0.000
ATACAA	552.0	4232.7	-0.000
TCTACT	496.0	3862.9	-0.000
TCGCTC	254.0	2241.4	-0.000
CCGAGG	126.0	1319.9	-0.000
AGGGAG	559.0	4291.2	-0.000
ACTCTG	782.0	5732.9	-0.000
TTTCCC	1137.0	7980.4	-0.000
GTCCTT	483.0	3798.0	-0.000
ACTTTC	629.0	4754.1	-0.000
CCTGTG	632.0	4946.6	-0.000
GGCAGA	502.0	3926.0	-0.000
CAGAAG	646.0	4857.9	-0.000
TGGGGA	632.0	4776.5	-0.000
CCTTTA	670.0	5021.3	-0.000
GAAACC	408.0	3299.4	-0.000
CCCTTT	911.0	6564.4	-0.000
GCAGAA	505.0	3966.0	-0.000
CAAGGC	297.0	2575.8	-0.000
GGCAGC	304.0	2600.3	-0.000
TCTGTT	1453.0	9979.7	-0.000
AGTTTC	921.0	6647.8	-0.000
ACCCTG	468.0	3719.9	-0.000
TCCCTG	710.0	5297.1	-0.000
AGGCCC	303.0	2598.7	-0.000
GGTGGC	376.0	3775.5	0.000
CTCTTT	1307.0	9947.2	0.000
CTGCTC	475.0	4145.1	0.000
TCCCCT	512.0	4392.8	0.000
AAGCCC	297.0	2624.2	0.000
CTGCAA	1143.0	8064.9	0.000
AAAACC	542.0	4264.3	0.000
AAACCC	368.0	3374.2	0.000
CACTCT	625.0	5189.2	0.000
CTTCTC	610.0	5182.5	0.000
TTTTCC	2014.0	13628.6	0.000
GGGTGC	235.0	2185.8	0.000
GTTTGT	1058.0	8807.9	0.000
TGTGGG	575.0	4454.5	0.000
GTGGGT	376.0	3164.9	0.000
AGTCCC	305.0	2625.3	0.000
CCCATT	593.0	4681.9	0.000
ATTTGC	778.0	5826.5	0.000
GCAGAG	513.0	4256.3	0.000
TCACTC	596.0	5035.9	0.000
CATTTA	1177.0	8543.7	0.000
ATCTAT	434.0	3529.4	0.000
AGCCCA	458.0	3739.7	0.000
CTTCTT	1038.0	7870.4	0.000
GTTTCT	1106.0	7981.7	0.000
TCTATT	872.0	6483.9	0.000
TTCTCT	1400.0	10544.2	0.000
TCTCTA	596.0	4906.6	0.000
TTCTTC	1097.0	8617.7	0.000
TCTTCC	828.0	6363.6	0.000
CCATTC	585.0	4621.2	0.000
CTTTTC	1370.0	11208.8	0.000
CTTTCT	1398.0	11898.2	0.000
TCTTTC	1131.0	10060.7	0.000
AGGGCC	261.0	2368.6	0.000
CTGGAG	1412.0	10999.5	0.000
CAGCTC	655.0	5214.5	0.000
CCTGTA	604.0	4764.6	0.000
TCCACA	413.0	3386.6	0.000
CCAGGA	672.0	6007.5	0.000
CCCCAT	391.0	3396.0	0.000
CAAAAA	1099.0	8412.6	0.000
AAAAAA	4326.0	28237.2	0.000
CCTGCA	444.0	3813.7	0.000
TTCCCT	823.0	6878.3	0.000
TCCCTT	739.0	5717.2	0.000
GTGTGT	1075.0	9748.6	0.000
TTTGTC	1017.0	7390.6	0.000
GTCTCT	648.0	5006.1	0.000
TCTCTG	947.0	7362.7	0.000
CTTTGC	652.0	5473.3	0.000
TCTGTC	1034.0	7742.1	0.000
GGGCAG	435.0	3534.6	0.000
GCAGGA	468.0	3906.7	0.000
GCTCTC	296.0	2754.6	0.000
CTCTCC	455.0	4799.0	0.000
CTCCAT	580.0	4471.1	0.000
TCCATT	772.0	6109.1	0.000
TCCTTC	749.0	6027.2	0.000
CTCTGT	1384.0	10689.8	0.000
CTTTGT	1194.0	8782.8	0.000
TTTCTC	1477.0	11655.7	0.000
CCTTTC	658.0	6151.5	0.000
CTTTCC	705.0	6663.1	0.000
TTTCCA	1151.0	9120.7	0.000
GTTCCT	482.0	4016.0	0.000
TCTTCT	1108.0	8468.3	0.000
CTTTCA	811.0	6190.7	0.000
GTTTTC	1235.0	8869.6	0.000
TTTCCT	1726.0	13762.4	0.000
TTCCTT	1454.0	12043.7	0.000
TCCTTT	1504.0	11405.3	0.000
CTCTAC	317.0	3040.7	0.000
TGCTCT	840.0	6557.6	0.000
GCTCTT	626.0	4905.3	0.000
TCTTTG	1184.0	8625.5	0.000
CTTTGG	962.0	6931.0	0.000
TTTGCT	1397.0	10344.8	0.000
TGTGTG	1306.0	11390.1	0.000
GCTCTG	868.0	7013.8	0.000
CCTTTG	729.0	6394.7	0.000
AATAAA	1443.0	10335.4	0.000
CAGAGG	506.0	4214.0	0.000
GTGTGG	515.0	4046.7	0.000
CAGGGC	358.0	3019.3	0.000
GAGGCT	559.0	4790.4	0.000
CTCTGA	610.0	5049.7	0.000
AGGAGG	612.0	4992.3	0.000
GGAGGC	492.0	5331.6	0.000
GCCTGT	689.0	5412.9	0.000
CTCTCT	808.0	7888.4	0.000
TCTCTT	1266.0	9122.8	0.000
TCTCTC	763.0	7355.2	0.000
GGCTGC	439.0	3674.8	0.000
CTACTC	284.0	2505.9	0.000
GGTGGA	466.0	3792.2	0.000
CCCCTC	396.0	3704.5	0.000
TCTCCA	700.0	5684.1	0.000
GGGGCC	220.0	2228.5	0.000
TTGTTC	724.0	5434.1	0.000
TCCTCT	725.0	6304.1	0.000
GGAAGG	572.0	4409.7	0.000
GGGGGC	191.0	1925.4	0.000
CACACA	598.0	5568.6	0.000
TTCCTC	743.0	6749.0	0.000
ACACAC	474.0	4632.4	0.000
GTTTCC	630.0	4901.9	0.000
GTCAAT	224.0	2073.9	0.000
TACAAA	749.0	5573.8	0.000
TGGGTG	512.0	4735.5	0.000
ACAAAA	1067.0	7603.0	0.000
GGGAGG	704.0	6832.6	0.000
TTCCAT	788.0	6583.1	0.000
CGGTGG	113.0	1247.1	0.000
AATCCC	404.0	3779.4	0.000
CAGCAC	403.0	3812.5	0.000
TCCATC	465.0	3773.0	0.000
CCCTCT	465.0	4507.6	0.000
CCCTTC	455.0	3674.4	0.000
GGTTGC	292.0	2580.8	0.000
ATTTCC	816.0	6635.1	0.000
TCCCTC	517.0	5097.0	0.000
TGGGGC	358.0	3051.4	0.000
TTGCTT	1326.0	9235.8	0.000
AGCTCT	512.0	4331.7	0.000
TTCCAC	486.0	3888.2	0.000
CATTTC	955.0	7154.9	0.000
CAGAGC	427.0	3774.9	0.000
TGTGGT	743.0	5519.1	0.000
GGAGGT	425.0	3618.6	0.000
GAGGCC	373.0	3670.9	0.000
GGGTGG	452.0	4013.4	0.000
TTCCCC	650.0	4987.4	0.000
CTCTTC	580.0	5058.7	0.000
GACACA	352.0	2969.0	0.000
GCCCCT	356.0	3055.5	0.000
TATTCC	476.0	3871.8	0.000
