OligoSequence	Target Occurences	Background Occurences	Enrichment(ln p, up to 2 mismatches)
GGTTCA	22766.0	7150.2	-5018.675
GGCTCA	27091.0	9157.8	-4885.351
CTCACT	33183.0	12113.0	-4685.396
TCAAGC	18612.0	5687.3	-4502.077
GTTCAA	19692.0	6264.8	-4338.507
ACTGCA	26857.0	9618.0	-4212.047
GAGTGC	23530.0	8086.4	-4208.244
AACCTC	20370.0	6714.9	-4124.997
TGGAGT	30381.0	11360.2	-4121.152
GCTCAC	25308.0	9038.3	-4051.960
CAACCT	20157.0	6711.2	-3997.510
GGAGTG	23969.0	8500.4	-3951.879
AGTGCA	24163.0	8630.5	-3906.557
CCCAGG	32467.0	12590.1	-3901.146
TCACTG	27579.0	10304.5	-3841.814
TTCAAG	21095.0	7266.4	-3831.333
GCAACC	16845.0	5342.9	-3827.992
GTGCAG	22444.0	7903.0	-3818.323
ACCTCC	20566.0	7090.2	-3744.534
TGCAGT	24990.0	9232.6	-3672.010
GCAGTG	24205.0	8864.3	-3665.195
CAGTGG	23820.0	8719.7	-3623.608
CTCCTG	40815.0	17077.5	-3587.415
TGCAAC	17069.0	5696.4	-3457.724
GGGTTC	15918.0	5269.5	-3318.679
CACTGC	26013.0	10125.4	-3270.829
GCTGGA	25546.0	10030.2	-3143.027
ATTCTC	21136.0	7878.7	-3134.829
GGCTCG	1168.0	671.3	-2968.516
CTGGAG	25510.0	10250.8	-2926.768
GCTCAA	10245.0	3081.2	-2895.045
AGTGAT	13814.0	4647.1	-2825.219
GCGATC	6040.0	2124.0	-2824.138
GAGTCT	17467.0	6457.9	-2735.738
CAGGCT	31904.0	13791.2	-2710.175
CTGCAA	20229.0	7903.2	-2646.391
GTGCAA	6332.0	3280.9	-2605.219
GGGTCA	1564.0	1304.5	-2578.567
CCAGGC	30088.0	13089.4	-2538.455
GGCTGG	30359.0	13386.8	-2430.525
GCTCGA	532.0	306.4	-2405.585
TTTTGA	28264.0	12339.6	-2391.847
CTCACG	1142.0	838.2	-2384.112
GATTCT	15111.0	5640.8	-2352.838
CGACCT	1548.0	727.1	-2341.564
AAGTGA	13029.0	4645.8	-2330.648
TCAAGT	12799.0	4544.8	-2319.448
CTCAAG	12924.0	4613.1	-2307.679
TTTTTT	370658.0	131150.9	-2297.671
CAGTGC	3044.0	2220.9	-2205.085
AGCGAT	8139.0	2512.0	-2203.739
TCCTGG	18196.0	7359.2	-2181.197
AGGCTG	30969.0	14100.3	-2176.564
AGTGGC	15826.0	6169.2	-2166.081
GTGATC	14835.0	5683.8	-2154.086
TTTTTG	48898.0	23909.4	-2135.166
CAAGCA	10295.0	3492.8	-2129.989
TCACGG	936.0	557.9	-2129.162
GGATCA	2137.0	1520.4	-2127.038
CAAGTG	12313.0	4493.2	-2088.223
GAAGTG	3236.0	2245.2	-2080.786
TTTGAG	23820.0	10439.9	-2067.057
TCACGC	3081.0	1414.6	-2004.996
CAAGCT	6211.0	3230.3	-2004.821
CTCCCA	25979.0	11686.0	-2003.386
AAGCGA	7912.0	2517.2	-1985.454
TTGAGA	20667.0	8920.0	-1949.105
CAAGCG	7792.0	2551.3	-1934.159
CGCTCA	954.0	669.0	-1895.421
GTAGTG	2579.0	1319.1	-1869.568
CCTGGG	17659.0	7481.5	-1825.419
CGGTTC	796.0	532.3	-1824.248
TGAAGT	3774.0	2563.2	-1818.803
TTCGAG	1165.0	726.1	-1808.998
CTCTGT	23411.0	10587.0	-1808.588
TCGAGT	591.0	463.1	-1806.279
CCCGGG	7508.0	2799.5	-1752.977
GGCGCA	2192.0	1051.1	-1752.337
GCAATC	7007.0	2684.4	-1750.651
TCAACC	2693.0	1590.0	-1719.235
CGCGAT	2152.0	1015.2	-1716.171
GCAAGC	4153.0	2185.9	-1708.862
TCCTGC	18871.0	8290.7	-1694.835
GCAGTC	3668.0	1674.0	-1689.396
TATATA	8396.0	2902.7	-1688.809
CTAGGC	3475.0	1696.5	-1680.892
GGAGTC	11048.0	4214.7	-1677.718
AGGCTC	4450.0	2433.2	-1662.872
ATATAT	9034.0	3235.6	-1654.618
GGTGCA	5023.0	2593.2	-1640.008
AGCGCA	791.0	422.0	-1636.185
GCGATT	6980.0	2273.7	-1631.732
GGGATC	2095.0	1329.5	-1620.225
ACCTCG	2522.0	1583.7	-1616.756
AATCTC	6270.0	3683.3	-1611.709
AGTTCA	4108.0	2520.9	-1609.339
CGGAGT	6740.0	2401.8	-1604.157
CGATTC	6671.0	2159.0	-1586.734
GCACTG	2251.0	1946.3	-1578.128
TGAGAC	15576.0	6702.0	-1554.140
CTTTTT	36072.0	18173.1	-1522.595
TGCAAT	7275.0	3998.4	-1520.632
CGGGTT	6976.0	2345.4	-1517.628
ATCCTC	9673.0	3669.6	-1510.762
CCCCGG	1035.0	794.3	-1503.325
CCTAGG	3723.0	1974.3	-1503.157
GTGGAG	4031.0	2537.6	-1495.375
GCCTCC	33568.0	16821.3	-1490.082
CTGCCT	27705.0	13503.3	-1487.716
AGTGGT	9966.0	3846.4	-1478.157
CGCAGT	1062.0	634.5	-1477.617
GGGCTC	8455.0	3220.1	-1474.142
AGCTCA	11246.0	4521.8	-1459.108
CAACCG	258.0	246.3	-1441.157
CCTCCC	33670.0	16990.6	-1439.899
AATGCA	3235.0	2085.5	-1431.619
CCGGGT	6912.0	2373.5	-1430.880
TCTGTC	17714.0	8033.0	-1423.210
CGCACT	536.0	371.2	-1408.354
TCCGCC	9857.0	3855.9	-1407.878
CGAGTG	572.0	409.8	-1403.995
CTCCGC	8475.0	3161.0	-1402.851
TAGTGC	1480.0	1127.4	-1399.592
CTCGGC	10755.0	4917.6	-1397.198
TCGCGC	309.0	293.8	-1395.879
ACTGGA	2861.0	1907.4	-1388.898
CGGCTC	8224.0	3474.1	-1385.597
CCGCCT	11459.0	4715.2	-1378.627
AGTGCT	10471.0	5286.7	-1377.152
GATCCT	7290.0	2603.6	-1367.493
GGGGTC	2986.0	1555.9	-1356.800
GCTCTG	15153.0	6733.9	-1347.724
TGTCAC	10823.0	4418.7	-1343.938
GACCTC	7551.0	4179.1	-1341.027
CGGGGT	2389.0	1921.3	-1335.437
TGGCGT	2677.0	1310.9	-1321.285
CCACCT	14620.0	6479.9	-1320.105
GTGATT	9345.0	3676.5	-1318.164
GTCACC	9717.0	3877.8	-1308.370
GTGCCG	681.0	496.4	-1300.328
TCCCGG	7393.0	2712.7	-1290.481
ACGGAG	6289.0	2173.5	-1289.741
GGTACA	1362.0	1039.3	-1285.437
GCTCAG	4880.0	3018.3	-1283.018
CTCCGG	953.0	805.4	-1279.520
AGCAAT	8582.0	3324.6	-1275.574
GCGCAG	1151.0	649.7	-1272.398
CCTCCG	6994.0	2535.2	-1265.309
ACCGCA	1279.0	857.1	-1252.123
GACGGA	6057.0	2091.8	-1248.120
GTCGCG	215.0	133.6	-1245.741
TAGGCT	3844.0	1992.1	-1245.569
AGTCTC	14081.0	6290.6	-1238.498
GATCAA	1094.0	886.8	-1233.893
CAGCCT	21945.0	13638.6	-1230.216
TGGAGC	2853.0	2120.8	-1223.192
AGCCTC	18033.0	11272.8	-1219.755
GTCTCG	8712.0	4029.5	-1215.873
TGTCGC	6305.0	2310.6	-1214.314
GTAACC	1504.0	850.6	-1210.314
TTCTCC	20731.0	10082.2	-1197.055
GCGGTG	1323.0	838.3	-1195.942
GGGTCT	8270.0	3236.6	-1195.448
TGCGAC	468.0	254.2	-1193.211
GGTCAC	1592.0	1298.8	-1175.515
CTCGGT	790.0	637.1	-1173.441
CAGTCG	516.0	338.1	-1172.678
CGCCTC	9855.0	4087.0	-1172.644
ACGGCA	422.0	397.3	-1164.089
CACGCT	875.0	616.7	-1162.204
TGGCTC	12541.0	5549.0	-1160.875
GCCGGA	702.0	436.1	-1156.971
GATCAC	2765.0	1754.5	-1150.964
GTTCGA	713.0	404.1	-1150.337
GTGGCA	9882.0	4127.6	-1147.998
AAGCAA	8744.0	3530.3	-1145.714
CCTCGG	3444.0	2244.5	-1139.868
CCCAAG	5243.0	4062.7	-1135.373
GACTGC	1847.0	1373.3	-1133.455
GTCTTG	12540.0	5586.8	-1130.994
GAGTCC	1603.0	1336.0	-1130.988
CGATCT	7622.0	3196.7	-1127.221
CTGTCG	5903.0	2106.0	-1124.265
GTTCAC	4871.0	2468.8	-1116.448
TGATTC	8375.0	3370.2	-1112.250
TCGTGC	1172.0	640.2	-1109.424
CGGGCT	1711.0	857.7	-1108.684
CAGGGT	8139.0	4023.1	-1099.120
CAATCT	7295.0	3648.2	-1094.101
AGTGCG	1115.0	529.7	-1089.204
GTCGCC	6067.0	2217.4	-1083.152
TCGCAC	482.0	301.5	-1076.643
TCTGCC	15560.0	7357.5	-1070.059
CTCGAG	797.0	653.3	-1069.970
AGACAG	13250.0	6060.5	-1069.668
GTCGCA	280.0	218.6	-1063.270
GCAGCG	855.0	644.8	-1062.692
CCGGCT	2067.0	2125.6	-1059.292
GTTCAG	2819.0	1858.4	-1056.720
GGTTCG	579.0	312.6	-1055.266
AGGGTC	6132.0	2275.7	-1050.413
CACCGC	2089.0	1580.7	-1042.848
TGGGCT	9714.0	4157.3	-1040.078
CGATCC	1695.0	610.2	-1036.861
ATCTCG	8037.0	3272.9	-1031.393
CTTGGC	12184.0	5521.6	-1031.169
CAACGT	456.0	424.5	-1030.449
CCAGGG	3055.0	2546.2	-1022.139
AGTGCC	1995.0	1726.8	-1010.923
AAGTGC	9648.0	4735.6	-1002.389
ACCGCC	556.0	432.2	-1002.265
TCACCG	1443.0	1056.7	-1002.121
GTGCGG	1144.0	625.2	-998.003
GAGTGA	2338.0	2008.3	-997.874
TCATGC	3483.0	2360.7	-993.635
GAGACA	13003.0	6035.3	-990.252
TGGCGC	4395.0	2072.7	-990.098
TCTCGC	6677.0	2604.6	-989.938
GAGTTC	3201.0	2213.2	-987.869
CTGTCA	10312.0	4554.4	-979.909
CCTGCC	19913.0	10020.9	-977.702
CTCCCG	10051.0	5197.4	-976.019
CGCCCA	6965.0	3500.7	-971.857
GAGTGG	2168.0	1866.8	-968.758
AGTGGA	3032.0	1947.0	-962.048
GCCTCA	14808.0	9836.5	-959.779
CACCTC	11693.0	5353.6	-954.058
CTCGTG	2222.0	1384.4	-953.310
GGCGTG	4833.0	3046.5	-952.411
TCGGCC	3473.0	2002.3	-948.356
TCTCCT	21009.0	10724.6	-946.565
TGGGTT	11256.0	5119.8	-946.495
GCAGCC	7888.0	3281.0	-945.958
CGGCCT	4170.0	2469.7	-945.150
CCGGGC	1850.0	1150.4	-943.741
TCTCGG	8379.0	3547.8	-942.588
TGCAGC	8476.0	3602.2	-940.561
GTACAA	1388.0	958.3	-930.631
AAGTGG	2539.0	1873.5	-929.898
CTCAAT	1994.0	1771.2	-928.319
GATCTC	12285.0	5723.5	-927.302
ATTGCA	3493.0	2400.7	-921.196
TACTGC	2822.0	1405.0	-919.227
TGATCC	9061.0	3949.5	-914.096
GCAATG	4070.0	2688.2	-910.512
AGGTTC	7353.0	3037.6	-906.349
GTCTCA	12824.0	6061.6	-904.817
GCCACC	8369.0	7104.4	-902.939
AGAGTC	7426.0	3081.4	-901.632
ACTGCC	2131.0	1810.0	-894.141
CTGCAG	9641.0	5161.8	-893.830
GTCAAG	1266.0	1098.1	-889.059
CACTGG	2424.0	2274.2	-887.935
TGGGGT	5051.0	3961.6	-885.642
TCCGGG	1037.0	750.7	-884.655
GAGCGC	700.0	498.8	-882.872
GGCCCA	2880.0	1930.7	-882.220
GCCGTG	855.0	622.2	-880.324
TCACCC	9690.0	4339.9	-878.343
ACCTCA	9239.0	4765.0	-870.894
CTGTAG	3114.0	2179.0	-866.735
CACGGC	936.0	600.7	-863.302
ATACTC	1204.0	942.6	-863.062
TGATCT	11822.0	5566.8	-856.010
CAAACT	5076.0	2965.1	-853.170
CGCAGG	646.0	568.7	-847.335
GCCCAG	18665.0	9554.3	-845.937
TCGAGC	501.0	390.2	-842.161
TCGGCT	8189.0	3560.3	-840.314
TCGCCC	5984.0	2388.4	-833.016
CCTCCT	19949.0	10346.5	-831.027
AACGTC	351.0	307.9	-830.635
TGATAC	1580.0	1018.2	-829.495
AAGCTC	4811.0	2727.4	-829.402
GGGTGC	1903.0	1449.1	-826.306
AGAGTG	4047.0	2518.8	-825.883
GCGCAA	1552.0	650.1	-823.889
TCTTGC	11005.0	5155.7	-821.166
CTCGCT	6741.0	2800.2	-820.969
TAGAGT	3362.0	1841.7	-819.742
CCGGGG	879.0	736.6	-814.500
GTGGTG	10226.0	4725.5	-813.240
AGTGAA	2229.0	1975.3	-812.413
GCAATT	6773.0	2826.8	-811.995
CTGCCA	3698.0	3658.2	-809.097
ACAGTG	4394.0	2788.2	-807.957
GTGGCG	6014.0	2430.3	-806.095
TGAAAC	2792.0	2103.9	-803.737
CTCATG	3467.0	2693.6	-803.293
GCATCC	1668.0	1493.7	-802.003
GCCGCC	988.0	953.1	-801.489
TGTAAC	2190.0	1146.2	-801.311
TTGGAG	5655.0	3101.5	-800.934
GCGCAC	500.0	508.6	-799.083
CAGTCT	6010.0	3692.9	-797.344
CCTGGC	9097.0	6835.5	-796.092
GTCCTG	2667.0	2263.1	-789.595
ACGCGA	145.0	89.0	-785.825
GGCTGA	4044.0	3300.2	-785.566
TGCGAT	2641.0	1037.8	-782.624
GCTCGC	917.0	568.8	-780.069
ACCTCT	9746.0	4503.4	-779.316
CTGGCT	8140.0	6355.6	-777.842
GACTCA	2550.0	1658.7	-773.458
CTCACA	2482.0	2414.1	-766.146
ACTGCG	1148.0	793.9	-761.614
TCGCCT	1417.0	784.3	-760.797
AACCGC	254.0	253.8	-755.305
GGTCAA	1147.0	986.5	-753.269
CTGGGT	11241.0	5395.7	-751.561
TGCAAG	4603.0	2612.9	-748.514
CGCAAT	1529.0	641.6	-743.118
ATGCTC	1393.0	1465.2	-741.510
GGATTC	2527.0	1783.2	-736.536
AGCGGT	560.0	350.6	-736.051
AGTGTA	2501.0	1464.9	-732.238
TGCCTC	22355.0	12035.6	-726.043
GCGACC	460.0	309.0	-724.376
TGTAGT	3354.0	2217.8	-719.637
CGTGAT	3502.0	1813.4	-719.564
TCTAGC	1617.0	1376.8	-717.742
ATCAAG	1499.0	1187.6	-717.149
CGAGTC	574.0	474.3	-715.974
GCTGCA	3312.0	2916.2	-715.227
TCTCAC	10417.0	4987.4	-709.521
TGCCAC	4913.0	4253.3	-708.289
GATTCA	2713.0	1794.9	-706.166
CCCACG	787.0	567.5	-702.856
CTTGAG	3603.0	2767.3	-700.892
TTATTT	27186.0	15045.6	-700.636
ACTGTA	3444.0	1781.8	-699.813
TGCGGT	1135.0	656.7	-699.091
CAGGTT	9160.0	4287.1	-697.036
TCCTCC	11763.0	6409.3	-696.742
TCGACC	946.0	367.4	-694.449
CTCAGT	3901.0	3428.6	-693.844
CTGGGC	10339.0	4971.8	-691.040
CACTGT	6257.0	3897.8	-690.530
CTACCT	2954.0	1907.1	-689.847
GGAGCG	988.0	621.3	-687.879
TGTTGC	11563.0	5688.7	-685.638
CAGAGT	9387.0	4434.5	-685.435
AGTGTC	2260.0	1685.3	-684.762
TCAGTG	3249.0	2706.5	-682.654
CCGAGG	1158.0	867.8	-681.303
TCAAGG	2585.0	1905.1	-681.291
CTAACT	1596.0	1388.4	-680.241
CTCCAG	4341.0	4575.7	-678.434
ATCCTG	2653.0	2363.2	-675.423
TGGACT	2612.0	1921.2	-673.507
CGGGTC	465.0	394.7	-673.041
GCCCAC	3000.0	2479.4	-669.383
CTCCGA	582.0	522.0	-663.407
CTGACT	2839.0	2469.8	-663.276
AACTGC	1833.0	1616.8	-662.830
TCCCAG	13300.0	6752.4	-661.438
ATCTTG	9052.0	4281.6	-659.157
CACCCA	11135.0	5489.9	-656.381
TCGTGG	597.0	554.5	-655.544
CAGTGT	3486.0	2774.2	-651.694
TCCACC	10241.0	4984.7	-647.304
TGCCGT	784.0	539.2	-646.717
TCGCTC	5945.0	2559.8	-645.454
CGCCTG	2960.0	2404.1	-641.403
GGCTCC	2149.0	2112.2	-641.269
GCAACG	394.0	317.7	-640.794
CCCTGG	4044.0	3319.2	-640.711
GTTGCC	10033.0	4876.5	-640.160
GGCACA	4918.0	2738.4	-638.336
TGGAAT	4872.0	3133.7	-637.914
GCGGGA	723.0	561.1	-637.282
CAGACT	3395.0	2143.6	-635.572
ATGCAA	1780.0	1489.6	-635.487
AAAGTG	10639.0	5238.2	-633.771
ACCCAG	10591.0	5212.6	-632.628
TCTTGG	10610.0	5235.3	-625.891
CCAGGT	9216.0	4426.2	-625.741
GTCGTG	530.0	379.6	-623.662
ACGATC	2835.0	1037.7	-623.039
GCCTCG	3703.0	1961.9	-621.784
GCGATA	253.0	161.9	-618.455
AGACTG	3617.0	2297.6	-617.306
GGAGTA	2968.0	1733.5	-616.211
TCGCGG	202.0	192.8	-615.907
AGTCTT	9213.0	4439.6	-615.890
CCCGGC	3173.0	2989.5	-611.682
AGTAAT	2461.0	1456.2	-609.877
CAATTC	6233.0	2762.9	-606.884
TTCAAC	1799.0	1710.2	-603.034
TCAGGC	5098.0	3092.4	-599.560
ATTTTT	42828.0	25109.8	-598.231
TGGCAC	7314.0	3385.5	-594.175
CCAAGG	2288.0	2016.3	-592.057
TGGTTC	2990.0	2287.9	-591.940
CGTGGC	822.0	670.8	-589.988
CTTGCT	10563.0	5275.9	-586.683
AACCTA	1113.0	834.5	-583.087
CTCCTA	3952.0	2208.0	-582.065
CGAGGC	1093.0	730.4	-581.142
GTGATG	2591.0	2107.8	-579.614
AGTGTT	4002.0	2628.0	-579.597
GTCTCC	5915.0	3521.2	-579.482
GTTAAA	2080.0	1428.1	-578.629
CACACT	2229.0	2080.6	-578.628
GCAGTA	1904.0	1272.8	-576.975
CCGTGG	861.0	689.8	-576.075
TGGTGC	7189.0	3339.2	-575.483
CTGAAG	3578.0	2667.3	-572.451
AGCAGT	4713.0	2279.5	-572.059
CCAAGC	2520.0	1935.1	-568.254
GTCACG	553.0	332.2	-566.376
CGTGCA	661.0	603.5	-564.272
GGTCCA	1074.0	1021.8	-563.008
TACCTC	2627.0	1706.8	-560.967
GGCTTA	3017.0	1608.2	-560.801
TCCGGC	604.0	506.5	-557.910
TTAAAG	3544.0	2455.0	-554.674
TTGCTC	9762.0	4864.1	-552.638
ATCTCC	4182.0	3288.3	-552.087
AGTCGC	403.0	327.0	-546.772
GCTTAC	2463.0	1134.9	-545.310
GGCTTG	2701.0	2013.0	-543.993
ACGCTG	672.0	571.2	-541.309
GCTAGA	2500.0	1294.5	-540.811
GCAAAC	1565.0	1205.6	-538.532
GAATCT	2264.0	1867.9	-537.673
TTTAAG	5833.0	3405.1	-534.958
CGCTCT	5701.0	2556.0	-534.719
CAAAGT	10333.0	5235.3	-534.002
TCCAGC	3225.0	3267.6	-531.764
TCCCGC	1286.0	910.7	-528.237
GATCTT	7087.0	3349.5	-527.684
CTTCAA	2534.0	2162.6	-527.546
ATGATC	5524.0	2466.4	-526.929
GCGTGC	825.0	808.0	-525.454
TGCCGC	641.0	617.9	-523.984
GGCCTC	9499.0	5735.1	-522.874
GGCGGG	1488.0	1218.0	-518.422
CCTGCG	773.0	712.1	-515.475
CTCTGC	13074.0	6919.0	-514.315
GAGGCT	3436.0	3159.1	-514.293
TAAAGT	2778.0	1977.8	-513.653
TCAATC	1399.0	1370.7	-512.312
CAACCA	1402.0	1308.5	-512.060
CTGCCG	854.0	804.1	-511.856
CAATGC	1028.0	1088.6	-509.555
GTAATC	2397.0	1758.0	-509.273
TCACAG	3376.0	2679.9	-508.943
GAGTGT	3227.0	1795.8	-507.749
GAGCTC	2807.0	2100.7	-504.856
TGCTCA	4104.0	2955.4	-499.258
CGACTC	626.0	368.8	-497.269
TAACCT	2425.0	1546.1	-496.232
AGTCTG	3372.0	2296.8	-495.612
ATGCAG	3138.0	2181.9	-495.583
AATTCT	8433.0	4181.7	-495.409
AACCTT	3042.0	1888.4	-495.084
CCGGAG	908.0	657.0	-490.516
TCAAGA	2795.0	1997.2	-490.043
CAATCG	276.0	196.5	-488.243
GACAGA	7728.0	3781.7	-487.920
TGAAGC	2286.0	1906.1	-487.698
ACTACA	5051.0	3829.3	-487.635
TTTATT	25189.0	14497.5	-487.309
CAGGCG	4125.0	3563.4	-487.034
AGACGG	7687.0	3762.4	-484.594
CCTCTG	12303.0	6526.1	-480.546
TTGCCC	10970.0	5722.3	-479.887
GCTTGA	2313.0	1792.6	-479.566
CCGCCC	2119.0	1586.8	-479.293
CCGCAA	788.0	546.0	-478.097
CTCAGG	7582.0	4559.8	-478.032
CGCAAC	747.0	430.2	-477.849
GGTTCT	2205.0	2093.9	-475.385
AGTCGT	405.0	305.1	-472.988
GGGGTG	2699.0	2110.0	-472.880
ATGGAG	6328.0	3649.3	-472.867
CTGGCG	728.0	700.5	-471.550
GCCCAA	2102.0	1516.6	-465.727
TTGCGA	398.0	294.9	-457.800
CGGTGG	1323.0	939.7	-454.474
GTGTCG	659.0	412.4	-452.216
ATCTCA	9060.0	4639.4	-447.123
CCTCAC	2895.0	2791.3	-446.044
CTGGAA	4997.0	3538.2	-445.626
GAGTAC	2588.0	1186.1	-444.920
TTTTAG	8865.0	8696.3	-444.230
AGGCGG	1625.0	1089.8	-443.932
ATCCGC	1760.0	1070.5	-443.869
GCTAAC	878.0	813.4	-442.319
GAACCT	1396.0	1271.5	-442.165
GTGCGA	2411.0	885.3	-441.864
AGGCCG	1246.0	814.7	-441.722
TCCAGG	4722.0	3576.2	-439.754
ACTGAA	2449.0	1851.9	-437.553
GTCACT	2769.0	2062.2	-436.816
GAGTCA	1848.0	1604.8	-435.654
CTCGCA	568.0	364.8	-434.728
CCCAAA	10240.0	5376.0	-434.333
CTCCAA	2267.0	2355.2	-432.813
TCTTTT	28775.0	16993.7	-427.597
ACCTAC	959.0	886.1	-427.554
AGGAGT	3050.0	2359.0	-427.252
AAACTC	4760.0	2967.3	-427.215
GGCTAA	4494.0	4385.1	-426.637
GTGATA	1539.0	1182.1	-424.474
CAGTGA	4116.0	3078.3	-423.608
CCTACC	2259.0	1451.1	-423.324
CGTTCA	468.0	404.6	-420.351
TTTTAA	16567.0	9319.5	-417.247
GCTGAA	2826.0	2136.3	-416.721
TTTAGA	4246.0	3087.9	-415.206
CGGTCT	762.0	528.9	-415.011
CATCCT	3611.0	2908.5	-414.931
GTGACC	1639.0	1312.6	-413.381
TATTTT	29937.0	17798.8	-412.673
TGGAAC	2136.0	1533.2	-412.293
TCCCAC	6697.0	3301.1	-411.682
AACTCC	9351.0	4884.8	-411.612
CGATAC	170.0	114.7	-411.522
CGCTGT	1156.0	795.9	-408.562
GGTTAA	1285.0	1064.5	-408.223
ACACTG	2062.0	2089.7	-408.201
CCAAAG	9720.0	5123.1	-404.462
GCACGA	2601.0	1013.0	-403.767
GGTGGA	2828.0	2197.0	-403.050
GCGTTC	370.0	429.9	-401.198
GTGTAG	2075.0	1179.6	-397.368
GGCTCT	3300.0	2683.9	-396.343
GTTTTT	20706.0	11997.4	-394.491
ACTCTG	8723.0	4546.6	-391.357
CCAGTG	2573.0	2432.4	-391.019
CACCTG	5503.0	4522.7	-390.985
CGCTGC	1039.0	842.0	-390.106
TGACTC	2165.0	1971.9	-389.916
TTAAGC	2140.0	1299.6	-389.720
GCCTGG	7843.0	6340.1	-388.306
GGGTAC	714.0	702.2	-386.685
TTGAAG	3211.0	2228.9	-386.294
TTTTGG	11912.0	6516.8	-382.823
GTTGAA	2146.0	1727.6	-380.128
CTGGAC	2304.0	1835.1	-379.459
TCGGTC	401.0	360.2	-377.919
ACGTCC	396.0	348.1	-377.754
GTGCAC	2025.0	1725.6	-376.662
GACTCT	1951.0	1876.6	-375.996
GTGCTC	1634.0	1751.7	-374.088
CTGTTG	8606.0	4513.3	-372.981
CGATCG	132.0	87.0	-372.422
TTGTGA	3761.0	2790.8	-372.358
TTATTG	3618.0	2845.8	-371.732
CCGCGT	243.0	261.6	-371.689
TTGGCT	10211.0	5499.6	-370.055
CCGCCG	484.0	475.9	-369.715
CAGGAT	2959.0	2918.7	-369.385
TCAGCC	12995.0	10057.4	-368.076
GGGAGT	2207.0	1747.0	-366.777
GCTCCC	1995.0	2139.1	-366.342
TGGAGA	5113.0	3041.3	-365.582
GTGCTG	10191.0	5505.3	-362.868
CTCGAC	1177.0	506.6	-357.070
TGGCCC	2919.0	2153.8	-356.786
ACAGAG	8220.0	4313.6	-356.474
TAAAGC	1495.0	1222.1	-354.927
CTACTG	1688.0	1384.7	-354.084
GAGACG	7522.0	3895.6	-354.000
CATGCT	2651.0	2290.6	-353.342
CACGAT	2780.0	1154.4	-353.102
CCTGGA	3996.0	3335.4	-350.597
GATTAT	3454.0	2039.2	-350.562
TGAGTC	2340.0	1981.7	-350.221
GTCCAG	2511.0	1899.4	-349.724
AACGAT	686.0	287.3	-349.395
GGACTC	1802.0	1397.8	-348.968
TTCGCC	1149.0	892.7	-346.363
ACTCAC	2253.0	1726.3	-343.412
GGCGAT	778.0	375.9	-342.053
GCTCGG	557.0	625.6	-340.991
GCCTTG	6770.0	3470.8	-339.880
GAGTCG	471.0	368.7	-336.957
TCTGGC	3785.0	3003.2	-335.925
CAAGGC	1910.0	1639.4	-335.748
CAGCTC	8630.0	4607.8	-335.476
TGACAC	1605.0	1345.6	-333.348
GGACTG	1879.0	1663.5	-332.404
GGTCTC	10225.0	5864.8	-331.952
ACTGCT	2516.0	2285.0	-330.581
TCAAAC	4687.0	2534.6	-328.613
AGTGAC	2445.0	1588.7	-327.980
TACAGT	3835.0	2046.4	-325.406
TCCAAC	1381.0	1517.5	-323.815
GATGGA	5788.0	3497.9	-321.870
TCCTAG	2570.0	1708.0	-321.675
GGCCGG	1283.0	854.5	-320.439
CGCCAT	3420.0	1543.1	-319.947
GAGACT	2782.0	2270.3	-318.182
GGGCTG	3595.0	3023.5	-317.427
TTGAGT	3275.0	2557.9	-317.150
CTCGCG	250.0	285.9	-316.365
TCTCCC	7209.0	5334.4	-314.994
GCAGGC	2347.0	2075.0	-314.639
GATACT	1362.0	963.5	-314.248
AGGCTA	3000.0	1777.5	-310.294
TCCCCC	3112.0	2311.0	-309.763
GGGTCC	1312.0	1218.0	-309.370
CTCACC	4082.0	3162.6	-307.794
GGAATG	2981.0	1993.9	-307.736
GACAGG	6822.0	3564.9	-307.651
TTTTAT	18912.0	11171.5	-307.329
ACCGAG	621.0	449.3	-306.507
CGCAAG	376.0	257.8	-306.378
AACTTC	3334.0	2290.6	-304.305
AGCGTC	499.0	334.8	-300.240
ACCTGC	2940.0	2471.0	-299.545
GCTCCG	2420.0	1384.1	-299.514
GTACAG	2863.0	1646.4	-299.501
ATTATT	8031.0	4622.6	-298.883
AGACCG	662.0	369.7	-298.401
ACGTGA	676.0	519.0	-296.933
GCTCAT	3019.0	2152.3	-295.793
GAATGC	2448.0	1600.1	-295.531
CCCGGT	655.0	531.6	-293.390
GGCAGT	2490.0	1826.1	-291.862
GACTGG	2765.0	1952.2	-288.885
TCCCAA	12705.0	7277.2	-287.490
ATTATC	1614.0	1326.1	-285.250
GCACCC	2001.0	1991.4	-284.833
CCGGTT	564.0	474.5	-284.531
CGCCGC	416.0	490.6	-284.404
TAGCTC	3320.0	1826.6	-284.061
CTGCTG	4202.0	4336.9	-283.157
AAGTAA	2560.0	1630.8	-280.489
TCCAAG	1955.0	2021.0	-280.350
ACGCAG	497.0	426.5	-279.897
GTGGCC	2642.0	1893.3	-279.465
GTTGGA	2642.0	1777.1	-278.730
AGTACA	2966.0	1643.7	-278.575
TCTCCG	1202.0	956.1	-275.401
ACTCCA	2266.0	2509.5	-273.859
AATCTT	5328.0	2976.6	-273.410
TTCACG	2566.0	1270.9	-273.028
CTGTAA	3742.0	2858.1	-271.922
TCACTC	8720.0	4813.7	-271.811
CGAGAC	1193.0	698.2	-270.129
AGGCTT	3017.0	2464.6	-268.331
CCAGCC	5342.0	4506.2	-267.478
CGCGCT	272.0	289.1	-267.389
GGCTAG	2785.0	1627.5	-266.393
TCTCAG	10298.0	5825.2	-263.738
TGCCCA	12788.0	7410.2	-262.215
CCTCAA	6316.0	3351.7	-261.248
AGACTC	1907.0	1755.9	-260.997
CAGCGG	696.0	572.0	-260.380
ACAGGG	6606.0	3531.7	-260.249
GTCCAA	1024.0	1021.6	-260.110
CACAGG	2918.0	2463.1	-259.909
GACCGA	392.0	254.0	-259.676
TCTGAC	1944.0	1963.7	-258.895
TGCTGC	3323.0	3203.0	-258.371
ACTCCT	9410.0	5287.2	-255.735
TCACAC	2604.0	2056.4	-255.595
ATATTT	8202.0	5321.5	-255.072
AACTCA	2115.0	1818.4	-254.339
TACAAG	1739.0	1368.7	-252.353
TTTTTA	28456.0	17624.4	-252.291
GGAGTT	4410.0	3418.0	-252.113
ATTCGC	253.0	276.6	-251.980
CTGGGG	3784.0	3355.2	-250.416
GCATTG	1662.0	1374.2	-249.911
AGCTCC	4353.0	3265.0	-249.306
GCTGGG	16731.0	12019.7	-248.260
TTAAGA	3844.0	2045.8	-248.215
CTCCAC	7533.0	4134.9	-247.289
CTGCGT	793.0	735.6	-246.429
GTCTGG	3742.0	2361.8	-245.534
GCGTCT	626.0	494.1	-244.947
AAGCTA	1730.0	1094.0	-244.738
CGCCTA	725.0	382.5	-244.268
CTTACT	4244.0	2131.4	-244.110
GGAGAC	3783.0	1859.5	-244.072
TGGGAT	13572.0	8526.0	-243.404
TACAAC	1440.0	953.4	-242.606
ATTCTT	7828.0	4668.3	-242.244
GCGCGA	2088.0	1067.7	-241.424
TCACGT	634.0	577.3	-240.643
TCCGAC	301.0	228.2	-239.045
TATTGA	2172.0	1946.9	-238.574
GCTGTA	1886.0	1402.1	-238.418
TCTTGA	5890.0	4330.1	-237.666
TGCAGG	2832.0	2846.9	-237.573
GTTTAA	2933.0	2009.6	-237.377
GGCACG	3070.0	1453.9	-236.970
CCCCTG	3172.0	2696.1	-236.090
GGTTGA	1471.0	1196.9	-235.463
TGCATC	2015.0	1836.1	-234.873
TCACTA	2668.0	1820.8	-234.605
CCACGC	2138.0	2359.0	-234.294
ACAAGC	1392.0	1147.4	-234.245
CTCTTG	6633.0	4814.1	-234.134
CGGATT	710.0	445.8	-233.478
AGTCAT	2256.0	1727.2	-233.010
TGGCAT	5852.0	3130.2	-231.388
CTCCTC	3684.0	4796.6	-231.243
TTATGA	2177.0	1818.8	-227.147
GCGATG	422.0	365.8	-226.748
AATTAT	3707.0	2409.3	-225.058
AAGCAG	4397.0	2256.6	-225.020
TTGAAA	4677.0	2893.4	-224.512
TCAGCT	8889.0	5047.7	-223.757
TGATCG	395.0	373.5	-223.535
GAGCCT	2824.0	2179.7	-223.530
GGATTG	1939.0	1659.1	-223.004
TCACCT	4142.0	3226.7	-219.973
TTTATG	4011.0	3207.6	-219.729
AGTCCA	1463.0	1426.9	-219.661
GCTGTG	4452.0	3492.5	-217.859
TATATT	5515.0	3215.9	-217.609
CCGAGT	2494.0	2609.5	-217.239
GTGTTG	4574.0	2379.6	-216.774
GCTGCC	2519.0	2557.0	-216.452
GATCGT	354.0	318.9	-216.306
CTGGTG	3002.0	2666.9	-215.391
AATGAT	3128.0	1921.6	-215.249
TGCACT	2448.0	2484.7	-214.794
TTATAT	4365.0	2726.2	-214.634
GTCCCA	1897.0	1771.8	-214.238
ATCACT	2249.0	2034.9	-212.659
GATTGC	1762.0	1719.2	-212.507
CTGCAT	2794.0	2718.3	-211.792
GTTATT	2921.0	2519.0	-210.734
CCCAGA	4133.0	2832.0	-210.235
CCACTG	4994.0	4035.2	-209.177
TGATGC	1794.0	1652.9	-209.158
TAAGCG	469.0	284.6	-208.550
AGGCAG	5076.0	3745.3	-208.513
GCGTCC	485.0	539.7	-208.253
CACTCT	8246.0	4685.8	-207.903
CGGCAA	334.0	276.3	-207.121
CTAAAG	1783.0	1424.1	-206.946
AGTTAT	1907.0	1505.8	-206.633
TATTAT	6256.0	3604.2	-205.596
GCATGA	5826.0	3175.8	-204.231
CAAGTA	3981.0	3050.5	-203.783
TCATGG	3211.0	2162.4	-202.720
TGCTGG	11008.0	6471.2	-201.998
ACAGGC	9024.0	7536.0	-201.897
GAACTC	6359.0	3517.1	-200.112
TAACTG	1928.0	1603.0	-198.739
GTTTTG	9461.0	7062.9	-197.533
ACTCCG	741.0	529.2	-196.358
TGTAGC	2615.0	1439.8	-195.985
ACTTCA	2668.0	2048.2	-195.740
CGGCTG	839.0	816.5	-195.142
TTTTTC	22437.0	13982.0	-194.884
TCCAGT	2510.0	2702.0	-194.438
AATTTT	20299.0	13194.2	-194.421
CACCCT	2875.0	2581.5	-193.665
CTCCCT	5640.0	5743.5	-193.654
GCAGTT	3509.0	2188.5	-193.362
CAATGG	3698.0	2653.1	-193.287
CGAGCG	222.0	156.1	-192.995
ACAACC	1906.0	1272.9	-192.981
CGTCTC	1340.0	1057.5	-192.495
ATTATA	3983.0	2282.7	-190.792
ATTCTA	2051.0	1852.6	-190.597
GAGATC	1763.0	1541.0	-190.444
GGCGTC	514.0	459.6	-190.242
CGTTTT	1582.0	1301.0	-189.870
CTCAAC	2984.0	1766.7	-189.728
AAGGCT	2158.0	1858.5	-189.423
GCACAC	1726.0	1622.2	-188.832
CGAACT	2154.0	1338.4	-188.755
AGTCTA	1337.0	1139.6	-188.619
AAACCT	2272.0	1783.6	-188.513
TGTGAC	2145.0	1889.3	-186.865
AGCAAC	1241.0	1154.6	-186.784
ACCACC	3576.0	3160.7	-185.541
TTGTTG	6743.0	5434.2	-184.514
GTCTAG	1317.0	943.6	-183.899
GTGGTC	1994.0	1521.8	-183.698
ACAATC	3463.0	1772.0	-182.979
GCTTAA	2091.0	1256.5	-182.737
CGGCGT	244.0	220.8	-181.919
GCAACT	2076.0	1424.7	-181.759
ATCATA	2794.0	1375.2	-180.622
GTGAAG	1663.0	1689.6	-180.536
AAGCGC	423.0	359.1	-180.106
GCCTAC	1152.0	855.6	-179.208
GTCATC	1996.0	1432.0	-179.122
CCTCGC	1022.0	797.0	-178.972
TCCTAC	2072.0	1424.3	-178.535
GATTCG	351.0	305.5	-177.900
GGATTA	12361.0	7442.0	-176.842
ATCTTA	2317.0	1513.7	-176.455
TTAAAA	7997.0	4623.9	-175.511
CCTGCA	2424.0	2796.5	-175.223
TTACTG	3891.0	2481.5	-174.970
TGGTGT	5712.0	3590.7	-174.732
AGATTC	2283.0	1944.6	-174.677
CCTCCA	8858.0	5191.0	-171.089
TTTTGC	7779.0	6020.3	-170.116
AGCCTT	5775.0	3227.0	-169.902
CAGGCA	7213.0	5826.2	-169.424
CCTTGA	4469.0	2413.4	-169.261
ACGCAA	282.0	201.1	-169.045
CAGCGT	709.0	540.4	-168.963
CAACTC	1941.0	1584.6	-168.666
TTTAAA	10742.0	6422.9	-167.992
CCCACT	3145.0	2626.8	-167.642
TTGCAG	3508.0	3136.2	-166.509
ACCCTC	2050.0	2069.3	-166.274
CAAGCC	2397.0	1675.2	-166.103
CATAGC	2547.0	1253.4	-166.023
TTTTCG	1406.0	1017.0	-166.008
TTGCGC	374.0	368.8	-165.470
TTAGAG	2581.0	1884.7	-165.353
AACATC	1419.0	1308.1	-165.335
GACTCC	1682.0	1675.5	-165.012
TAAGTG	2205.0	1569.7	-163.518
CTTTTG	6429.0	5594.2	-163.250
ACGATT	685.0	356.4	-163.021
CCACCC	4421.0	3389.7	-162.968
TAGTGG	2602.0	1536.5	-162.010
GATTAC	11359.0	6848.4	-161.867
CTGGAT	2842.0	2732.1	-161.179
CTAGAG	2856.0	1599.8	-160.775
GCCTAG	2405.0	1585.3	-160.666
CTTGCC	3958.0	2950.9	-160.639
GGTCTT	7019.0	4046.4	-159.735
CATGAT	5029.0	2785.4	-159.520
AATATA	3014.0	1667.9	-158.981
TGTTTT	22682.0	14355.3	-158.733
ACGCCA	2527.0	1254.0	-158.649
TGGATT	3591.0	2956.8	-158.548
TCGATC	958.0	805.4	-158.337
GGTGAT	4762.0	2622.3	-157.725
AGTGGG	2340.0	2041.5	-157.700
AGCCAT	3228.0	2217.5	-156.995
TTGTTT	21638.0	13949.8	-156.295
TGTGGC	3135.0	2548.8	-155.365
GATCTA	976.0	818.5	-154.686
GCGGTC	348.0	324.1	-154.657
TTTCGA	807.0	595.6	-153.525
TTCAAA	3952.0	3053.6	-153.177
AAGTGT	3209.0	2280.6	-153.027
CCAGTC	2050.0	2047.5	-152.237
GGTGCG	2709.0	1372.1	-151.946
TTCTTG	5120.0	4530.2	-151.262
ACTTTT	9964.0	5980.7	-150.950
GCGCTG	654.0	678.6	-149.842
TGCAGA	2564.0	2729.5	-149.634
GTTGCG	336.0	319.9	-149.391
GTAGCC	1886.0	1088.9	-149.081
GTAGTC	1090.0	894.8	-148.609
TTTGTT	21474.0	14493.9	-148.432
ATTTAT	10996.0	6903.5	-147.582
AAGTCT	2437.0	2270.3	-147.000
GGCATG	7760.0	4563.6	-146.993
CGCTGG	857.0	800.1	-146.392
GAGAGC	1507.0	1322.4	-145.766
TACTCC	1160.0	1192.4	-145.578
TGGTCT	8956.0	6883.1	-144.701
TGAACT	5370.0	3039.6	-144.169
CCCAGC	7113.0	6494.5	-143.576
CGGGAG	832.0	931.1	-142.822
GCTGAC	1428.0	1366.7	-141.459
TGTTGA	2947.0	2581.1	-141.334
CCAACC	1348.0	1335.0	-140.916
TCAATG	1128.0	1361.3	-139.609
GATTTT	8149.0	5767.4	-139.376
GCACAA	3453.0	1850.1	-139.076
TATTCT	4040.0	3200.8	-138.865
CGCGTT	160.0	166.5	-138.627
TCGAGA	983.0	622.3	-137.627
ATTACA	12563.0	7744.4	-137.502
TTGAGC	2629.0	2120.3	-137.343
TGCTCT	9510.0	5737.1	-137.171
TCATAG	2875.0	1500.3	-137.066
AGGGTG	2238.0	1937.5	-136.896
TGCACC	3060.0	2484.2	-136.299
CAAGGT	2349.0	1879.6	-136.039
GCCAGG	6120.0	5545.1	-135.937
CCCACC	8124.0	4837.6	-135.902
TGGAGG	3203.0	3031.6	-134.608
TGTGAT	6182.0	3590.8	-134.347
CGTCCC	515.0	500.9	-134.138
AAATTT	8133.0	4851.3	-133.852
CGATTA	344.0	231.4	-133.088
TTGGCG	541.0	437.8	-132.565
TGAGCT	3773.0	2831.0	-131.952
TATTTA	10355.0	6467.8	-131.946
CAGTTG	2493.0	2039.3	-131.886
TACTGG	1885.0	1365.0	-131.873
AACCCC	1651.0	1610.2	-131.115
ATTTTG	8514.0	6246.8	-130.273
CGATCA	722.0	333.8	-129.885
AATCCT	4035.0	2257.9	-128.758
CTGCGA	577.0	478.0	-127.745
CCCTGC	3401.0	3288.6	-127.594
GTCACA	1676.0	1437.8	-127.257
GTCGGC	440.0	354.9	-126.853
CGAAGT	593.0	433.0	-126.670
CAACCC	1369.0	1259.9	-126.431
ATATAA	2545.0	1490.6	-125.367
GGTTTA	2178.0	1684.3	-124.376
GTGGTA	2244.0	1341.8	-124.107
AAAGCG	514.0	387.9	-123.921
GTGTCA	2515.0	1748.1	-122.888
CAACTT	3135.0	2202.1	-122.457
TGGCCT	8452.0	5103.7	-122.400
CAATCC	2940.0	1571.5	-121.310
CTCAGC	19091.0	12193.4	-120.598
TTTATA	5304.0	3760.0	-119.602
TATCGC	314.0	216.7	-119.101
GTGTGA	6065.0	3564.1	-118.027
AATATT	4856.0	3294.9	-117.604
CCTCGA	1448.0	682.0	-117.567
CACTTC	2684.0	2377.4	-117.538
TTTTGT	25425.0	17897.0	-117.227
GTTCAT	2768.0	2209.2	-117.150
TCTCGT	1515.0	767.3	-116.002
GATCCG	1599.0	1000.3	-115.626
TTGACC	3271.0	1791.3	-114.950
AGGATC	1841.0	1442.4	-113.942
CACAGC	3053.0	2523.8	-113.331
TATGTA	2876.0	1553.0	-111.517
CCCGCC	3824.0	2996.6	-111.169
ATGCGA	350.0	235.5	-110.985
GGAATC	1592.0	1329.2	-108.262
ATTCAA	2702.0	1910.7	-108.129
ATAGCT	3371.0	1870.8	-108.089
GGGATT	12962.0	8159.3	-108.000
GTCTTA	2531.0	1482.4	-107.896
CTCGGG	866.0	859.1	-107.881
GGGGGG	2026.0	1040.8	-107.308
GCCTGC	3722.0	3336.4	-107.155
TCGGGT	597.0	527.7	-107.146
TTCACC	4510.0	4612.8	-106.385
CCAGAC	2659.0	1764.4	-105.417
GTGACA	2336.0	1766.5	-105.171
TCTCAA	5507.0	4156.4	-104.714
TGAGAT	7493.0	4768.7	-104.486
GAGTAT	1374.0	1177.1	-104.312
CTAGCG	180.0	225.3	-103.198
AACCAC	1703.0	1341.8	-103.040
CTTGAC	3367.0	1880.3	-102.814
GATCAT	2961.0	1626.0	-102.813
AAGCGG	451.0	387.0	-102.357
GATCTG	3417.0	2347.6	-101.475
TAAATA	3578.0	2502.1	-101.409
CGGGAT	667.0	557.4	-100.832
GGGTTA	1197.0	1049.5	-100.816
CAGGGG	1984.0	1888.9	-100.778
TTTGAA	6227.0	4158.5	-99.656
GCAGGG	3062.0	2323.3	-99.536
TTAATT	7409.0	4510.0	-99.405
TTCTTT	27741.0	18592.2	-99.252
ATCCCA	2549.0	2612.7	-99.017
AGGGAT	2383.0	1871.9	-99.009
AGCCTG	4409.0	3869.1	-98.896
TGCTCC	2012.0	2418.0	-98.842
AAATAT	4630.0	3004.5	-98.532
GTGTTC	1913.0	1868.4	-98.466
ACGGTC	324.0	263.1	-97.796
TGGGTC	1878.0	1824.8	-97.667
GCCATT	5354.0	3171.4	-97.630
CGGTCG	78.0	133.5	-97.464
GTGCAT	2049.0	1737.4	-96.449
GAGCGA	619.0	481.2	-96.315
CACGCA	562.0	496.2	-96.201
TTTCTT	26080.0	18540.4	-95.428
TGTTAC	2367.0	1536.8	-95.221
GGCAGG	4038.0	3351.6	-94.708
TGACCT	7860.0	4830.9	-94.340
TCGCTG	1457.0	975.4	-94.242
AACTCG	450.0	367.4	-94.207
TGATCA	3358.0	1899.6	-93.496
CCCCCA	3265.0	2544.2	-93.130
CTTATT	3849.0	3019.6	-92.185
TAATTT	14262.0	10654.3	-91.689
GCCATC	3499.0	1994.9	-91.470
CGCGTC	184.0	192.6	-91.400
AGCTCT	3507.0	3060.3	-91.003
GCGTGA	4131.0	2401.1	-90.968
GCAATA	1151.0	929.6	-90.767
CCCATG	2152.0	1802.2	-90.340
TTTTCT	23435.0	16904.4	-89.080
CCTTGG	5633.0	3661.0	-88.947
TGCTGT	4664.0	3928.9	-88.729
GACGTA	184.0	172.0	-87.995
TCCTCG	701.0	751.8	-87.630
CGCTAT	640.0	367.8	-86.876
AGTCAC	1708.0	1560.2	-86.789
AACTCT	2819.0	2219.6	-85.882
TGGGAC	5002.0	4157.2	-84.590
CCCCCC	2490.0	1373.6	-84.566
TTGATC	2313.0	1955.1	-83.904
TAGTCT	2050.0	1716.7	-82.966
CGTCGC	238.0	132.0	-82.743
ACAGCA	2014.0	1920.8	-81.664
CGGACT	425.0	392.2	-81.244
ACCGAT	164.0	158.8	-80.943
AGGTTG	2930.0	2463.9	-80.672
CCCTCC	3748.0	4756.9	-80.475
CTTAAG	2313.0	1410.0	-80.444
AATCGA	267.0	189.4	-78.878
GGAACC	1125.0	989.1	-78.667
GCTCTA	1300.0	1199.3	-77.464
TATTAA	2849.0	1947.0	-76.805
TATTTG	4256.0	3602.0	-76.216
GAGGGC	1700.0	1570.0	-75.333
CTGTGG	3908.0	3290.9	-75.125
GAAACC	1648.0	1629.8	-75.121
CAAGGG	1998.0	1497.9	-74.987
TCGGTT	622.0	528.9	-74.529
GCTCTC	2135.0	2421.3	-74.104
CCTACG	221.0	252.1	-73.884
TCGCAG	418.0	382.2	-73.439
GTTCTA	1340.0	1217.4	-73.264
GCCCTG	3423.0	2803.0	-73.122
TCCGCG	144.0	249.7	-72.993
TCGCCG	276.0	227.6	-72.987
TTCTGC	5330.0	4384.8	-72.613
GTCCCG	487.0	444.1	-72.574
TCAGGT	5294.0	3244.7	-72.512
ATTGTT	3894.0	2671.4	-71.653
CATAGT	1807.0	1308.3	-71.368
ACTCGG	484.0	552.9	-70.411
TAAGAC	1647.0	1015.7	-70.199
GGATCT	2134.0	1723.8	-70.071
AGCGGC	482.0	450.2	-69.960
CGTGCT	683.0	614.3	-69.881
CACTGA	2276.0	2084.7	-69.849
TTATAA	3036.0	2229.6	-69.413
ATGTAT	3220.0	1880.4	-69.166
TAGAGA	6076.0	6215.0	-68.869
TTGATA	2299.0	1657.9	-68.180
TGACGC	389.0	306.3	-67.943
ACCAGG	2389.0	1979.5	-67.647
TCAACT	2091.0	1676.0	-67.455
TTTGGA	6072.0	3767.2	-66.390
CGTAGT	293.0	282.3	-66.378
CCTGGT	3161.0	2657.1	-66.185
TTGAGG	4391.0	2656.3	-66.030
GCTACC	1074.0	901.1	-65.857
ATCGCG	145.0	173.3	-65.505
ATTTTA	10645.0	6863.8	-64.622
CAAGTT	2402.0	1909.9	-63.934
GCAAGT	1380.0	1287.8	-63.738
AGAGCA	2061.0	1999.9	-63.615
AGCTCG	525.0	437.0	-63.422
GGGTGG	2850.0	2573.4	-63.410
CAGAGG	2415.0	2644.6	-63.390
AGGTGA	4899.0	3002.5	-63.220
CGCGCA	197.0	238.0	-62.464
GATATA	1310.0	905.8	-62.144
AAGTTA	1864.0	1459.2	-62.085
TTTGGG	5720.0	4407.7	-61.628
CTTGGG	3230.0	2583.3	-61.138
CATTGC	2828.0	2139.6	-61.108
CACTAC	2003.0	1306.5	-60.556
ATTTAA	4547.0	2985.6	-59.860
CTCAAA	6266.0	3932.4	-59.232
CTGCAC	2707.0	2776.0	-59.213
ACATCC	1357.0	1381.3	-58.878
TGACTG	2262.0	1925.2	-58.616
GCGCTC	393.0	562.1	-58.611
CACAAT	3641.0	2192.3	-58.177
GGTGTG	6888.0	4355.2	-58.094
CCAAGT	4313.0	3730.4	-58.078
CTGAAA	3266.0	2618.1	-57.998
AGCGCT	464.0	497.4	-57.823
ATTCTG	3541.0	3512.9	-57.768
GGTCTG	2773.0	1929.9	-57.476
CTAGTG	1169.0	999.6	-57.412
TAATAT	3016.0	1787.9	-57.059
ATTGAT	2200.0	2010.8	-56.869
GATCGA	273.0	254.0	-56.868
TTGAAC	4899.0	3030.3	-56.757
TTATTA	6443.0	4064.4	-56.692
TATAAA	3026.0	2228.2	-56.419
TCTACC	2000.0	1596.2	-56.040
ATTAAA	3644.0	2334.9	-55.967
ATATAG	1528.0	1041.9	-55.756
TGCAAA	2715.0	2546.8	-55.534
TATAAT	2965.0	1765.3	-54.883
CCACCG	2126.0	1736.0	-54.709
TTATTC	2843.0	2766.5	-54.522
GCCCGG	2539.0	2462.7	-54.423
TTGACA	2290.0	1613.0	-54.384
AGTTTT	8313.0	6135.9	-54.170
AGAGAT	4223.0	3865.0	-54.107
ATATAC	1717.0	1112.4	-54.003
AGCGTT	467.0	392.3	-52.991
ATTGGC	1569.0	1464.9	-52.859
AATACT	2113.0	1365.0	-52.659
ATATTA	2476.0	1675.2	-52.622
TCGGCG	198.0	200.5	-52.089
GCTCCT	2288.0	2818.1	-52.026
CGCGGC	345.0	314.7	-51.762
GGCGTA	346.0	222.8	-51.749
GGCGCG	2442.0	1433.9	-51.245
TAAAAT	5328.0	3345.7	-50.895
CAGGCC	2997.0	2575.8	-50.887
AACCTG	1960.0	1875.2	-50.745
CTCCGT	1371.0	913.6	-50.649
TTTGTG	6071.0	4954.3	-50.484
CACTCC	2304.0	2547.4	-50.336
AAACGA	738.0	364.6	-50.323
GTGACG	626.0	401.2	-50.019
TTCTCG	1378.0	945.9	-49.892
ACCCGG	1157.0	998.5	-49.763
TCGTCC	563.0	345.4	-49.489
GTATAT	2572.0	1523.2	-49.410
CCGTCG	211.0	129.6	-49.352
GGGACG	696.0	341.9	-49.047
GGTCGC	240.0	258.2	-48.968
ATTCAC	1885.0	1622.8	-48.943
CGGCTT	1164.0	732.5	-48.748
CATTGG	1631.0	1442.8	-48.600
CATTTT	10618.0	7682.6	-48.251
CACCTA	1807.0	1243.0	-48.128
CAAGAG	2406.0	1887.4	-47.836
GCGACA	368.0	337.0	-47.388
CCCCCG	1116.0	773.0	-47.197
TTAAAT	5501.0	3480.7	-47.181
AATAAT	3656.0	2247.8	-46.781
ATCGTC	229.0	261.6	-46.595
ATGCTG	2864.0	2548.3	-46.118
AATTGA	2059.0	1516.6	-46.076
GTCGAC	190.0	126.4	-46.014
CGTGGG	656.0	623.3	-45.312
AGCTAT	1892.0	1298.0	-45.290
GCAGGA	2328.0	2451.9	-45.156
TGGTAC	1477.0	1073.2	-44.782
TGCTAC	1262.0	1075.7	-44.534
CACGGT	604.0	559.7	-43.918
TTTGAT	4406.0	3829.5	-43.292
CATGGC	3216.0	1970.8	-43.056
ACACAG	2189.0	2215.0	-43.051
TCCTGA	10287.0	7776.6	-42.971
TTAAAC	2549.0	1652.2	-42.292
AACCGA	195.0	254.1	-42.283
TTAGAC	1400.0	1041.4	-42.275
CCATTC	5572.0	3556.0	-42.160
ACCCCC	1609.0	1427.7	-42.141
CCCCCT	2387.0	2165.1	-41.876
AGGGCA	1992.0	1937.0	-41.783
CTTGAA	5524.0	3525.8	-41.760
CAAACG	623.0	369.7	-41.741
GATACA	1321.0	903.6	-41.613
GGGTCG	313.0	294.1	-41.604
ATAATA	2761.0	1687.6	-41.561
CCCAGT	2893.0	2754.2	-41.279
AGAGAC	5328.0	4778.1	-40.826
CCATGC	4367.0	3896.1	-40.755
TTCAGG	3470.0	2890.8	-40.691
GATCGC	379.0	397.9	-40.371
TAGCCT	3009.0	1846.7	-39.999
CTAGGT	1452.0	1185.1	-39.934
CCTCAG	15975.0	11509.7	-39.924
ATAAAT	3355.0	2715.7	-39.868
GACTCG	338.0	287.0	-39.627
GGAGCC	2094.0	1693.9	-39.179
TCTGGG	4366.0	3721.1	-38.996
ATTGAG	1779.0	1605.1	-38.791
GACACG	508.0	376.9	-38.739
AAGGGA	2556.0	2092.1	-37.974
CCGGCC	1817.0	1541.1	-37.908
TTCAAT	2087.0	2049.5	-37.692
CGACGG	130.0	115.7	-37.631
ATTTTC	7156.0	6203.5	-37.410
CCAGGA	3391.0	3628.5	-37.348
TGTTCA	2751.0	2732.1	-37.218
TTTAAT	7710.0	5095.3	-37.217
CACAGT	2993.0	2390.6	-37.163
GTGAAC	1433.0	1098.9	-36.957
TAATTA	3085.0	1910.8	-36.870
CTTGTT	4819.0	4003.5	-36.283
ACGCCT	1390.0	1357.9	-36.134
GTACGA	324.0	144.3	-36.052
TGTATA	2937.0	1816.5	-35.916
TTGGCC	7620.0	4992.0	-35.832
TGAAAT	4042.0	2771.9	-35.214
TCTAGG	1604.0	1433.7	-34.825
GGCAAC	1305.0	1275.4	-34.624
TACTTT	5762.0	3731.1	-34.384
TACGAT	369.0	256.0	-34.378
TGACCC	1595.0	1428.8	-34.346
GTCATG	1721.0	1322.5	-34.154
ACTCAA	2009.0	1513.7	-33.917
TCAGTC	2480.0	2152.5	-33.873
ATAATT	3912.0	2479.3	-33.751
TTAAGT	2924.0	2202.4	-33.705
CAACAT	1977.0	1872.1	-33.446
GCTGGC	2551.0	2453.5	-33.374
GGATGG	2622.0	2549.5	-33.271
ACTGGG	2654.0	2276.9	-32.994
CGGTCA	310.0	281.4	-32.814
ACGTAG	351.0	327.3	-32.753
TTGCAA	2848.0	2206.3	-32.612
AAGCGT	425.0	340.8	-32.501
CGCCCG	2040.0	2223.0	-32.187
AATGCT	2596.0	2048.0	-32.155
TAGCGC	230.0	220.3	-32.025
CGGATC	370.0	325.7	-31.686
ACAGCG	452.0	431.7	-31.313
GTTACC	1541.0	952.7	-31.080
TCTTGT	5831.0	4459.4	-30.582
CTCGCC	1358.0	843.9	-30.448
CGCCTT	1663.0	994.9	-30.404
AAGTTC	2027.0	1893.8	-30.324
GCAGAG	3223.0	2727.3	-30.040
GAGATT	3206.0	2417.4	-30.033
ATGGCT	3662.0	2331.7	-29.947
AGGGTT	3076.0	2967.9	-29.485
AAGCTG	3007.0	2480.2	-29.461
CAAGTC	1379.0	1407.6	-29.277
CCCCAG	4020.0	3178.8	-29.221
ACTCAG	2604.0	2330.2	-29.082
CGGAAT	373.0	340.3	-29.047
TCTTAC	2682.0	1678.9	-28.494
TCAAAT	3358.0	2361.4	-28.231
GCGACG	136.0	129.3	-28.179
TGATTT	6636.0	5430.3	-27.741
CACGTG	964.0	924.6	-27.532
GGACGG	652.0	354.3	-26.931
ACTATA	1852.0	1132.2	-26.772
CGTGCC	1962.0	1369.3	-26.744
ATTAAT	2979.0	1936.2	-26.717
TAAACT	2315.0	1863.5	-26.556
GCTTCA	2840.0	2369.4	-26.361
CAATTG	1199.0	1083.2	-26.257
ATGATT	3077.0	2277.1	-25.887
AGTACT	1821.0	1182.8	-25.725
TGATTA	2315.0	1750.7	-25.680
ACAGTC	2712.0	1712.9	-25.635
ATAGTG	1592.0	1264.4	-25.530
AATGTA	2406.0	1568.2	-25.471
ACTCTC	1907.0	2004.0	-25.275
ATTGTC	1856.0	1575.6	-25.274
TCATTG	3433.0	2688.7	-25.129
GCAACA	1607.0	1450.7	-25.013
ATGTCG	382.0	338.6	-24.962
GACACA	1594.0	1580.4	-24.814
GTGCTA	1958.0	1259.7	-24.700
ATAGTA	1654.0	1010.1	-24.482
TGCGCT	462.0	488.9	-24.435
TAATCT	2611.0	1867.1	-24.387
GGGCAG	2665.0	2549.9	-24.168
TTAATA	3304.0	2121.2	-24.148
TTGGGA	5049.0	3466.3	-24.144
AACGGA	506.0	270.0	-23.916
GAAGTC	1487.0	1530.6	-23.805
ACTCCC	2220.0	1987.6	-23.720
AGCCCA	2670.0	2196.4	-23.706
AGTCCT	2897.0	2145.5	-23.619
ACCGGG	529.0	383.5	-23.450
TTACAG	12039.0	8169.5	-23.348
CGGCGC	299.0	317.4	-23.321
TCAGAC	1718.0	1520.2	-22.938
TATGAG	1407.0	1273.3	-22.658
TAGACG	387.0	199.7	-22.639
TACGCC	327.0	336.9	-22.619
ATCCAC	3628.0	2351.6	-22.596
AAACTT	3538.0	2439.1	-22.490
GGAGAG	2316.0	2375.9	-22.132
CTCTGG	3435.0	3884.4	-22.067
TAACTC	1559.0	1227.9	-22.064
TATTGC	2001.0	1664.9	-22.055
GATCCA	3369.0	2178.5	-22.009
GCTATG	1612.0	1289.9	-21.944
TATGTT	4299.0	3019.1	-21.912
ATCGCA	296.0	304.2	-21.820
ATTTGA	3156.0	2773.5	-21.677
GGTTGG	2907.0	1940.4	-21.664
CTACAA	2029.0	1385.1	-21.592
TAAATT	4908.0	3238.5	-21.448
ATCTAG	1155.0	1013.7	-21.400
ATCCTA	1328.0	1110.4	-21.292
GCGGCG	460.0	448.2	-21.043
CTCCCC	3242.0	3754.8	-20.532
GCCCCG	796.0	678.0	-20.426
ACTTAA	2136.0	1351.7	-20.355
GGAGGG	2706.0	2622.5	-20.162
GATACG	284.0	221.9	-19.858
CATTCT	7203.0	4918.5	-19.812
TATTGT	3037.0	2163.5	-19.809
TGTTAT	2951.0	2311.1	-19.722
CGTAAT	334.0	254.5	-19.539
TATCCT	2072.0	1933.6	-19.370
ATACTT	2600.0	1705.1	-19.259
CAATCA	2169.0	1593.4	-18.934
TCTGTT	10464.0	7124.4	-18.927
AGCTGG	9473.0	9053.1	-18.827
ACGGCG	155.0	177.7	-18.063
TGAGCC	7182.0	5539.6	-17.982
ATCTTT	5824.0	4346.5	-17.371
AGCGAC	303.0	289.6	-17.195
CCACGT	980.0	814.2	-17.058
GACGCA	316.0	296.4	-17.052
TACAAT	1890.0	1363.5	-16.890
GTGGGA	2510.0	2162.9	-16.676
TTACTT	4500.0	2996.3	-16.557
CGTCCG	228.0	237.9	-16.530
GACTGA	1797.0	1390.3	-16.245
ACGCTC	263.0	371.4	-16.152
TGTAAT	3699.0	2848.7	-16.048
AAAGTC	1837.0	1800.4	-15.934
GCACAG	2429.0	2012.4	-15.914
GTTGAG	1730.0	1448.4	-15.714
AATTAA	3177.0	2090.0	-15.547
TTTGCG	609.0	568.0	-15.419
CGAGCT	510.0	445.6	-15.266
TATATG	2351.0	1526.7	-15.244
CTACCG	341.0	311.4	-15.147
TCGAAC	2016.0	1298.8	-15.035
TAGAGG	2141.0	1384.6	-14.997
TTCTGG	4565.0	4121.0	-14.961
TCCCTG	4103.0	3826.6	-14.917
TCCGTC	1135.0	749.9	-14.861
ATATGT	2841.0	1866.3	-14.616
ATGTTT	5552.0	3744.6	-14.596
TTCCAG	4070.0	3709.0	-14.569
ATCGTA	298.0	160.7	-14.562
TCTCTG	6334.0	6840.0	-14.289
ATGTAA	2221.0	1444.8	-14.133
GTGAGA	2252.0	2224.2	-14.124
CACGCG	214.0	247.2	-14.122
CTTGGT	2688.0	2543.5	-13.765
CTACGC	252.0	259.5	-13.634
GTTTCA	5591.0	6025.4	-13.427
ATACTA	1247.0	786.1	-13.391
AACTTT	5144.0	3474.7	-13.287
CTTAAA	3029.0	2007.3	-13.073
TTATAG	3143.0	2086.3	-13.066
ACCTTG	3763.0	2515.5	-13.066
CATAAT	1986.0	1290.9	-13.020
ACCTAG	1604.0	1055.8	-12.973
ATACAG	1828.0	1319.8	-12.965
TCTGGA	3215.0	3081.9	-12.661
GCGAAC	243.0	130.7	-12.498
GTACTG	1478.0	1034.6	-12.373
TTATCC	1642.0	1651.8	-12.250
AAGCCA	3052.0	2293.3	-12.185
TTGTCC	2912.0	2154.8	-11.880
GATCCC	1001.0	1082.9	-11.862
GTTTGA	2638.0	2499.0	-11.835
GTAATT	2728.0	1837.6	-11.798
ATCGAT	272.0	265.0	-11.791
CCTTTT	9996.0	6897.2	-11.777
GATTAA	1492.0	1121.4	-11.733
AGATTA	2426.0	1602.0	-11.567
ACTGTC	2010.0	1759.9	-11.434
CAGGTG	8697.0	5992.0	-11.195
AAATCT	2862.0	2369.2	-11.185
CCAGCT	5067.0	5334.3	-10.974
CGCGGG	314.0	271.2	-10.965
TGTCTC	5912.0	4947.1	-10.964
ATACGG	268.0	208.9	-10.775
CGCCGT	263.0	216.1	-10.705
TGATAT	2061.0	1773.2	-10.644
GTCGGA	244.0	222.5	-10.588
TATACC	1078.0	687.0	-10.579
TTTCAA	3972.0	3746.1	-10.500
AATTTA	4219.0	2858.5	-10.447
AAAATT	6181.0	4267.3	-10.361
TGTTGG	5827.0	4910.6	-10.360
CGCAGC	664.0	627.7	-10.335
GTTTAT	3347.0	2691.9	-10.323
TGCCAT	4458.0	3028.7	-10.239
CTTCTG	6687.0	4721.4	-10.071
TCACTT	4184.0	3569.4	-10.062
ATATCG	212.0	184.4	-10.025
TTCATG	3484.0	2808.3	-10.023
AAATGA	3862.0	2623.2	-9.963
GTCGTC	437.0	261.2	-9.710
TTTGAC	2912.0	2155.9	-9.656
TTGATT	4049.0	3846.4	-9.474
TCTTAT	2700.0	2476.5	-9.427
TAAGCA	1990.0	1318.1	-9.409
GAGCAG	2296.0	2016.1	-9.380
ATCGGC	288.0	242.7	-9.355
TAATAC	1449.0	946.3	-9.348
CGGTGT	508.0	506.3	-9.265
TGTAGA	3340.0	2258.4	-9.167
TTGACG	370.0	332.3	-9.072
AATTGT	2574.0	1956.8	-9.052
CATACT	1481.0	1091.5	-9.003
TACCGG	271.0	219.4	-8.929
AGTATT	2788.0	2113.0	-8.768
ACAAGT	1602.0	1333.4	-8.730
AGGCGA	833.0	530.3	-8.688
GCGCTA	373.0	222.1	-8.683
GACTTG	1687.0	1587.1	-8.666
CTATTT	4741.0	3956.7	-8.499
TCCGCT	1084.0	702.2	-8.374
CGATAT	265.0	192.9	-8.370
ATACAT	2270.0	1521.3	-8.235
ATCCCG	408.0	337.2	-8.104
TACTTA	1904.0	1269.6	-8.030
TAATAA	2716.0	1835.0	-8.007
GAGGCA	3671.0	2734.8	-7.984
TATTGG	1756.0	1797.0	-7.830
CTATGT	2764.0	2239.1	-7.804
GTGGAA	2073.0	1750.2	-7.788
CCGTCA	568.0	356.7	-7.619
ACTATT	2044.0	1461.6	-7.538
TCCCCG	850.0	760.4	-7.532
AATCGT	313.0	257.1	-7.492
TAAAAA	6021.0	4164.6	-7.430
TCAATT	2211.0	2163.5	-7.371
TACTAC	1025.0	670.0	-7.244
ACGGAT	224.0	231.3	-7.174
GATTGT	1937.0	1524.7	-7.139
CGCAAA	266.0	300.4	-7.092
CTTTTA	5412.0	4469.7	-6.983
TCGCAA	258.0	231.3	-6.968
TCTGCA	2542.0	3237.7	-6.842
TAACTA	1265.0	838.0	-6.796
TAAGCT	1580.0	1108.3	-6.721
ATCACG	876.0	586.4	-6.687
TACGTA	336.0	205.6	-6.680
ACATAT	2114.0	1459.4	-6.599
CATATA	2032.0	1378.8	-6.476
CTACCA	1743.0	1495.8	-6.453
TAGAAT	2429.0	1651.6	-6.323
TATAGG	2367.0	1609.0	-6.284
AGCTTA	1931.0	1307.7	-6.270
GTTGAC	1095.0	969.4	-6.265
CGACAG	350.0	398.7	-6.132
CGTAGC	405.0	253.7	-6.010
GTATTG	1560.0	1250.7	-5.928
TACATA	1921.0	1323.5	-5.867
AATCAT	2696.0	1845.5	-5.771
TACTCT	2848.0	1953.3	-5.698
GCTAAA	1414.0	1144.8	-5.665
TACGGA	252.0	203.3	-5.567
ATGTGA	2488.0	1958.7	-5.534
ATACGT	415.0	262.7	-5.492
GTATGC	982.0	650.9	-5.486
TAGCCC	1266.0	1095.3	-5.483
AACTGA	1789.0	1623.3	-5.458
GTTCTC	3299.0	2546.5	-5.407
GACAGT	2398.0	1640.2	-5.393
TATCTT	3742.0	2874.8	-5.250
ACTCTT	4012.0	3056.9	-5.247
GTGCCA	3809.0	2949.2	-5.222
ACACCT	2457.0	2241.9	-5.176
CGGTAC	184.0	110.3	-5.087
TAATGT	2588.0	1777.4	-5.072
TAGCGA	279.0	173.1	-5.072
TCTAAC	1056.0	1159.2	-5.062
AGCCTA	1544.0	1256.0	-5.018
ACGGCT	687.0	451.6	-5.004
CGTACT	229.0	186.0	-4.992
TGAACC	1682.0	1659.4	-4.991
ACGGGG	2101.0	1808.1	-4.936
CTTTAT	4167.0	3840.2	-4.892
GAGACC	2565.0	1835.6	-4.844
AAAATG	4566.0	3178.0	-4.838
ATCATG	2966.0	2047.7	-4.834
TATACT	1737.0	1183.9	-4.796
GTCATA	1389.0	941.0	-4.733
AACAAT	1984.0	1534.0	-4.695
AATAAC	1574.0	1071.2	-4.612
TGTGCA	2974.0	2815.5	-4.591
GGCTGC	2747.0	2927.1	-4.584
TGGCTT	4981.0	4154.5	-4.557
GTTCTG	2963.0	2692.7	-4.532
TCGTAC	174.0	117.5	-4.525
GGGTTG	1781.0	1732.5	-4.507
ACAATT	2369.0	1731.2	-4.461
GACTAT	1339.0	908.4	-4.385
TCTTAA	3144.0	2179.8	-4.379
CTAGAC	877.0	741.9	-4.337
TTGTCG	841.0	563.1	-4.180
CCATCT	5209.0	3648.6	-4.170
CACCCG	2088.0	1559.3	-4.098
GCCGAG	1058.0	1011.1	-4.080
TTCTAG	2416.0	2433.3	-4.065
ATAATC	1620.0	1210.9	-4.041
TCGACT	528.0	348.9	-3.916
GTATCG	170.0	155.0	-3.892
GTATAA	1447.0	990.2	-3.839
TCGGAT	275.0	288.1	-3.833
AATGTT	3649.0	2649.8	-3.787
TGTCGT	699.0	467.6	-3.785
CGATTT	1036.0	702.4	-3.751
TACCTT	2433.0	1688.0	-3.665
TCTTTG	4677.0	5291.8	-3.651
CGTAAC	224.0	142.0	-3.598
TAGTGA	1622.0	1426.5	-3.584
GAAATT	3175.0	2214.6	-3.583
TGACGG	516.0	342.3	-3.567
AAATTA	3744.0	2912.0	-3.523
TGGCTG	4535.0	4153.3	-3.465
GGGGCG	789.0	722.8	-3.423
ATAATG	2049.0	1420.3	-3.378
GGCAAT	1593.0	1181.2	-3.314
TCGCCA	1326.0	911.2	-3.293
ATCATC	1454.0	1468.2	-3.283
AAAGTA	2605.0	1816.7	-3.274
GGTACG	340.0	240.2	-3.237
ATGTAG	1604.0	1108.6	-3.234
TGTTGT	5632.0	4348.4	-3.233
GATAGA	1379.0	1078.5	-3.231
AACTTA	1746.0	1209.7	-3.203
GCGTAC	180.0	114.0	-3.187
TGAGTG	2648.0	2369.4	-3.169
CTTTGT	5736.0	5238.5	-3.167
GTCCGC	356.0	333.6	-3.150
CTCGAT	1068.0	908.0	-3.090
GTATTT	8577.0	7821.7	-3.085
CAGCAA	1972.0	2054.9	-3.062
GACGGG	2348.0	1835.6	-3.044
GTTAAT	2041.0	1420.4	-3.035
AGGGCT	2195.0	2154.3	-2.974
TCATCC	2307.0	1972.0	-2.960
CAATGT	1573.0	1565.2	-2.904
ATAACT	1817.0	1264.1	-2.838
TATCAC	1398.0	1266.8	-2.655
TTGCCT	5340.0	4561.5	-2.643
GTGTAA	1602.0	1245.1	-2.643
TAAGAG	1962.0	1371.0	-2.604
AATGGC	3382.0	2512.6	-2.601
GTGTGC	2860.0	2572.7	-2.579
CTTAAT	2391.0	1676.6	-2.577
CTCGAA	2072.0	1452.8	-2.431
GGCGGA	1068.0	740.4	-2.403
GTGGGG	3018.0	2342.2	-2.384
TGTTAA	2783.0	1959.9	-2.382
GTTATA	1343.0	936.0	-2.374
ACAGTA	1660.0	1160.4	-2.337
GTAGCG	403.0	272.0	-2.334
CATACC	1323.0	922.8	-2.270
TAACTT	3134.0	2212.7	-2.263
CAGTAG	2414.0	1699.5	-2.239
TGTCGG	446.0	386.5	-2.200
AAGTAT	2012.0	1414.6	-2.189
ACGTAT	374.0	253.3	-2.170
AGGGGC	1498.0	1582.0	-2.128
CTATAT	1693.0	1273.9	-2.115
GCGGCA	477.0	375.5	-2.110
ATTGTA	2282.0	1608.5	-2.056
GAATTA	2240.0	1578.4	-2.043
TATAAC	1209.0	845.8	-2.029
GCTATC	1238.0	866.3	-2.003
TCGATA	219.0	147.7	-1.961
CCGATC	328.0	254.2	-1.955
GCCTCT	5613.0	4414.1	-1.943
AAGACG	599.0	413.5	-1.943
GAGATA	2010.0	1585.2	-1.857
CGCCGA	189.0	177.6	-1.849
AGGTGC	2584.0	2738.0	-1.839
GGCTGT	2892.0	2458.1	-1.830
TGTATT	8080.0	7333.9	-1.777
GTTTTA	4772.0	3945.1	-1.706
GATGCT	1487.0	1679.2	-1.702
GTACTA	804.0	562.6	-1.688
CCATAC	1182.0	832.3	-1.679
AATTAC	2151.0	1523.4	-1.677
AAGAGA	3555.0	2528.1	-1.670
ATAAAA	3758.0	2674.8	-1.670
CCTCGT	1518.0	1198.7	-1.629
CCGGAT	577.0	402.7	-1.603
GTATAC	862.0	605.0	-1.587
ATTGAA	2273.0	1613.2	-1.580
GACTAC	3283.0	2998.0	-1.567
GCGTCG	152.0	103.4	-1.530
TAAAGA	2757.0	1961.5	-1.521
TTAACT	2824.0	2009.0	-1.517
CTAGCT	1809.0	1600.4	-1.517
GCGGTA	213.0	146.2	-1.499
ACCATT	2804.0	1996.6	-1.495
TTGTTA	3244.0	2561.7	-1.489
TCTGCT	4990.0	4581.7	-1.480
TATACA	1810.0	1330.0	-1.477
ACTATC	984.0	695.0	-1.434
CAGTTC	3234.0	2307.9	-1.385
GCTGGT	6915.0	5150.8	-1.384
AGATCA	1740.0	1679.8	-1.326
GGGGGT	2018.0	1437.5	-1.285
ACTGGC	1592.0	1676.7	-1.249
GTATTA	1754.0	1250.5	-1.247
ATACCA	1388.0	987.9	-1.246
TCGTAG	346.0	242.2	-1.224
TAGTAC	947.0	672.5	-1.223
ATGTAC	1324.0	943.6	-1.181
ACTGAT	1691.0	1629.9	-1.177
AAGTAC	1403.0	1022.1	-1.171
TCCCGA	2778.0	2715.9	-1.162
TGCATT	3540.0	3432.3	-1.145
CCGACT	468.0	367.9	-1.121
GTTGCA	1751.0	1684.7	-1.111
GAGATG	7453.0	5354.5	-1.098
TACTAT	1648.0	1178.2	-1.092
TAAGTA	1688.0	1207.1	-1.055
TAAGAT	2003.0	1434.1	-1.031
AACATT	3099.0	2223.5	-1.027
AATGGT	2691.0	1930.0	-1.019
ACTACT	1266.0	905.5	-1.012
GTAGCA	1499.0	1073.0	-1.008
GAAGCG	454.0	384.9	-0.977
CGCCAG	965.0	690.8	-0.970
TAACGG	240.0	170.3	-0.964
TTTTAC	5088.0	3710.1	-0.961
GTAACA	1234.0	884.7	-0.960
AAAGTT	3212.0	2405.0	-0.952
CTATAC	771.0	551.1	-0.923
TATTAC	1704.0	1253.1	-0.915
GGTGTC	1767.0	1576.8	-0.899
GTACTT	1908.0	1370.0	-0.895
TTAACG	361.0	257.4	-0.884
GTTGGG	2969.0	2135.5	-0.881
AGACTT	2415.0	1861.4	-0.877
CTGCGC	1051.0	881.6	-0.870
CGTACA	258.0	184.2	-0.869
AACATA	1929.0	1387.0	-0.847
ATGGCG	1064.0	998.6	-0.840
TTTAAC	3048.0	2194.2	-0.834
CCTGAC	5536.0	4241.0	-0.834
AGTATA	1660.0	1194.2	-0.813
CTATCG	282.0	233.7	-0.793
ATACTG	1674.0	1205.1	-0.785
GAATAA	1874.0	1350.6	-0.783
CAAATG	2946.0	2191.7	-0.752
CTGAGT	5631.0	4467.0	-0.741
TTACTA	1839.0	1326.1	-0.740
GTAATA	1278.0	922.7	-0.708
ATACCT	1673.0	1207.8	-0.706
AGAGGC	2539.0	2098.8	-0.692
AGCCAC	6798.0	4909.6	-0.686
CCTAAG	1480.0	1281.9	-0.685
GCGTAA	286.0	230.6	-0.678
GGTGTA	1360.0	983.8	-0.670
CTGGCA	2628.0	2536.3	-0.663
GAACTT	2390.0	1772.3	-0.655
TAAATG	3053.0	2207.3	-0.652
CAGTCC	2339.0	1692.3	-0.636
AGACGA	656.0	475.6	-0.632
AATCTA	1302.0	1068.4	-0.626
AAATAA	4605.0	3331.4	-0.608
GGCATA	1348.0	984.6	-0.608
TTGGCA	2550.0	2233.4	-0.603
AGTTAA	1899.0	1376.4	-0.586
TATCGG	193.0	180.2	-0.584
ACGATA	216.0	165.0	-0.560
GTCGTA	177.0	135.5	-0.551
GCAGAC	1145.0	1076.0	-0.549
AGATCT	2119.0	1747.5	-0.545
ATATTG	2347.0	2011.3	-0.540
TATACG	228.0	167.6	-0.537
TAACAT	2008.0	1457.4	-0.535
ATGTCA	1936.0	1751.6	-0.524
CCGAAG	551.0	402.5	-0.501
CACAAG	1414.0	1333.6	-0.500
ATGTTG	5987.0	5213.2	-0.495
CATCCC	1690.0	1806.1	-0.493
CATGTA	1853.0	1348.8	-0.481
CTGTTT	6072.0	5792.9	-0.471
GTCGCT	626.0	458.3	-0.458
TAAAAC	2253.0	1639.4	-0.456
TTATGT	3236.0	2497.2	-0.448
GCCCGA	509.0	373.2	-0.445
AGGATG	2322.0	2614.4	-0.441
TATAGA	1618.0	1179.5	-0.440
TATGAT	2053.0	1590.0	-0.434
ATAACA	1641.0	1196.1	-0.434
AAGCAT	2143.0	1592.9	-0.426
ATGATA	1552.0	1237.8	-0.423
ACATTA	1627.0	1187.2	-0.411
AGTAGT	1956.0	1426.6	-0.402
AACTAC	1180.0	863.5	-0.399
ACATAA	1634.0	1193.6	-0.394
GACCGG	373.0	275.0	-0.393
GCCCCC	2037.0	1731.1	-0.393
ACGTCA	353.0	375.4	-0.381
GCTAGG	2029.0	1481.4	-0.377
AATACA	2231.0	1935.1	-0.362
TTGTAG	3995.0	2910.0	-0.360
TAGACT	1363.0	1037.0	-0.358
GAGCTA	1248.0	914.1	-0.357
TGCCGG	610.0	525.4	-0.344
CGATAG	186.0	140.0	-0.335
GAAGTA	1452.0	1066.5	-0.312
GGGGGA	2048.0	1500.4	-0.303
TCTGAG	3233.0	2965.0	-0.302
ACCTTA	1566.0	1181.0	-0.297
CCGCCA	1101.0	1455.8	-0.296
TAGCGT	290.0	259.4	-0.296
TAGGTT	1953.0	1685.9	-0.293
CCTAAA	1877.0	1458.9	-0.292
TGTACT	2065.0	1514.3	-0.281
GCGAGC	342.0	365.8	-0.277
TAATTC	2259.0	1656.2	-0.269
AGCATA	1421.0	1046.6	-0.268
ACCGTA	265.0	200.1	-0.267
CGGCAT	369.0	367.7	-0.267
CGTGGT	865.0	818.4	-0.265
CACTAT	2079.0	1614.0	-0.265
CTTAGC	2253.0	1653.0	-0.265
ATCGAC	146.0	112.3	-0.261
CCCCGA	602.0	448.1	-0.254
CGTCCT	569.0	493.0	-0.245
CGCATA	183.0	140.9	-0.242
CGGAGC	776.0	576.2	-0.235
GGGCGC	666.0	698.7	-0.233
ACGCTA	219.0	167.5	-0.233
AGCATT	2739.0	2356.9	-0.230
CGATAA	204.0	156.8	-0.228
CTATAG	1467.0	1082.4	-0.227
CGTCAC	577.0	432.5	-0.221
TTCCGA	581.0	435.3	-0.220
GTAACT	1619.0	1194.3	-0.215
AAAATA	5281.0	3861.8	-0.212
TTGGTT	4190.0	4072.7	-0.204
AACTAT	1509.0	1115.6	-0.202
TCATAC	1172.0	883.7	-0.201
TATAGC	1199.0	889.8	-0.197
TACGGT	264.0	202.0	-0.187
AATACG	276.0	211.1	-0.185
GAGGCG	1412.0	1046.1	-0.183
AAACTG	2409.0	2224.4	-0.181
CGGGGG	823.0	615.4	-0.179
TATGCG	238.0	183.4	-0.178
TAGAGC	1186.0	882.9	-0.175
ATGAGA	1830.0	1770.4	-0.172
TTGCCG	615.0	463.7	-0.157
AGTTGT	2433.0	1796.5	-0.151
ATAGAA	1841.0	1364.2	-0.144
AAATGC	2793.0	2060.9	-0.143
TAGTAA	1528.0	1135.8	-0.140
GCCATA	1073.0	802.7	-0.138
CGTACC	201.0	157.4	-0.138
CGTATA	233.0	181.5	-0.138
TCCTGT	4236.0	3586.6	-0.137
GTTATC	1094.0	933.1	-0.136
CGATGC	233.0	269.5	-0.134
CAGGTC	1770.0	1521.5	-0.134
GAGCCA	6644.0	4868.9	-0.134
TTTACT	4606.0	3383.2	-0.134
CGTCGG	145.0	115.9	-0.134
CCCGAT	431.0	329.1	-0.133
GGTAGA	1777.0	1319.2	-0.133
GCCTTA	1920.0	1424.8	-0.130
CGAATC	171.0	190.2	-0.130
TTATAC	1491.0	1110.2	-0.129
AGGTCA	2222.0	1979.4	-0.127
CTTCCG	1305.0	974.9	-0.125
AGCCGT	417.0	344.1	-0.124
AGATGG	7580.0	5551.8	-0.122
GTTGTG	2113.0	1802.2	-0.115
GGTTCC	1556.0	1535.0	-0.115
CCCGAA	542.0	412.7	-0.114
ACTTAT	1792.0	1333.2	-0.111
GGTATA	1004.0	754.5	-0.110
CGTCCA	555.0	423.9	-0.110
TGCCTA	2549.0	2109.5	-0.109
GAATTT	4552.0	3350.4	-0.109
CGTCAT	477.0	365.7	-0.108
AAATTG	2734.0	2024.6	-0.103
GAAACG	570.0	435.4	-0.100
TGCGTC	476.0	485.0	-0.098
TAGTGT	1728.0	1288.4	-0.097
GTTGGC	3356.0	3065.1	-0.097
CGTACG	56.0	48.3	-0.096
TTACTC	2417.0	1794.3	-0.095
ACGGAC	243.0	215.5	-0.091
GACTAG	917.0	692.8	-0.090
CCGTGC	1060.0	798.2	-0.090
ACCCAA	1539.0	1390.8	-0.090
CTACGG	244.0	192.9	-0.090
TCTCGA	2831.0	2313.4	-0.087
ATACGC	184.0	147.5	-0.084
ATCTAT	1631.0	1413.6	-0.082
CGTGAC	434.0	398.9	-0.078
TTTTCA	7976.0	6867.0	-0.077
GCCGTC	402.0	312.9	-0.076
ATGTTA	2409.0	1793.9	-0.073
CAAAAT	3364.0	2492.8	-0.072
TACATT	3088.0	2291.8	-0.070
GACGAC	180.0	145.4	-0.069
CTGGGA	16041.0	11733.2	-0.066
CTTGTG	3531.0	2617.1	-0.064
GGTCTA	920.0	931.4	-0.060
AATATG	1990.0	1488.5	-0.060
GAATAC	1122.0	849.8	-0.060
ACCATA	1648.0	1237.4	-0.059
TTGCAC	1803.0	1713.7	-0.058
GATGTA	1182.0	894.2	-0.058
AAACTA	1701.0	1276.2	-0.057
ATGGCA	3034.0	2256.2	-0.056
ATAGTC	996.0	883.1	-0.054
ATCTAA	1287.0	973.2	-0.053
CATGCC	6268.0	4835.4	-0.053
TACGGC	203.0	164.2	-0.052
GGTATG	1452.0	1094.9	-0.052
GTATGA	1374.0	1037.5	-0.052
GCGTTG	393.0	335.5	-0.052
GGAATA	1695.0	1273.9	-0.052
CGACAT	237.0	190.3	-0.051
ACTAAT	1594.0	1199.6	-0.051
ATAGAT	1460.0	1299.0	-0.051
TCGACG	56.0	50.9	-0.050
AGAATT	3370.0	2505.9	-0.049
ATAGGC	1686.0	1268.7	-0.048
GACATA	1040.0	804.2	-0.048
TTAATG	2690.0	2007.6	-0.046
TCGTGA	1402.0	1060.9	-0.044
ACCTTC	2536.0	1895.3	-0.044
GGGGTT	4489.0	4426.4	-0.044
ACACGG	431.0	453.4	-0.044
TGAGGC	3935.0	2986.0	-0.044
TGTCGA	333.0	264.7	-0.042
CTAAGC	1153.0	876.1	-0.040
ATACCG	192.0	157.8	-0.040
AAATGT	3944.0	2931.2	-0.037
TATAGT	1827.0	1376.5	-0.037
ACGACC	228.0	185.7	-0.036
TAAAAG	2608.0	1953.0	-0.036
GTAACG	186.0	153.4	-0.035
TATATC	1489.0	1128.0	-0.034
ATGCCT	4192.0	3703.7	-0.034
GATTCC	1578.0	1517.1	-0.033
GGAATT	2872.0	2286.7	-0.032
TCGGGC	452.0	356.8	-0.031
TGTTTA	4139.0	3209.7	-0.031
CTAAAT	2008.0	1512.2	-0.031
AAGTCA	1775.0	1820.0	-0.031
TTCACT	4878.0	4320.0	-0.029
CTCTCG	1264.0	963.9	-0.027
CGAACA	237.0	195.0	-0.024
GCGGAG	976.0	750.6	-0.024
GATATT	2021.0	1898.4	-0.024
TCCGAG	701.0	545.9	-0.023
ACGGTA	213.0	176.6	-0.022
TAGTAT	1701.0	1290.7	-0.021
TACGAG	160.0	135.9	-0.021
GAGCAA	1546.0	1487.6	-0.021
GGGGAC	1608.0	1222.7	-0.021
ACCTAA	1142.0	876.1	-0.020
TAGGGT	1487.0	1410.2	-0.020
TAATCA	1607.0	1222.1	-0.019
ATATTC	2162.0	1632.7	-0.019
GGGACT	4209.0	3880.0	-0.018
GTCAAC	754.0	677.4	-0.018
TTACCC	1889.0	1450.5	-0.018
CATACG	231.0	191.0	-0.017
CGCGTA	77.0	70.1	-0.017
AGATAT	1727.0	1498.1	-0.017
GTGGCT	4328.0	3426.1	-0.017
GACTTA	1161.0	892.4	-0.017
AACCAT	1773.0	1348.0	-0.017
GCGTTA	237.0	196.6	-0.016
TGACAT	2191.0	1740.0	-0.016
AGCACA	1906.0	1712.1	-0.016
ACGGTG	623.0	604.8	-0.016
ATCGTG	428.0	457.0	-0.015
CCCCAA	1918.0	2049.7	-0.015
CGAAAG	329.0	267.4	-0.015
AAACAT	2773.0	2087.9	-0.015
CGATTG	338.0	274.6	-0.015
GTGTAC	1103.0	850.5	-0.015
CTGACC	5370.0	3998.2	-0.014
AGGTCT	2809.0	2115.7	-0.014
AAGGTC	1795.0	1365.6	-0.013
CGTATT	464.0	371.6	-0.013
CGCCAC	1589.0	2202.4	-0.013
AACGCG	108.0	96.1	-0.012
AAAAGT	3144.0	2364.8	-0.012
TCGTCG	83.0	76.3	-0.012
GAGCGT	370.0	300.6	-0.012
CCTGCT	4140.0	3817.2	-0.012
ATCACA	2805.0	2115.6	-0.011
CGACCG	110.0	98.6	-0.011
CGCCCT	1025.0	795.5	-0.011
AATGGA	2298.0	1742.8	-0.010
CTCTCA	3943.0	3404.4	-0.010
TACGAA	193.0	164.5	-0.010
GACGCG	193.0	164.2	-0.010
TAATGG	1706.0	1304.0	-0.010
CCTGTG	3393.0	3035.1	-0.010
CACGTC	561.0	479.3	-0.010
ACGTAA	292.0	241.1	-0.010
GTAATG	1433.0	1108.8	-0.009
ACCGCT	338.0	324.7	-0.009
AGACAT	1893.0	1692.6	-0.009
ATGCCA	3094.0	2332.7	-0.009
GCACTC	1452.0	1691.5	-0.009
GTACGG	187.0	160.7	-0.008
ACCTAT	1060.0	945.9	-0.008
TTATCT	3048.0	2928.5	-0.008
TACAGC	1635.0	1269.8	-0.008
GCTTTT	6922.0	5787.2	-0.008
CTTGGA	2513.0	2215.7	-0.008
ACGTAC	190.0	163.5	-0.007
TGCCCC	2218.0	2052.6	-0.007
CGTCGA	58.0	57.3	-0.006
ACACGA	356.0	293.1	-0.006
TTATGG	2012.0	1537.4	-0.006
AGACTA	1388.0	1072.0	-0.006
CGACGA	39.0	41.5	-0.006
CCCGCG	343.0	342.6	-0.006
ACTCGT	344.0	354.6	-0.006
TTAACC	1599.0	1230.2	-0.005
TAATCG	200.0	172.4	-0.005
TTCGGC	661.0	556.6	-0.005
ATAGCG	196.0	169.6	-0.005
TCATGT	2691.0	2331.7	-0.005
TAATGA	2033.0	1555.2	-0.005
ATAGCC	1047.0	818.5	-0.005
ACGAAC	198.0	171.8	-0.005
ACGTTC	355.0	335.7	-0.004
CACCGA	368.0	316.4	-0.004
CAGGAG	3924.0	3922.3	-0.004
GTCCCC	1873.0	1534.1	-0.004
GACGAA	273.0	230.6	-0.004
GGATCC	1319.0	1024.1	-0.004
ATTATG	2197.0	1678.7	-0.004
GTAGTA	1129.0	882.8	-0.004
AAATGG	3030.0	2296.2	-0.004
TAGGCG	534.0	432.4	-0.004
TACGTT	478.0	389.6	-0.004
TGGTCC	1537.0	1495.6	-0.004
CCTGTC	3937.0	3017.5	-0.004
CGGGCC	557.0	450.7	-0.004
CTTGCG	349.0	393.8	-0.003
TCTCAT	3830.0	3365.6	-0.003
ATTACT	2111.0	1655.5	-0.003
GCCTTC	3669.0	3048.2	-0.003
TGCGGC	470.0	434.0	-0.003
AATAGT	1763.0	1358.6	-0.003
TCGGAG	388.0	457.7	-0.003
ACGGAA	388.0	321.9	-0.003
AGTTCT	3970.0	2996.3	-0.003
AGAGCC	2058.0	1578.4	-0.003
CGGTTA	215.0	186.3	-0.003
TTCCGC	751.0	599.0	-0.003
CGTTGA	317.0	266.9	-0.003
CCCGGA	794.0	631.8	-0.003
GGCCTT	3243.0	2459.3	-0.003
TACCGC	301.0	255.3	-0.003
AGAGTA	1656.0	1318.0	-0.003
TCATAA	1792.0	1383.1	-0.002
GTGTAT	2277.0	1744.5	-0.002
CGTCGT	108.0	101.8	-0.002
GCATAA	1397.0	1087.6	-0.002
ACGAGC	235.0	203.8	-0.002
CGAGCA	373.0	340.2	-0.002
GACCAC	1578.0	1225.9	-0.002
GCGTCA	403.0	336.0	-0.002
ACCCAC	2273.0	1872.6	-0.002
TGTACG	243.0	210.8	-0.002
CGCTAG	175.0	156.3	-0.002
GAGCGG	470.0	387.9	-0.002
GTTGTC	1982.0	1529.8	-0.002
TTACGA	231.0	201.7	-0.002
ACCCGT	329.0	278.0	-0.002
AGTAAA	2170.0	1669.7	-0.002
CATTAA	1850.0	1430.6	-0.002
CCGGTC	334.0	282.7	-0.002
CGACCA	246.0	213.7	-0.002
ATGAAT	2365.0	1815.8	-0.002
AAGATT	2508.0	1921.6	-0.002
CTATCT	2258.0	1735.2	-0.002
CCGAAA	352.0	307.1	-0.001
TGTCAT	3311.0	2520.0	-0.001
CGGGGC	675.0	763.3	-0.001
GCCGTT	402.0	336.2	-0.001
ACGTCG	100.0	96.1	-0.001
ACGGGT	368.0	323.6	-0.001
GAGTAA	1356.0	1062.6	-0.001
CTTAAC	1545.0	1203.6	-0.001
GACCAG	1976.0	1727.4	-0.001
TACGCT	227.0	199.9	-0.001
GACAAG	1712.0	1330.9	-0.001
GTACAC	833.0	668.3	-0.001
GAATTC	2155.0	1698.7	-0.001
CAGGGC	2389.0	2177.1	-0.001
GGCCTA	1296.0	1018.6	-0.001
CTAATA	1350.0	1059.8	-0.001
TGAATA	2483.0	1907.1	-0.001
TAAACA	2264.0	1744.7	-0.001
CCGAGA	750.0	605.9	-0.001
CCGACC	552.0	457.1	-0.001
AAAACT	2909.0	2225.5	-0.001
GGCTTC	2624.0	2445.8	-0.001
CTTCGC	599.0	572.4	-0.001
GAACTA	1269.0	999.8	-0.001
AAGCAC	1366.0	1218.6	-0.001
TCTATT	3188.0	3137.1	-0.001
TGGCGA	575.0	472.3	-0.001
GAAATG	3018.0	2308.8	-0.001
AAAAAT	6725.0	5050.1	-0.001
TGCTCG	440.0	484.2	-0.001
CATGGG	1591.0	1605.8	-0.001
CACGTT	754.0	636.7	-0.001
CGGTAT	184.0	166.6	-0.001
TGTATG	2350.0	1810.5	-0.001
ACCGTT	323.0	277.2	-0.001
GTCCTC	2589.0	1990.0	-0.001
CCGCTT	928.0	743.2	-0.001
ACTAGT	873.0	701.9	-0.001
TGTTTG	6804.0	6220.2	-0.001
CATTAT	2374.0	1882.8	-0.001
AAGAGT	1886.0	1562.6	-0.001
AGACAA	2298.0	1775.3	-0.001
GATAGC	771.0	624.4	-0.001
GCCGTA	201.0	181.4	-0.001
CAGCTT	4039.0	3399.7	-0.001
GAAATA	2468.0	1903.1	-0.001
ATTACG	295.0	256.5	-0.001
CGTTCT	743.0	604.2	-0.001
AGCGTA	217.0	194.8	-0.001
ATAACC	927.0	745.0	-0.001
GTTCTT	3561.0	3295.2	-0.000
TCGCGT	89.0	117.2	-0.000
GCTGTC	2067.0	1876.8	-0.000
TGACGT	463.0	450.9	-0.000
AGCGAA	293.0	255.5	-0.000
CCGTAC	199.0	180.0	-0.000
AGTACG	225.0	201.8	-0.000
CGGCCC	852.0	815.2	-0.000
ACGAAT	245.0	218.6	-0.000
ACATAC	1226.0	975.9	-0.000
TAGTTT	3973.0	4037.6	-0.000
ACACTA	950.0	765.4	-0.000
CTCTCT	6247.0	9679.3	-0.000
AGGTTA	1293.0	1129.2	-0.000
TACGAC	130.0	125.8	-0.000
CGTGTA	346.0	299.2	-0.000
ACGGGC	416.0	354.8	-0.000
GTTAAC	987.0	794.2	-0.000
GTAAGC	940.0	758.2	-0.000
CTGCCC	4394.0	3779.9	-0.000
CTGGTT	3542.0	2961.5	-0.000
TCTACG	236.0	212.4	-0.000
ACGTTG	574.0	478.1	-0.000
CTCTGA	2647.0	3237.3	-0.000
CAATTT	4112.0	3266.5	-0.000
TGACAG	2524.0	2097.3	-0.000
TTAGAA	2596.0	2008.6	-0.000
ATTAAC	1336.0	1061.2	-0.000
CAAATA	2346.0	1821.7	-0.000
ATCGCC	436.0	371.8	-0.000
GCACTA	970.0	784.4	-0.000
TTACGG	302.0	294.7	-0.000
AGGTGG	3570.0	2737.5	-0.000
GCATAC	838.0	683.3	-0.000
TGCGAA	290.0	256.2	-0.000
CCCGAC	620.0	515.1	-0.000
CCAAAA	2730.0	2110.7	-0.000
TACCCA	2051.0	1601.0	-0.000
TTTCCG	796.0	651.0	-0.000
GAATAT	1949.0	1525.9	-0.000
GAAATC	1435.0	1470.9	-0.000
AACGTA	288.0	255.0	-0.000
ACTAAC	747.0	614.3	-0.000
GATGCG	344.0	301.8	-0.000
GTCGAA	153.0	146.9	-0.000
AGCCAG	2842.0	3125.9	-0.000
ACGAGT	271.0	242.2	-0.000
CGGCAC	408.0	351.6	-0.000
ACTGTT	2901.0	2241.4	-0.000
ACGGCC	347.0	303.3	-0.000
AGGTGT	4106.0	3141.1	-0.000
CCCGTG	679.0	563.3	-0.000
GTACCG	156.0	149.2	-0.000
GCGACT	267.0	289.6	-0.000
CTGGTC	6443.0	4876.5	-0.000
GGGGCA	1641.0	1509.6	-0.000
CGACAA	175.0	165.6	-0.000
AAACGG	529.0	447.5	-0.000
CGCTTA	240.0	218.3	-0.000
CGTTAT	321.0	283.3	-0.000
CGGAAG	428.0	368.3	-0.000
TACCGA	165.0	157.2	-0.000
CAAATT	2907.0	2367.9	-0.000
TGCTAT	2348.0	2047.1	-0.000
TACACT	1370.0	1093.1	-0.000
TAGCAT	1677.0	1326.6	-0.000
ATTTCG	641.0	535.6	-0.000
GTTATG	1172.0	943.8	-0.000
ATAGGT	1507.0	1197.6	-0.000
ATAAGT	1406.0	1121.8	-0.000
CGAATT	412.0	356.6	-0.000
TTCGAA	403.0	349.8	-0.000
ACATTT	5542.0	4213.3	-0.000
CTATTA	1583.0	1256.2	-0.000
TAACCA	1381.0	1104.0	-0.000
CCGTTA	192.0	180.5	-0.000
CCGCTC	788.0	649.7	-0.000
GCATAT	1511.0	1202.4	-0.000
CGTTAA	232.0	213.4	-0.000
CGAGTT	711.0	591.8	-0.000
ACGACG	71.0	78.0	-0.000
GGGCTA	1078.0	873.2	-0.000
TTAAGG	1861.0	1467.4	-0.000
GTAAAT	2115.0	1659.8	-0.000
GGGCCG	572.0	483.3	-0.000
TACTTG	1978.0	1557.5	-0.000
TAATAG	1560.0	1240.4	-0.000
AACGGT	265.0	240.1	-0.000
GTAAAA	2083.0	1636.4	-0.000
CCATCG	424.0	367.2	-0.000
CCGATA	137.0	135.4	-0.000
AGATAG	1858.0	1485.8	-0.000
GTAGGG	1212.0	978.0	-0.000
AGGCGT	2665.0	2074.1	-0.000
CGTGAG	2238.0	1754.1	-0.000
TAACGT	329.0	292.4	-0.000
CGTTGG	540.0	459.4	-0.000
AAATTC	2643.0	2318.4	-0.000
TTACGC	257.0	254.5	-0.000
GACGGC	257.0	293.2	-0.000
GTCGAG	270.0	245.8	-0.000
TTCAGA	2948.0	2849.7	-0.000
CGTCTA	244.0	224.6	-0.000
GTACAT	1367.0	1097.4	-0.000
GGTCGG	383.0	336.3	-0.000
TTACCG	333.0	297.5	-0.000
ATATCT	2289.0	1795.5	-0.000
ATAGAG	1788.0	1417.9	-0.000
ACTTGT	2119.0	1667.2	-0.000
ATATGA	1656.0	1317.1	-0.000
TTGTTC	3282.0	3100.8	-0.000
CCCGAG	2566.0	2568.2	-0.000
CCCTGT	3675.0	2835.4	-0.000
AGACCA	2341.0	1835.0	-0.000
GGCCGT	397.0	348.3	-0.000
ATAGAC	838.0	693.9	-0.000
CTAACG	183.0	175.1	-0.000
CGGCCA	795.0	660.8	-0.000
CCGTTC	388.0	341.9	-0.000
TAGGAC	1192.0	965.0	-0.000
CACGCC	4482.0	3438.2	-0.000
GCGGGT	481.0	477.3	-0.000
TAGCTA	1780.0	1413.9	-0.000
GACCGC	288.0	261.9	-0.000
TTTCGG	734.0	671.8	-0.000
CTTACG	319.0	286.2	-0.000
TAGTCG	185.0	177.6	-0.000
CCGCAT	376.0	332.2	-0.000
TGGTAA	1825.0	1448.1	-0.000
TAACGA	181.0	174.9	-0.000
ACTAGA	1134.0	922.5	-0.000
AGTCGA	200.0	190.3	-0.000
GGTCGA	177.0	171.7	-0.000
CACGTA	395.0	348.7	-0.000
GGCCCG	615.0	522.7	-0.000
CCAACT	1813.0	1744.1	-0.000
CGTTCG	75.0	85.0	-0.000
TAATTG	2123.0	1677.0	-0.000
ACATAG	1568.0	1273.9	-0.000
GGCCGA	758.0	634.5	-0.000
CGTTGC	515.0	445.0	-0.000
GTCGAT	157.0	155.3	-0.000
AACCGG	205.0	195.5	-0.000
ACGCGT	110.0	115.8	-0.000
AGCACG	431.0	378.1	-0.000
TCTTAG	2366.0	1862.6	-0.000
AGTCGG	377.0	355.8	-0.000
CTAGCC	1271.0	1031.4	-0.000
TGTTCT	4260.0	4056.0	-0.000
TATGGT	1534.0	1232.4	-0.000
TCGACA	192.0	185.6	-0.000
CAATAC	807.0	739.5	-0.000
CGTAAA	256.0	238.0	-0.000
ACCTGG	3810.0	3332.1	-0.000
GTACGT	251.0	234.4	-0.000
CATCCG	432.0	380.5	-0.000
CCGTAA	230.0	217.4	-0.000
GTACCC	821.0	686.8	-0.000
TTCTCA	4303.0	4236.2	-0.000
CGCATC	345.0	311.2	-0.000
AGCGTG	608.0	520.5	-0.000
CATCTC	4428.0	3414.0	-0.000
TGGTCG	283.0	261.1	-0.000
TTACAA	2327.0	1837.5	-0.000
TGCTAG	1790.0	1430.7	-0.000
AACTAA	1414.0	1144.8	-0.000
AGATAC	1159.0	948.6	-0.000
CGAACC	223.0	212.3	-0.000
GCGCAT	399.0	355.5	-0.000
CCTGAG	6758.0	5208.0	-0.000
GTTCGT	375.0	336.9	-0.000
TGGTAG	2218.0	1755.4	-0.000
CCGCAG	636.0	726.2	-0.000
ACTCGA	249.0	234.6	-0.000
TGGCCG	768.0	647.3	-0.000
CAGATT	2774.0	2176.8	-0.000
TGAATT	3923.0	3039.9	-0.000
CTCGTT	738.0	624.2	-0.000
TAACGC	168.0	168.0	-0.000
ACCATC	2030.0	1615.9	-0.000
ACAGCT	2755.0	2163.1	-0.000
AGTTCG	479.0	421.1	-0.000
TCGCTA	380.0	341.5	-0.000
AGGGGG	1567.0	1263.4	-0.000
AATGCG	252.0	237.7	-0.000
ATCTTC	2943.0	2305.2	-0.000
GCCGAT	207.0	200.3	-0.000
GGGACA	1860.0	1488.4	-0.000
ACTAGC	723.0	613.1	-0.000
TTACAC	1324.0	1078.8	-0.000
TGACTA	1316.0	1072.4	-0.000
ATCGAG	311.0	286.2	-0.000
ACGGGA	395.0	354.1	-0.000
ACTTCT	3669.0	2908.5	-0.000
AAATAG	2278.0	1805.1	-0.000
ATCCTT	3303.0	2579.8	-0.000
AGACGT	468.0	413.0	-0.000
TGGATC	1560.0	1451.7	-0.000
GTCGGT	250.0	237.1	-0.000
TTCCCG	1144.0	942.6	-0.000
TTACAT	2701.0	2128.3	-0.000
GACCGT	268.0	252.3	-0.000
GGCTAC	1020.0	848.0	-0.000
CCGTAT	246.0	234.1	-0.000
TTGGAC	1523.0	1234.1	-0.000
CTAGGA	2288.0	1817.9	-0.000
TCGAAT	358.0	326.2	-0.000
AGCGCG	219.0	212.8	-0.000
TAACAA	1505.0	1221.6	-0.000
CGACTT	421.0	377.0	-0.000
CGAGAT	669.0	574.2	-0.000
TGGGGG	3116.0	2443.9	-0.000
TAGGTG	1747.0	1406.5	-0.000
ATCGAA	190.0	188.5	-0.000
TGCGTT	614.0	582.6	-0.000
AGTAAC	1288.0	1055.4	-0.000
GTGTTA	1914.0	1735.5	-0.000
TGAACG	356.0	325.4	-0.000
CTGTGT	5851.0	4491.3	-0.000
ATTTGT	4640.0	4193.3	-0.000
TACTGT	2384.0	1893.6	-0.000
GCATTA	1345.0	1135.3	-0.000
ATGCGT	336.0	310.1	-0.000
ACCGGA	193.0	191.2	-0.000
GATTGA	1363.0	1114.1	-0.000
CGCGAA	79.0	92.6	-0.000
CATAAC	924.0	775.5	-0.000
CTCGTC	526.0	462.4	-0.000
AATGAA	2737.0	2159.3	-0.000
ACTTAC	1204.0	992.7	-0.000
TACCAC	1633.0	1322.6	-0.000
ACGACT	241.0	232.5	-0.000
AATCAA	1436.0	1347.9	-0.000
TCGTTC	504.0	446.5	-0.000
CGTATC	194.0	193.2	-0.000
AGGTCG	345.0	318.5	-0.000
TTGGGC	2242.0	1788.5	-0.000
TCGTAT	317.0	296.7	-0.000
ACAGGT	5180.0	4059.9	-0.000
GGTAAT	1294.0	1064.6	-0.000
AGTAGG	1383.0	1132.1	-0.000
GGGCAC	1285.0	1293.8	-0.000
TCGTTG	473.0	423.8	-0.000
CGTATG	230.0	224.6	-0.000
CCTAGC	1458.0	1192.1	-0.000
ACGTTA	290.0	274.4	-0.000
TAGGCA	1826.0	1475.8	-0.000
CTGAGC	3268.0	2568.4	-0.000
ATCTGC	3473.0	2723.4	-0.000
CTCGTA	223.0	219.0	-0.000
GATAAC	841.0	715.7	-0.000
CCTAGA	1356.0	1188.6	-0.000
ACGAAG	339.0	316.6	-0.000
ACAAAT	2172.0	1740.8	-0.000
GCGGAT	368.0	339.4	-0.000
CGACGT	81.0	96.3	-0.000
AACCGT	262.0	252.1	-0.000
TCGCGA	113.0	125.4	-0.000
GCCGGG	1229.0	1099.4	-0.000
GAACGG	228.0	224.4	-0.000
GCGGCC	606.0	531.7	-0.000
CCTTAA	1870.0	1511.9	-0.000
CGACCC	295.0	280.7	-0.000
TGTGTT	6018.0	4803.1	-0.000
CGCTTT	985.0	830.5	-0.000
GACGAG	473.0	426.3	-0.000
CGCGGT	318.0	335.4	-0.000
TCGTAA	219.0	217.2	-0.000
ATGAAA	2691.0	2138.0	-0.000
TCGGTA	200.0	201.6	-0.000
GTTACA	1480.0	1214.7	-0.000
GTATAG	984.0	830.2	-0.000
TCAACG	208.0	208.9	-0.000
ATCCGT	299.0	284.3	-0.000
CCGTCT	1331.0	1145.0	-0.000
ATAGTT	2187.0	1755.7	-0.000
GTCCGG	390.0	359.7	-0.000
GTCGGG	419.0	383.9	-0.000
GACATG	1656.0	1421.4	-0.000
ATCGGA	165.0	172.4	-0.000
CGTTAC	207.0	208.2	-0.000
GGATAC	750.0	648.1	-0.000
AACAGT	1974.0	1596.7	-0.000
GTTGTA	1445.0	1190.5	-0.000
GACCCA	1203.0	1175.9	-0.000
TGAAAA	3572.0	2808.3	-0.000
TAATCC	2363.0	2104.7	-0.000
TTCATA	2567.0	2049.6	-0.000
TGAGGT	3252.0	2569.0	-0.000
TGTACA	1865.0	1515.0	-0.000
GCCTAA	1274.0	1060.2	-0.000
CCTAAT	1612.0	1322.0	-0.000
CCGGCA	455.0	415.0	-0.000
ACGAAA	254.0	249.8	-0.000
TATGCC	1448.0	1230.2	-0.000
CCGAGC	519.0	466.6	-0.000
GTAAAG	1434.0	1184.6	-0.000
ATACAC	1103.0	928.6	-0.000
CTTGAT	2599.0	2290.7	-0.000
TAAACG	299.0	287.9	-0.000
TATGGA	1380.0	1144.0	-0.000
GGGTTT	6930.0	6757.7	-0.000
GACGTC	245.0	242.0	-0.000
AACGCA	264.0	258.7	-0.000
CTCGGA	467.0	564.2	-0.000
CCGCGG	355.0	335.0	-0.000
ACGCAT	267.0	261.1	-0.000
GCTATT	2414.0	1939.2	-0.000
GCGGTT	472.0	431.4	-0.000
TGTACC	1426.0	1181.3	-0.000
CACGAA	313.0	301.5	-0.000
CCGTTG	366.0	344.9	-0.000
GTACTC	819.0	708.3	-0.000
AGTATG	1278.0	1068.9	-0.000
CGAGGT	801.0	694.2	-0.000
TGAGAG	2728.0	2180.2	-0.000
TAGAAC	1136.0	958.5	-0.000
TAAACC	1118.0	944.9	-0.000
ATTGAC	1142.0	963.6	-0.000
AACTTG	2016.0	1638.9	-0.000
TCGAGG	470.0	431.2	-0.000
ACAAGG	1793.0	1467.6	-0.000
GCGAGA	535.0	483.7	-0.000
GTAGAA	1544.0	1275.6	-0.000
ATTAGA	1634.0	1346.2	-0.000
AATCGG	189.0	197.9	-0.000
GGACGA	238.0	239.7	-0.000
CCTACT	1555.0	1445.5	-0.000
CAGACG	589.0	528.4	-0.000
CTACGA	143.0	157.7	-0.000
TGATAG	1376.0	1147.3	-0.000
ACCTTT	3621.0	2861.4	-0.000
GGAACT	1933.0	1576.7	-0.000
TTCCGG	741.0	649.6	-0.000
ACTTCG	402.0	376.1	-0.000
AACTAG	987.0	844.1	-0.000
GCCGCG	340.0	326.3	-0.000
CGGTAG	242.0	243.0	-0.000
GACGTG	554.0	500.7	-0.000
CGTCTG	770.0	673.0	-0.000
GCCGAA	251.0	251.2	-0.000
TGCCCG	2147.0	1743.2	-0.000
GGATCG	289.0	283.1	-0.000
GCTAGT	1222.0	1029.5	-0.000
AATTCA	2327.0	1880.9	-0.000
CGCGAC	101.0	120.0	-0.000
GCTTAT	1700.0	1399.4	-0.000
TAAGAA	2172.0	1763.1	-0.000
TTCGAC	199.0	207.1	-0.000
TTTCGC	1375.0	1149.6	-0.000
GCGAAT	177.0	188.6	-0.000
CGTGTT	1102.0	1099.8	-0.000
GCGTAT	178.0	189.7	-0.000
CAGCGA	487.0	447.6	-0.000
TACGCA	201.0	209.9	-0.000
TTACGT	411.0	385.3	-0.000
GTCTAA	993.0	920.8	-0.000
CCGTAG	231.0	235.7	-0.000
ACGAGA	277.0	274.9	-0.000
GTTACG	189.0	199.8	-0.000
CGCTAA	225.0	230.7	-0.000
TGCGAG	352.0	337.7	-0.000
TACCAG	1380.0	1154.8	-0.000
GCTAAG	1152.0	977.9	-0.000
TTCTTA	3828.0	3227.2	-0.000
CGACTA	192.0	202.1	-0.000
TACATG	1693.0	1397.7	-0.000
TATCTA	1532.0	1276.5	-0.000
AACGTT	417.0	391.3	-0.000
TCCGTA	236.0	240.4	-0.000
CTAGTA	1019.0	873.1	-0.000
TGAGCG	424.0	397.2	-0.000
CACGGG	414.0	424.1	-0.000
GCGCGT	224.0	230.0	-0.000
CGGCTA	1228.0	1644.9	-0.000
ACTTTA	2732.0	2196.8	-0.000
TATGAA	1950.0	1598.7	-0.000
TTGGTA	2426.0	1964.0	-0.000
TCCGTT	554.0	504.5	-0.000
CCCCGC	1139.0	969.3	-0.000
ACCGAA	201.0	211.1	-0.000
TACCCG	296.0	292.6	-0.000
TTAACA	2167.0	1767.0	-0.000
AGGCAT	4857.0	3809.2	-0.000
TACTAG	831.0	728.9	-0.000
ACCGAC	140.0	158.2	-0.000
TACACG	282.0	281.9	-0.000
AACGAA	256.0	259.5	-0.000
CGACGC	79.0	102.5	-0.000
AATAGA	1738.0	1438.7	-0.000
GGACAG	1988.0	1630.8	-0.000
AGAGTT	3085.0	2470.7	-0.000
TCATAT	2275.0	1852.0	-0.000
ACGCGG	123.0	143.5	-0.000
CTGTTA	2469.0	2000.3	-0.000
GCTATA	939.0	814.0	-0.000
CGAATA	252.0	256.6	-0.000
GACCTT	2382.0	1934.2	-0.000
TTAGGC	1325.0	1118.2	-0.000
GGTCAT	1350.0	1205.3	-0.000
CTGATC	1913.0	1661.6	-0.000
CGAAAA	287.0	286.0	-0.000
CTTATA	1409.0	1184.6	-0.000
GAAAAT	3023.0	2424.7	-0.000
TTGTAA	2817.0	2323.0	-0.000
GCACGT	601.0	545.5	-0.000
AAGACA	2425.0	1968.4	-0.000
CCGATG	208.0	219.9	-0.000
ACTAAG	932.0	811.0	-0.000
GTATGT	2097.0	1718.8	-0.000
AATAGG	1297.0	1098.0	-0.000
TAGTTC	1539.0	1287.8	-0.000
GACAGC	1182.0	1184.9	-0.000
ACTGGT	1741.0	1530.1	-0.000
GACTAA	1036.0	893.3	-0.000
TCTATA	1582.0	1320.2	-0.000
AAAACA	3700.0	2942.7	-0.000
GTTAGA	1098.0	942.0	-0.000
CACACC	4306.0	3401.4	-0.000
AAGTTT	4040.0	3200.1	-0.000
ACGTCT	487.0	456.1	-0.000
TAGATA	1429.0	1201.4	-0.000
TGGTTT	5456.0	5501.3	-0.000
ACCGTC	296.0	296.3	-0.000
TACCAA	1232.0	1048.9	-0.000
TTCCCA	5071.0	3980.1	-0.000
TAACCG	167.0	184.6	-0.000
TTGTGC	2683.0	2169.4	-0.000
GGACTA	3685.0	3167.5	-0.000
TGCCGA	414.0	394.6	-0.000
GATAGG	1127.0	966.4	-0.000
CATCGA	209.0	221.6	-0.000
GATAGT	995.0	862.7	-0.000
CACATA	1635.0	1363.6	-0.000
TATCGA	169.0	186.6	-0.000
CGAAGC	274.0	277.5	-0.000
CTGTAC	1514.0	1269.7	-0.000
ACATGT	2155.0	1766.1	-0.000
GCCCGT	490.0	457.2	-0.000
TGTGTA	2810.0	2268.3	-0.000
ATTACC	1202.0	1026.6	-0.000
GTTAAG	1123.0	964.3	-0.000
AGAGCG	526.0	487.1	-0.000
TATGAC	967.0	842.8	-0.000
CACGAG	494.0	461.1	-0.000
AAACAG	2721.0	2201.8	-0.000
CATATT	2727.0	2206.2	-0.000
TCGAAA	245.0	253.9	-0.000
CTGTAT	2536.0	2061.8	-0.000
CAATAT	1692.0	1410.3	-0.000
ACCGGT	186.0	202.4	-0.000
CGGGTG	686.0	696.5	-0.000
ATGGAA	2372.0	1935.6	-0.000
TAGAAA	2679.0	2171.8	-0.000
GAGTTT	5226.0	4289.9	-0.000
CAACGG	243.0	252.0	-0.000
GCGTAG	236.0	246.6	-0.000
ACGGTT	298.0	300.2	-0.000
AGCTAG	1598.0	1338.1	-0.000
AAGATA	1612.0	1350.0	-0.000
CCAGAG	3137.0	2767.3	-0.000
GTCCTA	953.0	833.9	-0.000
GCTACA	1113.0	959.8	-0.000
AAGATC	1354.0	1259.8	-0.000
CATACA	1390.0	1177.6	-0.000
ACGCCG	176.0	194.9	-0.000
TTACCA	1927.0	1594.9	-0.000
ACTACG	289.0	292.0	-0.000
GTACCT	1290.0	1099.6	-0.000
ACAGTT	2463.0	2008.1	-0.000
CGCACG	179.0	197.7	-0.000
GATACC	704.0	634.4	-0.000
ATAGGG	1297.0	1105.4	-0.000
GTAGGC	846.0	748.7	-0.000
CGTAGA	228.0	240.6	-0.000
TAGGCC	1068.0	925.5	-0.000
GAACGA	223.0	236.8	-0.000
GTTCCA	1809.0	1896.0	-0.000
TGTAAA	2815.0	2279.2	-0.000
ACGTTT	760.0	681.0	-0.000
GAACAT	1649.0	1382.2	-0.000
GAACGC	255.0	265.0	-0.000
GGTGGC	3054.0	2463.4	-0.000
GAGAGT	1561.0	1513.6	-0.000
ACACCA	2400.0	1962.6	-0.000
TTAGCG	219.0	233.7	-0.000
ACTGTG	3998.0	3183.8	-0.000
GCGGGG	1001.0	873.4	-0.000
GTGCCT	3672.0	3197.8	-0.000
TACGGG	271.0	278.8	-0.000
CGATGA	188.0	206.1	-0.000
GGACCG	236.0	248.7	-0.000
CGTTGT	436.0	419.0	-0.000
ATGCCG	313.0	315.2	-0.000
TCCTAA	2276.0	1868.7	-0.000
AACGCC	274.0	281.3	-0.000
TTGTAC	1615.0	1357.4	-0.000
CAGTAT	1812.0	1510.5	-0.000
CAGTCA	2060.0	1852.6	-0.000
TTTACG	405.0	392.5	-0.000
TACGCG	42.0	69.3	-0.000
CTGGCC	5512.0	4394.7	-0.000
ATGCTA	1391.0	1183.9	-0.000
GGCCGC	583.0	540.5	-0.000
CCGGCG	259.0	269.2	-0.000
CACCGT	1402.0	1192.8	-0.000
AATCCG	253.0	264.9	-0.000
GCTACG	172.0	193.6	-0.000
GAACCG	216.0	232.5	-0.000
GATCGG	200.0	218.3	-0.000
ATACGA	154.0	177.0	-0.000
TACCGT	277.0	285.6	-0.000
GTCCAC	1000.0	1030.0	-0.000
AACTGT	2039.0	1690.6	-0.000
TGGTGG	4047.0	3492.0	-0.000
AGTATC	1198.0	1033.9	-0.000
AAAATC	2510.0	2053.6	-0.000
TGACCG	314.0	318.9	-0.000
GCCGGT	296.0	303.3	-0.000
TATGCA	1539.0	1303.0	-0.000
CCAGCG	643.0	591.1	-0.000
ATGAAC	1392.0	1187.7	-0.000
CAACGA	153.0	177.4	-0.000
GCCATG	2773.0	2264.0	-0.000
CCGACG	65.0	94.3	-0.000
GACTTC	2043.0	1695.2	-0.000
AGTGTG	2915.0	2367.1	-0.000
GACCTA	676.0	677.7	-0.000
CGAAGG	263.0	275.1	-0.000
TATCCG	153.0	178.1	-0.000
TCGAAG	234.0	250.7	-0.000
TCGCAT	257.0	270.2	-0.000
CGGCGA	115.0	143.8	-0.000
CATGAC	1306.0	1122.9	-0.000
AGTAAG	1246.0	1075.4	-0.000
CGGACG	100.0	129.8	-0.000
CGAACG	44.0	73.9	-0.000
GGCGGC	746.0	677.4	-0.000
CCGATT	343.0	345.8	-0.000
TCATTT	6478.0	5732.5	-0.000
CACCTT	3630.0	2919.3	-0.000
GGGGCT	2028.0	2208.4	-0.000
CATAAA	1947.0	1626.0	-0.000
AGTGAG	2634.0	2929.3	-0.000
ATGACT	1802.0	1513.7	-0.000
GGTAGC	1086.0	951.4	-0.000
CGGCGG	420.0	410.1	-0.000
GGTACT	868.0	777.7	-0.000
ACTTAG	1356.0	1164.7	-0.000
CGCATT	377.0	374.2	-0.000
CGCCGG	312.0	321.0	-0.000
GACAAC	767.0	696.5	-0.000
AAACCG	277.0	289.9	-0.000
TTCGCG	104.0	134.4	-0.000
GCTTCG	502.0	480.0	-0.000
AACGAG	233.0	251.9	-0.000
ACCACA	4514.0	3596.2	-0.000
TACACA	1571.0	1335.6	-0.000
CTCTTT	6778.0	7564.6	-0.000
CTGAGA	3965.0	3469.6	-0.000
ACAATA	1370.0	1178.4	-0.000
TGTCCG	410.0	403.1	-0.000
TGTGGT	3752.0	3179.4	-0.000
GGGACC	1565.0	1331.7	-0.000
CTAAGA	1334.0	1150.4	-0.000
ACGCTT	374.0	373.7	-0.000
TCGCTT	926.0	825.9	-0.000
TAGTTA	1337.0	1152.3	-0.000
ATGCGG	256.0	272.8	-0.000
TAGGAT	2093.0	1744.1	-0.000
TATGGC	1184.0	1032.0	-0.000
AGTTGC	1645.0	1560.7	-0.000
GAGGTC	1999.0	1671.3	-0.000
GGCGAG	585.0	550.2	-0.000
GAGGTA	1123.0	984.7	-0.000
ATATGG	1379.0	1186.8	-0.000
ATTGCT	2752.0	2605.8	-0.000
CGCATG	393.0	390.8	-0.000
TTGAAT	3514.0	2839.7	-0.000
CGCTTC	820.0	742.3	-0.000
GATTTA	2057.0	1718.6	-0.000
TTTAGT	5721.0	6996.5	-0.000
AGCGGG	481.0	465.2	-0.000
GCATAG	930.0	831.9	-0.000
CGAGAG	377.0	377.4	-0.000
TCGATT	409.0	404.3	-0.000
GGGGTA	900.0	807.4	-0.000
ATAACG	189.0	214.3	-0.000
GATATC	886.0	892.4	-0.000
AATAAA	3918.0	3149.1	-0.000
AAAAAC	2782.0	2280.5	-0.000
CAGTTA	1658.0	1408.7	-0.000
TTCTGA	4168.0	3700.4	-0.000
GTATGG	890.0	800.1	-0.000
TTGTAT	6978.0	6880.0	-0.000
ACTACC	880.0	792.6	-0.000
ACAACT	1363.0	1177.2	-0.000
TTCGTA	356.0	360.4	-0.000
GGTGGG	3449.0	2793.8	-0.000
CGGTAA	156.0	185.7	-0.000
CTAGCA	1144.0	1056.9	-0.000
GACATT	1994.0	1672.8	-0.000
GGACGT	290.0	305.3	-0.000
ATTAAG	1450.0	1247.6	-0.000
CGGCAG	541.0	517.2	-0.000
CGAAGA	237.0	258.5	-0.000
AAAGAT	2299.0	1910.2	-0.000
TAGTCA	1169.0	1025.4	-0.000
CGAATG	194.0	220.2	-0.000
TCGTCT	561.0	534.8	-0.000
AGAAAT	3572.0	2891.3	-0.000
AACGAC	124.0	156.5	-0.000
ACGAGG	579.0	549.6	-0.000
ACATGA	1765.0	1495.3	-0.000
CGACTG	268.0	286.8	-0.000
CCGGAC	314.0	327.4	-0.000
ATGCTT	2693.0	2217.2	-0.000
AATAAG	1563.0	1338.5	-0.000
TAGGGG	1047.0	930.6	-0.000
CATATG	1679.0	1431.4	-0.000
ATTCAT	2821.0	2319.4	-0.000
GAAACA	2229.0	1862.0	-0.000
CAACTG	1456.0	1382.3	-0.000
GGTCGT	221.0	246.5	-0.000
GGCCTG	3379.0	2748.7	-0.000
TCAGCG	400.0	401.5	-0.000
CGGGAC	310.0	326.0	-0.000
GGTAGG	1195.0	1049.4	-0.000
AAGGTA	1268.0	1108.0	-0.000
CATCGC	361.0	368.5	-0.000
GTCTGA	1723.0	1503.5	-0.000
CGGACA	216.0	242.9	-0.000
GCACCG	370.0	376.6	-0.000
TACCTA	1144.0	1009.3	-0.000
CGTAGG	244.0	268.0	-0.000
AGATAA	1892.0	1601.0	-0.000
TTCTGT	6095.0	5923.5	-0.000
GGATAG	842.0	768.7	-0.000
GCGGAA	280.0	300.8	-0.000
GGTTAC	1034.0	922.1	-0.000
AGATGT	2235.0	1869.7	-0.000
ACTTGA	2297.0	1917.1	-0.000
GGGTAG	1166.0	1029.7	-0.000
TCACGA	481.0	472.2	-0.000
TAAGGT	1267.0	1110.8	-0.000
TCCCGT	584.0	558.5	-0.000
GTTCCG	303.0	321.8	-0.000
CGGTCC	264.0	286.8	-0.000
CAGTAA	1675.0	1433.3	-0.000
CGAAAT	229.0	282.9	-0.000
GTAGAC	702.0	656.9	-0.000
TTAATC	1785.0	1520.9	-0.000
GACCAT	1146.0	1014.2	-0.000
CGAAAC	224.0	251.6	-0.000
CATAAG	1081.0	963.2	-0.000
GTGAGC	4902.0	3921.4	-0.000
GTTACT	1651.0	1417.3	-0.000
TTTCTG	7063.0	7200.2	-0.000
ACACTT	2267.0	1898.5	-0.000
AATATC	1490.0	1290.9	-0.000
CAAGAT	1719.0	1660.4	-0.000
AGTCCG	250.0	276.0	-0.000
TAGACC	683.0	642.5	-0.000
TTGTGG	3377.0	2758.3	-0.000
TGCGCC	1373.0	1198.2	-0.000
GCACGG	421.0	424.4	-0.000
ACCCGA	278.0	301.6	-0.000
TTCCGT	584.0	561.1	-0.000
CTAGAT	1225.0	1081.9	-0.000
AGTTAC	1246.0	1098.1	-0.000
CGGTGC	412.0	420.5	-0.000
CGAGCC	490.0	483.0	-0.000
CCGTCC	419.0	423.8	-0.000
CTTACC	1355.0	1185.9	-0.000
ACCCGC	1168.0	1036.9	-0.000
ACTCGC	299.0	320.9	-0.000
CATCGT	394.0	401.8	-0.000
AGGCAA	2102.0	1773.5	-0.000
CCATAA	1092.0	977.9	-0.000
CTGAAC	1599.0	1381.5	-0.000
GTATTC	1348.0	1182.7	-0.000
AAGTAG	3754.0	3054.5	-0.000
CCATAG	1116.0	997.3	-0.000
AGAATA	1856.0	1585.7	-0.000
AGCTAA	3265.0	2857.7	-0.000
CTCATT	4297.0	3679.4	-0.000
TAGTTG	1677.0	1445.6	-0.000
GGGCCT	2351.0	1972.9	-0.000
TACCAT	1872.0	1598.3	-0.000
TAGCAA	1333.0	1173.8	-0.000
TACAGG	12339.0	9551.9	-0.000
TATCAT	1811.0	1550.3	-0.000
AGAACG	270.0	297.5	-0.000
GCGAAG	244.0	273.9	-0.000
TCGGAA	304.0	327.2	-0.000
CCGCAC	572.0	555.9	-0.000
TACTGA	1663.0	1434.9	-0.000
CCGGTA	141.0	179.7	-0.000
GAAGCA	1877.0	1662.6	-0.000
ATAAGC	1068.0	961.7	-0.000
GACGGT	325.0	346.3	-0.000
ATGGAT	1639.0	1417.2	-0.000
GAGGTG	2892.0	2396.6	-0.000
CGTGAA	466.0	467.6	-0.000
CGGCCG	428.0	435.3	-0.000
CCGACA	181.0	217.4	-0.000
GGTCCG	246.0	276.7	-0.000
GCCGAC	206.0	240.8	-0.000
GTTTAC	1519.0	1323.6	-0.000
ACACGT	450.0	454.8	-0.000
GAAAAA	3428.0	2811.4	-0.000
TGGACG	354.0	372.0	-0.000
TTCGCA	266.0	295.3	-0.000
TCGGCA	295.0	321.0	-0.000
TCCGAA	303.0	347.8	-0.000
GGAGAT	2017.0	1717.1	-0.000
CTAATC	961.0	877.2	-0.000
GCATCG	243.0	275.0	-0.000
TGGGCC	2366.0	2006.2	-0.000
TGGTAT	2380.0	2001.6	-0.000
CGTTAG	225.0	258.7	-0.000
TCCGTG	571.0	557.6	-0.000
CACGAC	265.0	295.1	-0.000
CTAGTC	1089.0	983.3	-0.000
TGAACA	1979.0	1690.3	-0.000
TTAGTT	2788.0	2619.7	-0.000
ATGACG	223.0	257.9	-0.000
ATCCGA	190.0	227.6	-0.000
ACCGGC	281.0	310.1	-0.000
TTGGAA	3055.0	2596.2	-0.000
CTACAT	1317.0	1166.1	-0.000
CGGATA	129.0	170.3	-0.000
CGCAGA	332.0	356.0	-0.000
TAACAG	1521.0	1329.2	-0.000
AGGAAT	2309.0	1949.7	-0.000
GTTCGG	195.0	232.8	-0.000
AAGCCG	358.0	378.0	-0.000
GTTCGC	230.0	264.1	-0.000
TGCTTA	2251.0	1905.1	-0.000
CCGCTA	241.0	274.9	-0.000
ATGACA	1656.0	1436.2	-0.000
TCGTTT	1015.0	1041.9	-0.000
GTTTCG	1314.0	1165.2	-0.000
TAGCAC	1168.0	1048.2	-0.000
GACGTT	323.0	348.0	-0.000
AGTTGA	1876.0	1612.6	-0.000
CCTTAG	1952.0	1672.1	-0.000
CGGTGA	393.0	408.4	-0.000
CGATGG	386.0	402.4	-0.000
TTATGC	1501.0	1316.0	-0.000
TGCTAA	1696.0	1471.6	-0.000
TTCTAC	1819.0	1695.1	-0.000
GCCGGC	540.0	535.9	-0.000
GACGAT	188.0	227.3	-0.000
CGGGTA	226.0	262.3	-0.000
TTCCTG	6462.0	5318.6	-0.000
CTTCGA	320.0	347.2	-0.000
CGTGCG	230.0	266.8	-0.000
TATGCT	1598.0	1395.8	-0.000
GGACCA	1460.0	1286.3	-0.000
AAAGCA	2478.0	2147.2	-0.000
ATCGTT	340.0	365.4	-0.000
TGCGGA	333.0	359.7	-0.000
CTAAGT	1515.0	1330.8	-0.000
TACAGA	2447.0	2065.6	-0.000
TACCCC	925.0	856.7	-0.000
GCGCGG	415.0	431.2	-0.000
GGTAAC	793.0	748.9	-0.000
CACTAA	1032.0	944.0	-0.000
CGAGAA	307.0	337.3	-0.000
CCAACG	263.0	298.9	-0.000
CGTGTC	525.0	525.8	-0.000
ACACAT	1897.0	1634.5	-0.000
AGTACC	976.0	899.0	-0.000
CCCGTA	205.0	245.9	-0.000
CTTCCT	5995.0	6981.9	-0.000
ATCTGT	2787.0	2508.4	-0.000
AAGACT	1772.0	1537.3	-0.000
TCAAAG	2184.0	2117.8	-0.000
ACGCGC	178.0	220.4	-0.000
TTATCG	239.0	276.6	-0.000
CGCACA	363.0	386.8	-0.000
CTAGAA	1736.0	1510.8	-0.000
GCGAGT	303.0	335.7	-0.000
GCGCCA	1336.0	1191.0	-0.000
CATTAC	1192.0	1076.5	-0.000
GACCTG	1614.0	1414.7	-0.000
GTAAGA	1213.0	1092.4	-0.000
GGGCTT	2556.0	2234.1	-0.000
GTTGCT	2871.0	2401.1	-0.000
CTTACA	1529.0	1347.4	-0.000
GTAAAC	972.0	898.1	-0.000
TTGCGG	374.0	397.7	-0.000
AAACGT	438.0	453.2	-0.000
CCGTTT	723.0	693.4	-0.000
TTAGTG	2070.0	1776.3	-0.000
CAATAA	1461.0	1294.2	-0.000
TAGGAG	1574.0	1384.6	-0.000
GAACCA	1472.0	1302.4	-0.000
TATCGT	225.0	265.9	-0.000
TTCAGT	3800.0	3297.7	-0.000
GATAAT	1678.0	1469.0	-0.000
AAAACG	431.0	448.4	-0.000
TACGTG	366.0	391.3	-0.000
CGCTCG	219.0	274.9	-0.000
AGCGAG	546.0	546.8	-0.000
ATAGGA	1186.0	1075.5	-0.000
ATCAGT	1756.0	1531.8	-0.000
TAACCC	941.0	875.8	-0.000
TGTCCC	2505.0	2178.1	-0.000
GTGAAT	1856.0	1610.8	-0.000
TGATAA	1747.0	1523.5	-0.000
AATCAC	1773.0	1543.1	-0.000
TCGTGT	557.0	556.6	-0.000
GCTCGT	344.0	373.2	-0.000
GCGGAC	194.0	237.6	-0.000
GATGCA	1368.0	1298.8	-0.000
TGCCTT	5965.0	4787.2	-0.000
CTGCTA	1639.0	1610.1	-0.000
CGTCAG	427.0	446.7	-0.000
CGGAGG	644.0	630.8	-0.000
ATATGC	1257.0	1132.3	-0.000
CTAATG	1361.0	1218.6	-0.000
GAGCAC	1226.0	1108.4	-0.000
GTAGGA	1100.0	1005.8	-0.000
TTGACT	2642.0	2231.0	-0.000
CGGAAC	184.0	229.2	-0.000
ATTCGT	307.0	341.7	-0.000
GAACGT	275.0	314.0	-0.000
TATAAG	1304.0	1171.9	-0.000
ATTCCG	253.0	293.6	-0.000
TTGCCA	3412.0	2831.7	-0.000
ATAAAC	1480.0	1316.7	-0.000
GGGCGG	879.0	828.4	-0.000
CTACAG	4397.0	3792.2	-0.000
TAATGC	1262.0	1141.1	-0.000
GGGATA	1035.0	955.9	-0.000
AAACAA	3313.0	2758.7	-0.000
GAAAGT	1979.0	1710.5	-0.000
TTGGGT	2806.0	2464.4	-0.000
CCGAAT	242.0	285.0	-0.000
CAATTA	1543.0	1366.0	-0.000
CCAATA	1057.0	975.6	-0.000
ATAAAG	1931.0	1672.6	-0.000
AATACC	1039.0	957.0	-0.000
GAAAAC	1846.0	1608.8	-0.000
ACATTG	1913.0	1661.6	-0.000
GATAAA	1571.0	1389.5	-0.000
AAGCTT	2051.0	1856.3	-0.000
GTACGC	104.0	153.9	-0.000
CGGGAA	348.0	401.6	0.000
GGGAAG	2143.0	2375.0	0.000
GGAAGG	2012.0	2327.3	0.000
GAAGGA	2001.0	1974.5	0.000
AAGGAT	1616.0	1501.9	0.000
AGGATA	1186.0	1181.7	0.000
GGATAT	1223.0	1299.7	0.000
AACCAA	1383.0	1337.9	0.000
ACCAAC	979.0	1065.3	0.000
CCAACA	1472.0	1831.1	0.000
TTCGGG	379.0	454.0	0.000
TCGGGG	436.0	505.1	0.000
GGGTAT	997.0	947.6	0.000
TATGGG	1124.0	1099.9	0.000
ATGGGC	1237.0	1380.9	0.000
GGGCCC	1482.0	1372.8	0.000
TAGCTT	2296.0	1977.7	0.000
ATTTAG	2120.0	2126.4	0.000
TTTAGC	1997.0	2084.6	0.000
TTAGCT	2162.0	2226.1	0.000
TAGCTG	8087.0	7836.5	0.000
AGCTGA	2688.0	2558.4	0.000
CCTTAC	1072.0	1146.5	0.000
CTTTAG	1909.0	2072.6	0.000
TTTAGG	2352.0	2202.7	0.000
TTAGGA	1889.0	1710.9	0.000
GATGGG	3435.0	3413.0	0.000
ATGGGG	3183.0	3024.7	0.000
GGGTGT	1900.0	1809.7	0.000
CACGGA	329.0	381.0	0.000
CGGAGA	405.0	434.4	0.000
GGAGAA	2075.0	2473.0	0.000
GAGAAT	1830.0	2048.0	0.000
TTGGAT	2428.0	2169.4	0.000
TCAGGG	1954.0	2146.7	0.000
CAGGGA	2185.0	2445.0	0.000
GGGATG	1866.0	1776.2	0.000
ATGGGT	1460.0	1532.8	0.000
TTCGAT	276.0	331.7	0.000
CTCATA	1320.0	1252.5	0.000
TAGTCC	900.0	1155.6	0.000
ATAAGG	1072.0	1035.4	0.000
TAAGGG	1024.0	955.7	0.000
AAGGGG	1427.0	1547.5	0.000
AGGGGA	1726.0	1775.0	0.000
GGGGAT	1357.0	1316.1	0.000
GGATTT	3380.0	3279.7	0.000
TCCTAT	1578.0	1565.9	0.000
CCTATT	1877.0	1798.7	0.000
ATTTAC	2391.0	2062.8	0.000
ACTCTA	1246.0	1139.3	0.000
CTCTAT	2095.0	2016.3	0.000
TCTATC	1710.0	1595.5	0.000
CTATCA	1324.0	1226.5	0.000
TATCAA	1205.0	1106.6	0.000
ATCAAA	1559.0	1414.8	0.000
TTTATC	3015.0	3143.5	0.000
TTATCA	2001.0	1893.6	0.000
TATCAG	1471.0	1480.2	0.000
ATCAGA	1565.0	1619.3	0.000
CAGACA	2037.0	1901.2	0.000
TATTTC	4290.0	4347.0	0.000
TCCCCT	2854.0	3411.3	0.000
CCCCTT	2179.0	2699.9	0.000
CCCTTA	1198.0	1342.9	0.000
CCTTAT	1684.0	1668.9	0.000
ATTTCT	6564.0	6499.4	0.000
TTTCTA	4277.0	4112.6	0.000
AGGACT	1839.0	1704.6	0.000
ACTATG	1725.0	1514.3	0.000
CTATGA	1134.0	1123.4	0.000
TGAGAA	2952.0	2728.3	0.000
AGAATC	1739.0	1731.0	0.000
GAATCG	272.0	353.5	0.000
GAACCC	1098.0	1216.3	0.000
AACCCA	1432.0	1514.4	0.000
ACCCAT	1448.0	1294.5	0.000
CCCATC	2254.0	2288.9	0.000
CCATCC	2537.0	2282.0	0.000
ATCCCT	1483.0	1844.2	0.000
CCCTGA	2199.0	2247.6	0.000
GAATCC	1100.0	1069.3	0.000
AATCCA	1801.0	1698.0	0.000
ATCCAA	1222.0	1189.1	0.000
TCCAAA	2632.0	2388.7	0.000
CCTATC	903.0	1007.3	0.000
ACACCC	2070.0	1963.9	0.000
CACCCC	2096.0	2049.2	0.000
ACCCCA	1789.0	1892.8	0.000
CCCCAT	1955.0	2133.2	0.000
GTAAGG	755.0	874.6	0.000
GGTCAG	2450.0	2203.8	0.000
GTCAGC	1441.0	1391.5	0.000
CAGCTA	3304.0	3526.2	0.000
ATCGGG	182.0	234.9	0.000
GCCCAT	1545.0	1490.8	0.000
CCCATA	980.0	979.9	0.000
ATACCC	909.0	867.3	0.000
ACCCCG	597.0	645.8	0.000
GTTGGT	2545.0	2292.0	0.000
TGGTTA	1778.0	1706.4	0.000
GGTTAT	1313.0	1216.7	0.000
ATATCC	1080.0	1155.1	0.000
TCCTTC	3923.0	5692.9	0.000
CCTTCC	5083.0	5487.4	0.000
CTTCCC	5000.0	4535.0	0.000
TACTAA	1353.0	1231.3	0.000
CTAATT	7609.0	7082.1	0.000
AATCCC	1975.0	2100.7	0.000
ATCCCC	1265.0	1295.5	0.000
CCCAAC	1535.0	1538.0	0.000
AACCCG	272.0	416.5	0.000
CCCGTC	712.0	696.2	0.000
TCATCT	3171.0	3134.2	0.000
CATCTA	1275.0	1253.7	0.000
ATCTAC	1039.0	1022.4	0.000
TCTACT	1729.0	2093.2	0.000
CTACTC	1126.0	1479.4	0.000
CTCTAC	1863.0	1900.7	0.000
CATCTT	3921.0	3243.2	0.000
CTTTGC	3091.0	3535.8	0.000
TTTGCA	3817.0	4017.0	0.000
CCCCAC	2308.0	2380.9	0.000
CCCACA	1890.0	1987.1	0.000
CCACAC	3214.0	2961.0	0.000
ACACTC	1100.0	1203.1	0.000
CACTCA	2372.0	2247.1	0.000
ACTCAT	1568.0	1594.0	0.000
CTCATC	1894.0	2236.7	0.000
TCATCG	293.0	354.1	0.000
GCCCTT	1967.0	2143.9	0.000
CTGCTC	3257.0	3524.5	0.000
TATCTC	2182.0	2142.2	0.000
CCCTTT	3580.0	4239.7	0.000
GCTAAT	6228.0	5997.1	0.000
TTAGGT	1493.0	1572.4	0.000
AAATAC	2255.0	1938.1	0.000
ACAGAC	1672.0	1558.0	0.000
CAGACC	1174.0	1330.7	0.000
GACCAA	1027.0	990.6	0.000
ACCAAG	1596.0	1425.5	0.000
CCAAGA	1811.0	1884.7	0.000
AAGAGC	1472.0	1355.0	0.000
CCTTCA	2227.0	2690.5	0.000
CAAAGC	1621.0	1665.8	0.000
AAAGCC	1526.0	1629.9	0.000
AAGCCC	1301.0	1466.1	0.000
AGCCCT	2022.0	2107.9	0.000
GCCCTC	1685.0	2020.9	0.000
CCCTCA	1966.0	2509.0	0.000
TCAGTA	1927.0	1726.2	0.000
GTAAGT	1247.0	1215.2	0.000
TAAGTT	2211.0	2025.8	0.000
AAGTTG	1960.0	1740.1	0.000
AATTTC	3447.0	3183.6	0.000
CAACAG	1345.0	1637.9	0.000
AACAGC	1326.0	1332.5	0.000
CTAAGG	1019.0	1037.8	0.000
TAAGGA	1429.0	1348.4	0.000
AAGGAC	1179.0	1191.5	0.000
GCAAAA	1849.0	1791.9	0.000
CAAAAC	1858.0	1821.0	0.000
AAAACC	1739.0	1738.4	0.000
AAACCC	1277.0	1743.8	0.000
CCACTC	2002.0	2220.6	0.000
GCATCA	1285.0	1321.0	0.000
CATCAA	1156.0	1297.8	0.000
ATCAAC	749.0	780.1	0.000
GCAAAT	1791.0	1674.3	0.000
CAAATC	1416.0	1388.1	0.000
AAATCA	2190.0	2109.6	0.000
AATCAG	1517.0	1582.1	0.000
ATCAGC	1254.0	1502.4	0.000
CAGCCA	2921.0	2745.1	0.000
GCCACT	3891.0	3216.3	0.000
CCACTT	2893.0	2672.8	0.000
CACTTT	5165.0	4411.1	0.000
CTTTAA	3179.0	2815.3	0.000
GCCAGT	1654.0	1814.0	0.000
CCAGTT	2389.0	2621.3	0.000
GTTGAT	1664.0	1527.9	0.000
GATTAG	1051.0	976.9	0.000
ATTAGG	1101.0	1149.8	0.000
TTAGGG	1308.0	1446.7	0.000
GGTGCT	1984.0	1869.5	0.000
GTGCTT	2502.0	2297.8	0.000
GCTTAG	1215.0	1241.8	0.000
AGCTGT	2547.0	2353.2	0.000
GCTGTT	2881.0	2756.5	0.000
GTGTTT	4942.0	4655.3	0.000
GTTTGT	5785.0	5270.2	0.000
TGTGGG	2741.0	2699.9	0.000
GTGGGT	1948.0	1912.6	0.000
TAAGTC	1016.0	1062.7	0.000
AAGTCC	1306.0	1425.1	0.000
AGTCCC	1552.0	1779.4	0.000
TCCCAT	2606.0	2702.7	0.000
CCCATT	2145.0	2565.9	0.000
CCATTG	1885.0	1838.9	0.000
ATTGGT	1748.0	1750.4	0.000
TTGGTC	2671.0	2513.8	0.000
TCTAGT	1549.0	1631.6	0.000
AAGGGC	1189.0	1335.4	0.000
GCTGAT	1927.0	1949.8	0.000
CTGATT	2937.0	2840.6	0.000
GATTTG	2200.0	2566.6	0.000
ATTTGC	2385.0	2699.9	0.000
TTGCGT	389.0	502.6	0.000
TCAGTT	3291.0	3152.7	0.000
TTGATG	2260.0	2203.6	0.000
GGTTTT	6946.0	6079.2	0.000
GTCCTT	1990.0	2288.7	0.000
TCCTTA	1908.0	2056.8	0.000
GCAGAA	1776.0	2132.5	0.000
CAGAAA	2584.0	2698.6	0.000
ACTGAG	2361.0	2023.4	0.000
CTGAGG	3348.0	3424.0	0.000
TGAGGG	1791.0	1891.6	0.000
GGCTTT	3413.0	3538.2	0.000
GCTTTG	3753.0	3273.9	0.000
CTTTGA	3213.0	2980.6	0.000
TGAAGG	1951.0	1890.3	0.000
GAAGGC	1367.0	1393.0	0.000
GCTCTT	3460.0	3697.5	0.000
GTCTGT	2989.0	3042.0	0.000
TCTGTA	2950.0	2611.7	0.000
AGGATT	2982.0	2659.5	0.000
TTAGCC	2258.0	2587.0	0.000
GCCTAT	1281.0	1262.1	0.000
CCTATA	986.0	931.2	0.000
CTATAA	1436.0	1285.5	0.000
ACTTTG	4165.0	3480.2	0.000
TGACAA	1470.0	1369.6	0.000
GACAAA	1546.0	1393.3	0.000
ACAAAG	2038.0	1866.9	0.000
ATGGTT	2140.0	1922.2	0.000
TTCTAA	2597.0	2500.0	0.000
TCTAAT	1843.0	1721.4	0.000
AAAAAG	3430.0	3042.3	0.000
CATGGA	1705.0	1563.7	0.000
GGAGGC	3273.0	3376.1	0.000
GAGGCC	2355.0	2226.0	0.000
AGGCCA	2591.0	2225.2	0.000
GGCCAT	1599.0	1476.3	0.000
CCATGG	1911.0	1742.8	0.000
AAACCA	2075.0	1818.0	0.000
AACCAG	1504.0	1499.8	0.000
ACCAGC	2033.0	1927.5	0.000
AGCTTT	3741.0	3467.7	0.000
CTTTGG	3897.0	4098.9	0.000
TTGGGG	3160.0	2650.9	0.000
ATTCCT	3337.0	3142.0	0.000
TTCCTT	6961.0	8410.7	0.000
TCCTTT	7059.0	7330.4	0.000
TTTGTC	4396.0	4174.2	0.000
TTGTCT	4038.0	4102.2	0.000
TGTCTA	1566.0	1628.5	0.000
TCTAGA	1679.0	1512.5	0.000
TAGATT	1988.0	1945.9	0.000
AGATTT	4024.0	3338.4	0.000
TTCTTC	6642.0	6289.3	0.000
TCTTCG	434.0	579.3	0.000
GAATGT	1989.0	1732.5	0.000
AATGTG	2314.0	2126.8	0.000
ATGTGT	2959.0	3090.3	0.000
TGTGTG	6916.0	7990.6	0.000
GTGTGG	2748.0	2601.4	0.000
GGGGGC	1452.0	1397.9	0.000
GGGCAT	1369.0	1502.5	0.000
GGCATC	1259.0	1330.9	0.000
CATCCA	2151.0	2031.0	0.000
ATCCAT	1815.0	1811.7	0.000
TCCATA	1306.0	1341.2	0.000
CCATAT	1637.0	1571.0	0.000
ACCTGA	1981.0	1733.3	0.000
CCTGAT	2008.0	2003.5	0.000
ATCTCT	3924.0	3769.7	0.000
TCTCTT	6690.0	7283.0	0.000
CTCTTA	2179.0	1976.4	0.000
GTATCC	840.0	827.8	0.000
ATCATT	2480.0	2264.4	0.000
ATTGCC	1772.0	1771.3	0.000
GCCACA	1881.0	1898.5	0.000
CCACAA	1684.0	1749.0	0.000
CACAAC	1422.0	1333.8	0.000
CAACTA	841.0	842.2	0.000
CTAACC	829.0	894.1	0.000
TCGGAC	174.0	234.0	0.000
CATTTA	3345.0	3032.6	0.000
TTTACA	3372.0	2939.9	0.000
TACACC	926.0	883.3	0.000
CACCAA	1477.0	1740.3	0.000
TAGCCA	1908.0	2192.6	0.000
ATGGCC	1357.0	1471.9	0.000
TGGCCA	4995.0	4859.7	0.000
CTTATG	1492.0	1340.7	0.000
ATGAGC	2736.0	2318.1	0.000
GCGGGC	564.0	583.2	0.000
CGGGCG	478.0	540.5	0.000
GCTTTC	2382.0	2984.3	0.000
CTTTCG	522.0	624.3	0.000
TTCGCT	938.0	943.8	0.000
CTCTAA	1523.0	1717.1	0.000
TCTAAG	1442.0	1343.0	0.000
AATGCC	1480.0	1537.2	0.000
ATGCCC	2639.0	2537.2	0.000
TGCCCT	3202.0	3087.5	0.000
GCCCTA	902.0	892.5	0.000
CCCTAG	1222.0	1184.5	0.000
CTTCTT	5823.0	6115.3	0.000
AAGGCA	2043.0	2038.7	0.000
AGGCAC	2652.0	2735.6	0.000
TGGGAG	4143.0	3912.3	0.000
GGGAGA	2340.0	2240.0	0.000
GAGAAA	2661.0	2509.8	0.000
AGAAAA	4016.0	3433.4	0.000
AAAAGG	2164.0	2091.3	0.000
AAAGGG	1705.0	1825.2	0.000
AAGGGT	1280.0	1266.6	0.000
GGCATT	2064.0	1893.1	0.000
GCATTT	4197.0	3993.7	0.000
TTTGCT	5931.0	5893.8	0.000
TTGCTT	5644.0	5237.0	0.000
CTTAGG	1570.0	1438.6	0.000
AGGGGT	1606.0	1585.9	0.000
GGTCCC	1274.0	1220.3	0.000
GTCCCT	1604.0	1940.0	0.000
TCCCTC	3554.0	4609.2	0.000
CCCTCT	3486.0	3811.5	0.000
CCTCTT	4299.0	4597.9	0.000
ACTTGC	1501.0	1416.9	0.000
CTTGCA	1868.0	1927.2	0.000
TTGCAT	2795.0	2993.3	0.000
GCATCT	1974.0	1881.1	0.000
CATCTG	2675.0	2695.6	0.000
TGTAAG	1738.0	1583.4	0.000
CCTTGT	3151.0	2812.1	0.000
TTGTGT	4152.0	3853.0	0.000
ATCCAG	1998.0	1922.0	0.000
TGGCAG	2887.0	2706.2	0.000
AATGTC	1778.0	1665.5	0.000
ATGTCT	2581.0	2558.6	0.000
TGTCTG	3367.0	3794.6	0.000
GTCTGC	1855.0	1788.9	0.000
GGATGT	1366.0	1459.6	0.000
GATGTT	2017.0	1995.6	0.000
CGACAC	145.0	208.9	0.000
GACACT	1146.0	1287.0	0.000
GGCAGC	1775.0	1860.8	0.000
GCAGCT	2574.0	2396.0	0.000
CAGCTG	3317.0	3404.7	0.000
TCCAGA	2483.0	2555.1	0.000
CCAGAT	2026.0	1764.9	0.000
CAGATG	2400.0	2495.7	0.000
GATGTC	1262.0	1224.2	0.000
GTCTCT	4055.0	4530.3	0.000
TCTCTA	2344.0	3021.4	0.000
CAGAGC	2490.0	2472.5	0.000
CCTTGC	2561.0	2384.4	0.000
TGGCAA	2076.0	1945.4	0.000
GGCAAG	1591.0	1586.0	0.000
GCAAGA	1498.0	1532.6	0.000
ACCGCG	759.0	739.5	0.000
CCGCGC	871.0	889.0	0.000
CGCGCC	1015.0	1047.5	0.000
GCGCCT	1005.0	1045.8	0.000
TTAGAT	1913.0	1827.5	0.000
AGAACT	2031.0	1825.0	0.000
TTTTCC	9393.0	7688.6	0.000
TTTCCT	8077.0	8809.7	0.000
TCTCCA	3721.0	4498.6	0.000
TGAGTT	3404.0	2881.0	0.000
CCTTCT	4362.0	4877.5	0.000
TTCTCT	6968.0	8401.2	0.000
TCTCTC	5870.0	9239.8	0.000
AACTGG	1753.0	1778.8	0.000
CCACCA	8595.0	8454.9	0.000
CACCAG	2402.0	2180.6	0.000
AGGCCT	2426.0	2398.5	0.000
TGGATA	1609.0	1613.3	0.000
GGATAA	1160.0	1212.0	0.000
TTTGTA	9726.0	8967.3	0.000
GTAGAG	5534.0	5449.7	0.000
GTTGTT	4650.0	3861.9	0.000
GCTTGG	2123.0	1994.7	0.000
AGTTTG	2972.0	3232.6	0.000
GTGAGT	2011.0	2070.5	0.000
TGAGTA	4155.0	3465.5	0.000
GAGGAC	1077.0	1227.2	0.000
AGGACG	283.0	393.4	0.000
GGCACC	2019.0	2074.4	0.000
GGTGTT	2188.0	2128.4	0.000
TGTTCC	2147.0	2503.1	0.000
GTTCCT	1978.0	2449.9	0.000
TGAGCA	2160.0	2147.2	0.000
ACCGTG	1326.0	1212.1	0.000
TTGCTG	4669.0	4102.5	0.000
TGCTGA	2944.0	2860.1	0.000
CTGAAT	2437.0	2261.5	0.000
TTTCTC	6303.0	8681.5	0.000
CTTCGT	474.0	613.8	0.000
TTCGTG	578.0	590.4	0.000
GTCCGT	239.0	302.9	0.000
CCGTGT	1092.0	1009.9	0.000
TCACAA	1725.0	1712.4	0.000
CACAAA	1933.0	1875.9	0.000
CAAAGG	1729.0	1824.1	0.000
AAAGGT	1712.0	1589.9	0.000
AGGTCC	1092.0	1065.1	0.000
TGCTTC	3586.0	3415.5	0.000
GCTTCT	2634.0	3039.1	0.000
CTTCTC	2964.0	4553.8	0.000
TGGGTG	2680.0	2779.5	0.000
TTTCCC	5236.0	4974.6	0.000
GGCCCC	1584.0	1580.0	0.000
GCCCCA	1939.0	1960.9	0.000
CCTTTC	3046.0	4769.2	0.000
CTTTCT	8901.0	10208.6	0.000
CTTGTC	2771.0	2401.5	0.000
TGTCTT	5297.0	5024.0	0.000
GTCTTC	2440.0	2450.5	0.000
TCTTCT	6915.0	6656.3	0.000
TTTGGT	5373.0	4699.6	0.000
TTGGTG	3114.0	2747.7	0.000
GGAACA	1448.0	1351.8	0.000
GAACAA	1278.0	1206.8	0.000
AACAAG	1387.0	1320.0	0.000
AGCCCC	1776.0	1886.6	0.000
GCCCCT	1636.0	2072.8	0.000
CCCCTC	2408.0	2956.2	0.000
CCCTCG	487.0	608.5	0.000
CCCCGT	583.0	657.4	0.000
CCGTGA	416.0	454.3	0.000
GTGAGG	1676.0	1884.4	0.000
GTGGGC	1732.0	1739.6	0.000
CACCAC	7191.0	7130.6	0.000
ACCACG	2033.0	2312.5	0.000
ACGCCC	1275.0	1584.2	0.000
CCACAG	3054.0	2703.6	0.000
AGCTGC	1956.0	2352.7	0.000
TGCCTG	6448.0	6002.8	0.000
GCCTGT	3169.0	3236.7	0.000
CTGTGA	2917.0	2997.6	0.000
TGTGAA	2880.0	2443.9	0.000
GAAGGG	1699.0	1951.1	0.000
AGGGCG	367.0	452.8	0.000
CCTAGT	1271.0	1165.2	0.000
TCTTTC	7734.0	9053.2	0.000
AGGGCC	1622.0	1453.0	0.000
ACCTGT	2325.0	2114.6	0.000
CCTGTA	2582.0	2584.9	0.000
TCCACA	1714.0	2124.1	0.000
CCACAT	2041.0	2218.2	0.000
CACATC	1579.0	1731.7	0.000
CTATCC	983.0	951.2	0.000
CTCCTT	3695.0	4994.8	0.000
TCCTTG	3098.0	3201.9	0.000
TGTATC	1719.0	1616.2	0.000
GTATCT	1796.0	1771.1	0.000
CCTTTA	2257.0	2532.8	0.000
TGTGCC	4488.0	3702.3	0.000
CTGCTT	4969.0	4440.6	0.000
CTTATC	1169.0	1342.7	0.000
TAACAC	1030.0	971.7	0.000
AACACA	1875.0	1747.9	0.000
ACACAC	2217.0	2629.4	0.000
CACACA	2740.0	3230.4	0.000
CACATT	2617.0	2563.0	0.000
CATTTC	3611.0	4080.8	0.000
ATTTCC	2947.0	3395.3	0.000
TTCCTC	3697.0	5230.1	0.000
TCCTCA	2838.0	3360.8	0.000
TCACCA	4840.0	4755.7	0.000
ACCAGA	1458.0	1332.1	0.000
GGCAAA	1511.0	1521.3	0.000
CAAACC	1364.0	1303.5	0.000
CTCTTC	2905.0	4306.0	0.000
TTTCAT	5589.0	5404.2	0.000
TCATGA	2256.0	2023.3	0.000
CATGAG	3100.0	2668.5	0.000
CTACCC	1019.0	1033.5	0.000
CTTCCA	4101.0	3616.1	0.000
GGTAAG	931.0	1007.0	0.000
CCTCTC	4380.0	5003.9	0.000
CTCTCC	2834.0	4654.0	0.000
TGTGTC	3269.0	3400.7	0.000
GTGTCT	3090.0	3310.8	0.000
CTGTTC	2553.0	2961.5	0.000
GAGTTG	1985.0	1730.1	0.000
GCCTTT	4258.0	3536.4	0.000
CGCCCC	848.0	892.8	0.000
CACCAT	7467.0	6387.0	0.000
ACCATG	5817.0	5506.5	0.000
AATTCC	2327.0	2086.4	0.000
ATTCCA	2071.0	2226.8	0.000
CAGAGA	2612.0	2721.3	0.000
AGAGAA	2604.0	2617.5	0.000
GAAAAG	2264.0	2231.4	0.000
AAAAGA	3188.0	2857.9	0.000
ATTTCA	3984.0	3866.5	0.000
TTTCAG	4944.0	4627.9	0.000
TGAAAG	2338.0	2056.7	0.000
GAAAGG	1725.0	1799.5	0.000
AAAGGA	2325.0	2290.0	0.000
AAGGAA	2764.0	2488.1	0.000
AGGAAA	2915.0	2846.1	0.000
GGAAAT	2215.0	1953.0	0.000
TGTTTC	4663.0	4391.6	0.000
TGGTCA	2417.0	2132.1	0.000
GTCAGG	2557.0	2477.9	0.000
CACAGA	2095.0	2246.1	0.000
AGAGGA	1964.0	2197.5	0.000
GAGGAG	2180.0	2489.0	0.000
AGGAGG	2629.0	2971.4	0.000
AGGCCC	1518.0	1584.7	0.000
CAGCCC	2576.0	2562.4	0.000
GGAGGA	2423.0	2712.3	0.000
GAGGAT	1601.0	1722.9	0.000
GGGTGA	1653.0	1687.0	0.000
GGTGAG	1937.0	2032.0	0.000
GAGCCC	1789.0	1576.0	0.000
CCCTTG	2102.0	2051.3	0.000
GGCCAC	1543.0	1571.4	0.000
GTGTCC	1552.0	1718.7	0.000
TGTCCT	3119.0	3167.8	0.000
CCTTTG	3257.0	3801.9	0.000
TCTGTG	4197.0	4303.5	0.000
TGGGGA	2719.0	2737.9	0.000
AGGGAA	2011.0	2195.0	0.000
GGGAAC	1121.0	1114.7	0.000
GCACAT	1775.0	1561.7	0.000
CAGTTT	4305.0	4227.0	0.000
GTTTGC	1801.0	2232.1	0.000
GCTTCC	3758.0	3261.2	0.000
TGTGGA	2554.0	2257.9	0.000
ACAGCC	2010.0	1788.6	0.000
AGTTTC	3900.0	4203.1	0.000
GTTTCT	4736.0	4895.4	0.000
GTGTGT	5976.0	7029.0	0.000
CTGTGC	3401.0	3217.4	0.000
AAATCG	237.0	299.0	0.000
AATCGC	219.0	375.8	0.000
CGCCAA	315.0	364.3	0.000
GCCAAC	1011.0	1110.3	0.000
TCAGCA	2186.0	2554.4	0.000
CAGCAG	2607.0	2695.2	0.000
AGCAGG	2047.0	1977.7	0.000
GGATGA	1351.0	1429.9	0.000
GATGAT	1815.0	1612.3	0.000
GATATG	1088.0	1070.2	0.000
TGCTTG	2938.0	2833.5	0.000
GAGGGA	2049.0	2092.1	0.000
AGGGAC	1420.0	1352.0	0.000
GGACGC	257.0	342.2	0.000
GACGCT	201.0	337.0	0.000
TGGGCA	2672.0	2883.7	0.000
CAGCAC	2294.0	2563.5	0.000
AGCACC	1167.0	1456.3	0.000
GCACCT	1965.0	2088.5	0.000
TCGGTG	346.0	406.6	0.000
GCTGCT	2576.0	3202.1	0.000
TGCTTT	6862.0	6018.9	0.000
GCTTTA	1992.0	1846.8	0.000
TGACTT	3454.0	3028.7	0.000
CTTCAG	3365.0	3295.4	0.000
TCAGAT	2287.0	2141.9	0.000
AGATGA	2382.0	2319.1	0.000
TCCCCA	3197.0	3344.4	0.000
TAAAGG	1700.0	1582.0	0.000
AAGGTG	1844.0	1856.2	0.000
TGTGAG	4056.0	3379.1	0.000
GTGCCC	2397.0	2249.8	0.000
CCAGTA	1433.0	1512.7	0.000
TTTACC	2425.0	2202.3	0.000
CAGTAC	1043.0	1046.0	0.000
TCCACT	2291.0	2429.6	0.000
ACTTCC	2960.0	2548.4	0.000
GAGTAG	5184.0	5212.5	0.000
AGTAGC	7899.0	7191.8	0.000
GTAGCT	8186.0	7402.2	0.000
TTAGTA	3886.0	5134.7	0.000
TAGTAG	3549.0	4770.3	0.000
AGTAGA	3611.0	4906.6	0.000
GGTTTC	5121.0	5836.9	0.000
TTTCAC	6067.0	6600.1	0.000
GGCCAG	4794.0	4371.4	0.000
GATGGT	2217.0	2624.9	0.000
ATGGTC	1903.0	1878.6	0.000
CGCACC	773.0	776.0	0.000
AAAGAA	3523.0	3232.5	0.000
AAGAAG	1970.0	2119.8	0.000
AGAAGT	2107.0	2060.3	0.000
CTAGTT	1664.0	1670.6	0.000
TTTGCC	4733.0	3986.8	0.000
TGCCAA	1795.0	1715.3	0.000
GCCAAT	1088.0	1179.8	0.000
CCAATT	1740.0	1725.5	0.000
ACAAGA	1440.0	1396.9	0.000
GGCCAA	2058.0	1910.1	0.000
GCCAAA	1592.0	1463.9	0.000
AATTAG	1628.0	1746.7	0.000
ATTAGC	1118.0	1475.9	0.000
GCGTGG	733.0	737.4	0.000
GTGCGT	524.0	711.6	0.000
TGCGTG	698.0	899.7	0.000
ATTTGG	2767.0	2896.2	0.000
GGGAGG	3770.0	4126.6	0.000
GGAGGT	1882.0	2045.0	0.000
CGCTTG	583.0	629.2	0.000
TATTCC	1769.0	1750.1	0.000
ATTCCC	2007.0	1926.4	0.000
TTCCCT	3856.0	4853.9	0.000
TCTGGT	2626.0	2689.6	0.000
GTCTTT	4739.0	4713.1	0.000
CTTTCA	2961.0	3722.8	0.000
TATGTG	2444.0	2297.5	0.000
ATGGTG	3197.0	2815.3	0.000
TTCATC	2254.0	2607.7	0.000
CTACTT	2241.0	2014.4	0.000
ACTTGG	2205.0	1974.0	0.000
AATTTG	3202.0	2919.6	0.000
GCCTGA	2461.0	2105.4	0.000
CCTGAA	2672.0	2395.8	0.000
TGAAGA	2320.0	2148.3	0.000
GAAGAA	2066.0	2178.8	0.000
AAGAAT	2389.0	2039.8	0.000
ATGAGT	1645.0	1616.3	0.000
TGTCAA	1590.0	1643.2	0.000
GTCAAT	816.0	1052.5	0.000
AGGCGC	1251.0	1779.7	0.000
CCAGCA	3060.0	3145.6	0.000
AGCACT	2562.0	2388.5	0.000
GCACTT	2562.0	2292.5	0.000
TCAGGA	2537.0	2849.6	0.000
AGGAGA	2314.0	2717.0	0.000
AGATCG	383.0	445.5	0.000
CCAGAA	2255.0	2146.1	0.000
AGAAAG	2486.0	2630.7	0.000
GAAAGA	2120.0	2182.3	0.000
AAAGAC	1729.0	1651.1	0.000
GACATC	957.0	941.5	0.000
ACATCA	1405.0	1351.9	0.000
CATCAT	2179.0	2137.5	0.000
CTGGTA	1611.0	1502.7	0.000
AACACC	1063.0	1168.0	0.000
CATTTG	3197.0	3455.5	0.000
CTTAGT	1566.0	1452.3	0.000
TAGGTA	1031.0	1075.1	0.000
AGGTAC	885.0	907.3	0.000
GGTACC	703.0	729.6	0.000
CCTATG	1230.0	1155.6	0.000
TCTGAT	2329.0	2721.4	0.000
TGATTG	2090.0	2064.6	0.000
TTGTCA	3233.0	2855.8	0.000
GTCAAA	1224.0	1233.0	0.000
TCAAAA	2883.0	2630.1	0.000
ATGAAG	1849.0	1911.8	0.000
GTGAAA	2069.0	2091.5	0.000
GAAACT	2016.0	1842.6	0.000
TGGGCG	805.0	825.5	0.000
GGCGCT	625.0	666.5	0.000
CGCTCC	510.0	638.0	0.000
CACTCG	377.0	435.8	0.000
GGCCCT	1703.0	1890.1	0.000
GCCCGC	1746.0	1723.4	0.000
CCCGCT	725.0	792.5	0.000
TCCGGT	240.0	333.2	0.000
GAGGGG	1920.0	1820.9	0.000
GGCGGT	341.0	400.1	0.000
CGGTTT	666.0	682.8	0.000
GGTTTG	2209.0	2525.8	0.000
GTTTTC	4686.0	4827.0	0.000
TGGGGC	2295.0	2200.9	0.000
TTTGGC	3781.0	3158.3	0.000
GAGCAT	1372.0	1507.3	0.000
AGCATG	1837.0	1848.5	0.000
GCATGG	1761.0	1591.7	0.000
GCATGT	2348.0	2170.5	0.000
CATGTG	2956.0	2957.3	0.000
TGTCAG	2300.0	2330.9	0.000
GGGAGC	1502.0	1522.2	0.000
CCACTA	1369.0	1325.0	0.000
TATCTG	1969.0	1955.8	0.000
ATCTGG	2220.0	2077.6	0.000
TGGTGA	2619.0	2542.0	0.000
AGCTTC	2805.0	2547.9	0.000
TTCCAA	2742.0	2880.4	0.000
TGCATA	1711.0	1628.6	0.000
CACATG	2137.0	1974.1	0.000
ACATGC	1633.0	1545.8	0.000
TGGCTA	4299.0	3753.4	0.000
GCTCCA	2349.0	2110.9	0.000
TCCTCT	4169.0	5202.6	0.000
TTCACA	2954.0	2685.3	0.000
CAGGAA	2218.0	2602.7	0.000
AAAGGC	1613.0	1592.3	0.000
GCAAAG	1482.0	1604.1	0.000
CAAAGA	1791.0	1976.6	0.000
GGTGAC	1463.0	1363.2	0.000
GTGACT	1901.0	1771.3	0.000
CTCCAT	3097.0	3203.8	0.000
TCCATT	2961.0	3253.7	0.000
ATGTGC	2271.0	2288.7	0.000
TGTGCT	3131.0	3052.0	0.000
GGTGGT	2460.0	2273.9	0.000
GCCAAG	2136.0	2088.6	0.000
AAGGTT	1781.0	1618.5	0.000
GGGGAA	1716.0	1873.4	0.000
GGGAAA	1975.0	2151.2	0.000
GGAAAA	2614.0	2550.3	0.000
AAGTCG	211.0	295.2	0.000
ATAGCA	1304.0	1232.5	0.000
CAACAC	1166.0	1208.2	0.000
AACACG	331.0	421.3	0.000
CTGACA	1487.0	1739.0	0.000
ACATTC	1753.0	1718.3	0.000
CATTCA	2271.0	2399.4	0.000
ATTCAG	2149.0	2239.0	0.000
TTCAGC	3056.0	2997.0	0.000
GCCAGC	1761.0	1877.7	0.000
CTGTCC	2751.0	2639.0	0.000
AAAAGC	1867.0	1752.3	0.000
AGCAGC	2151.0	2203.2	0.000
CCATTA	1337.0	1306.8	0.000
ACAGGA	2045.0	2037.7	0.000
CAGGAC	1238.0	1532.1	0.000
GACTGT	1635.0	1471.2	0.000
CTGTCT	6582.0	5423.6	0.000
TTCATT	5661.0	5238.9	0.000
TGCATG	2215.0	2169.9	0.000
CATGTT	5652.0	4837.1	0.000
CTATGG	915.0	979.3	0.000
GATTTC	2736.0	2679.4	0.000
TCTTTA	3992.0	3948.0	0.000
CAAAAG	1987.0	1821.8	0.000
GCGTTT	622.0	634.0	0.000
TAGACA	1387.0	1256.2	0.000
TACCTG	1959.0	1830.0	0.000
GCACCA	2679.0	2316.5	0.000
GTTTCC	2755.0	3133.4	0.000
CCTCAT	2543.0	2774.1	0.000
GCTTGT	1894.0	1821.5	0.000
TGTTCG	379.0	415.3	0.000
TATCCA	1307.0	1371.5	0.000
AATTGC	1630.0	1531.0	0.000
ACAGAT	2130.0	1893.1	0.000
AGATTG	1771.0	1579.5	0.000
TGTCCA	2516.0	2265.5	0.000
CATGCA	2184.0	2074.3	0.000
TCTACA	1445.0	1428.4	0.000
CTTTAC	1756.0	1811.4	0.000
ACTTTC	2439.0	2763.7	0.000
GGGAAT	1555.0	1431.3	0.000
TTAGTC	1101.0	1300.5	0.000
TCTGAA	2883.0	2541.1	0.000
AATGAC	1409.0	1262.1	0.000
ACTGAC	1056.0	1042.5	0.000
TGAGGA	2220.0	2324.3	0.000
AGGACC	1008.0	1168.7	0.000
GGTGCC	2379.0	2125.5	0.000
TCACAT	2235.0	2218.4	0.000
ACATGG	1910.0	1905.4	0.000
TGGAAA	3202.0	2728.7	0.000
GGAAAC	1459.0	1502.9	0.000
AACAAA	2905.0	2596.7	0.000
CACTTG	2398.0	2192.3	0.000
TAAGCC	1275.0	1185.1	0.000
GGCACT	1661.0	1478.1	0.000
ACGTGC	531.0	607.9	0.000
GAGCTG	2321.0	2602.1	0.000
CCATGT	5058.0	4696.3	0.000
GCCAGA	1973.0	1730.2	0.000
CAGAAT	2546.0	2262.3	0.000
AGAATG	2278.0	2170.6	0.000
GAATGG	1480.0	1606.8	0.000
TCTTCA	2942.0	3333.9	0.000
CTTCAT	2708.0	2754.5	0.000
GTTTGG	2318.0	2535.8	0.000
CAAAAA	3344.0	3364.9	0.000
AGTTTA	2441.0	2233.9	0.000
CATGGT	2315.0	2270.3	0.000
CAGATC	1379.0	1379.0	0.000
ATCTGA	1806.0	1732.7	0.000
AGACAC	1418.0	1642.3	0.000
GACACC	893.0	1050.9	0.000
ACACCG	263.0	335.5	0.000
AACAGG	1640.0	1608.9	0.000
TGATGG	2102.0	2586.7	0.000
GATGGC	1314.0	1543.6	0.000
CCATCA	2216.0	2227.0	0.000
TTGCTA	2085.0	1976.3	0.000
TAGATC	907.0	971.8	0.000
ATCAAT	1126.0	1265.9	0.000
CGAGTA	1775.0	2161.5	0.000
GCAGGT	1829.0	1889.4	0.000
TGTGCG	573.0	677.7	0.000
GTGCGC	544.0	636.5	0.000
GGCGCC	1348.0	1697.1	0.000
TCCACG	483.0	557.9	0.000
TCATTA	2141.0	1886.4	0.000
ACCACT	1984.0	1968.2	0.000
CATGAA	1947.0	1739.0	0.000
AGCATC	1548.0	1467.6	0.000
CAGCGC	468.0	504.7	0.000
AGCGCC	351.0	444.6	0.000
GCGCCC	1496.0	1831.7	0.000
ACAGAA	2199.0	2279.9	0.000
CAGAAG	2054.0	2429.1	0.000
AGAAGG	2132.0	2195.6	0.000
GATGAG	1567.0	1742.0	0.000
GCATGC	2261.0	2032.8	0.000
AAGATG	2090.0	1916.5	0.000
ATGATG	1920.0	1928.8	0.000
TGATGT	2579.0	2399.7	0.000
CAACGC	197.0	255.0	0.000
AGAGGG	2285.0	1996.6	0.000
GGACAT	1307.0	1218.5	0.000
AGGTTT	3345.0	3190.8	0.000
CTAACA	1010.0	1112.6	0.000
AACATG	1968.0	1906.1	0.000
GCGTGT	693.0	823.6	0.000
GAAGAG	1917.0	1953.2	0.000
TGGGTA	1678.0	1579.9	0.000
GGGTAA	931.0	1009.4	0.000
GGTAAA	1305.0	1219.4	0.000
GAGAGG	2499.0	2255.2	0.000
GCTTGC	1731.0	1572.4	0.000
CTTTTC	7832.0	7482.5	0.000
ACACGC	379.0	479.1	0.000
GACCCC	1124.0	1135.5	0.000
GCTGCG	659.0	665.6	0.000
CTGCGG	639.0	696.5	0.000
TGCGGG	485.0	535.7	0.000
GAGGAA	2152.0	2260.4	0.000
AGGAAG	2239.0	2701.8	0.000
GGAAGA	1974.0	2177.0	0.000
AGAGAG	2901.0	2809.9	0.000
GAGAGA	2779.0	2647.5	0.000
AACAAC	1189.0	1166.7	0.000
ACAACG	169.0	276.3	0.000
ACGCAC	295.0	370.9	0.000
AGGAGC	1656.0	1877.5	0.000
GGAGCA	1817.0	1616.5	0.000
CATCGG	194.0	257.9	0.000
CGTCTT	649.0	679.2	0.000
TGTTAG	1976.0	2290.2	0.000
CCGCTG	639.0	684.0	0.000
GCACGC	539.0	548.3	0.000
ACATCT	1971.0	1920.8	0.000
GGCGAA	206.0	266.3	0.000
GAGAAG	2325.0	2319.0	0.000
CAGCAT	2319.0	2286.2	0.000
AACCCT	1360.0	1552.2	0.000
ACCCTG	2609.0	2360.2	0.000
CCATTT	4493.0	4298.5	0.000
GAAGTT	2012.0	1963.2	0.000
CGTTTA	363.0	404.1	0.000
AAGCCT	2057.0	1991.7	0.000
CACACG	496.0	600.7	0.000
GTAGGT	1159.0	1150.7	0.000
GATGTG	2068.0	1984.4	0.000
TTTCCA	4297.0	4847.6	0.000
TTCCAT	2931.0	3405.7	0.000
CATTCC	1965.0	2222.5	0.000
CTTCAC	2051.0	2221.1	0.000
CGAGGA	377.0	457.5	0.000
GGGGAG	2361.0	2225.7	0.000
AGACCC	1302.0	1467.8	0.000
TCGGGA	364.0	544.2	0.000
ATTCGA	200.0	266.4	0.000
AAGGAG	1947.0	2123.7	0.000
GTGGTT	2600.0	2526.2	0.000
TGACCA	1691.0	1627.9	0.000
AATGAG	1868.0	1838.4	0.000
AGAGCT	2018.0	1965.5	0.000
TGGGAA	2696.0	2611.8	0.000
GGAAGT	1690.0	1743.3	0.000
CCCTTC	2126.0	3056.8	0.000
ACCCCT	1815.0	1682.9	0.000
GTGGAT	1724.0	1621.9	0.000
TGGATG	1899.0	1951.2	0.000
GGATGC	1034.0	1223.0	0.000
GATGCC	1165.0	1278.4	0.000
GGACCC	915.0	1090.2	0.000
TTCCAC	2553.0	2566.6	0.000
CAAGGA	1707.0	1683.8	0.000
GTCAGA	1461.0	1482.4	0.000
AGATGC	1295.0	1409.2	0.000
GAAGGT	1318.0	1370.1	0.000
AGGTAG	1446.0	1329.0	0.000
GCTGAG	3872.0	3732.6	0.000
CACTTA	1642.0	1453.8	0.000
CTTAGA	1498.0	1410.0	0.000
GATAAG	946.0	932.1	0.000
TGGCGG	714.0	706.5	0.000
GGTTGT	1672.0	1838.0	0.000
TGGTTG	2287.0	2027.6	0.000
ATGTGG	2105.0	2034.4	0.000
GTGGAC	1053.0	993.6	0.000
GGACTT	1730.0	1675.1	0.000
CCATGA	1512.0	1624.4	0.000
CATTGT	2703.0	2380.0	0.000
TTCGTC	325.0	385.4	0.000
TCCGGA	399.0	475.7	0.000
CTGATG	1797.0	2422.6	0.000
GGTGAA	1421.0	1602.2	0.000
TGAATC	1522.0	1423.6	0.000
GGAGCT	1906.0	2162.6	0.000
CGTTTC	669.0	798.7	0.000
ACGTGG	596.0	629.6	0.000
CTGACG	322.0	383.6	0.000
CGGACC	183.0	253.3	0.000
GGACCT	1258.0	1161.2	0.000
ATGCAC	1621.0	1481.7	0.000
TGCACA	2187.0	2207.3	0.000
AGCCCG	473.0	515.3	0.000
TCAATA	1310.0	1271.5	0.000
TATTAG	1512.0	1465.6	0.000
ATTAGT	1454.0	1359.5	0.000
GAATAG	1377.0	1287.8	0.000
AATAGC	1390.0	1334.1	0.000
ACCAAA	1575.0	1548.7	0.000
CCAAAC	1423.0	1528.1	0.000
CTCAGA	2595.0	2507.1	0.000
TCAGAG	2314.0	2476.4	0.000
CCCTAC	976.0	1021.2	0.000
CTTGTA	1901.0	1723.7	0.000
AGTCAG	1739.0	1838.7	0.000
CCTGTT	3417.0	3151.0	0.000
TAGCGG	197.0	246.4	0.000
GCGGCT	506.0	520.9	0.000
TCCGCA	281.0	376.6	0.000
CATAGA	1175.0	1073.3	0.000
TACTCA	1367.0	1423.1	0.000
TCATTC	2763.0	3007.9	0.000
TCAACA	1297.0	1461.3	0.000
GTCATT	2316.0	2115.0	0.000
TCTTCC	4632.0	4814.7	0.000
TCCATG	2080.0	2403.9	0.000
CATGTC	1812.0	1812.5	0.000
AGCTTG	1805.0	1703.7	0.000
AGTTGG	2188.0	1983.4	0.000
TATGTC	1376.0	1446.1	0.000
TCCCTT	3187.0	4141.8	0.000
TAAGGC	1018.0	1002.3	0.000
ACCCTT	1633.0	1696.9	0.000
CTAAAA	2270.0	2176.6	0.000
AAAAAA	13368.0	10977.9	0.000
AAACAC	1582.0	1547.9	0.000
CTATTC	1828.0	1666.8	0.000
ACAATG	1392.0	1471.4	0.000
TAGCCG	290.0	395.8	0.000
AGCCGG	565.0	671.8	0.000
CCGGGA	668.0	749.4	0.000
GGACAC	961.0	1098.5	0.000
ATGTTC	1751.0	1766.6	0.000
GGCAGA	2884.0	2471.6	0.000
CAGAAC	1416.0	1495.8	0.000
AGAACA	1652.0	1792.0	0.000
GAACAG	1331.0	1354.5	0.000
AGGAAC	1347.0	1368.4	0.000
TCCATC	2638.0	2623.9	0.000
CATCAC	1811.0	1908.4	0.000
ATCACC	1851.0	1741.9	0.000
TACCCT	1376.0	1280.3	0.000
CAACAA	1318.0	1427.4	0.000
CTTTCC	3261.0	5039.2	0.000
TACAAA	2281.0	2090.8	0.000
CTATTG	1401.0	1448.8	0.000
CCCAAT	1235.0	1245.0	0.000
CAAGAC	1545.0	1427.5	0.000
CCAAAT	2226.0	1988.2	0.000
GAAGCC	1556.0	1634.4	0.000
CATTAG	1092.0	1135.2	0.000
GTTAGC	1019.0	1517.2	0.000
TTAGCA	1757.0	1690.9	0.000
TAGCAG	1559.0	1504.4	0.000
AGAAGA	2141.0	2152.8	0.000
AAGAAC	1324.0	1348.1	0.000
AACACT	1611.0	1494.9	0.000
GGTTAG	861.0	865.7	0.000
GATCAG	1164.0	1155.2	0.000
TGGACC	1107.0	1018.8	0.000
ACCAGT	1368.0	1327.9	0.000
AGTTAG	1065.0	1161.1	0.000
CTCTAG	1524.0	1560.4	0.000
CTAGGG	1035.0	1064.0	0.000
TAGGGA	1465.0	1329.5	0.000
AACGGC	215.0	272.6	0.000
CCTCTA	2073.0	1836.5	0.000
GATTGG	1097.0	1230.6	0.000
ATTGGG	1321.0	1265.4	0.000
TCCAAT	1320.0	1512.2	0.000
CCAATG	1036.0	1131.8	0.000
CAATGA	1348.0	1353.7	0.000
AGGACA	1583.0	1654.2	0.000
AGGGAG	2462.0	2556.2	0.000
CGGATG	235.0	322.6	0.000
AGCCAA	1681.0	1859.0	0.000
TGGAAG	2358.0	2433.2	0.000
GGAAGC	1526.0	1627.6	0.000
TACTTC	1640.0	1517.7	0.000
CTTCTA	2073.0	2098.6	0.000
GAGAAC	1158.0	1271.6	0.000
ACTAAA	1596.0	1583.8	0.000
GAATCA	1412.0	1391.6	0.000
GGGCAA	1495.0	1577.6	0.000
CAGCCG	650.0	665.7	0.000
AGCCGC	526.0	596.4	0.000
ACCAAT	973.0	1080.8	0.000
AAAGAG	2356.0	2213.1	0.000
GAGCTT	1852.0	1796.0	0.000
GATGAA	1612.0	1560.7	0.000
AGTTCC	1481.0	1756.4	0.000
AACAGA	2000.0	1984.4	0.000
TCAGAA	2304.0	2298.5	0.000
GAACAC	1092.0	1097.5	0.000
GTTCCC	1454.0	1615.1	0.000
TTCCCC	3637.0	3248.3	0.000
TTACCT	2373.0	2026.0	0.000
GCCACG	715.0	706.1	0.000
CCACGG	490.0	522.8	0.000
AATCTG	2194.0	2021.0	0.000
GAGGTT	1986.0	2254.2	0.000
AGCAGA	1968.0	2022.9	0.000
GCATTC	1556.0	1575.8	0.000
GTCAGT	1478.0	1471.5	0.000
TTTCGT	973.0	923.0	0.000
TTCGTT	875.0	874.8	0.000
GGTATC	755.0	903.7	0.000
TATCCC	1020.0	1097.7	0.000
CAGGTA	1765.0	1776.4	0.000
AGGTAT	1484.0	1326.5	0.000
GCGCCG	244.0	310.9	0.000
CGCGAG	129.0	236.8	0.000
GCGAGG	439.0	489.7	0.000
GAGTTA	1222.0	1124.4	0.000
GGGCGA	393.0	448.4	0.000
TGCGCA	416.0	453.3	0.000
ACACAA	1512.0	1426.4	0.000
GCAGCA	1909.0	1972.3	0.000
CCAATC	792.0	1174.0	0.000
TGTAGG	1495.0	1430.6	0.000
TGAATG	2299.0	2173.5	0.000
GTATCA	1088.0	1003.8	0.000
GAAGAC	1223.0	1163.5	0.000
AACGTG	456.0	529.6	0.000
GGAAAG	2134.0	2095.3	0.000
AAGGCG	380.0	439.4	0.000
GGCGAC	352.0	403.6	0.000
GAATTG	1689.0	1560.3	0.000
GACGCC	298.0	354.6	0.000
GCCGCA	382.0	443.1	0.000
TGCCAG	2866.0	2782.7	0.000
ACAACA	1432.0	1408.1	0.000
CGTGTG	909.0	1045.0	0.000
TAGATG	1505.0	1373.0	0.000
GAAGCT	1746.0	1975.7	0.000
ATGCAT	1817.0	1617.3	0.000
CATTGA	1769.0	1610.2	0.000
GGTTGC	1258.0	1577.0	0.000
CCCTAT	1062.0	1105.9	0.000
ACAAAA	3034.0	2963.4	0.000
CATATC	1134.0	1096.7	0.000
TCTATG	1303.0	1402.9	0.000
CATCAG	1635.0	1852.8	0.000
ATCAGG	1236.0	1422.6	0.000
ACGATG	289.0	355.4	0.000
CGATGT	325.0	368.9	0.000
GAAGAT	1497.0	1431.2	0.000
AGATCC	1185.0	1276.4	0.000
GCGCTT	404.0	473.7	0.000
AAATCC	1649.0	1586.2	0.000
TCCCTA	1723.0	1798.8	0.000
CTACTA	939.0	1121.8	0.000
TAAATC	1538.0	1448.0	0.000
ATGGTA	1601.0	1459.1	0.000
CCCCTA	934.0	987.1	0.000
GGGCGT	508.0	570.9	0.000
ATGAGG	1747.0	1817.3	0.000
TCATCA	1843.0	2279.5	0.000
GATGAC	1082.0	1091.0	0.000
AGAAGC	1530.0	1828.0	0.000
ATGGGA	1856.0	1847.9	0.000
CAAGAA	1911.0	1826.3	0.000
AGAACC	1122.0	1163.4	0.000
GGGGCC	1484.0	1496.8	0.000
GGGCCA	1632.0	1577.0	0.000
TCTAAA	2104.0	1881.7	0.000
AGCTAC	1323.0	1431.6	0.000
TGATGA	2122.0	2034.6	0.000
CCTACA	1017.0	1044.0	0.000
GCAGAT	1630.0	1632.2	0.000
TTCTAT	2951.0	2674.0	0.000
GGTCCT	1619.0	1563.3	0.000
ATATCA	1446.0	1291.9	0.000
ATTGTG	2257.0	2186.4	0.000
CGGAAA	281.0	364.5	0.000
AGTCAA	1155.0	1184.5	0.000
GGTATT	1855.0	1679.1	0.000
GAGCCG	579.0	670.2	0.000
AGCCGA	362.0	498.1	0.000
CATAGG	991.0	967.0	0.000
TAGGTC	887.0	921.5	0.000
GAACTG	1593.0	1499.4	0.000
GTCGTT	291.0	349.0	0.000
CCTTCG	584.0	665.9	0.000
CGGGGA	530.0	613.8	0.000
TCGTCA	320.0	419.1	0.000
TGCGTA	236.0	295.8	0.000
GACTTT	3163.0	2749.0	0.000
CTTCGG	530.0	572.6	0.000
GGCTAT	1308.0	1195.6	0.000
AAGGCC	1362.0	1297.3	0.000
TAGGGC	863.0	912.4	0.000
TCGATG	204.0	312.2	0.000
CCCGTT	383.0	441.7	0.000
CCCGCA	413.0	495.8	0.000
AATTGG	1518.0	1357.5	0.000
ATTGGA	1380.0	1336.1	0.000
GAATGA	1858.0	1637.9	0.000
AATGGG	1568.0	1679.5	0.000
GGACAA	1111.0	1161.2	0.000
GACAAT	1046.0	1052.0	0.000
TTCGGT	380.0	421.0	0.000
GAGGGT	1518.0	1485.1	0.000
GTTAGG	974.0	1055.2	0.000
GGCGTT	378.0	446.7	0.000
CGTTTG	515.0	556.8	0.000
GTCCGA	156.0	209.4	0.000
AGCAAG	1655.0	1828.6	0.000
CCGGAA	288.0	349.3	0.000
CCGGTG	343.0	424.4	0.000
GCTAGC	609.0	731.7	0.000
CTACGT	281.0	341.6	0.000
TACGTC	176.0	241.6	0.000
TTCCTA	2289.0	2429.1	0.000
CCCTAA	1188.0	1235.6	0.000
CCTAAC	932.0	976.9	0.000
CTAAAC	965.0	969.7	0.000
CCGAAC	156.0	226.6	0.000
CATGCG	587.0	608.2	0.000
CTGATA	1348.0	1383.6	0.000
ATGTCC	1326.0	1504.8	0.000
GTCCAT	1091.0	1199.2	0.000
TACATC	969.0	912.3	0.000
TAGGAA	1633.0	1522.3	0.000
AAGAAA	4042.0	3500.1	0.000
TGGACA	1692.0	1711.8	0.000
GTACCA	1036.0	1038.4	0.000
CTATGC	1074.0	1016.7	0.000
TCTGCG	497.0	619.4	0.000
CAGATA	1552.0	1390.0	0.000
GTCTAT	1092.0	1350.2	0.000
CGCGTG	249.0	296.8	0.000
CACCGG	338.0	397.5	0.000
AGACGC	281.0	401.4	0.000
GCTACT	1428.0	1548.1	0.000
AAAGCT	2010.0	1856.1	0.000
CGAGGG	381.0	449.2	0.000
ACCCTA	861.0	875.3	0.000
ACAAAC	1476.0	1407.9	0.000
AAGACC	1366.0	1333.9	0.000
AGACCT	1473.0	1477.7	0.000
CAAACA	2143.0	2043.7	0.000
GACCCT	1510.0	1610.7	0.000
AGGTAA	1394.0	1386.0	0.000
CACTAG	863.0	845.8	0.000
ACTAGG	878.0	863.2	0.000
GTAGTT	1848.0	1860.3	0.000
GAAAGC	1510.0	1374.1	0.000
TGCGCG	195.0	258.8	0.000
AGAAAC	1954.0	1917.7	0.000
GTTAGT	1054.0	1046.5	0.000
TAGAAG	1517.0	1382.7	0.000
AGGGTA	995.0	1041.3	0.000
GCAAGG	1269.0	1292.8	0.000
GTTTAG	1373.0	1505.8	0.000
TATTCA	2205.0	2014.4	0.000
CCGCGA	112.0	182.2	0.000
AGCAAA	2145.0	1909.7	0.000
ATCGGT	144.0	196.7	0.000
ATAAGA	1364.0	1284.9	0.000
CAATAG	936.0	913.9	0.000
AGAGGT	2043.0	2005.4	0.000
AAGAGG	1757.0	1976.1	0.000
TGCACG	482.0	512.9	0.000
GTAGAT	1203.0	1284.0	0.000
CTACAC	885.0	915.3	0.000
ACGACA	162.0	222.5	0.000
GCCGCT	456.0	533.4	0.000
AACGGG	252.0	314.3	0.000
AGCGGA	292.0	337.7	0.000
CGTGGA	447.0	500.9	0.000
ATGACC	1097.0	1116.4	0.000
ATACAA	1582.0	1590.9	0.000
CGCTGA	365.0	469.4	0.000
GGTAGT	1029.0	1039.1	0.000
CGGGCA	522.0	584.1	0.000
CGTTCC	330.0	466.2	0.000
ATGGAC	864.0	963.2	0.000
GTCTAC	687.0	712.9	0.000
GACCCG	271.0	339.9	0.000
GGAACG	303.0	341.1	0.000
TGACGA	179.0	274.1	0.000
GCGCGC	351.0	462.4	0.000
ATCGCT	401.0	512.6	0.000
TTCGGA	253.0	338.9	0.000
ATGCGC	480.0	520.7	0.000
CCACGA	408.0	433.2	0.000
ATCCGG	200.0	258.0	0.000
CGGTTG	283.0	337.5	0.000
TATTCG	202.0	274.8	0.000
TCGTTA	261.0	314.8	0.000
GCGAAA	209.0	275.4	0.000
CGCTAC	175.0	251.9	0.000
ATTCGG	215.0	288.6	0.000
CGCGGA	123.0	183.3	0.000
CGCGCG	220.0	295.6	0.000
CGTAAG	218.0	275.1	0.000
AAACGC	228.0	279.5	0.000
AACGCT	213.0	328.2	0.000
ACATCG	198.0	255.9	0.000
TACTCG	202.0	363.8	0.000
TCCGAT	203.0	264.5	0.000
AATTCG	208.0	286.2	0.000
ATTGCG	234.0	280.6	0.000
ACGTGT	539.0	592.1	0.000
CATTCG	212.0	308.1	0.000
CGTCAA	160.0	243.1	0.000
