OligoSequence	Target Occurences	Background Occurences	Enrichment(ln p, up to 2 mismatches)
TTTATT	26812.0	21712.7	-3845.741
TTATTT	27566.0	22634.2	-3774.497
TTGTTT	24113.0	20135.7	-3359.322
TTTGTT	24168.0	20520.4	-3225.121
TATTTA	13576.0	9989.6	-3008.291
ATTTAT	14016.0	10797.4	-2795.205
GTAGCT	10114.0	8352.3	-1834.119
AGTAGC	9663.0	7968.2	-1770.851
TGCAGT	11461.0	10130.6	-1706.237
TAGCTG	10297.0	8846.2	-1685.681
GCAGTG	10929.0	9682.5	-1631.334
GTGCAG	10060.0	8788.3	-1582.584
TGTTTT	19861.0	20676.9	-1531.160
AGTCGC	243.0	357.9	-1451.932
AGCCTC	12507.0	11998.6	-1442.405
CAGTGG	10255.0	9450.7	-1386.847
ACTGCA	11051.0	10535.3	-1331.731
AGTGCA	10034.0	9422.2	-1288.009
AGCTGG	10362.0	9926.9	-1244.724
GGAGTG	9849.0	9398.8	-1208.117
GAGTGC	9304.0	8853.4	-1161.440
CAGCCT	13836.0	14753.5	-1080.298
CTCACT	12356.0	12904.1	-1070.450
AGTGGC	7379.0	6762.2	-1064.772
TGGAGT	12139.0	12652.9	-1063.746
TCACTG	10739.0	10895.8	-1061.261
ACTACA	5362.0	4449.2	-1041.230
GACTAC	4298.0	3283.1	-1028.290
GGACTA	4539.0	3572.4	-1011.804
GCCTCC	16158.0	18051.4	-1002.304
TTTTTT	154438.0	156116.3	-997.699
TCAGCC	10521.0	10834.2	-990.254
CACTGC	10459.0	10789.0	-979.031
ACACAC	4836.0	3965.6	-974.991
GTTTTG	9375.0	9465.1	-964.639
GTTTGT	8031.0	7816.9	-954.989
CCACCA	9555.0	9726.1	-952.848
TGCGAC	250.0	334.0	-952.273
CTACAG	5286.0	4576.9	-923.117
TGGGAC	5403.0	4717.2	-921.579
GAGTAC	1090.0	1436.3	-910.331
GAGTAG	6278.0	5789.0	-906.673
GCTGGA	10382.0	10959.6	-893.828
TTGGTT	3697.0	5612.4	-878.254
TTAGTT	2191.0	4135.8	-875.104
TTTTAT	15048.0	17145.0	-872.184
TGTTTG	8691.0	8875.3	-869.783
GGAGTA	1502.0	2002.2	-867.269
CACCAC	8157.0	8303.4	-832.507
TACAGG	10161.0	10964.6	-806.441
GGCTCA	9402.0	9996.6	-801.006
CTCCTG	15614.0	18278.5	-788.629
TTGATT	2716.0	5121.1	-784.844
CGTAGC	195.0	313.6	-776.960
AGGCTC	1696.0	2667.3	-775.991
CTCAGC	11662.0	13077.5	-769.065
GGGACT	4921.0	4469.4	-759.966
CACTAC	1348.0	1501.9	-759.189
GCTCAC	8912.0	9528.2	-749.568
AGCGTC	251.0	465.7	-726.302
GCCGCC	920.0	1726.1	-723.639
CACACA	5093.0	4758.2	-722.910
CAAGTA	3913.0	3351.3	-719.778
CAGTCG	157.0	414.7	-702.991
GTGGCA	4817.0	4469.3	-700.701
TTAATT	4347.0	7012.0	-697.543
CGAGTA	2562.0	2141.6	-689.052
GTTATT	2255.0	4103.5	-684.280
CTGGAG	9897.0	11080.1	-677.352
CCCAGG	12212.0	14195.5	-677.216
GAGTGG	1242.0	2107.3	-664.549
AAGTAG	3944.0	3497.2	-662.086
CGGAGT	2543.0	2418.4	-657.985
TTTTGT	19126.0	23879.3	-643.065
CTGGGA	11242.0	13071.0	-633.387
TTCGTT	680.0	1030.3	-629.831
GGCGCA	1319.0	1290.6	-628.345
GTTTAT	2593.0	4549.5	-622.437
GCGCAG	580.0	949.8	-621.717
GTTTTT	14400.0	17466.0	-619.652
GTGCAA	2247.0	3612.3	-609.300
CGCAGT	558.0	740.3	-608.804
CGACTA	180.0	223.9	-604.381
CTGCAG	5546.0	5620.9	-601.812
TCAAGC	5950.0	6170.4	-590.836
GCAGTC	1603.0	1895.4	-590.336
CCGCCT	3982.0	5180.1	-584.318
TCGTTT	673.0	1208.3	-573.192
GGTGCA	2698.0	2935.9	-571.213
GCTGGG	11325.0	13466.2	-570.061
TGAGAC	6713.0	7244.9	-565.620
ACACGC	306.0	572.1	-564.421
GCCCAG	9311.0	10757.6	-558.539
TAGCGG	150.0	304.5	-551.981
GACTGC	1179.0	1671.5	-548.861
GTAGCC	790.0	1402.3	-543.198
ACTACG	335.0	350.7	-540.658
CACCGC	891.0	1948.7	-538.468
GGTTCA	7051.0	7796.6	-534.757
GAGTCT	6405.0	6942.1	-533.511
CCTCAG	10485.0	12487.7	-531.684
GTTGTT	3840.0	5451.6	-528.177
TAACTG	1388.0	2069.1	-526.736
GCCTCA	8850.0	10261.4	-526.709
TGCCGC	473.0	815.0	-522.690
CAGTGC	1818.0	2644.0	-514.844
GTGCCG	407.0	619.4	-511.929
TGGCAC	3588.0	3839.7	-511.839
CCGAGT	2713.0	2537.4	-510.314
CACGCA	333.0	727.7	-496.390
CGCCTC	3597.0	4381.9	-492.129
TCGAGT	428.0	471.0	-484.160
GCACAC	1497.0	2084.9	-481.495
GAGTCG	265.0	416.4	-477.682
CCTCCG	2402.0	3035.1	-476.578
GCCACC	7196.0	8206.9	-475.908
AGCGAT	2927.0	2649.9	-473.181
CTCCAG	2507.0	4905.7	-463.793
TTATGT	2351.0	4250.9	-460.122
GTAGCG	217.0	296.1	-456.624
GCAGCG	552.0	1001.9	-456.397
GGGTTC	5239.0	5645.7	-455.742
CCTCCC	14626.0	18746.6	-452.796
CATGCC	5079.0	5448.8	-450.970
GGCTGG	11636.0	14508.7	-449.938
CTACCG	196.0	342.8	-448.482
TGTTTA	3249.0	5529.0	-448.267
CTCCCG	5104.0	5492.4	-447.613
ACAGGC	7461.0	8681.2	-447.244
CCAAGT	3963.0	4014.4	-443.004
ATTTTA	8872.0	10669.1	-439.733
ATTCTC	7557.0	8866.0	-434.304
ACCGCA	507.0	982.4	-432.984
TGCCTC	10198.0	12577.3	-430.647
TTATAT	2640.0	4936.1	-427.257
GCCTAC	680.0	1044.7	-426.402
CTTTTT	17212.0	22655.2	-425.127
TTATTG	2594.0	4719.6	-419.040
GCGGTG	627.0	1105.5	-414.008
CACGAC	261.0	416.5	-414.004
ACAGGT	4421.0	4701.3	-411.290
CGAGTG	373.0	496.1	-410.224
GGCGTG	2256.0	3637.0	-407.859
CAGGCT	11680.0	15145.4	-407.663
CAAGCG	2812.0	2647.3	-406.480
GTGTAG	1060.0	1705.7	-405.424
AAGCGA	2812.0	2655.6	-402.627
TAGCTC	1588.0	2198.3	-402.547
TGCCAC	4762.0	5180.8	-402.505
GCTCAG	1998.0	3453.5	-399.841
CCTCCT	9103.0	11191.9	-399.046
GGGTGC	1241.0	1820.9	-397.568
GGCTCG	576.0	815.5	-396.890
TTTGAG	9776.0	12158.7	-396.501
TTTTTG	22069.0	29972.1	-393.747
GTAGTG	1237.0	1862.5	-393.324
CGACCA	160.0	280.9	-391.155
CTCACG	456.0	912.5	-387.962
GCCTCG	1203.0	2221.5	-387.558
TGCAGC	3931.0	4132.8	-385.135
TTTAGT	2952.0	8934.1	-384.764
TACAGT	2046.0	2910.0	-384.671
TTCAAG	6748.0	7954.1	-384.517
CGCCAC	2248.0	2337.0	-382.925
TCCTGG	6844.0	8100.2	-381.683
TTGAGA	8453.0	10365.2	-380.244
GCAACC	4214.0	5795.7	-376.149
CTCGGC	3558.0	5440.9	-373.012
GTGGAG	1956.0	2941.9	-372.645
TTACTT	3146.0	4523.6	-369.962
TGTAGC	1421.0	1982.8	-369.671
CGTGCA	663.0	742.5	-366.697
GTTCAA	5954.0	6935.8	-364.823
GTAGCA	858.0	1380.1	-360.516
GCATCC	788.0	1643.6	-358.367
GCGTGC	857.0	1033.6	-357.945
GCCCCC	1466.0	2352.4	-357.757
CTAGCT	1180.0	1913.8	-356.600
AACCTC	5164.0	7301.0	-355.701
AGCGCA	390.0	575.3	-355.373
GCTCGA	192.0	398.4	-355.119
CCGCCA	1378.0	1657.2	-354.034
TCTTGC	5177.0	5910.5	-353.514
TAGCCG	198.0	365.6	-353.482
GGGAGT	1133.0	2002.3	-350.321
CCCGGG	2581.0	3481.8	-349.660
CCTGCC	8704.0	10877.0	-349.606
TTTGAT	2826.0	5407.8	-347.929
TCGCTG	692.0	872.0	-347.469
GTACAG	1243.0	1963.6	-346.906
TCAGGC	1953.0	3480.2	-346.070
AGTCTC	5636.0	6572.0	-345.725
AGACTC	1012.0	1968.6	-343.333
GGATCA	954.0	1744.7	-342.830
AGTTGC	1088.0	1750.6	-342.635
GAAGTG	1434.0	2570.9	-342.021
TGATTT	3869.0	7110.1	-341.686
CCCACG	427.0	918.1	-340.497
CCAAGC	1097.0	2188.7	-338.828
TTATTC	1993.0	3996.3	-337.127
ACGCAC	261.0	491.6	-333.795
CCACCC	2141.0	4371.6	-332.932
GTGCAC	2204.0	2136.1	-332.405
GGAGTC	4098.0	4518.3	-331.943
CTTATT	2363.0	4364.7	-330.112
ACCACC	3492.0	3721.5	-327.403
AGGCTG	11718.0	15376.5	-326.222
CAACCT	5207.0	7328.1	-325.883
TGTATT	3642.0	10150.2	-325.366
TCCTGC	7229.0	8898.3	-325.329
ACGACA	181.0	266.1	-324.479
GTCGCA	188.0	290.3	-321.976
CCGGAG	491.0	917.8	-321.967
GACGGA	2197.0	2069.9	-321.042
TCAACC	1072.0	1840.0	-320.794
CAACCA	722.0	1532.5	-320.774
CAGTCT	3107.0	4000.7	-318.345
TTGTTG	4753.0	7271.2	-316.561
TACCGG	120.0	267.0	-316.213
CCCCCA	2176.0	3182.2	-315.879
TGGTTT	4515.0	7500.7	-315.328
TCTTTT	15960.0	21710.7	-313.893
CGTGCC	1123.0	1728.1	-312.529
TAGTTA	1148.0	1841.8	-312.481
TTTTGA	11648.0	15366.1	-312.461
CGATTA	241.0	371.5	-311.100
GCACCA	2557.0	2775.4	-309.237
GCACTG	1148.0	2309.7	-309.050
TACTTA	1151.0	2029.7	-308.112
GCGCAC	578.0	749.3	-307.634
CCCAAG	3954.0	4408.2	-306.130
GTCGCT	301.0	462.8	-305.754
ACGGAG	2234.0	2151.1	-305.117
TGTTAT	2156.0	4101.0	-304.895
GACTAG	595.0	906.8	-304.894
TGAGTA	3795.0	4207.8	-302.109
CTTGTT	3165.0	5593.6	-301.178
CCCCAG	2356.0	3912.7	-301.104
CTCCGG	620.0	1015.9	-300.734
CAGACT	1499.0	2547.0	-300.370
ACTGGA	1027.0	2111.2	-299.592
AGTTAT	1334.0	2438.4	-299.233
GCGATT	2497.0	2499.6	-299.090
TTTAAT	4855.0	7927.3	-298.510
TATATA	3395.0	4949.2	-298.225
TCCCGA	2702.0	2769.2	-296.867
GTAACT	1007.0	1522.4	-296.267
CACACT	1311.0	2774.0	-293.877
GATTCT	5432.0	6501.9	-293.873
GGCACC	1732.0	2361.7	-293.271
CGATTC	2392.0	2382.4	-292.050
CCAGGC	10935.0	14464.4	-291.344
ATTTAA	2775.0	4704.4	-290.412
TGGCGC	1895.0	2268.6	-290.196
GACTCC	871.0	1903.4	-289.811
GTGGCG	2651.0	2727.5	-288.144
CTCAGT	2322.0	3818.4	-286.465
GCAGCC	3529.0	3899.8	-286.327
GGGTCT	3425.0	3763.8	-285.207
GGTACA	1227.0	1390.9	-284.812
AGTGCC	1114.0	2029.4	-284.559
AGTCTT	4495.0	5231.1	-284.138
CACAGC	1465.0	3038.9	-283.925
TATGTT	2784.0	4921.2	-283.612
GCGACC	271.0	412.8	-283.175
CAGGCG	3171.0	4088.6	-282.547
CTGCAA	6676.0	8322.2	-282.108
TTGTTC	2359.0	4271.3	-279.910
ACTAGC	540.0	890.3	-279.785
TTCTTT	17708.0	24625.5	-279.394
TTTCTT	17910.0	24928.8	-279.219
TATTTG	3424.0	5628.3	-278.826
TGCACC	2909.0	3092.0	-278.726
TATTTT	18233.0	25452.0	-275.448
CCTGGG	6504.0	8118.3	-273.993
TCCGCC	3318.0	3979.0	-273.716
CAGCGT	496.0	772.7	-272.897
TTGTTA	2673.0	4259.0	-272.488
TCATGC	1532.0	2603.7	-272.242
CGCCCA	3355.0	3954.6	-271.839
AGCTCG	191.0	557.4	-270.750
TAGCTA	1439.0	1894.0	-270.722
CCCGAG	2647.0	2770.5	-270.218
TGAAGT	1755.0	3408.1	-269.513
TACCAC	1274.0	1748.6	-269.290
GCGATC	2332.0	2364.8	-268.647
CGAGTC	261.0	465.0	-267.585
ACCACA	4022.0	4639.7	-267.459
GCTCAA	3076.0	3450.8	-266.846
CGTTTT	865.0	1705.0	-265.656
GCGTCC	310.0	676.5	-265.449
GCAGGG	1132.0	2717.4	-265.362
GGCCCA	1497.0	2317.2	-264.497
CCTCCA	3840.0	5370.5	-264.197
AGCCGC	423.0	847.3	-263.920
CACGCC	3396.0	3803.9	-261.214
TACACG	127.0	435.8	-261.092
GATTAC	6458.0	8123.2	-260.028
CTGCCG	596.0	944.4	-259.998
TGCAAC	5061.0	6132.9	-258.637
ACCACG	2548.0	2673.3	-258.214
TCACGC	1000.0	1589.1	-257.550
GCCCAC	1516.0	2837.4	-256.844
GTCTTG	5274.0	6443.2	-256.411
CAGTAG	1481.0	2162.7	-256.211
AATGCA	1275.0	2509.4	-255.172
GGCTCC	1242.0	2502.1	-252.227
TGTGTT	3986.0	7063.7	-250.924
TTTATG	2436.0	5153.6	-249.038
AAGTGG	1310.0	2296.3	-248.631
CTTTAT	2883.0	5571.9	-247.443
CTGCCT	10533.0	14184.2	-247.417
AGTAAC	853.0	1230.2	-247.060
CGGCCT	1238.0	2911.7	-246.056
TGCCCA	6590.0	8389.2	-245.817
TCGTGC	339.0	710.8	-245.399
GCACTA	733.0	971.5	-244.705
GCTGCA	1915.0	3429.8	-244.698
TATATT	3075.0	5730.9	-244.181
TTATTA	3948.0	6485.5	-243.495
GGCACA	2899.0	3213.8	-243.064
CGCAGC	392.0	926.9	-242.976
GACTCA	1134.0	1809.9	-241.909
ATCTTG	4164.0	4937.5	-241.755
ACAGCC	1011.0	2132.7	-241.418
GGGTCA	817.0	1607.3	-239.641
TGGGGT	2933.0	4870.4	-239.562
GCACAA	2097.0	2135.9	-238.859
ACTTAT	1011.0	2077.5	-238.082
TTATCT	1921.0	4292.9	-237.601
GTGGCT	1770.0	3936.3	-237.573
CCATGC	3871.0	4545.9	-237.379
GCGACT	207.0	324.8	-236.654
TGGAGC	1020.0	2265.2	-236.549
GGATTA	6817.0	8779.5	-235.144
GTTGCC	4537.0	5496.2	-234.324
AGTGGA	1248.0	2208.1	-234.267
TTGTAT	3075.0	9260.9	-234.102
ACGATC	1217.0	1050.6	-232.310
CACCCC	1346.0	2709.8	-231.862
TGCCCC	1437.0	2594.4	-231.516
AGTACA	1259.0	2060.8	-230.072
TTGCTT	3688.0	6767.0	-230.068
GGCATG	4275.0	5146.2	-229.558
GCTCGG	397.0	890.7	-229.296
TCACGG	407.0	612.9	-227.419
ACGGCA	200.0	454.9	-227.182
TAGTTT	2519.0	5941.8	-226.008
GCCGGA	292.0	594.6	-225.511
CATGCG	458.0	761.6	-225.360
TTTGGT	3787.0	6578.6	-225.142
GTATTT	3834.0	10672.5	-224.686
GATCCT	2621.0	2872.4	-224.218
AGCGGG	384.0	653.9	-223.756
GGACTG	1183.0	1885.3	-222.743
ACTCCA	1245.0	2786.0	-222.083
AGTACC	582.0	1112.8	-219.447
GCAGTA	1203.0	1577.9	-218.943
GTGCCA	3139.0	3601.2	-218.067
CAAGCA	3490.0	4092.6	-217.361
TGGCGT	1204.0	1572.8	-217.053
TGGCTC	4640.0	6109.5	-216.750
GCAATC	2594.0	2863.0	-215.623
CCGCAG	414.0	881.3	-215.547
CTGCGA	282.0	573.6	-215.238
GTCGCC	2102.0	2401.0	-215.045
AGTGGT	3835.0	4594.2	-213.141
GGAGCG	508.0	838.5	-212.733
ATGCCC	2618.0	2912.5	-210.349
CCTCGG	1081.0	2561.9	-209.673
TGCCGT	373.0	605.2	-209.647
GGGCTC	3211.0	3733.5	-209.449
TATCTA	1126.0	1959.0	-208.595
CCCCCC	2039.0	2142.3	-208.285
AGTATC	771.0	1360.2	-208.130
CACGGC	388.0	735.0	-208.076
CAGCCG	543.0	932.3	-207.758
CGCTCA	368.0	630.2	-207.009
CTACCA	1221.0	1726.4	-205.807
CCTAAG	887.0	1491.5	-205.738
ACCTCC	5896.0	7734.0	-205.107
TTCGAG	374.0	725.9	-204.795
CACTGG	1002.0	2522.8	-203.876
CGCACA	326.0	497.9	-203.820
TGCAGG	1904.0	3287.8	-203.364
CAGGCA	5273.0	6706.7	-203.131
TAGGTG	1182.0	1883.6	-202.040
ACTACC	617.0	971.2	-201.909
GCGTAG	121.0	247.2	-201.531
GATCAC	1105.0	2002.8	-200.843
TCCCGC	795.0	1204.3	-200.710
AGTGAT	4313.0	5330.8	-200.550
CCACGC	2490.0	2771.6	-200.359
CAGCCA	1688.0	3298.9	-200.228
CATCCT	1665.0	3212.0	-199.690
CAATCT	3236.0	3809.3	-198.507
CCTCAC	1551.0	3031.7	-198.115
TGGTAC	735.0	1525.5	-196.858
CCAGCC	2498.0	5366.1	-196.064
ATCCTC	3423.0	4084.4	-195.672
CGACAG	221.0	458.2	-194.567
ATATAT	3564.0	5564.6	-194.432
CGCGAT	901.0	1161.7	-194.083
CCACGA	291.0	530.4	-194.083
CTGGGG	2015.0	3773.9	-193.569
TGTTGT	4274.0	5977.5	-193.532
CCACCT	5004.0	7254.3	-193.251
GAGCAG	1400.0	2458.8	-193.134
ATTATT	4590.0	7560.6	-192.103
CTCAAG	3949.0	4850.3	-191.582
CAGGTG	5325.0	6844.8	-191.524
ATTACA	7199.0	9616.1	-191.104
TCTTGG	4827.0	6123.6	-190.630
GGGGTG	1864.0	2722.7	-190.277
CCACCG	952.0	2044.6	-190.090
CGCACT	261.0	493.3	-189.742
GGGATC	981.0	1571.5	-189.673
AGCGGC	387.0	651.6	-189.242
CTGGCG	446.0	881.6	-188.766
AGGGTC	2413.0	2706.1	-188.379
TATTGA	1405.0	3191.9	-188.360
CTCCCA	9547.0	13171.2	-187.383
GTAGGT	920.0	1572.7	-187.128
TATTAA	1521.0	3189.7	-187.001
CTGAGT	4178.0	5204.2	-186.059
TAATTT	7115.0	14073.9	-185.954
TGTCGC	2153.0	2360.3	-185.784
TCAGAC	901.0	1795.2	-185.753
GCAGCT	1727.0	2752.2	-185.667
GCCACA	919.0	2268.1	-185.567
GAGCCT	1009.0	2340.8	-185.114
ATTGCA	1494.0	3000.1	-182.989
GTCACC	3597.0	4386.0	-182.908
GCTGTG	2401.0	4274.6	-182.629
CTCGAG	520.0	677.7	-182.495
GTGTGC	2929.0	3444.1	-182.110
GTGGGA	1509.0	2772.8	-182.098
TTGTGT	2922.0	6040.2	-181.973
AGGCGC	1899.0	2032.9	-181.498
CCGGCT	1863.0	2590.6	-181.066
GCGCAA	705.0	724.2	-180.457
TGTTGC	5245.0	6790.0	-180.456
TAATTA	1726.0	3176.8	-180.361
TTTACT	3134.0	5164.3	-180.122
CTCCGC	2906.0	3420.0	-180.097
CACCCA	4884.0	6593.7	-179.943
TCCTCC	4677.0	6990.3	-179.826
TACAGC	821.0	1526.2	-179.613
AAGCTG	1300.0	2734.4	-179.094
GGGATT	7000.0	9406.9	-178.375
CGCTGG	472.0	982.3	-177.987
TCGGCC	1026.0	2294.1	-177.626
TCTATT	2120.0	4728.2	-177.029
ACTGCC	936.0	2077.4	-176.991
CAAGCT	1933.0	3434.8	-176.702
TGCGGT	336.0	736.1	-176.324
CAGGTA	1242.0	2129.7	-176.156
ACTTCA	1552.0	2635.6	-175.855
CCTGAG	4534.0	5776.1	-175.252
TCTCCT	8384.0	11510.4	-175.100
GCGTCA	262.0	402.1	-175.068
GCAACT	1516.0	1545.4	-175.017
ATTAAT	1598.0	3165.3	-174.434
CTCACC	1716.0	3468.4	-173.050
ACAAGC	885.0	1394.5	-172.699
TTCATT	3951.0	7672.4	-172.443
CACGCG	246.0	404.3	-172.363
ATAGCT	2103.0	2336.7	-172.307
AGGGGC	905.0	1912.3	-172.149
ACGTAG	155.0	337.7	-171.320
GGTTCG	311.0	399.2	-171.244
CCTACC	1155.0	1738.8	-170.919
CACCAT	5421.0	7105.0	-170.843
TACAAG	1077.0	1683.7	-170.153
CACACC	3559.0	4389.4	-170.082
GTCTCC	2505.0	3804.0	-170.025
ACGCCC	1763.0	1886.9	-169.427
CTCGCT	2331.0	2683.2	-169.195
TGGGCT	3728.0	4638.0	-168.764
TTTATA	3352.0	6362.8	-167.937
AGGTGC	2452.0	2831.7	-167.861
TCAGTG	1677.0	3282.3	-167.695
ACTGCG	510.0	929.5	-166.783
ATTGAT	1381.0	2816.1	-166.702
GTCGCG	150.0	204.1	-166.310
CACGAT	1210.0	1172.8	-166.187
AGCCAC	2952.0	5662.0	-166.142
GCACGA	1170.0	1121.9	-166.125
CTGTAG	1750.0	2916.5	-165.873
TTACAG	7220.0	9828.0	-165.553
GATTTA	1336.0	2408.4	-165.118
TGGGAT	7090.0	9923.5	-163.956
GTACCT	964.0	1405.0	-163.724
CAAGTG	3804.0	4776.5	-162.967
CGCCCG	1724.0	2719.9	-162.277
CTGGCA	1441.0	2763.8	-161.468
TCAAGT	3935.0	4977.7	-161.071
AGGAGT	1481.0	2947.0	-159.854
GTCTCA	5046.0	6616.8	-159.776
ATCTAT	1224.0	2339.0	-159.670
CAGGGG	1144.0	2332.0	-158.453
CTGCCA	2578.0	4206.8	-158.240
ACGCGA	63.0	151.1	-157.360
GCCGTG	427.0	762.5	-156.973
CGGACT	165.0	450.9	-156.737
ATGCAG	1275.0	2572.5	-155.999
CCGGGT	2064.0	2668.6	-155.922
CACAGG	1798.0	2827.0	-155.290
CCCCGG	792.0	1366.8	-154.182
GTGCGG	380.0	853.0	-154.006
CTGGAA	2380.0	4032.1	-153.870
AGAGTC	2860.0	3463.8	-153.381
GAGTGT	1228.0	2377.7	-153.326
CACGCT	347.0	805.1	-152.711
AGGCAC	2670.0	3201.0	-151.319
CAGCGG	514.0	820.8	-150.133
ACCCAG	4552.0	5943.1	-149.935
GGTTTG	2060.0	3516.1	-149.915
CCCCCG	807.0	1282.2	-149.699
CCTAGG	1655.0	2283.8	-149.564
CTTGCT	4802.0	6323.3	-148.234
CACAAC	974.0	1553.8	-148.067
TACTGC	1324.0	1838.1	-148.002
TCCAGG	2166.0	4046.8	-147.998
TCTCGC	2278.0	2665.8	-147.356
GGCCTC	2783.0	6218.1	-146.543
CGCCTG	1984.0	2999.4	-146.364
CGGTGG	612.0	1121.0	-145.902
GTTTGG	1902.0	3214.0	-145.444
TGGGTT	4663.0	6135.0	-145.200
CGCCTA	334.0	428.4	-143.854
GTGCGA	1054.0	1026.8	-143.447
AGTCGT	185.0	391.1	-143.206
CTTCAG	2450.0	3766.0	-142.661
AGTGTC	1083.0	2094.6	-142.656
GGCTTA	1236.0	1981.8	-142.422
GGTGGA	1476.0	2549.1	-142.116
ATTTGT	3751.0	6428.0	-141.554
AGACAG	5222.0	6995.0	-141.397
CTCAGG	2770.0	5191.0	-140.896
TGCAAT	2660.0	4689.9	-140.570
GTTTTA	3687.0	6380.0	-140.357
GTCTCG	2825.0	4104.5	-140.232
TAGGCT	1802.0	2393.7	-140.104
ACTCAC	1124.0	1904.9	-139.921
CCCGCC	2381.0	4077.7	-139.868
CAGGTT	3971.0	5142.9	-139.771
CCGCCC	1034.0	2502.9	-139.612
TACGGG	219.0	363.3	-139.516
GAGACT	1555.0	2514.8	-138.897
TCGCCC	2113.0	2703.2	-138.705
AGCCTA	765.0	1503.4	-138.449
ATTGTT	2678.0	4344.3	-138.276
CACCCT	1627.0	2832.6	-138.236
ACAATC	1668.0	1853.2	-138.194
CTCACA	1174.0	2888.5	-137.499
AGTGCG	369.0	633.7	-137.181
TGACAC	829.0	1645.2	-136.888
TCTTGT	3358.0	5896.2	-136.252
CTACTG	904.0	1827.7	-136.228
AAGTGC	2235.0	5162.5	-136.127
AAGTGA	3964.0	5154.0	-135.825
TGTGCC	3536.0	4526.5	-135.655
GGACGA	154.0	311.7	-135.571
TCTCGG	3023.0	3780.1	-135.093
ACCCTC	1214.0	2180.2	-134.895
AGCTCA	3796.0	4913.1	-134.567
TCTGTT	5609.0	9012.6	-134.284
CTCTGT	8134.0	11476.0	-133.872
AGGCGG	699.0	1283.5	-133.850
TCGCAC	266.0	390.1	-133.822
CCCACC	3844.0	5824.7	-133.704
CTGACT	1425.0	2792.0	-133.700
CCCAGT	1709.0	3162.7	-133.194
TTGCCC	4812.0	6435.1	-132.924
ATCTCG	2842.0	3528.7	-132.786
CACACG	362.0	700.1	-132.670
CTAAGC	717.0	1170.7	-132.259
GCAATG	1402.0	3126.3	-132.169
AGGTGG	1888.0	3262.3	-131.919
GCGGGA	486.0	823.5	-131.906
CTGTTT	4043.0	7976.1	-131.728
CGGGGT	988.0	2147.3	-131.048
GGTGGG	1922.0	3676.6	-130.901
CTAGGC	1543.0	1943.5	-130.858
GTGTTT	3621.0	6611.1	-130.795
CTCGTG	472.0	1471.9	-130.406
AGCAGT	1930.0	2910.0	-130.002
GGTGTG	3999.0	5538.9	-129.940
TGGCTG	2052.0	4522.8	-129.603
AGCATC	907.0	1741.3	-129.334
GCCCAA	951.0	1667.1	-129.149
GGCACG	1579.0	1764.8	-127.861
CTGGCT	4576.0	6950.0	-127.575
TCCCGG	2253.0	3031.0	-127.551
GGGGGG	1503.0	1662.9	-127.523
ACTGGC	920.0	1761.9	-126.924
CTTGAG	1701.0	3240.5	-126.580
TATGTA	1877.0	2885.2	-125.779
AATAGC	1255.0	1615.5	-125.487
GTCCAG	1181.0	2328.2	-125.047
CACCAA	896.0	2014.1	-124.972
CCGAGG	451.0	1007.6	-124.540
ACAGTC	1564.0	1977.6	-124.508
GACCAC	1031.0	1474.6	-124.274
TTCTCC	7889.0	11185.7	-124.239
GTTCAG	1254.0	2406.7	-123.378
CGGGCT	774.0	1139.5	-122.671
GGGGTC	1555.0	2011.6	-122.515
AGTGTA	1108.0	1980.0	-122.474
CGGCTC	2918.0	3803.9	-122.335
CGATCT	2772.0	3481.2	-121.310
ACCATG	4614.0	6214.2	-121.265
AGGAGC	982.0	2089.9	-121.236
ACCCCC	1000.0	1836.0	-121.174
CGCGTA	34.0	69.4	-120.959
TCACCC	3457.0	4779.1	-120.720
TTGCTC	4300.0	5748.1	-120.523
GAGACA	5028.0	6845.1	-120.491
GCAGGC	1174.0	2370.1	-120.465
CGCAAC	269.0	524.3	-120.067
AGCAGC	1581.0	2658.4	-119.965
TTGGAG	2558.0	3692.9	-119.874
GAGTAT	841.0	1401.0	-119.345
TCCACC	3227.0	5644.0	-118.679
GGTAGC	675.0	1186.2	-117.749
TTTGCT	3867.0	7856.2	-117.735
AGCCGG	371.0	831.4	-117.675
TTTATC	1986.0	4812.5	-117.624
CCCCAC	1858.0	3226.9	-116.472
ATGTGC	2444.0	3029.8	-116.440
CAGTTG	1310.0	2387.2	-115.832
GGAATA	845.0	1652.3	-115.825
CGTGGC	393.0	827.1	-115.821
CTAACT	854.0	1749.1	-115.444
GGAATG	1372.0	2264.3	-115.124
GAGTCC	721.0	1547.6	-114.312
TGGACT	1195.0	2212.1	-113.555
CTGGGT	4288.0	5908.2	-113.207
CCCAGC	4767.0	7664.8	-113.105
GCCTGC	1989.0	3771.1	-112.800
CAGTGT	1908.0	3607.9	-112.129
GCCGAG	573.0	1163.0	-112.091
CCTGCG	481.0	1104.5	-111.900
TATTGT	2078.0	3567.4	-111.729
TGTCAC	3904.0	5211.8	-111.451
GAGCGC	390.0	751.2	-111.304
ACCGCC	360.0	651.6	-110.968
ACCTCA	3656.0	5595.3	-110.614
CTCGCG	188.0	435.3	-110.466
TATTAT	3958.0	6060.9	-110.391
ACCTGG	2260.0	3746.9	-110.201
GAATAC	757.0	1128.9	-109.761
TGCGAT	1112.0	1192.8	-108.389
TGCAGA	1253.0	3212.0	-107.051
GGTGCG	1357.0	1532.9	-106.128
TGGAAC	1234.0	1997.4	-106.119
CTGTCG	1876.0	2259.0	-106.105
AATTTA	2457.0	4519.8	-105.518
GCTTAC	986.0	1385.8	-105.391
AATTAT	2348.0	3818.6	-104.629
TGTGAC	1229.0	2304.9	-103.914
CCACAA	1009.0	2093.6	-103.712
TAGATG	996.0	1779.8	-103.668
TCAGTC	1589.0	2480.4	-103.328
AGTTCA	1544.0	2970.6	-103.201
AACTGG	1185.0	1953.9	-102.936
CTATTT	2742.0	5654.7	-102.758
CGGCGG	992.0	1049.4	-102.275
CAATGC	481.0	1294.2	-102.211
ATGCTC	895.0	1769.9	-101.598
GCTCCC	1117.0	2604.0	-101.037
TCCCCC	2333.0	2943.7	-100.772
TAGTGC	803.0	1378.5	-100.211
GTGATT	3314.0	4399.5	-99.974
GGTTGG	1975.0	2428.7	-99.923
GCTCTG	5207.0	7274.7	-99.705
TTTGTG	3332.0	7246.0	-99.614
GGCAGT	1296.0	2160.6	-99.274
CACTCC	1200.0	2791.0	-98.797
GGATTG	989.0	2106.4	-98.339
TCATTT	4514.0	8189.2	-97.868
TCGCGC	213.0	404.6	-97.765
GACGAC	156.0	221.1	-97.296
ATTTAC	1741.0	3077.0	-97.139
TACGCC	319.0	383.3	-96.282
CGGGTT	2050.0	2555.0	-95.786
CAGGCC	1383.0	3093.9	-95.653
TCACCG	562.0	1367.2	-95.406
GCGGGG	891.0	1656.2	-94.940
CTTTGT	3663.0	7142.4	-94.932
ATACTC	740.0	1139.5	-94.884
TCGGAC	119.0	242.8	-94.830
AGCGGT	252.0	462.4	-94.536
GGGTAG	767.0	1293.7	-94.217
AGTAGT	1393.0	1982.1	-94.073
CTAGAG	1046.0	1947.1	-94.025
GCTGGC	1215.0	2726.2	-93.215
AATCTC	2761.0	3920.3	-92.972
ACTATA	1265.0	1685.2	-92.506
AGCTAG	1163.0	1528.5	-92.472
AGCCTT	2255.0	4032.1	-92.268
TCACAC	1208.0	2498.1	-92.028
TGGTGC	2811.0	3696.9	-91.909
ACCGAG	314.0	481.1	-91.531
TCGGCT	2838.0	3741.4	-91.194
CGGTTC	430.0	643.0	-91.037
ACTGTA	1779.0	2590.6	-90.928
AGTGCT	2648.0	5951.9	-90.760
ACACCC	1760.0	2571.3	-90.548
ACACCA	1673.0	2314.2	-90.030
CCTGGC	5152.0	7809.2	-89.365
CTACGG	214.0	257.9	-88.716
AGCCTG	1981.0	4192.3	-88.109
CACAAT	2061.0	2610.5	-87.761
CTACGC	269.0	315.3	-87.622
AAGCCT	1060.0	2255.0	-87.334
TACTAC	609.0	1025.9	-86.722
TTGGGA	2135.0	4251.9	-86.432
GTATAC	962.0	1055.8	-86.348
AGACGG	2842.0	3776.6	-86.098
CCGGGC	1029.0	1721.1	-85.856
CCAGGT	3608.0	4937.1	-85.634
ACTGGG	1284.0	2688.5	-85.380
TGTTTC	3405.0	6065.2	-85.261
GGGACA	798.0	1676.0	-84.863
CGGGTA	184.0	335.3	-84.721
TCCAGC	1763.0	3872.3	-84.678
ACAGAC	1164.0	1923.9	-84.668
GTGTTG	2201.0	3465.4	-84.092
CGGCAC	202.0	438.9	-83.684
GAGTGA	1218.0	2244.7	-83.671
GCCTAA	546.0	1178.1	-83.579
ACGACC	148.0	264.7	-83.258
TGAGCC	2991.0	6250.9	-82.995
GAATGC	999.0	1788.2	-82.917
TGGAAT	2083.0	3664.7	-82.632
TCTAGC	879.0	1530.8	-82.282
GGCGGG	992.0	2007.2	-81.890
GACACC	575.0	1240.4	-81.862
TCTTAT	1823.0	3567.8	-81.226
CAACTA	558.0	1036.7	-81.077
TAGAGT	1303.0	2183.2	-81.004
TTTTAG	4680.0	11256.0	-80.450
TCTCAC	4117.0	5754.4	-80.361
GCACCC	1808.0	2361.8	-80.305
TATTTC	3453.0	6473.6	-80.179
GGTTTT	5266.0	8433.6	-80.130
TGTAGT	1747.0	3416.6	-80.095
GTACTA	646.0	884.5	-79.987
CACCTC	4314.0	6062.3	-79.890
GCTCGC	392.0	646.1	-79.696
GACACA	832.0	1909.4	-79.613
TCTTTA	2742.0	5960.9	-79.019
CTTTTG	4000.0	7517.5	-78.863
AACTAC	884.0	1246.3	-78.789
CTCCCT	2905.0	6330.4	-78.637
GGGCTA	612.0	1176.5	-78.520
GTTGGA	1584.0	2141.7	-78.351
GATCTT	3100.0	4217.0	-78.152
GGGACG	313.0	552.5	-78.060
ATTCAT	1847.0	3547.8	-78.034
CCCGGC	2413.0	3935.3	-77.963
ATCATA	1505.0	1849.0	-77.693
TCTGCC	4780.0	7915.9	-77.373
GTTGCT	1674.0	2863.2	-77.205
ATGATC	2148.0	2793.7	-77.145
TGCTTT	4278.0	7907.6	-77.030
CACCCG	1252.0	1939.0	-76.929
CCTCGC	519.0	957.7	-76.708
GAGACG	2877.0	3891.5	-76.301
CTCCTA	1932.0	2656.9	-76.269
GTTCGA	275.0	472.0	-76.090
TTGCAG	1676.0	3769.6	-76.062
CAAGCC	1025.0	1870.1	-75.707
TGGGTC	910.0	2096.5	-75.571
TGCACT	1379.0	2842.6	-75.356
TTAGCT	1512.0	2904.7	-75.300
ATGCGC	401.0	630.0	-75.175
CGCAAT	698.0	733.7	-75.170
TTTTAA	9210.0	13799.2	-74.803
ATTAGC	628.0	1898.0	-74.331
GCAAGC	1336.0	2298.6	-74.289
GTACAA	758.0	1244.3	-74.078
TTTTTA	15518.0	23882.3	-73.992
CTGAAG	1513.0	2977.2	-73.724
GCGCGA	923.0	1191.0	-73.408
GTTGCG	200.0	399.2	-73.313
ATACAG	1040.0	1823.4	-73.225
TCTCCC	3485.0	5860.5	-73.149
ATGTAT	2064.0	3460.9	-72.804
GATTAT	1968.0	2774.9	-72.789
TTTTCT	14711.0	22620.3	-72.288
CGCAGG	290.0	770.5	-72.206
GCGCCA	1014.0	1291.4	-71.876
CTCGGA	216.0	558.0	-71.642
AGTGGG	1444.0	2417.6	-71.325
CTGGGC	3969.0	5603.2	-71.102
CGCCCC	801.0	1680.0	-71.041
GATCTC	4192.0	5955.2	-70.331
CAGGGT	3171.0	4449.4	-70.147
ACCAAG	868.0	1654.1	-69.960
GGCTGA	1643.0	3424.4	-69.778
CCGTGG	356.0	842.7	-69.716
CATGTG	2865.0	3918.1	-69.626
CCCTCC	3162.0	5573.0	-69.605
TGAGTC	1236.0	2188.5	-69.251
GTTCGT	265.0	461.9	-69.054
ATCCTG	1377.0	2716.6	-69.021
AGTAGG	911.0	1494.0	-68.619
CTACAA	1010.0	1591.7	-67.736
GGCGGC	1221.0	1483.7	-67.561
TCCGGG	418.0	861.8	-67.519
CTCAAC	1047.0	2115.9	-67.512
CCCATG	985.0	2227.6	-67.399
AGGCAT	3309.0	4617.7	-67.196
GTGCAT	1365.0	2351.2	-67.182
ATTATA	2521.0	3675.8	-66.614
TAGCCT	1528.0	2362.0	-65.857
TGCATC	1125.0	2153.8	-65.743
CCAGTG	1302.0	2924.0	-65.580
GCACGC	572.0	823.9	-65.376
CCAAGG	995.0	2221.6	-65.107
CCCTGC	1702.0	3878.0	-65.016
CTTGCC	1872.0	3115.4	-64.860
TCAGCG	322.0	598.2	-64.675
TAGTTG	1345.0	2192.7	-64.589
GCTAAC	560.0	976.3	-64.344
CTCGGT	426.0	757.4	-64.003
GATTAG	625.0	1215.2	-63.573
GTGGTG	3899.0	5563.1	-63.053
ACAACC	655.0	1403.9	-62.819
AGAGTA	1036.0	1662.0	-62.593
GTACGA	161.0	195.0	-62.541
AGCTGA	1539.0	2772.6	-62.462
CCGACT	274.0	503.7	-62.134
TCTGTC	5911.0	8732.0	-62.091
GCTAGA	857.0	1555.6	-61.328
ACAGGG	2759.0	3818.1	-61.147
GGGCAC	657.0	1677.5	-61.025
AACTTC	1945.0	2584.7	-60.771
TGGCAT	2620.0	3608.6	-60.653
ATCTGG	1117.0	2306.3	-60.539
TGTTCT	2849.0	5391.7	-60.517
CAGCTT	2191.0	4122.2	-60.489
TATAGG	1453.0	2185.8	-60.469
TCACAG	1609.0	3248.2	-60.375
AACTAG	434.0	1042.3	-60.311
TTCCGC	598.0	640.4	-60.257
CGATCC	629.0	683.5	-59.807
TTCTTG	3296.0	6250.5	-59.408
ACAGTG	2025.0	3393.4	-59.378
TCCGGC	302.0	699.0	-59.350
ACAAGT	890.0	1681.6	-59.152
CCACAG	2027.0	3285.9	-58.776
GATGGA	2773.0	4160.7	-58.673
GTTGTG	1211.0	2493.2	-58.649
ACTCCG	557.0	590.9	-58.359
CGGGGA	501.0	848.3	-58.223
TGCTCA	1806.0	3402.9	-57.981
TCCCAA	5425.0	8009.3	-57.910
ACTCAG	1323.0	2732.7	-57.861
GATTGC	807.0	1891.7	-57.684
CCACTA	1162.0	1651.2	-57.501
CTGTTG	3815.0	5486.7	-57.079
ACGCCA	1052.0	1286.2	-57.072
CAGCTG	2078.0	3928.9	-57.064
CATACC	902.0	1175.3	-57.044
GCATGA	2556.0	3538.2	-56.920
ATGCGA	162.0	237.3	-56.655
CACCTG	2704.0	5121.7	-56.532
GCGTAC	140.0	168.1	-56.351
CGCACC	636.0	1020.8	-56.349
GCCGCA	303.0	577.9	-56.206
TCCCAC	2936.0	4131.1	-55.850
GCGGCA	240.0	527.5	-55.824
CTCGAC	492.0	512.4	-55.652
AGTGAA	1227.0	2311.2	-55.564
CGCAAG	171.0	290.8	-55.471
GTTCTT	2317.0	4562.1	-55.470
CTCAAT	841.0	2121.9	-55.231
ACCTCG	565.0	1753.8	-54.500
TATTCT	2466.0	4755.6	-54.181
TTTTGG	5387.0	8653.3	-54.166
GATCAT	1489.0	1942.0	-54.050
ATCTTA	1276.0	2204.3	-53.991
AGCTTG	972.0	2218.5	-53.839
TACTGG	840.0	1754.7	-53.690
ACCATC	966.0	1835.9	-53.660
TGCTGG	3160.0	7320.2	-53.616
CAATCG	157.0	248.4	-53.600
CAGTGA	1958.0	3592.0	-53.557
CATCCC	860.0	2094.5	-53.396
GACTGG	1112.0	2180.3	-53.393
GGGGCG	594.0	1437.7	-53.041
GGCGCG	1414.0	2026.6	-53.009
GTACAT	1285.0	1645.6	-52.851
TGCCCG	1596.0	2110.8	-52.420
TTTCGT	614.0	1131.2	-52.284
CGCCGC	625.0	1289.8	-52.279
ATGTTT	3378.0	6370.2	-52.154
TAGCTT	1587.0	2572.6	-52.079
CCCTGG	1685.0	3624.2	-52.035
GCTGGT	2721.0	5510.9	-52.019
CCAGGG	1720.0	3041.3	-51.630
TCGCCT	662.0	837.8	-51.540
AGAGGC	1249.0	2213.6	-51.510
TACCTG	1142.0	2227.3	-51.450
CGATCG	62.0	82.7	-51.378
GTCACT	1300.0	2413.7	-51.219
GCGTCT	339.0	636.2	-51.060
ACATGC	1336.0	1962.4	-50.998
TCATAG	1559.0	2064.0	-50.705
TTGGCT	4256.0	6245.4	-50.299
TAGGAC	941.0	1155.3	-50.137
CAGAGT	3647.0	5290.0	-50.099
GCTGCG	458.0	973.4	-49.817
CGATCA	371.0	368.4	-49.729
GATTGT	1191.0	2233.9	-49.580
ATATTT	4530.0	8517.0	-49.403
GACTAA	627.0	1023.0	-49.344
GGTACG	175.0	307.6	-49.194
GCATCA	830.0	1437.8	-49.138
CAACTT	1928.0	2633.4	-48.965
TTGAGT	1990.0	3569.4	-48.663
CTTGGC	4239.0	6240.6	-48.459
GTGAAG	1035.0	2033.6	-48.420
CCGGGA	354.0	986.5	-48.276
TATACT	1481.0	1963.4	-47.989
TGAGTG	1394.0	2781.3	-47.934
AGCTGC	1231.0	2729.2	-47.748
TCCCAG	4339.0	7701.0	-47.585
ACCGGC	210.0	430.0	-47.326
CTGAGA	2081.0	3763.9	-47.283
TGACTA	810.0	1434.3	-47.083
CTAGGA	1546.0	2067.5	-47.005
GCGGCG	997.0	1250.5	-46.965
CTCATG	1547.0	2934.9	-46.772
GAAGCT	1091.0	2198.5	-46.731
CTTCCG	839.0	1023.9	-46.589
CTGTCA	3516.0	5121.3	-46.336
AGTTGG	1537.0	2356.8	-46.277
CAGCTA	2804.0	4010.0	-45.905
GAATCT	1155.0	2174.9	-45.701
GGCGCC	1583.0	2133.0	-45.668
ACATAC	865.0	1431.3	-45.567
CCTGCA	1052.0	2970.4	-45.537
GGACTC	764.0	1606.2	-45.520
AGAGTG	1376.0	2926.3	-45.510
CGCGCA	188.0	448.1	-45.483
TACATA	1715.0	2334.7	-45.236
ACCAGG	1306.0	2244.4	-45.146
CGACTC	356.0	511.6	-45.005
AGGTGT	2930.0	4215.0	-44.805
TAAAGG	833.0	1783.8	-44.681
TTAAAG	2068.0	3333.5	-44.531
TGCTCT	4294.0	6370.7	-44.514
GGCTTG	1307.0	2457.8	-44.512
CAGGGA	1151.0	2898.1	-44.296
GCACAG	1175.0	2355.1	-44.199
TAGGGT	1386.0	1843.7	-44.181
GACAGT	1433.0	1913.3	-44.171
ATTCTA	1236.0	2713.3	-44.073
TGACTC	1022.0	2174.2	-43.960
CATAGC	1198.0	1563.4	-43.882
TACTTT	3799.0	5598.4	-43.381
CTTACT	1956.0	2799.4	-43.329
GTAGAT	800.0	1704.4	-43.228
CTTGGA	1241.0	2583.0	-42.974
CCCACT	1991.0	3346.2	-42.906
AGATGG	3614.0	6500.2	-42.865
GCTTGG	1163.0	2368.3	-42.853
TTGTCT	2666.0	5425.1	-42.784
TCGCTC	1933.0	2686.3	-42.688
CGGATT	201.0	424.0	-42.621
CCACAC	2823.0	4069.1	-42.548
TACATG	1640.0	2238.4	-42.367
AGCAAT	2638.0	3786.2	-41.920
GTGTGT	7665.0	11818.0	-41.764
ACCCAC	1099.0	2450.3	-41.707
GTGCCC	1740.0	2681.0	-41.617
TGATTC	2740.0	3953.0	-41.052
CATGAT	2238.0	3172.6	-40.816
AGAAGC	993.0	2138.9	-40.736
TTATAC	1452.0	1965.6	-40.682
AGCTGT	1771.0	2831.8	-40.470
GGCTAA	2982.0	4914.8	-40.330
GGACCA	1083.0	1451.0	-40.190
AACGAT	250.0	374.5	-40.164
TGCGCC	1009.0	1508.0	-40.157
CTCTGC	4054.0	7219.5	-40.099
GTCGTG	232.0	445.3	-40.072
ACGACG	81.0	109.4	-39.969
AACCAC	848.0	1745.6	-39.965
GGAGCT	930.0	2269.0	-39.826
GCTACA	655.0	1276.4	-39.743
CTCCGA	274.0	605.7	-39.583
GTTTGA	1510.0	3221.1	-39.490
GAGTTC	1080.0	2611.4	-39.471
GCCTAG	1250.0	1809.0	-39.463
TCTCAG	4199.0	6282.7	-39.273
CATGCT	1299.0	2853.5	-39.123
TGAAAC	1158.0	2440.8	-38.967
AGTCAT	1151.0	2095.3	-38.853
TTTGTA	4393.0	11756.3	-38.703
TCTTTG	3000.0	6748.9	-38.599
GTTCAC	1877.0	2723.9	-38.515
TCGCGG	161.0	351.4	-38.490
TATCTT	2198.0	4305.0	-38.489
GCTACC	690.0	1245.6	-38.481
TGTGCA	2478.0	3817.1	-38.391
GAGTAA	714.0	1377.1	-38.373
CAACCG	147.0	295.2	-38.214
GGCGGA	440.0	890.2	-38.047
GACAGG	2722.0	3954.8	-38.035
GTGTAC	892.0	1421.6	-37.934
CGCTGC	562.0	1100.8	-37.920
CTACAC	642.0	1193.9	-37.908
TGCCTA	1220.0	2393.5	-37.838
GGCGTA	318.0	330.0	-37.780
GGCTAG	974.0	1888.4	-37.726
GCATGC	1793.0	2507.1	-37.682
TAGGTA	1128.0	1494.8	-37.637
TGGTTC	1392.0	2792.5	-37.632
CCGCGT	190.0	393.5	-37.618
CGTCCC	347.0	713.8	-37.514
GGGGCA	796.0	1807.4	-37.473
TCTGGG	2380.0	4061.9	-37.336
AACTCG	388.0	423.9	-37.318
ACACAG	1178.0	2793.1	-37.301
CTGCGT	356.0	910.4	-37.289
CGTCAG	250.0	505.3	-36.713
GTACCA	788.0	1319.6	-36.692
TTGGGG	2227.0	3189.3	-36.657
AGGCTA	1162.0	2016.8	-36.387
TTTTGC	3920.0	7993.8	-36.328
TCATCC	1317.0	2246.8	-36.029
CTTTTA	3842.0	6652.9	-35.933
GGGGAC	683.0	1558.4	-35.892
AGCCCC	1151.0	2301.0	-35.734
CATTTA	2706.0	4868.3	-35.700
GGGTCC	650.0	1572.2	-35.695
GGTATA	935.0	1215.4	-35.649
CCCCCT	1786.0	2661.3	-35.524
GCGATA	148.0	192.1	-35.462
CTAAAG	871.0	1617.3	-35.119
GTACAC	620.0	1038.0	-35.099
AATCTT	2578.0	3756.1	-35.095
TGTCTT	3003.0	6536.4	-35.086
AAGCAA	2685.0	3925.6	-35.048
TTGCGC	204.0	453.5	-34.540
AAGCTA	762.0	1441.7	-34.266
GCTGCC	1380.0	2948.8	-34.220
CATGCA	1622.0	2551.4	-34.145
TGCGCA	283.0	587.7	-34.143
CTCTTG	3313.0	5470.4	-34.055
AGTCTG	1282.0	2774.4	-33.934
TCCAGT	1419.0	3178.8	-33.834
TGGAGG	1766.0	3387.2	-33.793
AACAGG	969.0	1812.4	-33.755
TGATAC	864.0	1340.8	-33.739
CGATGC	113.0	315.6	-33.713
ATTACG	194.0	341.6	-33.284
AGACTA	894.0	1356.4	-33.202
TGGTGT	2761.0	4634.6	-33.175
TGTTGG	2756.0	5858.2	-33.058
GCAGTT	1509.0	2760.8	-32.899
GCCATC	1287.0	2230.9	-32.781
GGGGGT	1395.0	1931.7	-32.745
GTGCGC	699.0	883.7	-32.691
GGGTAC	779.0	1007.7	-32.578
CGATAC	81.0	144.0	-32.507
AGTGAC	1146.0	1931.5	-32.416
TTACTG	1923.0	3306.6	-32.373
ACACGT	267.0	598.4	-32.365
CCGGGG	660.0	1139.3	-32.109
AGGTTC	2329.0	3533.5	-32.045
ATACTT	1859.0	2655.6	-31.996
ATAGGC	1074.0	1644.2	-31.972
CAGACA	1182.0	2348.2	-31.882
ATGGAG	2631.0	4173.5	-31.702
TCGGTT	354.0	643.6	-31.466
GCCCCG	627.0	1475.3	-31.434
AAATAG	1660.0	2351.5	-31.268
CCACGT	464.0	982.7	-31.260
TACGAT	248.0	337.5	-31.080
GGATTC	1154.0	1994.5	-30.866
CTCCTC	2259.0	5120.7	-30.836
CGGCTA	1326.0	1839.6	-30.678
TTTTTC	11385.0	19047.4	-30.538
GCCGGG	830.0	1707.4	-30.451
GGTGCC	1621.0	2349.5	-30.344
GGGAAT	861.0	1870.1	-29.998
GCTTGA	867.0	2061.5	-29.936
AGGCAG	2064.0	4032.9	-29.468
GCTGTA	1092.0	1851.3	-29.440
AACTGC	1015.0	1878.7	-29.400
TTTAAA	6013.0	9352.2	-29.373
GGGGGA	1371.0	1919.4	-29.259
AGCTTC	1769.0	3024.2	-29.237
GTTGGG	1758.0	2618.7	-29.045
GTGATC	4145.0	6334.9	-28.733
AGCAGG	1057.0	2523.8	-28.710
ACTCGT	369.0	424.2	-28.704
ACGCCT	1073.0	1482.2	-28.657
CGCTCT	1928.0	2794.3	-28.574
CAGCAT	1189.0	2775.0	-28.398
TGATTA	1443.0	2245.5	-28.360
GGGGAG	1881.0	2724.3	-28.250
CTGCTG	2042.0	5174.8	-28.203
AGGCGT	1498.0	2492.9	-28.149
ACTGAA	1050.0	2308.9	-28.020
GGCTCT	1231.0	2969.6	-27.889
CGCGAC	133.0	168.6	-27.553
CGGCGC	434.0	845.5	-27.507
CGGGAC	197.0	498.1	-27.299
GCCCCA	1265.0	2470.4	-27.141
GGGGCT	1276.0	2623.6	-27.099
CTTAGC	1445.0	2053.0	-27.030
GTGACA	1028.0	2031.7	-26.961
TTCAGG	1625.0	3522.6	-26.791
GCAAGT	670.0	1509.8	-26.687
AGACTG	1395.0	2599.1	-26.654
ACTCCT	3197.0	5746.0	-26.510
GCTGAA	1143.0	2379.2	-26.464
GAGGCG	545.0	1222.9	-26.107
CCGCCG	564.0	1074.1	-26.010
GCCTCT	2942.0	4646.0	-26.002
GACAGA	2869.0	4320.1	-25.806
TAAGCC	734.0	1410.5	-25.661
ATTTAG	1574.0	3221.3	-25.631
AAGTAA	1435.0	2049.6	-25.443
ATTTTT	17541.0	32622.5	-25.428
GGTCTA	584.0	1208.4	-25.134
CGCCAT	1033.0	1629.0	-25.100
CGGCTG	580.0	1040.6	-25.054
TCCTAA	1581.0	2281.4	-25.022
ACCCGG	699.0	1265.5	-24.890
GCCCGG	2143.0	3172.0	-24.795
GGTGTA	753.0	1553.8	-24.726
AGCTAA	2308.0	3435.8	-24.704
AAGCAG	1866.0	2736.7	-24.620
GATTTT	4294.0	7384.9	-24.573
TGTTAC	1581.0	2285.9	-24.563
GCTAGG	1222.0	1724.3	-24.540
ACCATA	1067.0	1618.0	-24.309
TGATCT	4079.0	6295.7	-24.234
GGTTCT	1141.0	2590.8	-24.147
GGTTGT	1165.0	2483.3	-23.851
ATTTTG	4679.0	8979.3	-23.791
AGGCTT	1566.0	2850.5	-23.723
CAATGG	1250.0	3103.7	-23.521
TGGAGA	2133.0	3580.1	-23.519
ATCTCA	3332.0	5096.2	-23.506
AATACA	1088.0	2666.3	-23.368
CTGCAC	1868.0	3347.8	-23.128
TACGAC	50.0	119.0	-22.925
GTTTCG	628.0	1233.9	-22.876
CTCGCC	589.0	1013.8	-22.765
CCGATA	140.0	134.8	-22.474
CCTCAT	1288.0	3040.5	-22.437
CTAGCG	108.0	264.6	-22.424
GTTATG	857.0	1588.4	-22.403
ATGCCT	2759.0	4188.9	-22.391
GGTCAC	692.0	1427.2	-22.340
TCGGCG	244.0	274.0	-22.250
TTGCCG	412.0	512.1	-22.111
TACCTC	1377.0	2175.6	-22.044
ACTCCC	973.0	2360.0	-22.007
CACAAG	619.0	1522.4	-21.958
ATGCCA	1853.0	2742.8	-21.897
ACACTC	618.0	1548.6	-21.752
ATTCTT	3805.0	6360.7	-21.674
TGGGGC	1177.0	2625.1	-21.575
GGAGGG	2080.0	3276.5	-21.566
TTTGTC	2655.0	5760.7	-21.505
ACGCGC	188.0	373.3	-21.500
TACCGA	86.0	185.2	-21.357
TGCCGA	330.0	397.3	-21.324
GTTACA	1336.0	1932.6	-21.246
GAACTA	854.0	1193.1	-21.169
CACGTA	177.0	400.7	-21.124
CTCCAC	2657.0	4522.5	-20.989
CACGTG	627.0	1270.5	-20.911
GGTTTA	1291.0	2379.9	-20.882
CAATCA	1150.0	1643.8	-20.835
ACGGGC	258.0	472.3	-20.684
TGTAAC	1032.0	1656.0	-20.675
TAGTAG	1791.0	5618.3	-20.590
GAGGCA	1630.0	2953.8	-20.564
CGTAGT	136.0	324.1	-20.518
CGTCGC	144.0	247.0	-20.330
CCGCAA	271.0	622.1	-20.292
TAAGTA	1075.0	1841.8	-20.259
GTTTCT	3271.0	6538.4	-20.186
TTTAAG	3197.0	4929.9	-20.074
TGGGGG	2032.0	3049.3	-19.975
CCCCTG	1770.0	3014.1	-19.915
TGTGGC	1396.0	3138.0	-19.565
CCCTAG	901.0	1557.1	-19.416
GGGACC	1076.0	1651.3	-19.247
GAATAG	881.0	1590.0	-19.067
TAGGTT	1222.0	2656.4	-18.934
TCACTC	3204.0	5326.3	-18.930
GGTATG	982.0	1398.1	-18.792
AGGTAC	749.0	1068.5	-18.748
AGGGAC	820.0	1613.2	-18.704
GAGGCT	1718.0	3272.8	-18.670
AGTCAC	919.0	1856.1	-18.617
CGTCAT	374.0	472.7	-18.614
AATTCT	3461.0	5382.1	-18.605
TCCTAC	950.0	1799.2	-18.598
CGATAT	198.0	221.7	-18.582
ACTACT	814.0	1292.9	-18.472
CACCAG	1401.0	2633.9	-18.424
GACGTA	123.0	240.0	-18.397
GGAGTT	1856.0	4070.7	-18.284
GGGCAG	1506.0	2982.0	-18.156
ACACTG	913.0	2560.5	-18.139
ATAGGT	1112.0	1609.4	-18.017
GTCCTG	1425.0	2468.8	-17.990
GACTAT	883.0	1343.1	-17.989
CGGCGT	141.0	298.3	-17.938
CACTGT	2887.0	4683.4	-17.933
ATACGA	176.0	193.7	-17.864
GTTGGT	1875.0	2879.6	-17.825
TGCTGT	2492.0	5212.1	-17.777
CAGAGG	1155.0	3001.7	-17.708
GTGTCG	345.0	434.8	-17.705
GTCCCA	930.0	2220.4	-17.682
ATGCAC	1244.0	1821.1	-17.637
CGGGTG	342.0	861.0	-17.615
TATACA	1502.0	2231.1	-17.463
GCCTGG	4530.0	7154.4	-17.366
TATTCA	1582.0	3022.0	-17.357
TCGTCA	367.0	469.9	-17.059
GGCACT	905.0	1808.9	-17.029
CGTGTA	283.0	347.1	-16.909
ACGGGT	217.0	361.9	-16.858
TGTGTG	8160.0	13162.2	-16.821
GCTATC	766.0	1078.6	-16.662
TACCGC	137.0	291.0	-16.650
AGACAC	685.0	1922.6	-16.562
AGTTGT	1396.0	2781.9	-16.543
GGGTGG	1833.0	3158.4	-16.518
GTCGGA	162.0	251.4	-16.517
GCTTTT	4275.0	7226.4	-16.444
GGTCCA	602.0	1201.8	-16.373
GCTTCA	1718.0	2591.4	-16.229
AGGGAT	1129.0	2131.1	-16.175
CATCCA	1557.0	2337.6	-16.008
AGGTAG	984.0	1625.8	-15.993
GACTCT	955.0	2126.4	-15.911
ACGTGC	628.0	871.1	-15.879
AAGTCG	109.0	300.0	-15.827
ACATGT	1841.0	2794.8	-15.810
CCCCGC	945.0	1897.4	-15.782
CGACGC	59.0	145.7	-15.746
AGTAGA	1551.0	5568.4	-15.727
TTAAGA	1777.0	2694.5	-15.617
CCGTTG	301.0	379.8	-15.588
CGGGTC	277.0	544.8	-15.515
TCACTA	1242.0	2185.4	-15.346
TTACAT	2472.0	3823.3	-15.340
ATTTGA	1946.0	3904.1	-15.303
GCGACA	187.0	392.6	-15.249
CCTTAG	1216.0	1936.8	-15.241
TAAATA	2328.0	3591.1	-15.202
GATGGG	2030.0	3937.1	-15.128
GTCTGG	1579.0	2798.1	-15.048
TAGGCG	416.0	553.6	-15.022
TTAGAG	1665.0	2522.9	-14.967
AGATAG	1173.0	1734.9	-14.952
GGGTCG	269.0	409.1	-14.884
CTAGTA	916.0	1328.3	-14.874
ACAACG	257.0	317.4	-14.827
TCTCCG	618.0	1024.6	-14.751
TAACTC	1060.0	1557.5	-14.641
CTAGGT	728.0	1701.6	-14.618
AGGGTA	920.0	1337.7	-14.576
CGACGG	87.0	181.9	-14.465
GCCTTA	1181.0	1752.1	-14.442
GCGTTC	212.0	493.4	-14.352
CCTGGA	1922.0	3603.6	-14.182
CCTCAA	1858.0	3811.8	-14.081
CGCGCC	828.0	1672.9	-14.066
GCAAAC	920.0	1343.5	-14.025
CCGGTT	314.0	568.4	-13.959
CCCGGT	362.0	692.0	-13.917
TGCACG	360.0	731.1	-13.865
CGGTGC	225.0	581.1	-13.842
TAAGAC	788.0	1251.3	-13.720
GGCGTC	285.0	523.5	-13.570
AGCTAT	1147.0	1782.7	-13.258
TTCTTA	2491.0	4801.7	-13.202
TCAATC	875.0	1525.6	-13.173
GTGGGG	1744.0	2986.6	-13.149
GAGGGG	1581.0	2410.9	-13.118
GTCTTA	1345.0	2053.9	-13.115
ACTAAA	801.0	1820.8	-13.097
TCGGAT	148.0	294.6	-13.083
AGGACT	1330.0	2008.7	-12.915
CGAATA	222.0	303.4	-12.738
ACGCCG	137.0	301.3	-12.606
ACAAAC	819.0	1663.4	-12.577
CCGGCG	370.0	677.7	-12.482
TGCGTC	299.0	601.9	-12.480
GACGCA	244.0	310.1	-12.452
GTTTTC	3490.0	6900.9	-12.387
CCTAGT	1070.0	1598.7	-12.381
TGACTG	1243.0	2441.2	-12.371
TCTAGG	1146.0	2091.4	-12.343
TGATCA	1460.0	2226.8	-12.259
CATACA	1031.0	1667.2	-12.249
CTGAGC	1368.0	2840.9	-12.193
GAGTCA	1072.0	1738.2	-12.071
GGATGG	1446.0	2919.6	-12.056
CTGCAT	1359.0	3228.2	-11.819
ACTCTC	898.0	2183.7	-11.729
GGTCGA	166.0	200.4	-11.595
GTCCCG	289.0	610.2	-11.592
TTCTGT	4188.0	8249.7	-11.560
CGTTGC	346.0	469.8	-11.468
TCGACC	322.0	432.3	-11.380
CACTAT	1231.0	2117.4	-11.341
TACAAC	613.0	1104.7	-11.222
AGGTAT	1221.0	1854.8	-11.163
CGCGTC	162.0	341.9	-11.159
TATCGG	171.0	209.3	-11.140
AATCGA	181.0	224.9	-11.021
TAGCAG	828.0	1880.6	-10.870
CGGAAT	265.0	349.1	-10.815
GCGAGT	205.0	412.1	-10.784
CTCCCC	2701.0	4508.2	-10.703
CCACTG	2572.0	4723.2	-10.665
TGTACC	1031.0	1554.6	-10.654
GCGGAG	539.0	1012.0	-10.598
GGCATA	709.0	1238.9	-10.587
ACGGTC	167.0	365.5	-10.564
GCATAC	500.0	843.9	-10.455
GCAGGA	1175.0	2684.4	-10.439
CCCGCG	473.0	914.0	-10.271
GTCGAT	145.0	175.8	-10.261
TCCGAC	96.0	262.4	-10.113
ACAGCA	951.0	2449.0	-10.110
AGTCTA	606.0	1496.3	-10.106
GTACGC	139.0	167.8	-10.102
CGCTGT	572.0	829.5	-10.043
CTGGAC	1117.0	2046.8	-10.016
CAGGAG	1756.0	4352.5	-10.010
AGTAAT	1279.0	1964.1	-9.993
TGTGCG	645.0	946.8	-9.951
GTGCTG	3055.0	6304.4	-9.939
TCGGGC	364.0	505.3	-9.928
AACGAA	196.0	251.7	-9.913
GTATGC	651.0	956.9	-9.903
ACGATT	320.0	470.8	-9.880
AAGCGG	267.0	420.4	-9.836
GAGCTG	1228.0	2773.6	-9.746
TAGCGA	198.0	255.1	-9.699
CCTACG	123.0	304.9	-9.690
CAAACT	2120.0	3345.6	-9.659
TAGCGT	164.0	322.5	-9.634
TTAAGT	2086.0	3289.5	-9.608
TCGGTC	271.0	365.9	-9.585
TGGATT	1757.0	3748.6	-9.526
CCATTC	2372.0	3762.8	-9.522
CGACCT	545.0	792.6	-9.459
TATGCC	1068.0	1629.1	-9.436
CCATAC	782.0	1171.0	-9.381
CGAGCG	205.0	302.1	-9.371
TGGGAG	2014.0	4495.5	-9.326
GTCAGC	821.0	1653.9	-9.289
GCGACG	83.0	191.8	-9.284
GCTGAG	2057.0	4085.6	-9.199
GTAACC	718.0	1069.9	-9.181
TACTAT	1206.0	1858.0	-9.170
CCTCGA	479.0	691.6	-9.148
TCTTGA	2700.0	5173.2	-9.098
TGTCTC	2864.0	5364.9	-9.098
TGATTG	1178.0	2574.5	-9.098
TTTGGG	2927.0	5377.2	-9.098
TCTCTT	3977.0	8550.9	-9.098
ATTTCT	4589.0	9119.3	-9.098
TTTAGA	2555.0	4340.0	-9.098
GTTCTG	1773.0	3481.9	-9.098
AGTTTT	4920.0	9393.4	-9.098
TTGGGT	1770.0	3308.3	-9.098
GGGTTT	3597.0	8203.4	-9.098
TGGTTG	1458.0	2673.4	-9.098
GTTTAA	1725.0	3131.3	-9.098
TTTTCG	672.0	1261.2	-9.098
CGTCCA	256.0	547.2	-9.096
CAACGT	321.0	445.3	-9.060
CCGGAT	246.0	332.3	-8.987
ACGCTC	194.0	438.3	-8.922
AGCGTG	467.0	674.1	-8.920
GCATGT	1835.0	2891.9	-8.899
GCGCCC	1474.0	2331.7	-8.793
CCTAAT	1103.0	1696.4	-8.769
ATGGGA	1216.0	2215.4	-8.756
ATTAGG	1029.0	1576.6	-8.675
CTTCAA	1278.0	2553.2	-8.653
GCCACG	341.0	792.4	-8.636
AAGGCG	341.0	481.1	-8.493
ATACAC	942.0	1439.6	-8.399
TCATAC	772.0	1165.3	-8.382
TACTCT	1526.0	2392.3	-8.349
CAATCC	1108.0	1710.8	-8.341
ACAGCT	1344.0	2532.8	-8.275
ACGCAG	230.0	551.2	-8.269
TTACGG	209.0	392.2	-8.207
TGCAAG	1550.0	2900.3	-8.187
CAATTC	1998.0	3173.0	-8.186
ATGTAC	925.0	1415.5	-8.164
CAGGAT	1405.0	3412.0	-8.159
GACAAC	340.0	815.3	-8.122
GATAGA	786.0	1191.5	-8.040
TGCTAC	674.0	1483.0	-7.956
GCTTCC	1837.0	3610.2	-7.953
CAGTCA	1167.0	2143.1	-7.901
GTCTAC	403.0	872.8	-7.882
GCGTAT	195.0	260.5	-7.870
TCGACA	142.0	181.4	-7.800
TACAGA	1770.0	2803.8	-7.797
CCAACT	992.0	1946.3	-7.749
GGCGAT	257.0	440.2	-7.709
AAACCG	245.0	339.8	-7.601
CTCGTC	417.0	607.9	-7.592
AGGCGA	377.0	543.4	-7.571
GACGCC	211.0	483.0	-7.548
AAGTAT	1029.0	2178.5	-7.489
TTGTCG	386.0	558.0	-7.475
ACTCTG	3103.0	5021.9	-7.453
GCGTGA	1762.0	2798.1	-7.440
TATCGC	192.0	258.5	-7.419
GCCCGA	299.0	480.9	-7.391
TATCCC	902.0	1388.4	-7.370
CGCCGA	145.0	265.6	-7.367
CTGGTG	1532.0	3109.7	-7.352
TGGGTA	994.0	2061.0	-7.297
TACGAA	167.0	221.6	-7.266
TGCACA	1658.0	2775.9	-7.258
CCTGCT	1946.0	4341.5	-7.248
GTATTG	839.0	1839.2	-7.248
TCTTAC	1216.0	2318.9	-7.248
TCTGGC	1568.0	3205.8	-7.248
CTACCT	1368.0	2440.2	-7.248
GTAGTT	1466.0	2637.9	-7.248
TAAGTT	1746.0	2776.4	-7.235
GCCAAG	892.0	2132.5	-7.224
TAATGC	995.0	1543.0	-7.084
TGGCCC	1532.0	2630.0	-7.047
GATGCG	238.0	332.8	-7.026
CGAGGC	452.0	834.4	-7.016
AATTAC	1357.0	2138.1	-7.006
GGTTAA	797.0	1472.6	-6.938
TAATTG	1502.0	2380.8	-6.841
GGGATG	974.0	2117.7	-6.797
CGAGCA	321.0	463.1	-6.765
GTTAAA	1109.0	1940.0	-6.762
TAAAGC	951.0	1605.7	-6.761
CGCTAT	283.0	403.1	-6.679
TTAAAC	1385.0	2192.2	-6.640
TCGCTA	231.0	323.0	-6.609
ACGAAT	181.0	246.6	-6.606
ATAACT	1081.0	1694.1	-6.546
AGTACT	1005.0	1569.8	-6.508
CGTCGG	140.0	185.5	-6.383
GGCAGG	1625.0	3591.9	-6.349
GTGTCA	1154.0	2238.5	-6.328
TGTATA	2062.0	3318.8	-6.286
TAGTGG	1094.0	2114.6	-6.279
ACTTTA	1955.0	3142.8	-6.250
CACCTA	1066.0	1696.9	-6.234
TGCCGG	435.0	647.6	-6.221
TGCCAA	1021.0	1998.1	-6.172
GGTCTT	2854.0	4642.1	-6.150
CCCGAA	318.0	465.0	-6.084
CTCCGT	676.0	1040.3	-5.984
TTAAAA	4017.0	6596.7	-5.964
TGAAGC	1044.0	2084.8	-5.959
AAAACT	1718.0	2755.3	-5.943
GGTCGG	295.0	428.9	-5.921
CGTCCG	150.0	335.9	-5.895
ATTATC	1011.0	1862.6	-5.836
AATCTA	964.0	1512.3	-5.824
GCCTTC	1768.0	3383.6	-5.810
TGCTGC	1879.0	3892.3	-5.797
GTATGT	1407.0	2775.1	-5.797
ACATTA	1218.0	1933.0	-5.770
CGATAA	137.0	184.7	-5.732
CTTAAA	1719.0	2763.1	-5.695
TCCTGA	5088.0	8455.8	-5.665
TCGAGC	209.0	398.3	-5.630
CCTTTT	5411.0	8951.1	-5.624
CGTGAT	1254.0	1994.1	-5.624
ACCGAT	120.0	215.3	-5.619
TAAGCG	210.0	382.8	-5.612
GTATAT	1719.0	2765.4	-5.603
CTGGTA	808.0	1758.0	-5.602
TGTTCG	225.0	488.3	-5.597
GATCAA	539.0	1012.2	-5.579
CATAAC	584.0	897.0	-5.561
GACCGA	161.0	248.7	-5.553
GATCGT	158.0	346.7	-5.520
ACGATA	137.0	210.4	-5.493
GGGCGC	545.0	1200.4	-5.450
CTGGAT	1358.0	3074.2	-5.447
GGAACT	1057.0	1946.9	-5.362
GTCACG	239.0	469.8	-5.359
GGAGAC	1304.0	2082.7	-5.345
GCAATT	2053.0	3328.3	-5.332
ATCCCG	196.0	446.4	-5.285
GCTCAT	1355.0	2512.2	-5.205
CAACAC	694.0	1469.5	-5.190
GTCGGG	320.0	476.7	-5.127
AGACGT	365.0	547.4	-5.085
ACAACA	1073.0	1726.0	-5.032
CTCTCG	651.0	1013.5	-5.026
ACGCTG	284.0	703.6	-5.023
AACCGG	180.0	255.8	-4.998
CGTCTC	579.0	1152.5	-4.956
GCCTGA	1046.0	2520.4	-4.947
GTCAAG	650.0	1316.3	-4.936
TCGGGT	317.0	596.1	-4.874
TAGTCG	146.0	204.4	-4.720
GTTGCA	965.0	2047.3	-4.716
TCAGCT	3360.0	5536.7	-4.712
ATACCC	653.0	1021.7	-4.705
TCGATC	178.0	908.7	-4.657
CCTTCC	3031.0	6435.8	-4.625
GATACT	741.0	1286.8	-4.612
ACCGGT	121.0	247.6	-4.554
TAACCT	1204.0	1934.1	-4.528
ACTATG	1152.0	1848.3	-4.518
GACGAT	137.0	192.9	-4.425
CGGATA	131.0	183.9	-4.377
CGAAGT	187.0	492.9	-4.346
CTATCC	776.0	1230.0	-4.317
GCTCCG	902.0	1437.7	-4.316
CGGGAT	292.0	640.2	-4.303
CGACAC	162.0	232.7	-4.293
ACTATC	571.0	996.1	-4.275
TCGTGG	204.0	657.3	-4.269
TTAAAT	3212.0	5304.9	-4.248
CCCACA	1117.0	2545.5	-4.220
TCCTAG	1178.0	2064.1	-4.220
ATATGT	2001.0	3271.7	-4.219
AGCGAA	153.0	323.9	-4.210
TAGTGT	1245.0	2008.9	-4.206
CGATAG	118.0	165.0	-4.201
CGGGAG	595.0	1203.5	-4.198
TGAGAT	3479.0	5758.7	-4.189
GTAGGA	825.0	1313.9	-4.137
TCGCCG	197.0	334.2	-4.128
TGGCGG	585.0	918.2	-4.109
TGGCTA	2683.0	4421.5	-4.076
GGGGTA	611.0	961.5	-4.056
CTACGA	48.0	208.9	-4.037
CTCCAA	1291.0	2467.5	-4.004
AAACTC	1975.0	3236.2	-3.961
CAGCCC	1551.0	3236.4	-3.957
ATAGGG	820.0	1311.7	-3.890
CGGCAG	235.0	773.6	-3.874
CTAATG	1056.0	1702.2	-3.860
ACACCT	1722.0	2817.0	-3.850
CGTACC	156.0	226.4	-3.847
CTATAG	954.0	1546.4	-3.781
GGACAA	517.0	1277.1	-3.762
ATCACT	1068.0	2473.1	-3.750
GCGCAT	312.0	478.4	-3.736
GGAGAG	1398.0	2784.5	-3.707
GTGCCT	2086.0	3714.4	-3.667
GGGTTG	1030.0	2064.6	-3.667
GATAGC	522.0	822.8	-3.657
TACCCA	1251.0	2032.1	-3.652
TCTTAA	1980.0	3256.7	-3.607
CGAAAG	203.0	303.4	-3.604
CGTCAC	312.0	502.0	-3.493
CTTCGC	384.0	598.2	-3.489
CACTTC	1461.0	2805.7	-3.483
TGTACG	209.0	314.1	-3.466
CACGTC	258.0	635.8	-3.429
CATAAT	1185.0	1928.2	-3.428
CCTAGC	854.0	1448.3	-3.405
AACTAT	972.0	1574.0	-3.400
CGAGAC	405.0	775.6	-3.389
TCTTCG	366.0	570.2	-3.381
CCAGCT	3818.0	6367.1	-3.358
GTCGGC	246.0	376.7	-3.350
ATCACG	398.0	711.0	-3.294
CGATGG	246.0	377.9	-3.261
CGTTCA	210.0	523.7	-3.211
ATAGCG	141.0	242.0	-3.182
ATGCAA	811.0	1887.4	-3.180
TTAACT	1723.0	2840.2	-3.127
TCGACT	248.0	382.9	-3.111
ATACCA	952.0	1547.5	-3.107
TCCAAG	1070.0	2279.4	-3.090
TTGGCG	286.0	576.8	-3.081
GATAGG	724.0	1167.8	-3.068
TTTGGA	2833.0	4715.5	-3.047
GTGCGT	490.0	780.2	-3.036
CGTACA	131.0	238.1	-3.020
ACGTCC	150.0	459.9	-2.980
AACTTA	1030.0	1680.8	-2.972
TCTTAG	1495.0	2462.3	-2.961
CGGTCT	364.0	640.4	-2.960
GCTTAA	896.0	1459.4	-2.922
ATTATG	1503.0	2476.2	-2.921
CATAGG	756.0	1224.5	-2.915
CATATG	1311.0	2154.7	-2.912
GTGACG	277.0	508.3	-2.912
GCCAAC	486.0	1335.9	-2.908
CTCATA	952.0	1552.3	-2.901
GAGCGA	242.0	543.0	-2.883
ATACCT	910.0	1807.8	-2.869
CGTTCG	105.0	153.8	-2.868
ATCAGC	937.0	1608.3	-2.867
TCACCA	2242.0	5295.3	-2.822
CGTACT	146.0	220.0	-2.815
ATACTA	760.0	1233.6	-2.811
CCAGTC	857.0	2197.3	-2.767
TATATC	1149.0	1886.6	-2.754
ACACAA	908.0	1829.6	-2.733
ACTAAC	489.0	784.2	-2.718
AACTCC	3187.0	5330.8	-2.717
CTTAAG	1077.0	1767.1	-2.716
ACTTAC	881.0	1438.4	-2.712
CCATCA	1381.0	2581.0	-2.690
GCGCTC	262.0	810.7	-2.666
TACACC	702.0	1141.3	-2.649
TCGTCG	90.0	131.4	-2.636
GGGTTA	725.0	1324.3	-2.628
TCGTAC	111.0	165.3	-2.573
CGCCAA	142.0	313.5	-2.555
GACGTG	395.0	631.0	-2.526
CATAGT	1079.0	1776.9	-2.516
ATCGAA	120.0	180.3	-2.513
CGGCAA	155.0	304.1	-2.498
TCTCGT	589.0	955.1	-2.485
TACGTA	207.0	368.6	-2.438
GTCATG	752.0	1590.6	-2.435
TTGAAA	2389.0	3992.7	-2.433
GCCGTA	144.0	220.7	-2.393
CTAGCC	747.0	1222.8	-2.358
AAACTT	1860.0	3099.8	-2.357
TAACAT	1299.0	2152.3	-2.323
TTACCG	145.0	374.8	-2.304
ATATCG	136.0	208.8	-2.298
AGGGGG	1071.0	1769.5	-2.297
ACAGAG	3068.0	5153.9	-2.257
TTTCGG	450.0	728.1	-2.252
CTTAGT	1176.0	1947.4	-2.250
CCGAAA	201.0	315.4	-2.241
TCTGAG	1561.0	3521.6	-2.237
GCGATG	217.0	393.1	-2.234
GACCGG	251.0	397.6	-2.225
GGTACT	445.0	1117.4	-2.201
CCTACT	726.0	1725.7	-2.191
GGCTAC	558.0	1117.5	-2.189
CGCACG	243.0	386.4	-2.187
AGATGT	1452.0	2417.4	-2.171
CCTCGT	300.0	1273.3	-2.167
ACGCAA	151.0	234.0	-2.159
AAGGCT	946.0	2105.6	-2.155
CGACAA	116.0	177.2	-2.154
AGCCAT	1622.0	2705.2	-2.141
ACTTAA	1185.0	1967.4	-2.135
CGACAT	136.0	210.5	-2.114
AGCGGA	242.0	386.5	-2.077
ACACTA	658.0	1079.5	-2.073
GCGAAC	69.0	218.6	-2.068
ACGGAA	261.0	416.7	-2.067
AGGGCA	1057.0	2228.7	-2.061
GCGCTA	212.0	337.1	-2.034
GGCAAC	757.0	1248.4	-2.011
TTAAGC	912.0	1731.2	-2.008
GTATCG	115.0	177.1	-1.997
CGTAGG	151.0	236.9	-1.992
ACCGTC	197.0	312.4	-1.979
TTGAGG	1955.0	3277.2	-1.976
TCGCGT	51.0	142.5	-1.954
CCAACA	798.0	2109.6	-1.954
AAAGCG	282.0	453.3	-1.942
TCGCAA	176.0	278.1	-1.929
ACTTCG	246.0	395.2	-1.928
CATACG	179.0	283.4	-1.925
ACCACT	1152.0	2264.3	-1.916
CTTCGA	215.0	344.0	-1.898
ATAATC	1017.0	1691.3	-1.895
AATACT	1244.0	2076.1	-1.895
CCGAAT	223.0	397.7	-1.884
TCGGAA	185.0	294.1	-1.849
GTCTAA	715.0	1183.5	-1.830
AGATTA	1326.0	2217.6	-1.824
CCTTGA	1711.0	2869.2	-1.819
GCGTGT	628.0	1037.6	-1.815
GCCGAT	155.0	245.6	-1.804
CTAAGT	898.0	1598.4	-1.800
ACCTAG	836.0	1389.8	-1.778
GACACG	229.0	494.7	-1.777
TACACA	1267.0	2132.5	-1.762
GCATTG	860.0	1846.1	-1.746
CGGGCC	582.0	961.6	-1.745
ATGCCG	195.0	387.0	-1.737
GGGCTG	1865.0	3357.8	-1.735
AGCCGT	254.0	410.5	-1.732
AGGGTG	1159.0	2227.5	-1.726
AGACCG	229.0	382.3	-1.721
ACGGCG	113.0	236.4	-1.712
AGGATC	976.0	1628.2	-1.699
ATCGCG	126.0	199.6	-1.658
CGTAAA	164.0	262.7	-1.655
CCTACA	786.0	1395.7	-1.649
CGTTCT	464.0	765.9	-1.646
GTTAAC	638.0	1059.6	-1.635
GTTGTC	1198.0	2007.1	-1.626
GTCTAG	740.0	1245.0	-1.616
ATGTGA	1453.0	2443.7	-1.594
CCCGCT	587.0	974.9	-1.582
GGGGAA	1297.0	2178.9	-1.567
TAGAAC	706.0	1176.9	-1.560
AAGCCA	1521.0	2560.0	-1.549
CCGCTA	177.0	357.4	-1.544
CAACGA	122.0	194.4	-1.533
GTGGCC	1260.0	2365.1	-1.519
TGGGCC	1102.0	2493.2	-1.516
GAAGTA	800.0	1478.1	-1.515
TCGCGA	97.0	153.7	-1.502
TCGGGG	408.0	675.0	-1.497
TCTATC	1225.0	2059.1	-1.488
TGGGAA	1621.0	3156.9	-1.483
AGGTCG	222.0	363.7	-1.465
CGGCGA	152.0	245.6	-1.457
TAGAGG	1119.0	1881.5	-1.451
GCCGGT	245.0	402.2	-1.444
ATAACG	123.0	197.4	-1.434
AATCAT	1373.0	2315.8	-1.417
GCACCT	1288.0	2551.3	-1.415
TTACGT	312.0	515.5	-1.403
CGACGA	55.0	85.3	-1.391
CGTTAT	236.0	388.4	-1.388
TACGCT	159.0	258.8	-1.375
ATCTAG	726.0	1256.4	-1.370
CGCGAG	136.0	340.9	-1.365
AAGCGT	206.0	412.9	-1.348
CGAAAA	179.0	292.9	-1.347
GTGGAA	973.0	2000.9	-1.322
CTACAT	690.0	1753.8	-1.322
TAATCA	1059.0	1784.9	-1.317
AATTGT	1666.0	2820.4	-1.316
ACATAA	1008.0	1699.4	-1.306
CGTAAT	194.0	351.4	-1.306
ACGGCT	294.0	487.4	-1.300
CCAGCG	506.0	845.3	-1.298
ACCGAC	105.0	169.2	-1.291
GGTTAG	721.0	1211.1	-1.283
GAGAGC	668.0	1662.8	-1.281
TCGCTT	491.0	822.8	-1.273
TAAACC	698.0	1173.1	-1.271
ACGTAA	193.0	318.0	-1.268
GAGGAG	1672.0	2975.5	-1.268
CGCGTG	308.0	512.3	-1.245
ATCAAG	673.0	1365.8	-1.242
AATGGC	1401.0	2832.1	-1.234
AGAGCA	1021.0	2350.2	-1.210
ACACGA	178.0	293.3	-1.202
CAACGC	153.0	251.5	-1.195
ATGCTA	966.0	1632.1	-1.195
GGAGGA	1742.0	2957.7	-1.193
CAAACA	1068.0	2329.2	-1.185
TTAGAC	713.0	1540.7	-1.179
CGCTAC	189.0	312.6	-1.179
CGTAAC	110.0	179.5	-1.178
CAGTCC	1187.0	2012.1	-1.158
CTTCTG	3189.0	5436.7	-1.135
GCGTTG	238.0	397.7	-1.127
GCTATG	897.0	1517.1	-1.121
TAGGAT	1332.0	2261.0	-1.111
GATGCC	609.0	1484.4	-1.110
TATAAC	717.0	1211.1	-1.107
CTTCTT	3540.0	7423.0	-1.106
ATTCGT	220.0	367.8	-1.105
ATAGTG	1016.0	1722.4	-1.101
TAAGAT	1096.0	1859.8	-1.092
GTGAAC	810.0	1371.2	-1.090
CCGTCG	121.0	199.5	-1.085
GCGGTT	289.0	484.6	-1.080
CCATCC	1461.0	2484.9	-1.064
GCAGGT	1391.0	2365.4	-1.053
TGCGCT	360.0	643.1	-1.038
TCCATC	1757.0	2993.2	-1.032
CGTACG	45.0	72.8	-1.030
AAACGA	264.0	442.7	-1.023
CTATCG	142.0	236.4	-1.003
TCGTTC	378.0	637.4	-1.002
CCGTAC	116.0	192.3	-1.001
CCCATA	702.0	1192.5	-0.991
TTGGAC	789.0	1529.6	-0.977
CACTCA	1080.0	2519.3	-0.971
ACATAG	979.0	1666.2	-0.971
AGTCGG	176.0	374.6	-0.970
TCGATA	105.0	174.9	-0.965
CGTTTG	330.0	671.2	-0.945
ATCTCC	2121.0	3625.1	-0.934
AAGTCT	1276.0	2727.9	-0.928
CGCGCT	151.0	503.1	-0.920
CAAGGC	722.0	1695.4	-0.917
TTTCAT	3696.0	7834.4	-0.917
TTGTCC	1610.0	2750.5	-0.910
GCCAGG	2243.0	6187.1	-0.902
TGGTCG	255.0	430.7	-0.901
CATGGC	1243.0	2357.9	-0.894
CACTAA	715.0	1217.8	-0.892
GTCTTT	2761.0	5896.4	-0.878
GGTAGG	761.0	1297.7	-0.873
TTGTGA	1572.0	3750.9	-0.868
ATACAT	1496.0	2557.2	-0.868
GATTCA	957.0	2100.7	-0.866
ATATTA	1394.0	2969.1	-0.864
TCGTAG	169.0	285.7	-0.860
ATTAAA	1842.0	3351.0	-0.855
CGCATC	180.0	304.4	-0.851
GCCAAA	926.0	1583.9	-0.834
AATGTG	1617.0	2767.1	-0.830
AAACGG	244.0	415.4	-0.828
GTTCTA	1068.0	1827.5	-0.817
CGGTCC	214.0	364.2	-0.817
TTCAGC	2019.0	3529.5	-0.807
TTTTAC	2991.0	5310.9	-0.800
ATAGTC	675.0	1154.2	-0.793
ACGAAC	116.0	196.7	-0.791
ACGCGT	99.0	167.5	-0.788
TCAAGG	1087.0	2075.1	-0.786
TAAAGA	1484.0	2543.0	-0.785
CGATTT	459.0	785.7	-0.755
ACCCCG	320.0	786.4	-0.753
TGCTCC	1118.0	2703.5	-0.746
TAATCG	148.0	253.0	-0.739
ACCTGC	1292.0	2742.0	-0.738
TACCTT	1418.0	2434.1	-0.728
CATCAG	1030.0	2086.3	-0.723
GCACGT	472.0	811.4	-0.695
GACTTA	720.0	1237.8	-0.691
TGCAAA	1696.0	2916.3	-0.677
GCTCTA	775.0	1333.3	-0.672
TTGCGA	143.0	353.4	-0.667
TCATGG	1334.0	2492.4	-0.665
GCTTTG	2006.0	3965.3	-0.663
TAACCG	130.0	223.8	-0.662
AACCGT	185.0	319.0	-0.652
CCGATT	207.0	410.2	-0.649
ACCGGG	284.0	489.7	-0.647
TAGCGC	111.0	248.5	-0.645
GTCCTA	624.0	1074.5	-0.643
GCGAGC	310.0	534.5	-0.641
ATTGTC	1175.0	2023.5	-0.640
CATTCT	3259.0	5611.1	-0.632
TACGGC	111.0	191.1	-0.631
GCGTAA	162.0	279.1	-0.631
TTCGGT	265.0	456.3	-0.627
CTGCCC	2066.0	4464.9	-0.617
AGATTT	2531.0	4361.4	-0.615
GTCCCC	1051.0	1867.6	-0.609
ACTAAT	983.0	1696.3	-0.607
CCTCTG	4068.0	7006.8	-0.606
GTCCGA	121.0	209.5	-0.602
TGTTAA	1645.0	2837.2	-0.592
CTCTTT	4103.0	9048.2	-0.584
GCAACG	169.0	305.5	-0.579
GCATTA	682.0	1581.3	-0.575
GTAACG	124.0	216.0	-0.572
TGATAG	929.0	1607.0	-0.558
TAGGGG	560.0	1275.8	-0.553
ATCCGC	291.0	1078.7	-0.549
TTCGGG	306.0	531.2	-0.548
CAGACG	388.0	673.4	-0.548
CAACTC	981.0	1697.9	-0.547
GCGAAA	154.0	268.3	-0.538
ATAGTA	978.0	1692.1	-0.533
CCTGAC	1564.0	4569.5	-0.532
CAAACG	282.0	501.9	-0.531
TGTGTA	2255.0	3894.9	-0.529
TTCACG	769.0	1332.2	-0.529
AACCGA	126.0	243.0	-0.519
CTCGCA	250.0	535.7	-0.514
CGTGCG	256.0	445.9	-0.513
AGGTTG	1777.0	3074.2	-0.507
ATTACC	787.0	1364.2	-0.506
TGTACA	1282.0	2220.3	-0.504
GATTAA	810.0	1457.2	-0.501
CCCGGA	404.0	704.1	-0.485
TCGTTA	207.0	363.6	-0.482
ATCTAA	810.0	1407.8	-0.476
GTAATA	799.0	1388.3	-0.476
ACGTAC	111.0	233.3	-0.475
TTCGCT	556.0	967.1	-0.468
GATAAC	435.0	829.5	-0.465
CGGTTA	164.0	288.5	-0.462
CCGTCA	254.0	444.4	-0.457
CGGAAG	254.0	444.0	-0.457
GTCACA	694.0	1736.0	-0.456
GGCGGT	316.0	553.5	-0.451
CACTGA	1017.0	2508.9	-0.449
CTATCT	1341.0	2328.9	-0.447
AACCAT	956.0	1663.3	-0.446
CCAAAA	1389.0	2410.8	-0.445
ACCCGT	217.0	382.4	-0.444
AGAATA	1125.0	1954.3	-0.444
TGCGGC	277.0	724.2	-0.443
CGAATC	120.0	212.7	-0.440
GTGCTC	769.0	1898.0	-0.440
TGCCTG	3955.0	6843.0	-0.427
TTCAGT	2374.0	4544.2	-0.426
GGGATA	414.0	1170.8	-0.426
GGAATC	733.0	1499.2	-0.425
AACCTA	636.0	1110.7	-0.423
TCCTTT	4772.0	9183.4	-0.422
CCCCGA	241.0	688.5	-0.417
CTAAAT	1136.0	1977.8	-0.414
AACCTT	1333.0	2318.3	-0.412
TTCGTA	278.0	489.0	-0.411
CGCCGG	362.0	635.9	-0.401
GCTCTC	1134.0	2567.2	-0.400
CGGGGG	624.0	1091.4	-0.400
ACAGTA	901.0	1571.8	-0.398
ATCGTC	137.0	305.5	-0.391
TAACGG	119.0	212.2	-0.389
ATCGGC	157.0	279.4	-0.380
ACCCGA	206.0	366.7	-0.375
TAAAAC	1242.0	2165.3	-0.372
TCAAAC	1653.0	2953.5	-0.371
ACTAGA	656.0	1150.7	-0.370
GTTACC	685.0	1312.2	-0.359
GAGGGC	1047.0	1997.2	-0.359
ATCATG	1437.0	2517.0	-0.352
CCCGAT	166.0	339.2	-0.346
ATCGCC	212.0	378.7	-0.345
GGGTGT	1166.0	2401.0	-0.345
GCGGCC	609.0	1069.1	-0.340
AAGTAC	720.0	1344.2	-0.339
TCCCCA	1764.0	4157.8	-0.333
GTGACT	1080.0	2202.1	-0.333
AAGCTC	1637.0	2854.9	-0.332
CTTCCT	3480.0	8100.4	-0.328
CGAAAT	167.0	299.0	-0.326
TCTAAG	978.0	1714.0	-0.321
GCGGTC	136.0	411.1	-0.321
CTTGGT	1569.0	2963.1	-0.320
CACATA	1105.0	2040.0	-0.311
AGGGGT	1105.0	1936.4	-0.308
GTGTGA	2613.0	4549.9	-0.306
CTTACG	180.0	323.8	-0.304
AAGAAT	1434.0	2506.5	-0.302
ACGTCG	72.0	132.7	-0.302
TCCGGA	336.0	598.5	-0.301
AGTGTT	2096.0	3704.1	-0.299
CAGTAT	1201.0	2103.0	-0.297
ATATAA	1488.0	2602.4	-0.296
GGCGAA	166.0	299.5	-0.292
CGCTAA	132.0	239.2	-0.291
AGTCCA	649.0	1688.7	-0.289
TACTAG	614.0	1084.2	-0.284
TCTGAA	1653.0	2892.6	-0.277
GAGGTA	696.0	1229.3	-0.275
AAAGGT	1036.0	1820.0	-0.275
CCGGTG	316.0	565.6	-0.274
TATGAG	894.0	1574.1	-0.274
TCCGAA	196.0	397.7	-0.273
ACGGGG	775.0	1968.3	-0.265
ATCCTT	1825.0	3191.2	-0.264
TAGGCA	1090.0	1915.5	-0.263
GGGTAT	675.0	1193.7	-0.261
GCCCGT	312.0	558.5	-0.261
TCCGTC	451.0	833.5	-0.261
GAGGTG	1403.0	2923.6	-0.260
CTCAGA	1290.0	2852.5	-0.260
TGTTGA	1525.0	3881.5	-0.256
TATACG	145.0	274.1	-0.256
AAGATT	1356.0	2380.2	-0.254
ATACGT	203.0	444.5	-0.253
GTCGTA	86.0	159.9	-0.251
AACGGG	185.0	336.2	-0.249
ATCGGA	106.0	195.8	-0.245
CGATGT	187.0	340.5	-0.242
CAGTAA	971.0	1711.1	-0.242
CCTAAA	958.0	1690.8	-0.236
CTAACC	518.0	922.7	-0.235
CGTGGG	280.0	807.1	-0.234
TACGGA	141.0	258.4	-0.233
TTGCTG	2543.0	5159.4	-0.231
TGCGTA	140.0	307.0	-0.230
CCGGTC	221.0	401.9	-0.229
ATGACG	165.0	302.0	-0.227
AAGACG	248.0	449.2	-0.225
GTATAA	862.0	1523.5	-0.224
ATGTAG	974.0	1719.9	-0.223
CGACGT	62.0	117.0	-0.222
GAAATT	1717.0	3012.9	-0.222
AGGCCC	925.0	1990.8	-0.220
AGAACT	1154.0	2034.9	-0.216
GACGGC	135.0	418.8	-0.215
TAAATG	1775.0	3115.1	-0.215
GCCACT	2198.0	3849.0	-0.214
ACTCTA	824.0	1459.9	-0.213
AATCCT	1599.0	2809.5	-0.210
TCTTCT	3912.0	8061.3	-0.209
TCAGGT	1876.0	3892.0	-0.209
GGCCTA	710.0	1260.1	-0.208
TTAACA	1481.0	2605.5	-0.207
GCTCCT	1246.0	3233.4	-0.207
GAGCGG	332.0	599.7	-0.205
ACAGGA	1006.0	2329.9	-0.204
AACAAC	778.0	1382.0	-0.201
CTTGGG	1795.0	3153.1	-0.200
GTAGGC	518.0	926.8	-0.200
GATTTG	1381.0	3242.6	-0.198
GCAGAC	601.0	1354.5	-0.190
ATCATC	946.0	1677.3	-0.186
GCCGTC	233.0	426.3	-0.183
ACTCGA	161.0	297.9	-0.182
GAACGA	138.0	256.5	-0.181
CGACCG	99.0	186.4	-0.180
CCGTCC	353.0	637.9	-0.179
GGACCG	181.0	334.0	-0.178
GAATGG	980.0	1738.8	-0.178
GCGCCT	854.0	1518.3	-0.178
GCCCGC	1296.0	2289.6	-0.178
TATGAT	1272.0	2247.8	-0.177
ATAACC	518.0	929.4	-0.177
CTTTCT	6647.0	12746.8	-0.175
ACAGAT	1361.0	2406.0	-0.171
GCGCGT	230.0	422.3	-0.169
CGCATT	239.0	438.4	-0.169
AATTCG	171.0	316.3	-0.168
ATCCCC	837.0	1489.3	-0.168
ACCTAC	561.0	1071.2	-0.168
GCACAT	1171.0	2073.7	-0.167
GTATGA	769.0	1371.6	-0.165
TAACTA	646.0	1245.9	-0.165
CTGTAC	878.0	1563.9	-0.162
CGGGCA	384.0	802.1	-0.157
TAGACG	157.0	292.5	-0.156
TACCAA	727.0	1299.7	-0.155
TCGATG	153.0	285.3	-0.154
ACGGAC	70.0	278.5	-0.153
AGCACA	1063.0	2169.4	-0.152
ACTTGT	1286.0	2278.3	-0.152
GAGTTG	1198.0	2124.7	-0.151
ATCGTA	131.0	246.8	-0.147
CAAATA	1450.0	2566.6	-0.146
TGGAAA	1797.0	3172.4	-0.142
CATTAA	1185.0	2105.8	-0.138
GTAATT	1491.0	2641.2	-0.135
GCAACA	815.0	1530.4	-0.134
CGTATC	116.0	220.4	-0.134
GGCCGG	646.0	1500.1	-0.131
TGACGC	187.0	407.0	-0.130
ACCCAT	968.0	1727.2	-0.129
GGACAG	1009.0	1799.0	-0.129
TTCGAT	203.0	379.0	-0.129
AGGCCG	405.0	1070.9	-0.128
TAATGG	1035.0	1845.6	-0.128
TCGTCC	228.0	493.8	-0.127
GAATAT	1117.0	1989.2	-0.125
AGACGC	243.0	450.2	-0.124
AAATCT	1668.0	2953.2	-0.124
GACCAG	769.0	2002.8	-0.121
AAGGAG	1229.0	2352.0	-0.120
TCGTGT	311.0	572.5	-0.119
CCTGTC	1905.0	3368.0	-0.119
GGCCCG	524.0	949.7	-0.118
GGAAGA	1340.0	2383.5	-0.116
TTAGGT	1333.0	2370.3	-0.116
CCGTAA	136.0	258.9	-0.115
CCCGTT	302.0	556.4	-0.112
CCGTAG	135.0	295.3	-0.112
TCGTAA	138.0	262.6	-0.111
CGGTCG	82.0	176.9	-0.111
ACGTTC	209.0	391.2	-0.110
TAAGAA	1205.0	2148.7	-0.109
CGTGTG	775.0	1402.2	-0.108
TCCGTT	356.0	653.6	-0.108
CGGACC	182.0	343.5	-0.106
TATCCT	1346.0	2536.1	-0.106
GACGGG	823.0	2029.1	-0.104
GTCGAG	142.0	270.0	-0.104
TTGATA	1439.0	2560.0	-0.101
TAGTAC	552.0	1003.8	-0.100
CCGACG	82.0	162.0	-0.099
CACCGT	665.0	1524.6	-0.098
GGGGTT	2396.0	5172.1	-0.097
GAGATA	1072.0	1919.6	-0.095
GCAAAA	1158.0	2071.7	-0.094
ATAGAG	1009.0	1809.8	-0.092
CGGTGT	256.0	663.4	-0.092
CCGTTA	140.0	268.3	-0.090
TCCGAG	342.0	632.5	-0.090
TAATCT	1462.0	2605.2	-0.089
AGCACC	688.0	1746.6	-0.088
CTTTCG	383.0	705.3	-0.086
TATCTG	1163.0	2525.8	-0.085
CGTCTT	394.0	725.9	-0.084
TGGACC	661.0	1199.0	-0.084
GGTCAA	535.0	1127.2	-0.084
CAGCGA	306.0	569.1	-0.084
TTCTAT	1961.0	4156.4	-0.083
TAACGC	99.0	194.7	-0.082
ACTGGT	908.0	1862.2	-0.080
AAAAGC	1106.0	1984.9	-0.080
CGTTGG	281.0	524.8	-0.080
CTAAGA	784.0	1418.5	-0.079
AAGGTA	756.0	1368.9	-0.078
CATCAT	1442.0	2576.7	-0.076
CGCAAA	163.0	312.2	-0.075
GGAAAT	1301.0	2328.1	-0.075
CTCGTT	455.0	836.4	-0.075
CGCTTC	423.0	780.3	-0.074
CCGACA	124.0	241.3	-0.074
AATATG	1180.0	2119.0	-0.071
CCGGAC	240.0	453.3	-0.071
ACATAT	1493.0	2668.7	-0.071
AGCGTA	127.0	247.6	-0.070
GGTAGA	887.0	1603.1	-0.070
GTCGTC	206.0	392.5	-0.069
ACGTTA	181.0	347.1	-0.067
GATACG	130.0	253.1	-0.067
GTCTGT	1576.0	3865.8	-0.067
ATGCGT	208.0	396.3	-0.067
ACGGAT	89.0	317.0	-0.067
GCCCTG	1408.0	3292.2	-0.066
AACGTC	177.0	340.2	-0.066
GATGTA	774.0	1405.5	-0.065
AATGTA	1298.0	2328.4	-0.063
AGTAAA	1213.0	2180.5	-0.063
AAGCGC	235.0	446.8	-0.061
TGCGCG	231.0	440.0	-0.060
TAGCAT	1103.0	1988.7	-0.060
GATACA	739.0	1346.0	-0.060
CCGAGC	406.0	754.1	-0.058
CCCAGA	1671.0	3267.9	-0.058
AACGCG	62.0	128.2	-0.058
CATACT	799.0	1497.1	-0.058
TCAGTA	1170.0	2106.3	-0.057
GTGTCT	1655.0	4101.3	-0.057
CTTTAA	2256.0	4012.8	-0.057
ATTGGC	731.0	1720.8	-0.056
AACACC	548.0	1354.9	-0.055
TTATAG	1836.0	3278.4	-0.054
AATAGT	1095.0	1977.1	-0.052
GGTACC	462.0	951.9	-0.051
CCGCGG	441.0	818.8	-0.051
GGACTT	1131.0	2042.9	-0.051
ACCCGC	673.0	1232.6	-0.050
CAGCTC	2901.0	5147.7	-0.049
AATTGG	966.0	1751.1	-0.047
TGACGA	135.0	266.4	-0.046
ATAGAT	973.0	1765.8	-0.046
ACGATG	173.0	348.9	-0.045
GCTATA	642.0	1180.0	-0.045
ACGAAA	151.0	297.0	-0.044
GTATCT	1228.0	2248.4	-0.044
CTGTGG	1883.0	4055.3	-0.043
AATCGT	165.0	356.4	-0.042
TCCGGT	214.0	414.0	-0.041
TCTTTC	6096.0	11434.6	-0.041
AACTCA	1135.0	2055.8	-0.041
ACTATT	1305.0	2357.0	-0.039
GTGTAT	1607.0	2887.8	-0.039
ATTTCG	330.0	624.0	-0.039
ACTGCT	1464.0	2650.1	-0.039
GTGGTA	1036.0	1940.4	-0.038
AGAGCG	311.0	590.9	-0.038
TGGTCT	3011.0	7284.0	-0.038
GCCGAC	161.0	316.5	-0.038
CATTCG	161.0	316.7	-0.038
ACTTCT	2083.0	3725.6	-0.037
TATACC	688.0	1266.1	-0.037
AATCAA	879.0	1605.4	-0.036
TTGGGC	1149.0	2082.9	-0.036
GTTATA	887.0	1620.7	-0.035
GGTCGC	203.0	395.3	-0.035
TTCGGC	303.0	577.5	-0.035
CCCTCG	386.0	727.0	-0.034
ATTGTA	1393.0	2515.5	-0.034
AGTCAG	1188.0	2155.0	-0.034
TCATTG	1786.0	3610.0	-0.033
CACTCT	2981.0	5306.4	-0.032
TAACGA	119.0	240.6	-0.032
TTTCGA	307.0	648.7	-0.031
ATCACA	1283.0	2627.2	-0.031
GTAGTC	618.0	1172.6	-0.031
TTAATG	1664.0	2995.8	-0.031
ACAGTT	1665.0	2997.2	-0.031
ACCGGA	114.0	231.4	-0.030
CGAAGA	143.0	285.8	-0.030
GTTTAG	957.0	2044.2	-0.030
CCATAG	643.0	1190.4	-0.030
ACGACT	132.0	293.1	-0.030
GTACTT	1084.0	1974.1	-0.029
AGCTTA	856.0	1570.1	-0.029
TGTCCC	1459.0	2635.0	-0.029
CATGGG	929.0	1995.1	-0.029
GAGACC	1045.0	1906.3	-0.028
GTAGGG	627.0	1162.5	-0.027
TAAACG	143.0	286.4	-0.027
TACCAT	1218.0	2213.7	-0.027
TGATGC	859.0	1945.8	-0.026
AACACG	230.0	448.6	-0.026
CACCGA	226.0	442.8	-0.023
AATCCG	142.0	286.7	-0.023
AAGCCG	209.0	411.2	-0.022
TGGGGA	1712.0	3090.5	-0.022
ATCTGA	1084.0	1981.6	-0.022
GTTCGG	129.0	262.4	-0.022
AAATGA	1788.0	3224.0	-0.022
GTTAAG	703.0	1303.8	-0.021
TTGGAA	1719.0	3104.6	-0.021
TGTCGA	141.0	285.8	-0.021
ACCTAA	658.0	1223.3	-0.021
GGAGCC	863.0	2077.7	-0.020
AATGCT	1477.0	2678.5	-0.020
GTTTAC	962.0	2021.3	-0.020
AAACTA	974.0	1788.5	-0.020
GCTAAG	635.0	1184.6	-0.019
TCTACC	1018.0	1867.3	-0.019
AGTCCT	1410.0	2561.3	-0.019
AACTTG	1074.0	1967.9	-0.019
AACGCC	148.0	299.1	-0.019
CAAGTT	1103.0	2465.9	-0.019
CATCGT	277.0	537.4	-0.018
TTACGA	126.0	258.1	-0.018
GCGCGC	543.0	1186.9	-0.018
CCATTA	1038.0	1904.5	-0.018
ACGCAT	166.0	334.8	-0.018
TGTCGG	207.0	410.7	-0.018
ATGTGT	2464.0	4422.6	-0.017
CTACCC	702.0	1307.4	-0.017
TGCGTG	572.0	1072.3	-0.017
GCGAAG	148.0	300.6	-0.017
ACTTCC	1556.0	2825.4	-0.016
AAAGTA	1319.0	2405.0	-0.016
GCACCG	283.0	550.9	-0.016
TCGAAA	145.0	295.5	-0.016
CGCGGA	155.0	314.7	-0.015
TGTAGG	1059.0	1945.3	-0.015
AGCACG	245.0	483.7	-0.015
TTAGCG	158.0	320.9	-0.015
GCGGCT	438.0	833.6	-0.015
GAAACG	240.0	474.2	-0.014
CGCATG	248.0	552.9	-0.014
CAAAAT	1727.0	3132.0	-0.014
CCCGTA	122.0	253.4	-0.014
CGCGGC	397.0	811.2	-0.013
GAAAAA	1917.0	3469.1	-0.013
TTCGAC	116.0	242.6	-0.013
TACGTT	251.0	514.5	-0.013
GGGAAG	1515.0	2759.6	-0.013
GCCATT	2102.0	3795.3	-0.013
TGTACT	1196.0	2192.9	-0.013
TCCCGT	332.0	643.5	-0.013
TTGTAC	1017.0	1875.2	-0.013
GACATG	893.0	1654.8	-0.012
TAAGTG	1112.0	2045.5	-0.012
CGAACT	574.0	1370.3	-0.012
TCGAGA	343.0	665.9	-0.012
GAGAAG	1246.0	2682.8	-0.012
TACAAT	1040.0	1917.2	-0.012
TAGTAA	895.0	1659.9	-0.012
CGTAAG	160.0	327.6	-0.011
CACGTT	408.0	783.4	-0.011
GGAACA	851.0	1581.8	-0.011
CCGTGC	537.0	1017.9	-0.011
GTCGAC	66.0	147.3	-0.011
TAGCAC	650.0	1293.5	-0.011
TAGAGC	646.0	1214.3	-0.011
GTCATT	1552.0	2829.3	-0.011
GCAGAG	1555.0	3164.0	-0.010
CGGTAT	133.0	276.2	-0.010
CTATGT	1532.0	2795.9	-0.010
AACGTG	337.0	656.3	-0.010
GAATTA	1175.0	2160.2	-0.010
TACTTG	1161.0	2137.0	-0.010
CTTGCG	195.0	442.2	-0.010
TACCCG	177.0	360.8	-0.010
CGGACG	109.0	231.1	-0.010
AGGGTT	1488.0	3389.6	-0.010
TTGACG	181.0	368.4	-0.009
CCAGCA	1259.0	3631.8	-0.009
TCAATG	564.0	1740.6	-0.009
CGCATA	88.0	191.7	-0.009
CATCCG	206.0	415.1	-0.009
CAGATG	1610.0	2936.3	-0.009
ATTAAC	809.0	1510.8	-0.009
ATCGTT	229.0	458.9	-0.009
TACTCC	710.0	1451.4	-0.009
CCCGTG	378.0	732.4	-0.009
CGCTGA	264.0	523.0	-0.009
CATTGG	883.0	1945.8	-0.008
CCTTCG	334.0	653.9	-0.008
CATGTA	1138.0	2125.1	-0.008
CACTCG	248.0	495.1	-0.008
GCGCCG	365.0	797.4	-0.008
TTTAAC	1891.0	3437.0	-0.008
AAAAAG	1923.0	3493.1	-0.008
CGGTAG	126.0	265.9	-0.008
CTTTTC	5313.0	9455.9	-0.008
AGCCCA	1287.0	2619.1	-0.007
TTCTCT	4115.0	9908.3	-0.007
TCCAAC	877.0	1636.6	-0.007
CTTAAT	1372.0	2519.8	-0.007
TGACGT	276.0	547.5	-0.007
TTACCC	971.0	1805.6	-0.007
CGGTTG	148.0	365.2	-0.007
TTGCAC	1003.0	2123.1	-0.007
AAGTGT	1557.0	2852.8	-0.006
AAATTA	2256.0	4089.5	-0.006
GACCGC	171.0	353.4	-0.006
TGAAAT	2037.0	3702.9	-0.006
GGCCGT	260.0	519.6	-0.006
ACTGTC	1072.0	1990.7	-0.006
CTTAAC	824.0	1545.1	-0.005
ACGAGT	118.0	307.9	-0.005
TTCGTC	223.0	452.5	-0.005
CTTCGT	326.0	643.1	-0.005
CGTATA	159.0	332.1	-0.005
ACGGGA	232.0	470.1	-0.005
ACCATT	1387.0	2555.8	-0.005
CGAACG	43.0	105.8	-0.005
TGAATA	1449.0	2665.8	-0.005
TACCAG	831.0	1559.8	-0.005
AGATTC	976.0	2311.3	-0.005
GAGCTA	632.0	1202.2	-0.005
CAAGTC	661.0	1579.3	-0.005
GCCGTT	217.0	442.1	-0.005
AGACTT	1253.0	2317.8	-0.005
GGCTGC	1617.0	3254.2	-0.005
CGCGGT	229.0	466.5	-0.004
ACTTTT	4649.0	8315.9	-0.004
GAATGT	1222.0	2262.5	-0.004
CTGTGT	3009.0	6184.4	-0.004
AAATTG	1479.0	2722.9	-0.004
GCGGTA	81.0	230.8	-0.004
GATTCG	103.0	332.2	-0.004
AGTATG	793.0	1496.5	-0.004
AATAAC	765.0	1446.5	-0.004
ATACGC	109.0	238.9	-0.004
TAGTCT	1195.0	2380.9	-0.004
GGTCGT	169.0	354.1	-0.004
AGCGAC	169.0	354.9	-0.004
GGTCCG	161.0	339.3	-0.004
AACTGA	1011.0	1890.8	-0.004
TCAACG	114.0	248.8	-0.004
ATGAGC	1373.0	2538.0	-0.003
CTCGGG	578.0	1109.5	-0.003
GACCCG	235.0	480.5	-0.003
ACAGCG	259.0	523.8	-0.003
GATAGT	694.0	1321.5	-0.003
TACCCC	573.0	1150.2	-0.003
CGTCCT	290.0	670.1	-0.003
TCTACG	128.0	276.1	-0.003
GGATCG	142.0	303.9	-0.003
ATTACT	1279.0	2384.5	-0.003
TTCGAA	195.0	405.1	-0.003
AGAGAC	2089.0	5080.6	-0.003
ACACAT	1302.0	2431.0	-0.003
CCGTCT	571.0	1118.5	-0.003
TTAGGG	1036.0	1940.9	-0.003
AACGTT	253.0	514.5	-0.003
CTGCGG	378.0	1092.3	-0.003
CTGTCT	3072.0	5920.8	-0.003
CAGTTC	1619.0	2983.4	-0.003
GGATAG	506.0	982.4	-0.003
AAAGAT	1356.0	2515.0	-0.003
TTGCCT	2717.0	5251.1	-0.002
CAACAT	1077.0	2271.5	-0.002
AACGAC	76.0	176.9	-0.002
ATACCG	85.0	194.2	-0.002
ACAAGG	869.0	1642.1	-0.002
GAGATT	1548.0	3068.4	-0.002
TCGGTA	114.0	251.7	-0.002
CGTCGA	24.0	68.0	-0.002
CTCTTA	1377.0	2555.0	-0.002
AGGTTA	857.0	1622.6	-0.002
CATATA	1216.0	2268.0	-0.002
ATCCGA	100.0	224.9	-0.002
TGAGAA	1326.0	3258.6	-0.002
AAGTTT	2473.0	4505.3	-0.002
CGATGA	111.0	246.6	-0.002
CTATAT	1043.0	1959.9	-0.002
TATGTG	1823.0	3353.3	-0.002
AACAGT	1093.0	2049.4	-0.002
GGGGAT	835.0	1584.7	-0.002
CGGCCC	637.0	1226.8	-0.002
AAGACT	938.0	1770.5	-0.002
TTATGA	1392.0	2585.6	-0.002
AGGAGG	1828.0	3364.1	-0.002
TATAAT	1713.0	3159.4	-0.002
TATAAG	870.0	1648.9	-0.002
AAAATT	3159.0	5726.9	-0.002
TTCCTT	5286.0	10433.4	-0.002
AATGAC	816.0	1552.8	-0.002
GACGAA	97.0	291.9	-0.002
GTAAGA	657.0	1263.4	-0.002
GGATCC	651.0	1253.3	-0.002
AGTGTG	1668.0	3081.9	-0.002
CTTGAA	2340.0	4276.3	-0.002
GTTAGA	664.0	1276.5	-0.002
GTACGT	134.0	343.2	-0.002
GTTACG	123.0	271.4	-0.002
AGCAAC	632.0	1308.3	-0.002
CGGTTT	402.0	798.5	-0.002
CCCGTC	415.0	822.9	-0.002
GTCATA	652.0	1257.0	-0.002
TACCTA	615.0	1395.1	-0.002
CCGGCC	827.0	2111.8	-0.002
TCATAA	977.0	1844.8	-0.002
AACGCA	132.0	289.6	-0.001
GACTCG	196.0	413.1	-0.001
CATTAC	735.0	1408.9	-0.001
AACTAA	735.0	1408.0	-0.001
GTAAAT	1272.0	2375.7	-0.001
TATGGG	761.0	1455.7	-0.001
CGCTTT	449.0	886.3	-0.001
AGCGCC	307.0	623.7	-0.001
ATAGCA	867.0	1648.9	-0.001
ACGCTA	81.0	204.7	-0.001
ATTCGG	150.0	326.8	-0.001
TAATAC	767.0	1468.7	-0.001
GGCGCT	446.0	881.4	-0.001
AATGGG	1031.0	1945.9	-0.001
CCCGAC	327.0	728.4	-0.001
TAATGT	1440.0	2681.6	-0.001
AAATGT	2308.0	4228.9	-0.001
GGCTAT	786.0	1504.0	-0.001
GTGTGG	1430.0	3390.4	-0.001
TAAACT	1279.0	2393.3	-0.001
GAAGCG	218.0	457.7	-0.001
CTTCGG	296.0	604.5	-0.001
ATGTCG	154.0	335.3	-0.001
TATTAC	877.0	2048.2	-0.001
CGTATG	140.0	307.4	-0.001
CGTCAA	120.0	268.5	-0.001
GGACCT	677.0	1308.8	-0.001
ACGGTT	187.0	399.8	-0.001
TCATAT	1442.0	2689.1	-0.001
CGTCTA	136.0	300.6	-0.001
AGACAA	1070.0	2021.1	-0.001
AAGCAT	1157.0	2178.6	-0.001
CGAAGG	158.0	344.1	-0.001
CGGATG	173.0	373.8	-0.001
GTGAGA	1012.0	2596.2	-0.001
TTGGTC	1509.0	2811.9	-0.001
ACGTCT	283.0	582.4	-0.001
GTCATC	928.0	1767.7	-0.001
CTGTGA	1486.0	3523.0	-0.001
ATATCT	1449.0	2705.5	-0.001
GGTGGC	1321.0	2776.5	-0.001
ATATAC	932.0	1773.9	-0.001
CTCTAG	953.0	1812.7	-0.001
GTGAGT	1132.0	2307.7	-0.001
TTCCGA	265.0	548.4	-0.001
CAAGGG	856.0	1638.9	-0.001
CTATTC	1185.0	2232.3	-0.001
GATGTG	1247.0	2343.4	-0.001
ATGATA	902.0	1721.4	-0.001
TAAGAG	840.0	1610.6	-0.001
TCCGTA	128.0	287.6	-0.001
ATACGG	94.0	236.6	-0.001
ATGTTA	1347.0	2794.4	-0.001
CATTTT	5013.0	10726.4	-0.001
CGCCTT	617.0	1204.2	-0.001
CTGGTT	1904.0	3799.1	-0.001
CGAACC	91.0	214.9	-0.001
TTCGCA	159.0	349.3	-0.001
GATAAA	908.0	1736.7	-0.001
CATCAC	1074.0	2244.6	-0.001
GACAAG	786.0	1514.8	-0.001
TGTCGT	259.0	540.6	-0.001
AGGATG	1122.0	2918.8	-0.001
GAAGAT	875.0	1677.2	-0.001
AATAGA	1024.0	1948.8	-0.001
TCCCTC	2340.0	5173.3	-0.001
CAGATT	1443.0	2703.2	-0.001
ATGTAA	1146.0	2168.9	-0.001
GTAACA	604.0	1184.8	-0.001
AACACA	1039.0	2194.9	-0.001
GTACTC	442.0	884.1	-0.001
GCGTCG	90.0	215.1	-0.001
TAGATT	1484.0	2778.5	-0.000
AAACGT	277.0	576.6	-0.000
CGTTGT	279.0	580.9	-0.000
TACATT	2097.0	3876.6	-0.000
TAGGGA	828.0	1593.7	-0.000
AAAGGC	770.0	1749.4	-0.000
CGTTTA	285.0	592.0	-0.000
CCATAA	636.0	1244.3	-0.000
CGAAGC	142.0	317.5	-0.000
AGACCT	871.0	1673.1	-0.000
CTATAC	467.0	934.0	-0.000
CCGAAG	229.0	488.0	-0.000
TAACTT	1568.0	2932.6	-0.000
TAAAAG	1379.0	2592.1	-0.000
ACAATT	1268.0	2393.6	-0.000
CGTGAA	281.0	585.1	-0.000
TAACCA	746.0	1445.7	-0.000
CGCGGG	422.0	850.8	-0.000
TCCGAT	127.0	288.5	-0.000
GCCGGC	452.0	905.8	-0.000
AATACG	129.0	292.7	-0.000
ACATCG	133.0	300.5	-0.000
ACCCCA	1177.0	2229.1	-0.000
CCTCTT	2896.0	5305.8	-0.000
CGATTG	143.0	320.7	-0.000
TAACAG	884.0	1700.1	-0.000
GAAAGG	1094.0	2080.2	-0.000
ATTTTC	4235.0	8340.0	-0.000
ATCCTA	628.0	1407.4	-0.000
CGTTAA	134.0	304.7	-0.000
TCCTCA	1499.0	3779.1	-0.000
AGACAT	1126.0	2143.6	-0.000
TTCAAC	903.0	1946.0	-0.000
GTCCGT	168.0	372.5	-0.000
AGGTAA	871.0	1680.6	-0.000
CCAACC	799.0	1549.2	-0.000
ACCTTC	1224.0	2321.6	-0.000
AATGTT	2106.0	3907.2	-0.000
TAAAAT	2754.0	5063.6	-0.000
CCGGTA	92.0	221.1	-0.000
TAATAG	973.0	1867.8	-0.000
GGGCCT	1255.0	2504.3	-0.000
GCTTCG	272.0	574.0	-0.000
GATATC	553.0	1100.1	-0.000
ATGAAT	1279.0	2423.9	-0.000
GTCTGA	920.0	1773.4	-0.000
GTAATC	958.0	2070.0	-0.000
GGCGAC	193.0	463.3	-0.000
CCAAAT	1285.0	2435.6	-0.000
GATCTA	454.0	1074.4	-0.000
ATCGAG	126.0	290.1	-0.000
CTGTAA	1669.0	3581.6	-0.000
CATTGC	1293.0	2615.5	-0.000
GTAATG	758.0	1477.9	-0.000
TAGCCC	608.0	1300.6	-0.000
AGTTAA	1038.0	1989.5	-0.000
CTTGAC	1132.0	2160.5	-0.000
TGTGAT	2457.0	4539.6	-0.000
GGAACG	119.0	385.1	-0.000
CTAATC	566.0	1125.7	-0.000
CCAGTA	931.0	1905.7	-0.000
GGGCCG	522.0	1045.3	-0.000
GGGAAC	633.0	1250.7	-0.000
GCATCG	146.0	332.5	-0.000
GTGGGT	1264.0	2625.2	-0.000
CTTCCA	2297.0	4257.4	-0.000
AATCTG	1238.0	2356.9	-0.000
GTTCCG	184.0	407.5	-0.000
ACTAAG	496.0	999.4	-0.000
GGTCTC	3315.0	6075.0	-0.000
TACGGT	129.0	298.3	-0.000
GTACCC	438.0	940.6	-0.000
TATCTC	1481.0	2795.9	-0.000
CGTCGT	67.0	172.9	-0.000
ATCAAC	515.0	1034.6	-0.000
GGTAAC	459.0	930.4	-0.000
TCCGTG	351.0	726.9	-0.000
GAAAGT	1068.0	2049.2	-0.000
AAAGAC	879.0	1705.0	-0.000
TGCGAA	114.0	269.6	-0.000
CCGATG	114.0	269.4	-0.000
CTCTCT	4196.0	8913.4	-0.000
CAATTA	939.0	1821.6	-0.000
GCTTGT	1128.0	2495.0	-0.000
TTTCTG	4316.0	9640.4	-0.000
AAGATA	906.0	1755.6	-0.000
AAGGGG	912.0	1767.2	-0.000
CCATGT	2353.0	5722.2	-0.000
TGAACG	147.0	337.2	-0.000
TCGACG	18.0	64.9	-0.000
TTCTTC	4165.0	7636.0	-0.000
TAGAGA	2716.0	7121.9	-0.000
GAAATG	1477.0	2794.0	-0.000
ACCCAA	688.0	1653.9	-0.000
TCCCTA	1076.0	2070.0	-0.000
ATTCAA	1258.0	2400.9	-0.000
GGCATT	1152.0	2346.0	-0.000
CCGCTC	428.0	878.1	-0.000
TGAGGC	1643.0	3097.4	-0.000
AATGAT	1254.0	2469.4	-0.000
CAACAG	838.0	1832.0	-0.000
ATGAAA	1481.0	2805.6	-0.000
TTCCCA	2552.0	4731.0	-0.000
CCAACG	129.0	302.5	-0.000
ATCGCA	138.0	320.9	-0.000
AGTTTA	1411.0	3223.0	-0.000
ACAACT	716.0	1413.9	-0.000
TCCGCT	358.0	746.8	-0.000
TTCATA	1640.0	3095.1	-0.000
TGACGG	200.0	444.8	-0.000
CTGATA	882.0	1720.9	-0.000
CTAGAT	758.0	1493.4	-0.000
GCTACG	106.0	257.7	-0.000
AACATT	1665.0	3144.3	-0.000
AGTATA	917.0	1787.0	-0.000
GTATGG	586.0	1177.4	-0.000
TTCGCC	485.0	989.3	-0.000
CGACTT	207.0	460.4	-0.000
AAAACG	226.0	497.9	-0.000
TTGAAG	1383.0	3003.2	-0.000
GGCGTT	258.0	557.2	-0.000
CTAAGG	598.0	1200.3	-0.000
CAAGGT	1097.0	2117.2	-0.000
AAACTG	1371.0	2614.2	-0.000
ACGCGG	108.0	262.7	-0.000
TGGCTT	2366.0	4853.1	-0.000
AAGAGA	1488.0	2828.0	-0.000
GCATCT	1200.0	2304.4	-0.000
CAGGGC	1304.0	2494.8	-0.000
GTACCG	40.0	178.1	-0.000
TAAGCA	896.0	1751.4	-0.000
TCGGCA	156.0	360.3	-0.000
ACCTCT	2677.0	4968.0	-0.000
ACGAAG	165.0	378.4	-0.000
ATGATT	1541.0	2925.6	-0.000
GCTCCA	1083.0	2436.7	-0.000
TTTAGG	1719.0	3249.3	-0.000
CGAGAA	168.0	385.3	-0.000
TCTAAT	1337.0	2559.2	-0.000
ATCTTT	3119.0	6226.4	-0.000
CACATG	1358.0	2598.1	-0.000
ATACTG	910.0	1780.6	-0.000
CGTGTC	302.0	646.8	-0.000
CGAGTT	278.0	600.1	-0.000
TTCGGA	155.0	360.1	-0.000
TCGTTG	268.0	581.2	-0.000
ACGTGG	348.0	736.4	-0.000
TTTCGC	644.0	1291.7	-0.000
ATCCAT	1273.0	2444.8	-0.000
CGCGTT	65.0	210.1	-0.000
TGAACT	1913.0	3604.6	-0.000
TTATGC	912.0	1787.9	-0.000
TCGAAT	155.0	361.8	-0.000
GGTCTG	1225.0	2359.7	-0.000
AAGGGA	1225.0	2359.1	-0.000
CCAGAT	1056.0	2050.0	-0.000
TTGCGG	203.0	457.0	-0.000
ATGGTT	1427.0	2727.4	-0.000
AAAACC	1040.0	2022.5	-0.000
CCCTCA	1135.0	2758.1	-0.000
GAGCGT	209.0	469.9	-0.000
GCGCGG	490.0	1006.6	-0.000
TTCAAA	2045.0	4042.2	-0.000
TTATAA	1702.0	3451.3	-0.000
TAACCC	493.0	1012.0	-0.000
TTTGAC	1479.0	2823.1	-0.000
CGCCGT	133.0	317.4	-0.000
AGGGGA	1116.0	2162.8	-0.000
TATTGC	878.0	2312.5	-0.000
TCGAGG	186.0	424.5	-0.000
CTAGTG	684.0	1369.2	-0.000
ACTAGG	462.0	974.7	-0.000
GCGCTG	455.0	942.0	-0.000
TCCCCG	580.0	1176.4	-0.000
ATCCCA	1054.0	3028.6	-0.000
CCGCTG	441.0	914.9	-0.000
CACGAA	151.0	355.5	-0.000
TTATCG	143.0	339.9	-0.000
CTAGGG	673.0	1350.3	-0.000
GGTCAT	768.0	1526.2	-0.000
TCTAAA	1267.0	2443.1	-0.000
GGCGAG	362.0	766.4	-0.000
GACGGT	161.0	376.2	-0.000
GCCGAA	134.0	321.4	-0.000
TAAGGT	780.0	1551.4	-0.000
GTCAAC	373.0	788.2	-0.000
GCTAGC	432.0	900.8	-0.000
CCGCAC	366.0	775.1	-0.000
GACCTA	356.0	756.0	-0.000
ACGTTT	426.0	891.9	-0.000
ACGTGT	349.0	864.1	-0.000
TGAAAG	1285.0	2479.4	-0.000
GATGAT	969.0	1900.8	-0.000
GTAAGT	771.0	1537.4	-0.000
GACAAA	817.0	1622.4	-0.000
TTACTA	1089.0	2122.2	-0.000
GTGTTC	1193.0	2438.6	-0.000
TGCTAT	1440.0	2764.6	-0.000
CACAGT	1572.0	3060.3	-0.000
AACCGC	127.0	309.6	-0.000
TGACAG	1223.0	2471.7	-0.000
ATAATT	2096.0	3953.9	-0.000
ACTCGC	172.0	401.8	-0.000
TTTCCT	5343.0	10888.8	-0.000
ACCTTT	1881.0	3566.5	-0.000
GGCAGA	1374.0	2647.0	-0.000
CACGGG	256.0	568.0	-0.000
CGCCAG	408.0	860.7	-0.000
AACGGA	128.0	331.0	-0.000
CGAGCT	241.0	539.4	-0.000
CTAGCA	654.0	1381.1	-0.000
CGGATC	144.0	380.2	-0.000
AAAAAA	6825.0	12392.9	-0.000
TAGCAA	774.0	1548.8	-0.000
CGCTTA	101.0	258.0	-0.000
AAAGCT	1114.0	2174.8	-0.000
ATGAGA	1071.0	2118.8	-0.000
ATATGA	947.0	1868.1	-0.000
TTCTGC	2434.0	5242.5	-0.000
CCCCTA	635.0	1290.9	-0.000
CATTAG	903.0	1788.7	-0.000
ACATTG	1058.0	2073.9	-0.000
AGTTAC	746.0	1497.6	-0.000
AGCGAG	308.0	672.0	-0.000
TTCCGG	348.0	749.9	-0.000
TCGATT	215.0	490.6	-0.000
TAATAA	1417.0	2731.9	-0.000
CGAATT	181.0	422.3	-0.000
TGCGAG	168.0	396.8	-0.000
ATGGGC	801.0	1601.4	-0.000
CGTCTG	383.0	816.9	-0.000
CAGTTA	1052.0	2066.4	-0.000
TTCTAA	1864.0	3546.2	-0.000
CCGTAT	137.0	334.3	-0.000
TCCTCG	229.0	789.7	-0.000
AACGGC	103.0	263.1	-0.000
ACATCC	713.0	1672.6	-0.000
TATTCG	129.0	317.6	-0.000
TATCGT	128.0	315.3	-0.000
CCGTGA	237.0	535.3	-0.000
TATAGT	1218.0	2372.3	-0.000
GGTTGA	592.0	1472.7	-0.000
TAGTTC	1029.0	2024.4	-0.000
TCAAAT	1514.0	2914.8	-0.000
GGATCT	1022.0	2014.9	-0.000
CAACAA	777.0	1561.0	-0.000
GCTAAA	644.0	1327.9	-0.000
CCATCG	201.0	465.2	-0.000
AAATTC	1521.0	2927.4	-0.000
ATCGAT	104.0	283.2	-0.000
TATAGC	570.0	1326.3	-0.000
CCTGGT	1551.0	3086.4	-0.000
TCGCAT	118.0	297.0	-0.000
ATGGCT	1431.0	2767.5	-0.000
GTAGAC	377.0	809.5	-0.000
AGTCGA	77.0	210.2	-0.000
TAGACA	841.0	1682.7	-0.000
CGGCAT	174.0	412.5	-0.000
CTTGTC	1487.0	2870.8	-0.000
AGGTTT	2416.0	4553.2	-0.000
TCCTGT	2166.0	4354.2	-0.000
CAAGGA	939.0	1897.5	-0.000
TAAGGG	599.0	1233.8	-0.000
GAGGGA	1175.0	2403.1	-0.000
AAATAT	2388.0	4507.7	-0.000
CTCGTA	81.0	220.7	-0.000
GAACTG	872.0	1743.7	-0.000
ACCTAT	614.0	1262.5	-0.000
CAAAAC	986.0	1955.2	-0.000
TACGTG	249.0	562.1	-0.000
TGGTAT	1426.0	2764.0	-0.000
TGCCAT	2045.0	3891.0	-0.000
TGATGA	1277.0	2491.4	-0.000
TCTGGA	1416.0	3573.6	-0.000
GGAGCA	848.0	1837.2	-0.000
TTTTCA	4196.0	9853.9	-0.000
ACCGTA	130.0	324.9	-0.000
AGTTCT	2214.0	4197.9	-0.000
GATCGC	175.0	417.3	-0.000
CTTCCC	2724.0	5119.9	-0.000
GGAAAG	1216.0	2383.1	-0.000
CCCAAC	812.0	1736.2	-0.000
TGAAAA	1886.0	3604.1	-0.000
TACCCT	761.0	1541.5	-0.000
ATATCA	868.0	1740.3	-0.000
TTTACG	229.0	527.0	-0.000
TGACCG	165.0	398.2	-0.000
TTACAA	1297.0	2533.3	-0.000
CTGCGC	586.0	1214.8	-0.000
TCGTCT	299.0	665.0	-0.000
AAGCTT	1186.0	2330.0	-0.000
CGTTGA	143.0	354.7	-0.000
TACTGT	1351.0	2765.0	-0.000
CAAAAG	1043.0	2070.9	-0.000
ACATGA	926.0	1854.3	-0.000
CTTACC	752.0	1528.9	-0.000
GCGGAC	140.0	349.1	-0.000
ATCGAC	54.0	164.7	-0.000
TCACTT	2051.0	4402.3	-0.000
AAAAGG	1209.0	2377.9	-0.000
AAGTTG	1104.0	2184.3	-0.000
AAGGTT	1054.0	2093.3	-0.000
CGAATG	119.0	305.8	-0.000
GGGAAA	1298.0	2541.3	-0.000
AACGTA	108.0	282.3	-0.000
GGATGA	628.0	1691.6	-0.000
TGATAA	1001.0	1994.5	-0.000
TATGCG	85.0	233.7	-0.000
GCGAAT	85.0	233.3	-0.000
ATATAG	795.0	1611.3	-0.000
ACTCTT	1921.0	3679.8	-0.000
GAACCG	98.0	261.6	-0.000
CGGAGC	344.0	757.7	-0.000
AAATGG	1407.0	2744.1	-0.000
TAATTC	1284.0	2518.2	-0.000
TAAGCT	751.0	1558.2	-0.000
AATTTT	7925.0	17006.2	-0.000
GGAATT	1467.0	2855.5	-0.000
CTAAAC	504.0	1064.7	-0.000
ATCCGG	117.0	302.5	-0.000
TTGGAT	1511.0	2936.8	-0.000
CCGATC	107.0	281.1	-0.000
CTTATG	855.0	1727.1	-0.000
ACTCGG	276.0	624.5	-0.000
GACTGT	926.0	1859.2	-0.000
TATATG	1375.0	2687.4	-0.000
GGAACC	544.0	1143.6	-0.000
TTCAGA	1649.0	3407.4	-0.000
ATAACA	783.0	1593.8	-0.000
TCAAGA	1052.0	2248.4	-0.000
CCCCTC	1873.0	3598.9	-0.000
CCCCGT	354.0	777.8	-0.000
ATTGGA	897.0	1805.8	-0.000
TGGGTG	1651.0	3405.5	-0.000
ATAAGT	784.0	1597.1	-0.000
GTTCAT	1315.0	2765.9	-0.000
AAACCT	1046.0	2136.4	-0.000
GCCCAT	839.0	1992.5	-0.000
CTATCA	764.0	1559.0	-0.000
GACATA	533.0	1124.0	-0.000
GGGAGA	1354.0	2652.4	-0.000
CCGTGT	618.0	1284.2	-0.000
GATACC	376.0	822.1	-0.000
AGAGGT	1021.0	2567.0	-0.000
GATCGA	101.0	270.2	-0.000
AAAGTT	1675.0	3241.0	-0.000
ATCCCT	1112.0	2208.2	-0.000
CCGCAT	157.0	388.6	-0.000
GTCGAA	55.0	169.5	-0.000
AAAAGT	1510.0	2940.8	-0.000
AATACC	634.0	1316.2	-0.000
TGGTCA	1227.0	2420.3	-0.000
TTAACG	164.0	403.3	-0.000
CAAAGT	2574.0	5981.2	-0.000
AACATA	982.0	1969.1	-0.000
AATTGA	1003.0	2007.2	-0.000
CACGGT	249.0	727.6	-0.000
ATAGTT	1437.0	2882.8	-0.000
AAGGTC	746.0	1529.2	-0.000
CCGCGA	113.0	297.7	-0.000
ATAAAA	1975.0	3793.3	-0.000
TTCTGA	2321.0	4424.8	-0.000
GACCTC	1930.0	4544.8	-0.000
TAGACT	558.0	1408.4	-0.000
ATTCGC	108.0	287.9	-0.000
CACTAG	490.0	1047.9	-0.000
GATGTT	1402.0	2749.1	-0.000
CGAGAT	278.0	634.7	-0.000
GCATTC	899.0	1818.7	-0.000
GGCATC	742.0	1525.7	-0.000
AAAGCC	901.0	1822.9	-0.000
TGAGCT	1647.0	3199.1	-0.000
TTAATA	1851.0	3573.1	-0.000
AATATA	1423.0	2789.8	-0.000
TTAGAT	1247.0	2464.0	-0.000
AAAAAC	1415.0	2774.2	-0.000
GTCCGC	162.0	407.7	-0.000
GTAGAA	817.0	1669.0	-0.000
GTTAAT	1159.0	2304.2	-0.000
GACGCG	130.0	336.5	-0.000
GCCATG	1514.0	2959.6	-0.000
CCACTT	1781.0	3448.2	-0.000
TAAATT	2616.0	4967.0	-0.000
CTAACG	83.0	235.7	-0.000
CGGGCG	417.0	995.2	-0.000
CTCATC	1174.0	2464.7	-0.000
ACCTTA	777.0	1594.2	-0.000
CGGACA	114.0	302.2	-0.000
CATGAG	1536.0	3002.0	-0.000
CCGTTT	431.0	936.4	-0.000
GTACGG	81.0	231.4	-0.000
TCTAAC	621.0	1514.3	-0.000
TCTAGA	991.0	1996.9	-0.000
GACGTC	138.0	354.8	-0.000
ATGGCG	530.0	1128.3	-0.000
CGCTCG	178.0	441.2	-0.000
GGTGCT	1048.0	2102.8	-0.000
ATCGGT	96.0	264.4	-0.000
TTACTC	1143.0	2277.2	-0.000
CCCAAT	687.0	1427.2	-0.000
AGGTGA	1664.0	3465.2	-0.000
GGATAC	379.0	837.2	-0.000
AAATAA	2367.0	4520.1	-0.000
CGAAAC	103.0	281.0	-0.000
TGTCCG	212.0	508.8	-0.000
ACGGTA	80.0	230.7	-0.000
CGGCTT	437.0	950.7	-0.000
CCCTAC	593.0	1250.0	-0.000
AATCGG	84.0	239.8	-0.000
CCAGAC	1001.0	2018.8	-0.000
ATAAAT	1983.0	3827.7	-0.000
ACCAAA	889.0	1810.9	-0.000
GTCTTC	1402.0	2762.4	-0.000
TGCTTC	1802.0	3737.9	-0.000
TGATCC	2351.0	4496.6	-0.000
CTAGAA	907.0	1843.9	-0.000
GGGCCC	922.0	1872.3	-0.000
ACTCAT	922.0	1872.4	-0.000
GTGTAA	855.0	1747.2	-0.000
GGGGCC	1012.0	2041.4	-0.000
ATCATT	1574.0	3081.0	-0.000
CGTTAC	122.0	322.9	-0.000
TTGTAA	1728.0	3363.2	-0.000
GAATCG	151.0	384.7	-0.000
TATCAT	1146.0	2290.7	-0.000
AACTCT	1264.0	2509.9	-0.000
AGTCCG	120.0	318.4	-0.000
ACGTGA	283.0	654.3	-0.000
CAAACC	611.0	1439.1	-0.000
ATTGGT	1200.0	2430.4	-0.000
TAAAGT	1398.0	2758.5	-0.000
CGACTG	116.0	311.0	-0.000
TCGCCA	415.0	912.2	-0.000
GCGGAT	165.0	414.3	-0.000
AGTACG	84.0	241.7	-0.000
ATGGAC	528.0	1131.5	-0.000
ACCGTG	595.0	1450.9	-0.000
TACCGT	127.0	335.9	-0.000
GCATAA	578.0	1336.7	-0.000
ATCGTG	233.0	554.3	-0.000
TCCCTG	1773.0	4491.4	-0.000
AGCGCG	169.0	423.7	-0.000
GGTGTT	1476.0	2904.2	-0.000
CAGTAC	555.0	1183.2	-0.000
CGTATT	231.0	551.4	-0.000
TGATCG	173.0	432.2	-0.000
TGGATG	1170.0	2340.0	-0.000
TTAGCC	1165.0	3001.2	-0.000
ACGCTT	188.0	464.8	-0.000
AGGAAT	1183.0	2367.0	-0.000
AGAATG	1262.0	2513.7	-0.000
GCCATA	493.0	1067.7	-0.000
TCGTAT	158.0	402.1	-0.000
AGACGA	214.0	518.9	-0.000
ATAAGC	540.0	1158.5	-0.000
CCGGAA	168.0	423.7	-0.000
AGACCC	696.0	1456.1	-0.000
TTGACT	1446.0	2856.1	-0.000
TTCACC	1614.0	5298.2	-0.000
ATGGGT	889.0	1821.7	-0.000
GGAAGG	1341.0	2663.2	-0.000
AACTGT	1130.0	2271.9	-0.000
CATCGG	121.0	324.4	-0.000
ATAGAA	990.0	2010.9	-0.000
GGACGC	213.0	517.9	-0.000
GTATTA	972.0	1976.3	-0.000
GCATAT	896.0	1835.0	-0.000
TTTGAA	2979.0	5837.2	-0.000
GACTTG	883.0	1810.7	-0.000
GAGATG	3267.0	6176.4	-0.000
TGTGTC	1727.0	4345.8	-0.000
CTACTA	646.0	1363.0	-0.000
TAGGAG	847.0	1743.5	-0.000
GTCCTC	1136.0	2284.3	-0.000
AACGAG	122.0	328.1	-0.000
TACGCA	101.0	282.2	-0.000
GACCCC	630.0	1333.9	-0.000
AAAGGA	1325.0	2636.1	-0.000
GCAAGG	665.0	1400.1	-0.000
TAAATC	880.0	1807.9	-0.000
GAAATC	817.0	1689.4	-0.000
AATAGG	619.0	1400.0	-0.000
AATAAA	2208.0	4260.4	-0.000
GAACCA	766.0	1593.3	-0.000
TTCCGT	310.0	714.5	-0.000
GGGCTT	1257.0	2514.0	-0.000
AATTAG	934.0	2239.5	-0.000
TATTGG	1028.0	2366.1	-0.000
AACAAG	749.0	1563.4	-0.000
TTACCT	1298.0	2590.5	-0.000
CTGCTA	936.0	2046.7	-0.000
TCCCCT	2006.0	3894.7	-0.000
TCTCTG	2931.0	7062.9	-0.000
TGTCTA	1113.0	2247.4	-0.000
CTTGTA	1176.0	2365.5	-0.000
GTTACT	918.0	1884.9	-0.000
AAGTTA	1000.0	2091.0	-0.000
TACGCG	19.0	90.3	-0.000
ATGGAA	1164.0	2345.5	-0.000
GGAGGC	1422.0	3812.3	-0.000
GTATCC	513.0	1114.2	-0.000
GGTTCC	891.0	1835.4	-0.000
ATAAGA	704.0	1480.6	-0.000
GAAGAC	650.0	1379.2	-0.000
TAACGT	155.0	402.9	-0.000
GGCAGC	977.0	2336.7	-0.000
TTAACC	811.0	1685.2	-0.000
ACGTTG	238.0	575.9	-0.000
TCTCGA	907.0	2298.1	-0.000
AACCAA	726.0	1524.5	-0.000
ACTGAC	585.0	1255.6	-0.000
ATTGCG	140.0	371.9	-0.000
AGTAAG	674.0	1426.5	-0.000
AAGAAG	1168.0	2356.6	-0.000
TTGGTG	1842.0	3602.6	-0.000
CACGAG	197.0	525.0	-0.000
GACTTC	1033.0	2104.2	-0.000
CGTTAG	115.0	317.7	-0.000
CATGAA	1086.0	2203.8	-0.000
ACGAGA	121.0	332.0	-0.000
TACGTC	98.0	280.8	-0.000
GTACTG	633.0	1349.5	-0.000
TAGATA	855.0	1771.2	-0.000
AGATCA	942.0	1935.2	-0.000
TGTATG	1482.0	3057.0	-0.000
GGTCCT	788.0	1644.0	-0.000
AGTTTG	1759.0	4251.9	-0.000
AATATC	841.0	1745.2	-0.000
TAGGAA	989.0	2025.7	-0.000
CGGTCA	135.0	362.3	-0.000
CTTTGA	1926.0	3762.0	-0.000
AGATAC	649.0	1383.2	-0.000
GATGCT	902.0	2033.9	-0.000
GAACCT	639.0	1394.8	-0.000
TCTCAA	2273.0	4397.2	-0.000
AAGATC	696.0	1473.2	-0.000
GATCAG	603.0	1295.2	-0.000
CGTAGA	99.0	285.0	-0.000
GCGGAA	115.0	319.1	-0.000
GGGCAT	779.0	1632.4	-0.000
GAACAC	563.0	1218.1	-0.000
CAACTG	703.0	1556.3	-0.000
TTAGGA	1176.0	2377.7	-0.000
CGTGCT	312.0	728.6	-0.000
AGATTG	997.0	2043.2	-0.000
TTCTCG	477.0	1053.9	-0.000
GATATA	735.0	1549.5	-0.000
GGTTAT	853.0	1773.1	-0.000
GAGAGA	1475.0	2934.2	-0.000
ACCAGA	734.0	1549.0	-0.000
TGCTTA	1235.0	2491.5	-0.000
GACTGA	722.0	1535.0	-0.000
CGGAAA	154.0	405.8	-0.000
TGTAGA	1514.0	3011.0	-0.000
AATAAT	1674.0	3304.8	-0.000
GCTGAC	688.0	1562.4	-0.000
AAAATC	1245.0	2509.8	-0.000
ACTTGA	1148.0	2329.2	-0.000
ACGTAT	158.0	414.5	-0.000
AAACCA	1018.0	2087.6	-0.000
CTACGT	154.0	406.8	-0.000
CCAGAG	1469.0	3132.9	-0.000
CGAGGA	180.0	537.5	-0.000
GAAGCC	888.0	1846.3	-0.000
CTATGC	627.0	1412.4	-0.000
ACTAGT	477.0	1058.6	-0.000
CGGGGC	617.0	1328.8	-0.000
GTCCAA	521.0	1188.8	-0.000
TATAGA	887.0	1845.6	-0.000
GTTAGT	787.0	1690.4	-0.000
AGCTTT	2289.0	4443.1	-0.000
GCACTC	715.0	1767.2	-0.000
ATGGCA	1194.0	2611.6	-0.000
GACGTT	144.0	388.0	-0.000
TCGGAG	191.0	537.9	-0.000
AAGAGT	969.0	2001.4	-0.000
ACCAAC	543.0	1190.7	-0.000
GGTTAC	597.0	1294.8	-0.000
AAGGAT	881.0	1836.0	-0.000
GTTCGC	123.0	343.8	-0.000
CACAGA	1153.0	2739.4	-0.000
GTGCTA	702.0	1556.0	-0.000
TGTAAG	959.0	1986.2	-0.000
TTCTAC	1216.0	2469.4	-0.000
TTTCCG	363.0	838.0	-0.000
GTCAGT	902.0	1878.4	-0.000
ACGTCA	167.0	438.9	-0.000
CGCTAG	86.0	261.5	-0.000
ATCAGA	913.0	1899.3	-0.000
GCGGGT	259.0	669.0	-0.000
AGTTAG	741.0	1574.0	-0.000
ACGAGC	101.0	295.9	-0.000
CGGTAA	65.0	213.7	-0.000
TTACCA	1091.0	2235.4	-0.000
AGGCAA	861.0	1801.6	-0.000
CATGTC	1126.0	2302.4	-0.000
TAGGTC	567.0	1239.1	-0.000
CATCGA	79.0	246.1	-0.000
AATGGA	1000.0	2066.4	-0.000
GAACGC	105.0	305.4	-0.000
GGTAGT	599.0	1304.5	-0.000
TAACAC	588.0	1282.9	-0.000
GCTATT	1322.0	2671.4	-0.000
CGTGGA	243.0	600.6	-0.000
AAATTT	3665.0	6966.4	-0.000
GAAACA	1120.0	2294.2	-0.000
GAATAA	894.0	1869.9	-0.000
AGCATA	700.0	1500.7	-0.000
TGGCGA	230.0	574.4	-0.000
TGCTTG	1553.0	3464.7	-0.000
ATGATG	1155.0	2363.0	-0.000
ACACCG	165.0	438.6	-0.000
TGAGTT	1817.0	3883.0	-0.000
GGTATC	527.0	1167.8	-0.000
TGAACA	1047.0	2162.4	-0.000
ATAAGG	615.0	1339.0	-0.000
AAGGTG	1020.0	2112.6	-0.000
AGGGCT	1174.0	2402.2	-0.000
TAAAAA	2775.0	5359.8	-0.000
CATCGC	161.0	431.6	-0.000
AAGCAC	739.0	1580.1	-0.000
ATCACC	925.0	1935.3	-0.000
GGAAAA	1434.0	2890.8	-0.000
CTTACA	849.0	1915.5	-0.000
AAAAGA	1726.0	3434.9	-0.000
AACCCC	803.0	1704.0	-0.000
AGCCGA	237.0	593.2	-0.000
CCGGCA	168.0	588.9	-0.000
CGGTAC	47.0	175.9	-0.000
AGCATT	1558.0	3124.6	-0.000
GGACGG	188.0	508.9	-0.000
ACTGTG	1923.0	3801.5	-0.000
GTGATA	707.0	1521.9	-0.000
TTGAGC	925.0	2474.7	-0.000
TACGAG	49.0	180.0	-0.000
TGGTTA	1230.0	2515.9	-0.000
TGCTAG	901.0	1894.7	-0.000
ATATCC	692.0	1496.3	-0.000
GTTCTC	1543.0	3101.2	-0.000
GGCCCC	1111.0	2294.7	-0.000
TGAATG	1319.0	2683.0	-0.000
GTTGAA	1049.0	2178.0	-0.000
AGCGTT	227.0	591.2	-0.000
GAACAA	666.0	1445.8	-0.000
GAAACT	1044.0	2271.6	-0.000
TCAGAT	1352.0	2747.1	-0.000
TCGAAG	86.0	269.5	-0.000
CATCTT	2061.0	4065.3	-0.000
GGCTGT	1307.0	3063.5	-0.000
ACCAGC	992.0	2381.3	-0.000
CAAATG	1253.0	2563.5	-0.000
GATTGG	725.0	1562.2	-0.000
CCTTAA	912.0	1920.9	-0.000
CCGCTT	338.0	805.2	-0.000
TTGGTA	1388.0	2818.5	-0.000
GAACTC	1940.0	3845.3	-0.000
GCTTGC	932.0	1960.1	-0.000
ATATGC	749.0	1610.6	-0.000
CTCATT	2039.0	4779.6	-0.000
CTATGG	536.0	1199.4	-0.000
CTACTC	818.0	1745.4	-0.000
ATCGGG	84.0	267.8	-0.000
GCGCTT	218.0	560.8	-0.000
ATAGAC	409.0	949.4	-0.000
ATCCGT	128.0	367.7	-0.000
ATGTGG	1215.0	2499.7	-0.000
GGTAAG	534.0	1196.2	-0.000
GATAAG	461.0	1052.8	-0.000
TATCGA	46.0	176.9	-0.000
TCATCG	160.0	438.0	-0.000
GGAGAT	964.0	2024.8	-0.000
CCATCT	2194.0	4324.0	-0.000
CTCTCA	1746.0	3798.5	-0.000
TGGCAG	1459.0	2959.5	-0.000
AACTTT	2370.0	4648.5	-0.000
GTGATG	1344.0	2750.0	-0.000
CTCAAA	2130.0	4206.4	-0.000
GAGCTC	1087.0	2261.4	-0.000
TGGATA	1055.0	2203.6	-0.000
CGGAGA	196.0	517.8	-0.000
AGTTGA	940.0	1983.7	-0.000
AGCCCG	293.0	718.5	-0.000
GCAGCA	1065.0	2405.6	-0.000
ATGGGG	1855.0	3701.0	-0.000
ACTGAT	935.0	1975.6	-0.000
TATCCG	62.0	218.2	-0.000
TAAGTC	612.0	1354.7	-0.000
GTAAAC	499.0	1133.8	-0.000
AACGGT	82.0	266.7	-0.000
GTAAAG	743.0	1611.7	-0.000
ATCCAA	665.0	1459.4	-0.000
CCATGG	1045.0	2188.3	-0.000
AATCAG	865.0	1844.6	-0.000
CACCGG	176.0	477.9	-0.000
ACCGTT	144.0	407.6	-0.000
TACTCG	148.0	416.7	-0.000
TTCGCG	59.0	212.4	-0.000
GTCGGT	95.0	297.8	-0.000
ATCTTC	1410.0	2962.8	-0.000
CCGAGA	303.0	743.1	-0.000
TAGTGA	860.0	1838.1	-0.000
TGGTAG	1045.0	2191.3	-0.000
CAGCAC	1037.0	2968.1	-0.000
AGCAAA	1091.0	2277.6	-0.000
TATGAA	1111.0	2318.8	-0.000
GGGGGC	976.0	2060.2	-0.000
CCAGGA	1647.0	4203.1	-0.000
CCCTAA	590.0	1317.6	-0.000
GCTAAT	3630.0	6972.5	-0.000
ATTGGG	779.0	1684.9	-0.000
GTTCCC	993.0	2095.6	-0.000
TGTAAT	1910.0	3815.1	-0.000
ATAATG	968.0	2046.7	-0.000
ACTTGC	777.0	1681.5	-0.000
GACCAA	454.0	1049.9	-0.000
GTCCGG	188.0	505.0	-0.000
GTAAGG	485.0	1112.9	-0.000
GCGAGA	207.0	546.6	-0.000
TCACCT	1586.0	3616.5	-0.000
TCTTCC	2881.0	5611.5	-0.000
AAACGC	106.0	326.4	-0.000
AGCTCC	1653.0	3542.1	-0.000
TCCAAA	1328.0	2733.6	-0.000
GAACTT	1043.0	2195.7	-0.000
CAACCC	656.0	1451.3	-0.000
GGCAAG	761.0	1654.2	-0.000
CCACGG	266.0	697.6	-0.000
CAATAA	754.0	1642.5	-0.000
TTGTGC	1326.0	2732.6	-0.000
AATAAG	811.0	1753.9	-0.000
AACGCT	118.0	355.3	-0.000
GTTAGG	619.0	1380.1	-0.000
CCAATC	511.0	1168.9	-0.000
CGCGAA	25.0	127.3	-0.000
GTGGTT	1568.0	3337.2	-0.000
GACTTT	1698.0	3432.8	-0.000
TCTGAT	1606.0	3261.8	-0.000
AATGGT	1248.0	2587.3	-0.000
GCCGCT	341.0	829.1	-0.000
AACCTG	972.0	2063.7	-0.000
GTTGGC	1340.0	3502.3	-0.000
TTCGTG	242.0	625.2	-0.000
CATAAG	486.0	1121.8	-0.000
TCCAGA	1397.0	2870.1	-0.000
AGGATT	1637.0	3320.9	-0.000
TCATGT	1587.0	3228.6	-0.000
TTGACA	1054.0	2223.3	-0.000
CATTGA	989.0	2099.3	-0.000
GCTTAT	875.0	1880.9	-0.000
TGCGGG	342.0	833.1	-0.000
CAGGTC	753.0	1735.4	-0.000
TCAACT	946.0	2018.5	-0.000
TGACCC	753.0	1646.3	-0.000
TTGACC	993.0	2109.6	-0.000
GCTTTA	1215.0	2532.2	-0.000
AAAGCA	1266.0	2628.4	-0.000
CGGTGA	187.0	510.6	-0.000
TCCGCG	131.0	391.9	-0.000
ATCTAC	554.0	1259.5	-0.000
AAGATG	1088.0	2291.7	-0.000
GCAATA	450.0	1200.6	-0.000
TACTTC	988.0	2102.9	-0.000
TGAGAG	1111.0	2586.5	-0.000
CTATAA	816.0	1772.6	-0.000
TCTGTA	1785.0	3605.6	-0.000
CTCGAT	195.0	1028.4	-0.000
CGCGCG	368.0	921.9	-0.000
TGGGCG	452.0	1058.5	-0.000
CTAATA	714.0	1576.0	-0.000
GCTCGT	172.0	480.9	-0.000
GGATAA	562.0	1388.0	-0.000
GATTCC	757.0	1719.8	-0.000
GGGAGG	2453.0	4851.6	-0.000
TTAAGG	964.0	2059.8	-0.000
GAACGT	119.0	363.1	-0.000
ACCCTG	1255.0	2615.0	-0.000
AAACAC	743.0	1943.7	-0.000
TGAGGG	1108.0	2337.9	-0.000
CTGACG	171.0	480.3	-0.000
GAAAAC	922.0	1983.0	-0.000
AAGGGT	697.0	1547.3	-0.000
CACAAA	1116.0	2352.9	-0.000
GGCCGA	317.0	788.7	-0.000
TTTACA	2199.0	4385.9	-0.000
ATGAGT	924.0	1987.3	-0.000
CTGTCC	1387.0	2868.8	-0.000
GGTGTC	884.0	1913.0	-0.000
CCCGCA	250.0	649.4	-0.000
TTCCCG	474.0	1109.5	-0.000
TGCGTT	311.0	786.0	-0.000
ATAATA	1286.0	2681.6	-0.000
ACCGCG	348.0	857.3	-0.000
TTGAAC	1745.0	3546.2	-0.000
CGGCCA	346.0	851.2	-0.000
CCTTAC	647.0	1454.0	-0.000
TCTCAT	2152.0	4304.4	-0.000
GGATGC	608.0	1375.0	-0.000
ATTCCG	129.0	389.5	-0.000
CTAGAC	382.0	925.1	-0.000
GAGCAA	720.0	1597.1	-0.000
ATTCGA	87.0	292.6	-0.000
GACGAG	167.0	475.4	-0.000
TTGCGT	266.0	686.5	-0.000
TCCACG	234.0	620.1	-0.000
GATCGG	67.0	244.5	-0.000
CATCTA	777.0	1710.8	-0.000
GGCTTT	1971.0	3972.3	-0.000
TTAATC	1106.0	2344.6	-0.000
CACGGA	184.0	513.6	-0.000
GAACAG	713.0	1585.9	-0.000
TATGCT	955.0	2055.9	-0.000
ATGCTT	1437.0	2972.7	-0.000
ATGTTG	3020.0	6329.0	-0.000
GGGCGT	264.0	684.5	-0.000
GATGAC	533.0	1233.5	-0.000
GGAGGT	1168.0	2464.7	-0.000
GAATTC	965.0	2076.3	-0.000
CTGAAA	1414.0	3017.1	-0.000
CTGAAT	1322.0	2759.1	-0.000
CGGCCG	376.0	917.2	-0.000
AACATC	759.0	1679.1	-0.000
GGGCAA	761.0	1683.8	-0.000
CGACCC	138.0	413.3	-0.000
GAAGAA	1234.0	2593.9	-0.000
AATTAA	1482.0	3063.4	-0.000
GTTGAG	814.0	2080.0	-0.000
AAGACA	1056.0	2253.0	-0.000
CAAGAA	902.0	2017.1	-0.000
ATTGAC	568.0	1305.2	-0.000
GGGCGG	692.0	1675.4	-0.000
TATGGT	843.0	1845.5	-0.000
TACACT	717.0	1600.2	-0.000
AAACAA	1565.0	3222.1	-0.000
CGGAGG	372.0	911.9	-0.000
AGATCC	613.0	1395.8	-0.000
TAAGGC	477.0	1125.9	-0.000
GTTGTA	878.0	1914.1	-0.000
TATCAG	880.0	1918.1	-0.000
AGCCAA	918.0	1992.3	-0.000
TCACGA	184.0	518.2	-0.000
ACAATG	834.0	1830.3	-0.000
AACATG	1063.0	2343.0	-0.000
TCTGCA	1420.0	3614.3	-0.000
CGAGCC	255.0	671.3	-0.000
GCAAAT	880.0	1923.0	-0.000
CGTTTC	387.0	946.3	-0.000
TCACGT	272.0	707.1	-0.000
TGCATG	1421.0	2957.3	-0.000
CCTGTG	1696.0	3933.4	-0.000
GGTGAA	828.0	1821.5	-0.000
CTGATT	1666.0	3420.7	-0.000
GTCGTT	158.0	463.8	-0.000
CAGCGC	322.0	814.4	-0.000
GATTGA	583.0	1342.8	-0.000
TGACAT	1012.0	2181.0	-0.000
ACACTT	1222.0	2582.2	-0.000
ACAAAG	1028.0	2210.4	-0.000
CTGATC	896.0	1959.0	-0.000
GCATAG	505.0	1187.1	-0.000
ACTTTC	1671.0	3435.3	-0.000
TCCGCA	150.0	446.7	-0.000
CCCTGA	1175.0	2495.7	-0.000
TGCATT	1751.0	4465.6	-0.000
CCGAAC	62.0	239.8	-0.000
GCGGGC	507.0	1194.5	-0.000
AATGAA	1322.0	2778.7	-0.000
TTTGCG	282.0	734.4	-0.000
TAGTCA	669.0	1517.0	-0.000
AGGGCG	253.0	672.5	-0.000
ATCAGT	940.0	2047.8	-0.000
TAGTCC	592.0	1366.5	-0.000
CCGACC	204.0	569.6	-0.000
TTACGC	84.0	295.2	-0.000
GCCTTG	1947.0	4016.0	-0.000
ATAAAG	974.0	2116.1	-0.000
TTCCTG	2895.0	6363.8	-0.000
TGGTCC	711.0	1604.9	-0.000
GACCGT	91.0	313.1	-0.000
TCATCA	1209.0	2570.7	-0.000
CTGTTA	1296.0	2735.7	-0.000
TACTGA	859.0	1896.3	-0.000
GTGACC	721.0	1625.2	-0.000
GACGCT	125.0	394.5	-0.000
GAAATA	1176.0	2507.2	-0.000
AGGTCC	520.0	1227.9	-0.000
GACCTG	726.0	1637.3	-0.000
CGCCCT	446.0	1077.6	-0.000
CCACTC	976.0	2474.5	-0.000
AAGACC	595.0	1378.5	-0.000
GTAAAA	1010.0	2191.6	-0.000
AACAAT	893.0	1965.8	-0.000
TTGTAG	1961.0	3997.1	-0.000
GAAAAT	1561.0	3243.6	-0.000
CGGGAA	192.0	546.5	-0.000
TAGACC	331.0	843.8	-0.000
GGACAC	566.0	1321.5	-0.000
ACCTTG	1300.0	2845.1	-0.000
AATCAC	812.0	1808.2	-0.000
AGGGAA	1190.0	2540.4	-0.000
CCCTGT	1649.0	3413.1	-0.000
TGTTAG	1078.0	3084.5	-0.000
CGAGGG	201.0	568.4	-0.000
GGGCGA	218.0	605.4	-0.000
CGTGAG	925.0	2030.3	-0.000
AATGCC	753.0	1693.7	-0.000
CCTTGC	986.0	2813.2	-0.000
GGTGAG	1100.0	2369.3	-0.000
CATAGA	672.0	1535.3	-0.000
GAAGGC	702.0	1595.0	-0.000
TGTGGG	1679.0	3472.0	-0.000
TGTATC	1026.0	2226.1	-0.000
TAAGGA	819.0	1826.9	-0.000
CCATGA	903.0	1989.5	-0.000
AGAACG	113.0	370.6	-0.000
ACCCTA	403.0	996.7	-0.000
CCTTGG	1766.0	4031.2	-0.000
CAAATT	1425.0	2995.7	-0.000
AAGCCC	770.0	1732.7	-0.000
TAGAAA	1374.0	2898.6	-0.000
ATCGCT	158.0	595.7	-0.000
TATGCA	831.0	1851.8	-0.000
CAAAGG	930.0	2047.0	-0.000
AGAGAA	1436.0	3016.9	-0.000
ATTGAG	1022.0	2225.9	-0.000
ATTTCA	2539.0	5122.1	-0.000
CAATGT	923.0	2033.0	-0.000
TTCACT	2510.0	5038.0	-0.000
CATCTC	1848.0	3801.9	-0.000
AAGGAA	1419.0	2988.3	-0.000
GTGCTT	1319.0	2797.9	-0.000
GCTAGT	589.0	1376.8	-0.000
AAAGTC	905.0	1999.0	-0.000
ATGACA	802.0	1798.2	-0.000
TTTCTC	4047.0	10294.8	-0.000
TACTAA	724.0	1645.2	-0.000
GAAAAG	1190.0	2554.0	-0.000
TTCTCA	2609.0	5226.5	-0.000
GCTGTC	950.0	2088.3	-0.000
TAGATC	455.0	1107.5	-0.000
ACTCAA	749.0	1695.3	-0.000
TAATAT	1507.0	3159.9	-0.000
GCTGAT	995.0	2177.7	-0.000
AGCATG	1001.0	2330.5	-0.000
ATATGG	740.0	1680.4	-0.000
AGAGGG	1132.0	2443.4	-0.000
CAGATA	862.0	1919.8	-0.000
AATGCG	94.0	330.9	-0.000
CAACGG	74.0	280.5	-0.000
GACAGC	649.0	1502.3	-0.000
GAGGAC	582.0	1368.5	-0.000
GATGAG	891.0	1979.3	-0.000
ATGTCA	1025.0	2241.4	-0.000
TTAGGC	592.0	1389.5	-0.000
GCGAGG	250.0	682.5	-0.000
CTGAAC	696.0	1598.7	-0.000
TGTGAG	1967.0	4205.2	-0.000
AACCCG	159.0	484.1	-0.000
CACATC	910.0	2019.7	-0.000
AAAGGG	944.0	2085.0	-0.000
GTTATC	600.0	1407.4	-0.000
GGTAAT	628.0	1463.1	-0.000
GGAAAC	788.0	1780.2	-0.000
TCGCAG	173.0	528.6	-0.000
TTACAC	631.0	1639.5	-0.000
TGTGCT	1820.0	3765.0	-0.000
TGCTCG	215.0	611.0	-0.000
ACTGTT	1526.0	3207.8	-0.000
CCGCGC	584.0	1588.7	-0.000
CGGAAC	63.0	255.6	-0.000
CCAATA	506.0	1220.4	-0.000
CTGTAT	1472.0	3108.5	-0.000
GAAGAG	1056.0	2306.2	-0.000
AGAATC	867.0	1939.9	-0.000
TTTCAA	2447.0	4945.7	-0.000
GAGAGT	788.0	1784.0	-0.000
TAATGA	982.0	2165.4	-0.000
CGCAGA	149.0	464.8	-0.000
ACCGAA	62.0	253.5	-0.000
GAGGAA	1185.0	2562.5	-0.000
CTAGTC	519.0	1249.6	-0.000
GAAAGA	1126.0	2448.8	-0.000
AAAATG	2100.0	4303.6	-0.000
CATTAT	1314.0	2917.8	-0.000
AGTATT	1555.0	3270.1	-0.000
AAGAAC	695.0	1604.3	-0.000
GTCCAC	528.0	1268.8	-0.000
GGCCTT	1307.0	2799.1	-0.000
CTGACA	835.0	1888.0	-0.000
ATGGAT	901.0	2019.3	-0.000
TGAGCA	1159.0	2522.8	-0.000
ATCAAA	768.0	1758.2	-0.000
CCCTTG	1119.0	2438.5	-0.000
GAATGA	876.0	1964.3	-0.000
GTAAGC	417.0	1046.1	-0.000
GAAGGA	1041.0	2286.8	-0.000
TTCCCC	2092.0	4292.2	-0.000
GAGTTA	637.0	1495.2	-0.000
AGAAAC	1043.0	2290.1	-0.000
GGTGGT	1264.0	2725.8	-0.000
AAGGCA	919.0	2055.1	-0.000
ATTAGA	879.0	1971.1	-0.000
CGAACA	55.0	239.5	-0.000
TAGGCC	418.0	1046.9	-0.000
ACGAGG	193.0	571.0	-0.000
GGGAGC	805.0	1899.2	0.000
AGCAGA	880.0	2374.7	0.000
CAGAGC	1255.0	2873.9	0.000
AGAGCT	1054.0	2434.2	0.000
GTGGGC	819.0	2032.5	0.000
TGGGCA	1455.0	3134.2	0.000
CAGCAG	1355.0	3403.0	0.000
AGCCAG	1259.0	3842.7	0.000
GCCAGT	753.0	2145.4	0.000
TGTCAG	1145.0	2898.7	0.000
TCAGCA	1293.0	2894.1	0.000
GTGAGG	950.0	2222.2	0.000
TGAGGA	1236.0	2810.1	0.000
GAGGGT	730.0	1832.5	0.000
AGGACG	115.0	534.9	0.000
GCCTTT	1966.0	4408.0	0.000
CCTTTC	2264.0	5526.1	0.000
TTCTGG	2372.0	4995.2	0.000
GGCCCT	880.0	2178.3	0.000
TGCCCT	1532.0	3407.7	0.000
GCCCTT	1003.0	2574.0	0.000
CCCTTT	2412.0	5137.9	0.000
CCTTTG	1922.0	4698.1	0.000
TGTCCT	1678.0	3845.1	0.000
GTCCTT	990.0	2906.3	0.000
TCCTTC	2774.0	6431.2	0.000
TCCCAT	1430.0	3234.6	0.000
GCAGAT	737.0	1848.9	0.000
TTAGTG	1066.0	2415.4	0.000
AGTGAG	1334.0	3263.9	0.000
GTGAGC	2258.0	4740.8	0.000
TGAGCG	145.0	618.2	0.000
GCGTGG	359.0	1021.9	0.000
CTCTGG	1722.0	4035.4	0.000
TCTGGT	1421.0	3275.0	0.000
TGGTAA	831.0	1998.6	0.000
GGTAAA	627.0	1501.3	0.000
GGACGT	101.0	397.5	0.000
CCGTTC	150.0	477.9	0.000
GTCTCT	2022.0	4671.5	0.000
TCCATT	1695.0	4272.4	0.000
CATTCC	1066.0	2520.0	0.000
ATTCCT	1694.0	3681.6	0.000
CCTTCA	1322.0	3085.4	0.000
CTTCAT	1634.0	3472.5	0.000
TTCATG	1679.0	3651.6	0.000
ATGTCT	1501.0	3258.1	0.000
GGGTGA	786.0	1849.9	0.000
CACCTT	1460.0	3355.1	0.000
CCTTTA	1482.0	3176.3	0.000
CTTTAG	1162.0	2776.4	0.000
TTTAGC	1141.0	2758.3	0.000
CTGGTC	2351.0	5059.0	0.000
GTGTCC	846.0	2218.5	0.000
TCCACT	1166.0	2823.2	0.000
GCATGG	752.0	2022.8	0.000
TGACCA	718.0	1925.6	0.000
AGGGCC	749.0	1723.3	0.000
CTGCTC	1480.0	3692.6	0.000
CAGACC	606.0	1512.9	0.000
GACCTT	965.0	2219.2	0.000
CTTGCA	997.0	2484.6	0.000
TGTGGA	1180.0	2715.3	0.000
AGCAAG	806.0	1927.3	0.000
GCAAGA	622.0	1582.3	0.000
CAAGAG	909.0	2084.0	0.000
AAGAGG	912.0	2122.6	0.000
GAGGCC	877.0	2492.7	0.000
TCTCCA	1957.0	4819.5	0.000
AAGTTC	1024.0	2284.4	0.000
AGTTCC	866.0	2222.8	0.000
TTCCCT	2389.0	5813.7	0.000
CCAAAG	2464.0	5656.7	0.000
CAAAGC	783.0	1817.4	0.000
TTTTCC	4904.0	10097.8	0.000
CGTTCC	171.0	565.3	0.000
TTGAAT	1896.0	3996.6	0.000
GTCTGC	734.0	2081.1	0.000
GCACTT	911.0	2908.0	0.000
GGCTTC	1109.0	2760.2	0.000
TCGAAC	515.0	1282.6	0.000
TCCTCT	2685.0	5784.5	0.000
TTGCAT	1536.0	4018.8	0.000
TGATAT	1142.0	2569.5	0.000
GATATT	1274.0	2763.3	0.000
ATATTC	1224.0	2659.1	0.000
TTCTAG	1536.0	3517.7	0.000
GAGCCA	2745.0	5668.7	0.000
ATGTTC	1030.0	2321.7	0.000
CATGTT	2486.0	6256.2	0.000
CTGTTC	1412.0	3715.7	0.000
TGTTCC	1351.0	3299.6	0.000
GTTCCT	1191.0	3111.9	0.000
TGCCTT	2670.0	5514.2	0.000
CTAATT	4094.0	8506.8	0.000
GCTGTT	1710.0	3738.2	0.000
GGTGAC	570.0	1606.9	0.000
TCTCTC	4076.0	8430.6	0.000
TCAATT	1160.0	3010.7	0.000
CAATTT	1850.0	4596.7	0.000
ACAAGA	600.0	1565.8	0.000
CTGGCC	2159.0	4931.3	0.000
TGGCCA	1861.0	5587.3	0.000
GGCCAA	691.0	2123.2	0.000
CGTGGT	348.0	1026.2	0.000
TGGTGG	1628.0	4201.4	0.000
GCCTAT	556.0	1544.5	0.000
CCTATA	459.0	1237.0	0.000
AGTCCC	901.0	2025.0	0.000
ATTTGG	1809.0	3833.4	0.000
CGCTTG	255.0	736.8	0.000
GAGCCC	785.0	2004.6	0.000
GAGTTT	2489.0	5535.4	0.000
AGGCCA	825.0	2558.2	0.000
CTTTCA	1998.0	4484.0	0.000
TGTCTG	1916.0	4569.3	0.000
TCTGAC	927.0	2139.8	0.000
GACATT	930.0	2233.7	0.000
ACATTC	954.0	2213.8	0.000
CATTCA	1435.0	3101.0	0.000
ATTCAG	1266.0	2819.2	0.000
GCCAGC	782.0	2341.4	0.000
TTTCTA	3031.0	6223.9	0.000
AATTTC	2024.0	4335.6	0.000
TCTGTG	2133.0	5556.8	0.000
CTGTGC	1788.0	3835.7	0.000
CCTGTA	1102.0	3131.0	0.000
TTAGAA	1196.0	2834.0	0.000
AGAAAA	2064.0	4444.4	0.000
TAGAAT	1115.0	2463.5	0.000
AATATT	2385.0	4990.6	0.000
CTCCAT	1682.0	3527.7	0.000
ATTCAC	785.0	2125.5	0.000
TTCACA	1470.0	3328.8	0.000
CAGGAC	622.0	1801.0	0.000
AGAGGA	1028.0	2488.8	0.000
AGGAAC	633.0	1551.4	0.000
GAACCC	449.0	1375.4	0.000
AACCCA	669.0	1821.5	0.000
CCAAGA	752.0	2049.6	0.000
GAGGAT	748.0	1867.0	0.000
GATGGC	649.0	1604.9	0.000
CCAGTT	1474.0	3180.4	0.000
CATTTG	2073.0	4681.9	0.000
GTTTGC	1403.0	3079.0	0.000
TTTGCA	1969.0	5146.8	0.000
TATGGA	668.0	1624.8	0.000
GGATTT	1668.0	4011.6	0.000
GAGCAT	706.0	1734.0	0.000
GCATTT	2270.0	5125.5	0.000
GATTTC	1509.0	3245.1	0.000
TCAAAA	1357.0	3127.1	0.000
GCGTTT	332.0	877.9	0.000
ACATTT	2823.0	6360.8	0.000
CTGAGG	1598.0	3902.4	0.000
CTTTGC	1547.0	4114.8	0.000
ATGACC	453.0	1278.7	0.000
CTGACC	1328.0	4368.3	0.000
ACATGG	857.0	2228.3	0.000
CATGGT	1041.0	2749.4	0.000
ATGGTC	701.0	2062.1	0.000
GGTCAG	972.0	2566.2	0.000
AGCTAC	723.0	1813.3	0.000
GCTACT	690.0	1958.0	0.000
TACTCA	768.0	1782.0	0.000
TCAGGA	1085.0	3126.0	0.000
AGGAGA	1213.0	3010.3	0.000
GGAGAA	1238.0	2854.8	0.000
GAGAAT	989.0	2239.6	0.000
AATCGC	106.0	391.7	0.000
TGAACC	764.0	1933.8	0.000
AGAGTT	1442.0	3219.7	0.000
GAGCCG	334.0	967.3	0.000
GAGATC	751.0	1826.0	0.000
GATCCC	512.0	1333.4	0.000
AAAGAG	1116.0	2540.2	0.000
AACACT	776.0	1905.3	0.000
CACTTT	2484.0	5563.2	0.000
ACTTTG	2113.0	4346.7	0.000
CTTTGG	1942.0	4755.4	0.000
CATTTC	2166.0	5171.8	0.000
TCATTA	1182.0	2805.9	0.000
GTTTCC	1709.0	4024.8	0.000
TTTCCC	2868.0	6414.4	0.000
TGTGGT	1683.0	4316.6	0.000
CATCTG	1378.0	3188.0	0.000
CGCTCC	339.0	946.9	0.000
CCTGAA	1079.0	2777.8	0.000
CTAGTT	944.0	2341.9	0.000
AGTTTC	2206.0	5105.1	0.000
TTGCAA	1228.0	2786.4	0.000
TCCCTT	2234.0	4897.7	0.000
GCCCCT	1135.0	2578.9	0.000
GGAAGC	813.0	1892.1	0.000
AGAGAG	1532.0	3245.1	0.000
ATGAAC	604.0	1524.7	0.000
AGGGAG	1245.0	2979.7	0.000
TGTGAA	1489.0	3246.9	0.000
GGCCTG	1257.0	3370.8	0.000
GCCTGT	1476.0	3964.7	0.000
ACACGG	196.0	618.7	0.000
CGTGTT	546.0	1346.0	0.000
GGACCC	476.0	1389.0	0.000
CAAAGA	943.0	2368.7	0.000
GAGAGG	1233.0	2706.2	0.000
CTGCTT	2404.0	5040.4	0.000
AACAAA	1330.0	3074.7	0.000
CAGGAA	1135.0	2767.6	0.000
CCAATT	843.0	2201.7	0.000
GCCAGA	759.0	2027.6	0.000
CAAGAC	517.0	1516.7	0.000
AGCGCT	189.0	632.5	0.000
CCCAAA	2661.0	6046.4	0.000
TTCCTC	2253.0	5851.4	0.000
GACCCA	552.0	1357.7	0.000
CCCATC	1212.0	2780.5	0.000
GTCTAT	590.0	1944.4	0.000
CTTCTC	1921.0	5152.7	0.000
TCAGTT	2133.0	4443.1	0.000
GGTTTC	2315.0	6695.7	0.000
TCCTTG	1611.0	3827.4	0.000
CCTTGT	1509.0	3410.5	0.000
CTTGTG	1474.0	3269.6	0.000
GAAGTT	1048.0	2553.6	0.000
GGAAGT	915.0	2062.0	0.000
ATAGCC	433.0	1117.4	0.000
CCTAAC	425.0	1123.8	0.000
CTAACA	627.0	1490.0	0.000
CCCCAA	1024.0	2303.2	0.000
AGAGAT	1902.0	4603.9	0.000
AGATGC	778.0	1788.6	0.000
AGTCAA	568.0	1419.4	0.000
GTCAAT	524.0	1303.0	0.000
ATCCAG	987.0	2229.4	0.000
GATCCA	897.0	2575.6	0.000
GAAACC	697.0	1768.8	0.000
AAGAGC	566.0	1601.3	0.000
GAGCAC	536.0	1389.0	0.000
AATTCC	971.0	2301.1	0.000
ATTCCC	901.0	2302.3	0.000
CCCATT	1468.0	3373.9	0.000
CCATTG	957.0	2563.4	0.000
GAGAAA	1365.0	3063.9	0.000
AGAAAG	1276.0	3060.7	0.000
AGATCT	833.0	2123.2	0.000
ATCTCT	1999.0	4217.6	0.000
TGTAAA	1504.0	3378.8	0.000
CTAAAA	1154.0	2602.9	0.000
AAAACA	1575.0	3608.7	0.000
ACAAAT	1094.0	2460.1	0.000
ATTGTG	1201.0	3159.8	0.000
GGGCCA	753.0	1796.4	0.000
GGCCAT	699.0	1823.8	0.000
TGAATT	1940.0	4132.1	0.000
GAATTT	2034.0	4578.5	0.000
AGGAAA	1460.0	3267.4	0.000
AAAAAT	3092.0	6502.4	0.000
AACCAG	726.0	1726.4	0.000
CCAGAA	1036.0	2527.1	0.000
CAGAAG	1047.0	2786.7	0.000
AGAAGG	949.0	2426.7	0.000
GAAGGT	663.0	1598.5	0.000
TTGTCA	1851.0	3919.5	0.000
GTCAGA	785.0	1824.5	0.000
TTTCCA	2383.0	6348.0	0.000
TTCCAC	1444.0	3131.7	0.000
ACCAGT	690.0	1731.8	0.000
TGATGG	1184.0	2897.7	0.000
GATGGT	1052.0	2978.4	0.000
ATGGTA	811.0	1963.2	0.000
TCACAA	759.0	1996.4	0.000
AGGACC	492.0	1290.9	0.000
CTTATC	612.0	1738.1	0.000
CCTTAT	984.0	2282.7	0.000
TCCTTA	1138.0	2700.0	0.000
TCACAT	1051.0	2843.7	0.000
AAAGTG	2681.0	6074.2	0.000
TGCTGA	1461.0	3499.7	0.000
TGCGGA	120.0	493.3	0.000
GAATTG	862.0	2082.2	0.000
TGTCAA	923.0	2084.6	0.000
GTGGTC	632.0	1807.0	0.000
CCTTCT	2573.0	5592.7	0.000
AGGTCT	1167.0	2591.5	0.000
ATCTGC	1048.0	3119.6	0.000
TCTGCT	1929.0	5346.4	0.000
CTGATG	1075.0	2595.5	0.000
TGATGT	1587.0	3408.8	0.000
GTAGAG	2056.0	6193.2	0.000
TCGTGA	324.0	1159.6	0.000
GTGAAT	930.0	2162.0	0.000
TGAGGT	1402.0	3216.1	0.000
GCCCTC	1050.0	2329.4	0.000
CAGAGA	1279.0	3117.2	0.000
GGCCGC	416.0	1125.6	0.000
GAGAAC	579.0	1519.1	0.000
TTATCC	1045.0	2308.6	0.000
TTTCAC	2657.0	7653.6	0.000
CAGTTT	2810.0	5988.9	0.000
ATGCTG	1335.0	3259.7	0.000
TGTCCA	1242.0	2878.8	0.000
GTCCAT	523.0	1544.1	0.000
ATCTGT	1508.0	3316.8	0.000
GTGGAT	856.0	1989.9	0.000
GGATGT	765.0	1766.8	0.000
GACCAT	489.0	1284.5	0.000
TCCACA	1023.0	2611.5	0.000
AGGAAG	1488.0	3162.4	0.000
GTTAGC	587.0	1837.2	0.000
TTAGCA	971.0	2298.2	0.000
ATTGCC	761.0	1974.1	0.000
TTGCCA	1515.0	3613.3	0.000
TGCCAG	1219.0	3077.3	0.000
GCAAAG	686.0	1821.9	0.000
GAAGCA	795.0	1932.5	0.000
AGCTCT	1566.0	3454.9	0.000
AAGTCA	921.0	2124.7	0.000
TCAACA	707.0	1770.4	0.000
ACCTGA	856.0	1951.0	0.000
CCTGAT	1004.0	2279.1	0.000
CCATTT	2308.0	5793.5	0.000
TTATGG	1014.0	2318.9	0.000
TATGGC	611.0	1460.7	0.000
CACATT	1337.0	3302.9	0.000
ATTGCT	1364.0	3412.4	0.000
TTGCTA	1188.0	2763.2	0.000
TGTCAT	1582.0	3340.7	0.000
TCATGA	967.0	2374.0	0.000
ATGAAG	904.0	2347.3	0.000
GCTTCT	1287.0	3529.5	0.000
CTTCTA	1232.0	2919.9	0.000
AAATCA	1073.0	2506.2	0.000
TGGATC	665.0	1730.9	0.000
AGATAA	891.0	2008.8	0.000
ATTAAG	755.0	1791.5	0.000
GAGGTT	1123.0	2891.2	0.000
GCTCTT	1899.0	4382.9	0.000
CCTCTC	2383.0	5200.4	0.000
TTCATC	1257.0	3190.7	0.000
CTCTAT	1088.0	2460.4	0.000
TCTATA	905.0	2107.5	0.000
TAATCC	983.0	2584.8	0.000
AATCCA	762.0	2006.9	0.000
CTCTCC	1925.0	4634.2	0.000
AAGGCC	468.0	1523.3	0.000
AGGCCT	983.0	2547.9	0.000
TTGGCC	2150.0	5761.2	0.000
TGGCCT	2585.0	5688.2	0.000
CCACAT	1179.0	2609.1	0.000
ACATCA	709.0	1848.0	0.000
AATCCC	924.0	2358.8	0.000
AAATCC	790.0	1822.6	0.000
AAAATA	2639.0	5431.0	0.000
AAATAC	1199.0	2748.6	0.000
GTCCCT	988.0	2290.0	0.000
CCCTTC	1468.0	3609.2	0.000
TTTCAG	2669.0	6001.3	0.000
AAACCC	735.0	1853.6	0.000
ACCCCT	845.0	2041.1	0.000
AAAGAA	1935.0	4031.2	0.000
AGAAGT	1091.0	2483.9	0.000
GAATCC	532.0	1324.5	0.000
TGAATC	751.0	1863.7	0.000
CTTATA	869.0	1979.4	0.000
TGACCT	1872.0	5409.6	0.000
TTCCAA	1501.0	3400.7	0.000
TATTAG	924.0	2244.6	0.000
GATAAT	783.0	1954.3	0.000
TGACTT	1743.0	3771.9	0.000
CTTCAC	1046.0	2489.7	0.000
ATTCTG	2011.0	4318.9	0.000
TTGGCA	1140.0	2653.1	0.000
ACCTGT	1099.0	2623.5	0.000
GAAGTC	685.0	1859.8	0.000
TGTTCA	1595.0	3539.8	0.000
CTCCTT	2144.0	5586.2	0.000
TCATTC	1674.0	3751.3	0.000
AACCCT	703.0	1667.4	0.000
ACCCTT	887.0	2002.6	0.000
TCCATG	1124.0	3067.4	0.000
CATGGA	768.0	1838.6	0.000
GAGCTT	924.0	2211.6	0.000
CTCTGA	1412.0	3641.4	0.000
AGGACA	822.0	1987.2	0.000
CCCTAT	429.0	1335.5	0.000
CCTATC	455.0	1219.0	0.000
TATCAC	670.0	1689.7	0.000
GGCCAC	746.0	1924.1	0.000
ATAGGA	554.0	1423.5	0.000
AGAATT	1417.0	3449.6	0.000
CAGAAT	1115.0	2649.7	0.000
AATTTG	2089.0	4417.1	0.000
AATGTC	894.0	2204.6	0.000
ATGTCC	747.0	2030.2	0.000
TAAACA	1006.0	2344.7	0.000
ACAAAA	1560.0	3462.5	0.000
AAGAAA	1994.0	4348.5	0.000
GCTGCT	1533.0	3641.6	0.000
CTCTTC	1931.0	4871.2	0.000
CAGCAA	990.0	2216.2	0.000
GTATCA	587.0	1415.3	0.000
ATCAGG	604.0	1584.2	0.000
AGATGA	1123.0	2489.3	0.000
ATGAGG	871.0	2075.8	0.000
ATACAA	885.0	2102.2	0.000
ATTCCA	1109.0	2769.0	0.000
AGACCA	782.0	2147.6	0.000
GGACAT	501.0	1580.4	0.000
TTCCAT	1719.0	4621.3	0.000
TTTGCC	2273.0	5246.2	0.000
GCCCTA	390.0	1098.8	0.000
CCTATT	898.0	2362.7	0.000
AGAGCC	758.0	1988.4	0.000
CCCTCT	1821.0	4244.5	0.000
AAGTCC	573.0	1654.8	0.000
CTATTA	947.0	2110.7	0.000
ATTAGT	874.0	2027.3	0.000
GCAGAA	758.0	2337.8	0.000
TATGAC	448.0	1170.5	0.000
ATGACT	881.0	1982.5	0.000
GTTTCA	2702.0	6996.9	0.000
TTAGTC	784.0	1894.6	0.000
TTTGGC	1524.0	3778.0	0.000
CAAGAT	707.0	1831.6	0.000
ATGGCC	748.0	1747.7	0.000
GGTTGC	691.0	1793.2	0.000
AGCCCT	990.0	2625.3	0.000
GTGGAC	380.0	1132.9	0.000
TGGACA	852.0	2022.0	0.000
GACATC	422.0	1105.0	0.000
ACATCT	1040.0	2323.4	0.000
TCAGGG	1160.0	2578.7	0.000
TCTAGT	939.0	2234.4	0.000
TTGATG	1319.0	3039.1	0.000
GTCAGG	1067.0	2794.2	0.000
AGCACT	964.0	2823.5	0.000
GATCTG	966.0	2645.3	0.000
CTACTT	1000.0	2728.3	0.000
TGGAAG	1142.0	2625.8	0.000
AAGGAC	619.0	1468.6	0.000
GACACT	609.0	1479.4	0.000
TTCCAG	2072.0	4514.8	0.000
GCTTTC	1496.0	3494.3	0.000
CAGAAA	1296.0	3158.7	0.000
TGAAGA	1162.0	2664.8	0.000
CTCTAC	952.0	2182.0	0.000
TGGTGA	1326.0	3160.1	0.000
AAGGGC	501.0	1458.6	0.000
GAGGTC	623.0	1931.2	0.000
CTTGAT	1259.0	2733.9	0.000
ACGGTG	192.0	673.9	0.000
AATGAG	911.0	2168.6	0.000
CCTGTT	1695.0	3949.4	0.000
GGTGAT	1480.0	3174.9	0.000
ATCCAC	1017.0	2791.2	0.000
CTTTAC	1121.0	2475.6	0.000
AATTCA	1171.0	2680.8	0.000
ATGCAT	997.0	2232.9	0.000
AGAAAT	1671.0	3673.1	0.000
TCCTAT	814.0	2174.4	0.000
TTGATC	865.0	2384.7	0.000
CATTGT	1504.0	3404.0	0.000
GGCAAT	502.0	1332.9	0.000
CAATAT	806.0	1973.5	0.000
CCCCAT	1115.0	2602.3	0.000
TCTCTA	1392.0	3672.2	0.000
GGTATT	1019.0	2303.9	0.000
ATTTCC	1740.0	4399.0	0.000
GTCAAA	594.0	1483.5	0.000
TTAGTA	1743.0	6133.5	0.000
ACAGAA	1113.0	2699.5	0.000
CCATAT	856.0	2036.8	0.000
CATATT	1584.0	3403.0	0.000
ATATTG	1186.0	2771.1	0.000
AGAACC	548.0	1324.8	0.000
TACATC	506.0	1333.5	0.000
TCCATA	649.0	1783.7	0.000
ATCAAT	716.0	1703.0	0.000
CTTTCC	2554.0	5966.9	0.000
TTCCTA	1325.0	3154.7	0.000
CCCCTT	1501.0	3281.9	0.000
GGCCAG	1650.0	4910.2	0.000
ACCGCT	106.0	412.8	0.000
AAACAT	1287.0	2774.7	0.000
GCTTAG	669.0	1576.6	0.000
CTTAGG	768.0	1852.0	0.000
ACTGAG	1044.0	2320.0	0.000
TTCAAT	1260.0	2876.5	0.000
TCAGAG	1245.0	2822.7	0.000
TGCTAA	769.0	1854.9	0.000
CAAATC	658.0	1585.5	0.000
GATCCG	224.0	1051.2	0.000
CGTGAC	152.0	533.1	0.000
CTCTAA	808.0	2101.0	0.000
ACTTAG	704.0	1642.6	0.000
AGATAT	989.0	2233.9	0.000
GCCAAT	460.0	1369.7	0.000
ATGGTG	1246.0	3423.9	0.000
TATTCC	1019.0	2577.9	0.000
CATCAA	597.0	1521.8	0.000
TGAAGG	876.0	2211.8	0.000
GAAGGG	929.0	2176.0	0.000
TGGCAA	931.0	2093.1	0.000
TTTACC	1272.0	2807.9	0.000
AAACAG	1177.0	2624.5	0.000
GCCGCG	371.0	953.5	0.000
GTTGAC	484.0	1291.1	0.000
ACGGCC	131.0	432.1	0.000
ATTTGC	1499.0	3777.4	0.000
TCTATG	633.0	2016.7	0.000
TCTACA	845.0	1997.1	0.000
TCAGAA	1150.0	2630.1	0.000
GAATCA	641.0	1635.4	0.000
AGGTCA	779.0	2243.8	0.000
GATGAA	743.0	1809.4	0.000
GTAGTA	553.0	1369.2	0.000
TAGTAT	958.0	2237.4	0.000
GTATTC	780.0	1782.1	0.000
TAGCCA	803.0	2726.2	0.000
TTATCA	1119.0	2881.1	0.000
TATCAA	654.0	1713.4	0.000
AAATGC	1119.0	2588.4	0.000
TATCCA	720.0	1993.9	0.000
TCTTCA	1789.0	3976.7	0.000
TTGTGG	1405.0	3686.1	0.000
GATGCA	600.0	1580.9	0.000
CAAAAA	1717.0	3911.0	0.000
GTGTTA	1122.0	2528.3	0.000
CTCGAA	533.0	1465.2	0.000
CACTTG	1161.0	2794.7	0.000
ACTTGG	1087.0	2422.8	0.000
TCCAAT	718.0	1889.3	0.000
GAAAGC	716.0	1666.1	0.000
GAACGG	58.0	276.0	0.000
CCTATG	613.0	1505.1	0.000
CTATGA	601.0	1474.0	0.000
GAACAT	807.0	1932.5	0.000
ATAAAC	736.0	1780.8	0.000
TACAAA	1229.0	2758.8	0.000
CCCTTA	648.0	1578.7	0.000
AGAAGA	1164.0	2626.1	0.000
CGAGGT	247.0	752.0	0.000
CATATC	582.0	1414.4	0.000
GATGTC	565.0	1418.7	0.000
CTATTG	762.0	2111.3	0.000
GGATAT	796.0	1868.6	0.000
TAACAA	734.0	1739.9	0.000
TCAAAG	1033.0	2495.9	0.000
CAATTG	544.0	1334.1	0.000
AATTGC	771.0	1937.5	0.000
TATGTC	836.0	1925.9	0.000
TGCATA	977.0	2276.5	0.000
AACAGA	925.0	2301.7	0.000
GTTCCA	921.0	2319.1	0.000
GTATAG	536.0	1316.9	0.000
AACAGC	627.0	1580.5	0.000
CCAATG	505.0	1343.9	0.000
CAATGA	650.0	1578.6	0.000
ACAATA	669.0	1590.8	0.000
ATTGAA	1023.0	2287.8	0.000
CAGAAC	616.0	1618.8	0.000
TAGAAG	729.0	1833.0	0.000
GTTGAT	859.0	2148.7	0.000
GGGTAA	478.0	1195.3	0.000
GACCCT	651.0	1735.6	0.000
CACTTA	868.0	2168.9	0.000
TATAAA	1577.0	3344.9	0.000
ACCAAT	500.0	1234.5	0.000
TCATCT	1627.0	3828.9	0.000
GATATG	565.0	1485.5	0.000
CTTAGA	705.0	1753.3	0.000
CAATAC	365.0	994.9	0.000
AGAACA	785.0	2207.0	0.000
CAGATC	593.0	1501.2	0.000
GTGAAA	1055.0	2401.2	0.000
CCTAGA	582.0	1491.6	0.000
GGTCCC	543.0	1602.2	0.000
CCTCTA	797.0	2096.6	0.000
CATGAC	505.0	1398.1	0.000
TCTACT	1135.0	2656.7	0.000
TGGCCG	341.0	902.1	0.000
GGCAAA	688.0	1643.5	0.000
GCGTTA	79.0	371.1	0.000
TAGGGC	384.0	1066.3	0.000
TCTGCG	147.0	788.4	0.000
GACAAT	440.0	1177.8	0.000
TGACAA	668.0	1648.5	0.000
AGGATA	641.0	1512.1	0.000
TCGGGA	200.0	607.8	0.000
TCAATA	748.0	1739.0	0.000
ATGCGG	106.0	396.7	0.000
TGGACG	117.0	408.0	0.000
CCAAAC	679.0	1650.4	0.000
AGTTCG	148.0	497.7	0.000
CATAAA	955.0	2180.6	0.000
GCACGG	205.0	605.8	0.000
CAATAG	459.0	1140.5	0.000
TCGGTG	145.0	511.4	0.000
AAATCG	81.0	327.4	0.000
AGATCG	125.0	458.7	0.000
CGAGAG	121.0	477.6	0.000
