OligoSequence	Target Occurences	Background Occurences	Enrichment(ln p, up to 2 mismatches)
TGCATG	4594.0	7399.2	-3440.250
GCATGC	2615.0	5223.2	-1813.244
GCATGT	2240.0	5861.2	-1183.960
CGCATG	822.0	1844.7	-836.235
CTGCAT	2002.0	6511.5	-800.140
ATGCAT	1270.0	3507.2	-671.955
TGCACG	464.0	2747.4	-577.215
TTGCAT	1221.0	3813.6	-544.976
GCATGG	1832.0	7340.7	-521.906
GCATGA	978.0	4514.6	-506.759
TGCATA	221.0	2803.8	-498.794
CATGCA	1419.0	5401.3	-456.063
ACGCAT	360.0	830.7	-444.532
AGCATG	1389.0	5362.4	-436.490
GTGCAT	1294.0	5198.2	-429.013
TGAATG	491.0	4750.1	-417.186
CATGCG	393.0	1941.6	-378.471
GCACGC	392.0	2765.5	-351.233
GCATAC	91.0	1303.9	-337.999
TGCATC	445.0	4087.5	-327.591
TGCATT	530.0	4699.2	-308.400
TGGATG	572.0	6489.8	-306.708
TGCTTG	791.0	6699.9	-305.301
TACATG	216.0	2708.9	-291.797
GCTGTG	2604.0	15190.9	-277.219
ACACGC	562.0	1702.5	-273.635
CACGCA	656.0	2228.7	-269.118
GTATGC	197.0	1668.1	-266.912
TGCGTG	772.0	4795.3	-252.933
GGCATG	867.0	8307.9	-250.417
CCGCAT	457.0	1308.1	-242.861
TCCATG	418.0	5586.5	-242.127
TGCAAG	499.0	4398.7	-234.080
TTCATG	331.0	3977.5	-233.662
ATGCGT	230.0	1142.3	-231.311
GCGTGC	428.0	3610.0	-215.464
CTAACC	478.0	1548.7	-213.784
CATGCT	1089.0	5388.3	-207.139
TAGCAT	296.0	2003.6	-201.476
CACACG	637.0	2529.9	-200.519
CATGTG	1495.0	8332.2	-198.705
TCGCAT	121.0	612.6	-198.108
CGTGCA	431.0	2651.8	-197.012
GCATTC	310.0	2998.1	-195.435
GAATGC	296.0	2985.1	-192.847
TATGCA	339.0	2453.2	-185.444
GCTTGC	499.0	4307.8	-184.414
CATGGG	1387.0	7750.5	-183.966
ACGCGT	263.0	620.9	-179.194
AAGCAT	496.0	2941.2	-178.897
GGCTGT	1832.0	11164.8	-176.244
GAGCAT	751.0	3447.1	-174.982
TGCTGT	1732.0	10525.6	-169.665
TGTATG	488.0	4368.4	-163.463
ACCCGC	592.0	2544.7	-160.289
TGCCTG	1844.0	15908.3	-159.552
ACATGC	432.0	4064.1	-159.156
CTGTGC	1901.0	12028.3	-157.891
CATGTA	304.0	3099.9	-154.172
CATGCC	928.0	7179.2	-150.093
TGTGCT	1503.0	9142.6	-148.951
GCGCAT	306.0	1576.6	-142.755
GCACGT	408.0	2397.8	-138.588
TGCGGG	982.0	5435.1	-138.163
CTTGCA	547.0	4626.8	-134.125
ACGCTA	31.0	431.6	-131.091
GGTGGG	3047.0	21855.3	-130.044
ATGCTT	404.0	3492.6	-127.937
GGATGT	438.0	4748.0	-125.770
CACGCT	487.0	2199.1	-120.182
TTGCGT	110.0	1058.9	-118.429
CGCACG	205.0	1683.9	-117.404
TAACCC	413.0	1774.2	-114.069
GGGTGG	2711.0	19586.9	-113.991
CCTGCA	1644.0	10913.4	-113.643
TCTAAC	380.0	1588.9	-111.605
ACTCTA	389.0	1648.3	-110.562
CCCTGC	2235.0	15845.9	-107.798
TACACA	519.0	2528.2	-107.273
ACGCAC	353.0	1452.9	-107.009
GTGCTG	2090.0	14717.3	-105.616
TGTGCA	1402.0	9183.7	-104.903
CATGTC	751.0	4216.5	-103.588
GGATGC	493.0	5076.7	-102.086
TACGCA	81.0	546.3	-101.758
TGGGTG	2165.0	15492.7	-99.605
GCATAT	174.0	1839.8	-99.290
GCATCC	512.0	4458.4	-98.238
CTGCGT	463.0	3391.1	-97.232
TGCAGG	1191.0	12548.5	-96.858
GCGTGG	589.0	5755.6	-96.638
GAATGT	379.0	3638.0	-96.576
CGGCAT	115.0	1262.0	-96.228
GCAAGC	376.0	3321.0	-94.242
CCCGCA	584.0	3164.3	-93.760
CGCACT	321.0	1351.8	-93.321
GCCTGT	1010.0	11298.6	-92.445
GCAAGT	326.0	2915.2	-91.679
ATGCAC	563.0	3434.6	-91.358
CTACAC	404.0	1923.7	-89.841
TGGCTG	2094.0	15205.1	-89.487
GGGGGG	1680.0	11808.1	-88.446
GCATTT	404.0	4735.1	-88.391
AACGCA	134.0	834.1	-87.198
CGTGCT	334.0	2782.7	-86.430
CATGTT	713.0	5496.8	-86.370
GGGGAG	2329.0	17308.8	-85.272
GCCTGC	1489.0	11888.1	-84.789
CCGCTA	237.0	899.7	-84.454
GTGGGT	1474.0	10239.9	-83.576
TAACCG	47.0	388.0	-82.353
TAACTG	451.0	2325.9	-81.476
GCACGG	337.0	2964.3	-80.306
CACGCG	317.0	1595.4	-79.788
CGTATG	59.0	714.4	-79.077
GCATCT	554.0	4771.7	-79.024
GCTTGT	456.0	4412.5	-78.520
ATGCCT	795.0	6117.6	-78.279
GCTACA	427.0	2192.8	-78.110
CCACAC	668.0	5945.2	-77.923
CCGTGC	433.0	3363.6	-77.065
CTGCTT	999.0	8238.4	-75.620
CCATGC	477.0	6375.9	-75.084
GTGCTT	563.0	5180.6	-73.999
CTGCGG	928.0	6049.0	-73.699
TATGCT	170.0	2189.8	-73.333
CTCTAA	451.0	2419.4	-73.218
TACCCG	232.0	945.3	-72.774
TCTTAC	382.0	1949.9	-71.983
GCATCG	138.0	1244.6	-71.170
TTTGCA	818.0	5350.1	-70.803
CGCATA	52.0	426.0	-70.190
GTGGGG	2748.0	21452.7	-69.916
GCATAG	136.0	1974.2	-69.915
ACACAC	882.0	7091.4	-69.454
GGGTAG	412.0	3947.5	-68.349
CCCCAC	1447.0	10455.4	-67.041
CGCTAC	206.0	833.0	-66.144
CGTGGG	727.0	5864.9	-66.078
GGCCGT	526.0	3075.3	-65.443
TGTGGG	2056.0	15678.6	-64.988
ATGGGT	701.0	4445.5	-63.802
CGCGTG	348.0	2311.8	-63.200
ACTCGC	110.0	1175.5	-62.740
CGCATC	263.0	1227.3	-62.180
AACTGT	503.0	2948.8	-62.005
CGCTGT	334.0	2910.0	-61.780
CTACAT	145.0	1906.1	-61.660
ACGCGC	150.0	1462.1	-61.261
GGGCTG	2708.0	21484.6	-61.013
GTAACT	359.0	1909.0	-60.944
CCCCCC	966.0	6633.4	-60.655
GTCTTA	360.0	1922.8	-60.349
GCTGTT	868.0	5991.6	-60.239
ACTTGC	494.0	2915.8	-59.882
TGCGAT	236.0	1069.5	-59.873
GTGCAC	836.0	5599.5	-59.807
CTGAAT	386.0	3407.4	-59.299
CTAAAC	227.0	1353.9	-59.092
CCGTGG	708.0	4587.8	-58.930
TCATGC	305.0	4250.9	-58.791
ATGGAT	286.0	2978.5	-58.731
CAGCAT	793.0	5524.7	-57.348
CTGTTG	925.0	6391.2	-56.795
TTTAAC	372.0	2052.1	-56.448
AACCCG	309.0	1608.4	-55.960
CTTACT	426.0	2462.7	-55.940
GCCGTG	629.0	4058.2	-54.073
ATGCGG	154.0	1600.3	-53.914
AATGCA	562.0	3536.6	-53.401
GCTGTC	697.0	6912.1	-53.093
GATGCA	423.0	3643.9	-52.457
ACTGTC	541.0	3399.3	-52.173
GGTTAG	375.0	2144.1	-51.203
CTGTTC	608.0	5833.0	-50.981
TGGGGG	2254.0	20955.0	-50.862
ATGAAT	302.0	3179.4	-50.843
CCTGCG	783.0	5364.5	-50.839
TGGGGC	2012.0	15850.0	-50.683
CCTGCT	1563.0	13582.6	-50.379
TACCCC	327.0	2466.1	-50.323
GTACAC	199.0	1604.9	-50.161
CATGGA	600.0	4965.5	-49.732
ATGTCG	201.0	926.2	-49.712
GAGTAA	327.0	1809.5	-49.640
ATGTAT	277.0	3073.5	-49.320
TCTGCA	1108.0	8580.0	-49.062
AGTAAG	348.0	1974.9	-48.767
CGCATT	102.0	819.1	-48.375
ACTAAC	196.0	1013.6	-48.368
AGCATA	224.0	1641.4	-48.308
CTACCC	448.0	3020.4	-48.222
AGCACG	248.0	1816.6	-47.935
TGTCGG	304.0	1795.6	-47.774
CACGCC	379.0	4422.6	-47.259
CATGAG	574.0	5157.4	-47.245
CATACT	150.0	1608.2	-47.179
CCCGCT	584.0	3831.0	-47.126
ACCCCC	720.0	5920.4	-46.876
TAACGC	45.0	436.4	-46.700
CCACGC	559.0	3642.2	-46.680
CTGTAT	356.0	3124.6	-46.586
CGATGT	184.0	844.0	-45.833
CGAATG	69.0	742.9	-45.758
ACGCTG	425.0	2608.8	-45.661
ATGTTT	651.0	4403.4	-45.537
AGGCCG	640.0	4317.9	-45.419
CCCTAC	318.0	3019.3	-44.886
GTCGGT	122.0	1092.1	-44.875
AAGGTG	803.0	5672.3	-44.731
ATTGCA	502.0	3223.2	-44.609
CACTCG	136.0	1410.5	-44.506
GTTGGC	669.0	4577.9	-44.438
CCCTAA	398.0	2417.2	-44.400
ACGCTT	163.0	936.1	-44.088
TTGAAT	328.0	2968.5	-43.951
AGAGTA	332.0	1923.6	-43.951
GCTACC	384.0	2322.3	-43.755
ATACAT	155.0	2095.1	-43.663
CTATCC	157.0	1783.0	-43.358
ACGCAA	60.0	573.0	-42.993
TTTAAA	677.0	5517.8	-42.918
GGCTGC	1908.0	15276.7	-42.909
ATCGGT	54.0	522.4	-42.849
CACGTG	554.0	4234.7	-42.149
TACACG	50.0	769.0	-42.130
CATGGT	597.0	6595.7	-42.049
TAGGAG	551.0	3669.8	-41.812
GATGTG	513.0	6096.1	-41.780
GGGGCG	958.0	11071.1	-41.499
GGGCGG	1057.0	11830.4	-41.339
GGTTGG	664.0	6605.2	-41.011
TCGGTG	285.0	2078.0	-40.663
CACACA	871.0	9052.7	-40.652
ACACTC	318.0	2835.6	-40.524
CACACT	501.0	4611.9	-40.370
GTCGGG	489.0	3203.9	-40.256
AGCGTG	237.0	2689.6	-39.990
GGCTAC	389.0	2416.5	-39.930
GTATGG	316.0	2493.8	-39.746
ACCTGC	1041.0	7827.3	-39.558
ATGTGG	954.0	7092.8	-39.517
AGCATT	273.0	3344.0	-39.154
TTTTCA	681.0	4803.8	-38.991
GAGGCC	1346.0	10499.0	-38.968
CAAGCA	439.0	4016.0	-38.756
GTCCAT	360.0	2901.7	-38.709
TGTTGT	746.0	5349.6	-38.672
CTGTCC	1147.0	8780.2	-38.475
CTCGGT	317.0	1885.4	-38.366
TTGGCT	919.0	6822.2	-38.309
CTTGCT	736.0	7084.2	-37.902
GCTTTG	642.0	6177.8	-37.793
TGCGTT	160.0	1407.5	-37.678
ATGCCG	179.0	1171.2	-37.659
TAACTA	145.0	1147.2	-37.617
TCGGGG	629.0	4412.0	-37.276
GCACTC	635.0	4467.6	-36.860
CGCTTG	194.0	2142.7	-36.819
TGGCGG	723.0	5205.2	-36.808
GGTAAC	277.0	1609.9	-36.804
CGTAAA	78.0	436.6	-36.655
CACGTA	106.0	848.0	-36.607
GGGCTA	447.0	2939.6	-36.341
GGGAGC	1376.0	10863.4	-36.243
TTAAAT	421.0	3246.2	-36.130
CGGGCT	635.0	4486.9	-36.083
CTTAAT	206.0	2038.2	-35.712
GGTAGG	471.0	4403.1	-35.660
TTAACG	74.0	514.4	-35.529
TGGTTG	481.0	4813.7	-35.407
GGACGG	488.0	3298.5	-35.141
CCTGTG	1386.0	14179.6	-34.990
TGCGCG	172.0	2594.2	-34.904
ATTGAC	234.0	1313.4	-34.801
ACGCCT	313.0	2748.2	-34.757
ACCCGT	125.0	1174.6	-34.676
TACCAC	306.0	1867.5	-34.352
ACACGT	159.0	1560.7	-34.331
TGCTTT	734.0	6877.7	-34.217
CCCCGC	877.0	7326.8	-34.177
AAGTAA	333.0	2081.7	-34.101
GCTGCT	1837.0	15051.1	-34.078
GTTGGG	877.0	7673.0	-33.997
TGCTCG	319.0	1969.8	-33.989
ACTGCA	690.0	8350.8	-33.759
GGATGG	819.0	8795.6	-33.649
GTCCGT	157.0	1372.5	-33.137
CCCCCA	1320.0	10502.1	-33.068
ATGTCT	510.0	3876.4	-33.019
ACTGAA	472.0	3215.6	-32.914
CTGTGT	1605.0	13047.9	-32.756
TACTGT	254.0	2955.5	-32.674
TGACCC	683.0	4988.3	-32.584
CATACG	31.0	489.7	-32.561
AATTAA	382.0	2497.5	-32.538
CTGCTG	2398.0	20195.9	-32.435
TAACGA	90.0	349.2	-32.386
GTCTGC	763.0	6523.6	-32.240
GTAGGG	446.0	4015.3	-32.237
TGGGGA	1795.0	14774.5	-32.207
TGTCTT	835.0	6297.5	-32.081
ACTTAC	150.0	1488.9	-32.067
TACTCC	330.0	2092.0	-32.002
GGCCCC	1420.0	11432.7	-31.917
GTGGCG	647.0	4695.9	-31.877
TTGTTG	691.0	5079.5	-31.625
GGGCAT	639.0	6412.8	-31.578
GCGCTG	425.0	5475.8	-31.545
GGGTTG	662.0	6643.8	-31.529
GTGGGA	1276.0	10174.4	-31.471
ATGTTG	541.0	5291.6	-31.469
AGCAAG	486.0	4447.5	-31.408
AACTAA	229.0	1480.9	-31.314
ATTAAC	197.0	1380.8	-31.111
AACACG	117.0	1132.9	-31.097
GAAGGT	637.0	4638.2	-30.911
CACTCT	698.0	5156.8	-30.892
GTTGTT	556.0	3959.1	-30.885
ACCCAC	578.0	5079.0	-30.782
GATGCC	578.0	4143.2	-30.725
GGGAGG	2941.0	25261.9	-30.646
CTAATC	215.0	1232.0	-30.590
TTACTC	303.0	1910.1	-30.245
ATTCAT	229.0	2800.8	-30.103
AGTAAC	240.0	1482.5	-30.054
TAACAC	197.0	1643.1	-29.962
ATGCTG	914.0	7055.0	-29.934
GCGTCC	403.0	2719.7	-29.897
CTGCAC	893.0	9434.8	-29.892
TTACCC	221.0	2129.8	-29.892
CATGAA	476.0	3567.0	-29.796
ATGGGG	1231.0	9853.5	-29.758
CACTGC	866.0	10846.4	-29.740
CTCCCC	1388.0	12724.0	-29.740
TCCCCT	987.0	9627.5	-29.740
CCCTCA	763.0	6922.0	-29.740
TTCTGC	799.0	7418.4	-29.740
GGAGGC	1551.0	16166.1	-29.740
TGGCTT	775.0	7646.3	-29.740
TTGGGG	1177.0	11015.6	-29.740
GGGGGT	1248.0	11683.0	-29.740
TCCTTC	694.0	7541.6	-29.740
CCTTCC	1119.0	11000.1	-29.740
CTTCCT	1158.0	11636.1	-29.740
TTGTCT	489.0	4910.4	-29.740
ATGTGT	800.0	7557.7	-29.740
TGTGTG	2931.0	35668.4	-29.740
GTGTGG	1413.0	13922.2	-29.740
TGTGGT	798.0	9138.7	-29.740
AGGGTG	1039.0	9959.9	-29.740
GGGGGC	1688.0	16109.2	-29.740
TCCTGC	1310.0	12677.4	-29.740
CTGCCT	1767.0	17606.7	-29.740
CCACCC	1138.0	10831.5	-29.740
CATGGC	787.0	6828.7	-29.740
GCAGTG	955.0	11727.6	-29.740
GGCTTT	659.0	5977.2	-29.740
GCCCAC	675.0	7138.9	-29.740
CTTCTT	604.0	6164.6	-29.740
AGTGGG	992.0	9558.9	-29.740
GGCGGG	1324.0	12758.5	-29.740
GGTCGG	330.0	2558.2	-29.740
CGCGGG	414.0	4615.0	-29.740
GGGACC	616.0	7525.1	-29.740
CTGCGC	403.0	4824.9	-29.740
CCCCCG	531.0	5174.2	-29.740
CCTCGC	302.0	3177.0	-29.740
GAAGGG	920.0	9086.2	-29.740
AAGGGG	692.0	7464.8	-29.740
AGGGGC	1130.0	11502.9	-29.740
GGGCCG	729.0	6929.9	-29.740
GCTTCC	801.0	7785.6	-29.740
CGAGGG	429.0	3926.8	-29.740
GAGGGC	1008.0	9591.5	-29.740
CCGGGG	726.0	7764.3	-29.740
GGGGGA	1338.0	11211.4	-29.740
GGTGCG	451.0	4237.5	-29.740
GTGCGG	424.0	4178.7	-29.740
GGAGCG	407.0	4491.4	-29.740
CGGGGT	471.0	5253.8	-29.740
CGCCCC	515.0	6521.2	-29.740
CGCTGC	595.0	5501.2	-29.740
GCTGCG	605.0	5756.6	-29.740
TGCGGT	166.0	2416.0	-29.740
CTTCTC	790.0	7747.9	-29.740
GGGAAG	1167.0	11309.4	-29.740
GGAAGC	670.0	6975.3	-29.740
GCTGGG	2585.0	27291.9	-29.740
GGGGAA	852.0	8639.6	-29.740
GAGGGA	1127.0	10549.1	-29.740
GCAGGG	1655.0	15653.9	-29.740
GAGCTG	1211.0	12137.0	-29.740
AGCTGT	635.0	6907.1	-29.740
CTGTGA	760.0	8254.3	-29.740
CGGTGG	403.0	5072.0	-29.740
GGGCTC	999.0	10647.1	-29.740
GGCTCT	850.0	8756.8	-29.740
AGGCCC	859.0	8604.8	-29.740
GCCCCT	1062.0	10911.5	-29.740
CTGAGG	1308.0	14142.6	-29.740
TGAGGG	946.0	10309.1	-29.740
CCTCCC	1955.0	21169.6	-29.740
TCCCCC	849.0	8010.7	-29.740
GTGCAG	947.0	11257.9	-29.740
CTGGGT	1213.0	13453.9	-29.740
GGTGTG	1316.0	14338.8	-29.740
GGGTGC	1278.0	10497.6	-29.740
GGTGCA	915.0	7262.1	-29.740
GCAGGC	921.0	10145.7	-29.740
GTGTCC	751.0	7152.4	-29.740
TGTCCT	872.0	7771.5	-29.740
GGGATG	908.0	8509.3	-29.740
TGCTGG	1816.0	17059.8	-29.740
TGGTGG	1593.0	15950.4	-29.740
GGTGGT	852.0	9411.1	-29.740
AGGGGT	784.0	7739.1	-29.740
GTGGCC	966.0	9861.1	-29.740
GGCCTG	1522.0	15857.0	-29.740
TGGGCA	1124.0	12738.8	-29.740
AGGCTG	1435.0	19128.7	-29.740
GGCTGG	2101.0	24171.3	-29.740
GGCCCT	1017.0	10421.6	-29.740
CCCTCC	1518.0	15140.2	-29.740
TGTGGA	797.0	7853.7	-29.740
GGTGAG	1014.0	10630.5	-29.740
GTGAGG	972.0	9543.1	-29.740
GTGTGT	2353.0	31138.4	-29.740
TCCGTG	296.0	2697.9	-29.740
TGGGTC	562.0	6834.8	-29.740
ATGAGG	572.0	5127.7	-29.740
GCAGGT	766.0	8532.6	-29.740
GGAGCA	904.0	7358.9	-29.740
GAGGGG	1578.0	15257.7	-29.740
TGTAGG	360.0	3576.6	-29.740
TCTCTG	1146.0	11160.6	-29.740
TCTGCG	367.0	2993.8	-29.740
GCCTTG	642.0	7510.0	-29.740
GTGCTC	527.0	5675.2	-29.740
CTGTCT	1095.0	10182.2	-29.740
TGTGCC	805.0	9894.9	-29.740
GTGCCC	807.0	9212.0	-29.740
GCACCC	695.0	6426.6	-29.740
TGGGCT	1361.0	13031.8	-29.740
TTGGTG	575.0	6626.7	-29.740
TCTTCT	673.0	6890.0	-29.740
CTTCTG	876.0	8891.1	-29.740
TTCTGT	737.0	7651.9	-29.740
GTGCCT	743.0	8584.3	-29.740
CCTTGC	739.0	6364.8	-29.740
GTGTTG	664.0	6078.1	-29.740
GATGGG	937.0	9500.2	-29.740
TGGGTT	754.0	7122.2	-29.740
CGCCTG	682.0	6912.3	-29.740
CCTGTC	843.0	8707.5	-29.740
GTCCCC	753.0	7656.5	-29.740
CTCCCT	1327.0	12848.7	-29.740
TCCCTC	927.0	9499.2	-29.740
CCCTCT	980.0	9709.2	-29.740
CCTCTC	982.0	9570.2	-29.740
CTCTCT	966.0	9938.8	-29.740
CTCTTC	725.0	7045.3	-29.740
CTGGAT	404.0	5228.2	-29.740
CCCTTC	784.0	8136.2	-29.740
GTGAGC	721.0	8400.0	-29.740
GTGGCA	768.0	8025.2	-29.740
TGGCAG	954.0	10275.9	-29.740
CTGCAG	1378.0	16261.9	-29.740
TCTGTC	854.0	8274.3	-29.740
GCTGCC	1311.0	13460.7	-29.740
TGCCCC	1020.0	10416.6	-29.740
CCCTGT	942.0	9903.7	-29.740
CTTGTG	545.0	5868.1	-29.740
TTGTGG	551.0	6485.4	-29.740
TGTGGC	1029.0	10152.6	-29.740
CAAGGG	533.0	5366.7	-29.740
CGGGAG	613.0	6704.3	-29.740
GCGGGT	356.0	3760.1	-29.740
CGGGTG	564.0	5096.4	-29.740
CCCCCT	980.0	8530.5	-29.740
GCTCTG	1306.0	12548.7	-29.740
CTCTGT	1171.0	11585.5	-29.740
TTGGGA	679.0	8514.7	-29.740
GCTGAG	1341.0	13803.6	-29.740
GGTGCT	1020.0	9097.7	-29.740
TTCCCT	835.0	8556.3	-29.740
GGACCC	535.0	6632.6	-29.740
TTGGGT	589.0	5261.3	-29.740
TGGGTA	494.0	3955.7	-29.740
GCAAGG	506.0	5172.2	-29.740
GGGTGA	729.0	8301.4	-29.740
GAGTGG	857.0	8579.2	-29.740
GGGCCT	1230.0	12715.9	-29.740
TGCCGG	346.0	3515.6	-29.740
GGGGAC	843.0	9138.3	-29.740
AGGGGG	1013.0	10046.2	-29.740
GGCCTT	673.0	6608.5	-29.740
CTTTGC	794.0	6272.5	-29.740
TTTGCT	671.0	6768.1	-29.740
TTGCTT	586.0	5977.4	-29.740
TTGCCT	702.0	6044.2	-29.740
GCTGCA	1208.0	10998.6	-29.740
GTGGCT	1142.0	11630.2	-29.740
TGGGAT	584.0	9183.4	-29.740
TAGGGG	388.0	4159.0	-29.740
AGGGGA	971.0	9687.4	-29.740
TGGGAG	1794.0	16408.8	-29.740
TGCCCG	515.0	4952.6	-29.740
TCCCTT	649.0	6707.2	-29.740
CCCCTC	1268.0	11596.9	-29.740
TGTTCT	668.0	6445.5	-29.740
GTTCTG	604.0	6221.8	-29.740
GAGTGC	529.0	6558.7	-29.740
GTGCGT	420.0	3370.4	-29.740
TGTTGG	1015.0	8080.7	-29.740
GCTTGG	836.0	7385.8	-29.740
TGCTGC	1610.0	14520.5	-29.740
AGCAGG	982.0	9814.8	-29.740
GGTGGA	906.0	9453.3	-29.740
GTTTGG	564.0	5621.0	-29.740
GGTCTG	761.0	7935.1	-29.740
CCTGTT	657.0	5878.8	-29.740
CTGTTT	701.0	6763.8	-29.740
CTTCCC	1108.0	10920.9	-29.740
TCTTGC	454.0	5353.6	-29.740
AGGGCG	369.0	4529.9	-29.740
TGACTG	634.0	5312.5	-29.740
TGGGAA	817.0	8670.8	-29.740
GGGCGT	434.0	4430.2	-29.740
TTGTGC	433.0	4314.6	-29.740
CACGGG	405.0	3175.5	-29.740
ACGGGG	378.0	4084.5	-29.740
GGGGTA	416.0	3637.8	-29.740
GTGGTT	516.0	4979.5	-29.740
GGTGGC	1320.0	12401.6	-29.740
GGAAGG	1169.0	11806.1	-29.740
GGTTGT	421.0	3925.5	-29.740
GTTGTG	548.0	4731.5	-29.740
GCGGTG	512.0	5196.7	-29.740
TGGCCG	469.0	4489.7	-29.740
GGAGGA	1289.0	12684.9	-29.740
GAGGAG	1216.0	12879.8	-29.740
CCTTCT	812.0	7900.1	-29.740
CTGCCG	426.0	4862.5	-29.740
GTGCCG	252.0	2843.4	-29.740
GGCGGT	383.0	3492.0	-29.740
TGGTGC	695.0	8006.0	-29.740
ATGGGC	546.0	6194.9	-29.740
GTTGGT	406.0	4216.7	-29.740
GTGGTG	1153.0	13984.7	-29.740
GCCTGA	548.0	6737.2	-29.740
TGCGAG	151.0	1916.7	-29.740
GGGAGT	692.0	7041.2	-29.740
TCTGTT	658.0	6647.3	-29.740
TGCCTT	788.0	7553.8	-29.740
ATGTGC	608.0	5248.6	-29.740
TGTGCG	431.0	4294.5	-29.740
CGGCTG	480.0	5297.3	-29.740
GCCCGC	437.0	5406.9	-29.740
TGCTCT	968.0	8507.6	-29.740
AGCTTG	457.0	4462.8	-29.740
CTTTCC	670.0	7294.2	-29.740
GGCGTG	507.0	6810.1	-29.740
ACTGTG	736.0	7369.1	-29.740
TTGCTG	759.0	8324.6	-29.740
CCTGAC	560.0	7222.2	-29.740
GATGGC	403.0	4831.0	-29.740
TGCGGC	301.0	3539.7	-29.740
CGTGCC	265.0	3536.3	-29.740
GTTGCT	367.0	4493.9	-29.740
ATGCAG	553.0	5388.0	-29.740
TGAGGA	722.0	7550.2	-29.740
GGTTGC	345.0	4371.6	-29.740
GCGTGT	579.0	4300.7	-29.740
GGTGTT	453.0	5106.6	-29.740
GCGAGG	380.0	3959.3	-29.740
TATGGG	333.0	3846.9	-29.740
GTGGAT	468.0	4565.9	-29.740
TGAGCT	660.0	7611.5	-29.740
TCGCTG	244.0	2620.6	-29.740
CTATGC	185.0	2070.2	-29.572
CCGAAT	67.0	613.7	-29.243
CGTACT	58.0	474.2	-29.199
AGTATG	167.0	1813.8	-29.092
GCCTTT	713.0	5345.3	-28.941
CTTACC	253.0	2067.3	-28.824
ATGCAA	349.0	2710.0	-28.773
CCTCAC	867.0	6688.9	-28.703
GGAGGG	2288.0	19432.0	-28.673
TCTGCT	1114.0	8855.4	-28.632
CTTCAT	369.0	4103.2	-28.623
ACGTTT	93.0	1158.3	-28.620
CCCCTA	272.0	3233.7	-28.614
CCTACA	184.0	2303.8	-28.571
GACTGC	582.0	4238.3	-28.516
GAGCGT	227.0	1759.9	-28.490
ATAACC	109.0	1199.1	-28.421
AGCGTA	41.0	435.7	-28.194
CGGAAA	193.0	1095.7	-28.160
CATTCA	309.0	3366.8	-28.147
CGGTGC	458.0	3210.4	-28.119
CACCCC	1112.0	8869.9	-28.055
GCACAC	717.0	5412.0	-27.983
GGGAGA	1233.0	9942.7	-27.922
GACTGT	330.0	4047.5	-27.824
CGTGTT	249.0	1985.0	-27.790
CGTAAC	37.0	360.4	-27.774
GCTGTA	350.0	3387.5	-27.613
CCTAAT	296.0	1902.6	-27.439
CGGGGG	1013.0	8020.3	-27.347
ATTTAA	415.0	3062.7	-27.272
AAGCTT	259.0	2868.7	-27.134
CACACC	621.0	6346.3	-26.992
CCCACA	838.0	7033.2	-26.896
CCTACC	313.0	3301.8	-26.896
CCTTCA	482.0	4965.3	-26.896
AGCCCT	803.0	8151.6	-26.896
CTGCAA	384.0	6585.7	-26.896
CCCACT	801.0	7003.4	-26.896
ACTCTG	553.0	6444.7	-26.896
TCCTTT	716.0	6690.1	-26.896
TTCTTC	572.0	6267.9	-26.896
CCTGAT	382.0	3728.2	-26.896
CACCCA	660.0	8079.3	-26.896
GCTTTC	514.0	4783.1	-26.896
ATGCCC	493.0	4857.7	-26.896
TGCGGA	227.0	2154.4	-26.896
CGGAGC	360.0	3957.4	-26.896
GTAGGT	243.0	2716.6	-26.896
CCCGCG	297.0	3822.1	-26.896
AGGGAA	690.0	7124.6	-26.896
CCCGTC	314.0	3100.0	-26.896
CCGTCC	310.0	2768.5	-26.896
GATGCT	326.0	4998.1	-26.896
TAGGTG	320.0	3497.3	-26.896
TGTCCG	237.0	1966.0	-26.896
CCGTGT	309.0	3191.7	-26.896
CCATGT	430.0	7262.1	-26.896
GTATGT	349.0	3847.5	-26.896
GTGTTC	446.0	4289.6	-26.896
TGTGAA	475.0	5312.2	-26.896
GTTTGC	457.0	4128.0	-26.896
CTCCAT	466.0	5534.4	-26.896
ACGTGG	378.0	3426.1	-26.896
ACCCTC	504.0	5338.0	-26.896
CAGTGT	564.0	6181.2	-26.896
GCATTG	385.0	3343.1	-26.896
TGCTCA	570.0	6433.6	-26.896
TCACCC	614.0	5819.8	-26.896
CTCTGA	620.0	6739.8	-26.896
CTGTCG	155.0	2238.0	-26.896
AGGGAC	488.0	6066.5	-26.896
GGGACA	677.0	7117.3	-26.896
AGTGCT	516.0	7190.2	-26.896
CCCCAT	638.0	6608.2	-26.896
TTGGTT	429.0	4424.5	-26.896
GTCTTT	476.0	4639.3	-26.896
CTTTTC	725.0	5964.8	-26.896
TTTCCC	684.0	7343.5	-26.896
TCACTG	684.0	8171.5	-26.896
CTTGCG	187.0	1496.6	-26.896
TTGCGG	168.0	1733.4	-26.896
TGCGTC	204.0	1844.8	-26.896
CCGGCA	226.0	2890.5	-26.896
TGATGT	417.0	4513.3	-26.896
ACCTGT	579.0	5741.6	-26.896
GTCCTT	523.0	4582.4	-26.896
CAGTCC	439.0	4689.1	-26.896
ATGGCT	535.0	5326.4	-26.896
TAGGGC	311.0	2937.1	-26.896
GAATGG	441.0	4562.5	-26.896
TGATTG	271.0	3067.5	-26.896
ATCTGC	421.0	4709.9	-26.896
CTGACT	462.0	5007.5	-26.896
GGGAAC	440.0	4871.7	-26.896
TGCGCT	264.0	2761.0	-26.896
CTGATG	525.0	5384.0	-26.896
CGGATG	132.0	1620.4	-26.896
TCGGGC	251.0	2594.7	-26.896
CGTGCG	199.0	2179.4	-26.896
CTTGTT	488.0	4427.4	-26.896
AGGGTT	460.0	4836.6	-26.896
CGTGGA	252.0	2717.7	-26.896
AGAGGA	700.0	7141.9	-26.896
AATGGG	507.0	4890.4	-26.896
TCTTTC	571.0	6228.3	-26.896
TTTTGC	464.0	4905.3	-26.896
TAGCTG	392.0	6241.4	-26.896
GCGTGA	263.0	2958.2	-26.896
AAGGGA	586.0	5933.0	-26.896
CTGACC	630.0	7108.4	-26.896
CATCCT	663.0	6636.5	-26.896
GGTAGC	260.0	2353.9	-26.896
GTGTCG	136.0	1542.6	-26.896
GAGGAC	530.0	5144.3	-26.896
CTTGTC	403.0	4107.1	-26.896
GCTTTT	558.0	5166.4	-26.896
TTGGCG	134.0	1833.5	-26.896
GCGAGC	240.0	2232.8	-26.896
GTTGGA	316.0	3799.1	-26.896
TACCTG	431.0	4146.4	-26.896
GATGCG	97.0	1471.1	-26.896
TGCTAG	257.0	2820.1	-26.896
GTAGGC	226.0	2233.1	-26.896
GAGCTT	422.0	4171.5	-26.896
GTTGCG	108.0	1184.2	-26.896
TCCTCA	816.0	6308.0	-26.839
AGGCAT	437.0	5653.7	-26.780
TAAGCA	286.0	2123.8	-26.734
TAAACA	206.0	2548.4	-26.697
AAGCTA	268.0	1696.0	-26.604
TAACTT	290.0	2177.3	-26.577
GGGGCT	1921.0	16219.5	-26.571
TTGACT	245.0	2644.5	-26.519
CGTCCC	422.0	2953.5	-26.395
AGTGAC	512.0	3712.3	-26.198
TCGTAT	86.0	368.9	-25.960
GTTAGG	346.0	2335.9	-25.842
CTTAAC	184.0	1726.0	-25.697
CTCTGC	1574.0	13115.9	-25.693
GCCCCC	1257.0	10267.7	-25.576
ATGCGA	93.0	678.5	-25.541
TAATTG	293.0	1912.4	-25.535
TACTCG	56.0	957.5	-25.505
AACTTA	251.0	1585.0	-25.503
CATGAT	344.0	3670.6	-25.342
GCGATG	232.0	1434.3	-25.292
TGCACT	765.0	5923.9	-25.178
TCTAGA	335.0	2264.7	-25.167
ATACGC	63.0	364.1	-25.161
CGTATC	91.0	408.7	-25.120
AGAGCA	721.0	5534.6	-25.108
ACTGCG	332.0	2242.8	-24.979
CACATG	597.0	5964.5	-24.830
CCTTAC	200.0	2064.1	-24.611
CACCCG	271.0	3274.4	-24.524
TTACGA	51.0	329.5	-24.489
GTTGCA	455.0	3748.6	-24.457
AATGTG	415.0	4711.1	-24.457
TAGGGT	217.0	2863.3	-24.457
CTCACT	822.0	7847.4	-24.457
CGCTCT	204.0	2793.1	-24.457
GTCGGC	139.0	1695.7	-24.457
TGACCT	510.0	6652.2	-24.457
ACCCCG	367.0	3326.1	-24.457
GAAGCC	553.0	5375.7	-24.457
GTGTAT	354.0	3861.7	-24.457
TGCACA	699.0	6755.4	-24.457
GAGCAC	438.0	4219.2	-24.457
CGTGTC	253.0	2216.6	-24.457
CCGCAC	258.0	2409.9	-24.457
TGTTGA	379.0	3831.0	-24.457
CTTCAC	439.0	4225.4	-24.457
ATCCCT	468.0	4063.4	-24.457
ATGTGA	441.0	4202.5	-24.457
TGGCTA	297.0	4116.9	-24.457
AGTGCA	606.0	6273.0	-24.457
GCGTCT	204.0	2487.2	-24.457
TCTGAC	333.0	3673.9	-24.457
TTGTTC	410.0	3792.5	-24.457
ATGCTC	382.0	3752.0	-24.457
CTCGCT	275.0	2826.2	-24.457
TGGTCG	94.0	1598.3	-24.457
ACGGTG	179.0	2691.3	-24.457
TGACGG	125.0	1725.3	-24.457
TGCGCA	216.0	2333.5	-24.457
TCATGT	271.0	3786.1	-24.457
CTGTAC	251.0	2787.4	-24.457
TGCTTA	289.0	2867.7	-24.457
TGTATT	337.0	5150.7	-24.457
ATGGCG	196.0	2594.1	-24.457
GCTTCG	192.0	1818.4	-24.457
TATCTG	302.0	3121.4	-24.457
TTGGAT	324.0	2952.5	-24.457
TGCCGT	261.0	2009.7	-24.457
CACTAA	176.0	1538.7	-24.294
AAAGCA	457.0	4004.8	-24.293
AACGTT	50.0	693.9	-24.195
ACACCC	508.0	4510.4	-24.034
AATCTA	183.0	1394.2	-23.827
TTAATT	446.0	3210.6	-23.819
TGTGTT	1042.0	8421.7	-23.738
ATAGCA	195.0	2004.4	-23.727
TTCGTA	92.0	427.9	-23.629
GCTATG	215.0	2764.9	-23.550
ACGTAT	40.0	560.8	-23.522
CTCTAC	275.0	4006.8	-23.511
CCTTTT	736.0	5727.9	-23.405
TGTTCG	107.0	934.8	-23.362
TAAATG	366.0	3413.5	-23.362
TCACCT	810.0	6379.1	-23.307
CATCCC	740.0	5770.8	-23.279
TAACCA	259.0	1681.5	-23.268
TTGTAT	251.0	4416.0	-23.237
TTAGAA	257.0	2420.9	-23.205
CGCTAA	105.0	520.0	-23.176
CGCGTC	226.0	1422.0	-23.172
GCGTTG	227.0	1429.8	-23.169
ATTGAA	257.0	2072.2	-23.157
TTCTAC	331.0	2273.4	-23.131
GCGGGC	832.0	6587.4	-22.954
TGCTGA	1006.0	8149.5	-22.781
TTAACA	264.0	2132.0	-22.754
ATACCC	147.0	1494.6	-22.734
GGGGCC	1658.0	14049.0	-22.731
ACTTAA	252.0	1985.4	-22.700
ACCCTA	271.0	1825.1	-22.666
TTAGAG	368.0	2586.2	-22.665
TTAGGA	401.0	2867.1	-22.644
AGGGAG	1511.0	12712.1	-22.634
TTAACT	313.0	2146.8	-22.520
GAACAC	353.0	2470.7	-22.442
TGTTCA	428.0	4036.7	-22.386
TTGCAC	325.0	3419.0	-22.346
ATGGTT	296.0	2941.0	-22.304
AGCTTT	456.0	4209.4	-22.304
TGTCTA	224.0	2599.4	-22.304
GCCCTA	204.0	2589.2	-22.304
TCGGGA	189.0	2526.0	-22.304
CCGCTT	177.0	2015.1	-22.304
CGCTTC	230.0	2145.3	-22.304
CAAGTG	411.0	5066.0	-22.304
GTCAGT	334.0	3127.8	-22.304
AAGCCT	398.0	4327.0	-22.304
GTACTG	292.0	2450.9	-22.304
AGTGTC	362.0	3892.7	-22.304
TCTGAT	393.0	3450.4	-22.304
ACCCTT	288.0	3310.4	-22.304
ACTCTC	337.0	3286.2	-22.304
ACGCCC	200.0	2576.1	-22.304
TGAAAG	315.0	3906.0	-22.304
TGACTT	397.0	4100.1	-22.304
TTTCCA	603.0	5694.2	-22.304
CAACCC	308.0	3339.5	-22.304
TCGGAG	185.0	1912.9	-22.304
GTGACG	143.0	1815.7	-22.304
TCTCAC	412.0	4729.4	-22.304
TACTGC	239.0	2685.6	-22.304
GTGCTA	190.0	2619.7	-22.304
CTTTCA	417.0	3941.9	-22.304
TCTTCA	454.0	4567.1	-22.304
CATCTC	518.0	5838.1	-22.304
TTTCAT	414.0	4127.0	-22.304
TCGGCT	151.0	2623.5	-22.304
CGTTGC	158.0	1313.7	-22.304
CATTGC	353.0	3628.4	-22.304
GAAGCA	464.0	4566.3	-22.304
GAACTG	398.0	4204.1	-22.304
GGTAAG	277.0	2965.8	-22.304
GTAAGG	275.0	2439.6	-22.304
GTTGTC	282.0	2645.8	-22.304
ATGAGT	274.0	3061.8	-22.304
GCGCAC	207.0	2398.5	-22.304
TTCCCG	227.0	2858.6	-22.304
GATGTC	268.0	2762.6	-22.304
CATTCC	383.0	4106.8	-22.304
GCTAGC	181.0	1587.1	-22.304
CGCACC	172.0	2319.0	-22.304
GTGAAT	300.0	3287.1	-22.246
TCACGC	322.0	2338.4	-22.197
CATTTG	372.0	4664.1	-22.195
CCATAC	223.0	1414.9	-22.167
GTTCAT	234.0	2700.0	-22.149
CTAACG	70.0	547.6	-22.123
CCTAAC	211.0	1713.2	-22.045
CATGAC	385.0	2754.8	-21.908
CTTTAA	418.0	3033.2	-21.713
GTTAGA	246.0	1613.6	-21.562
CTTAGT	276.0	1858.5	-21.470
CCGATC	120.0	646.4	-21.447
TTCTAA	271.0	2767.8	-21.344
GTGGGC	1332.0	11162.7	-21.250
AACGAT	88.0	421.9	-21.233
CTACTC	260.0	3064.9	-21.114
TTAGCA	285.0	2267.6	-20.901
ATCCAT	330.0	2726.8	-20.891
TGAAGG	720.0	5677.7	-20.820
CCTAAA	315.0	2190.4	-20.698
CCATCC	786.0	6277.2	-20.656
GTAACG	78.0	523.4	-20.534
AGGCCT	966.0	7885.4	-20.534
AACCCC	410.0	4531.7	-20.374
CATCCA	407.0	4313.9	-20.374
TCACTC	443.0	4345.0	-20.374
CCAACC	313.0	3512.8	-20.374
TAGCCC	227.0	2325.6	-20.374
CTCGCA	140.0	1464.8	-20.374
AGGACG	224.0	2168.7	-20.374
GCAAGA	294.0	3363.6	-20.374
GTGTAC	206.0	2481.2	-20.374
TGTACT	243.0	2652.5	-20.374
GGATAG	184.0	1875.3	-20.374
ATAGGG	190.0	2176.5	-20.374
TTCCAC	330.0	4008.0	-20.374
AGAATG	384.0	4440.7	-20.374
TGTATC	189.0	2277.9	-20.374
TTCCAT	373.0	4335.1	-20.374
GGACGT	164.0	1883.2	-20.374
CATTCT	471.0	4763.7	-20.374
CCGTGA	183.0	2008.6	-20.374
TGAGTA	253.0	3240.3	-20.374
GTTCGG	82.0	1099.3	-20.374
ATGTCC	380.0	3578.5	-20.374
CCTCTA	282.0	3023.9	-20.374
ACGTGC	198.0	2483.0	-20.374
GCTTAG	253.0	2466.9	-20.374
CTGTTA	238.0	2717.8	-20.374
TACCCT	252.0	2547.3	-20.374
ACTGTT	291.0	3157.9	-20.374
GATTTA	259.0	1738.1	-20.318
GCGGGG	1397.0	11809.6	-20.297
CCGCCA	432.0	3189.7	-20.275
AAGCGT	115.0	985.1	-20.241
CTGTGG	1774.0	15275.4	-20.163
GTGTCT	949.0	7754.4	-20.082
ACGAAT	51.0	451.2	-20.080
AACTTT	428.0	3162.9	-19.956
CTGGCG	572.0	4416.2	-19.884
CGAGCA	173.0	1398.8	-19.529
TAGTAA	139.0	1335.6	-19.525
GACCCC	748.0	5986.5	-19.394
CGATTT	123.0	693.3	-19.367
AGGGCT	1096.0	9121.6	-19.357
ACATGT	320.0	4228.5	-19.328
GTACCC	292.0	2035.6	-19.186
GACAAC	237.0	1585.1	-19.176
CACTTG	626.0	4914.0	-19.172
GTAAAT	323.0	2296.9	-19.153
TCCCTA	418.0	3107.1	-19.042
TCTTAG	331.0	2369.7	-19.027
GCCGTT	121.0	1267.5	-19.012
CGCCAC	408.0	3018.3	-19.012
TATAAC	103.0	949.4	-18.961
TCCCGC	500.0	3815.1	-18.928
TTCAGA	495.0	3779.4	-18.886
TGTTTC	705.0	5629.9	-18.827
AACCTT	346.0	2498.1	-18.803
ATGGGA	688.0	5478.9	-18.727
CCCACC	1418.0	12089.9	-18.683
GGGGTG	2067.0	18090.6	-18.641
CACTCA	506.0	4177.9	-18.625
CCCTTA	233.0	2513.4	-18.625
TCCTAC	204.0	2291.8	-18.625
ATCCTT	304.0	3230.3	-18.625
AGGTCG	153.0	1419.3	-18.625
TCCGCA	177.0	1665.1	-18.625
TTCACT	404.0	4164.4	-18.625
CCCGAC	183.0	2007.2	-18.625
GATAGG	159.0	1822.3	-18.625
TCCACA	435.0	4368.0	-18.625
CGCGCT	187.0	2095.5	-18.625
GCGCGT	216.0	1988.9	-18.625
GAACCC	417.0	4007.8	-18.625
ACTCTT	297.0	3167.7	-18.625
TACTTG	283.0	2652.2	-18.625
ATGCGC	145.0	1367.2	-18.625
CCGTTG	122.0	1226.3	-18.625
CGTTTG	135.0	1500.3	-18.625
AGCATC	439.0	3583.5	-18.625
GTACCT	198.0	2351.4	-18.625
GGTCGT	115.0	1413.7	-18.625
TGTCTG	1185.0	9973.5	-18.482
ACGGGT	194.0	1287.9	-18.410
TGATCG	122.0	699.9	-18.314
CATATG	154.0	2417.1	-18.247
ACGATA	58.0	246.8	-18.188
TTGCCG	217.0	1447.7	-18.115
CACCCT	899.0	7394.1	-18.058
TTACAT	196.0	2493.5	-18.053
CATTAA	183.0	1970.2	-17.982
TTAAAA	634.0	5068.9	-17.928
TGTGTC	1015.0	8461.9	-17.903
TGAGCA	733.0	5911.5	-17.881
CGTTTA	39.0	599.7	-17.880
GGGACG	496.0	3823.7	-17.826
CTGCGA	296.0	2104.1	-17.741
TTAACC	235.0	1609.8	-17.720
TCCCCG	596.0	4703.7	-17.678
TAAGAG	217.0	2344.6	-17.678
TGGTTA	330.0	2394.9	-17.675
CTTGCC	716.0	5777.4	-17.588
ACGGGA	246.0	1694.1	-17.584
TTTTAC	310.0	2815.6	-17.528
ACCCTG	1050.0	8792.2	-17.510
CCTGCC	2083.0	18327.6	-17.456
ATCCCC	521.0	4051.9	-17.438
GCATAA	229.0	1554.6	-17.388
TAAACC	238.0	1632.0	-17.369
GGCTAT	202.0	2050.1	-17.292
CCGTAT	39.0	431.6	-17.274
AACACA	448.0	3417.5	-17.234
TTAATA	225.0	2168.5	-17.204
ATCTTA	233.0	1592.6	-17.202
AACCTA	135.0	1374.1	-17.174
ACTAAA	211.0	2874.1	-17.071
GGGTAA	347.0	2553.5	-17.050
GGGTAC	328.0	2393.1	-17.045
CCCGTG	502.0	3896.9	-17.037
CACTTT	413.0	5577.1	-17.029
GTCACT	383.0	3819.8	-17.029
TTCTTA	328.0	3206.9	-17.029
GAGCAA	351.0	3585.7	-17.029
ACACCT	422.0	4630.3	-17.029
CCACAT	381.0	4430.9	-17.029
CTCACG	288.0	2605.3	-17.029
ATGTTC	344.0	2989.4	-17.029
TGCGTA	92.0	922.0	-17.029
TGTCGT	92.0	1082.4	-17.029
GGAACG	134.0	1656.5	-17.029
TACGTG	90.0	1428.6	-17.029
ACTTGT	297.0	2787.2	-17.029
AACCCT	342.0	3687.0	-17.029
TACTCT	227.0	2219.3	-17.029
TTTACT	290.0	2925.3	-17.029
TGCTAT	185.0	2890.0	-17.029
TTTTAA	743.0	6038.9	-16.982
TACACT	170.0	1738.9	-16.946
ACTCAC	389.0	3116.7	-16.901
CATACA	140.0	1977.3	-16.898
ATTAGA	246.0	1709.5	-16.891
CTTACG	39.0	587.6	-16.888
ATCCTC	545.0	4292.7	-16.748
ACTTTA	286.0	2214.5	-16.721
GGGGCA	1328.0	11384.3	-16.691
TTAAAC	227.0	2046.4	-16.634
TAAATT	375.0	2807.8	-16.627
AAATGC	518.0	4052.5	-16.613
CGCGCA	163.0	1871.9	-16.465
CTGATC	359.0	2685.9	-16.181
TGGGCG	738.0	6039.4	-16.097
GTCCCT	858.0	7128.5	-16.047
CTTATC	174.0	1771.1	-15.985
CGTGGC	523.0	4122.0	-15.971
TAAACG	94.0	519.8	-15.931
CATACC	213.0	1628.2	-15.925
ATCTAA	186.0	1328.7	-15.887
GTACAT	197.0	1788.6	-15.806
TAGAGC	282.0	2042.9	-15.663
ATACCA	230.0	1603.0	-15.577
CTTTTA	401.0	3590.5	-15.566
AAGTTG	279.0	2674.9	-15.566
TTGCAA	233.0	2819.1	-15.566
TTTGAA	434.0	3992.4	-15.566
ATTGCC	215.0	2591.5	-15.566
ATTTGC	350.0	3244.5	-15.566
TCACAC	362.0	4053.1	-15.566
ATGTAG	256.0	2155.9	-15.566
GTATGA	184.0	1772.5	-15.566
ACGTGT	276.0	2218.0	-15.566
CATTTC	437.0	4637.1	-15.566
TACCTT	256.0	2285.3	-15.566
GCGTTT	153.0	1545.3	-15.566
GAAAGC	359.0	3523.4	-15.566
CCCGTT	122.0	1461.1	-15.566
CGTTCT	112.0	1448.9	-15.566
TATCCC	201.0	1961.6	-15.566
CATCCG	127.0	1404.7	-15.566
TTACTT	298.0	2687.5	-15.566
TCGCTT	138.0	1641.9	-15.566
CACGGA	189.0	1839.1	-15.566
GCGTTC	136.0	1389.5	-15.566
CATAGG	191.0	2208.1	-15.566
TTCCTA	332.0	3088.4	-15.566
CTTTAT	328.0	3227.8	-15.566
TTATCT	241.0	2813.6	-15.566
CGCAAG	120.0	1045.3	-15.566
TGACGC	147.0	1311.2	-15.566
TGACCG	155.0	1497.0	-15.566
CGGGTA	106.0	1069.2	-15.566
CGGTAC	61.0	554.1	-15.541
AGTTAA	183.0	1805.8	-15.518
CACGAA	71.0	728.7	-15.446
ACGTCT	184.0	1228.9	-15.325
AAACTT	347.0	2860.3	-15.312
TCGGTA	71.0	456.5	-15.304
TAAACT	247.0	2458.7	-15.291
TCACTT	580.0	4655.4	-15.226
CCCGAT	145.0	919.8	-15.196
CGATAG	69.0	346.3	-15.156
AATTTA	301.0	2536.5	-15.108
TCGTTG	81.0	804.5	-15.089
GACTGA	447.0	3484.9	-14.967
GGAAAG	771.0	6391.4	-14.916
AAAACA	545.0	4363.7	-14.899
ACGAGT	79.0	699.4	-14.877
TCTCGT	179.0	1203.6	-14.876
CAGACG	271.0	1966.1	-14.866
CGGGAA	352.0	2662.0	-14.862
ACGATT	82.0	444.8	-14.811
ATCCGT	84.0	744.0	-14.779
AATTGA	251.0	1802.6	-14.778
ATAGAA	266.0	1925.3	-14.755
TTTAAT	462.0	3632.8	-14.729
TTACTA	199.0	1368.0	-14.679
TCTAAA	238.0	2312.8	-14.624
AACCCA	460.0	3618.2	-14.617
TGTTGC	681.0	5595.4	-14.600
AATTGC	295.0	2178.0	-14.556
CCGATA	35.0	323.7	-14.538
CGTACA	80.0	433.2	-14.498
ATGCTA	195.0	2020.7	-14.492
AGGGTA	349.0	2648.0	-14.449
CTAACT	157.0	1779.5	-14.434
TACTAC	131.0	907.0	-14.422
AAAGTA	291.0	2147.2	-14.387
CGTTGT	89.0	1040.4	-14.367
CTATAC	143.0	918.0	-14.322
ACCCCA	805.0	6732.0	-14.317
CAAATG	459.0	3621.0	-14.304
AACTTG	362.0	2770.5	-14.293
GCCACG	402.0	3121.9	-14.229
CTTGAA	344.0	4730.6	-14.219
TACGGG	74.0	1009.2	-14.219
CTCTTA	292.0	2514.6	-14.219
ACCCAT	246.0	2852.1	-14.219
TGTACA	239.0	2787.4	-14.219
CGTCTT	133.0	1582.7	-14.219
CCGTTC	105.0	1299.7	-14.219
GAATGA	302.0	3741.3	-14.219
GAAAAG	484.0	4437.6	-14.219
TGTACG	93.0	908.3	-14.219
CACGGT	179.0	2169.5	-14.219
GACGGT	114.0	1356.6	-14.219
ACTTTC	307.0	3060.6	-14.219
AAGGAT	243.0	2733.9	-14.219
GCTACT	216.0	3909.2	-14.219
GGAAAA	530.0	5066.0	-14.219
CTAGCA	218.0	2274.4	-14.219
TTTCCG	160.0	1483.1	-14.219
ATCGGG	94.0	1112.1	-14.219
ACTGAC	274.0	2550.9	-14.219
CTTTAC	219.0	2095.7	-14.219
GTTGTA	185.0	1914.0	-14.219
GTCGGA	110.0	995.8	-14.219
AATCTT	317.0	2377.8	-14.138
ATCGAA	38.0	300.4	-14.112
GCGTAT	65.0	572.9	-14.107
GATCAG	316.0	2374.3	-13.940
AAACTA	225.0	1739.9	-13.910
TCGCGT	61.0	571.9	-13.893
TAAAAC	264.0	2296.0	-13.880
CGTTAA	53.0	460.6	-13.820
CGTGTG	716.0	5948.6	-13.810
CCAATT	220.0	1567.4	-13.794
TACTCA	192.0	2219.3	-13.784
ACCGAA	65.0	521.5	-13.773
TCCGTA	57.0	522.8	-13.754
TAACGT	52.0	583.9	-13.713
ATTAAT	290.0	2158.3	-13.671
AACAGT	271.0	2431.6	-13.667
GTGTTT	785.0	6586.6	-13.627
CGACCC	239.0	1728.6	-13.590
TCGGAA	135.0	868.3	-13.452
CCACTC	630.0	5189.5	-13.418
CCGGTG	377.0	2928.7	-13.406
CCGTCA	190.0	1319.1	-13.378
AAGGGT	478.0	3826.9	-13.336
AGACGA	143.0	937.0	-13.317
ACGACC	118.0	742.7	-13.298
ACGAAC	45.0	448.2	-13.286
AATGAA	315.0	3818.2	-13.157
AGTAAA	282.0	2240.4	-13.071
AAATTA	420.0	4306.6	-13.028
AACCAA	266.0	2004.4	-13.011
AAACGC	93.0	840.7	-13.010
TTCACA	363.0	3714.0	-12.977
GTTGAC	168.0	1705.9	-12.977
CGTCCA	153.0	1548.4	-12.977
TTCCGT	115.0	1293.2	-12.977
AAGGTT	246.0	2635.6	-12.977
ATTGGA	229.0	2222.3	-12.977
GAACGC	171.0	1176.0	-12.957
GACGGG	474.0	3806.8	-12.884
ATACTA	144.0	953.5	-12.842
TGCCCT	1220.0	10643.8	-12.817
GAGGGT	902.0	7708.1	-12.671
GCGTAA	63.0	405.7	-12.613
GTTCGT	124.0	802.3	-12.579
AAAAAC	418.0	3320.0	-12.574
TTTTCC	782.0	6613.1	-12.570
CGTCTA	98.0	596.3	-12.532
ACCCGA	97.0	1072.7	-12.482
TAACTC	120.0	1646.0	-12.468
TAGATT	220.0	1740.4	-12.431
GAAAAC	369.0	2888.1	-12.415
GGGCCC	1312.0	11537.0	-12.353
TGACGA	118.0	758.3	-12.342
GCTTCT	793.0	6730.9	-12.278
TATACT	185.0	1302.4	-12.264
GGGTCG	345.0	2685.1	-12.156
ACCCCT	700.0	5882.4	-12.155
ACTACC	166.0	1378.8	-12.115
TTTACA	316.0	2955.3	-12.109
ATCGTA	56.0	285.0	-12.105
GACGCA	136.0	1407.8	-12.093
GAGAAC	422.0	3376.2	-12.084
ATTCTA	263.0	1972.3	-12.074
ATCTGT	553.0	4551.7	-12.059
TCTACC	331.0	2571.4	-12.023
ATACCT	201.0	1973.5	-12.019
CCAAAT	375.0	2960.0	-11.999
CCCTGA	924.0	7958.2	-11.953
TGCCGA	189.0	1345.4	-11.912
TCTTAA	257.0	2698.9	-11.905
CCGTAC	87.0	520.0	-11.905
ATACCG	68.0	375.9	-11.846
TTGACA	282.0	2150.5	-11.841
GCCACA	647.0	5413.4	-11.831
CGTGTA	103.0	1039.1	-11.828
GAGAAT	369.0	4338.5	-11.828
GAAAGT	293.0	3090.6	-11.828
CGTCGG	73.0	1171.8	-11.828
AAGCAC	286.0	2881.1	-11.828
TACCCA	294.0	2715.3	-11.828
GTACGG	65.0	699.2	-11.828
GAACGG	78.0	1323.3	-11.828
ACTGTA	271.0	2645.3	-11.828
GTCCTA	207.0	1899.4	-11.828
TAGTGT	280.0	2133.5	-11.790
TCCATC	542.0	4469.4	-11.723
CCCCGA	366.0	2888.3	-11.643
CCCACG	426.0	3431.3	-11.639
AACGCG	75.0	582.2	-11.574
GCGTAC	66.0	660.9	-11.562
CAAACG	39.0	764.8	-11.546
ATTCGT	88.0	532.5	-11.544
AGTATA	171.0	1208.6	-11.499
ACCTTT	402.0	3221.5	-11.491
GGATTT	443.0	3589.6	-11.482
TTTCAG	590.0	4919.2	-11.468
GGTTCG	157.0	1091.7	-11.433
AAATTG	323.0	2518.3	-11.418
TGTCCA	647.0	5435.9	-11.393
TCGATT	64.0	426.9	-11.381
CCTTAA	228.0	2167.2	-11.378
GGAGAG	1170.0	10283.5	-11.363
GAAATT	335.0	2631.4	-11.354
CTTAAA	354.0	2797.6	-11.348
AAAACT	382.0	3050.7	-11.300
ACACAT	431.0	3491.9	-11.084
TGAACG	154.0	1075.5	-11.018
TCCCTG	1487.0	13284.9	-10.998
AGGTGG	1408.0	12542.6	-10.996
CTACGC	54.0	768.6	-10.903
CTGCCC	1807.0	16313.8	-10.869
TCTTAT	242.0	2245.3	-10.765
CCTTAT	235.0	2167.3	-10.765
CGCACA	179.0	1846.3	-10.765
CACGTC	211.0	1643.1	-10.765
AGAAAA	581.0	5474.5	-10.765
GGTACG	78.0	725.4	-10.765
GCACGA	95.0	1258.0	-10.765
TGTTAC	200.0	2195.6	-10.765
GGTACA	185.0	2098.3	-10.765
GCGGTA	75.0	775.3	-10.765
CATCGG	102.0	1026.3	-10.765
TAAGTA	200.0	1470.2	-10.750
GCCCTG	1780.0	16079.5	-10.730
GCTCGG	414.0	3355.9	-10.729
AATTTG	381.0	3064.1	-10.714
CCACAG	904.0	7851.1	-10.698
AACTAT	119.0	1274.8	-10.601
CGGTGT	294.0	2290.3	-10.584
GAGCCT	840.0	7261.3	-10.557
TAACAA	203.0	1728.2	-10.529
CTTAGA	224.0	2145.1	-10.504
CCAGAT	440.0	3602.7	-10.493
GAACGT	98.0	997.1	-10.486
GCACTG	829.0	7176.5	-10.425
TTTACC	242.0	2244.2	-10.404
ACACTA	163.0	1323.4	-10.380
CAATTA	182.0	1323.9	-10.341
GGTACC	279.0	2171.7	-10.334
GATACC	106.0	1241.0	-10.332
GTGACT	537.0	4487.2	-10.329
TCTAAG	200.0	2124.4	-10.320
CTTTCT	932.0	8148.8	-10.158
GTTTAA	292.0	2287.5	-10.145
CTAACA	224.0	1967.4	-10.133
GCCATA	219.0	1655.1	-10.125
TCCCAC	795.0	6879.6	-10.105
AACGTA	35.0	420.8	-10.088
CTGAAG	720.0	6179.4	-10.080
CTACCA	291.0	2281.1	-10.060
GACGAC	120.0	818.6	-10.047
ACGTAA	68.0	466.9	-9.992
TTTTTC	765.0	6613.7	-9.953
TTTCGT	134.0	930.6	-9.906
GCCGTA	43.0	631.1	-9.897
ATGGCC	555.0	4677.2	-9.872
CGTCTG	359.0	2901.2	-9.864
ATAAGT	200.0	1495.7	-9.830
CCCCTG	1403.0	12598.2	-9.822
GTAAGT	235.0	2185.7	-9.781
GTTTTA	326.0	3357.7	-9.781
GAGTAT	157.0	1498.7	-9.781
AAAGAA	439.0	4882.7	-9.781
GAATTG	278.0	2756.9	-9.781
TGGGAC	887.0	7761.8	-9.719
GTAACA	209.0	1579.5	-9.702
ACCGGT	107.0	718.7	-9.646
GTTAAA	218.0	2080.0	-9.583
CGTTAG	66.0	559.6	-9.549
GCGCTA	118.0	812.7	-9.532
TGGCCC	1120.0	9960.8	-9.510
AAGGTA	232.0	2410.6	-9.476
AGGGAT	527.0	4444.9	-9.450
TCACGT	174.0	1518.1	-9.439
ATAGTA	171.0	1296.3	-9.438
TAAAAG	347.0	2807.5	-9.390
TATCGT	56.0	316.7	-9.380
CTAAGC	248.0	1931.5	-9.359
TCGTTA	48.0	426.2	-9.335
CCCGCC	935.0	8242.1	-9.274
TAACAG	252.0	1971.3	-9.253
GGACTG	767.0	6668.7	-9.244
TATACC	158.0	1152.7	-9.238
ATCGGA	49.0	526.5	-9.201
ACACAG	664.0	5718.7	-9.188
AATACT	227.0	1748.7	-9.148
GTCGTA	49.0	342.4	-9.133
ACGCGA	27.0	464.0	-9.115
CGATTA	53.0	297.3	-9.101
TTGATT	351.0	2858.5	-9.072
AATAAC	195.0	1785.7	-9.068
GTTCAG	417.0	3457.3	-9.053
TTACGC	62.0	508.4	-9.047
TTATAC	131.0	1167.2	-8.985
AATGTT	389.0	3203.3	-8.979
CCTTTA	339.0	2760.1	-8.951
CTCACC	757.0	6595.6	-8.949
ATTAAA	332.0	2750.8	-8.945
AGCTTA	207.0	1782.6	-8.918
TCTGTG	1320.0	11898.3	-8.902
GTTTTC	578.0	4937.2	-8.899
GGGGAT	710.0	6160.6	-8.899
AAGAAA	548.0	5423.0	-8.869
CTCGTT	107.0	1025.0	-8.869
TCTACA	222.0	2445.5	-8.869
TTTATC	211.0	2505.7	-8.869
GGCGCA	386.0	3180.8	-8.853
GCTTAC	211.0	1623.3	-8.853
TCAGAC	337.0	2745.2	-8.848
GATGTT	395.0	3266.8	-8.839
AAACCA	364.0	3070.4	-8.816
AACGGT	45.0	700.8	-8.797
CCTATT	188.0	1888.4	-8.796
ATTTAC	216.0	1927.9	-8.795
ACAGTA	227.0	1828.6	-8.789
TAGCGA	77.0	489.1	-8.769
ACTAAT	181.0	1367.0	-8.749
ACGGAT	51.0	716.8	-8.714
ATACAC	156.0	1625.2	-8.685
CTTATG	259.0	2047.3	-8.656
AAGCAA	318.0	3386.2	-8.607
CACAGC	856.0	7550.8	-8.578
CGATAA	40.0	306.1	-8.539
GATTCC	327.0	2665.9	-8.532
TACGAA	62.0	374.0	-8.496
CAACTT	299.0	2415.3	-8.464
GCTAAG	295.0	2379.5	-8.434
AAAGTT	334.0	2735.7	-8.426
GCTAAC	143.0	1546.8	-8.415
TAGGAC	178.0	1752.7	-8.356
AAACGA	60.0	682.4	-8.320
AGCGTT	148.0	1089.7	-8.313
CCGAAA	113.0	796.2	-8.290
GTAAAA	294.0	2376.5	-8.278
AAGTAT	180.0	1607.4	-8.268
CGTTGA	94.0	638.3	-8.228
TGACAA	308.0	2509.1	-8.225
TTAGTT	282.0	2276.8	-8.216
GTATCC	190.0	1454.1	-8.211
CGGTAA	65.0	609.7	-8.208
ACAACC	240.0	1898.1	-8.203
GGCAGT	688.0	6003.1	-8.195
AGTATC	163.0	1226.0	-8.161
AAATAA	531.0	4835.4	-8.152
ATTCGA	43.0	418.7	-8.127
TCAGTG	640.0	5563.2	-8.123
CGCGTT	57.0	729.0	-8.117
CGTCAC	148.0	1545.4	-8.097
AACGAA	48.0	546.2	-8.097
GTTTAT	325.0	2665.9	-8.091
GAGCAG	1001.0	8950.5	-8.064
ACCTAA	193.0	1486.9	-8.063
AAAAAG	460.0	4543.4	-8.024
GTTTAG	215.0	2017.9	-8.024
CCCAAA	498.0	6239.0	-8.024
AAAGCT	355.0	3349.8	-8.024
TCCGTT	86.0	959.9	-8.024
TTTCAA	274.0	3089.3	-8.024
TAGAAG	234.0	2427.9	-8.024
TTCGCA	65.0	725.2	-7.992
AATTGG	271.0	2185.1	-7.947
GTCACG	186.0	1428.5	-7.913
TAACCT	247.0	2029.3	-7.899
TGTTTA	441.0	3737.9	-7.871
AAGTTA	167.0	1730.1	-7.839
CGTACC	67.0	544.6	-7.825
TGCTTC	733.0	6447.7	-7.822
CAGTGC	762.0	6726.3	-7.789
TACACC	209.0	1643.0	-7.720
TATTCT	344.0	2853.4	-7.688
TTCGTT	121.0	879.7	-7.685
CTTATA	141.0	1439.5	-7.662
TCCTTA	338.0	2807.9	-7.647
CCAGGG	1492.0	13658.2	-7.563
GTACCG	98.0	686.5	-7.525
AACCGT	62.0	698.9	-7.465
CACAGG	913.0	8174.3	-7.421
TGAAAT	472.0	4046.9	-7.405
GTCGTT	70.0	659.8	-7.403
CACTGT	749.0	6632.4	-7.389
ACGGAA	125.0	924.0	-7.340
ACTATC	89.0	959.8	-7.324
ATAACT	179.0	1472.2	-7.319
ATCAGT	263.0	2191.1	-7.304
CTAAGA	234.0	1877.8	-7.297
CGTGAC	187.0	1457.2	-7.283
CTGCTC	1200.0	10911.1	-7.261
GAAAAA	474.0	4334.3	-7.241
AGACGC	184.0	1712.9	-7.241
CATAGC	176.0	1944.3	-7.241
ACTTGA	322.0	3154.0	-7.241
TGTTAA	255.0	2581.9	-7.241
TTAATG	246.0	2512.0	-7.241
ATTTGA	318.0	2885.8	-7.241
CTATTG	177.0	1825.7	-7.241
AAAAGA	444.0	4200.2	-7.241
GTTAGC	152.0	1704.4	-7.241
ACCTAC	162.0	1780.7	-7.241
GGGCTT	867.0	7758.6	-7.222
ATAAGG	225.0	1797.3	-7.216
TCGTTT	140.0	1049.1	-7.198
AGGGTC	651.0	5726.5	-7.193
CTCCTC	1188.0	10809.0	-7.174
CGTTTT	177.0	1380.9	-7.166
CGGGGC	1026.0	9264.6	-7.152
TGAATT	374.0	3158.4	-7.114
CTCGGA	235.0	1894.0	-7.112
TACGGC	92.0	645.1	-7.099
ATGACT	325.0	2710.6	-7.085
ACACGA	72.0	685.9	-7.082
GCGTTA	41.0	556.2	-7.064
GTTTCG	144.0	1089.4	-7.053
TAGAGT	249.0	2027.0	-7.051
TCGGCA	159.0	1223.1	-7.039
AGTACG	43.0	437.5	-7.028
AATGTA	237.0	2363.4	-7.004
CAGAGC	922.0	8296.1	-6.981
TTAGAT	207.0	1680.9	-6.981
AGTTTA	271.0	2225.3	-6.973
ACCTTA	189.0	1722.6	-6.948
CGATAC	41.0	234.6	-6.944
ATAGGA	166.0	1860.2	-6.929
GAATCT	318.0	2652.0	-6.903
AGAAAT	484.0	4184.0	-6.881
GACTTA	143.0	1509.6	-6.875
TAAAAA	589.0	6077.8	-6.870
TCCGAT	52.0	571.9	-6.854
GTGTGC	1194.0	10899.2	-6.820
ATGTAA	233.0	2808.2	-6.804
AAAAAA	1828.0	16968.8	-6.802
TGATTA	230.0	1862.4	-6.744
GGCGTA	102.0	739.5	-6.739
ATTAAG	166.0	1733.2	-6.729
TAGAAA	373.0	3168.9	-6.728
AAGTTT	383.0	3266.5	-6.706
TCGATA	42.0	245.1	-6.690
TCGTAG	78.0	536.4	-6.675
CCTTTC	724.0	6451.6	-6.648
TGTCCC	916.0	8274.1	-6.627
ACTTTT	486.0	4220.8	-6.618
GTTAAG	190.0	1738.0	-6.618
ATGAAA	421.0	3621.7	-6.617
CACTCC	685.0	6088.1	-6.555
GACGCG	112.0	1396.7	-6.518
ATATGC	156.0	1698.0	-6.518
GGTTAT	170.0	1631.9	-6.518
ATGATT	224.0	2463.1	-6.518
TGTCGA	53.0	559.4	-6.518
TATTCC	208.0	2207.2	-6.518
AGAGAA	598.0	5277.8	-6.509
TCGTAA	36.0	364.6	-6.506
TCCTCT	955.0	8649.7	-6.485
CAGTAA	275.0	2284.9	-6.475
AACAAA	392.0	3769.4	-6.457
AGTACC	203.0	1634.0	-6.435
TTCAGT	433.0	3739.7	-6.433
CGATCA	68.0	459.1	-6.384
AATAGA	235.0	1923.1	-6.378
GTACGC	52.0	518.1	-6.375
ATGACG	103.0	968.3	-6.361
CTAAAA	336.0	3766.6	-6.360
TTCGAT	56.0	410.5	-6.352
CATCTG	739.0	6620.5	-6.339
GATCGT	98.0	715.2	-6.324
TAGTAT	161.0	1264.8	-6.312
AAGATT	265.0	2198.0	-6.302
GGGAAA	712.0	6366.7	-6.291
TGTTAG	324.0	2740.7	-6.280
TTCGGG	249.0	2058.4	-6.274
CAACCA	285.0	2390.7	-6.228
CAGTCG	152.0	1186.6	-6.222
ACCAAT	179.0	1431.2	-6.221
GTACGT	82.0	969.1	-6.215
CGGGGA	626.0	5563.3	-6.208
TAACGG	76.0	614.6	-6.187
AGTACT	201.0	1627.0	-6.171
GATTTT	434.0	3766.5	-6.143
GCTGGC	1238.0	11393.0	-6.142
AAATTT	415.0	3591.1	-6.131
TTTAGA	266.0	2556.2	-6.128
GGTAAA	264.0	2197.4	-6.119
ACCGCA	195.0	1573.0	-6.113
TCCACG	249.0	2066.6	-6.112
TACGAC	39.0	325.7	-6.096
TAGACC	113.0	1290.8	-6.094
CACGTT	137.0	1434.5	-6.083
CTACCT	397.0	3428.9	-6.077
CCTCTG	1476.0	13681.1	-6.063
AAAAGT	375.0	3225.3	-6.056
TGTTCC	610.0	5425.8	-6.014
TTCACG	168.0	1338.1	-6.007
ACGTTA	67.0	459.1	-5.970
ATAGTG	260.0	2166.2	-5.970
TCCTAT	246.0	2044.3	-5.964
CTAGGA	367.0	3153.5	-5.952
ACGAAA	71.0	493.7	-5.940
ATCCGA	82.0	587.8	-5.930
TCAGAT	371.0	3193.3	-5.922
GCATTA	212.0	1870.8	-5.920
CAATAA	215.0	1766.5	-5.919
GTCTGA	475.0	4167.9	-5.908
GCCCGT	298.0	2521.6	-5.887
CGACAC	74.0	792.3	-5.872
AATAAG	238.0	1973.7	-5.867
TTAGTC	171.0	1371.7	-5.866
TAGGCC	279.0	2351.7	-5.860
TCAGAG	631.0	5641.1	-5.849
GCTACG	39.0	895.2	-5.849
AAATGT	441.0	4554.1	-5.849
CCGCAA	103.0	1081.7	-5.849
AACCAT	236.0	1957.7	-5.814
ATGTAC	198.0	1811.3	-5.812
GATACG	66.0	455.4	-5.760
TAGTAC	114.0	871.0	-5.756
GGGTAT	283.0	2394.8	-5.755
AACTAG	105.0	1378.6	-5.730
GTAAAG	263.0	2207.0	-5.722
AACCAG	376.0	3255.5	-5.703
TATTCA	178.0	2165.2	-5.698
TAGAAT	222.0	2082.9	-5.678
GACCCT	627.0	5614.8	-5.670
GCTTTA	287.0	2427.5	-5.668
ATACGT	44.0	592.1	-5.660
ACAAGT	237.0	1973.7	-5.660
AAACGT	86.0	888.7	-5.655
TTGACC	287.0	2428.6	-5.648
TTCCTC	856.0	7791.8	-5.637
AATGAT	294.0	2499.7	-5.585
CGTGGT	393.0	3418.3	-5.581
TGGATT	409.0	3567.4	-5.563
AAAAGC	286.0	3153.2	-5.552
TTAAGA	270.0	2393.9	-5.541
AAAGGT	351.0	3032.0	-5.533
GACGCC	262.0	2206.6	-5.527
ATATAG	146.0	1156.3	-5.523
GGGTTA	282.0	2399.6	-5.486
GGTATG	333.0	2870.8	-5.483
GGGTGT	1110.0	10236.5	-5.480
GAGTGA	585.0	5232.7	-5.470
TTGAAA	400.0	3495.6	-5.460
TTAATC	173.0	1600.9	-5.426
CCTACT	297.0	2537.1	-5.407
ATACTC	141.0	1115.5	-5.386
TTTGAT	360.0	3129.0	-5.379
AATAGT	181.0	1585.9	-5.377
CTAGAA	279.0	2377.0	-5.371
CACGAG	212.0	1761.1	-5.365
TCAATT	202.0	1669.1	-5.355
TACTAG	133.0	1044.3	-5.344
ATCAGA	246.0	2485.8	-5.338
CGTATA	25.0	311.6	-5.326
TAAATC	189.0	1550.5	-5.293
AATGTC	222.0	2755.0	-5.287
TTACAC	188.0	1542.5	-5.266
GACACG	149.0	1521.4	-5.231
GTAAGA	197.0	1960.5	-5.231
TCCCGT	236.0	1985.9	-5.218
TAATAT	219.0	1834.2	-5.212
AATGCG	74.0	824.8	-5.212
GCCTGG	2308.0	21842.2	-5.208
AGGCGA	200.0	1656.3	-5.208
AGAACC	344.0	2983.6	-5.206
TCTCTT	719.0	6530.4	-5.200
AACAGC	361.0	3149.7	-5.197
TATTAA	240.0	2024.5	-5.174
GATAAG	159.0	1536.9	-5.169
TCCTTG	713.0	6473.3	-5.145
GAGAAA	593.0	5330.1	-5.144
GTTAGT	193.0	1594.4	-5.138
CGGACA	152.0	1225.2	-5.130
GCCGTC	246.0	2084.9	-5.121
CAAGTC	288.0	2467.1	-5.107
TTTCGG	151.0	1218.4	-5.075
CGTTAC	34.0	500.7	-5.075
GAGCCC	966.0	8898.7	-5.065
ACGTAC	36.0	432.7	-5.064
ACTAGT	85.0	1066.4	-5.059
CTGGTT	622.0	5613.5	-5.056
CAGTAT	217.0	1823.7	-5.050
ACCAGT	282.0	2423.2	-5.020
AAATAG	289.0	2481.8	-5.019
ACTACG	71.0	514.9	-5.013
ACTCCC	506.0	4520.9	-5.007
TCAGCA	614.0	5546.8	-5.005
TATCCT	259.0	2204.7	-5.004
CTCCTT	857.0	7864.1	-5.002
TAAGAC	169.0	1386.2	-5.000
AAAGAG	493.0	4402.0	-4.977
AACAAG	293.0	2522.4	-4.969
ATTAGT	165.0	1351.9	-4.966
GCTAAA	212.0	1780.0	-4.962
AAAACC	274.0	2867.1	-4.960
GAGAGC	602.0	5437.9	-4.951
TCTGAA	468.0	4164.0	-4.948
CATATC	176.0	1454.6	-4.921
AAAGCG	148.0	1196.8	-4.913
TTCGGA	59.0	872.8	-4.897
GCTATA	113.0	1213.8	-4.896
TAAAAT	431.0	3953.7	-4.862
GTAGCA	245.0	2088.0	-4.853
TTCTAG	356.0	3123.5	-4.831
GAAATA	321.0	2794.0	-4.787
GATTTG	361.0	3175.1	-4.785
GAAATG	546.0	4922.8	-4.781
CTCTCC	1066.0	9888.5	-4.781
AAAATT	468.0	5183.8	-4.763
TCAGTA	244.0	2085.0	-4.748
CGGATA	58.0	410.4	-4.725
TTTCTA	434.0	3861.3	-4.720
CGTCCT	281.0	2430.9	-4.718
GCCTCT	996.0	9231.8	-4.700
CGAAAA	78.0	584.2	-4.676
TATGAA	169.0	2214.8	-4.662
GTTATT	206.0	2212.3	-4.662
ATGTTA	229.0	2252.6	-4.662
TTATTC	247.0	2345.0	-4.662
AGTTAG	171.0	1800.8	-4.662
GACCGT	104.0	1142.0	-4.662
TATCAG	164.0	1815.5	-4.662
TTAGTA	231.0	2896.5	-4.656
TAGAAC	181.0	1515.5	-4.613
TTTACG	67.0	573.1	-4.602
GCTTAT	218.0	1856.5	-4.571
CTTTTT	824.0	7590.7	-4.567
TAAAGC	207.0	2011.0	-4.565
TCTACG	95.0	738.3	-4.546
AGTGTT	427.0	3805.7	-4.526
AGGGCC	951.0	8817.9	-4.522
TACGAT	37.0	300.6	-4.513
ATCGTT	67.0	492.3	-4.511
AGGTAG	369.0	3262.6	-4.504
TTCCCA	794.0	7311.3	-4.503
TGGTAA	299.0	2608.5	-4.494
TACGAG	38.0	495.0	-4.488
CTTGAT	283.0	2463.3	-4.482
TTCCGA	83.0	923.7	-4.476
ATCGAC	55.0	390.3	-4.438
ATGGAA	432.0	3863.7	-4.421
TCTTTG	648.0	5917.1	-4.421
AACTCG	107.0	850.5	-4.416
TAATAG	134.0	1400.2	-4.410
AAAATA	572.0	5879.4	-4.392
ACCCAA	299.0	2615.2	-4.376
ATACTT	219.0	1875.6	-4.376
ATAACG	40.0	399.3	-4.372
TCGAGG	222.0	1895.5	-4.348
TTTCTG	917.0	8513.1	-4.346
GTTAAC	127.0	1245.1	-4.345
TGTGAT	557.0	5061.4	-4.337
AGCGAA	102.0	808.8	-4.336
CGTTGG	178.0	1499.6	-4.332
TAAAGT	265.0	2299.6	-4.330
AGTCTA	113.0	1606.1	-4.291
GTATCG	50.0	351.1	-4.285
AAGAGT	324.0	2855.5	-4.281
GTAGGA	303.0	2662.7	-4.255
AAGACG	136.0	1113.5	-4.222
GGCTTA	295.0	2586.9	-4.217
TTTAAG	360.0	3204.4	-4.207
TTGAAC	242.0	3553.3	-4.199
GGAGCC	1080.0	10104.3	-4.190
AATACC	170.0	1431.0	-4.186
TTATAA	238.0	2263.9	-4.168
CTTTGA	448.0	4033.6	-4.163
CGTTCA	105.0	841.6	-4.157
CCGTAA	51.0	536.9	-4.151
ATGAAC	192.0	2275.4	-4.151
CTTAAG	167.0	2140.9	-4.139
GTCTGT	758.0	7003.4	-4.118
GTAGAC	160.0	1341.4	-4.118
GTTCTT	455.0	4109.0	-4.109
TAGCTC	256.0	2235.4	-4.102
CGAGCT	205.0	1756.7	-4.099
TCAGTT	399.0	3579.6	-4.087
TATACG	33.0	361.4	-4.074
AGAATA	189.0	2048.1	-4.047
ATAGGT	196.0	1674.9	-4.046
ATAAGA	129.0	1697.9	-4.045
AGCCCG	389.0	3483.7	-4.042
TTGATC	217.0	1874.1	-4.037
CAAAGC	385.0	3457.0	-3.993
TAGGGA	382.0	3428.4	-3.985
TATAGT	167.0	1413.9	-3.976
CAGTAC	205.0	1764.4	-3.963
CTGGCT	1427.0	13497.1	-3.949
ACCGTC	76.0	1133.0	-3.944
CTTATT	283.0	2497.7	-3.929
AGCTAG	265.0	2325.1	-3.885
CTAATA	156.0	1315.0	-3.878
TCTAGG	365.0	3267.4	-3.876
CGAGTG	236.0	2056.1	-3.864
AGATTT	348.0	3110.9	-3.859
TAATAC	151.0	1268.9	-3.854
TAGCGT	73.0	563.8	-3.835
GTACTA	111.0	908.6	-3.834
GTCTAA	110.0	1387.1	-3.831
TAAATA	344.0	3132.4	-3.829
ATCTGA	339.0	3034.5	-3.816
AAACCG	75.0	881.3	-3.815
TGAAGC	464.0	4213.5	-3.814
AAACCT	348.0	3114.2	-3.802
CTAGAG	337.0	3017.5	-3.787
GCTGAC	502.0	4580.7	-3.785
GATGAG	485.0	4418.6	-3.777
GTGTTA	268.0	2362.6	-3.760
TTACCT	288.0	2548.9	-3.753
GCGGGA	526.0	4818.4	-3.753
GATTAA	178.0	1529.2	-3.729
TACCGC	83.0	773.4	-3.728
TTCATA	226.0	1968.1	-3.727
TAGATC	134.0	1116.3	-3.710
CGTAGG	111.0	913.1	-3.704
CTGACG	196.0	1692.1	-3.699
TTACCA	196.0	1897.2	-3.690
CGCGTA	33.0	309.6	-3.685
CAAACC	295.0	2621.8	-3.681
CGTCAG	198.0	1712.6	-3.675
GTATTA	153.0	1296.5	-3.669
GTAGAT	188.0	1617.0	-3.667
AAAACG	96.0	934.8	-3.665
ACTCAA	201.0	1895.9	-3.660
ATCCGC	69.0	1458.4	-3.660
GAGTAC	171.0	1467.1	-3.647
CGAGAA	140.0	1176.0	-3.646
TCAAAT	237.0	2390.0	-3.644
TCCATA	208.0	1812.0	-3.631
CCATAG	220.0	1926.8	-3.624
GAACTT	305.0	2724.7	-3.620
CTCGTC	175.0	1506.7	-3.612
AAAAAT	698.0	8095.3	-3.605
GATAGC	143.0	1206.0	-3.595
TCGAAT	51.0	414.9	-3.576
CTTACA	228.0	1997.2	-3.569
ACGGTA	48.0	522.8	-3.565
AGAGTG	609.0	5629.2	-3.559
TGAAAA	478.0	4377.6	-3.558
GTAAAC	159.0	1924.4	-3.555
AAACAA	408.0	3702.0	-3.554
CATAAT	187.0	1614.9	-3.548
TGGGGT	1485.0	14122.7	-3.547
TACCAG	263.0	2329.5	-3.535
GCTTAA	170.0	1862.9	-3.531
CAGGGA	1112.0	10505.6	-3.524
TACTTA	154.0	1531.3	-3.521
CGAGGC	433.0	3946.7	-3.520
ACTATA	119.0	1153.8	-3.501
ATCTAG	174.0	1503.3	-3.490
TTCTCT	874.0	8197.7	-3.486
AGCAGT	490.0	4497.3	-3.477
TAATCG	42.0	301.8	-3.476
TACCGA	54.0	406.8	-3.476
GATAGA	177.0	1534.7	-3.452
GAATAG	210.0	1840.2	-3.452
TTAGAC	147.0	1347.2	-3.442
TTATGA	241.0	2131.6	-3.432
CAGCTT	655.0	6091.2	-3.425
TCGACT	71.0	558.9	-3.422
TATTTG	372.0	3373.6	-3.420
AATAAA	457.0	4546.2	-3.411
CGAAAT	50.0	490.1	-3.410
GAAAGG	612.0	5676.7	-3.408
CCCGTA	83.0	668.9	-3.386
TCGTAC	40.0	286.7	-3.383
AAACAC	253.0	2928.7	-3.362
ATAAAT	330.0	3398.2	-3.362
AGAACA	394.0	3588.7	-3.361
TACCTA	163.0	1440.6	-3.351
CACCTG	1303.0	12384.8	-3.351
GAGGTG	1209.0	11475.5	-3.347
CTCTAG	323.0	2913.2	-3.324
ATGAGA	417.0	3813.3	-3.316
TAAGTT	176.0	2004.0	-3.312
CATTGA	277.0	2481.7	-3.307
GTCTTC	455.0	4179.3	-3.287
ATAAAC	171.0	1839.0	-3.277
TGTAGC	306.0	2759.1	-3.274
AGCTCT	655.0	6109.9	-3.273
TATACA	151.0	1758.3	-3.271
AATAGG	205.0	1803.5	-3.264
TTCTGA	527.0	4876.2	-3.259
GAGCTC	603.0	5611.5	-3.245
GGCGTT	193.0	1690.4	-3.230
TAGAGG	377.0	3439.5	-3.220
CTAATG	252.0	2252.5	-3.219
ACGCTC	146.0	1252.6	-3.216
TTGTGT	710.0	6645.1	-3.183
AAATCT	319.0	2885.8	-3.175
ACGAGC	121.0	1029.4	-3.157
CTTTAG	272.0	2443.8	-3.156
ACGGTC	82.0	900.6	-3.149
GGAGTA	256.0	2297.4	-3.145
CCCCAA	617.0	5758.0	-3.141
GTTACT	215.0	1908.7	-3.140
GTCTAC	174.0	1523.6	-3.139
TATTAG	163.0	1418.5	-3.136
TTAAGC	145.0	1652.5	-3.133
AGATGC	476.0	4398.5	-3.123
CGAATT	64.0	505.1	-3.122
GGTTTA	254.0	2280.8	-3.101
TGTAAC	236.0	2105.1	-3.101
TTTCTC	799.0	7522.1	-3.061
AACGAG	106.0	893.5	-3.055
GACTAG	170.0	1490.5	-3.040
TTTATT	694.0	6515.6	-3.039
GGTAGT	214.0	1905.3	-3.038
CGGGAC	328.0	2986.3	-3.037
TTATCA	156.0	1885.7	-3.033
AATCGA	50.0	468.2	-3.030
GATCAA	151.0	1310.2	-3.017
CTACGG	113.0	961.7	-3.004
GAGCGG	422.0	3893.4	-2.988
CTAGAC	152.0	1497.5	-2.950
TCGAAG	79.0	648.7	-2.941
AGTAAT	203.0	1805.9	-2.925
TAGACT	178.0	1575.6	-2.909
CTTCTA	314.0	2867.2	-2.903
TGAGGC	998.0	9491.4	-2.902
GATTCG	72.0	586.6	-2.894
ACCGTA	41.0	421.4	-2.889
CAGATG	662.0	6217.4	-2.888
AATTAG	223.0	3138.2	-2.886
GTTGAA	269.0	2434.5	-2.885
AGCGTC	179.0	1586.4	-2.883
ACATTC	286.0	2602.2	-2.880
AACATT	302.0	2751.3	-2.877
CGAACC	83.0	692.3	-2.867
TACTTT	340.0	3110.4	-2.861
GGAGCT	985.0	9365.6	-2.860
TGATCT	465.0	4313.7	-2.859
TACTGG	314.0	2872.9	-2.854
CTCAGT	568.0	5313.3	-2.853
CACTTA	220.0	2202.2	-2.851
GGTCTA	190.0	1685.3	-2.844
AAGCCG	189.0	1676.5	-2.836
AGGAGG	1529.0	14692.3	-2.822
CGAAGG	177.0	1571.3	-2.819
AGTCAA	199.0	1774.5	-2.817
GGGCAG	1742.0	16782.9	-2.809
TGCACC	686.0	6460.2	-2.808
CTTCCG	266.0	2411.1	-2.796
AAGTCA	306.0	2798.0	-2.794
CTCTCA	549.0	5135.1	-2.770
TTTGGA	512.0	4785.3	-2.765
CGTAAT	53.0	418.6	-2.758
TAGGAA	323.0	2960.5	-2.756
ACTAGA	163.0	1440.5	-2.748
ACGACT	69.0	589.7	-2.747
CTCCGT	269.0	2445.5	-2.740
TACGCT	58.0	493.6	-2.738
TAGTTC	184.0	1634.0	-2.735
CGTGAA	160.0	1413.4	-2.725
TACGTA	42.0	425.0	-2.716
AGAGCT	589.0	5537.7	-2.715
TTTTGG	644.0	6072.1	-2.709
ACCTTC	405.0	3759.7	-2.704
CGAATC	61.0	492.9	-2.703
TAAGAA	274.0	2497.5	-2.701
AGTTCA	348.0	3205.5	-2.700
ATAGCG	57.0	456.2	-2.697
GGTCAC	441.0	4108.0	-2.676
GTTCTA	229.0	2067.1	-2.672
CGACAA	59.0	475.9	-2.670
CAGGGC	1355.0	13014.3	-2.660
CCCAAT	223.0	2009.4	-2.654
ACGCAG	239.0	2166.2	-2.653
TTGTAA	308.0	2829.9	-2.652
AGTCGA	62.0	503.6	-2.648
GTCGCG	120.0	1045.7	-2.638
CTCAGA	586.0	5516.9	-2.635
CTTTTG	566.0	5318.8	-2.633
ACAGCC	612.0	5769.9	-2.619
TATCCG	59.0	477.7	-2.613
AGCCTT	543.0	5102.3	-2.610
ATTACG	48.0	377.4	-2.603
CGCTTA	63.0	575.5	-2.600
GGTGTA	282.0	2586.1	-2.587
ACAAAC	257.0	2339.1	-2.585
ACCTAT	164.0	1461.9	-2.574
GTCAAT	143.0	1259.3	-2.564
TACCAA	158.0	1405.1	-2.544
ACTCGT	82.0	731.8	-2.535
TTGACG	66.0	677.7	-2.531
AATTTC	290.0	2661.2	-2.531
CCGTTA	46.0	529.1	-2.517
TTATTT	711.0	6744.6	-2.511
TGACTA	174.0	1562.0	-2.495
CACAGA	604.0	5712.6	-2.491
TGTTTG	794.0	7561.4	-2.488
TAATGC	207.0	1875.9	-2.483
CAAGAA	345.0	3197.0	-2.481
AATATC	164.0	1467.9	-2.479
GTCCAC	365.0	3388.3	-2.469
ATTTCG	74.0	621.8	-2.466
TCATTA	223.0	2023.1	-2.463
TCGGTC	114.0	998.4	-2.461
ACGCCG	118.0	1351.8	-2.457
ACGGGC	250.0	2290.3	-2.451
TACTAA	225.0	2424.7	-2.445
GCGCAA	111.0	970.0	-2.439
TCCTCG	253.0	2321.4	-2.437
AAATAC	266.0	3470.4	-2.434
CTGGGG	2394.0	23290.0	-2.409
GCCGGT	222.0	2019.0	-2.403
AGTATT	214.0	1950.8	-2.402
CTCGAC	95.0	823.0	-2.381
GAATTT	340.0	3156.5	-2.371
ATTTTC	466.0	4377.4	-2.369
GTGTAG	324.0	3006.4	-2.358
ATCGAT	44.0	349.4	-2.349
ATTAGG	136.0	1926.3	-2.346
ATCTCG	179.0	1623.3	-2.328
ACCAAG	308.0	2859.1	-2.324
CTTGTA	266.0	2451.7	-2.312
TCGTTC	90.0	778.0	-2.305
CATCGA	89.0	769.1	-2.297
CCCCTT	790.0	7548.3	-2.296
TAGTTA	142.0	1266.4	-2.290
CCAGTG	768.0	7334.5	-2.286
GACCAA	236.0	2166.4	-2.283
AAACAT	327.0	3046.0	-2.274
TTAAGT	215.0	2318.1	-2.256
ATAAAA	369.0	3912.2	-2.256
AGTTGT	314.0	2928.0	-2.250
AGAGCC	656.0	6252.0	-2.249
TAATGT	252.0	2328.2	-2.249
GTATAC	117.0	1038.2	-2.248
TCGTCT	142.0	1269.8	-2.242
AAACAG	405.0	3808.8	-2.241
TAGCTT	240.0	2209.5	-2.241
ACTACT	164.0	1483.3	-2.238
TACGCC	51.0	685.4	-2.235
TGATGA	413.0	3881.9	-2.233
GTAACC	145.0	1536.0	-2.233
TGTAGA	328.0	3059.8	-2.230
ACTTAT	165.0	1497.0	-2.188
AACAAC	160.0	1798.0	-2.187
ACGAGG	218.0	2007.5	-2.176
TTATGC	191.0	1742.8	-2.168
ATAGTT	143.0	1667.6	-2.164
CCTCCA	919.0	8833.3	-2.163
ATTACC	147.0	1323.5	-2.159
AAGAGC	398.0	3747.2	-2.157
AGCCCC	978.0	9420.0	-2.155
TAATAA	219.0	2548.9	-2.142
ATCCTA	157.0	1825.6	-2.128
ACGTGA	171.0	1559.2	-2.124
TCTTGT	475.0	4501.4	-2.118
TCCGTC	184.0	1679.5	-2.099
AGGTCT	462.0	4381.9	-2.091
AGAGCG	237.0	2193.6	-2.088
GAGGAA	733.0	7025.7	-2.071
AAGTCG	51.0	724.4	-2.068
TGATTT	443.0	4198.3	-2.066
GATAAA	199.0	1970.8	-2.061
CACAAA	337.0	3169.0	-2.056
TGATGC	393.0	3709.7	-2.043
TCAATA	154.0	1399.8	-2.042
CGGCCA	341.0	3201.3	-2.039
AGCACA	484.0	4594.8	-2.039
ATGACC	269.0	2507.2	-2.034
ACAAAT	259.0	2408.0	-2.024
TTCTAT	279.0	2608.4	-2.024
CGCGGT	192.0	1764.2	-2.022
CTATAA	144.0	1748.2	-1.992
CAATTG	146.0	1325.2	-1.990
GCAATA	154.0	1404.4	-1.986
TATAGC	94.0	1088.5	-1.985
CAAATC	224.0	2074.5	-1.977
GAGAGT	396.0	3748.7	-1.976
GTAGTA	132.0	1190.2	-1.975
AAGATA	177.0	1630.2	-1.973
TTGGAA	451.0	4282.7	-1.971
TTTTCG	106.0	949.5	-1.970
TAGTTG	196.0	1807.1	-1.967
CGGTCA	124.0	1123.4	-1.962
TGTAAA	413.0	3913.1	-1.962
TAATCC	319.0	4056.2	-1.957
GCTCTC	612.0	5863.2	-1.945
GACGAG	162.0	1486.6	-1.929
ACGAGA	101.0	903.2	-1.927
AAATCG	49.0	579.6	-1.925
GAATAC	138.0	1252.4	-1.923
CATAAC	115.0	1101.8	-1.905
GCCCTC	881.0	8508.8	-1.903
TATAGA	142.0	1294.0	-1.900
GGCGAG	382.0	3625.0	-1.898
TCGGTT	93.0	829.3	-1.893
ATATTC	190.0	1756.0	-1.883
ATATCG	11.0	249.0	-1.865
TTATCG	40.0	329.6	-1.864
GGGCGC	753.0	7265.3	-1.862
GCGGAA	171.0	1580.3	-1.861
CATAAG	164.0	1511.9	-1.855
AAATCA	257.0	2656.6	-1.841
AACACC	255.0	2397.5	-1.834
GCGAAA	52.0	780.2	-1.834
GGCCGG	775.0	7486.6	-1.833
AGAAGA	468.0	4468.3	-1.822
GTCGAA	45.0	377.6	-1.818
TAGACG	67.0	585.3	-1.817
CGTAGA	62.0	537.9	-1.816
ACATCG	80.0	709.1	-1.815
CTCGTA	43.0	496.5	-1.797
TAAGTG	304.0	2874.1	-1.796
GTACTT	211.0	1971.3	-1.795
GGTCAA	246.0	2311.8	-1.788
TTCCGG	230.0	2152.2	-1.782
AACGTC	76.0	672.1	-1.779
CACCTA	259.0	2433.8	-1.776
CCTTGA	434.0	4146.0	-1.761
TACAGT	250.0	2354.8	-1.758
GTACGA	40.0	333.3	-1.756
CGACCA	87.0	779.0	-1.753
AAATAT	357.0	3399.1	-1.740
TAGTCA	171.0	1590.4	-1.739
TTCCAG	735.0	7107.9	-1.725
CTATCG	47.0	400.6	-1.711
TCGTGT	160.0	1484.8	-1.709
GGCTTC	752.0	7283.4	-1.702
CCTCGA	153.0	1416.4	-1.701
TAGATG	235.0	2210.8	-1.697
CCTATC	184.0	1712.3	-1.695
GCACAG	757.0	7328.6	-1.694
AGTGCC	534.0	5134.9	-1.691
AGTTGA	250.0	2361.2	-1.689
TTCGTG	170.0	1585.6	-1.683
TAATTA	198.0	2118.7	-1.677
GCCAAA	294.0	2787.2	-1.672
GGATCG	116.0	1065.0	-1.671
TATCGC	44.0	374.1	-1.662
CAGAGA	693.0	6710.3	-1.658
GAAGTA	187.0	1746.3	-1.652
GTATAG	120.0	1106.6	-1.650
GAAGAT	303.0	2881.2	-1.646
ATAATC	159.0	1480.4	-1.640
TACCGG	78.0	700.1	-1.636
GGTACT	211.0	1987.5	-1.635
AAAGGG	542.0	5228.5	-1.630
GGTTCT	497.0	4790.7	-1.618
GTCCTG	953.0	9285.2	-1.612
AACGCT	91.0	827.3	-1.609
CAAAAC	249.0	2722.6	-1.609
TGGCAT	572.0	5528.4	-1.599
ACTTAG	198.0	1861.4	-1.598
TGCTAC	263.0	2492.0	-1.597
GATCGG	96.0	876.5	-1.593
CCCAGA	856.0	8333.5	-1.576
TGGTTT	661.0	6404.0	-1.574
GGAGGT	1004.0	9798.3	-1.563
GTAAGC	177.0	1665.2	-1.559
CAGGGG	1241.0	12141.5	-1.554
ATATCT	207.0	1955.1	-1.554
TTGGAC	267.0	2538.2	-1.553
GGGCAC	827.0	8053.7	-1.553
GATTTC	304.0	2904.6	-1.543
TCTTCC	806.0	7848.1	-1.541
CATAGT	209.0	1976.5	-1.539
AATATA	202.0	1907.2	-1.536
TCGAAA	38.0	489.6	-1.535
CAGTTC	385.0	3704.7	-1.530
GGAAAT	416.0	4004.5	-1.526
ACGGCC	229.0	2168.6	-1.526
TGATAA	174.0	1921.8	-1.524
CGGTAT	47.0	413.7	-1.519
CCCCGT	358.0	3438.9	-1.517
AGATTG	276.0	2635.1	-1.503
AAATCC	267.0	2544.2	-1.501
TAGCAA	188.0	1771.2	-1.500
AACTAC	147.0	1374.0	-1.494
ATCGTG	131.0	1217.1	-1.489
ACTAAG	149.0	1394.6	-1.487
TCTGAG	771.0	7511.8	-1.484
GCAGTA	246.0	2344.9	-1.483
GCTAGA	218.0	2073.1	-1.481
TCAAGG	378.0	3639.9	-1.480
GAATAA	199.0	2127.4	-1.480
TTAAAG	293.0	2800.1	-1.478
CATAAA	189.0	2358.9	-1.477
CACCGA	135.0	1257.2	-1.475
GCACCG	273.0	2608.3	-1.474
TCTAAT	197.0	1864.4	-1.468
GCAGAG	1066.0	10434.7	-1.448
GAACGA	79.0	721.9	-1.448
CGACGG	100.0	926.1	-1.442
GTGGTA	296.0	2835.5	-1.441
ATAGAT	154.0	1448.5	-1.438
TCGTCA	68.0	1111.4	-1.433
TTGAAG	336.0	3236.9	-1.423
TCTCTC	857.0	8378.3	-1.421
TTTTCT	970.0	9499.7	-1.414
AATGGA	359.0	3463.9	-1.413
CTACGA	50.0	519.9	-1.412
GATTAG	145.0	1362.8	-1.408
GTCGAT	41.0	357.1	-1.403
GTTCCT	540.0	5246.8	-1.403
CGATGA	88.0	812.0	-1.399
TAGACA	193.0	1832.0	-1.398
GTGAAC	295.0	2831.0	-1.395
ATATCC	150.0	1413.1	-1.394
CCGCTG	467.0	4815.3	-1.384
CCAGAC	497.0	4829.8	-1.381
GCCTTC	657.0	6410.9	-1.381
CGACTC	107.0	1000.3	-1.373
TATTCG	39.0	406.9	-1.372
CCATGG	685.0	7500.8	-1.370
TGAGCG	259.0	2479.1	-1.370
CAATAC	112.0	1049.9	-1.368
AACCAC	268.0	2571.6	-1.365
TATTGA	186.0	1765.2	-1.364
TGGTGT	607.0	8269.4	-1.364
GGTAGA	246.0	2815.5	-1.362
AACGGA	84.0	775.6	-1.361
GGGACT	765.0	7484.9	-1.359
TTCGAA	60.0	542.1	-1.354
CCACGA	145.0	1367.1	-1.353
TTCGGT	72.0	854.2	-1.351
TGGAAC	368.0	3555.4	-1.349
ATAAGC	157.0	1487.6	-1.345
GAGGTA	272.0	2614.2	-1.344
GGGATA	218.0	2368.0	-1.343
ATCCCG	160.0	1519.0	-1.338
TGATCA	246.0	2361.2	-1.337
GGCCTA	288.0	2768.1	-1.334
GACTAA	109.0	1210.3	-1.331
TAGGTA	168.0	1683.8	-1.330
GCGATA	42.0	370.3	-1.329
CGCTAT	70.0	641.2	-1.326
ATCGGC	76.0	700.0	-1.326
CTTAGC	272.0	2617.4	-1.321
TCCCCA	972.0	9949.0	-1.314
CCGATG	100.0	1084.2	-1.314
CAGGGT	894.0	8772.3	-1.299
AGACTA	155.0	1472.3	-1.297
GTGATG	562.0	5762.6	-1.296
AACTCT	257.0	3063.2	-1.295
CGCAAA	80.0	741.4	-1.292
GGCACG	316.0	3148.2	-1.292
TAAGGG	296.0	2856.9	-1.287
CAGTGA	705.0	6905.0	-1.286
ATTGAT	204.0	1954.5	-1.286
CTAGCC	248.0	2388.4	-1.285
ACATAG	213.0	2045.8	-1.281
GTTAAT	131.0	1667.3	-1.275
TCGCTA	57.0	518.3	-1.271
AATCAA	174.0	1665.0	-1.270
TTTCCT	887.0	8894.3	-1.270
CTTGGG	934.0	9927.8	-1.267
CTTGGA	526.0	5135.8	-1.261
CTGAAC	350.0	3394.8	-1.255
TATTTA	360.0	3498.4	-1.254
CCCGAA	132.0	1328.6	-1.252
CCTATA	148.0	1407.7	-1.251
GTAGAG	353.0	4636.1	-1.249
AATAAT	280.0	2973.7	-1.247
TATGAT	184.0	1757.8	-1.245
GGCCGC	566.0	5742.4	-1.243
GTATTG	174.0	1667.5	-1.242
TAAGGA	268.0	2587.5	-1.240
CCACTA	213.0	2051.0	-1.230
GGTGCC	737.0	8592.9	-1.223
AGCGAG	256.0	2478.5	-1.221
TGTCTC	800.0	7856.9	-1.213
ACCGAT	47.0	425.5	-1.211
GTCAGA	369.0	3588.1	-1.209
GTCCTC	547.0	5453.4	-1.208
GCTCGT	133.0	1327.2	-1.207
AGACCG	120.0	1142.5	-1.203
GCCCCG	676.0	6787.1	-1.203
AGGAGC	831.0	8167.1	-1.202
GTAATA	139.0	1322.2	-1.197
CTGCTA	360.0	3507.8	-1.195
GAGAGG	993.0	9869.1	-1.195
TTAGGG	286.0	3257.1	-1.193
TACTTC	216.0	2086.7	-1.193
TTGGTA	245.0	2371.3	-1.187
ATTCCC	345.0	3354.4	-1.186
AGAGGC	764.0	7514.7	-1.185
ACTTGG	520.0	5088.3	-1.182
ATCAAA	179.0	1725.0	-1.179
GCCTAT	186.0	2016.8	-1.178
TAAGCG	57.0	630.0	-1.174
CACTAC	177.0	1705.9	-1.173
GCGACC	147.0	1405.7	-1.173
ACTGCT	454.0	5311.2	-1.170
TCCTCC	1121.0	11057.1	-1.166
AGCAGA	578.0	5665.6	-1.163
AACAGA	337.0	3418.3	-1.155
TTGCGC	123.0	1177.3	-1.154
TTTCAC	475.0	4730.1	-1.153
GGTCCT	629.0	6183.7	-1.139
TGAGTG	804.0	8020.7	-1.139
CACTGA	424.0	4635.0	-1.132
TTCAAC	192.0	1851.4	-1.130
AGTTCT	418.0	4090.8	-1.129
GACGTT	89.0	842.7	-1.128
CCGACA	104.0	991.3	-1.128
AAATGA	423.0	4142.2	-1.127
GTCTAG	205.0	1983.6	-1.124
AGATTA	186.0	1792.9	-1.120
CAACGC	89.0	843.5	-1.116
CCGAAC	54.0	697.4	-1.116
ACTCGA	58.0	561.6	-1.115
AATGCT	311.0	3729.0	-1.112
GCAGTT	406.0	3978.7	-1.111
GATTAT	194.0	1874.7	-1.111
ATCCAA	173.0	1673.4	-1.108
AACTGA	278.0	2943.7	-1.106
CGGTCC	191.0	1844.2	-1.106
GAACAG	381.0	3730.6	-1.105
AAAGTG	351.0	6016.9	-1.102
ATCCAC	196.0	3162.6	-1.100
ATGATC	242.0	2352.2	-1.100
TAAAGG	275.0	2679.8	-1.098
ACAGCA	538.0	5286.7	-1.094
AATACG	47.0	456.8	-1.093
AGCCTG	1317.0	13050.0	-1.092
GTTCGA	111.0	1063.7	-1.092
CGTATT	54.0	500.2	-1.091
CCGACC	189.0	1827.2	-1.083
TCTATC	145.0	1697.2	-1.080
TGTCGC	107.0	2044.6	-1.080
ATCAAC	127.0	1225.2	-1.075
ACATCC	277.0	3306.1	-1.074
GTTACC	100.0	1499.6	-1.074
AAGACT	270.0	2632.2	-1.074
CTCTTT	637.0	6274.8	-1.072
GTACCA	185.0	1788.5	-1.071
GTCCCG	300.0	2930.5	-1.070
ATCTTT	355.0	3477.8	-1.069
GTAATG	207.0	2011.5	-1.067
TTGGGC	529.0	5691.2	-1.067
GCCCTT	521.0	5859.4	-1.064
AAAGTC	252.0	2459.8	-1.064
GCCGGG	791.0	8844.5	-1.057
CGCTTT	149.0	1489.8	-1.054
ATTCAC	188.0	2219.6	-1.051
ACAAGC	235.0	2398.2	-1.051
ATACGA	34.0	307.8	-1.050
CTGGTA	308.0	3016.9	-1.047
ATGCCA	434.0	4262.4	-1.046
CAGGTG	1070.0	13822.0	-1.041
ATGGAC	283.0	2770.3	-1.040
TATCGA	22.0	225.2	-1.039
ATGGTA	191.0	2308.5	-1.037
GATCCC	280.0	3176.0	-1.034
TACATT	194.0	2275.9	-1.032
CCTGTA	416.0	6396.4	-1.028
TATCCA	167.0	1964.1	-1.028
AGTAGG	278.0	2722.6	-1.023
CCCTTT	621.0	6279.3	-1.023
CTTCGA	75.0	910.9	-1.022
CGTTAT	48.0	446.7	-1.020
CCAAAC	271.0	2650.0	-1.020
AGTTGG	414.0	4070.5	-1.015
AGCAGC	849.0	8405.5	-1.014
TTGTCC	398.0	4002.3	-1.012
CCAGTA	235.0	2294.6	-1.012
ATGAAG	354.0	3760.6	-1.008
TTCGCT	106.0	1228.8	-1.008
AATTGT	223.0	2333.0	-1.006
AAGGGC	537.0	5295.3	-1.003
ATTTGG	421.0	4145.8	-1.002
TCTCCT	938.0	10494.3	-1.002
CCGCGT	123.0	1583.9	-1.000
ACTGCC	496.0	5467.8	-0.990
TCCAAA	322.0	3160.7	-0.987
ACGGAC	100.0	964.3	-0.982
CGATTG	62.0	587.2	-0.979
TGGACG	206.0	2212.6	-0.975
TATCGG	25.0	421.1	-0.975
TTGTTA	252.0	2758.4	-0.974
GGCGCG	492.0	4857.7	-0.973
GGCCCA	837.0	8296.0	-0.970
CTAAAG	214.0	2096.9	-0.966
ACTATT	154.0	1499.0	-0.965
TCAGTC	319.0	3133.2	-0.964
TTAAGG	249.0	2444.1	-0.964
GGGTCC	720.0	7848.4	-0.962
TCAAAG	288.0	2824.1	-0.962
TGAATA	259.0	2537.7	-0.960
TAAGCC	218.0	2138.7	-0.957
CTATTC	188.0	1840.9	-0.957
TTATTA	283.0	2813.2	-0.953
AATTCA	230.0	2372.5	-0.952
GTTATC	122.0	1188.0	-0.948
CCTCTT	682.0	6826.7	-0.947
AGAGGG	950.0	9428.3	-0.946
TCCAGT	428.0	4220.4	-0.945
TGTTTT	899.0	8914.7	-0.944
AGTCGG	149.0	1451.5	-0.936
GGAGAA	785.0	7790.0	-0.928
ACCAAA	231.0	2266.4	-0.925
ACATGG	445.0	5936.0	-0.924
TTCAAA	299.0	3105.2	-0.923
TGCTCC	756.0	8527.4	-0.922
GGTTTG	542.0	5369.4	-0.916
GAGAAG	662.0	6562.7	-0.915
GAGGAT	444.0	4746.7	-0.914
GCCTTA	183.0	2243.4	-0.913
TCATAT	185.0	1810.4	-0.909
TTTATA	311.0	3071.5	-0.909
AGGCTT	490.0	4850.5	-0.908
TAGCAC	177.0	1914.1	-0.906
GCGGAG	433.0	5087.8	-0.903
CCAATA	135.0	1314.1	-0.903
CGACAT	61.0	583.1	-0.903
TCAGGG	777.0	7710.1	-0.902
TCAACT	203.0	1994.8	-0.901
AGGTAC	206.0	2025.0	-0.900
ATTGGT	234.0	2301.4	-0.898
AGTGTA	221.0	2178.3	-0.895
CTATAG	135.0	1315.9	-0.895
TATAGG	167.0	1639.8	-0.894
GTCAAG	242.0	2384.3	-0.889
TAAGGC	211.0	2078.1	-0.885
AGCCTA	236.0	2323.9	-0.885
CTAAAT	198.0	1946.5	-0.883
CTAGAT	162.0	1590.2	-0.881
TGCTAA	254.0	2509.7	-0.880
GGAAGT	503.0	4984.5	-0.880
TGTACC	226.0	2509.6	-0.878
TAACAT	228.0	2243.9	-0.874
GGTATT	208.0	2049.3	-0.873
TGGTCA	483.0	4785.0	-0.872
CAACGA	57.0	546.0	-0.871
TTTGGG	857.0	9641.1	-0.871
TGCCTA	261.0	3215.7	-0.870
ACGTAG	71.0	709.6	-0.870
TAAGGT	187.0	1836.1	-0.865
TCTAGC	178.0	2115.8	-0.864
TACCGT	51.0	561.6	-0.861
TATCAC	150.0	1472.1	-0.855
GATTGA	174.0	1715.9	-0.855
AGACCC	494.0	4972.0	-0.854
GCTCTT	547.0	5428.4	-0.852
GTGGAC	409.0	4383.7	-0.849
ACACTT	259.0	2774.3	-0.840
AACCGA	48.0	576.8	-0.837
CCAACG	99.0	969.6	-0.835
CTTCGT	101.0	1480.9	-0.833
AGTAGT	177.0	1749.3	-0.833
TGGAGG	1241.0	13302.5	-0.832
CCACCT	985.0	9816.6	-0.829
CAGTTG	368.0	3648.1	-0.828
TTGATG	330.0	3275.0	-0.826
CACAAG	266.0	3037.9	-0.825
GTTGAT	192.0	2082.2	-0.824
TACAAA	281.0	3674.8	-0.822
ATTTGT	402.0	3995.9	-0.822
TCAACC	208.0	2057.1	-0.821
CTAGGG	378.0	3888.0	-0.820
AATCGT	49.0	470.1	-0.816
ATGATG	414.0	4113.5	-0.812
GCTCGC	227.0	2243.3	-0.812
ATTGTA	194.0	2059.7	-0.812
TAATTT	440.0	5628.9	-0.810
CCGGCT	458.0	4557.8	-0.807
TCTTTA	319.0	3377.1	-0.806
CGTAAG	48.0	562.0	-0.806
CATAGA	146.0	1762.3	-0.804
ATCGTC	60.0	642.9	-0.803
TATGCG	56.0	547.6	-0.803
CGTAGT	48.0	568.1	-0.801
ATTTAG	221.0	2194.9	-0.800
CGCTCC	351.0	3487.1	-0.800
GACACA	386.0	3833.8	-0.799
TATCTT	206.0	2273.0	-0.796
GTTACG	42.0	501.8	-0.796
TGAACA	320.0	3176.9	-0.795
TATGGC	220.0	2185.5	-0.794
GACCTG	649.0	6466.9	-0.793
CGGGCA	387.0	3997.5	-0.791
GTATAA	134.0	1318.4	-0.791
TCCATT	367.0	3646.7	-0.790
GGAACT	377.0	3752.6	-0.785
ACCAGC	443.0	5789.4	-0.784
GACTTT	327.0	3309.9	-0.783
CCGCTC	286.0	3127.4	-0.781
CATTTA	309.0	3352.1	-0.779
TTGATA	135.0	1605.8	-0.777
TTCTCA	527.0	5645.7	-0.776
GCCGGA	260.0	2579.3	-0.776
CCCTTG	612.0	6491.6	-0.775
GCAGCC	1144.0	11423.6	-0.774
GAGGCG	568.0	5665.0	-0.768
CATCTT	389.0	4504.8	-0.767
TCTTCG	119.0	1298.9	-0.767
CTGAGC	1006.0	10055.3	-0.766
AGGAAG	885.0	9076.0	-0.761
AAACCC	387.0	4332.2	-0.760
TTGTCG	66.0	770.3	-0.759
CCCTAT	173.0	2000.2	-0.754
GACTAC	128.0	2103.8	-0.754
AGGAAA	601.0	6004.1	-0.748
CATTAG	198.0	1967.9	-0.746
AGATAG	185.0	1834.7	-0.746
GCTTGA	286.0	3884.3	-0.745
CAGCCC	1251.0	12516.7	-0.743
GACAAG	283.0	2824.3	-0.739
TCTGGC	760.0	7597.3	-0.739
CGATGC	57.0	1042.3	-0.738
AGAACG	110.0	1092.7	-0.737
ACACAA	249.0	2519.8	-0.734
CTCCAC	633.0	6708.0	-0.733
GGAAGA	648.0	6474.9	-0.732
AGGTAA	255.0	2825.8	-0.732
CGAGTA	64.0	1114.8	-0.727
TCTGGT	531.0	5303.2	-0.721
ATCTAT	114.0	1568.8	-0.721
GTTATG	161.0	1769.3	-0.720
CCTGGC	1763.0	17656.7	-0.720
GCAGCA	843.0	8434.0	-0.719
GGGCGA	242.0	3169.3	-0.718
CTTGAC	260.0	2590.8	-0.717
TTCTCG	160.0	1594.9	-0.712
GAAGGC	568.0	5683.3	-0.706
GCTAGG	339.0	3393.9	-0.705
AATTCG	49.0	479.4	-0.704
CCTGGT	896.0	8974.3	-0.704
GACCGG	182.0	1811.2	-0.702
GGAACA	387.0	3866.7	-0.701
GTTGCC	470.0	4732.6	-0.700
CCACGT	269.0	2687.8	-0.697
TATAAG	145.0	1443.9	-0.697
ACAGTG	591.0	5913.5	-0.694
AGTTAT	164.0	1638.1	-0.694
CAGTTA	197.0	1966.0	-0.693
AACCTG	418.0	4639.5	-0.693
GGGATC	375.0	3753.5	-0.692
TAGGTT	213.0	2131.3	-0.690
CAAGTA	198.0	2227.0	-0.689
CCGGAC	183.0	1824.9	-0.685
CAGGTC	506.0	5069.4	-0.678
TGGCGC	353.0	3609.9	-0.678
GTGCGC	294.0	3777.7	-0.678
AGCTCA	546.0	5477.2	-0.676
GAAGAG	567.0	5872.6	-0.673
AGGAAC	360.0	3611.7	-0.673
TCCGCT	152.0	1982.2	-0.672
GGACAA	292.0	2921.2	-0.672
AGCGCA	152.0	1631.1	-0.665
ATTCAA	149.0	1912.9	-0.664
CCTACG	78.0	969.2	-0.664
TTTATG	341.0	3414.7	-0.661
CACCTT	474.0	4755.3	-0.660
GTCTAT	138.0	1601.6	-0.660
GACTTG	359.0	3603.6	-0.660
GGCGCT	339.0	3984.8	-0.659
TCGTGC	169.0	1695.8	-0.658
CAATTT	235.0	2355.1	-0.651
TTTAGC	209.0	2097.9	-0.651
TTCCCC	753.0	7862.1	-0.650
TGGTAG	333.0	3345.1	-0.643
GCATCA	306.0	3074.2	-0.642
TATATA	280.0	2814.9	-0.642
ATTACT	141.0	1772.0	-0.641
GTTCAC	263.0	2887.2	-0.641
CCCTCG	319.0	3200.7	-0.640
GATCGA	63.0	627.3	-0.637
TGGCGA	177.0	1781.0	-0.637
TTAGTG	218.0	2271.9	-0.635
TATCTA	134.0	1340.5	-0.634
CGACCT	150.0	1504.3	-0.634
GTTTCT	552.0	6104.0	-0.631
TTACAA	193.0	1936.1	-0.630
CTTGGC	682.0	8239.9	-0.629
AGGGCA	793.0	8384.6	-0.627
CCACGG	328.0	3297.4	-0.625
TTCATT	374.0	4315.9	-0.622
TGACAG	504.0	5065.3	-0.621
TTTCGA	54.0	537.8	-0.620
TTTTGA	414.0	5342.6	-0.620
CATCGT	114.0	1149.0	-0.619
CGGAAT	75.0	751.4	-0.619
CGGTTG	122.0	1231.5	-0.616
CCCATA	197.0	1980.2	-0.615
ACGATC	52.0	592.9	-0.615
GTGGAG	1025.0	11135.5	-0.615
TCGCGA	48.0	478.0	-0.614
CCCATC	604.0	6347.6	-0.613
GGCTGA	873.0	10592.5	-0.611
TAATCT	199.0	2002.5	-0.611
CGGAAG	225.0	2261.7	-0.609
ATTCAG	308.0	3103.5	-0.608
CATTAC	145.0	1457.5	-0.607
TCAACG	59.0	590.4	-0.606
CAGATC	298.0	3100.4	-0.605
GTATCT	224.0	2251.6	-0.603
ATAGGC	175.0	1767.0	-0.602
ATTATA	196.0	1973.8	-0.599
CATCAG	392.0	3946.0	-0.598
GCCGGC	486.0	4892.0	-0.595
CGAAAC	70.0	704.1	-0.589
AGGATG	544.0	6389.2	-0.588
GCCGAA	97.0	979.7	-0.587
AAGGAG	595.0	6560.7	-0.584
ATGGCA	408.0	4916.1	-0.581
CGGTTA	46.0	460.8	-0.580
TCCTAA	251.0	2537.6	-0.579
CCTATG	249.0	2516.3	-0.579
ACAGCT	506.0	5101.0	-0.578
TCGACG	37.0	368.2	-0.577
AAGCTG	607.0	6114.4	-0.576
CTTAGG	294.0	2965.8	-0.575
TTGCTC	504.0	5125.9	-0.574
GTTTAC	171.0	1871.2	-0.572
TCACAT	301.0	3452.0	-0.571
ATTGTC	197.0	1990.4	-0.569
AACGAC	44.0	441.4	-0.567
TAGTCG	37.0	369.1	-0.565
GATAAC	90.0	1128.7	-0.564
AAGCAG	540.0	5516.4	-0.564
ATATCA	146.0	1476.8	-0.560
CAGTCA	350.0	3535.1	-0.559
CCGAGC	280.0	2833.5	-0.558
GTGAAG	473.0	4776.7	-0.556
AAGGCC	461.0	4756.6	-0.553
GTAGTT	193.0	1952.2	-0.552
GACTCA	313.0	3171.4	-0.548
ACCAGA	305.0	3087.1	-0.546
TCCTGT	762.0	8226.6	-0.545
TGGCGT	290.0	2931.7	-0.545
CAGATA	205.0	2078.4	-0.543
TTCCTT	773.0	7805.0	-0.543
TGTCAG	503.0	5387.8	-0.542
CTGGTG	1147.0	11565.3	-0.542
TCTTTT	728.0	7352.3	-0.539
AGTGAA	373.0	3774.9	-0.536
GCTCAC	664.0	7786.9	-0.535
ATCAGC	285.0	2891.2	-0.535
GTCCCA	586.0	5923.1	-0.535
GGCATT	404.0	4092.6	-0.533
GGATAC	138.0	1398.1	-0.533
GATGAC	262.0	2652.2	-0.531
GGCTAG	283.0	2872.3	-0.531
GATTGG	266.0	2961.0	-0.530
TGGAAA	591.0	5969.8	-0.530
AAGCGC	138.0	1399.9	-0.527
TCACGA	98.0	999.6	-0.526
TGGTAT	252.0	2560.5	-0.523
TGGATA	232.0	2353.0	-0.523
TGGGCC	995.0	11848.3	-0.522
CCTTTG	655.0	6624.1	-0.522
ACCATC	301.0	3052.2	-0.521
ACAGTC	256.0	2603.0	-0.521
GATCTA	112.0	1144.7	-0.520
CGGAGG	422.0	4875.1	-0.519
GTCAAA	180.0	1835.4	-0.517
TATTGC	176.0	1794.7	-0.514
ACTAGC	126.0	1289.8	-0.513
TATAAA	257.0	2811.0	-0.512
GCCGCA	254.0	2781.9	-0.511
CTACCG	57.0	826.4	-0.511
AAATGG	456.0	4621.3	-0.507
ATGGTG	640.0	7986.1	-0.506
CAAATA	204.0	2397.8	-0.506
GGACAG	716.0	7246.1	-0.503
CCGATT	61.0	622.4	-0.503
ATGTCA	320.0	3247.0	-0.501
ATTTTA	408.0	4444.2	-0.499
TACCTC	237.0	2411.4	-0.496
AAAAGG	411.0	4168.7	-0.496
ACCACA	320.0	4297.0	-0.494
GATTGC	250.0	2548.6	-0.490
GGTCAG	607.0	6864.3	-0.489
GCCAGA	528.0	5358.4	-0.486
CACAGT	480.0	4876.5	-0.483
GGCCAT	492.0	4994.3	-0.483
TCAGAA	352.0	3777.4	-0.482
AGCGGG	395.0	4153.2	-0.481
CGCTAG	63.0	668.1	-0.481
ACAGAG	666.0	6753.0	-0.477
AGAATT	317.0	3223.4	-0.475
GAGTAG	249.0	3806.5	-0.473
CTTTGT	529.0	6036.2	-0.473
CCGTAG	48.0	753.3	-0.471
AGACCT	367.0	3731.2	-0.469
TACTAT	120.0	1235.4	-0.469
CAGACC	447.0	4539.5	-0.469
TAGTAG	183.0	3036.4	-0.467
GAATTC	237.0	2418.7	-0.467
AGCTAA	260.0	2648.5	-0.467
AGACGT	114.0	1175.4	-0.457
GAAGTT	292.0	3013.3	-0.457
GGAATG	467.0	4984.4	-0.454
CCACTG	780.0	9459.4	-0.448
AATGCC	239.0	3100.4	-0.448
CCCAAC	374.0	3813.5	-0.446
GCCTAA	176.0	1809.2	-0.445
AGTCCA	303.0	3096.4	-0.443
TTGTAG	303.0	3096.4	-0.443
CAGGCA	792.0	11013.6	-0.442
AAGTCC	284.0	2908.0	-0.441
TGCAGT	630.0	9434.5	-0.439
TTTGCG	113.0	1261.1	-0.438
CAGCTC	881.0	8936.1	-0.438
CAATAG	126.0	1303.4	-0.438
GACAGT	323.0	3297.0	-0.437
GTTCCC	485.0	4936.4	-0.437
TACATA	157.0	1881.2	-0.435
GGCGAT	105.0	1087.0	-0.431
TCGAGT	78.0	807.7	-0.430
TTGCCC	584.0	6272.4	-0.426
GCGAGT	142.0	1561.8	-0.424
ATCTCT	463.0	4727.9	-0.423
GACTAT	116.0	1202.0	-0.422
CAGATT	279.0	2860.4	-0.422
CGAAAG	76.0	788.6	-0.421
TATGGA	203.0	2180.8	-0.419
TCCGAG	194.0	1994.5	-0.415
AGGTTA	181.0	1921.8	-0.415
TATGTT	274.0	2964.5	-0.414
CACCTC	762.0	7753.3	-0.414
CTCGCC	259.0	2984.1	-0.414
AGCGGA	168.0	1734.6	-0.413
GATACA	141.0	1453.6	-0.412
TATGTC	171.0	1923.5	-0.411
GTCACA	343.0	3507.0	-0.411
TCTGCC	964.0	11343.5	-0.410
ATAGTC	99.0	1130.4	-0.409
GATTGT	233.0	2392.1	-0.409
TTTGAC	220.0	2296.8	-0.408
TAATGG	237.0	2435.6	-0.407
CAAACA	313.0	3213.2	-0.405
TAGCAG	284.0	2918.6	-0.404
AGTCGT	65.0	677.2	-0.401
TCTATA	142.0	1467.3	-0.399
TAAAGA	258.0	2647.3	-0.398
TCGTGA	125.0	1301.7	-0.397
AAGAAC	233.0	2396.8	-0.394
AGCAAA	328.0	3441.5	-0.393
GCGTAG	74.0	772.0	-0.393
AAAATC	260.0	2670.2	-0.392
AAGTGT	362.0	3715.5	-0.392
TATTGG	184.0	2211.6	-0.390
ACCGCC	202.0	2084.8	-0.390
CCAGAG	814.0	8292.0	-0.388
TTCCAA	329.0	3378.8	-0.387
TACGCG	41.0	430.2	-0.385
GCTCTA	215.0	2325.7	-0.384
AAGGAA	524.0	5357.5	-0.384
GAAACA	327.0	3358.6	-0.383
GACGTG	227.0	2349.3	-0.380
GGCACA	622.0	6349.9	-0.379
TCCAGA	486.0	4972.8	-0.378
TTATCC	189.0	1952.1	-0.377
TGGAAT	401.0	4115.7	-0.376
TGAGTT	400.0	4107.8	-0.370
GCACTT	384.0	5173.3	-0.369
AATTAT	226.0	2331.2	-0.369
GTTTGA	334.0	3437.6	-0.369
CAGCAG	1080.0	10998.3	-0.367
CGATCG	27.0	285.6	-0.365
AGACTT	279.0	2879.6	-0.364
ACAGTT	252.0	2606.2	-0.362
GATGTA	168.0	1747.7	-0.361
CTTCGG	192.0	1988.9	-0.360
TAAGAT	163.0	1695.7	-0.360
CGCAAT	58.0	611.5	-0.360
CGAAGC	116.0	1216.5	-0.359
TCTCAG	712.0	7272.7	-0.359
TTATTG	264.0	2723.2	-0.359
CTGATT	282.0	3327.3	-0.358
AGACAT	272.0	2807.5	-0.357
CTAGTT	164.0	1706.4	-0.357
CGAACA	26.0	498.0	-0.357
CCTTAG	281.0	2904.1	-0.353
GCAAAA	300.0	3095.5	-0.351
CCGGTC	148.0	1542.0	-0.350
ATGATA	155.0	1614.7	-0.349
GTTATA	104.0	1093.6	-0.349
CGTTTC	145.0	1627.6	-0.346
TATGGT	210.0	2180.5	-0.346
TACGGA	52.0	550.5	-0.345
TTCTCC	791.0	9006.2	-0.344
GGATAT	174.0	1815.1	-0.343
CCGCGA	86.0	1264.8	-0.342
AGGACT	424.0	4422.5	-0.342
TTGAGC	365.0	3756.9	-0.341
TCTCTA	317.0	4489.2	-0.341
GACCGC	155.0	1616.8	-0.341
ACACCG	119.0	1251.9	-0.341
TCTAGT	183.0	1900.3	-0.339
GTAATT	205.0	2130.4	-0.339
AACTCA	206.0	2507.4	-0.337
GACCTT	329.0	3524.9	-0.336
ACAATT	161.0	1681.5	-0.336
GAAGAC	283.0	2957.9	-0.333
CTATCA	145.0	1515.2	-0.332
CCCATG	630.0	6463.0	-0.331
TGTGTA	477.0	5844.6	-0.329
ACTGGT	324.0	3347.5	-0.329
TCGGAT	65.0	689.5	-0.328
GACAGC	400.0	4785.3	-0.327
GCGTCG	105.0	1108.3	-0.327
CTGAGT	566.0	6687.1	-0.326
TCTACT	263.0	3541.1	-0.325
GGACGC	265.0	2805.2	-0.324
GAAACT	316.0	3331.5	-0.323
GAGACC	563.0	5778.3	-0.322
AGGATT	330.0	3413.9	-0.322
AAAGAT	245.0	2546.2	-0.321
TCGGGT	173.0	1811.6	-0.321
GTGGAA	475.0	5276.4	-0.320
CGATCT	141.0	1476.5	-0.320
TTCAGC	421.0	4343.5	-0.320
CCACAA	280.0	2906.5	-0.319
GGATTC	279.0	2896.7	-0.318
CAGAGT	543.0	5587.4	-0.313
TAGATA	121.0	1280.5	-0.310
TCTCCC	945.0	9672.2	-0.310
TCATAA	156.0	1636.4	-0.309
TCTCCG	244.0	2540.3	-0.309
CAGCGA	182.0	1900.0	-0.308
TAATCA	143.0	1500.9	-0.307
ACAACT	159.0	1887.6	-0.307
GGGGTT	656.0	8046.2	-0.307
ACGGTT	62.0	662.4	-0.305
GTTCGC	52.0	801.0	-0.305
CAGTAG	255.0	2658.9	-0.305
CAGTGG	928.0	10773.7	-0.301
AGAATC	293.0	3040.7	-0.301
GATCTT	238.0	2815.7	-0.301
GAACTA	136.0	1429.2	-0.300
AGCCGG	404.0	4181.3	-0.298
TATCAA	108.0	1147.0	-0.297
AGGCTA	247.0	2576.9	-0.297
CAAGTT	242.0	2523.4	-0.297
GGGGTC	857.0	9017.5	-0.296
GTGGTC	508.0	5239.0	-0.295
TTATAT	217.0	2271.5	-0.295
ATCAAT	121.0	1284.3	-0.295
TAGTGC	180.0	1892.4	-0.294
TGATGG	607.0	6455.6	-0.293
GACAAA	228.0	2480.4	-0.291
CGTTCC	145.0	1526.6	-0.291
GCCTAC	185.0	2026.8	-0.290
TATGCC	163.0	1991.8	-0.290
ACTGAT	212.0	2221.3	-0.288
GTCATA	109.0	1349.8	-0.288
AATATT	282.0	2939.8	-0.288
GTACTC	102.0	1407.9	-0.286
CTACTT	272.0	2834.7	-0.285
GTAGAA	212.0	2412.2	-0.284
GAGTCC	412.0	4653.7	-0.284
AGATGA	367.0	3803.5	-0.283
GTGCAA	283.0	3327.9	-0.282
GGGTCT	707.0	8502.8	-0.281
ACAACG	67.0	721.0	-0.280
ATTTAT	378.0	3923.5	-0.279
ATTGCG	55.0	677.3	-0.278
CCGTTT	114.0	1344.9	-0.277
ATTGGG	307.0	3199.9	-0.277
GAACAT	191.0	2696.9	-0.275
CATTCG	62.0	668.7	-0.274
TTGGTC	321.0	3338.4	-0.274
ACCAGG	571.0	5893.1	-0.274
TGGAGC	809.0	8309.0	-0.273
ACGCCA	159.0	1679.7	-0.272
AAGAGG	545.0	5632.2	-0.272
TCCAGG	977.0	10022.8	-0.271
TCGGAC	68.0	809.2	-0.268
ATCTTC	296.0	3125.8	-0.268
TTTGGC	435.0	4508.0	-0.267
GATGAA	307.0	3203.2	-0.267
AACACT	221.0	2504.2	-0.265
CTAGCG	68.0	734.8	-0.264
GGTATA	114.0	1388.0	-0.263
AAAGGA	428.0	4593.9	-0.262
TTCTTG	520.0	5378.6	-0.261
GTTGAG	331.0	3451.6	-0.261
CAACAC	230.0	2411.8	-0.259
TCACAG	522.0	5401.6	-0.258
ATATAC	136.0	1441.7	-0.258
GTCCGC	172.0	1821.3	-0.257
CAAGGA	416.0	4320.3	-0.257
GGAATA	208.0	2191.4	-0.255
GCCGAT	70.0	757.3	-0.254
AAGAAT	283.0	2965.0	-0.254
TTTTAG	310.0	5060.3	-0.253
GACATT	263.0	2753.5	-0.253
GAAAGA	425.0	4420.9	-0.252
AGTACA	173.0	1833.4	-0.252
AGGTGA	709.0	7307.2	-0.251
GACGAA	60.0	653.0	-0.250
GAATAT	125.0	1864.7	-0.249
AGCTCG	159.0	1687.7	-0.248
TCCGAA	68.0	738.5	-0.246
AATCGG	49.0	536.8	-0.245
TGAGAG	581.0	6011.2	-0.244
GTCTCT	737.0	7738.4	-0.244
TTCGAC	30.0	482.6	-0.243
TTGCGA	59.0	643.9	-0.243
ACAAGA	231.0	2428.4	-0.243
ACCGAC	64.0	696.4	-0.241
CTCAAC	224.0	2355.9	-0.240
ATTCCT	392.0	4082.9	-0.240
CGATAT	26.0	290.2	-0.240
CCAATC	127.0	1860.9	-0.239
GACTCT	394.0	4104.3	-0.239
TGAGAA	519.0	5381.7	-0.238
TTATGG	246.0	2589.2	-0.238
CCTCCT	1420.0	15106.9	-0.238
AACGCC	97.0	1047.7	-0.236
ACTCAT	199.0	2392.7	-0.236
AGTCAT	242.0	2549.4	-0.233
TCCACT	369.0	4193.6	-0.233
ATAACA	178.0	1893.3	-0.232
CGGACC	151.0	1608.5	-0.231
ATAGAC	93.0	1091.3	-0.231
CGCTGA	200.0	2116.5	-0.231
CTCGAG	144.0	1535.8	-0.230
TGTAAG	207.0	2752.4	-0.225
ATTTCC	387.0	4038.0	-0.225
ATCAAG	173.0	1843.0	-0.225
TATGTA	249.0	2630.0	-0.222
AGAAAC	342.0	3608.2	-0.222
GATAGT	117.0	1287.7	-0.221
AAATTC	233.0	2508.1	-0.221
GTCCAG	540.0	5611.5	-0.221
ACCTCT	489.0	5534.4	-0.220
ATAAAG	239.0	2523.2	-0.220
GTGATT	340.0	3557.2	-0.220
AACATG	300.0	4631.5	-0.220
TCAAAA	309.0	3248.8	-0.219
GCGACA	111.0	1200.5	-0.219
CTATTA	129.0	1380.8	-0.219
GACCTA	134.0	1433.8	-0.219
CTTTGG	607.0	8043.3	-0.218
TGGCCT	1044.0	11179.2	-0.218
GCGAAC	56.0	617.2	-0.217
TCTGGG	1140.0	13882.5	-0.216
GGCACT	478.0	5456.2	-0.216
TTGCAG	544.0	6903.2	-0.215
CTCTTG	588.0	6108.4	-0.214
CAAGCT	367.0	3842.0	-0.212
GGACCT	492.0	5127.7	-0.211
GACAGG	677.0	7017.5	-0.210
GGTTAA	176.0	1881.2	-0.210
AGTCAG	380.0	3983.9	-0.208
GATACT	119.0	1289.7	-0.208
AAGGTC	269.0	2882.2	-0.208
TGACTC	370.0	3875.0	-0.208
CGGCTT	216.0	2296.8	-0.208
GCCTAG	324.0	3406.0	-0.206
GACGGC	185.0	1968.2	-0.204
GCCCGA	199.0	2118.0	-0.204
CCGTCT	271.0	3000.8	-0.204
TATATT	236.0	2500.9	-0.203
GCTGAT	339.0	3764.8	-0.203
CCCGGT	225.0	2383.8	-0.202
GAAAAT	338.0	3826.7	-0.201
TCTGTA	378.0	3966.7	-0.201
GATCTC	343.0	3601.5	-0.200
ACAGAT	291.0	3067.3	-0.199
ACTTCA	284.0	3003.1	-0.197
CGCCCT	339.0	3830.6	-0.194
GGATTG	314.0	3316.0	-0.194
ACCACG	224.0	2377.8	-0.193
CTAGTG	216.0	2303.6	-0.193
TCCAAG	373.0	3917.7	-0.192
AGTCAC	292.0	3081.5	-0.192
AGAGGT	519.0	5414.7	-0.191
TAGTCT	173.0	1858.2	-0.191
GTCAGC	419.0	4393.7	-0.191
TGATAC	122.0	1327.1	-0.190
GCAGTC	363.0	3823.7	-0.188
ATCTAC	138.0	1487.4	-0.188
GACCCG	218.0	2397.7	-0.188
ATACAA	170.0	2803.2	-0.188
ACCAAC	187.0	1997.9	-0.188
CGCTCG	130.0	1403.8	-0.187
GAGGTC	516.0	5511.5	-0.186
CGCCTT	192.0	2262.6	-0.185
ATTATT	319.0	3364.9	-0.184
ATTCCG	68.0	754.5	-0.184
TTACTG	274.0	3114.4	-0.183
CACTAG	141.0	1748.5	-0.183
GCCCCA	934.0	9841.4	-0.181
TGCGAA	76.0	842.0	-0.180
CTCTCG	201.0	2150.4	-0.180
GAATTA	170.0	1831.0	-0.179
GATCTG	413.0	4364.0	-0.179
AAGTAG	234.0	2492.0	-0.178
ATCAGG	295.0	3123.0	-0.178
AGTCCC	498.0	5308.9	-0.178
GAACAA	208.0	2234.5	-0.176
GGGCAA	423.0	5242.4	-0.176
TAGGCT	276.0	2931.7	-0.175
TATGAG	211.0	2259.6	-0.175
GGAAAC	378.0	3985.7	-0.173
GTGACC	456.0	4787.3	-0.171
AGTTTT	426.0	4483.9	-0.171
ACATTA	156.0	1686.1	-0.171
TTCGTC	63.0	840.6	-0.171
GCCCAT	421.0	4429.8	-0.171
ACATAC	132.0	1764.3	-0.170
TGTGAG	881.0	9134.1	-0.170
CACATC	314.0	3512.8	-0.170
TAGCCT	206.0	2798.4	-0.169
TAAGCT	170.0	1836.4	-0.168
GACAAT	147.0	1592.4	-0.167
GTCGTG	138.0	1496.4	-0.167
GTTTCC	496.0	5459.3	-0.166
ATGAGC	341.0	3767.1	-0.164
GCGATT	106.0	1168.0	-0.164
CGGACT	78.0	1306.7	-0.162
TACGTT	46.0	523.3	-0.161
CGGAGT	201.0	2160.9	-0.160
CTCGTG	240.0	2566.7	-0.160
ACTAGG	172.0	1862.2	-0.160
ATTTCA	316.0	3504.7	-0.160
TGGTAC	157.0	2019.6	-0.157
CTTCAA	261.0	2783.1	-0.155
GTGAGT	679.0	7090.8	-0.155
AGAGAG	672.0	7783.7	-0.155
AACGTG	152.0	1651.1	-0.154
ACTGGC	442.0	4712.0	-0.154
AGTTAC	144.0	1566.9	-0.153
ATATTA	147.0	1739.2	-0.152
GACATC	220.0	2368.1	-0.152
ACAAAG	306.0	3257.6	-0.151
GCTCAG	786.0	8195.0	-0.149
GCAACT	207.0	2232.0	-0.148
TTCGAG	137.0	1494.7	-0.148
GGTCCC	654.0	7114.2	-0.148
TTGAGT	298.0	3175.8	-0.146
ACAATA	135.0	1474.5	-0.146
AAACGG	93.0	1035.8	-0.146
CGTAGC	49.0	752.1	-0.146
GACACT	284.0	3035.9	-0.146
GTCGAG	88.0	1046.1	-0.146
CAGAGG	1014.0	10530.1	-0.145
TGTGAC	399.0	5107.6	-0.145
ATCATC	209.0	2254.5	-0.145
CTCATC	345.0	4162.6	-0.144
AGTCCT	452.0	4892.3	-0.144
GCTGGT	878.0	10155.4	-0.143
AGCACT	387.0	5657.9	-0.142
GATATC	87.0	972.2	-0.142
CCTCAA	324.0	3908.0	-0.141
GTAGCG	78.0	876.6	-0.140
CTCCCG	577.0	6053.7	-0.140
ACCGCT	107.0	1381.9	-0.138
TCGTGG	223.0	2398.1	-0.138
TAGTCC	198.0	2169.6	-0.138
CCGCCT	598.0	6277.9	-0.136
ATTTCT	513.0	5408.9	-0.136
TTAGCT	276.0	3128.0	-0.135
ATAGAG	183.0	2044.7	-0.135
CGGTCT	124.0	1373.7	-0.134
ATCGCA	63.0	718.0	-0.133
AGAAAG	528.0	5654.5	-0.133
CGACTA	31.0	366.4	-0.132
AGCCGT	138.0	1513.7	-0.131
GGCCCG	466.0	5198.4	-0.130
GGAACC	356.0	3792.3	-0.129
TTAGGC	176.0	1922.7	-0.129
GAAGCT	485.0	5119.3	-0.128
AGCGAC	95.0	1064.2	-0.128
CGAGTT	87.0	978.6	-0.128
GCCGAG	455.0	4814.5	-0.127
AGATAC	135.0	1484.1	-0.127
GGTTTT	529.0	5582.5	-0.126
CGGTAG	79.0	893.3	-0.125
TCCGGT	110.0	1228.2	-0.124
GTCCAA	175.0	1915.0	-0.123
TTAGCG	54.0	623.0	-0.122
GGACAC	419.0	4573.9	-0.121
CAGTTT	437.0	4635.9	-0.121
AACATA	189.0	2056.6	-0.120
TTGGCA	415.0	4409.4	-0.119
GGCTTG	636.0	6686.9	-0.118
CCGAGG	470.0	4978.0	-0.118
TTCCTG	1017.0	11168.8	-0.118
GGATCT	295.0	3262.2	-0.118
GTATTT	342.0	4994.7	-0.118
GGATAA	168.0	1843.5	-0.118
ACGTTC	76.0	864.1	-0.118
AGAGTT	280.0	3289.7	-0.117
ACCGTG	205.0	2481.5	-0.117
CAAGAG	364.0	3880.2	-0.116
ACGGCT	151.0	1682.0	-0.115
CATCGC	111.0	1325.1	-0.115
TGGAAG	700.0	7577.1	-0.115
TCCGAC	70.0	800.7	-0.114
TAGGTC	159.0	1750.0	-0.114
GCCCGG	730.0	7665.5	-0.114
GGAGTG	846.0	10336.3	-0.113
ATAATT	218.0	2373.3	-0.113
TCATCT	428.0	4556.5	-0.112
CCTGAA	488.0	5171.3	-0.111
TTTAGG	281.0	3030.6	-0.111
CTAGTC	135.0	1493.8	-0.111
AAGTAC	129.0	1429.2	-0.110
ATCCCA	492.0	6184.8	-0.110
TGAACC	247.0	3736.6	-0.109
TACATC	128.0	1430.5	-0.109
GAGCGA	170.0	1871.4	-0.108
ATAGCT	176.0	1935.7	-0.108
AAGGCG	193.0	2108.3	-0.108
CTACTA	155.0	2374.6	-0.108
CTAGGT	224.0	2430.8	-0.108
ATTCGG	60.0	694.5	-0.107
TACCAT	178.0	1958.7	-0.107
ACAGCG	156.0	1722.2	-0.107
AATCCA	226.0	2461.9	-0.106
CGGCAA	89.0	1011.8	-0.106
GCCAGT	439.0	4677.0	-0.104
AATCTG	289.0	3112.3	-0.104
GCTCCT	889.0	9314.4	-0.104
AGCTTC	458.0	4873.8	-0.104
TACAGA	254.0	2759.6	-0.101
GAAATC	217.0	2372.2	-0.100
CCGGAT	77.0	1165.1	-0.100
TGTCAC	461.0	4910.5	-0.100
GTTTTT	598.0	6322.9	-0.099
CAAAAT	303.0	3268.2	-0.099
TCGACC	65.0	753.7	-0.099
AGGATA	157.0	1792.9	-0.098
CCTAGT	186.0	2040.5	-0.098
CAGACT	370.0	3964.5	-0.098
CCTAGC	282.0	3054.6	-0.097
TGAACT	358.0	4063.2	-0.096
CGCCTC	473.0	5035.4	-0.096
ATGACA	270.0	2926.3	-0.096
AGATTC	224.0	2441.3	-0.095
TGAAGA	379.0	4432.7	-0.095
AATGAC	199.0	2247.7	-0.095
ACCTTG	409.0	4370.7	-0.095
TAGGCG	88.0	1007.9	-0.093
CTCGCG	103.0	1447.5	-0.093
ACACTG	440.0	4957.8	-0.093
AGACAA	235.0	2562.2	-0.092
CCAAGC	405.0	4341.3	-0.091
TTATAG	168.0	1863.5	-0.091
AGACCA	374.0	4866.4	-0.091
CAGCCG	376.0	4037.8	-0.090
CTACAA	185.0	2036.2	-0.090
ATATTT	360.0	3875.6	-0.089
GCCGAC	135.0	1508.1	-0.088
AATACA	223.0	3402.8	-0.087
ACCGGC	170.0	1917.4	-0.087
CGGGCC	507.0	5399.3	-0.087
CAAATT	207.0	2276.6	-0.087
GAAGCG	184.0	2029.4	-0.086
ACAGAA	353.0	3804.1	-0.085
TTTGTC	369.0	4308.1	-0.085
CATCTA	182.0	2009.9	-0.083
AGGCGT	183.0	2979.0	-0.083
TACTGA	197.0	2246.5	-0.083
TAGTGA	213.0	2345.9	-0.082
TGGCTC	857.0	10379.5	-0.081
ATCACG	107.0	1222.5	-0.080
CAGGTA	348.0	3756.6	-0.080
AGTCTT	296.0	3528.3	-0.080
ATACTG	180.0	2002.8	-0.080
CATATT	201.0	2218.7	-0.079
GCGCTT	154.0	1761.2	-0.079
AGATAA	191.0	2111.8	-0.079
CTTTCG	91.0	1098.9	-0.079
TACGTC	56.0	664.9	-0.079
TTAGGT	195.0	2244.3	-0.078
CGCCTA	83.0	962.4	-0.077
CCAAGA	377.0	4066.4	-0.077
AACAAT	164.0	1832.1	-0.076
CTAATT	206.0	3957.9	-0.076
AAGTGG	483.0	5163.8	-0.076
AGCCCA	703.0	7446.0	-0.075
TCATCG	84.0	975.5	-0.074
CTCCTG	1478.0	19066.7	-0.074
CAAAAA	519.0	5541.5	-0.074
GGGCCA	845.0	8912.8	-0.074
TCGTCC	114.0	1304.0	-0.074
TGATAG	158.0	1770.4	-0.073
CAAGGT	377.0	4071.6	-0.073
ATATAA	154.0	1965.5	-0.073
GCGAAG	126.0	1434.1	-0.073
TCGACA	36.0	444.2	-0.072
CGTTCG	42.0	512.4	-0.071
TCGATG	62.0	736.8	-0.070
GCGGCC	462.0	5804.3	-0.070
ACGTCA	105.0	1208.3	-0.069
TACAAT	124.0	1416.0	-0.069
CGAATA	16.0	308.3	-0.069
ACAATC	128.0	1460.3	-0.068
AGAAGC	436.0	4691.5	-0.068
TCGCGC	107.0	1232.8	-0.067
CTGGCC	1401.0	14641.2	-0.067
TCGCCT	182.0	2026.4	-0.067
ACATCA	239.0	2633.4	-0.067
TGCCTC	1114.0	11693.1	-0.066
CTGAAA	413.0	4453.0	-0.066
CAACGG	76.0	893.2	-0.066
GTCATT	259.0	2841.6	-0.065
GGGTCA	481.0	5170.1	-0.065
CCACTT	399.0	4513.5	-0.065
GACTGG	528.0	6217.7	-0.065
ACCTAG	174.0	1952.5	-0.065
ATCACC	294.0	3211.0	-0.065
ACAAAA	411.0	5094.2	-0.064
CCAAAA	279.0	3060.9	-0.063
CGTCAA	37.0	540.4	-0.063
AACGGG	113.0	1369.7	-0.063
AGCTGC	854.0	9975.2	-0.063
CCATTG	341.0	3704.1	-0.063
GGCCTC	1101.0	11573.4	-0.063
TATTTC	250.0	3349.0	-0.062
CACCGC	298.0	3259.7	-0.062
GACGAT	52.0	630.6	-0.061
AGGACA	468.0	5033.1	-0.061
GAGCTA	209.0	2325.6	-0.061
CTAGTA	67.0	1124.0	-0.061
GCGTCA	102.0	1183.3	-0.060
ACTTTG	428.0	5641.5	-0.060
CTTCGC	147.0	1664.6	-0.059
CTTGGT	493.0	5304.4	-0.058
CCGGTA	59.0	711.1	-0.058
TTATGT	257.0	2829.3	-0.058
TGGTGA	625.0	7966.5	-0.058
TCGAGC	78.0	922.5	-0.058
AATCAT	146.0	2028.3	-0.058
CAGAAT	310.0	3396.1	-0.057
ATTCCA	308.0	3376.3	-0.057
CGCAGG	331.0	4210.7	-0.056
TGACGT	116.0	1341.3	-0.056
GCCGCT	318.0	3662.2	-0.056
TTACGT	45.0	610.4	-0.056
CCGAAG	129.0	1473.4	-0.055
ACTCCT	583.0	6245.9	-0.054
TTTAGT	264.0	4008.3	-0.054
AGGTGC	686.0	7473.8	-0.054
CGGTTT	102.0	1189.3	-0.054
ACTCCA	461.0	4983.0	-0.053
CACCAG	559.0	6003.6	-0.053
CACCAC	465.0	7373.7	-0.053
TCACTA	147.0	1912.7	-0.053
GGTGAA	414.0	5048.0	-0.052
GAGTTA	158.0	1859.4	-0.052
GCAGCT	880.0	9323.1	-0.051
TGCCAC	654.0	6991.2	-0.051
ACGTTG	86.0	1016.8	-0.051
GCGGTC	153.0	1740.4	-0.051
ACAGAC	304.0	3342.4	-0.050
CTTCAG	541.0	5820.4	-0.050
TTGTTT	699.0	8093.4	-0.050
ACATTT	413.0	4483.2	-0.050
GAGCGC	213.0	3146.4	-0.050
TTTGTA	368.0	5663.9	-0.049
CGCAGA	180.0	2037.6	-0.049
TAGCGC	41.0	664.5	-0.048
AGACAC	314.0	3456.4	-0.048
CGTACG	26.0	452.2	-0.048
CTAGGC	297.0	3271.2	-0.047
ATCGAG	89.0	1053.8	-0.047
CGGACG	105.0	1230.8	-0.047
GAGAGA	574.0	6913.6	-0.047
GTTTTG	532.0	5752.2	-0.046
TCACGG	154.0	1757.0	-0.046
ACCACT	312.0	3437.6	-0.046
CGAGGA	216.0	2422.8	-0.046
CCTTCG	129.0	1980.3	-0.046
AATGGT	231.0	2847.9	-0.046
CGCCGA	111.0	1298.6	-0.045
ATAATA	198.0	2229.1	-0.044
CCTGGG	2413.0	25506.4	-0.044
CTATGG	234.0	2611.0	-0.044
TCCCAT	469.0	5080.7	-0.044
TTCGGC	102.0	1200.6	-0.044
GCTCCC	845.0	9428.5	-0.044
GAAACG	104.0	1223.4	-0.043
ACCACC	449.0	4872.6	-0.043
GGTCTT	440.0	4841.8	-0.043
ACGTCC	117.0	1383.0	-0.043
ACTTCC	372.0	4485.0	-0.043
GAATCC	229.0	2558.0	-0.043
CTGATA	157.0	1794.4	-0.043
CAATGA	210.0	2363.0	-0.043
CTCCGA	148.0	1696.4	-0.043
CGCGAC	72.0	869.4	-0.042
CGAGCG	129.0	1488.8	-0.042
CTCCAG	1069.0	11309.4	-0.042
TCAAAC	187.0	2474.6	-0.041
CCGCCC	599.0	7567.3	-0.041
TGACAC	282.0	3130.7	-0.041
GTGAGA	436.0	5576.0	-0.041
GGCCAC	671.0	7189.0	-0.041
TTTCTT	820.0	9253.5	-0.041
TTCTTT	795.0	8485.9	-0.041
AGATCA	272.0	3023.8	-0.040
CCAATG	220.0	2477.3	-0.040
TCTATG	195.0	2335.4	-0.039
GCTGAA	449.0	4882.7	-0.039
AAAGCC	276.0	3584.1	-0.039
ACCGTT	58.0	716.6	-0.039
CGTGAG	272.0	3264.1	-0.039
TACAAC	93.0	1197.5	-0.039
TTCATC	314.0	3496.9	-0.039
CTGTAG	374.0	4633.8	-0.038
ATGGTC	273.0	3038.3	-0.038
AGGAGA	732.0	8562.0	-0.038
CCCTGG	1624.0	17043.4	-0.038
CGGCCC	435.0	5273.6	-0.038
CAATAT	125.0	1462.0	-0.038
TAATGA	192.0	2276.5	-0.038
GGACCG	180.0	2152.6	-0.037
AATTTT	455.0	6469.1	-0.037
TGGACT	431.0	4701.5	-0.037
GAACCT	299.0	3315.3	-0.037
CGAGCC	210.0	2375.0	-0.036
ACCGGA	80.0	966.0	-0.036
GGACTC	426.0	4659.7	-0.036
ACGTCG	32.0	508.8	-0.036
TTGTCA	296.0	3380.0	-0.036
AGGCGC	334.0	3691.9	-0.035
GTCATC	263.0	2935.3	-0.035
TAGTTT	261.0	2913.1	-0.035
CCCAGC	1511.0	17565.8	-0.035
ATATAT	273.0	3045.9	-0.035
CGGAAC	85.0	1023.2	-0.035
CTCTAT	158.0	2157.7	-0.035
GAACCA	233.0	2618.9	-0.035
CTAAGG	208.0	2664.7	-0.035
AGAACT	282.0	3155.1	-0.034
CGTCGC	83.0	1002.7	-0.034
GGATGA	402.0	4410.4	-0.034
TTCAGG	501.0	5441.8	-0.034
GGTATC	124.0	1456.2	-0.034
CCTAGG	384.0	4223.4	-0.034
TATTAC	97.0	1173.6	-0.033
CTCACA	456.0	5261.0	-0.033
TATTGT	222.0	2501.1	-0.033
GAGTGT	522.0	5667.6	-0.033
CGCAAC	45.0	734.9	-0.033
CCATTC	350.0	3863.7	-0.033
TTCCGC	141.0	1648.8	-0.033
ACTTCT	310.0	4146.3	-0.033
CCATCG	113.0	1337.1	-0.032
TTACCG	43.0	551.3	-0.032
AGGCAC	502.0	5459.0	-0.032
CTATCT	162.0	2065.2	-0.032
AATTAC	138.0	1603.5	-0.032
GAGGCA	885.0	9449.6	-0.032
AAGTGA	326.0	4782.3	-0.032
TAGGAT	187.0	2132.5	-0.031
GGCAGC	1056.0	11313.1	-0.031
CGTGAT	123.0	1691.9	-0.031
GTTCTC	399.0	4387.1	-0.031
GGTCAT	261.0	2924.0	-0.031
CTGACA	384.0	4233.8	-0.031
GGTGTC	549.0	5955.6	-0.030
TGCGCC	312.0	3474.5	-0.030
TTTTAT	521.0	5667.9	-0.030
CCTCAT	430.0	5150.7	-0.030
GGGTTC	535.0	5813.4	-0.030
CTGGGA	1440.0	17887.3	-0.029
TGTTAT	211.0	2542.9	-0.029
CACCGG	211.0	2401.6	-0.029
TGGTTC	394.0	4337.5	-0.029
TAAGTC	118.0	1526.8	-0.029
CTACGT	65.0	867.5	-0.028
CCATAA	135.0	1599.5	-0.028
GTATTC	143.0	1693.1	-0.028
ACTCAG	425.0	4672.4	-0.028
GTGACA	420.0	4617.6	-0.028
AGAAGT	292.0	3436.8	-0.028
TCGATC	36.0	585.9	-0.027
CGTCGT	43.0	557.4	-0.027
TGCGAC	84.0	1024.5	-0.027
AAGGCT	438.0	4810.6	-0.027
CTAGCT	235.0	2660.2	-0.027
GGCAAT	202.0	2310.0	-0.026
CACATT	315.0	3509.2	-0.026
AGGCTC	581.0	6310.3	-0.025
CATCAA	169.0	1959.5	-0.025
AGTGAG	629.0	7617.2	-0.025
CGACGC	42.0	870.2	-0.025
GTTACA	141.0	1876.4	-0.025
AGACTC	310.0	3469.4	-0.025
CGAGGT	213.0	2558.1	-0.024
AGGATC	261.0	2942.9	-0.024
GTGAAA	354.0	4667.1	-0.024
GACTCC	399.0	4411.8	-0.024
CATCAC	314.0	3517.9	-0.023
TATAAT	165.0	2096.1	-0.023
CAATCA	126.0	1879.5	-0.023
CAACGT	77.0	952.6	-0.023
GGTCCA	337.0	3762.1	-0.023
CGCAGC	367.0	4072.4	-0.023
ACCATG	341.0	6262.7	-0.023
CACGAT	73.0	909.5	-0.022
AAGTCT	251.0	2993.6	-0.022
GACTCG	109.0	1314.7	-0.021
TTCACC	426.0	4819.8	-0.021
CAGGCC	996.0	10659.0	-0.021
ACATGA	208.0	2892.5	-0.021
TGCCGC	276.0	3436.0	-0.021
GTAGTC	172.0	2003.6	-0.021
CTATAT	103.0	1249.0	-0.021
CGGGCG	419.0	5031.3	-0.020
ACGAAG	73.0	912.9	-0.020
TTCAAT	163.0	1906.0	-0.020
GTAGCC	189.0	2267.1	-0.020
AAGGCA	455.0	5016.8	-0.020
CGACTG	106.0	1285.1	-0.020
AGCCAA	314.0	3532.4	-0.019
ACAGGA	448.0	4941.4	-0.019
GAGTCG	117.0	1409.2	-0.019
CTGTCA	530.0	6082.1	-0.019
ACATTG	218.0	2507.2	-0.019
ACCATT	208.0	2396.1	-0.019
ACTTCG	76.0	949.2	-0.019
GAACTC	228.0	3794.0	-0.018
GCTATC	94.0	1388.5	-0.018
CTTCCA	561.0	6143.3	-0.018
CCTTGT	466.0	5135.6	-0.018
GCACCT	581.0	6524.8	-0.018
AAACTC	292.0	3294.0	-0.018
TTCAAG	303.0	4572.6	-0.018
TGAGGT	634.0	6901.4	-0.018
AGGTCA	468.0	5160.5	-0.018
AATCCG	54.0	699.3	-0.018
AGATCC	228.0	2611.8	-0.018
CCGCAG	393.0	4371.3	-0.017
AACTGC	284.0	3587.5	-0.017
TTTGTG	662.0	7200.7	-0.017
TTGTGA	384.0	4284.3	-0.017
TCATAC	88.0	1214.7	-0.017
CGAACT	53.0	1177.1	-0.017
ATCGCG	47.0	620.1	-0.017
TCGAAC	34.0	998.3	-0.017
CGATCC	68.0	877.6	-0.016
GGCGGC	625.0	7950.8	-0.016
AGTCCG	80.0	1117.9	-0.016
CCCATT	335.0	4174.7	-0.016
CATTAT	176.0	2065.8	-0.016
CGAGAG	147.0	1862.8	-0.016
ATAATG	184.0	2144.0	-0.016
GTCCGA	71.0	899.2	-0.016
ATTTTG	437.0	4849.1	-0.015
ATACAG	175.0	2055.6	-0.015
ATTCTG	409.0	4553.0	-0.015
CCGACG	75.0	947.6	-0.015
AATCAG	219.0	2534.9	-0.015
GCGAGA	151.0	1790.8	-0.015
CTCAGC	898.0	11149.7	-0.015
CAGCGT	192.0	2463.3	-0.015
ACCTCC	648.0	7070.7	-0.015
GGACGA	111.0	1437.2	-0.015
TCCACC	464.0	6632.5	-0.015
GCCTCC	1367.0	16101.4	-0.015
ATTCTC	363.0	4794.1	-0.014
CGTCGA	21.0	312.3	-0.014
AAAGAC	230.0	2648.8	-0.014
AGAAGG	583.0	6751.2	-0.014
TATGAC	120.0	1458.4	-0.014
GCGGTT	128.0	1548.2	-0.014
GTCCGG	128.0	2285.9	-0.014
AAGCCA	385.0	4314.7	-0.014
GGTCGC	145.0	1728.6	-0.014
CCGACT	88.0	1242.8	-0.013
CGATGG	125.0	1517.6	-0.013
CATATA	143.0	1707.3	-0.013
CGGATC	74.0	1269.8	-0.013
GGATCA	299.0	3395.8	-0.013
GAGATT	278.0	3174.4	-0.013
TCATGG	410.0	5341.0	-0.013
GTGCGA	102.0	1425.9	-0.013
CGAACG	27.0	389.4	-0.013
AAGACC	228.0	3113.0	-0.012
CAAAGA	281.0	3212.5	-0.012
TGCCCA	934.0	10615.8	-0.012
GTCGCA	60.0	822.1	-0.012
CCTCAG	1063.0	12026.5	-0.012
CGAAGT	64.0	831.5	-0.011
TGTATA	232.0	2684.1	-0.011
GACGTA	31.0	479.7	-0.011
CCAGTT	333.0	3775.9	-0.011
CTTGAG	486.0	5395.8	-0.011
GATAAT	127.0	1548.3	-0.011
TTGTAC	147.0	1762.0	-0.011
CCAGCA	911.0	9872.8	-0.011
GCTAGT	134.0	1616.2	-0.011
GCCCAA	313.0	3566.2	-0.011
ATTCTT	336.0	3810.6	-0.011
GAAGGA	528.0	6429.0	-0.011
GCTTCA	393.0	4414.0	-0.010
TCACAA	219.0	2556.4	-0.010
GCTCAA	291.0	3324.0	-0.010
TCAGCT	567.0	6258.7	-0.010
AACCGG	85.0	1077.1	-0.010
ATTATG	174.0	2069.0	-0.010
AAGAAG	382.0	4306.1	-0.010
CTCATA	155.0	1856.9	-0.010
CGACTT	67.0	908.2	-0.010
GGCGAC	160.0	1913.6	-0.010
ACGACG	27.0	489.4	-0.010
ACACGG	164.0	2011.0	-0.010
CCGGAG	342.0	3874.6	-0.010
ACAACA	201.0	2361.6	-0.009
TTGCTA	219.0	2562.3	-0.009
CCCCAG	1327.0	14219.6	-0.009
CCGTCG	49.0	901.0	-0.009
TCCAAT	144.0	1737.6	-0.009
AGGTTT	362.0	4224.6	-0.009
CTCCGC	340.0	4422.0	-0.009
CGGTGA	197.0	2319.3	-0.009
AGTGTG	715.0	7831.0	-0.009
CGTCAT	82.0	1047.5	-0.009
TGATTC	253.0	3063.4	-0.009
GTGTGA	723.0	7914.3	-0.009
CAACTA	94.0	1185.6	-0.009
GCAACG	74.0	956.4	-0.009
CTGGGC	1811.0	20586.0	-0.009
CGCTCA	147.0	2002.7	-0.009
TAGCCA	265.0	3058.7	-0.009
GACCAT	191.0	2536.6	-0.009
AGTCGC	82.0	1050.0	-0.008
CTCGGG	414.0	4967.4	-0.008
ATAGCC	126.0	1550.1	-0.008
TGGTCC	462.0	5173.1	-0.008
CGACGA	26.0	466.6	-0.008
GCGAAT	41.0	572.2	-0.008
AAGGAC	282.0	3253.5	-0.008
GGTAAT	151.0	1824.5	-0.008
CTCGAA	59.0	1323.1	-0.008
TTTTTA	748.0	8192.7	-0.008
GATCGC	89.0	1133.6	-0.008
CAAGCC	350.0	3980.6	-0.008
GATATT	130.0	1772.4	-0.007
AGTAGA	273.0	3605.0	-0.007
TCATTT	422.0	4866.6	-0.007
AAGCCC	422.0	4757.9	-0.007
ATACGG	35.0	502.9	-0.007
CTCCTA	298.0	3427.5	-0.007
TTGAGG	456.0	5436.4	-0.007
GACCCA	360.0	4334.3	-0.007
CAGCCA	751.0	8235.9	-0.007
AATAGC	140.0	1706.3	-0.007
GCAGAC	360.0	4197.5	-0.007
ATTGTT	254.0	2963.9	-0.007
ATTATC	119.0	1486.1	-0.007
AGAGTC	292.0	3379.2	-0.007
CATTGG	266.0	3153.1	-0.007
GCAAAT	222.0	2607.4	-0.006
CCGGAA	145.0	1766.4	-0.006
TATCTC	197.0	2339.7	-0.006
AACGGC	78.0	1014.7	-0.006
AGTTTG	409.0	4621.9	-0.006
AGCCGA	170.0	2048.5	-0.006
TATGTG	375.0	5001.4	-0.006
TCCTAG	290.0	3348.6	-0.006
GGATTA	196.0	4964.3	-0.006
CCATCT	592.0	6569.2	-0.006
TGACCA	302.0	3699.1	-0.006
CTGGCA	800.0	8764.1	-0.006
GGCAGG	1684.0	18278.4	-0.006
GTGTAA	192.0	2287.3	-0.006
CAGACA	410.0	4640.1	-0.006
AGGACC	400.0	4620.1	-0.006
ACCGAG	122.0	1522.6	-0.006
GAATCG	75.0	1115.0	-0.006
ACAGGG	667.0	7375.1	-0.006
CGGGTT	193.0	2388.7	-0.006
CGGCAC	161.0	1954.1	-0.006
TTTGCC	460.0	5184.9	-0.006
GTATCA	103.0	1309.0	-0.005
TGAATC	201.0	2393.0	-0.005
TGAAGT	313.0	3615.2	-0.005
AGATCT	208.0	2893.9	-0.005
CGACGT	44.0	621.0	-0.005
CACATA	198.0	2433.5	-0.005
CGCAGT	162.0	1968.4	-0.005
GGTCGA	62.0	835.8	-0.005
ACGGCG	101.0	1288.5	-0.005
ACTGGA	373.0	4258.9	-0.005
GGAATC	247.0	2904.3	-0.005
GGTGAC	454.0	5430.6	-0.005
GCAAAG	321.0	3924.9	-0.005
GCGGAT	119.0	1496.3	-0.005
AGCGGT	126.0	1578.6	-0.005
CAACAA	185.0	2224.6	-0.004
TCGGCG	107.0	1362.6	-0.004
GGCAAG	396.0	4849.3	-0.004
GTCTGG	742.0	8193.3	-0.004
AGCACC	466.0	5261.8	-0.004
ATCGCT	105.0	1342.2	-0.004
AAGCGG	148.0	1821.1	-0.004
CTAAGT	152.0	1867.8	-0.004
GGCTCG	239.0	2825.3	-0.004
TTTGGT	435.0	4940.6	-0.004
TCTCGC	139.0	2097.7	-0.004
TCTATT	205.0	2456.4	-0.004
CGGAGA	164.0	2278.4	-0.004
GTGATA	150.0	1847.2	-0.004
GGGAAT	392.0	4526.4	-0.004
AGCTCC	632.0	7045.3	-0.004
TTCTGG	746.0	8244.0	-0.004
ACTCCG	133.0	1655.7	-0.004
GCGGAC	135.0	1762.4	-0.004
ACCGGG	199.0	2393.1	-0.004
GCACAT	310.0	4023.0	-0.004
CTCTGG	1113.0	12451.4	-0.004
CGGCGA	101.0	1304.0	-0.003
GTATAT	172.0	2109.4	-0.003
AGGTCC	369.0	4244.5	-0.003
AAAGGC	347.0	4009.1	-0.003
CCTCGG	442.0	5036.9	-0.003
GACGGA	135.0	1860.9	-0.003
CCATTT	408.0	4664.9	-0.003
AGGTGT	595.0	7207.7	-0.003
CAACCG	55.0	768.9	-0.003
GAAGAA	392.0	4511.3	-0.003
CCAAGG	576.0	6471.1	-0.003
AAGAGA	374.0	4307.6	-0.003
AGCTGA	554.0	6234.6	-0.003
AGGCCA	613.0	7468.0	-0.003
CATTTT	537.0	6053.9	-0.003
TGGCAA	348.0	4029.8	-0.003
CGCGAG	120.0	1533.9	-0.003
GCACTA	101.0	1586.4	-0.003
TTTGTT	754.0	8373.8	-0.003
GGACTT	344.0	3990.8	-0.003
TATATC	90.0	1187.3	-0.003
ACACCA	303.0	3553.9	-0.002
GGCCGA	285.0	3362.5	-0.002
GAAACC	367.0	4271.6	-0.002
TCGCAC	63.0	938.1	-0.002
GTCGAC	27.0	430.8	-0.002
TGCAGC	912.0	10045.0	-0.002
GATCCT	304.0	3568.3	-0.002
CAGAAA	421.0	5006.0	-0.002
GTTCAA	266.0	3648.4	-0.002
GGGTTT	584.0	7533.1	-0.002
CTCGAT	63.0	873.1	-0.002
CAAGCG	118.0	1802.9	-0.002
TCTCGG	265.0	3141.8	-0.002
CTCAGG	926.0	10203.5	-0.002
GTTTGT	518.0	5869.6	-0.002
TACAAG	145.0	1816.0	-0.002
GGTTAC	118.0	1518.1	-0.002
GTAGCT	294.0	4559.1	-0.002
AAGTTC	216.0	2613.0	-0.002
TGCCAG	801.0	8890.1	-0.002
TGGACC	369.0	4280.6	-0.002
GCAAAC	195.0	2380.9	-0.002
CGCGAT	51.0	734.8	-0.002
GACCAC	267.0	3174.7	-0.002
CAAAGG	374.0	4338.7	-0.002
TCATAG	155.0	1938.3	-0.002
GGCGGA	377.0	4375.6	-0.002
CTCAAT	155.0	1940.3	-0.002
GCCGCG	323.0	3789.3	-0.002
GCTCGA	70.0	965.6	-0.002
GAAGTG	450.0	5161.9	-0.002
AAGCGA	108.0	1451.1	-0.002
TGCCAA	303.0	3578.0	-0.002
TCATCC	349.0	4075.8	-0.002
TCATCA	272.0	3239.1	-0.002
TTTCGC	77.0	1067.8	-0.002
ATTCGC	31.0	490.8	-0.002
CCACCA	613.0	8846.6	-0.002
CACAAC	186.0	2288.0	-0.002
GATGAT	216.0	2629.6	-0.002
AGTTGC	214.0	2847.8	-0.002
ATCTGG	428.0	4929.3	-0.002
CCGAGA	197.0	2413.3	-0.002
GAGTTG	349.0	4080.3	-0.002
CACTGG	687.0	7702.9	-0.002
CCTCCG	368.0	4285.9	-0.002
CGTCCG	85.0	1248.6	-0.002
AGGTAT	194.0	2381.3	-0.002
GGCATC	367.0	4644.2	-0.002
TGATAT	145.0	1834.0	-0.001
TGGCAC	513.0	6261.1	-0.001
GAGGCT	954.0	11516.3	-0.001
CCCCGG	562.0	6372.7	-0.001
CCGGGA	451.0	5185.0	-0.001
TCCGGG	343.0	4017.4	-0.001
CAGGCT	1071.0	13598.3	-0.001
CTGGAA	697.0	7816.4	-0.001
TGCAGA	692.0	7770.8	-0.001
GCGATC	96.0	1281.0	-0.001
GTCACC	423.0	4893.8	-0.001
CGCTGG	432.0	4984.4	-0.001
GACCAG	403.0	5582.0	-0.001
TGTCAA	198.0	2432.6	-0.001
TCATTG	240.0	3380.3	-0.001
AAAATG	472.0	5420.9	-0.001
TACAGC	195.0	2401.5	-0.001
ACATAA	132.0	1794.0	-0.001
ATGGAG	565.0	6419.9	-0.001
ACATCT	259.0	3108.4	-0.001
GATATA	87.0	1179.9	-0.001
CTCAAA	361.0	4279.0	-0.001
GGTTGA	235.0	2852.2	-0.001
GCGCGA	105.0	1393.1	-0.001
CAGAAC	296.0	3524.2	-0.001
CGGCCT	344.0	5052.6	-0.001
GTTCCG	75.0	1362.7	-0.001
CCAGCT	923.0	12199.7	-0.001
CGCCGT	108.0	1436.5	-0.001
CTGAGA	634.0	7174.2	-0.001
GGAATT	272.0	3267.3	-0.001
TTGGAG	538.0	6172.1	-0.001
AGTCTG	437.0	5066.6	-0.001
ACAAGG	283.0	3394.3	-0.001
AGTGGA	422.0	5336.5	-0.001
ATCACA	244.0	2965.6	-0.001
AAGACA	267.0	3217.0	-0.001
AGGTTC	305.0	3638.0	-0.001
GCTATT	171.0	2155.2	-0.001
GAGCCG	321.0	4147.4	-0.001
TGGTCT	614.0	7619.6	-0.001
AGTGGC	651.0	7526.0	-0.001
AACAGG	329.0	3905.7	-0.001
ACGACA	44.0	671.2	-0.001
CCTTGG	741.0	9209.5	-0.001
GGAGAC	524.0	6018.5	-0.001
TCACCG	135.0	1876.7	-0.001
CCTAAG	196.0	2436.8	-0.001
AAGATC	154.0	1965.3	-0.001
GTCATG	282.0	3395.1	-0.001
TTACGG	38.0	598.1	-0.001
GAGTCA	289.0	3466.1	-0.001
CCAACT	227.0	2783.2	-0.001
CGGTCG	57.0	836.9	-0.001
CCCGAG	359.0	4244.6	-0.001
ACGCGG	109.0	1459.5	-0.001
GTGTCA	343.0	4065.9	-0.001
AGTGGT	433.0	5046.7	-0.001
GCAGGA	845.0	10475.5	-0.001
ATTGGC	217.0	2792.4	-0.001
CCCGGA	280.0	3382.6	-0.001
AATTCT	286.0	3451.8	-0.001
CGGCTA	65.0	1376.3	-0.001
TTTGAG	505.0	6292.4	-0.001
GCGCCG	295.0	3547.9	-0.001
TATTAT	211.0	2621.6	-0.001
AATCCC	421.0	4930.0	-0.001
AGCCAG	787.0	8863.3	-0.001
ATTGCT	304.0	3652.0	-0.001
CTCCGG	326.0	3892.1	-0.001
TCGTCG	32.0	527.7	-0.001
CAACCT	290.0	4623.4	-0.001
CTCAAG	402.0	4727.3	-0.001
GACATA	104.0	1408.3	-0.001
GTCAAC	114.0	1578.6	-0.001
CCCTAG	273.0	3331.6	-0.001
GAAGTC	242.0	2972.4	-0.001
GACGCT	128.0	1699.9	-0.001
CAGCTG	1039.0	12995.1	-0.001
GCAATG	288.0	3477.5	-0.000
AACCGC	63.0	927.1	-0.000
AAACTG	345.0	4195.4	-0.000
TAGGCA	224.0	2918.3	-0.000
ATTGTG	324.0	3880.9	-0.000
CGTCTC	212.0	2919.4	-0.000
CAGGAT	420.0	4932.1	-0.000
TGAAAC	325.0	3893.8	-0.000
GGCAAA	289.0	3494.8	-0.000
GTAGTG	204.0	2554.1	-0.000
TAGCGG	67.0	971.9	-0.000
CACTTC	371.0	4398.8	-0.000
GCTCCG	333.0	3989.2	-0.000
AACTGG	336.0	4026.8	-0.000
CCTAGA	215.0	2714.1	-0.000
AGGAAT	328.0	3934.8	-0.000
AATATG	175.0	2236.2	-0.000
ACCTGA	359.0	4278.9	-0.000
CGATTC	76.0	1084.1	-0.000
CCGGTT	81.0	1174.2	-0.000
CAGGAC	525.0	6085.8	-0.000
GATTCT	272.0	4071.5	-0.000
CGAAGA	51.0	856.5	-0.000
GCGACT	83.0	1171.3	-0.000
AAGTGC	347.0	5469.5	-0.000
CAAACT	265.0	3244.3	-0.000
CTCCCA	961.0	13157.0	-0.000
CGCGAA	22.0	462.6	-0.000
GGCTCC	856.0	10366.9	-0.000
GACCGA	61.0	930.5	-0.000
AGTGCG	157.0	2037.4	-0.000
GGCACC	586.0	6755.4	-0.000
ATCATT	191.0	2421.9	-0.000
TCAGCG	138.0	1817.2	-0.000
TCGCAA	29.0	501.3	-0.000
ATCACT	243.0	3241.4	-0.000
CCATTA	111.0	1878.7	-0.000
ATTGAG	191.0	2425.1	-0.000
AATCCT	254.0	3156.8	-0.000
AGCCAT	353.0	4233.6	-0.000
AATGAG	326.0	3935.2	-0.000
CACCAA	240.0	2983.8	-0.000
GATCAT	167.0	2238.8	-0.000
CTGGTC	552.0	7574.1	-0.000
GTTCCA	297.0	3619.1	-0.000
GACGTC	96.0	1341.8	-0.000
TCCAAC	173.0	2235.5	-0.000
CCAGAA	423.0	5010.7	-0.000
GATATG	183.0	2341.6	-0.000
CAAGGC	416.0	4931.6	-0.000
CGACCG	44.0	703.0	-0.000
CAATCG	20.0	383.2	-0.000
GTACAG	191.0	2435.6	-0.000
GTCTTG	416.0	5504.9	-0.000
GCCAGC	738.0	8416.4	-0.000
ATATTG	152.0	2041.3	-0.000
CGGTTC	94.0	1320.9	-0.000
AGTTCG	63.0	1218.7	-0.000
CAGAAG	504.0	6066.4	-0.000
CGGGTC	181.0	2618.2	-0.000
GCGGCT	318.0	4367.4	-0.000
AGACTG	392.0	4675.5	-0.000
TGACAT	260.0	3215.7	-0.000
GCGCTC	236.0	2962.5	-0.000
TCATTC	279.0	3436.4	-0.000
TTCGCG	39.0	644.0	-0.000
TCAACA	184.0	2362.4	-0.000
ACTCGG	157.0	2059.9	-0.000
CCTGAG	1022.0	11470.6	-0.000
CCTCGT	172.0	2321.8	-0.000
CAACTC	196.0	2506.7	-0.000
TACGGT	32.0	553.8	-0.000
CTATGT	228.0	2865.1	-0.000
CAATCC	141.0	2096.1	-0.000
GCGGCA	219.0	2773.5	-0.000
GGCATA	133.0	1811.0	-0.000
CCAGTC	391.0	4676.5	-0.000
ACATAT	167.0	2182.8	-0.000
ACCTCA	396.0	5454.2	-0.000
TCGCGG	91.0	1483.9	-0.000
CAGCCT	1400.0	16349.7	-0.000
TTGGCC	538.0	7038.8	-0.000
CGGCAG	330.0	4013.1	-0.000
CCATAT	148.0	1962.6	-0.000
AACATC	191.0	2454.8	-0.000
ACCCGG	215.0	3431.8	-0.000
CCAAAG	421.0	5776.5	-0.000
TCCTGA	622.0	8628.8	-0.000
GCGACG	73.0	1082.0	-0.000
CGAGTC	90.0	1289.2	-0.000
CAAGAC	221.0	3079.8	-0.000
CTCATG	437.0	5988.8	-0.000
ACCATA	104.0	1467.9	-0.000
CACCGT	162.0	2350.4	-0.000
CAATGT	196.0	2523.8	-0.000
CTCATT	337.0	4111.2	-0.000
TGGACA	423.0	5060.2	-0.000
CCCAGT	579.0	6755.8	-0.000
CAACTG	209.0	2766.9	-0.000
TCTTGA	328.0	4013.0	-0.000
CAAAAG	232.0	2936.2	-0.000
TCCGGA	124.0	1706.6	-0.000
TGTCAT	328.0	4015.8	-0.000
TATCAT	127.0	1743.7	-0.000
GCGCCT	334.0	4086.4	-0.000
GCCTCG	346.0	4213.0	-0.000
CCGAGT	182.0	2369.4	-0.000
TCAGGC	502.0	5929.2	-0.000
CCAGCC	1329.0	14799.0	-0.000
GACACC	274.0	3571.7	-0.000
GTACAA	92.0	1327.0	-0.000
ACTGAG	386.0	5290.9	-0.000
TCAGGT	428.0	5122.8	-0.000
GCCAAT	152.0	2033.3	-0.000
GGTCCG	127.0	2045.9	-0.000
TGGATC	265.0	3322.8	-0.000
ACGGAG	182.0	2412.6	-0.000
CGCCAA	88.0	1283.5	-0.000
CTACTG	254.0	3209.8	-0.000
CTCCAA	334.0	4102.7	-0.000
GTCAGG	564.0	6855.9	-0.000
AATCAC	175.0	2313.7	-0.000
GCGCCC	434.0	5561.0	-0.000
GGACTA	163.0	2608.3	-0.000
GGCGTC	205.0	2656.8	-0.000
TAGTGG	229.0	2926.1	-0.000
CAGCAA	354.0	4333.6	-0.000
GCAACA	226.0	3244.9	-0.000
CCAGCG	302.0	3756.6	-0.000
TCAGGA	584.0	6862.2	-0.000
CCGGCC	517.0	6246.1	-0.000
AGATGT	303.0	3774.8	-0.000
GGACCA	334.0	4122.8	-0.000
GACTTC	256.0	3447.3	-0.000
CTATTT	229.0	2939.7	-0.000
ATCGCC	67.0	1037.7	-0.000
GACAGA	420.0	5081.0	-0.000
CGCCAG	230.0	2954.3	-0.000
GATTCA	160.0	2157.0	-0.000
CGAGAC	155.0	2097.2	-0.000
TATATG	162.0	2181.9	-0.000
TTCGCC	98.0	1425.7	-0.000
TCCAGC	768.0	8877.8	-0.000
ACCCAG	650.0	8219.0	-0.000
ATCCGG	80.0	1204.8	-0.000
AAGATG	313.0	3933.7	-0.000
GCCATC	344.0	4246.4	-0.000
GAGGTT	387.0	5051.1	-0.000
TCATGA	267.0	3387.2	-0.000
GTCGTC	58.0	1233.4	-0.000
AGCGAT	84.0	1360.6	-0.000
CGCCGG	246.0	3157.3	-0.000
CTATGA	140.0	2044.2	-0.000
AGCAAT	219.0	2854.0	-0.000
TCTGGA	596.0	7033.1	-0.000
AGGTTG	400.0	5061.7	-0.000
CGGATT	45.0	768.2	-0.000
ATCATA	94.0	1425.5	-0.000
CCACCG	277.0	3518.2	-0.000
GGCAGA	721.0	8970.8	-0.000
ATATGT	231.0	3026.2	-0.000
GCGCGG	401.0	4997.4	-0.000
ACGGCA	90.0	1346.1	-0.000
GGCGCC	413.0	5991.5	-0.000
CATTGT	290.0	3670.9	-0.000
CAATCT	163.0	2222.8	-0.000
CGCGCC	298.0	3768.3	-0.000
GCCACT	551.0	6576.8	-0.000
AGCAAC	174.0	2357.6	-0.000
AACTTC	201.0	2667.3	-0.000
GCGCAG	297.0	4095.2	-0.000
CAATTC	142.0	1976.5	-0.000
AAGCTC	247.0	3493.3	-0.000
CAGCAC	687.0	8318.7	-0.000
GTCGCT	121.0	1737.9	-0.000
CTGCCA	847.0	9818.5	-0.000
CCTGGA	905.0	12606.1	-0.000
TTGCCA	353.0	4508.5	-0.000
GTGCCA	544.0	6527.6	-0.000
TCAAGA	224.0	2941.5	-0.000
CCATCA	312.0	3954.1	-0.000
GATGGT	363.0	4652.1	-0.000
AGGCGG	500.0	6239.6	-0.000
ATCCTG	473.0	6216.8	-0.000
GAGACA	457.0	5577.2	-0.000
TCAAGT	258.0	3337.4	-0.000
TCTCCA	596.0	7123.5	-0.000
CCGCGG	309.0	4111.4	-0.000
CAATGC	166.0	2282.4	-0.000
AGTGAT	317.0	4165.0	-0.000
TTACAG	302.0	5764.2	-0.000
GCCCAG	1349.0	15246.3	-0.000
GGTGAT	380.0	4726.6	-0.000
GCGCGC	319.0	4501.8	-0.000
GCAACC	177.0	3648.3	-0.000
AGTTCC	278.0	3577.5	-0.000
GAACCG	80.0	1247.3	-0.000
AGGAGT	505.0	6116.1	-0.000
TCAATG	144.0	2025.7	-0.000
AGCTAT	138.0	1953.6	-0.000
TCTCAT	339.0	4277.6	-0.000
TGCCAT	420.0	5646.4	-0.000
CACGAC	53.0	904.2	-0.000
AGCGCG	144.0	2029.8	-0.000
TCGCAG	114.0	1676.8	-0.000
AATGGC	287.0	3683.5	-0.000
TGATCC	315.0	4000.6	-0.000
AGTAGC	192.0	3923.7	-0.000
CAGTCT	389.0	4836.0	-0.000
GAATCA	185.0	2514.2	-0.000
CCCAAG	534.0	6453.2	-0.000
TCTCAA	329.0	4173.9	-0.000
GGTTCC	369.0	4625.3	-0.000
CACGGC	212.0	2843.4	-0.000
CGGGAT	119.0	1864.4	-0.000
ATATGG	170.0	2693.5	-0.000
CGGCCG	309.0	3960.0	-0.000
TGTAGT	267.0	3477.5	-0.000
ACTGGG	720.0	8512.5	-0.000
AGCTAC	206.0	3584.4	-0.000
ATTACA	192.0	4916.8	-0.000
CAAGAT	193.0	2625.7	-0.000
GGACAT	289.0	3731.5	-0.000
ATATGA	118.0	1742.2	-0.000
GGTTCA	301.0	4588.3	-0.000
CACTAT	129.0	1866.5	-0.000
CCGCGC	306.0	3933.1	-0.000
GACCTC	400.0	5556.2	-0.000
GCACAA	206.0	2786.2	-0.000
CGACAG	95.0	1461.3	-0.000
GGCAAC	259.0	3400.3	-0.000
AGTTTC	307.0	3956.8	-0.000
TGCAAA	340.0	4322.9	-0.000
GTTTCA	346.0	4671.7	-0.000
ACGATG	56.0	967.7	-0.000
GATCAC	251.0	3323.6	-0.000
TAGAGA	326.0	4787.0	-0.000
AGATCG	81.0	1292.2	-0.000
AATTCC	191.0	2620.9	-0.000
AGCGCC	215.0	2908.3	-0.000
AGGCAG	1127.0	13521.4	-0.000
CCGGGC	617.0	7432.7	-0.000
CAACAG	256.0	3390.0	-0.000
GAGATG	494.0	7205.2	-0.000
CGGCGG	421.0	5314.1	-0.000
TAATTC	140.0	2019.0	-0.000
GTCTCC	544.0	6630.4	-0.000
TCGCTC	165.0	2351.2	-0.000
CCAAGT	313.0	4048.5	-0.000
ATTAGC	186.0	2883.4	-0.000
GACATG	292.0	3803.7	-0.000
TTTTTG	690.0	10036.0	-0.000
CAATGG	249.0	3317.4	-0.000
TCCGGC	188.0	2599.3	-0.000
CAGGTT	401.0	5048.3	-0.000
GCCATT	298.0	3877.2	-0.000
TGAGAC	439.0	5478.9	-0.000
CCGGCG	236.0	3167.5	-0.000
TCGCCA	97.0	1510.8	-0.000
CACAAT	160.0	2277.4	-0.000
ACCTGG	825.0	9745.3	-0.000
AATCTC	210.0	2875.6	-0.000
TCAATC	80.0	1299.1	-0.000
ATCCAG	311.0	4047.3	-0.000
GATCCA	210.0	2878.8	-0.000
GAGTTC	318.0	4120.8	-0.000
CCAGGA	892.0	10493.4	-0.000
CGGCGT	103.0	1595.7	-0.000
CTGTAA	431.0	5847.6	-0.000
GCAGAT	341.0	4388.2	-0.000
CCCGGC	595.0	7431.5	-0.000
TCCGCG	110.0	1752.4	-0.000
GGGATT	437.0	7025.7	-0.000
ATCATG	207.0	3378.4	-0.000
AGGCAA	285.0	3771.9	-0.000
ATCTCC	331.0	4301.6	-0.000
GGTTTC	385.0	6119.0	-0.000
CTACAG	288.0	3805.6	-0.000
GCCAAG	456.0	5721.2	-0.000
TCCCAA	399.0	6595.6	-0.000
CAGCGC	262.0	3508.3	-0.000
CCATGA	324.0	4352.3	-0.000
TCCCAG	1167.0	14037.7	-0.000
GGATCC	264.0	3542.3	-0.000
GCAGCG	319.0	4638.8	-0.000
CATCAT	257.0	3465.7	-0.000
CAGCTA	298.0	4889.7	-0.000
TGAGTC	356.0	4615.7	-0.000
TCGCCC	194.0	2730.8	-0.000
CAGGAA	589.0	7308.7	-0.000
ATCTTG	262.0	3772.4	-0.000
TCCTGG	1228.0	16188.6	-0.000
GATTAC	149.0	4144.6	-0.000
CAGCGG	279.0	4059.6	-0.000
CGAGAT	89.0	1460.5	-0.000
TAGCCG	68.0	1261.0	-0.000
CCAGGT	729.0	8825.3	-0.000
AGCTGG	1214.0	14332.6	-0.000
ACAATG	172.0	2493.6	-0.000
ACCGCG	94.0	1530.6	-0.000
GAGTTT	341.0	4465.4	-0.000
TCTTGG	535.0	6924.2	-0.000
GATGGA	411.0	5400.3	-0.000
GGCGAA	74.0	1280.2	-0.000
ACCTCG	148.0	2214.9	-0.000
TCAAGC	262.0	3581.3	-0.000
CCCGGG	775.0	9388.6	-0.000
AGCGCT	141.0	2141.8	-0.000
CAGGAG	1234.0	14424.9	-0.000
AGCCTC	740.0	10291.4	-0.000
GGAGTC	411.0	5315.2	-0.000
GGCTCA	795.0	9633.6	-0.000
GCCTCA	717.0	9062.3	-0.000
CCAACA	292.0	3963.6	-0.000
ACTATG	125.0	1969.8	-0.000
TCCCGA	159.0	2430.7	-0.000
ACAGGT	400.0	5223.7	-0.000
GCTCCA	530.0	6707.9	-0.000
GAGACG	165.0	3162.4	-0.000
GGAGAT	378.0	6030.9	-0.000
ATCTCA	293.0	3988.1	-0.000
CCGCCG	300.0	4073.3	-0.000
TTGAGA	398.0	5211.9	-0.000
ACAGGC	653.0	8134.9	-0.000
CGCGGA	85.0	1669.8	-0.000
GAGACT	322.0	4337.7	-0.000
TACAGG	254.0	6547.8	-0.000
GGCCAG	1055.0	12572.9	-0.000
AGCCGC	241.0	3396.6	-0.000
GCAATT	127.0	2059.0	-0.000
CGCCAT	131.0	2055.0	-0.000
AGACAG	503.0	6432.2	-0.000
ACTACA	184.0	2721.9	-0.000
CAAAGT	295.0	4752.7	-0.000
GCTCAT	315.0	4289.3	-0.000
GGCTAA	187.0	3651.5	-0.000
CCGGGT	315.0	4292.8	-0.000
GCAGAA	400.0	5442.4	-0.000
CGGCTC	312.0	4272.1	-0.000
CGCCCG	293.0	4043.9	-0.000
GTGATC	329.0	4473.8	-0.000
TCCCGG	368.0	5127.3	-0.000
TAGCTA	93.0	1608.2	-0.000
AGAGAC	387.0	5233.3	-0.000
GCCACC	688.0	9445.6	-0.000
TGTAAT	304.0	4991.3	-0.000
AACTCC	269.0	4814.6	-0.000
TCCGCC	281.0	3954.2	-0.000
AGCGGC	225.0	3280.4	-0.000
GATCCG	76.0	1408.1	-0.000
GCGGCG	373.0	5851.1	-0.000
GTCTCA	426.0	5669.8	-0.000
GCCGCC	506.0	6802.1	-0.000
CGCGCG	233.0	3399.4	-0.000
GCCAGG	1173.0	14849.6	-0.000
TATTTT	660.0	8341.7	-0.000
GGCCAA	400.0	5382.7	-0.000
AGCCAC	573.0	7374.5	-0.000
TGCAAC	208.0	3600.5	-0.000
TGGAGA	724.0	9399.6	-0.000
TCGAGA	80.0	1488.6	-0.000
AGATAT	145.0	2337.9	-0.000
GCCATG	535.0	7194.4	-0.000
CGCCGC	319.0	4460.6	-0.000
TGGCCA	820.0	10555.2	-0.000
AATCGC	37.0	886.6	-0.000
TCGCCG	72.0	1394.9	-0.000
TGAGCC	796.0	9970.4	-0.000
AGATGG	557.0	7607.5	-0.000
AGAGAT	315.0	4438.4	-0.000
AGACGG	193.0	3014.3	-0.000
GCAATC	114.0	1973.0	-0.000
CGCCCA	281.0	4052.7	-0.000
TGAGAT	353.0	4910.6	-0.000
TCGGCC	215.0	3257.0	-0.000
TGCAAT	203.0	3130.9	-0.000
CTGGAG	1174.0	16015.6	-0.000
TTTTGT	709.0	9627.9	-0.000
CAGGCG	368.0	5784.1	-0.000
ATTTTT	777.0	10945.3	-0.000
TCTCGA	81.0	1614.3	-0.000
GTAATC	157.0	3552.1	-0.000
CCCAGG	1542.0	19063.7	-0.000
GGAGTT	408.0	6146.8	-0.000
TCAGCC	700.0	9159.4	-0.000
TCACCA	346.0	5434.9	-0.000
GCTAAT	155.0	3614.7	-0.000
TTAGCC	203.0	3269.0	-0.000
GAGATC	205.0	3647.5	-0.000
GCTGGA	857.0	11727.8	-0.000
GCCAAC	197.0	3197.5	-0.000
GAGTCT	335.0	5064.3	-0.000
GGTCTC	515.0	7406.7	-0.000
GAGCCA	619.0	8389.8	-0.000
GTCTCG	120.0	2704.9	-0.000
CTCGGC	314.0	4868.7	-0.000
GCGCCA	171.0	2928.7	-0.000
GCACCA	354.0	5216.4	-0.000
CCAGGC	1150.0	16848.1	-0.000
GTCGCC	117.0	2224.6	-0.000
AGTCTC	300.0	4570.9	-0.000
CTGGAC	462.0	6568.8	-0.000
CGCGGC	219.0	4020.6	-0.000
CGGCGC	193.0	3455.4	-0.000
GAGATA	155.0	2819.2	-0.000
TTTTTT	2079.0	27220.2	0.000
AACCTC	284.0	4550.3	0.000
CACCAT	349.0	6704.7	0.000
TGGAGT	523.0	8799.6	0.000
CAACAT	235.0	3902.1	0.000
