OligoSequence	Target Occurences	Background Occurences	Enrichment(ln p, up to 2 mismatches)
GTGTGT	1855.0	37644.5	-302.717
TGTGTG	1971.0	41856.8	-281.589
ACACAC	617.0	9792.8	-224.139
CACACA	641.0	11653.0	-184.874
TGCATG	426.0	6736.4	-165.176
GGGGGG	519.0	10151.2	-135.508
TGCGTG	161.0	4445.4	-126.116
GCGTGT	204.0	4223.4	-122.787
GTGCGT	112.0	3370.9	-113.391
CCCCCC	309.0	5542.5	-101.497
GCATGT	293.0	5638.5	-85.754
GTATGT	180.0	5652.5	-83.957
CGTGTG	236.0	5869.7	-82.391
TGTATG	201.0	6179.9	-82.242
GTGCAT	272.0	5220.9	-80.545
GTGTGC	446.0	10528.3	-79.295
TCATCA	210.0	3634.6	-76.565
TGTGCG	147.0	4407.1	-76.447
GTGTAT	149.0	6205.9	-69.901
CACACG	72.0	2326.0	-68.181
TGTGTA	203.0	8449.7	-63.018
GTGTGA	231.0	9972.8	-60.659
TGTGCA	366.0	9042.9	-59.311
TATGTG	143.0	7271.7	-57.609
GTGGGT	268.0	9780.8	-54.618
GAGTGT	157.0	6813.8	-54.177
ACACGC	54.0	1591.9	-53.854
TGAGTG	214.0	8762.1	-53.609
GCATGC	196.0	3995.0	-53.082
ATACAC	75.0	2632.2	-52.808
ATCATC	138.0	2357.9	-52.507
ACGCAC	41.0	1371.4	-51.434
GTTTGT	196.0	8371.9	-51.414
GGGTGT	261.0	10047.2	-50.044
GCGTGC	177.0	3585.1	-49.860
AGCAGT	212.0	4599.1	-49.852
TGGGTG	371.0	13762.0	-49.447
ATGTGT	293.0	10193.4	-49.369
GTGAGT	162.0	7543.8	-49.044
ACATAC	53.0	2518.0	-48.670
AGTGTG	218.0	9586.7	-48.475
GCACGT	125.0	2181.8	-46.349
ACACAA	97.0	3353.7	-46.328
CACGCA	60.0	1902.8	-45.509
TGTGTC	166.0	9507.2	-45.051
CGCACA	45.0	1657.2	-44.089
CGCATG	33.0	1552.4	-44.001
GTCTGT	214.0	7451.3	-43.543
GCACAC	98.0	4863.4	-43.044
GGTGTG	422.0	14587.3	-42.338
ATGCGT	42.0	1062.8	-40.451
CACACT	148.0	4313.9	-40.419
TGTCTG	199.0	9548.5	-39.835
CATACA	61.0	2877.4	-39.717
TACACA	140.0	3706.8	-39.238
TGTGGG	289.0	13717.9	-38.534
GAGAGA	312.0	8577.4	-38.216
TCTTAG	143.0	2993.6	-37.878
GTGTCT	104.0	8374.9	-37.124
ACACTC	79.0	2841.6	-36.632
CGTGCA	122.0	2408.9	-36.304
CACATA	61.0	3430.3	-35.240
TTGTGT	246.0	9640.4	-35.137
TGCGGG	191.0	4673.8	-34.692
GTGTGG	324.0	13860.5	-33.391
ACACAT	150.0	4586.3	-33.023
AGAGAG	311.0	8924.3	-33.014
GTGTAC	69.0	2884.7	-32.731
GTATGC	99.0	1880.0	-32.657
CCCCTC	303.0	8658.8	-32.601
AGGTTA	121.0	2516.3	-32.494
GTGTTT	222.0	9471.0	-32.286
GACACA	84.0	4137.0	-32.203
AGGCGT	138.0	3084.7	-31.645
TGTTTG	222.0	10045.6	-31.537
CAGCAG	305.0	8864.2	-31.090
GATGCG	75.0	1254.2	-31.080
TACCTT	125.0	2717.1	-30.756
GTGCAC	198.0	5126.4	-30.632
TGCACG	90.0	2164.2	-30.582
TCGGTG	104.0	2108.0	-30.574
CATGCG	56.0	1513.1	-30.559
CATCAA	52.0	2425.3	-30.141
TCGACG	2.0	334.9	-29.974
TGTGAG	229.0	10353.7	-29.959
CGAGCC	113.0	2410.4	-29.373
ACAAAC	79.0	3187.4	-29.205
CTGTGT	213.0	13529.5	-29.189
ACTCAC	75.0	2951.7	-29.180
TCTGTG	205.0	11898.2	-29.074
TGGACC	146.0	3501.7	-28.691
ACAGAC	104.0	3779.3	-28.577
TCCGGT	74.0	1296.5	-28.481
TGGGTC	206.0	5533.6	-28.437
TGCAGG	310.0	9276.2	-28.256
ACGTGT	115.0	2548.5	-27.634
TCACAC	145.0	4283.6	-27.125
TGTGTT	276.0	11190.3	-26.940
CACAGA	144.0	5938.2	-25.855
CCGTAC	39.0	476.8	-25.335
TTGCGT	64.0	1109.8	-24.972
TTAACT	129.0	3123.8	-24.922
TTTGTG	249.0	10302.2	-24.737
CCACAC	126.0	5344.6	-24.684
TTCGAT	38.0	465.9	-24.625
GACCGG	85.0	1755.2	-24.613
CGTGCG	40.0	2516.7	-24.377
CGCATA	35.0	403.2	-24.227
TTGAAA	195.0	5465.3	-23.663
CCAACT	113.0	2663.3	-23.575
CATGCA	171.0	4656.9	-23.460
GCCGAT	45.0	660.8	-23.325
CTTGCG	72.0	1401.1	-23.164
CTGTCT	291.0	9065.9	-22.923
CATCAT	139.0	3559.4	-22.881
ACCGTA	13.0	476.6	-22.497
GGTCGG	110.0	2613.9	-22.468
TGGGAA	266.0	8197.7	-22.370
TCGGCG	77.0	1597.4	-22.044
ACGATC	28.0	660.9	-21.865
CGCCGC	186.0	5279.4	-21.851
TAACTC	88.0	1929.8	-21.838
TCGAGG	80.0	1705.0	-21.752
GTACCG	9.0	621.5	-21.730
CGGCGG	232.0	6971.4	-21.723
CGTATG	25.0	722.7	-21.514
CGGCAC	81.0	1748.0	-21.460
CGCGTG	91.0	2703.7	-21.245
ATCAAC	56.0	1589.7	-21.058
TATAGT	107.0	2587.1	-20.879
ATCACC	124.0	3166.7	-20.790
GCGCGT	62.0	2330.3	-20.630
CATCAC	129.0	3378.1	-20.310
GGACCG	94.0	2214.6	-19.989
TGCAAG	62.0	4054.0	-19.891
GGGGGT	308.0	10021.6	-19.808
GGGTCC	215.0	6510.9	-19.790
CACGCG	73.0	1561.7	-19.643
CTAACT	84.0	1934.0	-19.437
CACTCA	91.0	3928.9	-19.278
TCCCCT	239.0	7451.8	-19.273
ACCCAC	68.0	4350.8	-19.214
TATGCA	102.0	3007.1	-19.178
CACCCA	132.0	7257.5	-19.168
CCTGTC	233.0	7249.7	-19.134
TAACTG	109.0	2752.3	-19.109
GCAGGT	232.0	7224.7	-18.946
GTACGT	15.0	981.2	-18.722
GTCGGT	60.0	1216.0	-18.703
ACACGA	44.0	744.8	-18.699
TAACCG	3.0	475.3	-18.623
TCCCCC	135.0	6553.6	-18.458
TCCGAT	23.0	525.4	-18.321
AGACGA	50.0	928.6	-18.287
CCCTCC	334.0	11239.6	-18.179
ACCATA	79.0	1823.5	-18.128
AGGACT	143.0	4020.0	-18.039
GTACCT	94.0	2324.1	-17.794
GAGAGC	176.0	5233.2	-17.791
CAAATT	131.0	3614.1	-17.786
TCGTCA	21.0	1025.4	-17.770
AGTACC	75.0	1706.6	-17.752
CGTGTA	28.0	1198.0	-17.466
TTTAAC	122.0	3301.4	-17.349
AACACA	99.0	4351.3	-17.218
GACCGT	54.0	1084.4	-17.175
CCGCCG	163.0	4821.3	-16.882
TGGGGG	447.0	15947.4	-16.792
TTTGCA	205.0	6410.6	-16.732
GGTCAT	111.0	2966.1	-16.731
GACGAT	22.0	608.0	-16.712
GGACTT	134.0	3810.3	-16.624
ATCTGG	151.0	4403.5	-16.597
CACAAA	112.0	4102.0	-16.413
CCCACA	109.0	5755.6	-16.236
GTCCTG	229.0	7372.9	-16.174
ACGCGT	30.0	640.2	-15.996
AAAATT	259.0	8558.7	-15.897
CATGGG	180.0	5563.8	-15.895
TTATTC	131.0	3749.5	-15.854
CAGATA	103.0	2763.6	-15.814
GAGGTG	324.0	11167.2	-15.813
ATGCAT	124.0	3951.8	-15.694
TGATGG	203.0	6427.7	-15.683
TGGATG	120.0	6093.9	-15.675
CTTAGC	95.0	2485.2	-15.540
GAGCTA	86.0	2162.1	-15.506
GGAATA	106.0	2858.4	-15.486
ACGACC	37.0	635.3	-15.459
GGCGGC	269.0	9023.1	-15.426
CTGGGT	314.0	10797.5	-15.381
TAAGTG	131.0	3787.3	-15.348
GACGGT	59.0	1318.0	-15.256
GCATGA	79.0	4025.8	-15.244
GACTTC	119.0	3368.7	-15.228
CTCCCC	261.0	9664.4	-15.190
ACTCTA	76.0	1862.9	-15.180
TTCGTA	37.0	644.4	-15.130
GGGGGA	284.0	9660.7	-15.112
GGCGTG	215.0	6970.3	-15.027
GACTTG	128.0	3696.3	-14.996
CGGTGG	163.0	4990.0	-14.916
ACACCC	68.0	4143.6	-14.875
ATGCGG	61.0	1367.3	-14.861
GACAAA	114.0	3206.7	-14.806
CACATG	171.0	5332.8	-14.781
CCTCTT	193.0	6135.3	-14.761
AACTGA	122.0	3481.3	-14.741
GCGAGC	89.0	2657.9	-14.736
ATAAGT	89.0	2316.4	-14.696
AGCCGT	19.0	1529.6	-14.671
CATGTG	256.0	8615.4	-14.661
GGAAAG	203.0	6533.8	-14.647
AGTAGT	93.0	2472.1	-14.545
GTGGGA	286.0	9829.5	-14.531
GCGGCG	240.0	8001.2	-14.514
CTCACA	133.0	4838.0	-14.500
CCTCTC	147.0	7456.0	-14.486
TGGGTA	140.0	4175.7	-14.449
ACTATA	68.0	1860.9	-14.438
AGGTGT	187.0	7979.8	-14.408
ACCGCC	79.0	2009.7	-14.394
AAATTG	139.0	4144.0	-14.358
CTCTTA	105.0	2901.6	-14.256
GTACAC	75.0	1876.4	-14.233
GTGTTA	127.0	3716.3	-14.224
GAAAGG	181.0	5766.6	-14.202
TTCCGT	58.0	1331.8	-14.157
TTTACT	150.0	4567.6	-14.121
AGGATC	109.0	3064.0	-14.106
TGCATA	60.0	3594.4	-14.056
GACACG	65.0	1541.9	-14.002
TTGTAA	150.0	4578.2	-14.001
CGGGGG	187.0	8090.4	-13.965
TTGCAT	151.0	4628.4	-13.890
TTGACA	109.0	3084.1	-13.828
GATACG	30.0	484.5	-13.816
ATCGTC	6.0	607.2	-13.812
CGCGCG	155.0	4801.3	-13.801
GCACAG	193.0	6247.4	-13.677
GGCACG	100.0	2790.3	-13.672
TCCGTA	35.0	629.8	-13.654
TCGATG	39.0	747.4	-13.652
CTTGCA	78.0	3924.4	-13.632
CTTCCG	54.0	2328.7	-13.600
CCCCAC	193.0	7996.2	-13.557
GCAAAA	127.0	3773.4	-13.500
ACCTTC	82.0	3477.0	-13.468
AAAGAT	139.0	4219.9	-13.448
ACAGAT	127.0	3782.3	-13.397
AGGTCG	60.0	1436.8	-13.341
GAGCCT	189.0	6156.8	-13.323
AAGGTT	111.0	3201.6	-13.279
GGAAAA	137.0	6518.0	-13.206
TAATCA	83.0	2225.2	-13.177
TCCTCT	218.0	7314.5	-13.151
TTTCGA	34.0	615.7	-13.149
GCGGGT	80.0	3854.2	-13.134
GTCCGT	58.0	1448.2	-13.125
TATGCG	18.0	609.0	-13.045
ATATAA	130.0	3936.7	-12.989
GAGCAT	94.0	3330.5	-12.976
ACTCGA	34.0	621.4	-12.947
GGGTGC	211.0	8328.4	-12.939
CCCGTA	36.0	683.9	-12.837
AATCGA	7.0	495.5	-12.822
ATACCG	27.0	428.6	-12.804
ACACAG	104.0	6144.1	-12.769
GACCTG	165.0	5276.8	-12.765
TAGTTG	92.0	2549.4	-12.764
GGATGT	68.0	4703.4	-12.712
ATGGGT	119.0	4356.6	-12.694
TAGACG	32.0	570.0	-12.687
GCGTAT	9.0	457.6	-12.656
CAACAA	106.0	3056.7	-12.629
CCTGAT	119.0	3567.3	-12.623
TTTTCG	54.0	1267.9	-12.606
ATTGAT	111.0	3254.4	-12.584
AACAAC	93.0	2600.7	-12.576
ACTGAT	49.0	2659.8	-12.550
GCGTTT	45.0	1639.7	-12.548
GTAGGT	62.0	3053.8	-12.505
TGAAAT	180.0	5910.5	-12.410
GTCATC	99.0	2846.0	-12.324
CTGTTG	196.0	6537.2	-12.246
GTTGCA	129.0	3967.3	-12.160
TCGCCG	58.0	1429.5	-12.087
CGACTC	47.0	1057.6	-12.087
TTTCGG	54.0	1291.6	-12.086
TCGGGG	67.0	4144.1	-12.001
CAAAAT	153.0	4891.4	-11.989
AGAACC	102.0	2988.0	-11.980
CCCAAC	110.0	3263.8	-11.968
GGCCCG	158.0	5105.3	-11.949
TAGGAC	71.0	1864.0	-11.902
TGTACG	22.0	904.0	-11.877
TCTCAG	203.0	6845.7	-11.873
AGAGCC	167.0	5454.1	-11.867
TTTTTC	314.0	11323.3	-11.798
CCTCCG	131.0	4085.9	-11.760
GTATAG	66.0	1697.0	-11.686
CTGTAT	128.0	3973.1	-11.637
ATTGAC	56.0	1789.2	-11.611
AGCTAG	82.0	2290.4	-11.592
GATGTG	105.0	6058.3	-11.589
GGCTTA	90.0	2559.0	-11.540
GTCGGC	66.0	1708.9	-11.490
ACCAAA	103.0	3066.1	-11.484
GTGCAG	240.0	9849.6	-11.463
GGCAGC	249.0	8764.3	-11.432
TGTAGG	103.0	3900.1	-11.422
GTACAT	44.0	2838.3	-11.414
GGGGTG	344.0	15717.2	-11.380
CTCTCT	245.0	8586.7	-11.377
CTATCT	70.0	2281.5	-11.370
GCTATT	97.0	2842.2	-11.348
GTTGTG	172.0	5685.6	-11.327
GTTTCG	49.0	1161.2	-11.267
GGCACA	169.0	5608.5	-11.245
CGACGA	27.0	469.2	-11.227
CTTTCG	24.0	1125.5	-11.223
TCCCTG	284.0	10210.5	-11.212
CCGTTT	58.0	1474.2	-11.209
AAGAAG	161.0	5270.0	-11.201
CTTCGG	22.0	1816.5	-11.181
CGTTTG	48.0	1460.3	-11.174
CTAGCT	84.0	2395.3	-11.151
CGACCC	36.0	1678.2	-11.105
CCGCCC	176.0	7491.9	-11.095
TCTAGT	87.0	2477.0	-11.093
TTGACT	57.0	3375.5	-11.074
ACGAAC	27.0	474.6	-11.049
ATTCGT	35.0	714.4	-11.049
GACGAC	37.0	777.4	-11.027
GCAGCA	197.0	6731.4	-11.005
TACCCT	79.0	2360.3	-10.989
GTGTCC	170.0	7061.4	-10.977
CCGTAT	22.0	541.7	-10.961
TGCATC	85.0	3370.1	-10.940
CCGTCA	51.0	1248.7	-10.876
AATATA	136.0	4336.3	-10.854
CTTAAC	64.0	2005.9	-10.845
TGGAAA	197.0	6752.0	-10.842
TCGACC	23.0	737.0	-10.799
GCGGGA	149.0	4847.7	-10.776
ACCTTA	44.0	1974.4	-10.744
CGGTCG	28.0	949.4	-10.741
ATAACC	57.0	1465.2	-10.728
ACCGTC	26.0	881.4	-10.725
TCTTAC	38.0	2422.9	-10.706
ACCGTT	36.0	758.3	-10.699
GCGCCG	134.0	4311.9	-10.691
CGTGAA	58.0	1503.5	-10.690
ATACGC	22.0	345.0	-10.687
ACCGAT	6.0	390.2	-10.677
CGTCGG	24.0	1280.4	-10.633
GATGGG	228.0	8001.4	-10.626
GTCGAC	4.0	467.7	-10.624
ATTCAC	92.0	2705.6	-10.610
GGTTAA	77.0	2170.4	-10.581
GATCTA	54.0	1370.6	-10.539
GGCTCG	91.0	2675.5	-10.495
CGCCGG	118.0	3713.1	-10.484
TCTTCA	153.0	5058.2	-10.406
CCCGCC	187.0	8352.5	-10.402
GAACGA	34.0	706.2	-10.388
CCCCCG	83.0	5029.2	-10.369
CGTCCT	73.0	2035.0	-10.362
GCAGTA	85.0	2496.8	-10.295
TAGGTG	97.0	3991.4	-10.286
GCGAGA	40.0	1958.9	-10.269
TACGAG	8.0	508.7	-10.211
GGGAAA	195.0	6747.2	-10.184
CCGCAT	46.0	1111.9	-10.173
GTTTGC	83.0	4438.7	-10.164
CTTGGG	231.0	8206.9	-10.162
ATACCT	81.0	2354.0	-10.137
TTGGGG	263.0	9526.1	-10.112
GTACTA	49.0	1217.2	-10.112
TGCGAG	67.0	1829.8	-10.094
ACAATC	25.0	1776.2	-10.090
CCCTTC	149.0	6601.7	-10.071
CCTTCG	53.0	1786.1	-10.071
CCTCCC	380.0	17303.0	-10.042
GCCGCC	191.0	6636.0	-10.004
GTTTTT	313.0	11592.3	-9.930
GGTCCC	175.0	5984.5	-9.906
GTCGCC	80.0	2335.0	-9.897
CCGTAA	28.0	539.5	-9.877
AGCAGC	201.0	7062.1	-9.848
CCCCCT	181.0	6274.7	-9.844
TGTCCA	113.0	5310.4	-9.842
CACACC	130.0	6062.5	-9.835
CGGCAG	52.0	3624.7	-9.817
GCTTGC	90.0	3428.2	-9.816
GACTTA	26.0	1839.0	-9.745
TACCGT	12.0	592.1	-9.738
CCGCTT	20.0	1720.9	-9.723
AGCTTA	59.0	2165.7	-9.714
CGATCG	20.0	314.7	-9.703
CCAATA	66.0	1818.3	-9.699
AAACCA	123.0	3956.3	-9.677
CCGATA	8.0	330.1	-9.672
GCGCAT	43.0	1288.5	-9.625
GGACCT	127.0	4128.9	-9.623
GTGAAT	55.0	4244.9	-9.613
TTAACA	105.0	3265.0	-9.611
AAACAC	64.0	3642.8	-9.609
TAGCTT	92.0	2786.7	-9.600
GCAGAT	67.0	4181.1	-9.598
GTTACA	88.0	2630.0	-9.593
CACGTG	125.0	4050.5	-9.567
CTTAGA	70.0	2595.9	-9.562
GATTGA	77.0	2244.7	-9.552
TTTGGT	189.0	6608.1	-9.544
GTTATT	84.0	3848.8	-9.542
TGGTGT	245.0	8861.3	-9.532
GGCATG	141.0	6371.6	-9.524
AGTATA	79.0	2324.0	-9.524
GCAAGC	62.0	2936.5	-9.509
AGTACT	72.0	2058.0	-9.509
GTTCGT	16.0	881.3	-9.505
ACCTGC	163.0	5552.6	-9.501
TGAAAA	187.0	6535.0	-9.425
CCTTAT	82.0	2448.4	-9.418
GGAGCC	242.0	8787.2	-9.409
GAATTG	110.0	3488.3	-9.403
GGGATA	86.0	2566.7	-9.402
CTCGAG	54.0	1435.1	-9.383
TTGGAA	112.0	5225.9	-9.377
ATCCAT	41.0	3157.3	-9.320
CCGTCT	43.0	2767.9	-9.317
ATCGGT	26.0	499.6	-9.264
AAGATG	141.0	4723.4	-9.209
GGGGGC	261.0	13235.8	-9.207
TTATAT	148.0	5025.3	-9.196
AATCTA	71.0	2044.2	-9.153
CAGACA	115.0	4794.2	-9.151
AAAGCT	113.0	3636.7	-9.148
GTGACT	144.0	4860.0	-9.130
AGTCGC	43.0	1060.4	-9.118
CTTACT	47.0	2796.7	-9.103
AGCCGC	105.0	3313.0	-9.098
TATCAA	70.0	2015.9	-9.038
TCGATC	32.0	695.5	-9.030
GACCCG	41.0	2397.4	-9.020
TGTCCT	211.0	7545.0	-9.019
CGCCCC	182.0	6566.0	-9.009
AGGGTT	144.0	4876.7	-8.995
CCGGTC	58.0	1607.3	-8.962
GAAAAA	194.0	6874.8	-8.930
TAGTAC	48.0	1247.5	-8.913
GCTAGC	57.0	1573.1	-8.911
GAGCCC	204.0	7286.8	-8.911
TTCGAG	43.0	1593.5	-8.869
AGGCTC	146.0	4979.3	-8.856
CAAACA	71.0	4156.9	-8.855
CCCCGC	159.0	7316.4	-8.828
AGCATC	60.0	3151.7	-8.824
GCACAT	119.0	3921.9	-8.806
TTCAGG	161.0	5561.0	-8.738
AAGACG	45.0	1150.2	-8.733
CCGATG	37.0	874.9	-8.726
TGGATC	60.0	3354.3	-8.725
GCCCCC	222.0	8056.9	-8.709
TTCGAA	28.0	581.9	-8.700
TCGTGT	16.0	1669.3	-8.698
AACCAT	83.0	2547.8	-8.690
ACCTTG	125.0	4145.1	-8.682
ACGATA	11.0	349.9	-8.669
GCTCCC	194.0	6912.8	-8.668
CTACCT	39.0	2776.2	-8.661
GCCCGT	75.0	2236.6	-8.655
ACAAGC	79.0	2392.4	-8.654
GAACGT	43.0	1085.2	-8.650
GCCGCA	81.0	2472.6	-8.646
CGATGC	37.0	878.1	-8.640
TCTAAG	39.0	2480.3	-8.600
TCCGTT	41.0	1020.0	-8.575
GGTGTA	58.0	3117.9	-8.563
GCAGGC	211.0	7619.9	-8.539
GAGCCG	132.0	4458.6	-8.536
AGGACC	62.0	4100.9	-8.522
ACGTGC	18.0	2176.7	-8.519
AATACC	65.0	1862.7	-8.518
TAAGCT	70.0	2055.2	-8.502
ATTTGT	202.0	7259.0	-8.490
CATGAA	119.0	3957.3	-8.475
AACCAA	88.0	2725.3	-8.467
ATGCAC	79.0	3105.2	-8.435
TGTGAA	146.0	6978.9	-8.415
TCTCTC	211.0	7638.4	-8.413
GATCGC	46.0	1204.6	-8.408
AACTAT	30.0	2176.7	-8.393
ATTATT	176.0	6230.5	-8.383
CGCATC	42.0	1064.1	-8.373
AACCGG	21.0	1056.8	-8.369
CCCTCA	112.0	5411.8	-8.350
CTTAGT	78.0	2379.2	-8.341
GATTCG	30.0	659.8	-8.330
GTTGAC	69.0	2031.6	-8.307
GTCTAA	61.0	1726.6	-8.301
TTCCCC	193.0	6922.1	-8.295
CATTCG	31.0	693.2	-8.293
AACCGT	33.0	760.6	-8.284
TATCGC	22.0	411.1	-8.284
CTGTCG	35.0	2161.5	-8.283
TGGACA	146.0	5050.9	-8.281
TACCAG	81.0	2504.7	-8.271
AGCATG	121.0	4643.4	-8.265
CTGGAT	119.0	4803.1	-8.265
TCACAG	81.0	5391.4	-8.265
TGAGGG	192.0	8994.2	-8.265
GGTTGG	118.0	5969.6	-8.265
GGGGAG	327.0	15473.7	-8.265
GGGAGG	464.0	22849.4	-8.265
GGAGGG	332.0	17291.8	-8.265
GAGGGG	217.0	13544.2	-8.265
AGGGGT	143.0	6978.0	-8.265
TGAGAG	156.0	6443.3	-8.265
CTGACT	97.0	4342.1	-8.265
CTCCTC	190.0	8474.9	-8.265
TCCTCC	187.0	9158.0	-8.265
CCTCCT	240.0	11561.3	-8.265
GGTGCA	159.0	6200.4	-8.265
GGCCTG	221.0	11614.0	-8.265
GCCTGT	185.0	9608.1	-8.265
GAGGGT	166.0	7071.8	-8.265
TGGGAG	348.0	14782.6	-8.265
GGCCCC	149.0	8740.8	-8.265
GCCTCC	248.0	13677.5	-8.265
ACCTCC	127.0	6167.9	-8.265
ATCTGT	110.0	5173.5	-8.265
TCTGTC	161.0	7982.9	-8.265
TGCATT	80.0	5399.0	-8.265
CATTTG	122.0	6115.8	-8.265
TTTGTA	180.0	8836.8	-8.265
TTGTAT	74.0	6969.3	-8.265
GTATGG	54.0	2568.1	-8.265
TATGGG	57.0	3822.3	-8.265
TGTACA	105.0	4090.7	-8.265
GGGTGG	380.0	17206.0	-8.265
GGTGGG	478.0	19019.0	-8.265
GGTGCG	73.0	4199.8	-8.265
TTCATG	91.0	4698.6	-8.265
GCATCT	81.0	3824.0	-8.265
TCCATG	108.0	5167.9	-8.265
TGAATG	107.0	5496.9	-8.265
TGCCTG	226.0	11769.8	-8.265
GTGCCT	114.0	7159.3	-8.265
CCTGCA	172.0	7541.7	-8.265
CTGCAG	255.0	11585.2	-8.265
AAGGGT	91.0	3803.7	-8.265
GTGGGG	369.0	18159.8	-8.265
GGAGCA	115.0	6066.9	-8.265
AGTTGT	103.0	3971.3	-8.265
GTCCTT	71.0	4750.4	-8.265
CCTTCC	190.0	8800.2	-8.265
CTTCCT	220.0	9592.2	-8.265
CGTCTG	37.0	2401.0	-8.265
GTCTGC	91.0	4989.1	-8.265
CTGCCG	79.0	3738.6	-8.265
CTTTCC	131.0	6992.1	-8.265
ATCTTG	69.0	4213.3	-8.265
TGCACA	162.0	6113.1	-8.265
TGGGAC	100.0	6457.6	-8.265
GGACCC	102.0	5610.0	-8.265
TTCTGG	139.0	7492.9	-8.265
TGGGGT	200.0	11829.5	-8.265
GGTTCC	76.0	4128.0	-8.265
TCCTCA	144.0	5844.2	-8.265
CCTCAG	188.0	10704.0	-8.265
TGAGCA	110.0	5602.5	-8.265
ATGTGG	114.0	6833.4	-8.265
CAGCTG	187.0	9388.4	-8.265
AGCTGC	138.0	6804.3	-8.265
CTTTGG	172.0	8041.7	-8.265
TTTGGG	183.0	9969.5	-8.265
TTGGGT	153.0	5685.7	-8.265
CTCCCT	217.0	9423.8	-8.265
AAGAGG	108.0	6030.1	-8.265
GAGGGA	233.0	10064.3	-8.265
CTGCGT	41.0	2828.2	-8.265
GCGTGG	73.0	5672.8	-8.265
CGTGGG	112.0	5465.7	-8.265
GGCTTT	130.0	5539.4	-8.265
TGCAGC	163.0	7367.3	-8.265
CAGCGG	95.0	3796.2	-8.265
AGGGGG	218.0	8901.3	-8.265
GCTTGT	85.0	4269.1	-8.265
CTTGTG	88.0	6123.3	-8.265
CGTCCC	64.0	2990.4	-8.265
GTCCCC	148.0	6703.8	-8.265
TGCAGT	159.0	9270.3	-8.265
GGGGCG	177.0	11529.7	-8.265
GACGTG	49.0	2369.2	-8.265
AGCGTG	69.0	2724.9	-8.265
GTCTGA	76.0	3959.7	-8.265
TCTGAG	140.0	6759.6	-8.265
GTGCGC	71.0	4038.5	-8.265
TCCGTG	60.0	2508.8	-8.265
CGCAGG	74.0	3891.5	-8.265
GTGAGC	130.0	8914.2	-8.265
TACGTG	30.0	1520.7	-8.265
GTGTTC	109.0	4900.7	-8.265
TGTTCG	8.0	1023.3	-8.265
CTGCAT	105.0	5261.6	-8.265
GGGCAC	127.0	6236.4	-8.265
AGGGTC	85.0	4985.2	-8.265
GGTCCT	102.0	4741.7	-8.265
GCACCT	56.0	5134.8	-8.265
TCCCTC	150.0	7611.8	-8.265
GTGGGC	164.0	9232.5	-8.265
TGGGCG	95.0	5667.6	-8.265
GGGCGT	70.0	4335.8	-8.265
CCCACT	103.0	5582.1	-8.265
CACTTG	77.0	4889.1	-8.265
ATGTGC	97.0	5552.8	-8.265
TCTGCA	107.0	6531.4	-8.265
CATGAG	82.0	4717.4	-8.265
TTTTCA	134.0	8413.9	-8.265
GATGCA	48.0	3306.3	-8.265
GTGCTT	74.0	5223.9	-8.265
TGCTTG	96.0	5950.0	-8.265
TTGTGC	118.0	4781.0	-8.265
CGTGTT	59.0	2264.8	-8.265
TGCGCG	61.0	2905.9	-8.265
AGCCTT	84.0	4777.9	-8.265
CCTTGG	167.0	7489.2	-8.265
AGGAGT	136.0	6272.9	-8.265
GGGGAA	148.0	7959.4	-8.265
CAGATG	140.0	5739.1	-8.265
GGTGGT	182.0	8838.6	-8.265
GTTGGA	53.0	4276.7	-8.265
TTGGAG	127.0	6687.1	-8.265
TGGGCA	206.0	9711.5	-8.265
GCTTTC	86.0	4546.0	-8.265
CCCACC	186.0	9451.8	-8.265
CCACCC	173.0	8368.3	-8.265
CACCCC	115.0	6852.9	-8.265
GCAGCC	194.0	8867.2	-8.265
ACCCTC	98.0	4340.0	-8.265
CACCTT	94.0	4507.0	-8.265
ATGGAT	68.0	3682.1	-8.265
CCCCTT	135.0	5999.4	-8.265
GGGCAT	112.0	4728.6	-8.265
GAGCGC	74.0	3574.5	-8.265
AGAAAG	149.0	7002.2	-8.265
GAAAGA	120.0	5787.8	-8.265
TTTTTG	301.0	16358.9	-8.265
TTTTGT	295.0	16655.9	-8.265
AGGCGC	40.0	3713.9	-8.265
GGCGCG	90.0	6281.0	-8.265
CGCGGG	112.0	5860.7	-8.265
GCGGGG	230.0	12438.3	-8.265
CAGGAG	214.0	12815.6	-8.265
CTCACC	103.0	4999.6	-8.265
CCACTC	82.0	4087.2	-8.265
TTTGTT	267.0	14828.5	-8.265
TTGTTC	52.0	4958.3	-8.265
GTTCTG	89.0	5760.3	-8.265
TTTTAC	128.0	4657.8	-8.265
TTTACA	86.0	4972.6	-8.265
AAAATA	224.0	9695.4	-8.265
GTAGGC	48.0	2159.1	-8.265
GCTCTT	91.0	4827.9	-8.265
CTTCTT	124.0	7004.1	-8.265
CTTTTA	126.0	5792.0	-8.265
TTTATC	70.0	4265.9	-8.265
GAATGT	92.0	4548.9	-8.265
CCTTCA	102.0	4560.8	-8.265
GAAAAT	128.0	5724.8	-8.265
TCTTTA	74.0	5324.1	-8.265
TTTGGA	124.0	6230.4	-8.265
AGTTTG	98.0	5817.3	-8.265
GTGTTG	147.0	6794.1	-8.265
GCGGTG	95.0	5380.2	-8.265
GTGTAG	91.0	3531.3	-8.265
TAGGGG	89.0	3771.8	-8.265
TCCTTT	177.0	8157.3	-8.265
CCTTTT	145.0	7370.5	-8.265
CTGTTT	142.0	8361.8	-8.265
GGAGTT	81.0	6448.0	-8.265
GAGTTG	65.0	4118.1	-8.265
CCGCTG	60.0	3823.3	-8.265
TATCTT	85.0	3821.8	-8.265
CTTTTC	111.0	7551.6	-8.265
TTTCAT	84.0	7032.8	-8.265
CAGTGG	165.0	10441.4	-8.265
TTTAAA	188.0	10347.0	-8.265
TTAAAA	181.0	9162.3	-8.265
TTTGAC	74.0	3225.5	-8.265
AAAAGG	115.0	5093.2	-8.265
TTGAGG	95.0	5674.3	-8.265
GAGGAT	110.0	4910.9	-8.265
TCTTAT	74.0	3373.5	-8.265
CTTATT	101.0	3981.9	-8.265
TTTAGT	68.0	5932.8	-8.265
TTTTCC	203.0	8814.4	-8.265
AGCTTT	107.0	4951.6	-8.265
CTTTAG	71.0	3163.4	-8.265
TTAGGT	44.0	3134.2	-8.265
TTATTG	93.0	4812.4	-8.265
TTAATT	120.0	6104.3	-8.265
AATTTA	106.0	4997.3	-8.265
TTTATG	96.0	5600.5	-8.265
AGAAAA	188.0	8471.6	-8.265
AAAGAA	134.0	7521.0	-8.265
AATTTT	180.0	11169.1	-8.265
GCTTGA	57.0	3859.1	-8.265
AGGCTT	101.0	4591.6	-8.265
AGCAGG	163.0	8024.7	-8.265
GCAGGA	184.0	8780.0	-8.265
GAGCTG	192.0	9507.1	-8.265
TGGGTT	134.0	7113.9	-8.265
GTCTTC	74.0	4313.0	-8.265
CCCTGC	218.0	10423.4	-8.265
CCTGCG	81.0	4264.6	-8.265
GAAAAG	112.0	5687.9	-8.265
CATGTT	115.0	6307.1	-8.265
GAGCTT	100.0	4104.6	-8.265
ACAAAA	179.0	7324.5	-8.265
CAAAAA	139.0	7751.2	-8.265
ATGAAG	60.0	4200.0	-8.265
TGAAGG	96.0	5578.8	-8.265
GAAGGA	110.0	6616.2	-8.265
AGCAGA	114.0	5674.6	-8.265
GCAGAA	82.0	5246.9	-8.265
GACTGT	47.0	4244.6	-8.265
ATTTGA	88.0	4886.8	-8.265
AAAAGT	90.0	5150.1	-8.265
ACTTTC	59.0	3752.6	-8.265
TTACTT	98.0	4147.0	-8.265
AGTGAG	143.0	8801.5	-8.265
GTGAGA	111.0	6620.8	-8.265
AGCGGC	94.0	3334.1	-8.265
GAGCGT	30.0	1985.9	-8.265
CAGAAG	100.0	6076.2	-8.265
TGCGTA	25.0	878.7	-8.265
GTAAGT	50.0	2951.3	-8.265
GAAGGT	97.0	4623.1	-8.265
GGTGGA	199.0	9015.7	-8.265
GGTTTT	171.0	7572.5	-8.265
ATGAGT	75.0	3708.7	-8.265
CGTTGG	18.0	1577.2	-8.265
TACCTG	61.0	3720.1	-8.265
CCTGAC	93.0	6086.8	-8.265
TTCCCT	138.0	7545.6	-8.265
TGGCGG	79.0	4928.1	-8.265
GCGGCC	126.0	5863.3	-8.265
GAGAAG	139.0	7210.1	-8.265
AGAAGT	56.0	4505.6	-8.265
CCTGTT	100.0	5726.3	-8.265
TACTGT	74.0	3793.2	-8.265
GTGAAA	96.0	6161.5	-8.265
AAGTGT	117.0	5445.5	-8.265
AGCTGT	124.0	6303.8	-8.265
GCTGTT	119.0	5493.2	-8.265
GTTTTA	136.0	5765.7	-8.265
ACTTGT	58.0	3629.6	-8.265
TCCCTT	106.0	6154.3	-8.265
TTAGGG	70.0	3430.5	-8.265
GGTATG	71.0	2975.9	-8.265
ACAGAG	144.0	7375.1	-8.265
AGAGAC	87.0	5969.9	-8.265
CGTGAG	76.0	3499.3	-8.265
TTTTAG	116.0	7523.3	-8.265
AAGCAG	96.0	5615.0	-8.265
TTCTTA	97.0	4710.4	-8.265
CAATTT	85.0	4182.7	-8.265
TGGTGG	259.0	13876.8	-8.265
CTTTAT	89.0	5188.7	-8.265
GAAGCT	79.0	4632.8	-8.265
CCTGTA	95.0	6518.6	-8.265
CTGTAG	122.0	4927.2	-8.265
GGCGGG	305.0	13595.5	-8.265
GGGCGG	274.0	12740.4	-8.265
GTGCAA	85.0	3809.0	-8.265
TTACCT	59.0	3138.9	-8.265
GAGTGC	152.0	6403.6	-8.265
AGTGCA	152.0	6363.8	-8.265
GGGAAC	77.0	4561.4	-8.265
TCTTGG	127.0	6498.0	-8.265
GTATGA	42.0	2292.6	-8.265
AATGGG	77.0	4714.1	-8.265
GGATGC	64.0	4001.0	-8.265
CATTCT	75.0	5250.0	-8.265
GTTCCC	77.0	4497.5	-8.265
TTCGTG	28.0	1664.7	-8.265
GAATGG	76.0	4513.2	-8.265
GCGCCC	75.0	5869.9	-8.265
GTGGAT	95.0	5089.6	-8.265
CCGCGG	110.0	5008.8	-8.265
CTCTCC	156.0	7503.7	-8.265
GGCGGT	47.0	3584.8	-8.265
GAGGTT	92.0	5468.5	-8.265
GTGGTA	60.0	3425.7	-8.265
TTATTA	132.0	5445.7	-8.265
ATTCTT	82.0	5414.0	-8.265
GTATTT	99.0	7969.5	-8.265
TTATCT	50.0	4030.2	-8.265
CACTCT	108.0	4804.2	-8.265
TAGCTG	106.0	5926.0	-8.265
CCCTCT	170.0	7268.9	-8.265
TGAGAA	131.0	6481.1	-8.265
CGCCCT	43.0	3412.5	-8.265
CATGGA	77.0	4841.4	-8.265
AAAAAC	93.0	5059.7	-8.265
GGGACA	114.0	6154.0	-8.265
TGAAAG	89.0	4785.8	-8.265
AGGCGG	100.0	6239.5	-8.265
GCCCGC	102.0	5484.0	-8.265
TGTCGG	29.0	1735.8	-8.265
CGCCTC	103.0	4818.3	-8.265
CGGCCC	112.0	4989.5	-8.265
CAGCCG	56.0	3807.0	-8.265
CGTGGA	51.0	2694.7	-8.265
GCCGGA	60.0	2590.1	-8.265
GCCGGC	108.0	4815.9	-8.265
GAGTGA	108.0	6135.1	-8.265
TGACTG	67.0	5142.9	-8.265
GCCGGT	42.0	2081.1	-8.265
GGGTAC	62.0	2275.2	-8.265
GGGTGA	136.0	7874.4	-8.265
TTCGGG	57.0	1975.5	-8.265
GCGTCC	43.0	2837.9	-8.265
CGTTTT	36.0	1827.9	-8.265
AGCGGG	51.0	4189.0	-8.265
TTGCGG	45.0	1636.5	-8.265
CGGGTG	93.0	5062.2	-8.265
CGTGCC	43.0	3120.1	-8.265
GCGTGA	80.0	3380.9	-8.265
TCGCTG	41.0	2249.2	-8.265
CCGGCG	101.0	3885.0	-8.265
CGGTTG	29.0	1232.4	-8.265
GCGGCA	65.0	2714.0	-8.265
GTTGCG	21.0	1108.3	-8.265
TCGGAG	30.0	1926.0	-8.265
CGGAGC	35.0	4070.0	-8.265
GTCGTG	17.0	1671.6	-8.265
GGGTTA	26.0	2526.6	-8.265
GCGAGT	7.0	1550.7	-8.265
CACAAT	56.0	2906.0	-8.245
TAGCCG	45.0	1178.4	-8.244
TTGCAG	182.0	6481.7	-8.207
CTTCCC	230.0	8466.2	-8.203
CGGCGT	32.0	1772.3	-8.201
CAAGTA	86.0	2671.5	-8.185
TTAGTG	101.0	3280.7	-8.184
CTGCGG	141.0	4847.0	-8.173
GCGCTT	61.0	1736.7	-8.157
CCTAAG	75.0	2277.5	-8.148
GCCAGA	141.0	4851.1	-8.139
ATGGAC	86.0	2675.4	-8.139
GCGGGC	198.0	7176.2	-8.126
TTTTTA	382.0	14874.8	-8.110
CAAACT	83.0	3595.0	-8.083
GTGAAC	101.0	3292.0	-8.072
AAGATA	90.0	2843.0	-8.070
TACTCA	42.0	2596.9	-8.059
AACGGA	5.0	815.8	-8.046
AATTGA	89.0	2980.3	-8.016
ACTGTA	105.0	3423.9	-8.003
CGTTTA	35.0	843.6	-7.959
CTTCAG	160.0	5666.2	-7.945
CGATGA	22.0	772.0	-7.940
GCGGCT	115.0	3855.7	-7.874
GAAGAA	162.0	5724.9	-7.850
TGTTGT	212.0	7778.9	-7.837
GCACGC	70.0	2208.2	-7.822
CCGTCC	44.0	2511.0	-7.820
GCAAGT	75.0	2951.7	-7.801
CGTTCG	26.0	551.9	-7.800
TTTTAA	307.0	11767.3	-7.741
ATCTAG	62.0	1806.6	-7.730
GTCCAC	64.0	2987.7	-7.729
TGACCG	49.0	1355.1	-7.714
CGAAGA	37.0	925.6	-7.706
TCACTG	217.0	8034.6	-7.704
CGAGAG	68.0	2041.8	-7.687
TAGCAG	85.0	2995.2	-7.667
GTACTG	76.0	2360.2	-7.647
GATCGA	11.0	693.2	-7.627
CGCTAA	22.0	433.5	-7.613
CACCCT	159.0	5668.1	-7.612
ATTCGA	25.0	528.9	-7.573
CAAAAC	109.0	3642.2	-7.523
CATCAG	84.0	3719.6	-7.505
CAGTTG	113.0	3813.3	-7.500
TGATTC	112.0	3782.1	-7.405
TGATCA	37.0	2971.4	-7.396
GGGAGC	246.0	9278.7	-7.393
CTTTCT	241.0	9086.3	-7.391
GATAAC	50.0	1414.4	-7.384
AAGCGT	29.0	1028.0	-7.383
CGCACG	52.0	1491.3	-7.364
AGCTTC	126.0	4343.4	-7.354
GAATCG	11.0	1138.7	-7.353
TCGAGC	20.0	950.8	-7.350
CTATCG	21.0	414.0	-7.304
TTCGGT	11.0	940.4	-7.275
CTTTAC	85.0	2759.5	-7.254
GATAAA	68.0	2951.7	-7.254
CACGTT	50.0	1425.5	-7.235
ATGAAA	148.0	5280.5	-7.217
CCCGTC	87.0	2971.1	-7.213
CGGCGA	54.0	1578.0	-7.197
AGATAC	68.0	2082.6	-7.193
ATCCAA	71.0	2213.7	-7.061
CATTGA	94.0	3109.9	-7.051
GAATAT	83.0	3110.6	-7.035
AGACAC	67.0	3727.5	-7.010
AAGGGC	127.0	4432.5	-7.000
CCCTGG	304.0	11830.8	-6.981
GAAATT	124.0	4304.7	-6.980
TTAGGA	107.0	3620.6	-6.979
ATCGAT	18.0	456.7	-6.947
GTGGTG	351.0	13845.5	-6.928
GCGTAC	3.0	597.0	-6.926
TAACTT	84.0	3241.0	-6.912
GGATCG	18.0	1121.6	-6.892
ACTTCC	124.0	4317.3	-6.882
GGACAC	119.0	4145.3	-6.880
TGACAG	152.0	5463.1	-6.871
AACTTC	56.0	3134.6	-6.863
CCGTAG	18.0	834.6	-6.852
GCATAC	26.0	1363.1	-6.851
AGCTTG	122.0	4240.2	-6.807
TACAGA	109.0	3725.2	-6.805
CTTCAC	68.0	3713.7	-6.802
CTGATG	138.0	4898.2	-6.787
AAGCTC	98.0	3305.7	-6.784
CCGGTG	89.0	2930.0	-6.781
CGGTCC	41.0	1915.3	-6.774
TATACG	16.0	522.1	-6.755
CTATCA	62.0	1884.9	-6.754
GTTAAC	49.0	1580.2	-6.752
AGTGAC	113.0	3903.3	-6.748
ATCGAC	11.0	407.0	-6.747
TCAAAG	106.0	3609.2	-6.709
ACGACG	23.0	498.6	-6.709
CCATAC	49.0	1426.0	-6.703
TGACTC	104.0	3569.1	-6.694
CAGTAT	49.0	2653.9	-6.663
TTATAC	60.0	2122.5	-6.651
AAGATC	55.0	2386.6	-6.637
AGCTCC	156.0	5678.2	-6.636
CGAGCA	26.0	1381.3	-6.607
TTCCGA	36.0	951.5	-6.591
GGCCTT	150.0	5416.1	-6.586
ACCGAC	12.0	657.0	-6.582
AATTCA	107.0	3668.9	-6.577
CCGTTG	20.0	1153.6	-6.572
CCATCA	108.0	3712.8	-6.567
AGGAGC	184.0	6831.1	-6.562
AGTAGC	60.0	4126.1	-6.544
CAGATT	55.0	3680.5	-6.521
GTTAGT	71.0	2264.8	-6.503
CAGCAT	104.0	4955.6	-6.487
TGTACC	69.0	2767.2	-6.487
ACAAGA	66.0	3132.0	-6.487
TGACCT	103.0	6298.4	-6.487
TCCATC	90.0	4172.8	-6.487
AAATCT	97.0	4038.4	-6.487
GTTCAT	63.0	3476.1	-6.487
TGTCGT	14.0	1131.9	-6.487
ACAGCA	82.0	5233.2	-6.487
CAACTT	73.0	2972.1	-6.487
CACATT	102.0	4528.8	-6.487
GGACCA	70.0	3641.8	-6.487
CACTGA	102.0	4709.7	-6.487
GACCAG	94.0	5177.4	-6.487
CAGCAC	77.0	7106.5	-6.487
TACATG	43.0	3638.3	-6.487
CATGAT	72.0	3711.5	-6.487
CGCGCC	102.0	4599.1	-6.487
GAACAG	86.0	4078.2	-6.487
AGATGA	94.0	4687.0	-6.487
TAATTG	68.0	3026.5	-6.487
AAGATT	87.0	3542.7	-6.487
TCCACT	85.0	3962.1	-6.487
TGAATA	76.0	4001.9	-6.487
TATGAA	72.0	3502.8	-6.487
AATGTA	70.0	4060.5	-6.487
CCCTAG	29.0	2756.5	-6.487
AACTTG	65.0	3310.4	-6.487
TTATAA	87.0	4204.6	-6.487
ATAATT	103.0	4600.6	-6.487
AAAATC	82.0	4006.6	-6.487
TCAAAA	83.0	5062.6	-6.487
AGGATT	109.0	4243.8	-6.487
TTCTAA	47.0	3973.3	-6.487
GATGAA	92.0	3839.0	-6.487
ATCTTA	49.0	2413.3	-6.487
AAATTA	161.0	6673.8	-6.487
CATTAT	71.0	3228.8	-6.487
CCCCTA	30.0	2521.2	-6.487
TGAACA	93.0	4020.5	-6.487
AACATT	62.0	4444.0	-6.487
AGGCAT	69.0	4948.5	-6.487
TAAAAT	127.0	7247.8	-6.487
TAAGAG	55.0	2960.5	-6.487
AAACAT	68.0	4660.4	-6.487
TCTCAC	105.0	4734.4	-6.487
CCCATC	74.0	5059.5	-6.487
AAGCTT	75.0	3145.4	-6.487
ACCAGC	85.0	5084.4	-6.487
GAGATA	32.0	3572.2	-6.487
AGATAA	89.0	3319.0	-6.487
TACAAA	88.0	5101.8	-6.487
ACAAAT	68.0	3827.6	-6.487
AATTAT	98.0	4410.6	-6.487
TAGGAA	86.0	3728.8	-6.487
AAAGTT	55.0	4352.2	-6.487
AGGATA	50.0	2579.5	-6.487
AATTAA	89.0	4209.8	-6.487
AAACAA	96.0	6026.1	-6.487
ATTTAC	32.0	3156.5	-6.487
TACTTC	55.0	2423.0	-6.487
ATACTT	71.0	3096.6	-6.487
TATCCT	22.0	2713.5	-6.487
ATCCTC	78.0	4045.8	-6.487
ATAGAA	57.0	3226.5	-6.487
ACCTGA	75.0	4099.9	-6.487
CAAGCA	98.0	3929.6	-6.487
AACAAA	92.0	6043.8	-6.487
TATTCA	81.0	3465.6	-6.487
TCTTAA	68.0	3637.2	-6.487
TTATCA	37.0	3158.8	-6.487
GCAAAG	65.0	4048.1	-6.487
GACAGA	130.0	6024.2	-6.487
ATGTAA	45.0	4154.2	-6.487
AGAAGC	110.0	4797.6	-6.487
TAATTA	62.0	3635.0	-6.487
TTATGC	47.0	2163.7	-6.487
GGATCC	59.0	3183.9	-6.487
AAAACT	98.0	4663.0	-6.487
TTCCGG	51.0	2238.7	-6.487
ACCCCT	66.0	4494.0	-6.487
ATGCAA	58.0	3094.1	-6.487
AGTATT	50.0	3620.7	-6.487
TCTTCG	33.0	1206.5	-6.487
CAAGAA	66.0	3869.2	-6.487
CTTAGG	72.0	2939.8	-6.487
CCTTGA	74.0	4036.3	-6.487
CTTGAC	62.0	2743.4	-6.487
CCCTAC	53.0	2361.3	-6.487
TGACAC	54.0	3218.2	-6.487
GCATTC	37.0	2787.6	-6.487
AAACTG	89.0	4899.3	-6.487
TAGCCT	55.0	2693.0	-6.487
TCATCC	62.0	3693.7	-6.487
AAGAAT	64.0	4293.0	-6.487
ATTATA	98.0	3924.8	-6.487
TGGTAA	29.0	3244.6	-6.487
GGTTAT	34.0	2334.5	-6.487
ACTGGA	88.0	4195.6	-6.487
GTAGCT	81.0	4646.7	-6.487
TTCACC	42.0	4739.0	-6.487
ATTAAT	84.0	3792.7	-6.487
AATGCA	62.0	3970.8	-6.487
TATTAA	73.0	3991.3	-6.487
AAGAGC	74.0	3801.0	-6.487
ACCTCT	73.0	4764.6	-6.487
ACTGTC	62.0	3419.7	-6.487
GACCTT	81.0	3451.7	-6.487
GATAGG	43.0	2071.7	-6.487
TTAGAT	37.0	2789.6	-6.487
AGCGCC	47.0	2799.4	-6.487
GCCGCT	76.0	3155.3	-6.487
GCCGTC	31.0	2045.3	-6.487
AACTGG	58.0	3914.1	-6.487
AGCGAG	34.0	2591.4	-6.487
TTTCCG	31.0	1702.8	-6.487
AGAATA	72.0	3499.4	-6.487
TCACTC	84.0	4317.4	-6.487
CTCATC	75.0	3766.2	-6.487
AGATAG	48.0	2482.6	-6.487
CTGAAC	41.0	3088.4	-6.487
AGTCGG	31.0	1428.9	-6.487
TCTCCG	40.0	2313.4	-6.487
CCGCAC	41.0	2140.3	-6.487
CGTCTT	13.0	1523.4	-6.487
AGGTTC	58.0	3532.4	-6.487
ATCATT	69.0	3770.0	-6.487
TTACTC	38.0	2371.2	-6.487
GGTCCG	39.0	2013.7	-6.487
CGCCCG	82.0	4764.1	-6.487
GCTCGC	39.0	2147.4	-6.487
TCGCAG	33.0	1540.0	-6.487
TTGTCG	11.0	872.0	-6.487
AGAGCG	28.0	2396.4	-6.487
GAGCGA	34.0	2134.7	-6.487
TAAGGG	66.0	2699.4	-6.487
GACCCT	85.0	4856.1	-6.487
ACCCGC	36.0	2324.1	-6.487
TCCGGC	34.0	2452.1	-6.487
TAGGCG	10.0	971.1	-6.487
GGTTCG	28.0	1275.8	-6.487
GTTCCG	46.0	1327.5	-6.482
TAATCG	19.0	379.4	-6.480
GACTCG	44.0	1393.6	-6.474
GCTTCC	167.0	6162.9	-6.442
ATAAGC	25.0	1756.2	-6.402
GCCGTA	22.0	603.9	-6.400
CTACCC	73.0	2356.6	-6.382
GATCCG	38.0	1511.9	-6.374
GACCGA	14.0	973.0	-6.369
ACCATC	88.0	2934.0	-6.360
CTTCCA	158.0	5813.3	-6.352
TATTAT	142.0	5139.7	-6.347
CATACT	59.0	1840.2	-6.346
ATGCGA	21.0	558.4	-6.333
GTCCTC	130.0	4658.5	-6.305
CTTCGA	33.0	861.5	-6.287
AGCCCT	161.0	5917.4	-6.270
AAATAT	180.0	6746.9	-6.255
CCTGCT	230.0	8826.1	-6.255
TCGGGC	75.0	2452.1	-6.239
CCATAA	45.0	1894.7	-6.231
TTCGTC	33.0	865.5	-6.216
AAATTT	188.0	7078.1	-6.215
TCTAGG	93.0	3162.7	-6.204
TCACCA	83.0	5115.7	-6.200
CATAAT	60.0	2511.2	-6.172
TCGAAG	29.0	726.8	-6.172
TTCCTA	106.0	3677.1	-6.159
TCAACC	65.0	2057.1	-6.143
ACCTTT	113.0	3982.0	-6.137
GGAGTA	80.0	2670.5	-6.124
GATCAT	38.0	2715.7	-6.115
AATCAA	79.0	2629.9	-6.114
CTGTAC	85.0	2878.3	-6.113
CCGTTC	18.0	1163.5	-6.101
GGTGTT	155.0	5719.0	-6.100
ACTGAG	144.0	5267.3	-6.097
AAGCAA	116.0	4122.0	-6.068
TACGCT	20.0	427.5	-6.066
AGGTGA	201.0	7672.5	-6.050
AATTTG	140.0	5099.4	-6.025
ACGCAT	19.0	780.2	-6.003
TAGAAT	95.0	3271.7	-5.998
CTACTT	91.0	3102.0	-5.990
CCTTCT	186.0	7030.8	-5.966
ACTATT	42.0	2497.0	-5.954
GGATTT	136.0	4931.8	-5.954
CAACCC	84.0	2855.4	-5.954
CCGATC	24.0	564.4	-5.946
TGTGGT	256.0	10016.2	-5.938
ACACCA	106.0	3707.5	-5.932
TACACT	39.0	2209.6	-5.932
ACGTTC	33.0	883.4	-5.908
CCGTCG	36.0	1022.2	-5.897
CATAAC	49.0	1488.1	-5.876
ACGCTC	4.0	1046.7	-5.869
ATGGAA	126.0	4545.5	-5.866
GATAGA	40.0	2128.8	-5.860
ATACGA	8.0	321.8	-5.857
CCTGGA	248.0	9694.4	-5.834
GCTTAC	54.0	1687.2	-5.826
GAGTAT	61.0	1927.6	-5.819
CACGTC	49.0	1493.8	-5.813
ATCGCC	30.0	900.3	-5.803
GGAAAC	119.0	4291.0	-5.796
ATTCAT	114.0	4072.4	-5.794
TATAAC	31.0	1640.5	-5.790
GTAACT	55.0	2270.3	-5.782
ATTATC	24.0	2196.8	-5.779
AGTCGT	12.0	786.5	-5.771
TTAACG	3.0	561.4	-5.769
GAACCG	38.0	1222.4	-5.760
TACCTC	71.0	2338.8	-5.757
TAGTGT	96.0	3344.2	-5.753
CTCGAC	31.0	821.5	-5.746
AGTATG	76.0	2546.4	-5.739
CAGTAG	85.0	2922.2	-5.734
CCAGTA	76.0	2548.5	-5.720
CCCTCG	86.0	2925.7	-5.708
TTAGTT	107.0	3781.9	-5.699
ACGAGC	32.0	954.1	-5.693
GCAGCT	179.0	6801.0	-5.691
TTTATA	167.0	6292.1	-5.685
AATATT	161.0	6016.3	-5.682
CGTCCA	4.0	1368.9	-5.682
GGGCCC	229.0	8905.9	-5.646
ACACTA	28.0	1532.1	-5.645
ACCGGC	54.0	1704.1	-5.640
GGGTTC	147.0	5477.7	-5.632
ACAACA	96.0	3360.6	-5.622
AGCAAG	121.0	4360.2	-5.621
CGATCC	33.0	902.0	-5.614
GCATAG	30.0	2062.8	-5.609
TTCACA	124.0	4495.3	-5.605
AACCGA	15.0	686.1	-5.603
AAAGGT	103.0	3667.8	-5.581
GCGCTA	28.0	723.9	-5.578
GCCGCG	136.0	4991.5	-5.573
AATTGT	117.0	4236.7	-5.566
TAACCT	68.0	2235.2	-5.564
CCGCCT	152.0	5671.7	-5.563
CGTTAA	5.0	527.7	-5.560
TGATCC	121.0	4371.9	-5.549
TTCTTC	184.0	7016.3	-5.543
GCCTAG	87.0	2987.2	-5.541
TGCAAA	134.0	4951.5	-5.537
CAATCG	20.0	449.6	-5.532
GATCGG	8.0	855.4	-5.528
ACTTAT	70.0	2321.6	-5.523
AACGAT	14.0	516.3	-5.516
TATCGA	16.0	321.5	-5.482
CGCCGT	50.0	1560.2	-5.477
AATTGG	81.0	2784.6	-5.475
CGATGG	35.0	1342.6	-5.466
AACAGA	121.0	4383.5	-5.465
GAGCAG	204.0	7885.3	-5.457
CTCCAC	150.0	5598.5	-5.456
AAATTC	108.0	3858.0	-5.453
CACCAA	93.0	3254.8	-5.449
AGAGGC	177.0	6753.4	-5.448
TTAATC	71.0	2372.4	-5.438
ACGTAG	28.0	731.3	-5.435
ATAGGC	57.0	1844.9	-5.420
TAGTGG	95.0	3344.9	-5.420
TATACC	51.0	1605.3	-5.416
CCCCCA	207.0	8038.4	-5.412
CGTAGG	32.0	878.0	-5.401
GGCTAC	64.0	2090.8	-5.382
TAGTCA	60.0	1968.5	-5.381
GCATGG	150.0	5613.2	-5.369
CGAGGA	71.0	2380.7	-5.363
CCTTAG	79.0	2715.3	-5.350
GTATAC	23.0	1684.6	-5.349
CTGTCC	185.0	7106.8	-5.321
TTTCTT	350.0	14225.5	-5.302
CTAAAC	51.0	1616.9	-5.290
GGTCCA	96.0	3405.8	-5.281
ATTAAC	46.0	2092.9	-5.277
GTGAAG	143.0	5356.4	-5.277
GCCTGC	212.0	8265.4	-5.248
CCAAAT	99.0	3543.6	-5.222
ATGGGA	138.0	5138.6	-5.221
AATGGA	113.0	4111.4	-5.221
TGACTA	60.0	1985.8	-5.218
ATCTAA	43.0	1919.1	-5.215
CTAGGA	88.0	3072.0	-5.208
GTTCTT	139.0	5186.8	-5.206
TATAAT	107.0	3850.5	-5.205
TGTCCG	61.0	1987.4	-5.197
TTGCAA	101.0	3633.9	-5.194
CATGCT	114.0	4160.2	-5.186
GCAGTC	98.0	3507.6	-5.165
AAACCG	33.0	931.5	-5.165
TCACCC	138.0	5148.3	-5.164
CACGTA	12.0	985.1	-5.162
ACCGAA	6.0	652.1	-5.151
TTGACG	25.0	640.1	-5.145
CGATTC	39.0	1160.5	-5.141
CGGGCC	143.0	5382.9	-5.122
ATGTAC	57.0	2690.9	-5.106
TCCCGT	22.0	1851.9	-5.106
GCATAT	57.0	2687.5	-5.106
TATCAG	38.0	2489.1	-5.106
ATCAGT	54.0	2860.1	-5.106
GTATCC	37.0	1741.2	-5.106
GGCGAC	41.0	2063.8	-5.106
TAAGCA	27.0	2571.3	-5.106
CGGTAG	10.0	855.4	-5.106
TGAACC	57.0	3993.1	-5.106
CTAATT	76.0	4783.1	-5.106
AAAGGC	75.0	3894.8	-5.106
ATAATA	78.0	4012.4	-5.106
TATACA	65.0	3565.4	-5.106
ACGTTT	27.0	1337.1	-5.106
AAACCT	47.0	3504.3	-5.106
TTCCGC	13.0	1591.3	-5.106
TCCGCT	49.0	1607.6	-5.106
TCTACC	45.0	2415.8	-5.106
GCACAA	47.0	2821.7	-5.106
ATTCAA	53.0	3064.7	-5.106
CCCTTA	47.0	2296.2	-5.106
TTATAG	67.0	3186.0	-5.106
ATAGGA	41.0	2490.0	-5.106
AAATCA	76.0	4188.4	-5.106
GTAGCA	53.0	2356.8	-5.106
TAGCAT	34.0	2762.1	-5.106
AACAGT	41.0	3370.3	-5.106
GAAAAC	86.0	3986.7	-5.106
CAACAG	78.0	3713.5	-5.106
AATAGA	62.0	3115.6	-5.106
TAGGTC	26.0	1889.3	-5.106
ATAAGA	43.0	2755.8	-5.106
CTTAAG	38.0	2497.3	-5.106
ATATTC	50.0	3033.6	-5.106
AACTCA	72.0	3135.1	-5.106
ACCAGA	71.0	3253.3	-5.106
TATACT	59.0	2353.8	-5.106
GGCATA	19.0	1913.0	-5.106
CTTACC	47.0	2094.1	-5.106
CAAGAT	76.0	3183.4	-5.106
GCCCTA	37.0	2083.6	-5.106
CCTACT	46.0	2425.6	-5.106
AACCTT	61.0	2913.0	-5.106
ATTAGT	24.0	2422.1	-5.106
TTAGTC	5.0	1914.9	-5.106
AACAGC	48.0	3314.1	-5.106
ACCACC	80.0	4198.3	-5.106
GGTACA	37.0	2451.7	-5.106
AACCCT	74.0	3407.4	-5.106
AGCATA	33.0	2185.1	-5.106
GAACCT	77.0	3237.9	-5.106
GGAACG	34.0	1594.2	-5.106
CCACAA	72.0	3244.8	-5.106
ACTCAT	71.0	2793.7	-5.106
CAGTCG	30.0	1180.1	-5.106
ACAGTA	50.0	2508.2	-5.106
CGCCAC	46.0	2807.2	-5.106
CGAGCG	25.0	2033.3	-5.106
TCCGCA	13.0	1498.2	-5.106
CGCGAG	43.0	1974.5	-5.106
AACTCT	75.0	3381.3	-5.106
TCGCCT	30.0	1743.8	-5.106
TACCCC	41.0	2036.3	-5.106
GTCGGA	13.0	1043.3	-5.106
CCGACC	35.0	1708.8	-5.106
TCGGTT	8.0	885.8	-5.106
CCTTAC	30.0	1999.5	-5.106
GCCGTT	14.0	1158.5	-5.106
CACGCT	18.0	1619.4	-5.106
CGAGCT	23.0	1686.0	-5.106
GTCTTA	71.0	2409.9	-5.105
ACCGGT	27.0	716.3	-5.077
CCGCTC	77.0	2663.6	-5.077
GCTGTA	91.0	3218.0	-5.071
GTTGGG	182.0	7015.7	-5.071
CGCTTA	7.0	555.5	-5.071
CGTAGT	17.0	730.4	-5.032
CGTAGA	26.0	682.6	-5.029
AGAGCT	135.0	5083.6	-5.013
GAATAG	75.0	2587.5	-5.012
TCTATC	62.0	2047.6	-5.008
ACTCTC	83.0	2927.8	-5.001
GCGCGC	153.0	5816.7	-5.001
CCAAAA	110.0	4012.1	-4.998
CGACCG	21.0	686.8	-4.995
CCATCG	11.0	1203.6	-4.992
TCGCAC	31.0	868.4	-4.988
GGGTAT	72.0	2467.8	-4.967
ATTGTC	76.0	2637.5	-4.951
GATGGA	149.0	5643.0	-4.950
AATATC	72.0	2469.2	-4.950
TAGGCA	82.0	2892.2	-4.943
AACTTA	69.0	2344.8	-4.943
TTGGTG	178.0	6902.7	-4.931
GAAGAT	96.0	3458.6	-4.895
TTTTAT	286.0	11580.6	-4.890
GCCTTC	141.0	5334.7	-4.878
CAATAT	74.0	2561.4	-4.876
CGACCA	29.0	801.9	-4.874
CGTATA	11.0	472.9	-4.873
ATTTCG	27.0	730.5	-4.844
TAGGAG	102.0	3729.3	-4.830
CGCTTT	47.0	1499.3	-4.827
TCATCG	31.0	879.4	-4.823
TACGGC	23.0	588.8	-4.805
ACATTC	85.0	3039.5	-4.800
AGAGCA	143.0	5442.9	-4.788
TTAGAC	52.0	1704.5	-4.783
GAGGAG	302.0	12279.6	-4.780
GTAAAG	77.0	2701.2	-4.775
CAGTAC	57.0	1910.9	-4.754
GTTCAC	84.0	3003.2	-4.750
CTTTTG	184.0	7177.7	-4.746
TGACCA	100.0	3656.5	-4.732
CGTCTA	22.0	556.7	-4.727
AAAAAT	297.0	12088.7	-4.725
TTGTGG	181.0	7087.1	-4.725
GTAGTG	88.0	3136.7	-4.723
ATAATC	64.0	2161.3	-4.721
GACTAT	48.0	1549.4	-4.720
CACGAA	29.0	811.5	-4.720
CAGGAT	130.0	4911.3	-4.698
TATAAG	64.0	2164.8	-4.694
ATTTAT	201.0	7956.3	-4.689
ACAATA	74.0	2586.6	-4.675
CGGTAC	6.0	548.9	-4.666
AAGTAC	56.0	1879.7	-4.657
GTGGAC	114.0	4243.6	-4.656
GATCCT	96.0	3495.9	-4.642
TTGAGC	107.0	3937.1	-4.628
CCCAAT	61.0	2048.8	-4.618
CGTAAC	18.0	423.5	-4.617
ACTTTA	99.0	3630.8	-4.614
TCTGAC	93.0	3369.9	-4.609
CAGAAC	100.0	3675.4	-4.607
AAACGA	15.0	807.5	-4.583
TCAGGC	134.0	5116.4	-4.570
ATCCGT	3.0	771.7	-4.566
GCAGTT	108.0	3991.3	-4.563
CTGCCC	259.0	10452.9	-4.560
CACAGT	137.0	5210.0	-4.557
AAGTAT	83.0	2987.2	-4.547
ACGTAT	15.0	808.8	-4.540
GGATAG	64.0	2184.2	-4.524
TTCGCA	11.0	697.2	-4.516
TCGTCC	39.0	1210.2	-4.512
CGTCGA	1.0	338.3	-4.499
ATTCCG	27.0	752.1	-4.495
GGTGAT	142.0	5452.6	-4.491
TTTTTT	1148.0	50026.8	-4.488
GCTTTT	168.0	6570.3	-4.486
TTTGCG	42.0	1331.7	-4.485
TTCTAG	105.0	3872.8	-4.478
TTACGA	11.0	426.3	-4.467
CTTTGA	132.0	5046.8	-4.454
GGAGCT	187.0	7385.0	-4.453
AACCGC	31.0	905.8	-4.453
GTCGCA	29.0	831.7	-4.439
GTCCAT	81.0	2917.4	-4.433
CGTACC	21.0	537.7	-4.427
CTATAG	50.0	1659.8	-4.421
CAAAAG	104.0	3883.4	-4.406
TCTGTA	131.0	5010.2	-4.402
CACCGT	34.0	2184.3	-4.401
TCCGAG	57.0	1949.2	-4.395
ACACGT	49.0	1730.3	-4.369
ACCGGG	65.0	2244.6	-4.367
ACGGCG	8.0	1346.1	-4.365
CCCCAA	127.0	4836.0	-4.363
GCAGCG	116.0	4382.0	-4.361
TTTGAA	170.0	6691.7	-4.360
ATGCGC	37.0	1145.4	-4.352
TTTACG	11.0	753.6	-4.349
ATCAAT	62.0	2122.2	-4.336
CACCGC	87.0	3147.9	-4.335
ACGAGA	32.0	954.0	-4.329
CGTACA	22.0	579.0	-4.315
ACGGTT	9.0	763.3	-4.312
ATGTCC	97.0	3589.4	-4.306
TGCTGT	226.0	9123.5	-4.302
ACGCGC	45.0	1470.2	-4.279
CCGCAG	106.0	3949.4	-4.274
AAAAGC	106.0	3951.0	-4.268
TAGCTA	57.0	1964.7	-4.259
AGAACG	37.0	1154.4	-4.245
TTTCCA	180.0	7146.0	-4.241
TGGCCT	216.0	8696.5	-4.240
CATCTT	123.0	4680.5	-4.213
GCTGAT	93.0	3428.1	-4.213
CCTGCC	313.0	12924.6	-4.196
ACGTCC	39.0	1239.0	-4.187
CGTAAG	23.0	624.9	-4.186
GGATAC	50.0	1684.3	-4.177
GCCTTA	65.0	2270.5	-4.158
TATAGG	63.0	2186.7	-4.156
ACTCCG	49.0	1646.5	-4.156
ATATCA	68.0	2398.8	-4.155
CATACC	48.0	1605.2	-4.154
AAGCTA	48.0	1974.7	-4.147
ATGATC	52.0	2657.0	-4.145
ACCCAT	75.0	2699.1	-4.142
AACTGT	106.0	3972.2	-4.136
TCTTCC	175.0	6931.9	-4.135
AAAGTA	100.0	3750.0	-4.131
CTGATT	107.0	4019.1	-4.128
ACCATT	83.0	3047.2	-4.124
GCCCGA	59.0	2064.1	-4.123
CTCAAC	67.0	2360.6	-4.121
ACTCAA	66.0	2317.9	-4.119
ACAACC	50.0	2013.4	-4.118
CCTTTC	157.0	6178.0	-4.116
TTCAAG	140.0	5438.7	-4.090
CGATCA	16.0	478.3	-4.082
ACCAGT	78.0	2837.4	-4.077
TGTATC	85.0	3143.1	-4.069
ATCTCT	128.0	4936.4	-4.062
TATTAC	62.0	2157.0	-4.056
TACCAT	45.0	2466.0	-4.048
AAGGTC	78.0	2842.2	-4.041
ATTCTA	82.0	3017.8	-4.033
TTTAGG	107.0	4037.0	-4.024
AAGTGG	140.0	5453.2	-4.016
GGATCT	86.0	3151.5	-4.014
GCACGA	23.0	1177.5	-4.008
GTCCTA	42.0	1909.8	-4.004
AGCAAT	42.0	3329.8	-4.004
ACTTAA	56.0	2867.0	-4.004
AGACCA	54.0	4831.3	-4.004
GAACGG	20.0	1255.3	-4.004
CACTCG	28.0	1266.0	-4.004
CATCGG	21.0	944.6	-4.004
ATCGGG	10.0	1064.8	-4.004
TGCGAA	12.0	764.7	-4.004
AATCAT	70.0	2978.3	-4.004
TCAACT	33.0	2530.9	-4.004
ACTTAG	33.0	2343.9	-4.004
GCGGTA	7.0	749.2	-4.004
CCTATC	36.0	1618.0	-4.004
ATAACT	57.0	2323.8	-4.004
CTAGTT	56.0	2330.2	-4.004
CCAAAG	101.0	6031.1	-4.004
GTTAAG	42.0	2147.7	-4.004
TACTAT	51.0	2156.8	-4.004
AGATCC	34.0	2605.0	-4.004
CACAAC	26.0	2368.4	-4.004
TTACCC	39.0	2214.3	-4.004
TCTAGC	41.0	2158.9	-4.004
ATGACC	34.0	2345.9	-4.004
ATAGCT	38.0	2422.6	-4.004
AGACGC	21.0	1555.7	-4.004
ATACTC	32.0	1443.0	-4.004
CAAGCG	43.0	1834.6	-4.004
ACATCA	32.0	2950.7	-4.004
GCTACC	27.0	1811.2	-4.004
GGCGTA	17.0	678.2	-4.004
CGTCCG	24.0	1409.8	-4.004
TGGCAG	207.0	8365.1	-4.001
ACTAAC	10.0	1246.6	-4.000
ACTGAA	105.0	3952.4	-3.997
GAGAAA	172.0	6821.5	-3.995
ACCCGT	23.0	1062.3	-3.989
TGATTA	83.0	3070.7	-3.971
GGACAA	83.0	3072.9	-3.957
AATTCG	6.0	623.3	-3.953
TCGCCC	74.0	2683.6	-3.944
CTCCTT	166.0	6597.4	-3.931
TGCTAT	90.0	3340.7	-3.928
TGTAGT	118.0	4552.3	-3.921
AAGTAA	85.0	3167.9	-3.913
AGCCAT	105.0	3967.2	-3.906
AGAATT	120.0	4649.7	-3.889
TAAATA	142.0	5573.8	-3.882
CCGACG	17.0	895.3	-3.877
GGTGAC	140.0	5482.1	-3.871
AAAGCA	127.0	4928.6	-3.870
CCAAGG	146.0	5765.2	-3.859
TTTCGT	39.0	1271.8	-3.840
GCTAAC	44.0	1474.1	-3.837
ACAGAA	131.0	5119.5	-3.836
CAGCTT	144.0	5677.8	-3.833
TTAGCT	94.0	3533.1	-3.832
GTTAAT	76.0	2786.1	-3.828
CTGAGC	183.0	7340.2	-3.827
TAACTA	42.0	1722.2	-3.818
CGACGC	4.0	892.0	-3.818
CCTCAA	104.0	3983.2	-3.817
GTACCC	55.0	1935.2	-3.802
TTATTT	320.0	13371.7	-3.800
ATCGAA	15.0	410.4	-3.799
CGGGCG	158.0	6297.6	-3.793
ATTATG	88.0	3274.1	-3.793
CTAGCC	60.0	2148.3	-3.786
TCGTAC	15.0	359.7	-3.781
TAATAC	54.0	1896.7	-3.776
TAGTCG	8.0	373.7	-3.772
GGGCCA	173.0	6922.6	-3.769
TGTAGC	79.0	2928.4	-3.755
CTCTAG	77.0	2841.1	-3.752
ACTTGC	74.0	2711.9	-3.751
TCAAGA	95.0	3593.2	-3.743
GATTAT	77.0	2843.7	-3.739
TATGCC	55.0	1943.7	-3.735
TCGACT	21.0	579.0	-3.735
GACGAA	14.0	661.5	-3.717
ATACGT	9.0	927.7	-3.694
GCAGAC	96.0	3647.7	-3.687
ACAGTC	78.0	2895.1	-3.686
GGTGCC	173.0	6942.2	-3.684
GTTTCC	146.0	5803.2	-3.683
TCCACA	114.0	4417.2	-3.673
CAGGTT	135.0	5341.2	-3.662
ATTTAA	143.0	5669.0	-3.657
GAACAA	81.0	3032.9	-3.652
GGTTTG	149.0	5904.7	-3.652
CCCTGA	157.0	6283.4	-3.649
TGCCGC	75.0	2773.2	-3.627
CTTTTT	295.0	12326.9	-3.620
TCGTCG	8.0	626.0	-3.613
CAAAGC	93.0	3526.1	-3.612
GAGAAC	97.0	3705.6	-3.609
ACGGCC	47.0	1623.1	-3.609
ATCCGG	34.0	1093.5	-3.604
GGGCTT	147.0	5869.7	-3.601
AGATGC	97.0	3708.7	-3.597
AGGTTT	136.0	5356.2	-3.593
CTCTCA	119.0	4662.3	-3.591
AGCTAT	64.0	2303.2	-3.584
CGTACT	6.0	449.9	-3.582
CTCAGA	132.0	5219.9	-3.578
ATAGTG	83.0	3133.0	-3.575
CACGGA	47.0	1627.5	-3.573
CGAAAG	28.0	858.2	-3.571
CAACCG	26.0	780.1	-3.570
AACTTT	124.0	4851.5	-3.569
AAAGGG	133.0	5270.7	-3.556
CGTTGA	25.0	743.0	-3.553
TATGAC	49.0	1715.9	-3.537
CGACTT	25.0	819.4	-3.529
GACTCC	103.0	3991.2	-3.524
CAGCAA	112.0	4355.6	-3.524
CTATTT	122.0	4769.0	-3.523
ACCCTT	88.0	3319.1	-3.522
ACCAAC	58.0	2103.4	-3.482
AGTTGC	74.0	2752.3	-3.477
TGACAA	86.0	3242.0	-3.458
TGAATC	73.0	2712.1	-3.454
ATAGTC	43.0	1475.4	-3.448
ACATGC	93.0	3558.2	-3.429
TATAGC	24.0	1624.2	-3.425
GGCCAC	137.0	5440.4	-3.423
AATACT	40.0	2741.5	-3.413
ATCTGA	86.0	3250.4	-3.403
GCTTTA	80.0	3030.5	-3.393
GTCTCC	148.0	5965.3	-3.388
CAGGTG	297.0	12513.2	-3.384
AGCTAA	75.0	2811.4	-3.381
GTAGGA	77.0	2900.5	-3.375
CGGAGT	64.0	2333.4	-3.374
TGACCC	109.0	4248.6	-3.374
GTAGTA	50.0	1778.0	-3.372
GCTCGA	27.0	836.8	-3.366
ATGCAG	122.0	4801.2	-3.366
TGTGGA	203.0	8340.5	-3.364
AAGAAC	82.0	3124.2	-3.358
ATCAAA	74.0	2771.7	-3.358
ACCCTA	51.0	1822.6	-3.351
CATTAA	76.0	2861.6	-3.346
TGCAGA	167.0	6788.7	-3.341
ACTGAC	70.0	2599.6	-3.341
ACTGTT	108.0	4209.4	-3.340
TTACTA	63.0	2295.1	-3.338
GTAGTC	63.0	2295.2	-3.338
CTGACC	150.0	6026.8	-3.335
TGGAGG	279.0	11751.0	-3.319
TGACGA	16.0	824.4	-3.318
ACGCTG	55.0	1997.5	-3.314
ACGGAC	26.0	864.4	-3.310
GTAGTT	76.0	2872.7	-3.276
TTGCCT	137.0	5474.3	-3.273
ATAGAC	29.0	1588.0	-3.266
AGGTGG	275.0	11563.5	-3.260
TCGGAT	24.0	728.9	-3.250
TATGTC	70.0	2613.1	-3.248
GCCCTC	153.0	6191.7	-3.240
ATTGCC	68.0	2527.4	-3.236
AGCGCA	48.0	1711.0	-3.228
TAAAGC	64.0	2354.2	-3.227
TGCCCT	174.0	7108.8	-3.223
GTAATT	86.0	3283.5	-3.213
GAATAC	48.0	1713.9	-3.212
CCCGCA	74.0	2795.5	-3.211
GGTTAG	63.0	2316.7	-3.191
GTCCGA	30.0	971.4	-3.187
CTATAC	35.0	1175.7	-3.182
TCATAC	45.0	1591.8	-3.179
TTTTGC	157.0	6400.2	-3.173
GTTAGA	58.0	2146.0	-3.173
ACCCAA	73.0	2757.3	-3.169
AGCCCC	177.0	7269.5	-3.169
AGACTG	117.0	4659.5	-3.165
TTATCG	18.0	504.9	-3.159
TCAGGG	165.0	6739.9	-3.159
AGCTGA	136.0	5455.0	-3.154
TCAACA	75.0	2851.6	-3.141
TACTAG	40.0	1386.6	-3.139
TTATGG	86.0	3297.9	-3.139
TACGCA	4.0	533.4	-3.137
GTCGAG	34.0	1139.5	-3.129
GGGGTA	85.0	3301.4	-3.116
AAAACC	94.0	3662.8	-3.115
GTCGTC	27.0	1205.2	-3.114
ATCAAG	55.0	2317.9	-3.114
GGTAAC	29.0	1714.2	-3.114
CGATTT	23.0	872.2	-3.114
TCGGTC	7.0	1021.2	-3.114
CGCGCA	17.0	1963.3	-3.114
CCAAAC	42.0	2779.9	-3.114
TCACGC	22.0	2223.4	-3.114
GCGTCG	21.0	1358.3	-3.114
ACTAAA	62.0	3644.9	-3.114
ATAGCC	42.0	1628.0	-3.102
TTTATT	313.0	13307.4	-3.097
TTCACT	123.0	4908.6	-3.090
TCCTTA	82.0	3173.8	-3.080
GCTTAA	55.0	2030.6	-3.078
CCCACG	75.0	2863.9	-3.068
AACGTC	23.0	704.8	-3.053
TTGTCT	152.0	6191.1	-3.052
TACCTA	17.0	1806.9	-3.036
GCATCC	89.0	3451.5	-3.036
CCGAGA	66.0	2472.9	-3.033
CAGACT	97.0	3814.4	-3.032
CTTATG	65.0	2429.0	-3.029
AGCTCT	131.0	5297.5	-3.027
CGGATA	6.0	442.2	-3.018
GTCCAG	127.0	5112.6	-3.016
AACAAG	83.0	3230.4	-3.012
CGACCT	39.0	1360.9	-3.008
CCTCGG	117.0	4694.8	-3.007
CACAAG	82.0	3186.4	-3.005
CTCTGA	146.0	5969.5	-2.990
GGAGGT	220.0	9206.3	-2.976
AGGAAT	113.0	4516.8	-2.971
ACTACC	37.0	1281.9	-2.963
AGTTTT	182.0	7522.8	-2.963
CCGTGA	53.0	1961.7	-2.955
AATTTC	109.0	4335.4	-2.954
TATGGA	70.0	2661.9	-2.951
CCACCG	86.0	3333.7	-2.943
GTAGCG	29.0	955.7	-2.936
TCGTAG	21.0	636.6	-2.931
CATCTG	135.0	5510.4	-2.926
CTTGGA	119.0	4806.5	-2.924
GCAATC	55.0	2054.8	-2.916
CCGACT	33.0	1121.1	-2.914
AGGGCC	163.0	6711.9	-2.907
CACGAT	29.0	958.7	-2.905
CGGCAA	29.0	958.0	-2.905
AAAACG	34.0	1164.8	-2.902
TACGAC	3.0	343.8	-2.886
GATTAA	60.0	2277.4	-2.878
CTAACC	20.0	1480.7	-2.877
GTACGC	3.0	483.4	-2.856
GCGTAA	17.0	487.5	-2.855
CTGCTA	76.0	2947.4	-2.846
AGTAAC	50.0	1848.3	-2.845
GTGCGA	45.0	1633.2	-2.845
TACTGG	72.0	2769.1	-2.843
CAGGAC	126.0	5107.3	-2.838
CATTTT	232.0	9808.1	-2.838
CGATCT	45.0	1634.1	-2.837
GCGTTA	14.0	566.7	-2.833
GGGAGA	229.0	9658.2	-2.832
TGTCCC	175.0	7269.3	-2.827
CCCCGT	85.0	3360.8	-2.804
AGAACA	116.0	4695.6	-2.800
GTGGCA	175.0	7279.0	-2.797
AATCGG	20.0	608.2	-2.794
ACGTAC	3.0	554.7	-2.784
CTCACT	181.0	7577.0	-2.780
GTTTGA	114.0	4607.1	-2.777
GGTACT	50.0	1859.1	-2.767
TAAGAA	96.0	3824.2	-2.766
CCAGCA	195.0	8175.1	-2.764
GTCCCT	144.0	5934.4	-2.758
ATATGC	59.0	2254.1	-2.752
CGAGAA	35.0	1222.3	-2.751
AAAGTC	78.0	3055.1	-2.749
AATACA	118.0	4802.0	-2.748
ATATTA	95.0	3782.6	-2.747
TACTTT	123.0	4990.5	-2.744
TAGTTA	58.0	2212.4	-2.741
CATACG	5.0	575.1	-2.721
GAGTCG	41.0	1482.0	-2.712
GAGGCT	225.0	9549.5	-2.707
CGAACC	22.0	694.8	-2.705
TCTGGG	254.0	10831.8	-2.704
GGGTTT	193.0	8100.1	-2.688
GGCTGT	207.0	8750.0	-2.686
GACCAT	66.0	2530.8	-2.682
GAATCT	77.0	3024.1	-2.677
ATGAGA	108.0	4355.5	-2.661
TAACGG	3.0	544.1	-2.659
GATCTC	97.0	3893.2	-2.659
TGATGA	118.0	4824.1	-2.653
AACGGC	18.0	881.4	-2.645
CCGAAT	5.0	684.8	-2.642
CGTGTC	59.0	2272.3	-2.639
CTGCTG	288.0	12377.3	-2.633
GGGTAA	68.0	2628.2	-2.632
CGCTAG	21.0	661.8	-2.629
GGGTCG	69.0	2675.1	-2.622
ATGAAT	107.0	4319.8	-2.615
CTTATA	58.0	2234.0	-2.609
GAAGGG	196.0	8277.4	-2.602
CCGGGG	179.0	7534.8	-2.601
TACCGC	15.0	651.0	-2.595
TTGTCC	108.0	4371.0	-2.594
CAGGCG	137.0	5646.8	-2.588
TTCTTG	157.0	6560.8	-2.588
TTGACC	69.0	2682.4	-2.582
CAGAGG	223.0	9493.6	-2.580
TACCCA	72.0	2817.9	-2.578
AGTGGG	207.0	8787.7	-2.576
GACGGC	48.0	1801.4	-2.575
AGACTT	89.0	3546.2	-2.566
CCATTT	142.0	5891.8	-2.566
ATCCTT	92.0	3683.3	-2.565
ATATTG	87.0	3455.2	-2.563
GGTCTG	149.0	6186.4	-2.545
TTATGA	83.0	3323.8	-2.541
TTCCCA	158.0	6623.5	-2.540
GTGACC	111.0	4525.9	-2.536
TGGCGT	69.0	2691.5	-2.532
TGTTGG	197.0	8351.4	-2.530
CCGAAC	23.0	751.9	-2.529
CCATTA	54.0	2276.6	-2.524
TGCGTT	38.0	1380.4	-2.506
CTAGAC	40.0	1466.8	-2.500
ACGATT	18.0	553.7	-2.493
GCCTCG	96.0	3884.9	-2.491
CGATAA	11.0	312.7	-2.487
ATGAAC	72.0	2835.3	-2.486
CCTCGC	75.0	2971.7	-2.486
CAGAGC	173.0	7276.2	-2.483
CGAACA	19.0	595.7	-2.475
TACAGT	86.0	3430.7	-2.466
TCTCCC	186.0	7876.1	-2.462
AGAAGA	137.0	5681.7	-2.461
ACGTCT	31.0	1090.4	-2.456
CCTACC	66.0	2572.6	-2.454
TATTGT	110.0	4501.0	-2.450
CCGTTA	11.0	531.3	-2.437
CCGGTT	32.0	1134.9	-2.436
ATGGGG	188.0	7988.1	-2.428
TAACAC	53.0	2052.4	-2.425
AGGGAC	128.0	5311.4	-2.420
CCTTTG	152.0	6369.5	-2.416
TCATGA	89.0	3580.2	-2.410
GAACAT	84.0	3398.1	-2.404
TATGAG	72.0	2853.4	-2.397
GCGCGA	29.0	1748.8	-2.396
ACTCGC	16.0	1060.9	-2.394
CACTAA	25.0	1868.1	-2.394
CCTAAC	28.0	1711.7	-2.394
ATTGCG	20.0	743.0	-2.394
TAACCA	46.0	2126.8	-2.394
GCTATC	29.0	1405.2	-2.394
ACGCTT	5.0	818.3	-2.394
AGACGT	24.0	1261.2	-2.394
CGCTCG	20.0	1505.7	-2.394
TTAATG	95.0	3861.4	-2.391
ATGACA	84.0	3406.8	-2.366
CTGGAC	122.0	5041.3	-2.365
TGGAGC	165.0	6971.7	-2.363
TAACAG	66.0	2590.1	-2.356
CACGAG	46.0	1752.0	-2.334
ACCCTG	161.0	6786.1	-2.331
AGTCAG	100.0	4111.1	-2.320
TGGAAC	89.0	3601.4	-2.318
GTTACG	18.0	568.3	-2.315
GGCCTA	59.0	2331.1	-2.306
CGTTTC	43.0	1624.1	-2.306
AATCGT	14.0	631.3	-2.305
TTAAGA	87.0	3512.2	-2.303
ATGTAG	70.0	2781.7	-2.303
CGACGG	29.0	1041.6	-2.302
TACTCT	67.0	2646.0	-2.301
CTCCGC	102.0	4211.5	-2.295
CTTGAG	129.0	5398.1	-2.279
TGACGG	39.0	1455.6	-2.275
TAAAAG	104.0	4310.7	-2.274
GTATCG	13.0	375.0	-2.269
ATTGAA	83.0	3384.6	-2.259
CTGGCT	216.0	9308.8	-2.258
CTTACA	65.0	2564.1	-2.257
TTAGAG	81.0	3294.8	-2.253
AGCAAA	102.0	4222.5	-2.249
CCTGAG	223.0	9619.9	-2.248
TGCCTA	72.0	2885.2	-2.241
TGTTAC	75.0	3021.7	-2.241
AACGTA	17.0	535.4	-2.235
GCCTGA	133.0	5603.5	-2.234
AATCCT	84.0	3437.3	-2.228
ATGCTT	93.0	3808.7	-2.227
CGAACT	11.0	1229.9	-2.225
GGATGG	176.0	7515.7	-2.215
ACATCT	83.0	3397.9	-2.205
AAGGAT	83.0	3397.3	-2.205
TTGATG	100.0	4143.6	-2.195
TATTTA	166.0	7078.8	-2.190
ACTACT	45.0	1730.6	-2.189
AGCGCG	65.0	2582.0	-2.170
ACTTGA	95.0	3916.7	-2.168
AAACGG	31.0	1126.2	-2.165
ATCGCA	22.0	747.1	-2.162
CATCGA	21.0	705.2	-2.161
AGAGAA	163.0	6941.6	-2.159
CATCGC	11.0	1045.6	-2.157
AAAAGA	156.0	6647.8	-2.157
CGGCCG	109.0	4532.7	-2.146
AGATGT	110.0	4580.1	-2.145
CGTAAT	15.0	463.5	-2.144
ATAAAA	158.0	6751.7	-2.139
GTCGAT	14.0	424.1	-2.136
AACAGG	100.0	4158.4	-2.135
GACTCA	76.0	3092.8	-2.129
CGGATT	25.0	876.4	-2.127
TATGCT	64.0	2546.5	-2.124
AACAAT	73.0	2958.0	-2.117
AATTCT	113.0	4732.2	-2.109
CGTCGC	27.0	1147.5	-2.104
TTCCAG	166.0	7108.5	-2.102
CTTCTG	175.0	7508.1	-2.094
GCAACC	85.0	3515.5	-2.094
TGGCTG	247.0	10771.3	-2.086
TCAAGC	86.0	3518.6	-2.085
TAACCC	44.0	1704.8	-2.083
CCAGAG	176.0	7563.4	-2.081
TCGCCA	37.0	1398.0	-2.080
TTCCTC	169.0	7266.3	-2.078
TGTCTA	79.0	3243.7	-2.074
GACGTA	16.0	510.9	-2.063
GACCCA	90.0	3710.6	-2.061
AAAGGA	131.0	5560.3	-2.059
TGCCCC	164.0	7027.9	-2.054
AACGTG	43.0	1665.6	-2.051
CGGCGC	108.0	4513.2	-2.044
GGGACC	148.0	6343.0	-2.041
GCCCCA	164.0	7032.5	-2.039
GAACTG	98.0	4090.8	-2.038
ACCCCC	112.0	4706.2	-2.035
GCTCTC	109.0	4564.4	-2.032
ATACGG	16.0	513.8	-2.030
CTTCAA	77.0	3162.7	-2.027
GCTATA	16.0	1515.7	-2.024
TCGACA	2.0	489.6	-2.019
TCCCCA	190.0	8238.3	-2.017
CTAGTC	39.0	1496.6	-2.008
CATGTA	94.0	3911.1	-2.007
TCAGCA	122.0	5145.1	-2.004
GAGCTC	114.0	4811.8	-1.999
ACCTGT	135.0	5773.9	-1.998
GTAAGA	66.0	2664.6	-1.998
ACTTGG	113.0	4765.4	-1.995
TACCGA	7.0	392.5	-1.994
ATCCGA	18.0	599.6	-1.992
TAATTC	70.0	2850.1	-1.984
GAAACG	35.0	1326.5	-1.974
CCGATT	17.0	618.2	-1.974
CAATAG	22.0	1756.5	-1.967
CAGCCC	209.0	9122.4	-1.962
CGCGGC	116.0	4918.1	-1.960
CTCCAT	116.0	4922.9	-1.950
CTAGGT	65.0	2628.6	-1.949
TTTGTC	145.0	6229.1	-1.946
GGATGA	101.0	4257.5	-1.945
GATGAG	109.0	4594.2	-1.930
CAACCA	63.0	2543.9	-1.924
AATTGC	64.0	2589.3	-1.920
AGGCAC	115.0	4884.0	-1.918
ATGTCG	23.0	816.3	-1.917
AGCCTG	247.0	10848.9	-1.916
TTCGAC	2.0	450.9	-1.914
GCTCCT	152.0	6543.7	-1.890
CGAATA	9.0	411.3	-1.885
CCCCAG	247.0	10867.6	-1.877
ATCTTC	79.0	3294.0	-1.870
GATAAG	49.0	1965.7	-1.868
GTTATG	63.0	2556.1	-1.863
ATATAC	74.0	3063.9	-1.860
TCATAA	64.0	2603.5	-1.860
ATCTAT	60.0	2466.8	-1.860
CAGCGC	80.0	3342.1	-1.856
AGTCCA	76.0	3158.3	-1.849
TTCATC	94.0	3955.9	-1.846
TCTAAC	44.0	1747.6	-1.839
CGTCTC	67.0	2745.9	-1.839
CAACGA	17.0	573.6	-1.832
TTGGTT	133.0	5733.3	-1.829
TATCGG	13.0	409.7	-1.822
AACCTA	26.0	1708.9	-1.814
TACGTT	8.0	702.7	-1.814
TTAACC	45.0	2035.6	-1.814
ACTCCA	117.0	5016.7	-1.802
CCTATA	41.0	1620.0	-1.798
TCGGTA	2.0	460.4	-1.794
CAAGTT	74.0	3082.6	-1.785
TCCTTC	155.0	6731.8	-1.784
GATGAT	81.0	3410.2	-1.776
GATAGC	36.0	1402.9	-1.773
AACGCG	6.0	620.9	-1.772
TACTTA	59.0	2440.8	-1.770
ATGTAT	132.0	5705.9	-1.769
TTTTGG	185.0	8088.4	-1.765
CGTATC	6.0	402.0	-1.765
TAGTGC	53.0	2169.4	-1.754
CGATAC	8.0	283.3	-1.747
TAGGGC	60.0	2491.2	-1.745
AGCCCA	139.0	6009.3	-1.740
TTTAAT	163.0	7097.9	-1.736
ATATAG	56.0	2312.0	-1.731
AACGGG	34.0	1321.0	-1.730
GCCCAA	72.0	3005.9	-1.722
GCTTAG	57.0	2359.3	-1.720
GTAGAT	60.0	2501.5	-1.705
GATCAA	43.0	1727.3	-1.704
TGGATT	107.0	4569.4	-1.699
TCCTAT	59.0	2456.2	-1.698
CGTCAT	24.0	915.1	-1.694
GGAGAG	233.0	10330.1	-1.691
AACTGC	76.0	3200.5	-1.688
ATTAAG	61.0	2505.0	-1.687
AAATCG	5.0	687.3	-1.684
CCGGCC	141.0	6128.6	-1.683
GCATCG	27.0	1021.5	-1.680
TACACG	13.0	879.3	-1.678
AACGAC	14.0	465.4	-1.670
GGAGTG	235.0	10445.2	-1.669
GACTAG	39.0	1556.7	-1.660
TACGTC	3.0	581.6	-1.654
GCAAAT	75.0	3164.4	-1.650
TTAGAA	92.0	3918.0	-1.647
GCTAGA	49.0	2010.3	-1.646
ACGTGG	75.0	3165.4	-1.646
AAATGG	120.0	5214.9	-1.645
AGTTGG	99.0	4253.9	-1.641
ACTCTT	86.0	3636.4	-1.639
ATTGGT	77.0	3260.7	-1.638
ACTATC	32.0	1249.0	-1.631
TAATAT	93.0	3970.9	-1.631
AGGGCG	101.0	4352.7	-1.630
TTTCCT	231.0	10258.9	-1.625
ACCAAT	38.0	1898.2	-1.624
TCAGAT	86.0	3642.2	-1.621
GAAATG	130.0	5665.0	-1.612
TCGCTT	39.0	1565.4	-1.612
GAGAGG	215.0	9539.1	-1.608
GATCAG	64.0	2662.9	-1.608
ACCGCA	37.0	1476.5	-1.605
CAGAAT	97.0	4170.5	-1.602
AGCCAG	182.0	8008.3	-1.599
TTCGCG	21.0	771.3	-1.598
TAAACG	18.0	642.4	-1.597
ATAGTA	57.0	2388.9	-1.596
GATCTG	97.0	4174.9	-1.589
CTCCGG	86.0	3652.5	-1.586
ATACTG	60.0	2529.8	-1.585
TAAGCG	19.0	687.4	-1.578
CCGCAA	13.0	1035.7	-1.577
CAGAGA	162.0	7113.8	-1.575
GACTCT	85.0	3656.0	-1.575
GATACT	44.0	1801.1	-1.563
AACGAG	23.0	863.5	-1.563
ATGAGG	115.0	5001.6	-1.561
AGTCGA	15.0	519.3	-1.552
CGAGGT	61.0	2539.8	-1.548
GTCGTA	12.0	393.7	-1.545
GGCCAG	230.0	10247.4	-1.545
GTACGA	3.0	414.7	-1.540
GTGCTA	60.0	2542.0	-1.539
GGATAA	56.0	2358.7	-1.528
TCAAGT	92.0	3956.1	-1.526
CTGATC	62.0	2591.3	-1.523
GGTTCT	100.0	4339.5	-1.523
TCGATT	15.0	536.9	-1.516
GTGTCA	110.0	4776.7	-1.512
CGTCAC	36.0	1449.5	-1.512
AACCTG	99.0	4295.1	-1.512
TAGAGC	50.0	2088.0	-1.506
TACGAT	5.0	359.6	-1.504
GTTGGT	104.0	4540.9	-1.499
CGTTAG	13.0	665.9	-1.494
TATCAT	65.0	2739.0	-1.493
CGATAG	2.0	402.0	-1.492
AGCGGT	36.0	1454.8	-1.486
GTCCCG	74.0	3163.1	-1.485
ACTAAT	48.0	2001.9	-1.481
CCCGGT	53.0	2232.3	-1.478
ATATGA	70.0	2979.9	-1.470
AGTAAG	63.0	2653.2	-1.464
TCTGGC	124.0	5428.4	-1.460
AAGGTA	72.0	3076.0	-1.458
TATCGT	7.0	502.4	-1.456
AGAAGG	151.0	6666.3	-1.454
CACTGT	154.0	6819.0	-1.445
CATATT	83.0	3602.0	-1.440
CCGCTA	19.0	705.4	-1.439
AACCCG	39.0	1600.8	-1.437
AAGTCG	20.0	750.3	-1.435
TTAGCG	13.0	607.9	-1.430
AGTTAA	67.0	2852.7	-1.423
ACAGTT	85.0	3703.0	-1.421
CTTCGT	34.0	1377.4	-1.419
CGCCTG	131.0	5790.0	-1.416
GGGCTC	180.0	8044.6	-1.415
TCCCGC	82.0	3563.1	-1.412
TGTAAA	127.0	5595.3	-1.411
ACAATT	68.0	2903.5	-1.406
AAGCGG	44.0	1836.5	-1.403
GCTAAA	48.0	2020.4	-1.402
ACGCCA	37.0	1516.0	-1.402
TGAGCT	145.0	6439.7	-1.401
CTGAGA	156.0	6939.2	-1.401
GCGACG	30.0	1200.5	-1.399
TACTAC	30.0	1200.5	-1.399
CCACAG	153.0	6792.0	-1.396
GCGTAG	22.0	844.6	-1.395
ACGCAA	3.0	533.7	-1.393
TCGTTT	32.0	1292.7	-1.387
GGGAAT	97.0	4242.2	-1.385
GACTGA	81.0	3525.8	-1.384
GCATCA	54.0	2774.8	-1.382
ATACTA	38.0	1673.1	-1.382
CGCGTC	22.0	1666.6	-1.381
TGATAA	68.0	2911.7	-1.381
CAATAA	66.0	2819.4	-1.374
GTACTT	50.0	2650.6	-1.373
CAGTTT	139.0	6154.4	-1.373
ATTTTA	192.0	9161.8	-1.373
AGCGAC	27.0	1071.0	-1.366
TTTAAG	113.0	4977.3	-1.365
GTCACC	107.0	4686.0	-1.363
CATCCG	13.0	1210.8	-1.363
TTACAC	51.0	2168.8	-1.362
TCAGCT	130.0	5763.0	-1.362
TATTGC	55.0	2354.1	-1.361
ATGATT	73.0	3888.1	-1.361
TCCTGC	208.0	9357.3	-1.357
CTCTAC	64.0	3723.7	-1.357
ATTTTT	398.0	18626.1	-1.357
GTACCA	49.0	2077.8	-1.356
TCGGAA	17.0	929.8	-1.354
TAGCGT	13.0	624.1	-1.347
AAACTT	92.0	4229.1	-1.345
TCACCG	36.0	1765.0	-1.340
GATCCC	57.0	3053.0	-1.338
TCGCAT	11.0	600.3	-1.334
GCTGTC	127.0	5627.4	-1.333
CGAGTA	18.0	1200.4	-1.328
TTTCTA	105.0	5648.3	-1.323
CAGTCT	110.0	4847.8	-1.321
TTCGTT	27.0	1079.0	-1.320
TTGGCG	32.0	1674.8	-1.319
GGACGT	32.0	1801.1	-1.319
CGTACG	8.0	417.4	-1.316
ATTACC	38.0	1749.3	-1.315
CAGTCC	96.0	4219.4	-1.315
TTCCAA	96.0	4219.8	-1.315
TCAATG	59.0	2554.9	-1.314
TGGACG	15.0	1905.8	-1.312
GCTGCC	188.0	8538.3	-1.306
GAGGCG	107.0	6057.7	-1.305
AGATGG	147.0	7480.2	-1.304
CGAACG	12.0	419.9	-1.302
GAAGTG	100.0	5940.2	-1.298
CTAATC	33.0	1355.7	-1.298
TCGAAA	11.0	496.9	-1.297
CGCAGC	79.0	3613.8	-1.296
GAAAGC	82.0	3650.1	-1.295
CATATG	54.0	3425.4	-1.290
TATTGA	63.0	3409.3	-1.288
AGTTAG	54.0	2328.4	-1.287
CTTGTA	75.0	3271.4	-1.287
CGGGAA	62.0	2656.2	-1.285
CATCCT	104.0	5425.7	-1.283
AGTATC	20.0	1644.8	-1.281
AAACTA	42.0	2786.4	-1.280
ACGGTC	19.0	843.1	-1.278
GTTTTG	153.0	8572.5	-1.277
TACGGG	23.0	907.1	-1.276
AAGGAC	52.0	3415.9	-1.276
GGTCTT	90.0	4994.3	-1.274
TGCTAA	60.0	2613.8	-1.272
TGTTAT	101.0	4478.4	-1.270
CCCGTT	16.0	1374.8	-1.263
CCTACG	13.0	789.1	-1.261
TGTGCT	145.0	8089.3	-1.259
TGAACG	25.0	1000.2	-1.258
CCCAAA	120.0	6356.2	-1.256
CGGTGA	57.0	2477.9	-1.256
TAGCCC	50.0	2150.0	-1.254
ATGTTC	80.0	3521.3	-1.253
ATTGGG	66.0	3232.1	-1.252
CGGTGT	51.0	2401.4	-1.247
TGCGGC	65.0	3172.5	-1.245
TCAGTG	108.0	6301.6	-1.245
AGTCTA	24.0	2055.1	-1.245
AAGCGC	33.0	1367.8	-1.244
TCCGGG	72.0	3846.3	-1.243
TCCAGC	166.0	7469.3	-1.243
CACTTT	108.0	6604.3	-1.241
TATGTA	96.0	5027.9	-1.239
AAGGTG	61.0	5692.7	-1.238
CCTCAT	64.0	4420.9	-1.233
TAGAAC	27.0	2014.7	-1.232
TAAATC	52.0	2381.2	-1.232
ATTGTG	127.0	5671.2	-1.231
GTTCCT	116.0	5178.6	-1.231
TCACGA	28.0	1142.1	-1.226
GACCAA	41.0	2333.1	-1.226
GTTACT	42.0	2549.7	-1.225
GGACAG	110.0	6683.4	-1.225
GGACAT	44.0	3609.6	-1.225
CTAGCA	23.0	2148.4	-1.224
CCACTA	47.0	2020.0	-1.221
AATAGT	66.0	2865.7	-1.219
TTAAAT	120.0	5949.0	-1.217
AAGCTG	119.0	5333.0	-1.215
ACATAA	61.0	2922.0	-1.210
TAAGAT	61.0	2632.7	-1.210
GGCGCC	130.0	6071.5	-1.210
TTGCGA	18.0	694.8	-1.209
TTACAT	95.0	4213.2	-1.203
TGTCGA	18.0	695.5	-1.203
ATCGAG	10.0	941.9	-1.200
ACCGTG	57.0	2493.7	-1.199
GAATAA	56.0	3362.8	-1.198
ACACTG	107.0	4751.9	-1.197
CAAGTG	79.0	5441.4	-1.196
CCTTAA	48.0	2533.2	-1.194
TAGTAG	39.0	3609.6	-1.193
GGGTCA	102.0	4558.9	-1.192
TAATCT	61.0	2638.9	-1.189
CGCCAG	64.0	2780.2	-1.188
GCTTGG	130.0	5840.8	-1.186
AACATA	66.0	3301.6	-1.184
TATTTC	77.0	5701.4	-1.181
CGCGTT	21.0	834.8	-1.180
CGAGTT	26.0	1060.4	-1.180
CCGGAT	27.0	1106.9	-1.180
GATTTA	70.0	3084.0	-1.177
CCCCAT	80.0	5201.9	-1.173
CCTGAA	65.0	4839.5	-1.173
GAGTAG	87.0	4153.3	-1.171
TCGTAA	10.0	444.5	-1.170
ACAGGC	115.0	7328.7	-1.168
TGATCG	14.0	805.0	-1.167
TGTTTT	344.0	15773.6	-1.165
GCATTT	111.0	5968.7	-1.165
GACTTT	80.0	4146.5	-1.163
CAGACG	40.0	1804.4	-1.163
AAACTC	86.0	3793.2	-1.162
GGAATT	90.0	3987.0	-1.161
CTAAGC	40.0	1791.6	-1.159
GGCGTT	35.0	1551.0	-1.158
TACTTG	71.0	3123.5	-1.157
ATCGCT	29.0	1202.3	-1.156
GGTGAA	123.0	5507.7	-1.155
TAGCTC	42.0	2322.1	-1.153
AACGAA	18.0	703.6	-1.151
CCTTGC	104.0	4674.7	-1.147
CGCTGA	41.0	1759.6	-1.145
AATAAT	77.0	5198.2	-1.145
TGCGGT	41.0	2240.6	-1.144
TCCTTG	112.0	5994.2	-1.144
TAGACT	42.0	1948.0	-1.143
CCAATT	41.0	2209.7	-1.143
TCATTA	71.0	3173.7	-1.142
TAATGC	50.0	2181.4	-1.142
GATCTT	37.0	3361.1	-1.141
GTAACC	37.0	1574.6	-1.141
TACCGG	18.0	705.9	-1.139
CGGCTC	46.0	3957.6	-1.138
TTGAAC	59.0	4331.3	-1.133
TACTGA	63.0	2752.8	-1.126
AAACGT	27.0	1117.1	-1.125
CCTAAT	36.0	2181.5	-1.124
ACCGCG	40.0	1718.3	-1.123
GGGTAG	85.0	3882.7	-1.123
ACCGAG	36.0	1532.4	-1.122
GAAGCG	48.0	2092.3	-1.122
GATAAT	58.0	2564.0	-1.121
TCTGGA	120.0	6336.6	-1.117
AAATAC	100.0	4967.9	-1.116
CAGGGG	216.0	9865.2	-1.115
AACTAA	45.0	2243.9	-1.115
GACATT	78.0	3474.9	-1.115
CTAAGA	51.0	2236.8	-1.113
TCTGTT	184.0	8358.0	-1.112
GTTTGG	123.0	5837.4	-1.111
GAGCAA	49.0	3571.0	-1.111
TATTTT	341.0	15701.4	-1.110
GCGGTT	36.0	1536.4	-1.109
CGAAAA	6.0	762.3	-1.108
TCAACG	5.0	589.7	-1.107
CCGCGT	43.0	1863.7	-1.104
CTGCCT	273.0	12841.5	-1.101
TTTTCT	318.0	14642.3	-1.099
CATTCA	77.0	3989.7	-1.098
GACGAG	36.0	1539.4	-1.097
CGGCTG	99.0	4452.9	-1.094
ATCTCA	101.0	4551.1	-1.090
CCGGTA	17.0	668.3	-1.090
GACCTA	35.0	1494.8	-1.090
ACGAGT	14.0	744.9	-1.088
ACTAGC	30.0	1263.7	-1.087
GTTTAC	59.0	2623.6	-1.085
AAGTTA	55.0	2855.8	-1.084
AGGAAC	64.0	3839.5	-1.083
TCATCT	103.0	4700.9	-1.080
GCAAGA	69.0	3558.4	-1.077
TTCCTT	194.0	9007.1	-1.075
TTACTG	85.0	3829.3	-1.070
AAGGGA	133.0	6046.1	-1.069
GCGTTC	25.0	1338.0	-1.068
TTGAGT	95.0	4268.5	-1.068
AGGGAG	249.0	11815.4	-1.067
AACACC	53.0	2529.4	-1.067
GGATTA	64.0	5729.2	-1.066
CCAGGG	231.0	10585.5	-1.065
TCCTGG	267.0	12249.0	-1.064
AAGTCT	80.0	3589.5	-1.063
CTTCGC	25.0	1458.3	-1.061
CGCTTG	38.0	1887.6	-1.059
GCCCCT	166.0	7881.2	-1.059
CAACTG	64.0	2823.2	-1.059
AAGCAT	71.0	3229.4	-1.057
TTAGTA	31.0	4017.9	-1.056
CCCTTT	129.0	6149.8	-1.055
ATCATA	51.0	2254.5	-1.055
GTAAAT	81.0	3643.2	-1.051
AGCCGG	93.0	4177.1	-1.051
CTACAC	31.0	1913.1	-1.048
TTGCTT	87.0	6893.9	-1.047
CCACGA	30.0	1272.6	-1.047
CTCATA	49.0	2163.3	-1.041
GGCCGC	118.0	5856.4	-1.040
GTGCGG	79.0	4220.6	-1.039
TCCATT	104.0	4721.6	-1.038
TCTTTC	166.0	7582.0	-1.036
AGATTT	88.0	5129.2	-1.035
TTGAAG	58.0	4426.9	-1.034
CATGTC	74.0	3885.7	-1.032
TTGGCA	70.0	4204.1	-1.029
TAGTTT	109.0	5193.7	-1.029
CTGAAT	88.0	3943.0	-1.028
CTCTTC	132.0	6017.2	-1.028
GTAGCC	35.0	2147.9	-1.028
TTCTTT	260.0	13552.4	-1.028
TGTCTT	166.0	7735.4	-1.026
ATTGAG	74.0	3315.1	-1.023
GGGATG	153.0	6979.8	-1.020
AAGTTT	71.0	4907.7	-1.020
GCCTAA	39.0	1699.9	-1.019
TGGACT	70.0	4150.2	-1.015
TTTCGC	26.0	1095.9	-1.012
CTCGGA	41.0	1796.1	-1.008
ATGCTC	63.0	2793.4	-1.007
TCCTGT	166.0	7599.8	-1.006
GTTGTA	58.0	2813.8	-1.006
ATACAA	88.0	3954.9	-1.003
GGTTGT	76.0	4558.7	-1.000
ACTTCT	95.0	4297.3	-1.000
CTCTGG	197.0	9051.4	-0.998
TTAAGG	47.0	2836.8	-0.998
ATTCGG	4.0	732.3	-0.997
GGCAAC	70.0	3133.6	-0.997
GGACTC	87.0	3907.8	-0.997
CTCGCC	59.0	2663.1	-0.996
GTCATT	83.0	3762.1	-0.996
CACGAC	20.0	822.4	-0.995
AAAACA	132.0	6755.8	-0.995
CAGGGT	167.0	7657.7	-0.995
CAGTAA	63.0	2798.4	-0.993
TCTTCT	108.0	7436.7	-0.992
CAAATA	67.0	3857.4	-0.991
CCAGTT	92.0	4154.8	-0.991
AATATG	61.0	3563.7	-0.990
CCGGCA	54.0	2417.3	-0.988
CCATAG	44.0	1943.3	-0.988
TCCTAC	49.0	2180.0	-0.988
TTCCAT	113.0	5349.1	-0.987
TAAACA	41.0	3877.2	-0.987
TAACGC	1.0	416.6	-0.986
TCTTGA	107.0	4844.8	-0.986
GCAATA	27.0	1828.9	-0.985
GGCTTG	104.0	5322.4	-0.984
CTGGGG	305.0	16027.7	-0.980
ACTGGG	150.0	6850.4	-0.980
AACATC	58.0	2777.4	-0.979
CTCTTT	161.0	7360.3	-0.977
CTGTTC	119.0	5444.2	-0.977
TTGTTA	102.0	4652.7	-0.976
TTCTCA	129.0	5895.6	-0.975
CAATCA	47.0	2172.6	-0.974
ACTGGC	78.0	3529.5	-0.972
ACGTCG	2.0	526.0	-0.971
CTATCC	10.0	1737.3	-0.971
GCCAGC	141.0	6450.7	-0.971
GACGCC	46.0	2043.0	-0.969
GGGGTT	164.0	7530.5	-0.968
GGTAGG	88.0	4141.0	-0.963
AAGGCG	46.0	2045.1	-0.962
TGTAAC	53.0	2628.6	-0.961
CAAAGG	80.0	4367.2	-0.959
AATCTC	72.0	3244.9	-0.959
CTAAGG	54.0	2427.6	-0.958
CCAGCG	74.0	3343.6	-0.951
GGGGCC	242.0	11303.4	-0.950
AAGTGA	93.0	5995.3	-0.947
TTGGCC	135.0	6212.4	-0.946
CAATCT	41.0	2614.0	-0.946
ACACTT	71.0	3636.4	-0.945
GAGTTA	54.0	2433.2	-0.943
TTGGGC	106.0	4817.9	-0.941
CAAGCT	76.0	3446.4	-0.939
AGCGTT	18.0	1221.6	-0.936
AGCCCG	68.0	3394.2	-0.936
TAGTAA	51.0	2292.7	-0.936
AACTCC	108.0	4919.5	-0.935
TAATGG	49.0	2816.0	-0.932
ATACCA	45.0	2085.6	-0.931
AACGGT	11.0	724.9	-0.931
TTACCA	56.0	2532.4	-0.931
AAGTAG	50.0	3269.9	-0.928
ACATTA	45.0	2856.7	-0.926
CCCGAT	12.0	818.4	-0.925
GGTTAC	41.0	1820.6	-0.924
ACGACT	13.0	601.7	-0.922
CTCTTG	120.0	5523.6	-0.921
TGGCAT	104.0	4779.3	-0.918
TTTAGC	45.0	2849.6	-0.917
ATCTCC	48.0	3949.6	-0.917
GCTACA	48.0	2155.4	-0.917
ACGCCG	25.0	1348.3	-0.915
TCAAGG	67.0	3681.8	-0.914
CACCAG	75.0	5066.1	-0.907
TAGATT	66.0	2975.4	-0.906
GTTTAA	51.0	3787.7	-0.904
TTAATA	90.0	4156.2	-0.903
ATGGCA	96.0	4392.8	-0.901
AGTGTT	118.0	5706.2	-0.900
AGGCAG	250.0	11617.8	-0.899
CCCGCG	76.0	4477.9	-0.897
TTAAGC	47.0	2114.4	-0.897
CGTTAT	15.0	610.3	-0.895
TCCGAC	19.0	795.5	-0.893
ATCAGG	69.0	3126.9	-0.890
AATCCA	47.0	2973.3	-0.889
CACTAT	46.0	2069.6	-0.889
TTGAAT	103.0	4744.5	-0.889
AACCAG	77.0	3515.8	-0.889
AGGTCC	74.0	3590.8	-0.888
TCACCT	120.0	5542.0	-0.887
GCTTCG	11.0	1551.1	-0.887
TAGATG	39.0	2912.0	-0.887
AGTGCG	48.0	2165.5	-0.886
CGGTGC	66.0	2983.6	-0.885
TCAGAC	45.0	2789.5	-0.884
GAGCCA	170.0	7881.1	-0.884
GTAACA	49.0	2216.0	-0.882
TCAGGT	97.0	5270.3	-0.881
ACGTGA	39.0	1743.0	-0.881
ATCCCT	85.0	3911.6	-0.879
TTCGCC	31.0	1361.5	-0.879
GCTGGA	217.0	10082.6	-0.878
TTCATA	53.0	3503.6	-0.876
TTGCGC	26.0	1126.6	-0.876
CTTGCC	99.0	4552.8	-0.876
ACATTG	76.0	3473.4	-0.875
CACCAT	113.0	5996.8	-0.873
GACAAC	40.0	1788.4	-0.872
GGAGGA	257.0	11966.3	-0.870
TGTATA	80.0	5431.0	-0.870
AGTTAT	57.0	2837.9	-0.869
TACACC	40.0	1790.4	-0.869
TATCCA	55.0	2508.0	-0.867
GAACTT	63.0	3228.6	-0.867
GCCAAA	48.0	3094.0	-0.864
GCGCAG	56.0	4165.8	-0.864
GATGGT	111.0	5104.5	-0.864
CAAGAG	91.0	4165.3	-0.861
GATTCC	63.0	2847.4	-0.861
CCAACG	20.0	849.4	-0.860
GGAACA	85.0	4081.4	-0.858
GGATTG	76.0	3480.1	-0.858
GGTACG	5.0	759.1	-0.858
AGTCTG	109.0	5011.4	-0.853
GAATTC	65.0	2948.9	-0.852
GGGCGC	137.0	7570.4	-0.851
TAAATG	88.0	4898.0	-0.849
TAAATT	84.0	5286.5	-0.846
AGTTTA	59.0	3691.6	-0.843
CTCAAG	98.0	4520.1	-0.843
TTCACG	30.0	1352.5	-0.841
CCTTTA	79.0	3635.3	-0.839
CCAGAT	79.0	3635.5	-0.839
CCGGAA	39.0	1752.7	-0.838
AGAGGG	180.0	8652.2	-0.834
CTGTGG	273.0	12762.9	-0.834
AGAACT	51.0	3685.9	-0.834
CCTGGG	373.0	18526.7	-0.831
CAACAT	52.0	4173.5	-0.829
TTCTAT	82.0	3787.7	-0.829
GTGTAA	48.0	3382.0	-0.826
AGCTAC	44.0	3459.6	-0.824
ACGAAG	22.0	951.5	-0.823
GCACCG	52.0	2380.7	-0.822
GTCACA	50.0	3738.4	-0.821
CGGAGG	82.0	4858.2	-0.820
CTCAGG	185.0	8601.5	-0.818
CGGGGT	98.0	5115.4	-0.816
ATCGGA	10.0	564.5	-0.815
GATTTT	148.0	6900.3	-0.815
AAAAAG	141.0	6970.7	-0.811
TGTTCA	109.0	5126.6	-0.810
GCCCTT	102.0	4736.0	-0.810
CTGCTT	145.0	6750.3	-0.810
CCATCT	118.0	5712.4	-0.808
GTGGAG	218.0	10603.6	-0.805
CGGTTT	25.0	1350.6	-0.804
CGCCTT	37.0	2184.3	-0.803
TATCTG	76.0	3505.5	-0.803
ACCTGG	131.0	7640.6	-0.803
CAAATC	55.0	2532.2	-0.802
AAGAGA	120.0	5590.8	-0.801
CTCGCT	45.0	2619.4	-0.799
ACTTTT	144.0	6707.8	-0.798
GAGAGT	69.0	4370.2	-0.795
TCTGAT	87.0	4002.5	-0.792
GTTGTT	128.0	5949.6	-0.791
AGATCT	69.0	3169.4	-0.790
GTTTAG	62.0	2829.0	-0.788
GTGATG	136.0	6307.9	-0.787
CCTGGC	272.0	12750.9	-0.786
CCTCAC	107.0	5103.4	-0.786
TGATGT	99.0	5473.4	-0.784
TACAGG	64.0	7007.7	-0.783
ATCTTT	113.0	5464.8	-0.782
TGCAAT	79.0	3663.5	-0.781
AGACAG	111.0	7104.6	-0.779
GTGACG	26.0	1935.2	-0.777
CTATTG	42.0	2432.2	-0.777
ATGAGC	58.0	3538.6	-0.776
GACTAC	42.0	2183.5	-0.776
TTCCAC	89.0	4109.4	-0.775
GCTTAT	36.0	2451.1	-0.775
TGCGTC	32.0	1648.0	-0.772
ATTGTA	54.0	3655.8	-0.771
GCTCGT	26.0	1155.2	-0.763
ATCGGC	16.0	682.9	-0.761
TGAGCG	53.0	2524.2	-0.758
GGGGTC	155.0	7381.0	-0.758
TGCTGG	197.0	12663.6	-0.757
TCCCGA	52.0	2406.9	-0.755
GGTGAG	138.0	9981.5	-0.755
TGGTCG	35.0	1587.4	-0.754
CGGACC	36.0	1676.6	-0.754
AGAGAT	99.0	5336.5	-0.754
GGGAAG	219.0	10541.5	-0.751
TCAGAG	124.0	5772.2	-0.751
CTTGAA	93.0	5368.2	-0.750
TCGGCA	24.0	1064.4	-0.748
TCTTTT	256.0	12210.5	-0.748
GCAATT	29.0	2736.3	-0.744
GGGGAT	115.0	5374.8	-0.743
GTCCGG	36.0	2283.4	-0.742
GTTATA	39.0	2098.4	-0.742
ATACCC	35.0	1593.0	-0.742
GGTAGT	50.0	2316.0	-0.740
ACAGCG	39.0	1784.0	-0.740
ATTTCC	107.0	4975.1	-0.739
CCATGA	84.0	3932.6	-0.736
CGCTCC	61.0	3042.9	-0.735
CAGGCA	190.0	8927.2	-0.734
CTAGCG	5.0	785.7	-0.732
CAAGGG	89.0	4600.8	-0.730
TGACTT	105.0	4880.6	-0.729
CTCCGT	48.0	2280.8	-0.729
CAATAC	28.0	1346.0	-0.729
GAAGAG	122.0	6336.9	-0.725
GTTAAA	70.0	3248.8	-0.725
AATAGC	46.0	2128.3	-0.723
TATTCT	95.0	4435.9	-0.722
CTGGCA	133.0	6247.8	-0.722
TTGCAC	53.0	3373.7	-0.722
TGAACT	97.0	4536.2	-0.720
CAGACC	67.0	4003.0	-0.718
TAAGTA	52.0	2422.3	-0.715
GAAAGT	85.0	3992.1	-0.715
AATCTG	68.0	3500.2	-0.715
CGAGTG	29.0	2134.7	-0.715
ACCCGG	72.0	3352.4	-0.713
TTACAA	47.0	3254.3	-0.711
GCTGAC	75.0	3502.0	-0.710
ATCAGC	62.0	2864.0	-0.710
GTGATT	108.0	5043.9	-0.709
TACCAA	34.0	1864.6	-0.709
TCCACC	127.0	5952.7	-0.709
CATTTA	88.0	5239.8	-0.706
AGGGCT	145.0	6820.5	-0.706
GGGCCG	117.0	7067.1	-0.705
AGATTG	74.0	3455.4	-0.704
TTAGCA	47.0	3005.9	-0.700
ATTCTG	117.0	5502.3	-0.700
ATAGCA	56.0	2624.9	-0.698
TGGCTT	143.0	6724.9	-0.698
GTACAG	60.0	2943.8	-0.697
TGTACT	72.0	3361.3	-0.694
TCCATA	49.0	2286.0	-0.694
ATGGGC	98.0	4603.6	-0.691
AAGCCC	87.0	4055.1	-0.691
AAAGCG	28.0	1284.0	-0.690
CAAACC	29.0	2724.1	-0.690
CTTGGT	63.0	4871.6	-0.690
TAGCGG	21.0	986.5	-0.689
ACGGTG	52.0	2434.8	-0.688
GCGGAT	9.0	1414.6	-0.687
AATAAC	46.0	2547.6	-0.684
TTCTGC	133.0	6274.9	-0.683
AGATTA	56.0	2631.8	-0.682
TTGTTT	304.0	14355.4	-0.681
ACTTCA	69.0	3514.2	-0.681
ACGAAA	11.0	641.7	-0.681
GCCTTT	112.0	5262.1	-0.681
TAACAA	57.0	2681.6	-0.681
GGACTA	55.0	2584.1	-0.679
CGCAAG	19.0	1029.9	-0.679
CTACCG	16.0	700.3	-0.678
CGGTTC	28.0	1276.8	-0.677
CTACCA	48.0	2244.7	-0.676
CCTCGA	27.0	1229.8	-0.673
GTTGTC	54.0	3033.2	-0.672
CTATGA	42.0	2396.3	-0.668
GGCTTC	96.0	5665.6	-0.668
GGCCCT	123.0	7297.3	-0.668
GGAAGA	146.0	6901.7	-0.667
TAGTCT	52.0	2444.5	-0.665
TCTTTG	161.0	7574.2	-0.664
TATTCC	64.0	2983.8	-0.664
GGAAAT	85.0	4848.6	-0.663
CTGACG	30.0	1378.5	-0.661
TTACGG	15.0	706.5	-0.660
CGGGAC	66.0	3084.3	-0.659
TAGCGC	13.0	681.0	-0.657
TATATG	99.0	4674.6	-0.657
CGATTG	15.0	658.5	-0.654
CGCCGA	24.0	1358.6	-0.653
AAAGAG	88.0	5470.4	-0.651
CTATTA	35.0	2153.8	-0.648
CTACGA	1.0	501.2	-0.647
AACGCA	16.0	755.4	-0.647
GGTGTC	108.0	5893.3	-0.646
CTAGAG	65.0	3041.1	-0.646
ATAAAT	116.0	5896.4	-0.645
CGCTCT	21.0	2440.3	-0.644
CCCTAA	49.0	2308.0	-0.641
CTTGTC	88.0	4134.2	-0.640
GGGAGT	123.0	6863.9	-0.637
GCTGGC	138.0	7830.4	-0.636
TAGCAA	29.0	2338.5	-0.636
GAGACG	42.0	3314.4	-0.635
CGCTTC	34.0	1894.9	-0.635
CCATAT	52.0	2458.0	-0.635
TCGTTG	10.0	964.6	-0.634
TGCCTT	141.0	6730.7	-0.633
AAAAAA	528.0	25016.6	-0.632
GCGATT	30.0	1388.3	-0.631
CTGTGC	145.0	9478.2	-0.631
GTATCT	62.0	2901.4	-0.630
GTAGGG	81.0	3841.1	-0.630
AGAGGA	138.0	7315.0	-0.629
GGCTGC	216.0	10620.6	-0.628
GGAATG	69.0	4822.5	-0.628
GAACAC	62.0	2902.2	-0.628
TATCTA	35.0	2241.5	-0.628
AGCTCG	14.0	1502.3	-0.628
TACATT	91.0	4292.9	-0.627
TTGTAC	56.0	2657.5	-0.627
GGTGGC	215.0	10733.9	-0.626
GGCCGG	119.0	7701.3	-0.625
TTACAG	129.0	7026.3	-0.625
GAATCC	54.0	2560.5	-0.624
ATTAAA	105.0	4946.4	-0.624
TCATGG	63.0	4611.3	-0.622
AGGTAA	76.0	3598.3	-0.621
TCTACG	14.0	618.3	-0.621
ACATGA	71.0	3352.4	-0.618
GATTTG	91.0	4397.4	-0.616
CATAAG	33.0	1880.3	-0.616
TCCTCG	18.0	2132.9	-0.615
TTGATA	60.0	2860.6	-0.615
GCGCCT	64.0	3870.6	-0.614
ATCTAC	37.0	1734.6	-0.613
CCCTTG	109.0	5155.9	-0.613
GAACTA	25.0	1906.8	-0.612
TGCTCT	143.0	6790.7	-0.610
GAGAAT	96.0	5177.8	-0.609
TGAGGT	151.0	7152.0	-0.609
ATCGTT	16.0	718.9	-0.608
CGATGT	19.0	863.4	-0.607
TCCCCG	96.0	4555.1	-0.606
CCTATT	38.0	2387.5	-0.605
TGGAAT	94.0	4978.6	-0.605
TCATTC	49.0	4171.0	-0.605
CCATTC	80.0	3807.0	-0.604
GTTGGC	91.0	4307.4	-0.603
CTCGCG	17.0	1706.3	-0.603
ACGTTA	4.0	600.5	-0.603
GACCTC	61.0	5103.7	-0.602
CTATAA	49.0	2326.2	-0.602
TCCACG	35.0	1642.2	-0.602
AGCCGA	36.0	2108.2	-0.601
TCTGGT	108.0	5113.5	-0.601
CTGGAA	148.0	7056.0	-0.600
TCCAAA	81.0	3859.1	-0.599
CGACGT	12.0	526.7	-0.598
CTTCTA	52.0	3275.4	-0.597
ATAAGG	47.0	2230.0	-0.597
TCCTAA	61.0	2869.8	-0.596
TCTCTG	190.0	9481.4	-0.595
CGGACT	21.0	1236.6	-0.594
CTCGAT	20.0	916.0	-0.593
CAGCTA	74.0	4766.2	-0.590
TGCGCA	33.0	2009.8	-0.590
GCTGTG	262.0	12455.3	-0.589
GCGAGG	83.0	3967.0	-0.588
TGTCTC	166.0	7899.8	-0.586
TCCGTC	31.0	1662.1	-0.583
ATCAGA	59.0	3163.2	-0.583
GGAAGT	111.0	5279.1	-0.581
TTGGGA	139.0	8438.3	-0.581
CGTTCA	16.0	804.5	-0.581
CAACGC	16.0	725.0	-0.581
AACGTT	3.0	847.8	-0.579
CCTGTG	209.0	11686.9	-0.579
CGTTCT	27.0	1420.5	-0.579
TGAAGA	104.0	5268.6	-0.578
TCCTGA	136.0	8122.3	-0.577
ACATGT	86.0	5300.5	-0.577
ATAAAC	51.0	2874.3	-0.575
ATAACG	3.0	447.9	-0.574
AGTGTA	68.0	3228.2	-0.573
ATAGTT	65.0	3080.2	-0.573
AGACTC	67.0	3586.1	-0.573
GAGACT	99.0	4729.8	-0.573
CTTCTC	137.0	6512.5	-0.572
GGCTCT	134.0	6409.0	-0.572
GCGATC	30.0	1409.9	-0.571
TGAGTA	66.0	3780.4	-0.569
CCAACA	53.0	4015.6	-0.568
GAACCA	52.0	2956.0	-0.563
CAAGGA	93.0	4435.0	-0.562
GATGTT	88.0	4183.7	-0.561
GCTGCA	136.0	7908.5	-0.559
TCGGGT	35.0	1659.4	-0.558
GCCATT	82.0	3935.3	-0.558
TAAGTC	40.0	1904.8	-0.558
AAGGAA	137.0	6524.9	-0.557
TAAAAA	199.0	9510.8	-0.557
AAATGT	132.0	7246.7	-0.556
GATTCT	101.0	4843.4	-0.553
TCGTGC	11.0	1548.9	-0.553
GTGGAA	118.0	5837.3	-0.553
AGTTCC	73.0	3489.3	-0.552
GGTCGA	19.0	879.2	-0.551
GGTACC	41.0	1956.4	-0.551
CTCTCG	31.0	1835.4	-0.550
AAAGCC	76.0	3641.8	-0.549
TTTGAG	140.0	8460.7	-0.548
GAATTT	81.0	5049.6	-0.546
CTGGCC	185.0	10300.3	-0.545
TATATT	87.0	5644.2	-0.545
AGATTC	46.0	3004.0	-0.544
GTCTAG	33.0	2071.8	-0.543
TGCCGG	59.0	2985.3	-0.541
ATTGGC	44.0	2734.0	-0.541
AGTAGG	46.0	3036.0	-0.540
AGAGTG	94.0	6213.3	-0.538
CTACAA	52.0	2505.8	-0.538
AATGAG	93.0	4451.3	-0.537
GTAAAA	82.0	3964.8	-0.537
GACCGC	34.0	1619.8	-0.536
ACGGGC	41.0	1963.1	-0.536
AGTCAT	52.0	3042.2	-0.535
GATACA	46.0	2212.3	-0.532
GGACGA	16.0	1358.6	-0.531
TTGGAC	52.0	2641.4	-0.531
CCCCTG	185.0	8930.5	-0.530
TTTCAA	107.0	5114.3	-0.530
TAAAAC	74.0	3553.0	-0.529
TCCCAC	120.0	5778.5	-0.528
AACACG	17.0	1167.9	-0.527
CTGGAG	281.0	13418.8	-0.526
GAAGTA	37.0	2451.9	-0.525
CGCACC	30.0	2304.0	-0.524
GACGGG	21.0	3619.6	-0.524
TCGTCT	26.0	1232.3	-0.523
GCCATC	68.0	3450.4	-0.523
CACCGA	25.0	1183.4	-0.522
ATGGAG	132.0	6348.3	-0.522
GCAGAG	194.0	9280.7	-0.521
TACAAT	54.0	2613.7	-0.521
TCTCTT	151.0	7230.5	-0.520
GGGGAC	158.0	7594.3	-0.519
GGCACT	89.0	4262.1	-0.519
CTAGTA	32.0	1528.1	-0.518
CTGGCG	76.0	3662.2	-0.516
CCTCCA	143.0	7295.1	-0.516
GGAAGC	92.0	6153.7	-0.515
TGCTTT	170.0	8177.8	-0.513
GCTCAC	145.0	6976.5	-0.513
GGATCA	76.0	3665.0	-0.513
TGGGGA	252.0	12527.0	-0.512
ATTGGA	61.0	2916.3	-0.512
CGTCAG	35.0	1679.2	-0.511
ATTTGG	111.0	5333.5	-0.510
TGGATA	66.0	3236.8	-0.509
AAGACT	66.0	3167.8	-0.508
ACTCGT	17.0	795.0	-0.508
CGCAGT	37.0	1937.6	-0.507
TTCAGA	79.0	4829.1	-0.505
TAGACC	28.0	1409.8	-0.503
CTTAAT	58.0	2822.7	-0.503
TTTGGC	94.0	4527.6	-0.502
CGGGAG	137.0	6572.9	-0.501
CACTGG	128.0	6160.6	-0.501
CCATCC	83.0	4976.9	-0.500
GGCGCT	77.0	3723.3	-0.499
TAGTTC	44.0	2129.0	-0.498
TATGAT	44.0	2923.8	-0.498
CTTATC	40.0	1953.7	-0.498
GTTTAT	70.0	4720.9	-0.496
CCGCCA	31.0	3024.6	-0.495
AGGGGC	155.0	9183.0	-0.495
CCAGAA	105.0	5040.9	-0.495
CAGTGC	122.0	5857.3	-0.494
GGCTAG	19.0	2550.9	-0.493
TGATAC	18.0	1819.4	-0.493
ATTGCA	72.0	3811.1	-0.493
AGCATT	89.0	4282.5	-0.491
AAATAA	162.0	8070.9	-0.489
ATGGTC	59.0	2880.4	-0.489
TGTTAA	88.0	4234.9	-0.488
GAGGGC	168.0	8098.9	-0.488
TTAGCC	72.0	3480.2	-0.487
CGCAGA	29.0	2002.3	-0.487
CAGCCT	220.0	14091.7	-0.486
ATTCAG	47.0	3956.7	-0.485
TAGTGA	65.0	3133.5	-0.483
TATAAA	103.0	4998.1	-0.483
CCAGTC	51.0	4144.9	-0.482
GCTCTG	196.0	9429.4	-0.482
GGAGGC	276.0	14266.6	-0.482
TTACGT	10.0	811.4	-0.481
AAAATG	138.0	7693.3	-0.481
CGAGGG	79.0	3836.7	-0.480
TGTTTC	149.0	7163.8	-0.480
TCCAGG	139.0	8294.6	-0.479
AGTTGA	55.0	2956.3	-0.479
AAGCCG	19.0	1673.9	-0.479
CCACCA	125.0	7717.6	-0.479
GTCAGT	75.0	3636.6	-0.479
TATTGG	45.0	2910.9	-0.478
GTAGAG	40.0	5148.7	-0.477
TCTTGC	80.0	4823.2	-0.477
AAGTTG	60.0	3452.2	-0.475
CCAATC	38.0	1846.0	-0.474
CGGATG	26.0	1351.2	-0.472
ACCTAA	35.0	1882.4	-0.472
CATGCC	86.0	5482.0	-0.469
CTTACG	2.0	567.7	-0.468
ATAACA	57.0	2834.2	-0.468
AGGAAA	127.0	7428.8	-0.467
TAAAGG	65.0	3143.0	-0.467
TGGTTA	65.0	3143.1	-0.467
GATTAG	22.0	1776.8	-0.465
TGCACC	106.0	5115.5	-0.465
AGACGG	64.0	3096.8	-0.462
GCGACC	30.0	1455.0	-0.461
CTCACG	15.0	2347.9	-0.461
AGTGGC	145.0	7026.3	-0.460
CGAAGG	25.0	1480.7	-0.460
TGCGAT	24.0	1157.1	-0.459
GGTATA	40.0	1952.8	-0.457
AAGAAA	152.0	8264.0	-0.457
TACGCC	12.0	561.2	-0.456
CCGTGG	86.0	4230.7	-0.455
GAAACC	92.0	4462.1	-0.455
ACGGCA	24.0	1160.8	-0.454
GCCTAC	29.0	1780.1	-0.452
AGGGTA	52.0	2782.8	-0.451
CGAAAT	1.0	588.7	-0.451
TCTAGA	57.0	2803.7	-0.451
CAGAAA	102.0	6205.8	-0.448
GGGATC	58.0	3450.2	-0.448
CGGCTA	26.0	1262.2	-0.446
AGAGGT	119.0	5917.9	-0.444
CGAATT	6.0	584.1	-0.444
GCAACA	60.0	3344.3	-0.444
GTGATC	109.0	5286.5	-0.443
ACAAAG	84.0	4116.8	-0.443
CCGAGG	62.0	4799.9	-0.443
CAAGCC	69.0	3360.6	-0.442
GCCCCG	111.0	6646.7	-0.442
CCATGG	113.0	5493.4	-0.441
GCAAAC	26.0	2453.1	-0.440
TGATGC	47.0	3381.5	-0.439
GGAACT	79.0	3867.9	-0.439
TATGGT	47.0	2769.5	-0.438
TTTTGA	158.0	9267.4	-0.437
GATACC	26.0	1376.8	-0.436
GCCATG	113.0	5499.5	-0.435
GGCACC	62.0	5290.2	-0.435
GTGGTT	94.0	5826.9	-0.434
TGCCCA	116.0	8634.9	-0.433
GATTGG	58.0	3245.9	-0.433
ATATAT	133.0	9145.8	-0.431
GTGACA	108.0	5247.8	-0.430
GGCAGG	297.0	14340.9	-0.428
AGCACC	74.0	4354.4	-0.428
GGAGAA	170.0	8267.7	-0.428
GCAGGG	220.0	11898.4	-0.427
CCACGT	49.0	2418.3	-0.426
CTCCCG	115.0	5610.7	-0.426
CATGAC	51.0	2519.6	-0.425
TCAGCG	18.0	1737.1	-0.424
AAGGCA	98.0	4792.2	-0.424
ATGTGA	114.0	5563.8	-0.422
TACATA	74.0	3627.6	-0.421
GAATGC	39.0	2960.6	-0.421
TACATC	35.0	1723.6	-0.419
CGAAGC	25.0	1224.5	-0.418
ATGGCC	73.0	3581.3	-0.415
ATGCCA	77.0	3784.9	-0.415
ACTAGG	38.0	1875.9	-0.414
CCTCTG	208.0	10101.3	-0.414
TCACGG	30.0	1476.3	-0.413
CAGCTC	145.0	7075.1	-0.413
GCACCC	85.0	5050.5	-0.413
AGTGGT	113.0	5911.4	-0.413
TAGGCT	55.0	2728.9	-0.412
CCAGCT	156.0	9814.7	-0.412
ACTCCC	46.0	3944.1	-0.410
ACCCCA	87.0	5611.9	-0.409
ATATGT	89.0	5971.3	-0.408
AGATCA	74.0	3638.0	-0.408
TGTTCC	115.0	5628.7	-0.407
CTCCAG	129.0	9396.1	-0.406
TAGAAA	77.0	4853.9	-0.404
TGATTG	60.0	4089.6	-0.403
TCCTAG	56.0	3220.4	-0.403
TGGCAA	66.0	3885.7	-0.402
TCAGGA	124.0	6937.1	-0.401
AGCCTA	47.0	2334.1	-0.401
ATACAT	80.0	3950.7	-0.400
GGGCCT	169.0	9244.8	-0.399
GCTCCG	44.0	3689.5	-0.398
CGTGCT	42.0	2305.5	-0.398
GGTAGC	46.0	2285.8	-0.398
TCAATC	18.0	1595.5	-0.397
GCGAAA	4.0	907.7	-0.393
TAGGAT	54.0	2765.6	-0.391
CGAATC	2.0	518.2	-0.390
CGTATT	15.0	734.2	-0.389
GGTCGC	35.0	1739.9	-0.388
ACGGAA	20.0	986.0	-0.388
CATAGC	37.0	1989.0	-0.387
GGGCAG	265.0	12886.0	-0.387
ACGAAT	7.0	562.6	-0.386
ATTCGC	7.0	480.4	-0.386
CGGTCT	26.0	1289.3	-0.385
CAAACG	3.0	755.5	-0.385
TGTTTA	100.0	6496.3	-0.385
TTTACC	58.0	2897.6	-0.385
CAGTGA	158.0	7736.5	-0.385
GGCGAT	22.0	1089.1	-0.385
TTGTAG	89.0	4368.8	-0.384
TAATAA	53.0	4204.4	-0.383
AGCACT	48.0	5462.6	-0.383
TCGTAT	11.0	532.9	-0.383
GCGTTG	29.0	1442.1	-0.382
CGGGCA	59.0	3596.2	-0.382
ACACCT	91.0	4473.7	-0.381
TAATTT	181.0	9269.6	-0.381
TTCTCT	120.0	8783.9	-0.380
GATGGC	73.0	4017.3	-0.379
TCAATA	23.0	2243.8	-0.379
ACCGGA	20.0	990.0	-0.379
TTAAAG	87.0	4271.4	-0.379
CGGTTA	3.0	459.9	-0.378
AATTCC	52.0	3170.8	-0.377
ATTAGA	53.0	2653.2	-0.374
ACTGCT	84.0	4173.8	-0.374
TAAGGT	46.0	2301.7	-0.374
CGTAAA	2.0	584.4	-0.373
TCCCTA	43.0	2829.1	-0.373
CAATTA	43.0	2152.2	-0.370
TCCAGA	100.0	5060.7	-0.370
ATAGGT	38.0	2305.7	-0.369
CGGAAA	25.0	1247.8	-0.369
AAACGC	17.0	844.0	-0.369
CACAGG	130.0	7072.4	-0.368
GCTGCG	95.0	4691.7	-0.367
CAGGTC	89.0	4386.1	-0.365
ATGTTT	148.0	7287.5	-0.364
AGCGCT	37.0	1855.4	-0.362
ACTTAC	38.0	1906.5	-0.361
AACCTC	90.0	4440.7	-0.361
TACTAA	60.0	3018.9	-0.358
TCCCAT	94.0	4648.5	-0.357
CTACTC	58.0	2919.2	-0.356
ACTTTG	132.0	6513.3	-0.354
GATGTA	46.0	2338.9	-0.354
GGAACC	52.0	3530.8	-0.354
GCTTTG	120.0	6021.9	-0.354
GTCACG	30.0	1507.8	-0.354
GGAGAC	101.0	5719.9	-0.353
CATTAC	18.0	1886.3	-0.353
CATAGG	41.0	2316.7	-0.351
ACCTAT	32.0	1801.8	-0.350
CACCTG	182.0	9792.9	-0.350
TAAGGA	64.0	3177.1	-0.350
TTCAAA	90.0	4747.3	-0.349
CTGAGT	111.0	6338.3	-0.348
CCTAGG	66.0	3659.9	-0.348
ACTAGA	36.0	1871.2	-0.348
AGCGAT	31.0	1561.4	-0.348
TGGTTT	142.0	7989.8	-0.347
GTGCCG	55.0	2775.0	-0.347
ACGGAT	10.0	684.8	-0.344
TTGCCG	27.0	1361.2	-0.344
AGCTCA	99.0	5059.3	-0.344
CTCGTC	28.0	1411.3	-0.344
TCGAAC	7.0	1049.5	-0.344
GTTAGG	41.0	2824.1	-0.343
AATTAG	82.0	4100.5	-0.341
GTACGG	14.0	700.3	-0.341
TCTGAA	96.0	4767.5	-0.341
AGTCAA	46.0	2324.6	-0.340
GTGCCC	144.0	7343.1	-0.340
GGGTTG	112.0	5837.1	-0.337
CAGTTA	53.0	2681.1	-0.336
CCCATG	98.0	4876.2	-0.335
CGACTA	4.0	379.0	-0.335
CGGAAG	45.0	2277.2	-0.334
CTGATA	42.0	2179.1	-0.333
TCTTGT	116.0	5757.5	-0.332
GGCTCC	158.0	7804.5	-0.331
GGGGCT	233.0	11422.9	-0.331
ATCCCC	53.0	3548.2	-0.331
TAAGAC	34.0	1723.7	-0.330
GCATAA	34.0	1974.9	-0.330
TCTAAA	65.0	3245.4	-0.329
CCGCGC	97.0	4832.6	-0.328
CATTGG	64.0	3195.1	-0.328
CTTCAT	90.0	4522.6	-0.327
AATAAA	155.0	7651.1	-0.326
TGGAAG	125.0	7331.1	-0.325
AGGTAG	53.0	3479.2	-0.325
TTATCC	49.0	2487.1	-0.324
CCTAGT	43.0	2184.3	-0.323
GGTCAC	68.0	3775.6	-0.322
AGTACG	2.0	497.0	-0.322
GGGGCA	165.0	8686.3	-0.321
CAGATC	61.0	3049.7	-0.321
GGTGCT	116.0	6885.7	-0.320
TTTCAG	132.0	6556.1	-0.318
TGGTAC	42.0	2137.7	-0.318
GCCGAC	27.0	1376.1	-0.317
GGAGCG	85.0	4936.6	-0.317
AGTGCC	65.0	4489.0	-0.316
ACATTT	126.0	7369.0	-0.314
AGGAGG	262.0	13275.6	-0.312
TCTCGG	49.0	2978.4	-0.312
TTCCTG	185.0	9755.1	-0.312
ACGATG	13.0	873.1	-0.311
TATCTC	46.0	2846.4	-0.310
GACTAA	21.0	1518.3	-0.310
TTAAGT	73.0	3671.6	-0.309
TAGTAT	32.0	2558.5	-0.309
CTACGC	12.0	610.2	-0.308
AATTAC	49.0	2500.1	-0.308
CGGAAT	8.0	777.6	-0.308
TAACGA	3.0	463.0	-0.308
TAGACA	44.0	2433.7	-0.307
GAGCAC	45.0	3722.9	-0.307
AAGGGG	130.0	6527.8	-0.305
CTTTGC	111.0	5529.8	-0.305
ATGTCT	60.0	4795.5	-0.305
TGCCGT	21.0	1881.7	-0.305
GTTGAT	25.0	2958.4	-0.304
TAGAGT	51.0	2605.4	-0.304
GTCAAC	25.0	1666.3	-0.302
CTGAGG	226.0	11949.9	-0.301
AGTTAC	42.0	2149.0	-0.301
ACTCCT	111.0	5535.7	-0.301
GTAACG	9.0	556.8	-0.300
GTAAAC	12.0	2319.1	-0.300
TCAATT	58.0	2964.4	-0.300
GAGCGG	52.0	4211.9	-0.300
GACTGG	102.0	5124.9	-0.297
CCCGAC	32.0	1855.5	-0.296
GTGGTC	100.0	5022.0	-0.295
GCCACA	93.0	4661.6	-0.295
AATAAG	55.0	3049.3	-0.294
GAGTCA	71.0	3583.1	-0.294
CAGGCT	209.0	11339.5	-0.294
CCGAGT	48.0	2461.0	-0.292
GGAAGG	218.0	10773.6	-0.292
ATCCTG	101.0	5334.1	-0.292
GACCCC	100.0	5030.9	-0.289
GTATTG	48.0	2464.6	-0.288
GTAAGG	51.0	2620.3	-0.285
AGGGTG	179.0	8885.9	-0.285
GACATG	54.0	3675.2	-0.284
ATTGTT	84.0	5250.7	-0.284
TACGAA	7.0	454.7	-0.284
GAATTA	54.0	2776.6	-0.282
TGATAG	36.0	2557.1	-0.282
GGTCGT	27.0	1397.4	-0.281
AGGAAG	180.0	8945.5	-0.281
GTTTTC	133.0	6787.7	-0.279
AAAGAC	65.0	3290.4	-0.279
CGTGAT	27.0	1959.5	-0.278
AAGGCT	81.0	4183.4	-0.278
GGCGTC	41.0	2695.6	-0.277
ACACCG	11.0	1193.9	-0.277
TATTCG	5.0	479.9	-0.276
AGGCCT	101.0	6248.8	-0.276
CTTTAA	85.0	4516.9	-0.276
GACGGA	37.0	1914.0	-0.275
ACTAGT	22.0	1454.0	-0.275
GCCACT	112.0	5619.2	-0.275
CTAGGG	49.0	3242.0	-0.271
GACGCG	17.0	1566.3	-0.270
TGCCGA	24.0	1250.9	-0.270
CTGACA	54.0	3818.6	-0.270
ACCCGA	15.0	1104.5	-0.270
CACTCC	79.0	5250.8	-0.269
CATCCA	77.0	3917.0	-0.269
CTAACA	18.0	2261.3	-0.269
GAAATA	78.0	4490.0	-0.266
ATTTCT	99.0	8073.8	-0.266
CTTGCT	101.0	5782.9	-0.263
GCCCTG	208.0	10726.5	-0.263
TCAAAT	73.0	3719.9	-0.262
TTGTCA	91.0	4597.3	-0.262
AGGGCA	130.0	6528.5	-0.261
AATGGC	70.0	3566.0	-0.261
CTCCCA	210.0	11376.1	-0.261
CTGGGA	297.0	15030.8	-0.260
GAGGAC	62.0	4865.4	-0.259
TCGAGT	14.0	931.3	-0.259
AGACCT	70.0	3568.8	-0.259
ATAGAT	46.0	2581.4	-0.259
AGGTGC	121.0	6134.3	-0.259
GTTCGC	17.0	894.5	-0.257
GTAGAA	59.0	3056.4	-0.257
AATCTT	64.0	3519.2	-0.257
GGCCCA	124.0	6219.1	-0.257
GGTAAA	54.0	2978.4	-0.256
AGTAAA	68.0	3470.2	-0.255
AGCACG	4.0	1598.2	-0.253
TCGTTC	16.0	845.7	-0.252
AGTCCT	87.0	4415.8	-0.250
CACCGG	41.0	2139.1	-0.250
CTAAAT	48.0	2679.9	-0.250
TGTGCC	145.0	8830.0	-0.250
AAATGA	110.0	5905.7	-0.249
CTATAT	27.0	2240.1	-0.249
CGCTGG	72.0	4123.3	-0.249
CGGACG	12.0	1357.9	-0.248
ATGACG	17.0	899.5	-0.248
TTTGAT	108.0	5446.8	-0.248
AACCCA	70.0	3580.8	-0.248
GACAAT	40.0	2089.2	-0.247
CTCGGG	90.0	4563.3	-0.247
TTGATT	101.0	5310.7	-0.246
AATGCG	14.0	743.2	-0.246
TACGGA	11.0	585.0	-0.245
CCCGAA	25.0	1318.5	-0.245
GTTCCA	48.0	3715.7	-0.244
ATAGAG	44.0	2640.4	-0.243
CCGGAG	57.0	3891.9	-0.243
AGGATG	109.0	6083.5	-0.242
GGCGAG	73.0	3742.8	-0.241
AGAATC	66.0	3525.0	-0.241
TGTCGC	38.0	1992.4	-0.241
TTTCTC	131.0	8811.3	-0.240
AGTAAT	51.0	2661.3	-0.240
CACTAC	32.0	1683.5	-0.240
CCAACC	57.0	2971.4	-0.240
AATGAA	103.0	5351.2	-0.239
CCCATA	36.0	1965.9	-0.238
GATTCA	41.0	2686.2	-0.234
AATACG	7.0	522.2	-0.232
AATCGC	14.0	907.1	-0.232
TCTCGC	13.0	2034.0	-0.231
GCCCAT	33.0	3446.4	-0.231
TCTCCT	157.0	9386.7	-0.230
ATGTTG	127.0	6418.3	-0.230
CGGGTT	39.0	2418.4	-0.229
CCCAAG	104.0	5503.7	-0.228
ACTGCC	68.0	4039.0	-0.228
ATGTTA	50.0	3786.8	-0.227
TAGCCA	59.0	3381.4	-0.227
TAGATA	44.0	2314.5	-0.226
TTCTGA	113.0	5739.1	-0.226
TTTCCC	146.0	7453.2	-0.226
TGGTCC	79.0	4134.8	-0.225
AATCAG	60.0	3143.8	-0.224
GAGTCC	63.0	4078.3	-0.223
TCATTG	86.0	4387.5	-0.223
ATTTTC	149.0	7490.8	-0.223
GGTTCA	93.0	4752.6	-0.222
CGATTA	3.0	401.0	-0.221
GCTATG	46.0	2424.2	-0.219
TAAACT	63.0	3251.1	-0.219
CAGCGT	44.0	2322.9	-0.218
CACCCG	56.0	2943.5	-0.218
TCCCAG	191.0	12418.1	-0.218
GAAGCC	97.0	4968.4	-0.217
TCATTT	148.0	7506.2	-0.214
CGCAAA	1.0	698.7	-0.214
ATTTTG	160.0	8271.9	-0.213
GCTAAG	40.0	2121.1	-0.212
CGGCCT	87.0	4454.3	-0.212
TTCTAC	35.0	2752.0	-0.212
CCCAGT	118.0	6027.4	-0.211
ACCATG	58.0	5732.0	-0.211
ATCACT	69.0	3576.4	-0.208
GGCAAG	69.0	4359.2	-0.208
ATATCG	6.0	352.4	-0.207
ACGGAG	45.0	2386.4	-0.206
GATGCC	66.0	3423.6	-0.206
GATGAC	51.0	2698.1	-0.206
CATATA	51.0	3387.8	-0.205
CCTAGC	44.0	2482.8	-0.205
GTTCGA	20.0	1085.1	-0.205
CGCTGC	81.0	4233.7	-0.205
TGTAAG	46.0	3659.9	-0.205
AGTACA	35.0	2512.3	-0.204
TATGTT	102.0	5252.9	-0.202
GTCCGC	22.0	1877.9	-0.201
CCCGTG	67.0	3483.1	-0.199
TTGCCA	64.0	4210.7	-0.199
ATGATA	45.0	2549.5	-0.198
GTCTCA	117.0	5998.2	-0.197
ATGACT	38.0	3023.7	-0.196
AACACT	60.0	3178.6	-0.194
GCCTTG	92.0	6253.8	-0.194
TGTTCT	129.0	7021.1	-0.193
AGGGAA	115.0	7245.0	-0.192
GCATTG	62.0	3235.7	-0.190
GTGCTG	218.0	11762.0	-0.189
AGTGAA	69.0	5052.2	-0.189
AACTCG	16.0	883.4	-0.189
GTCATA	35.0	1885.2	-0.189
TACCAC	39.0	2094.2	-0.188
TAGGGT	37.0	3014.9	-0.188
CCTCTA	50.0	2751.0	-0.188
GCGATG	25.0	1362.6	-0.188
ACAGCT	83.0	4579.9	-0.188
TCTATG	41.0	2777.1	-0.187
TACTGC	44.0	2369.1	-0.187
TCATAG	47.0	2511.7	-0.187
GACAGC	69.0	4288.2	-0.187
CTAGAT	32.0	1844.5	-0.187
ATTTAG	52.0	3623.2	-0.186
CTTTCA	73.0	4832.5	-0.186
AGTGAT	101.0	5227.5	-0.186
CAAGTC	49.0	2617.5	-0.185
GTCCCA	105.0	5386.0	-0.185
GGCAGT	99.0	5535.3	-0.185
CTCGCA	20.0	1228.7	-0.184
TCATGC	58.0	3510.3	-0.184
ACAGGA	100.0	5177.6	-0.184
ACCTCA	102.0	5282.8	-0.184
CCGGCT	29.0	3975.9	-0.183
ACGGGT	10.0	1252.1	-0.183
CATCGT	21.0	1154.2	-0.183
TCCAGT	77.0	4547.0	-0.182
TGAGGA	142.0	7657.4	-0.182
CCAAGA	46.0	4115.9	-0.182
ATCTGC	28.0	3852.0	-0.182
TGTTAG	64.0	3872.0	-0.182
CAACCT	84.0	4394.1	-0.182
TGAAGC	78.0	4082.9	-0.181
GTCACT	61.0	3900.3	-0.181
GGCCAT	64.0	3948.1	-0.180
CCAGGA	182.0	9192.5	-0.180
GCCATA	27.0	1658.5	-0.179
ATGATG	92.0	4766.0	-0.179
TGGGGC	227.0	11454.3	-0.178
GCCACG	24.0	2579.2	-0.178
TAAGTT	30.0	3015.9	-0.178
TCGCGG	32.0	1739.4	-0.177
GACCAC	54.0	2889.8	-0.176
TAGAGG	63.0	3559.9	-0.176
GATGCT	59.0	3993.4	-0.175
CTGCAC	100.0	7138.2	-0.174
TGGAGT	174.0	9305.9	-0.174
CGCGCT	42.0	2266.6	-0.174
TGCGGA	28.0	1991.7	-0.173
TCCGCG	19.0	1970.7	-0.173
TTGGTC	67.0	3556.5	-0.173
CAACAC	49.0	2633.5	-0.173
AGACCG	21.0	1163.7	-0.173
ACTTCG	17.0	969.0	-0.171
TTGTTG	125.0	7570.8	-0.170
GCCGGG	179.0	9109.3	-0.169
ACGTTG	8.0	1066.0	-0.169
AGTCCG	21.0	1166.1	-0.169
GAAACT	64.0	4210.5	-0.169
TCCAAG	76.0	3997.2	-0.168
GTAATA	41.0	2221.1	-0.168
TTGCCC	65.0	5385.4	-0.168
CGGAAC	19.0	1060.7	-0.167
CAACTC	44.0	2500.0	-0.167
CGGGCT	72.0	3789.4	-0.167
GAGTAA	32.0	2353.8	-0.167
CTGGTG	132.0	9376.2	-0.166
CATTGC	66.0	3477.6	-0.166
GGTTTC	124.0	6373.9	-0.166
GATGTC	57.0	3061.6	-0.165
CCACTT	70.0	4439.7	-0.165
AGGTTG	77.0	5541.5	-0.164
TATTTG	102.0	6001.7	-0.164
TGGCCC	101.0	7013.8	-0.164
TGTATT	118.0	8078.9	-0.163
GAGACC	78.0	5544.4	-0.163
AGGGAT	83.0	4373.8	-0.163
GTGTCG	31.0	1702.1	-0.163
CTATGC	33.0	1808.1	-0.162
GTAATG	35.0	2542.0	-0.162
GGGACG	66.0	3484.1	-0.161
AGGCAA	71.0	3746.7	-0.161
ATATGG	36.0	3474.5	-0.161
TTGTGA	89.0	6293.5	-0.160
CATCCC	77.0	4643.9	-0.160
GTCAGA	70.0	3696.1	-0.160
TGATTT	131.0	7304.5	-0.158
GGAGTC	99.0	5171.1	-0.158
TCCGAA	13.0	820.5	-0.158
AGTGTC	81.0	4277.8	-0.157
GACTGC	49.0	3665.5	-0.157
TGGCAC	97.0	5068.7	-0.156
CGTGAC	28.0	1637.4	-0.156
AGGTCA	88.0	5216.2	-0.156
TAGTCC	30.0	2384.1	-0.156
TTATGT	97.0	5071.8	-0.155
TACAAG	43.0	2342.9	-0.155
CATAAA	63.0	3523.9	-0.154
AAGCCT	76.0	4021.9	-0.154
AGACAT	64.0	3392.7	-0.153
CAAAGA	79.0	4181.7	-0.152
AACTAC	29.0	1608.8	-0.152
TAACGT	11.0	637.1	-0.151
TAGGTT	53.0	2962.1	-0.150
GCGGTC	19.0	1727.6	-0.150
GTTACC	11.0	1732.0	-0.149
TAGGTA	33.0	2292.4	-0.149
GGTAAT	41.0	2244.3	-0.149
ACAACT	24.0	2300.9	-0.148
GGTAAG	58.0	3139.8	-0.148
TTGGAT	69.0	3664.7	-0.148
GTCATG	62.0	3297.6	-0.147
GTCTAT	16.0	2250.6	-0.147
TCACAA	58.0	3140.3	-0.147
ACAACG	12.0	695.5	-0.147
AGGCCA	117.0	6095.1	-0.147
CAATTG	35.0	1932.2	-0.146
GGGATT	77.0	7537.1	-0.145
CAGGGC	184.0	9390.4	-0.145
GGCGGA	65.0	4648.8	-0.145
ATCCTA	35.0	2003.3	-0.145
ATTCCT	84.0	4643.8	-0.144
TGAATT	96.0	5041.0	-0.144
GCCTCT	138.0	7116.7	-0.144
TTCAAT	42.0	3102.3	-0.143
TCAAAC	38.0	2803.3	-0.142
CGGGAT	33.0	1830.5	-0.142
TTCCCG	25.0	2676.2	-0.142
TCTGCG	39.0	2508.7	-0.142
GCTAGG	52.0	2833.3	-0.142
CAACGG	14.0	810.7	-0.141
TACGTA	4.0	671.8	-0.141
CTCAGC	189.0	9682.8	-0.141
CATCTC	89.0	5180.5	-0.140
TGACGC	21.0	1193.3	-0.140
TATCAC	19.0	2030.2	-0.139
ACATAT	71.0	4059.6	-0.139
AAGCGA	30.0	1676.7	-0.138
GACAAG	37.0	3104.9	-0.137
CCGGAC	25.0	1884.3	-0.137
CGTCGT	13.0	759.1	-0.137
GATCCA	55.0	2999.4	-0.137
ATGCCG	18.0	1034.8	-0.136
GACGTT	12.0	923.1	-0.136
GGCATC	65.0	3474.7	-0.136
AGCAAC	42.0	2468.0	-0.135
TGCCAC	111.0	5800.3	-0.135
GGGTCT	104.0	6775.2	-0.135
GGCAGA	129.0	7896.9	-0.135
ATTCTC	101.0	5325.5	-0.134
AGGTAT	39.0	3072.4	-0.134
AAGGAG	124.0	6445.2	-0.134
ACTCTG	92.0	6066.4	-0.133
ACGGCT	22.0	1255.0	-0.133
CTAGGC	47.0	2583.5	-0.133
TGCCTC	179.0	9279.2	-0.133
CGTCAA	9.0	571.6	-0.133
TAGAAG	56.0	3124.2	-0.131
CCCAGG	313.0	15775.9	-0.130
ATCGTA	6.0	415.0	-0.130
CTCCGA	27.0	1576.5	-0.130
ATGTCA	70.0	3747.2	-0.130
TTCTGT	187.0	9598.2	-0.130
GTCTTT	121.0	6294.2	-0.130
CGGGTC	44.0	2587.1	-0.130
TATATC	38.0	2113.7	-0.129
GATATA	39.0	2166.7	-0.129
TATATA	166.0	8563.1	-0.128
GATAGT	31.0	2026.7	-0.128
ATATCT	59.0	3225.0	-0.128
ATTCCC	62.0	3330.1	-0.128
TGTCAC	100.0	5287.5	-0.127
GCGACT	19.0	1098.9	-0.127
AGCCAA	49.0	3747.2	-0.127
CATCTA	41.0	2275.7	-0.127
TGCCAT	90.0	4758.1	-0.127
CGGTAA	10.0	599.2	-0.126
GAGGCC	174.0	8951.6	-0.126
CTAAGT	39.0	2170.3	-0.126
AATGTT	100.0	5290.2	-0.126
TGTCAT	92.0	4866.4	-0.126
CACGGG	45.0	2638.4	-0.124
CACTAG	30.0	1696.3	-0.123
TGTGAC	106.0	5569.2	-0.121
TAATCC	53.0	4537.2	-0.120
AGACAA	62.0	3344.3	-0.120
TCGAAT	5.0	455.2	-0.120
AGCGTA	8.0	512.4	-0.120
CACCTC	105.0	6423.0	-0.120
GGGACT	124.0	6481.6	-0.120
CAAGAC	46.0	3168.8	-0.118
AGGACG	36.0	2023.3	-0.118
CCCTGT	151.0	8138.3	-0.118
GTCGGG	56.0	3084.8	-0.118
TGCTCA	98.0	5203.6	-0.118
GCATTA	39.0	2184.3	-0.117
CGAGAC	39.0	2184.6	-0.117
ACCCAG	145.0	7565.8	-0.117
TATAGA	44.0	2451.4	-0.116
TTCGGA	13.0	1027.5	-0.116
CTGCGA	32.0	1813.7	-0.116
AACGCC	16.0	946.2	-0.115
TGAGTT	94.0	4999.8	-0.114
TGCTAG	46.0	2561.5	-0.114
CAACTA	12.0	1439.7	-0.113
CGTAGC	12.0	755.8	-0.113
GGACGC	46.0	2564.4	-0.112
CGCGTA	3.0	318.6	-0.112
TAAAGA	70.0	3868.9	-0.112
ATTTCA	107.0	5645.3	-0.112
GTACAA	19.0	1969.7	-0.112
TTTAGA	80.0	4316.3	-0.111
GTAGAC	25.0	1594.4	-0.111
TGGCTA	39.0	3936.4	-0.111
CGCATT	9.0	755.2	-0.111
CAGGCC	153.0	7964.1	-0.110
CAAAGT	105.0	5755.5	-0.110
AGCCTC	163.0	8987.8	-0.110
GAGGAA	138.0	7237.8	-0.110
TGTCAG	94.0	5666.8	-0.110
CTTTGT	152.0	7913.2	-0.110
CGGCAT	6.0	1036.6	-0.109
CTTGTT	104.0	5548.0	-0.108
TCTATT	55.0	3824.9	-0.108
CAGGTA	39.0	3780.6	-0.108
TTTGCC	77.0	5048.2	-0.108
GGGCGA	52.0	3193.6	-0.107
TCAGTT	86.0	4620.7	-0.107
CACAGC	120.0	6354.8	-0.107
ACCAAG	56.0	3105.9	-0.107
GACACT	38.0	3062.4	-0.107
TATGGC	37.0	2376.6	-0.106
GAGTGG	157.0	8198.7	-0.106
GATTGT	50.0	3351.8	-0.105
TCTGCC	160.0	8364.5	-0.105
GCTGGG	382.0	20101.2	-0.105
TACCCG	10.0	890.9	-0.104
CATAGA	29.0	2324.3	-0.104
CTGAAA	96.0	5137.8	-0.102
GAGTCT	52.0	5311.0	-0.102
CCCGCT	40.0	3044.0	-0.101
TTTGCT	81.0	7714.2	-0.100
AAATGC	53.0	4134.6	-0.100
GTTCGG	15.0	1226.7	-0.099
ACCAGG	95.0	5092.7	-0.099
AAGTCA	64.0	3495.1	-0.099
CCTCGT	8.0	2158.6	-0.099
AACTAG	17.0	1826.2	-0.098
CTATTC	33.0	2214.8	-0.098
CGCAAT	10.0	624.1	-0.098
GATCGT	5.0	823.9	-0.098
TCCAAC	41.0	2325.2	-0.097
GTACTC	24.0	1509.2	-0.097
GTGAGG	184.0	9545.4	-0.097
ATTACG	8.0	507.6	-0.097
GTCAAG	44.0	2487.2	-0.096
GTATAT	84.0	4567.5	-0.096
TAATGA	60.0	3342.7	-0.095
TGGCCA	167.0	8729.7	-0.094
TGGCTC	150.0	8441.3	-0.094
CGCCAT	32.0	1850.1	-0.092
GCTGCT	180.0	9398.5	-0.092
TCGCGT	2.0	688.6	-0.092
TCAGAA	84.0	4714.5	-0.091
ACGCGG	26.0	1527.3	-0.090
GGCTGG	350.0	17803.5	-0.090
AGATAT	65.0	3568.8	-0.090
GGGCTA	30.0	2474.6	-0.090
CTGGTT	75.0	5153.6	-0.090
GATATT	53.0	3331.3	-0.090
ATGCTA	38.0	2179.1	-0.090
GAGATG	128.0	7075.2	-0.089
TAGATC	26.0	1529.5	-0.089
ACCTAC	29.0	1748.2	-0.089
TCGCGC	21.0	1509.2	-0.089
AGCTGG	209.0	11558.2	-0.089
CGTTGT	19.0	1146.5	-0.088
GCACTT	65.0	5029.4	-0.087
TCGTGG	42.0	2400.0	-0.087
TTAAAC	41.0	2920.6	-0.087
CCAAGT	77.0	4217.4	-0.087
ACGAGG	35.0	2024.8	-0.086
TCTCAT	86.0	4648.0	-0.086
CAATGG	61.0	3365.1	-0.086
TGAGTC	69.0	4309.2	-0.085
AAGTCC	53.0	2993.8	-0.085
TGCCAG	107.0	6934.1	-0.085
ATTAGC	59.0	3316.2	-0.084
TTCTCG	27.0	1594.3	-0.084
CAAGGC	77.0	4227.6	-0.084
GCCTGG	294.0	16521.2	-0.083
AATGTC	49.0	3404.1	-0.083
TTAGGC	29.0	2073.9	-0.083
GCAGTG	218.0	11335.9	-0.083
GAACCC	68.0	3780.0	-0.083
GGTTTA	48.0	2935.9	-0.082
CATTAG	43.0	2491.4	-0.082
GTCTAC	26.0	1543.1	-0.081
GAACGC	12.0	1137.5	-0.081
CCACGC	55.0	3111.6	-0.081
CCCTAT	29.0	1842.0	-0.080
GTTGAA	64.0	3540.3	-0.080
CTACGT	12.0	761.6	-0.079
TGGTCA	87.0	4723.1	-0.079
GCTTCT	99.0	5512.9	-0.079
TGGGCC	140.0	8756.7	-0.078
GCCCAC	92.0	5527.9	-0.078
AGCACA	81.0	4461.8	-0.077
GCGCCA	46.0	2638.0	-0.077
AGAGTA	42.0	2517.7	-0.076
TGGTAG	65.0	3605.9	-0.076
TGACGT	23.0	1387.1	-0.076
AATGAT	65.0	3813.1	-0.075
GTTGCC	50.0	4327.0	-0.075
CTCATT	87.0	4737.2	-0.074
CCACCT	153.0	8101.8	-0.074
GTCCAA	18.0	2209.6	-0.074
ATCGCG	11.0	711.7	-0.073
AGAATG	93.0	5220.7	-0.073
CTCTGC	172.0	9042.2	-0.072
ACTGCG	34.0	1998.3	-0.072
CCTAAA	45.0	2598.2	-0.071
ACCGCT	12.0	1118.0	-0.071
GCGCGG	124.0	6642.5	-0.070
TTGGCT	116.0	6264.7	-0.070
CAAATG	59.0	4256.6	-0.070
TGGTGC	124.0	6790.9	-0.070
CAGGAA	123.0	7234.0	-0.070
AGGCGA	24.0	1710.4	-0.070
CGGGGC	171.0	9055.1	-0.070
TGTTGC	106.0	5724.5	-0.070
TACGCG	3.0	357.1	-0.069
ACCACA	85.0	4701.7	-0.069
CACTTC	75.0	4164.3	-0.069
CCACGG	33.0	2490.2	-0.069
CTCGTA	4.0	514.8	-0.068
GATCAC	55.0	3655.3	-0.068
TCTCCA	121.0	6491.6	-0.067
GCCTCA	103.0	7693.4	-0.067
TCATAT	35.0	3093.6	-0.067
AGGCTG	281.0	15813.5	-0.067
GAAGAC	44.0	3255.0	-0.067
GGCATT	67.0	3745.1	-0.066
ATCCCG	23.0	1407.7	-0.065
TGGGCT	169.0	8969.9	-0.065
GAAGCA	82.0	4558.6	-0.064
ATGCTG	105.0	5692.6	-0.064
ATCCAC	56.0	3286.9	-0.064
CTTGGC	124.0	6741.3	-0.064
CAGTCA	49.0	3722.0	-0.063
TGAGCC	173.0	9143.0	-0.063
AGTGCT	131.0	7055.6	-0.063
CCACAT	50.0	4170.2	-0.063
TAAACC	33.0	1965.6	-0.063
GCAAGG	65.0	4361.1	-0.063
CAGCGA	29.0	1818.5	-0.062
ATAATG	58.0	3326.8	-0.062
TCACAT	54.0	4011.4	-0.062
GCGTCT	36.0	2133.7	-0.061
AGTGGA	94.0	5686.4	-0.061
AAGCAC	52.0	3004.4	-0.061
GTCAAT	30.0	1806.3	-0.061
CTCAAT	24.0	2338.5	-0.060
TGCTGC	167.0	8883.3	-0.060
AGACTA	31.0	1864.0	-0.060
TCGGAC	8.0	844.6	-0.060
AGAAAC	58.0	4557.8	-0.060
GTGCCA	112.0	6091.4	-0.060
GGCAAA	52.0	3533.2	-0.059
TCCCAA	122.0	6581.7	-0.059
AGTCTC	87.0	4793.4	-0.059
CGGCCA	47.0	2740.6	-0.059
GGGCAA	54.0	4670.9	-0.059
TCGAGA	25.0	1533.1	-0.059
GCGAAG	22.0	1366.6	-0.059
CCATGC	83.0	4765.5	-0.059
ATGCCT	94.0	5178.5	-0.058
ATAAAG	64.0	3610.0	-0.058
AAATAG	68.0	3827.2	-0.058
ACTAAG	29.0	1759.1	-0.057
GGTTGA	53.0	3070.0	-0.057
CCACTG	148.0	7961.2	-0.057
CTCAAA	93.0	5128.0	-0.057
TTCGGC	13.0	1117.1	-0.057
TGGTTC	65.0	4201.2	-0.056
CGGCTT	30.0	1904.3	-0.056
ACAAGT	46.0	2697.8	-0.055
GCGCAA	16.0	1032.1	-0.055
GCGAAC	6.0	665.6	-0.055
GTATAA	37.0	2207.3	-0.055
TGTAAT	103.0	6578.8	-0.055
TGTAGA	70.0	4206.6	-0.054
CTTAAA	66.0	3731.6	-0.054
AGGGGA	138.0	8648.9	-0.054
TTGCTC	84.0	4708.4	-0.054
CGGACA	19.0	1207.3	-0.054
CATAGT	44.0	2594.6	-0.053
GAGGTA	48.0	3066.2	-0.053
CTACGG	12.0	802.9	-0.053
AGTTTC	85.0	4926.3	-0.053
CTCTAT	36.0	2543.1	-0.052
ATCCAG	65.0	3744.1	-0.052
CAGAGT	82.0	6086.7	-0.051
CTAAAA	86.0	4773.7	-0.051
TGGAGA	138.0	9038.3	-0.051
ATTCCA	73.0	4125.2	-0.051
TCGGCT	36.0	2485.5	-0.051
TGGCGC	58.0	3366.6	-0.050
CCGTGT	50.0	3176.5	-0.049
TAGGCC	34.0	2060.9	-0.049
GCTCAG	123.0	6691.2	-0.049
GCCAGG	234.0	12337.5	-0.048
ACGGGA	20.0	1646.6	-0.048
ACAGGT	91.0	5667.5	-0.048
AGAAAT	107.0	6141.1	-0.048
CTCCTG	263.0	14814.3	-0.048
GGACTG	84.0	5597.4	-0.048
ATAGGG	39.0	2340.4	-0.047
CGTTAC	1.0	473.8	-0.047
ACGCAG	25.0	1770.2	-0.047
CCAGAC	74.0	4196.7	-0.047
TGCTTC	88.0	5251.6	-0.047
TGAAAC	78.0	4785.0	-0.046
CTGTCA	70.0	5945.4	-0.046
TACTCC	32.0	1958.4	-0.046
AATGTG	112.0	6161.7	-0.046
CCCGAG	76.0	4311.4	-0.046
GTGGCG	86.0	5017.6	-0.045
CCCATT	71.0	4083.8	-0.045
GCAACG	13.0	878.2	-0.045
CTATGG	35.0	2289.7	-0.044
ACAATG	56.0	3282.4	-0.044
CCTAGA	43.0	2744.7	-0.044
GTGCTC	78.0	4779.9	-0.044
TCACTT	97.0	5406.4	-0.044
GAAGTT	68.0	3882.2	-0.044
TAGCAC	33.0	2020.6	-0.044
GAGTTT	102.0	5679.7	-0.044
TAGAGA	65.0	5873.7	-0.044
CCATGT	94.0	7073.5	-0.044
TCGCTC	26.0	2069.7	-0.044
CGTTCC	22.0	1449.2	-0.044
AAGCCA	78.0	4431.2	-0.043
AGGTCT	60.0	4020.3	-0.043
TGTCAA	55.0	3278.9	-0.043
AGGAGA	162.0	8856.5	-0.042
TGAAGT	84.0	4763.5	-0.042
TCCGGA	27.0	1690.3	-0.042
ATTTGC	55.0	4140.4	-0.042
CAATGA	47.0	2801.7	-0.042
TGGCCG	25.0	3711.8	-0.041
GTGGCT	183.0	9792.2	-0.041
GATTTC	67.0	3846.9	-0.041
CCCCGG	76.0	6124.3	-0.040
GACGTC	13.0	1184.2	-0.040
CCTTGT	96.0	5378.8	-0.040
CGCTGT	41.0	2644.3	-0.039
TTGATC	35.0	2479.0	-0.039
TGCTTA	45.0	3260.3	-0.039
CCCCGA	18.0	2726.6	-0.039
GAGGCA	134.0	8575.1	-0.039
GTGGCC	115.0	8078.5	-0.039
CGCGAT	11.0	773.5	-0.038
GTATTA	35.0	2366.0	-0.038
ACGGTA	4.0	544.3	-0.038
CAAGGT	73.0	4190.2	-0.037
CATTCC	67.0	3862.8	-0.037
GGTCAG	77.0	6416.5	-0.037
ACGGGG	55.0	3634.4	-0.037
TAGCGA	7.0	525.4	-0.037
TGATCT	86.0	4852.4	-0.036
CTGTTA	50.0	3437.2	-0.036
GCCACC	144.0	7929.1	-0.036
GACACC	53.0	3160.1	-0.035
CGGTAT	4.0	422.5	-0.035
GGACGG	33.0	3056.7	-0.035
TCTCAA	75.0	4866.0	-0.035
TAAAGT	61.0	3617.4	-0.035
CGGGGA	74.0	5488.3	-0.035
ATAGCG	6.0	463.5	-0.035
ACGTAA	3.0	620.2	-0.035
TATCCG	6.0	464.6	-0.034
GCTTCA	68.0	3936.0	-0.034
CTTGAT	51.0	3145.6	-0.034
TTTCAC	77.0	6111.7	-0.034
TCGGCC	38.0	3098.5	-0.033
TGCCAA	57.0	3390.2	-0.033
TTGGTA	51.0	3061.9	-0.033
CAGTTC	66.0	3833.5	-0.033
GGAATC	47.0	2844.5	-0.032
CCGGGA	92.0	5207.7	-0.032
TATTAG	19.0	2476.1	-0.032
ATTAGG	31.0	2440.9	-0.031
AAGTGC	73.0	5649.0	-0.031
TGGTTG	88.0	5016.5	-0.031
ATATTT	148.0	8328.9	-0.031
GCACGG	30.0	2483.2	-0.031
ACTCAG	68.0	4661.0	-0.031
ATTACT	45.0	2744.9	-0.030
AGTCAC	45.0	3301.2	-0.030
TCAGTC	57.0	3408.3	-0.030
CTGTGA	147.0	8093.5	-0.030
GTCAAA	42.0	2579.0	-0.030
AACGCT	7.0	808.7	-0.030
TTTCTG	192.0	10343.1	-0.030
CACTGC	160.0	8770.5	-0.029
GGGCTG	264.0	14620.3	-0.029
TCTCGA	28.0	1799.7	-0.029
TGTTGA	83.0	5507.7	-0.029
ATACAG	48.0	2921.7	-0.029
GCACTA	24.0	1571.8	-0.029
GAGGTC	90.0	5130.3	-0.028
TCTACA	37.0	2933.1	-0.028
ACTGCA	140.0	7790.5	-0.028
GTAATC	47.0	3907.9	-0.028
ATCTCG	26.0	1735.4	-0.028
CGAGAT	22.0	1462.0	-0.027
TGAGAC	107.0	6019.9	-0.027
AATAGG	27.0	2408.5	-0.026
GTCTTG	81.0	5619.6	-0.026
TGCAAC	62.0	3660.9	-0.026
TCATGT	65.0	4691.0	-0.026
CCGTGC	44.0	3040.1	-0.025
GGATTC	41.0	3072.4	-0.025
CGAAAC	1.0	740.2	-0.025
TTGCTA	48.0	2943.6	-0.025
ACAGCC	67.0	4840.2	-0.025
ATCACA	33.0	3752.3	-0.025
GACGCT	20.0	1356.3	-0.025
CGAGGC	50.0	3759.8	-0.024
TCGCAA	6.0	489.0	-0.024
TGCACT	72.0	5337.7	-0.024
GACGCA	9.0	1257.7	-0.024
TCCAAT	38.0	2392.0	-0.024
ATGGTT	61.0	3620.1	-0.024
GTCGTT	9.0	806.2	-0.024
CGGAGA	39.0	2451.7	-0.023
AGGTAC	23.0	2060.5	-0.023
GCGCTC	19.0	2851.3	-0.023
GCACCA	77.0	4508.2	-0.023
CCTACA	36.0	2283.1	-0.023
CTAAAG	34.0	2423.8	-0.023
GTTCAG	63.0	3786.9	-0.023
GCTAAT	43.0	3691.9	-0.023
CTGAAG	100.0	5728.6	-0.023
AAATCC	49.0	3017.4	-0.022
CGCGGT	33.0	2119.8	-0.022
TCTGCT	119.0	6733.0	-0.022
GATTAC	48.0	4937.3	-0.022
TGCGAC	13.0	948.7	-0.022
CCAGCC	222.0	11984.7	-0.022
AGCGTC	21.0	1515.6	-0.022
TAACAT	53.0	3246.4	-0.022
TGGTCT	127.0	7397.8	-0.021
AGCGGA	28.0	1840.0	-0.021
CTCATG	69.0	4763.0	-0.021
TTCAGC	76.0	4471.1	-0.021
TTCTCC	156.0	8642.4	-0.021
GCGCTG	80.0	4694.2	-0.021
TGACAT	60.0	3643.4	-0.021
CCAGGT	141.0	7863.7	-0.021
CCGCGA	21.0	1437.2	-0.020
TCTACT	64.0	3813.2	-0.020
GCTCTA	32.0	2074.2	-0.020
AGGCTA	38.0	2417.6	-0.020
TGTGAT	98.0	7043.7	-0.020
GAAGGC	86.0	4982.2	-0.020
AGTCTT	74.0	4373.7	-0.020
GGCCGT	28.0	2751.5	-0.020
AAGGCC	40.0	4029.1	-0.020
TGTGGC	140.0	8476.0	-0.020
CACGCC	52.0	4042.8	-0.020
CGTGGT	55.0	3376.9	-0.019
CTCTAA	35.0	2567.9	-0.019
TCACTA	34.0	2197.5	-0.019
GAGACA	111.0	6324.9	-0.019
CTAGAA	47.0	3047.7	-0.019
GCACTG	77.0	5686.1	-0.019
GCTCAT	56.0	3577.0	-0.019
GCGTCA	17.0	1209.0	-0.019
TTCATT	115.0	6941.7	-0.019
AAGTTC	42.0	3130.6	-0.018
GTCTGG	117.0	6768.2	-0.017
AACATG	69.0	4947.4	-0.017
TGCGCT	33.0	2155.7	-0.017
CTCTGT	171.0	10988.0	-0.017
CTACTG	31.0	2963.0	-0.017
TCGATA	2.0	283.7	-0.016
GTCGCT	21.0	1462.1	-0.016
GAGTTC	48.0	4420.5	-0.016
GCGCAC	30.0	2337.5	-0.016
GACAGG	116.0	6643.1	-0.016
CTGCTC	104.0	7026.6	-0.016
GCGGAC	28.0	1877.8	-0.016
GCCAGT	67.0	4329.9	-0.016
GCCCAG	231.0	12559.5	-0.015
GGCCGA	52.0	3246.1	-0.015
ATATCC	18.0	1883.8	-0.015
GTTTCA	80.0	5894.5	-0.015
TCTATA	37.0	2400.1	-0.015
GGTAGA	28.0	3106.4	-0.015
CATGGC	82.0	4871.1	-0.015
CACCTA	39.0	2517.0	-0.015
AGGCCC	112.0	6434.5	-0.015
CACATC	42.0	3388.1	-0.014
AGTTCT	64.0	4848.1	-0.014
ACTGTG	104.0	7788.9	-0.014
GTCAGC	56.0	3797.2	-0.014
TCCGCC	65.0	4003.2	-0.014
TTCAGT	87.0	5112.7	-0.014
GCCGTG	50.0	3925.1	-0.014
GCAACT	23.0	2241.6	-0.014
GCCAAG	88.0	5170.0	-0.014
CCTATG	33.0	2417.3	-0.013
AAGACA	35.0	4002.1	-0.013
GACAGT	62.0	3775.7	-0.013
GCTACT	58.0	3606.8	-0.013
GTTTCT	124.0	7242.4	-0.013
TATCCC	31.0	2156.3	-0.013
TACAAC	23.0	1605.9	-0.013
ACGTCA	15.0	1121.3	-0.013
TACTCG	10.0	1022.4	-0.013
GGCGCA	47.0	3134.9	-0.013
ACTACG	6.0	533.3	-0.013
ATCGTG	19.0	1369.6	-0.013
CTCGGC	79.0	4737.9	-0.013
ACTCGG	31.0	2079.5	-0.013
CCGAGC	46.0	2940.9	-0.013
ATGCCC	49.0	3768.9	-0.012
CTCGGT	24.0	1826.7	-0.012
ACGCCC	35.0	2364.1	-0.012
GGATAT	40.0	2602.5	-0.012
CCAGTG	121.0	6927.3	-0.012
ACCTAG	23.0	2087.1	-0.012
GAGTAC	25.0	1733.3	-0.012
TCAGTA	42.0	2718.3	-0.012
GTTGAG	60.0	3745.2	-0.011
ATTGCT	69.0	4197.4	-0.011
AATGGT	48.0	3504.4	-0.011
TAATAG	35.0	2335.0	-0.011
CGCTCA	23.0	1630.4	-0.010
CCATTG	61.0	3811.2	-0.010
GAAGTC	51.0	3255.2	-0.010
CCCGGC	129.0	7420.7	-0.010
CCCGGA	42.0	3347.6	-0.010
CGCAAC	7.0	741.9	-0.010
AGATCG	18.0	1336.8	-0.010
GGCTAT	29.0	1998.9	-0.009
CGCTAT	3.0	550.3	-0.009
CTAGTG	36.0	2411.2	-0.009
TCTAAT	40.0	2710.5	-0.009
GCAATG	50.0	3217.3	-0.009
CGGATC	14.0	1267.3	-0.009
TGGTGA	149.0	8467.5	-0.009
AGTCCC	56.0	4923.6	-0.009
GTCTCG	16.0	2972.2	-0.009
TAATGT	62.0	3847.4	-0.009
ACATCC	40.0	3058.5	-0.009
GGTTGC	58.0	4031.2	-0.009
AATGCT	61.0	3794.7	-0.009
CTACTA	31.0	2580.0	-0.008
CTCAGT	78.0	5413.4	-0.008
TCGGGA	36.0	2433.0	-0.008
TTGCTG	77.0	7405.7	-0.008
TAAGGC	27.0	1955.7	-0.008
GTTCTA	30.0	2423.5	-0.008
GATATG	41.0	2998.8	-0.007
GTATCA	22.0	1840.2	-0.007
GCTGGT	94.0	8175.3	-0.007
ATCATG	53.0	3618.5	-0.007
TCGTTA	5.0	578.2	-0.007
TTGAGA	106.0	7028.2	-0.007
CCGAAA	9.0	899.4	-0.007
ATGGTG	113.0	7865.3	-0.007
TGGTAT	52.0	3373.3	-0.007
ACAGTG	113.0	6667.6	-0.007
GTTAGC	25.0	1949.9	-0.007
CCCAGA	125.0	7297.0	-0.006
CACGGT	14.0	1908.7	-0.006
CTCCTA	41.0	3136.5	-0.006
CGTTGC	4.0	1171.3	-0.006
GCCGAA	13.0	1062.3	-0.006
GTCTCT	110.0	7056.8	-0.006
GCCTAT	27.0	1936.5	-0.006
AGAGTT	66.0	4142.8	-0.006
CGCACT	16.0	1264.6	-0.006
CACTTA	42.0	2827.3	-0.006
TGCCCG	60.0	4194.0	-0.005
GGTCTC	72.0	6587.4	-0.005
ATCACG	16.0	1270.4	-0.005
ATCCGC	9.0	1407.3	-0.005
CGGGTA	12.0	1012.6	-0.005
CCCGGG	134.0	9264.4	-0.005
CTCGTT	9.0	1082.7	-0.005
CAGGGA	157.0	9067.1	-0.005
AAACAG	78.0	4852.7	-0.005
GGAGAT	66.0	5681.2	-0.005
TGCTCC	82.0	5652.8	-0.005
CCCAGC	257.0	14278.0	-0.005
GCTCCA	64.0	5009.2	-0.005
TGATAT	43.0	3322.5	-0.005
CAATTC	34.0	2542.0	-0.005
CCGGGT	64.0	4294.1	-0.005
CAATCC	28.0	2027.1	-0.004
CCGAAG	20.0	1540.0	-0.004
GATTGC	42.0	2858.8	-0.004
CCAAGC	56.0	3676.7	-0.004
ACTACA	45.0	3132.3	-0.004
AGTTCA	58.0	3944.1	-0.004
AGGCCG	67.0	4254.5	-0.004
AATGAC	22.0	2737.4	-0.004
CTGCCA	114.0	6823.9	-0.004
ACCCCG	49.0	3276.9	-0.004
GGTATC	22.0	1671.5	-0.004
AATCCG	7.0	685.5	-0.004
GTGATA	16.0	3011.8	-0.004
TACAGC	34.0	2507.9	-0.004
GAACTC	51.0	4086.6	-0.004
TGGGAT	144.0	8966.6	-0.004
GAATCA	42.0	2876.7	-0.004
ACTATG	33.0	2346.8	-0.004
CTGTAA	86.0	6332.5	-0.004
GCCCGG	130.0	7699.3	-0.004
AATCAC	39.0	2704.8	-0.004
CGAGTC	9.0	1289.1	-0.004
CTGCAA	92.0	5801.8	-0.004
CGCCTA	4.0	864.1	-0.003
CACCAC	108.0	6733.4	-0.003
GCTAGT	11.0	1633.2	-0.003
CTCGAA	10.0	1326.4	-0.003
TCTCTA	52.0	4988.5	-0.003
CATATC	25.0	1886.6	-0.003
GCGGAA	22.0	1703.7	-0.003
TCCCGG	80.0	5060.1	-0.003
GGCTCA	137.0	8537.3	-0.003
ACAAGG	54.0	3622.8	-0.003
GGCCTC	139.0	9266.4	-0.003
CGTGGC	59.0	3924.7	-0.003
GGCTAA	19.0	3444.6	-0.003
CTGCGC	33.0	3981.0	-0.002
TCGCGA	5.0	565.9	-0.002
AGAGTC	50.0	3681.2	-0.002
CGACAG	4.0	1451.5	-0.002
CCGGGC	117.0	7457.2	-0.002
GCGAAT	5.0	569.8	-0.002
ATTACA	84.0	6490.8	-0.002
GCGGAG	88.0	5510.9	-0.002
AGACCC	69.0	4473.5	-0.002
CTAATA	26.0	1986.1	-0.002
CGACAT	5.0	573.5	-0.002
GGCAAT	30.0	2233.7	-0.002
TAGGGA	51.0	3605.9	-0.002
TCACGT	13.0	1628.0	-0.002
AGTAGA	62.0	4335.1	-0.002
GTATTC	32.0	2363.3	-0.002
AGCCAC	80.0	6775.5	-0.002
GCACTC	60.0	4024.9	-0.002
ACATCG	7.0	744.5	-0.002
ACGCCT	27.0	2358.4	-0.002
TTCGCT	12.0	1105.8	-0.002
GGCCAA	75.0	4867.2	-0.002
TGCTAC	27.0	2078.8	-0.002
GATATC	16.0	1379.3	-0.002
GTTCAA	66.0	4358.5	-0.001
GAATGA	65.0	4300.3	-0.001
GGCGAA	14.0	1254.5	-0.001
CTAATG	33.0	2460.4	-0.001
CGCGGA	26.0	2032.1	-0.001
GCCGAG	53.0	4871.9	-0.001
CAATGT	46.0	3250.4	-0.001
AGGACA	73.0	5101.3	-0.001
GAGATC	55.0	3791.6	-0.001
TGAGGC	139.0	8388.5	-0.001
AAAGTG	110.0	7373.0	-0.001
GTCAGG	104.0	6776.2	-0.001
ATGGTA	40.0	2903.9	-0.001
CTACAG	55.0	3797.2	-0.001
GGTATT	33.0	2728.8	-0.001
GGTCAA	31.0	2363.7	-0.001
ATGGCG	29.0	2329.7	-0.001
GCTGAA	60.0	4360.1	-0.001
CATTTC	87.0	5576.0	-0.001
AAGAGT	50.0	3524.9	-0.001
ACATGG	83.0	5409.4	-0.001
CTGGTC	101.0	6400.3	-0.001
GAAACA	65.0	4362.8	-0.001
GTCGCG	13.0	1312.3	-0.001
TTACGC	3.0	443.8	-0.001
ACCACT	47.0	3362.8	-0.001
GTTATC	21.0	1758.2	-0.001
GCCAAC	32.0	2819.9	-0.001
CAGCCA	109.0	6832.7	-0.001
GTTCTC	63.0	4263.5	-0.001
ACCACG	28.0	2210.2	-0.001
AACCCC	60.0	4149.0	-0.001
AAGACC	42.0	3093.2	-0.001
ACCTCG	26.0	2095.9	-0.001
TTCAAC	30.0	2415.7	-0.001
GTAAGC	22.0	1845.6	-0.001
GAAATC	39.0	3006.7	-0.001
CATTGT	64.0	5124.7	-0.001
AAACCC	46.0	4414.4	-0.001
AACCAC	35.0	2782.0	-0.001
CTCCAA	50.0	3917.0	-0.001
GCTCGG	36.0	3183.1	-0.001
AGTTCG	6.0	1234.9	-0.001
CAGTGT	114.0	7203.8	-0.001
CGAAGT	7.0	954.6	-0.001
GAGATT	57.0	4030.1	-0.001
GCTGAG	167.0	10930.0	-0.001
TGGCGA	19.0	1678.3	-0.000
CGCCCA	51.0	3678.5	-0.000
CACGGC	12.0	2119.1	-0.000
TCAGCC	113.0	8152.2	-0.000
CGATAT	2.0	377.4	-0.000
CTGGGC	243.0	14454.5	-0.000
GACATC	27.0	2237.4	-0.000
AGCGAA	8.0	932.8	-0.000
CTAACG	3.0	499.0	-0.000
ACAGGG	102.0	6756.9	-0.000
TCGTGA	16.0	1516.7	-0.000
ACACGG	21.0	1861.0	-0.000
GGTCTA	9.0	1732.2	-0.000
CAACGT	3.0	910.0	-0.000
ACGACA	1.0	669.7	-0.000
CGGTCA	9.0	1034.5	-0.000
CTACAT	27.0	2277.1	-0.000
CAATGC	25.0	2150.8	-0.000
CTGGTA	38.0	2980.1	-0.000
CGACTG	10.0	1136.4	-0.000
ATCCCA	55.0	6026.2	-0.000
GCGATA	2.0	417.3	-0.000
ATGGCT	63.0	4510.3	-0.000
GGCTGA	121.0	8476.8	-0.000
CGAATG	5.0	756.0	-0.000
GACATA	13.0	1833.4	-0.000
ACTGGT	43.0	3388.8	-0.000
CCAGGC	230.0	13851.5	-0.000
TGCTGA	96.0	6556.4	-0.000
TGAGAT	86.0	6003.8	-0.000
CTATGT	43.0	3466.8	-0.000
GCCAAT	21.0	2037.6	-0.000
TCTCGT	11.0	1330.8	-0.000
GCTACG	4.0	734.6	-0.000
CCTGGT	97.0	7234.7	-0.000
TGCGCC	38.0	3209.2	-0.000
GCTCAA	34.0	3173.7	-0.000
TCGCTA	1.0	517.4	-0.000
CCAATG	14.0	2499.5	-0.000
CGCTAC	2.0	666.3	-0.000
CGCGAA	2.0	559.8	-0.000
CCGACA	5.0	965.0	-0.000
ACATAG	29.0	2700.0	-0.000
TAAGCC	18.0	2202.7	-0.000
AATGCC	31.0	2924.0	-0.000
CGCCAA	7.0	1134.5	-0.000
GCGACA	2.0	1219.9	-0.000
CTCGTG	21.0	2438.9	-0.000
CATGGT	68.0	5868.8	-0.000
TGCTCG	6.0	1632.6	-0.000
GTTGCT	42.0	4278.2	-0.000
AATCCC	48.0	5048.9	-0.000
CGCGAC	0.0	900.7	1.000
TTACCG	0.0	593.3	1.000
ACGCGA	0.0	458.1	1.000
GTCGAA	0.0	405.6	1.000
CGACAA	0.0	525.5	1.000
CGACAC	0.0	792.3	1.000
TACGGT	0.0	644.5	1.000
ACGCTA	0.0	361.6	1.000
