OligoSequence	Target Occurences	Background Occurences	Enrichment(ln p, up to 2 mismatches)
TGGAAT	73.0	6324.5	-35.175
AACGAT	28.0	955.5	-34.842
TCGTAG	24.0	736.0	-33.801
CGATAC	14.0	474.3	-31.941
CTCGCT	36.0	1944.7	-30.718
GACACT	48.0	3606.1	-29.580
TGCATG	78.0	8025.3	-29.386
ATACAG	56.0	4797.9	-29.315
AAAAAA	239.0	36975.1	-28.765
ACTGAG	64.0	6051.4	-28.162
AATGCA	60.0	5516.3	-27.997
ACGATC	21.0	705.4	-27.763
GCGGTA	23.0	896.5	-27.627
AAAGCT	60.0	5578.0	-27.587
ACAGAT	60.0	5589.6	-27.509
TACAGA	66.0	6572.8	-27.314
GAGGAT	58.0	5270.4	-27.178
TTCCGG	36.0	2248.2	-26.859
CCCTCG	34.0	2135.2	-26.595
AAGCGT	25.0	1224.5	-25.410
TTCGTA	21.0	830.3	-24.884
GCATGC	54.0	5199.7	-23.988
AGCGTT	25.0	1329.4	-23.767
GCGTTA	18.0	603.3	-23.710
GTACAC	39.0	3001.4	-23.706
TCCGGG	39.0	3094.7	-22.891
ATACCG	11.0	660.9	-22.857
TGCAGT	56.0	5777.5	-22.789
GCATGG	50.0	4882.0	-22.451
ATCAGA	51.0	4896.5	-22.363
GTAGAC	38.0	3053.5	-21.883
AAAGTC	46.0	4270.2	-21.687
AATCAG	45.0	4126.9	-21.451
TCGCTT	23.0	1274.3	-21.059
CGTTAT	18.0	738.1	-20.687
CGGCGT	22.0	1194.4	-20.470
GGAATC	37.0	3075.5	-20.366
GAAACC	48.0	4860.0	-20.275
AGACAC	51.0	5285.3	-20.024
CATGGA	52.0	5510.5	-19.864
ACACTG	51.0	5508.3	-18.802
CAGATG	58.0	6745.3	-18.782
GAACGA	22.0	1320.7	-18.742
ATGGAA	60.0	7198.6	-18.667
GACGAT	8.0	962.0	-18.169
GACTGG	46.0	4842.7	-18.147
GAATGC	40.0	3906.0	-18.140
AGTGTA	42.0	4276.2	-18.126
ATTCGT	20.0	1117.3	-18.110
TCGACA	17.0	774.0	-18.052
GTATAC	4.0	2271.4	-17.697
ATACTG	29.0	3426.7	-17.586
GGTAAT	31.0	2606.2	-17.584
AGGATG	58.0	7036.7	-17.457
GTACGA	15.0	599.6	-17.447
GGAACG	26.0	1873.8	-17.214
ACCCGC	24.0	1732.1	-17.164
GTACGC	3.0	643.5	-17.141
GAATCA	35.0	3347.2	-17.111
CCGCCG	32.0	2838.4	-17.063
AGGCGA	25.0	1898.4	-16.967
CACGTT	22.0	1482.9	-16.817
TTGATC	34.0	3217.9	-16.801
CGATGC	17.0	1193.0	-16.738
CGCATG	10.0	1597.1	-16.622
CGCTAA	15.0	649.5	-16.470
CTTGAT	40.0	4189.1	-16.418
TAGACG	17.0	876.3	-16.384
CCCGCT	11.0	2220.4	-16.338
ATGCAT	53.0	6488.6	-16.068
AGCTCG	23.0	1717.7	-15.856
GAATGG	17.0	5465.7	-15.554
CCGTCG	12.0	798.5	-15.121
CAGTAC	32.0	3119.4	-15.099
AAACCA	52.0	6517.9	-15.013
AGTACG	15.0	741.9	-14.898
CGTCGT	13.0	531.1	-14.785
AGGGCA	48.0	5958.5	-14.638
CTGAGG	58.0	7837.4	-14.250
CGTTGC	1.0	1164.3	-14.154
TACTGA	35.0	3830.1	-14.147
CCGGCG	4.0	2287.6	-14.137
ACGATA	14.0	676.4	-14.114
GCGCTA	15.0	794.5	-14.085
GATCTT	37.0	4036.8	-14.071
AGCAGA	56.0	7677.0	-13.997
GACCGT	18.0	1190.4	-13.951
CGGTAC	14.0	688.0	-13.936
CCTCGA	22.0	1776.6	-13.927
AGTGCC	36.0	3874.5	-13.905
ACGACC	16.0	933.8	-13.861
GCGATC	16.0	937.2	-13.821
ATCGAT	5.0	1012.4	-13.811
TGCAAT	7.0	3662.5	-13.804
GTCCTA	26.0	2273.1	-13.797
AGTGCA	13.0	4538.2	-13.782
GGCGTT	20.0	1492.6	-13.758
ATGACC	32.0	3362.2	-13.595
ATGTGC	43.0	5349.8	-13.585
TGATAG	34.0	3744.0	-13.571
AAGCTC	33.0	3560.0	-13.535
GTCGTA	4.0	447.5	-13.530
AGACGA	20.0	1518.7	-13.515
TAAGTC	27.0	2490.9	-13.451
ATGCAG	47.0	6049.5	-13.343
CTATAC	23.0	2012.0	-13.291
GACCCG	23.0	2033.3	-13.115
CTCGAT	11.0	851.4	-13.086
ATTCCC	33.0	3643.3	-13.073
ACGTAA	16.0	1001.7	-13.016
CAGAAT	46.0	5918.1	-12.988
GCATGT	28.0	6260.2	-12.907
AAGTCA	40.0	4877.3	-12.891
GTTCGA	12.0	1220.5	-12.850
CGCTGC	31.0	3306.1	-12.841
GCAGAA	49.0	6637.1	-12.774
CTTCCG	25.0	2417.4	-12.767
TTACCC	25.0	2420.9	-12.746
ACGCAA	15.0	896.9	-12.704
GGCGGT	23.0	2089.9	-12.687
GATCGA	6.0	910.3	-12.523
GGACAG	50.0	6949.7	-12.463
GGAGGA	75.0	11916.5	-12.442
TATTGC	28.0	2826.5	-12.408
CGTACG	10.0	352.5	-12.391
CGACCT	17.0	1197.3	-12.373
CGATCT	15.0	924.7	-12.355
AATGCG	10.0	1015.2	-12.294
ACGGAA	10.0	1396.5	-12.289
TGCCAG	46.0	6121.1	-12.187
ATACGG	3.0	624.1	-12.139
GTTCCA	37.0	4452.1	-12.008
GTTAGA	8.0	3417.1	-11.878
ACGATG	10.0	1240.6	-11.873
GGCGAG	29.0	3102.4	-11.869
TGGAGC	47.0	6440.0	-11.831
CTGGCG	27.0	2741.5	-11.819
GCCGAC	17.0	1260.0	-11.756
TGGAGT	15.0	6360.7	-11.714
CGACAC	11.0	964.8	-11.707
CTCGAC	14.0	848.9	-11.695
TAATGC	27.0	2768.6	-11.658
TTTAAC	35.0	4324.0	-11.656
CCTGCT	49.0	6950.6	-11.646
CTTCTG	55.0	8143.1	-11.608
TACACC	22.0	2075.5	-11.574
CGAAAC	5.0	971.0	-11.557
GATACA	32.0	3744.1	-11.536
GATGTG	44.0	5858.2	-11.494
TGCGAT	15.0	1003.9	-11.448
TTTGGG	54.0	7962.0	-11.419
ATCTAT	32.0	3779.8	-11.366
CCCGTC	18.0	1458.5	-11.317
TGAACG	13.0	1341.9	-11.286
AGTATG	33.0	4006.6	-11.242
CATGCT	39.0	5050.7	-11.239
TAGTAT	30.0	3411.6	-11.237
CGATCC	12.0	938.8	-11.214
GATACC	13.0	2021.1	-11.168
AGACCG	18.0	1490.5	-11.041
TACCCG	2.0	973.2	-11.025
ATTCCG	3.0	959.5	-10.941
CTATTG	27.0	2893.6	-10.937
CCTCAC	32.0	3879.7	-10.887
CCGTAC	1.0	625.4	-10.868
AGCGTA	12.0	658.0	-10.864
GCGTAT	12.0	659.5	-10.850
CGTGGA	24.0	2558.5	-10.735
TGTACA	41.0	5618.9	-10.727
ATGCCC	24.0	4007.7	-10.722
CCGTCC	19.0	1699.5	-10.660
TTTTCA	60.0	9468.5	-10.631
TGGCGC	23.0	2400.2	-10.589
CGTAGT	13.0	809.4	-10.570
GTTTCG	15.0	1093.0	-10.528
TCGACG	1.0	492.5	-10.503
TGGGAG	60.0	9519.8	-10.492
GACCTG	38.0	5022.1	-10.485
GCAGTA	9.0	3193.8	-10.456
GATGCA	25.0	4267.8	-10.449
CGCAAA	15.0	1100.0	-10.449
GCTCGC	21.0	2069.6	-10.441
GTTAAA	36.0	4614.4	-10.396
CGCCGG	22.0	2253.6	-10.395
GTGGAA	43.0	6162.8	-10.390
AGCATG	38.0	5527.7	-10.358
TGGGTT	46.0	6639.5	-10.338
GAACGT	11.0	1264.6	-10.224
CGGGCA	22.0	2295.2	-10.135
CCCGCC	36.0	4727.3	-9.943
TACCCT	24.0	2697.3	-9.943
TTTTTT	249.0	52875.8	-9.879
GCTTGT	35.0	4753.6	-9.839
AAGTGT	40.0	5647.0	-9.811
AGCGGG	26.0	2913.9	-9.809
AGCCGA	14.0	1832.3	-9.793
CAAGCG	16.0	1327.4	-9.787
CGCTCG	7.0	1424.1	-9.779
TTTGAC	32.0	4147.3	-9.701
ATGCTG	43.0	6378.5	-9.665
GGATGG	49.0	7571.5	-9.663
CGTAAA	1.0	844.9	-9.651
TGCGAG	2.0	1869.6	-9.651
GCAGCT	43.0	6387.4	-9.637
ATAGCG	11.0	626.7	-9.624
TCGATG	14.0	1041.2	-9.611
ACCAAA	38.0	5257.8	-9.600
GATACT	15.0	2534.4	-9.525
TGCACG	21.0	2217.8	-9.515
CGGGAA	24.0	2786.1	-9.469
CGAATG	9.0	1283.0	-9.446
TGCGGC	20.0	2048.6	-9.442
GCCCGT	15.0	1551.8	-9.389
TCGTGA	15.0	1219.6	-9.375
TGGAAC	38.0	5332.9	-9.331
CCCCCG	5.0	2708.8	-9.326
AACCTC	26.0	3010.5	-9.318
TCGCTG	20.0	2070.2	-9.310
GCTAAA	27.0	3211.6	-9.303
TAGACA	30.0	3829.2	-9.278
CCGTGG	24.0	2825.2	-9.268
GCAGAT	9.0	4924.2	-9.227
GAGGTA	30.0	3848.6	-9.198
CATGCA	16.0	6384.0	-9.187
ATGCCG	11.0	1145.2	-9.178
ACAAAC	41.0	6064.4	-9.176
CGTAAG	12.0	801.4	-9.126
GTATGC	26.0	3051.7	-9.121
CGTAGA	11.0	867.4	-9.111
GCGGCG	31.0	4083.1	-9.095
AAAAGC	41.0	6096.4	-9.072
CCGACT	16.0	1417.9	-9.072
GTAAAC	8.0	2954.1	-9.019
AGATGT	41.0	6114.3	-9.014
CGTGAA	17.0	1592.4	-9.011
TTCACC	25.0	3074.7	-9.007
CACGGA	5.0	1845.6	-8.957
CGTAGC	13.0	964.6	-8.937
TGAATG	31.0	6940.9	-8.915
AACGCT	2.0	1169.4	-8.869
CAGTGC	38.0	5469.7	-8.858
GTCGAC	1.0	515.7	-8.856
CAATGC	24.0	2909.3	-8.852
CGTGTA	6.0	1424.1	-8.849
CACTGA	39.0	5707.5	-8.829
TGCGGT	2.0	1681.8	-8.793
TAGTGT	21.0	4059.1	-8.791
ACGAAC	1.0	795.2	-8.776
GGACAC	10.0	4011.2	-8.766
AATGCC	18.0	3672.4	-8.715
TGTTAA	37.0	5285.0	-8.711
GGGAGG	74.0	13268.5	-8.707
CCCCCT	33.0	4632.8	-8.648
ACCCTC	4.0	3557.3	-8.645
GATGCG	3.0	1329.5	-8.642
CATCTA	25.0	3154.7	-8.636
ACCGAT	2.0	776.7	-8.613
CATGAC	26.0	3159.2	-8.612
GTGCAT	38.0	5553.5	-8.582
ATGCGG	15.0	1320.1	-8.563
TTAAAG	49.0	7989.5	-8.499
GTTCCG	16.0	1497.5	-8.488
GAATCC	9.0	3013.1	-8.480
TAACGA	12.0	865.2	-8.475
CTCACG	16.0	1501.9	-8.460
CTCGGC	21.0	2412.4	-8.423
GGAATG	38.0	5605.8	-8.413
GGGTTT	45.0	7032.7	-8.409
GTTGGA	34.0	4925.3	-8.399
CATTCG	13.0	1026.3	-8.377
CCCGAC	6.0	1540.2	-8.355
CTCGTA	10.0	600.5	-8.331
ACGCTG	15.0	2025.0	-8.306
TTTTTC	69.0	12344.4	-8.285
ACGCTA	1.0	576.4	-8.284
CCCGTG	22.0	2640.4	-8.244
GCCCTC	31.0	4305.4	-8.238
TACGAT	1.0	700.8	-8.225
CGACTG	15.0	1367.3	-8.217
ACGTAG	13.0	1045.5	-8.212
CGAACG	7.0	472.9	-8.197
ACGTTG	14.0	1206.4	-8.194
CTGAAA	43.0	6876.6	-8.162
GCCCGC	7.0	3159.6	-8.137
TACCAT	18.0	3292.4	-8.102
AGGAAT	39.0	5941.9	-8.091
AAACCG	1.0	1386.8	-8.079
TCGTAC	9.0	491.1	-8.077
TGACAG	12.0	5738.6	-8.067
AATGCT	32.0	5497.8	-8.061
TGACGC	1.0	1152.8	-8.057
GCATGA	28.0	3716.4	-8.013
CACCCG	19.0	2112.7	-8.003
AATTGA	34.0	5051.8	-7.973
AACCAA	36.0	5293.0	-7.935
GGAATT	36.0	5297.3	-7.918
AAACGA	16.0	1584.5	-7.907
TGTGTT	59.0	10327.2	-7.892
GTGTGG	49.0	8236.4	-7.868
GGTAGA	30.0	4192.9	-7.847
CGTGAG	19.0	2141.3	-7.847
GCGTTT	8.0	1777.0	-7.844
ACTGAT	12.0	3596.1	-7.837
CGGCGA	3.0	1371.3	-7.785
GGCATG	33.0	4882.9	-7.777
GCAGTG	41.0	6539.0	-7.745
TAACGC	6.0	538.6	-7.692
GACGTA	4.0	728.6	-7.688
GGAGTT	35.0	5372.4	-7.684
CGGTAA	11.0	801.8	-7.672
TTGCAA	32.0	4690.2	-7.663
GATCCG	1.0	1213.3	-7.660
GCATTG	3.0	3902.1	-7.653
AAGCTG	41.0	6579.0	-7.637
GAACGC	15.0	1455.1	-7.613
AACGCA	13.0	1120.4	-7.605
GATCGT	2.0	918.1	-7.590
GTGATA	24.0	3191.9	-7.584
ACACCG	4.0	1316.4	-7.560
GAGCAG	48.0	8106.9	-7.560
GTACAG	10.0	3880.0	-7.540
AACGAA	15.0	1467.5	-7.533
ATTGCC	2.0	2817.1	-7.519
TTGACT	29.0	4076.8	-7.474
TTAACG	10.0	811.8	-7.474
TAAACG	13.0	1137.0	-7.473
AAGTCG	6.0	1135.4	-7.471
ACGAAA	14.0	1304.3	-7.469
GAAACT	29.0	5599.6	-7.433
ACCGGG	2.0	1801.9	-7.410
ATTGGA	32.0	4769.6	-7.401
CAAAGC	32.0	4771.6	-7.395
TCACGA	12.0	989.1	-7.368
AATTGG	28.0	3887.4	-7.363
TGGCAT	32.0	4783.2	-7.357
TCCGAT	1.0	813.4	-7.331
CGAGCT	18.0	2056.6	-7.293
GTGTTG	35.0	5500.7	-7.292
CCCCCC	35.0	8087.3	-7.267
TCCCCG	23.0	3068.1	-7.228
GATAGC	20.0	2460.1	-7.216
CCTTCT	40.0	6492.4	-7.207
CCATGA	31.0	4602.5	-7.203
CCGACC	14.0	1345.7	-7.192
ATGCTC	27.0	3723.1	-7.165
AAGACG	15.0	1527.3	-7.152
GGAGGT	37.0	5787.5	-7.147
CAAAAG	38.0	6035.2	-7.127
TACACT	14.0	3308.6	-7.125
GGGCAC	27.0	3736.5	-7.119
CATCGA	4.0	1218.0	-7.108
AGTGTT	38.0	6044.6	-7.100
GACACG	8.0	1658.8	-7.092
GCACGT	14.0	1814.1	-7.082
CGAGGC	23.0	3112.9	-7.050
GTATGG	25.0	3546.8	-7.019
CCGGGG	29.0	4211.8	-7.003
ATGCTT	19.0	5954.0	-6.998
CAATAC	5.0	2119.9	-6.975
GCTTCT	39.0	6335.6	-6.970
CTCTCG	15.0	1560.1	-6.948
TACACG	11.0	1051.7	-6.940
AGTCCC	11.0	4266.6	-6.915
ATCTTG	30.0	4468.0	-6.906
CCAAAG	33.0	5172.7	-6.870
GGCAGC	40.0	6624.5	-6.859
GTAACG	10.0	743.1	-6.824
CGATAG	1.0	636.1	-6.809
TAGCGT	10.0	746.0	-6.796
GGATGC	4.0	4685.8	-6.793
GAGTAT	23.0	3177.1	-6.792
TAAAGC	4.0	3960.0	-6.785
GAGTCA	29.0	4277.6	-6.783
TCCATT	34.0	5440.8	-6.779
GAATTG	30.0	4507.3	-6.777
GTTTGA	36.0	5680.2	-6.776
GCTATA	20.0	2558.6	-6.772
ATGCTA	27.0	3850.2	-6.715
ACAGCT	9.0	5676.2	-6.687
ACGTTA	1.0	884.3	-6.667
ACTGGT	25.0	3648.6	-6.647
CAAAGT	33.0	5260.0	-6.616
ATAGAT	39.0	6479.8	-6.597
GACTGA	29.0	4341.5	-6.576
TATATT	43.0	7498.5	-6.570
TCCCGT	16.0	1813.9	-6.569
CCGATG	1.0	1149.9	-6.569
GTTGAA	17.0	4367.5	-6.545
TTGACC	2.0	2747.8	-6.542
TCACCG	14.0	1449.9	-6.537
TGGTAG	7.0	3997.3	-6.535
CATGAA	36.0	5771.8	-6.524
TGAAAC	30.0	4870.1	-6.520
AGTCCG	1.0	1228.9	-6.511
TGTTCA	34.0	5540.7	-6.498
TGGGAT	28.0	7167.3	-6.460
GAATGT	34.0	5556.9	-6.454
GTAACT	22.0	3052.7	-6.454
AAGGGC	29.0	4383.1	-6.443
GACGAC	12.0	1116.4	-6.419
TCGCCG	3.0	1192.3	-6.386
GTTGCA	22.0	3252.0	-6.379
TCAGTA	26.0	3732.3	-6.358
TGCTAA	27.0	3964.6	-6.331
ATGGCA	23.0	4983.5	-6.321
TCCTAA	24.0	3522.5	-6.317
TATACC	18.0	2257.3	-6.314
CAGTCC	8.0	4001.2	-6.279
GATTAG	18.0	2266.3	-6.273
TGCCCG	5.0	2506.5	-6.272
ACGATT	1.0	972.6	-6.264
CTAGTG	8.0	2811.3	-6.230
TCACCC	23.0	3330.4	-6.222
GGTAAA	13.0	4114.1	-6.213
CATTTT	58.0	10903.3	-6.196
TATTCC	23.0	3344.3	-6.170
TTGTAA	34.0	5662.9	-6.167
GTAGTT	24.0	3566.9	-6.165
GGGTTC	25.0	3789.1	-6.165
TTCGTG	15.0	1702.3	-6.156
ACGCCG	4.0	962.2	-6.148
ACACCT	25.0	3794.9	-6.148
TACCGT	7.0	756.6	-6.145
TGGAGG	51.0	9283.0	-6.132
GCAGAC	28.0	4255.5	-6.128
TGCTCG	7.0	1688.6	-6.123
AGGAGT	33.0	5439.6	-6.118
ACAGCA	38.0	6434.1	-6.088
ACCTGC	30.0	4736.4	-6.083
GCGCAA	11.0	994.1	-6.082
TTCCAT	34.0	5696.7	-6.081
ACGAAT	11.0	995.6	-6.075
GAAAGT	34.0	5699.6	-6.072
CACGCA	17.0	2112.7	-6.061
GCTCGT	10.0	1204.4	-6.047
TACGTA	11.0	999.8	-6.047
TAAGCT	21.0	2945.1	-6.046
GTGGTA	9.0	3722.0	-6.038
GAGCGT	7.0	1626.3	-6.037
CTGATG	21.0	5350.6	-6.005
CGTGAT	1.0	1210.1	-6.002
TACGCA	1.0	662.7	-5.994
GTGCCA	28.0	4300.8	-5.990
GTGGAG	42.0	7497.0	-5.988
CCGGGA	18.0	3829.3	-5.988
CCATAA	21.0	2960.0	-5.988
CTGGTG	38.0	6481.5	-5.976
TATGCA	32.0	5256.2	-5.961
AAACAA	57.0	12840.8	-5.950
ACTCAA	23.0	3409.2	-5.945
GACCCT	5.0	4007.0	-5.943
CGAGGT	3.0	1981.5	-5.932
GGGGAG	54.0	10211.6	-5.930
GCCTGT	33.0	5510.1	-5.929
CAAAAA	27.0	9181.2	-5.880
TTGTGT	51.0	9412.7	-5.878
GCACGC	18.0	2357.0	-5.876
CAGATA	20.0	4443.5	-5.866
ATGGCC	27.0	4113.1	-5.860
GAGTGT	36.0	6030.1	-5.857
CCGTGA	15.0	1763.7	-5.845
GAAACG	4.0	1714.1	-5.830
CACTGC	6.0	4570.1	-5.827
AGAATG	37.0	7014.5	-5.825
ATGGAT	10.0	6154.0	-5.822
GAGCAT	18.0	4480.3	-5.821
CCACTG	15.0	5642.1	-5.813
GATAGA	34.0	5804.4	-5.806
GACACC	10.0	3296.1	-5.790
GAATGA	23.0	5902.4	-5.783
CGATAA	3.0	606.8	-5.781
ATGGTA	10.0	3924.2	-5.764
AATTCC	27.0	4146.3	-5.758
GGGAGT	33.0	5579.2	-5.751
CAAACA	41.0	7346.6	-5.750
AGATAC	21.0	3474.6	-5.749
AGCTCC	31.0	5094.7	-5.748
TGAGAG	41.0	7350.9	-5.741
AGTCAT	25.0	3923.4	-5.737
TCAACA	24.0	3697.3	-5.731
GCCGGG	28.0	4389.8	-5.729
CTTAAA	33.0	5601.1	-5.697
TAGACC	12.0	2726.1	-5.696
TTTTCG	2.0	1762.9	-5.690
GTGAGG	9.0	6569.5	-5.686
CTGCGA	15.0	1796.3	-5.685
CCACTC	24.0	3712.7	-5.684
TGATAC	16.0	2650.1	-5.679
CCTCGC	14.0	2095.3	-5.679
GTTCCC	11.0	4170.6	-5.674
TCGGGG	10.0	2493.8	-5.667
CAGCTC	34.0	5863.9	-5.658
TTTTAC	34.0	5864.3	-5.655
GTAGTA	15.0	2654.2	-5.634
TGGAAG	17.0	8362.6	-5.633
GGAAAC	33.0	5626.4	-5.633
TACAGT	13.0	4517.4	-5.632
ACCTCC	24.0	3732.4	-5.621
ATTTTC	46.0	8465.9	-5.618
GTAGAT	12.0	3728.7	-5.618
GATGTA	16.0	3906.6	-5.616
TTCACT	28.0	4430.1	-5.611
AGACGC	14.0	1621.7	-5.591
CGCGGC	1.0	2910.3	-5.588
GCGAGT	14.0	1622.0	-5.586
GTGTAT	42.0	7690.3	-5.575
CACGCT	14.0	1625.8	-5.571
GTGAGA	36.0	6151.0	-5.568
CCATGC	7.0	3987.5	-5.558
GACCGA	1.0	1322.8	-5.553
TATGCT	20.0	3763.4	-5.548
TGCCAT	28.0	4758.3	-5.521
AGGTTA	21.0	3094.0	-5.512
AAACGC	1.0	1296.6	-5.511
CCATAT	21.0	3096.7	-5.501
ACTGGG	33.0	5683.6	-5.493
CAGCAT	32.0	5439.0	-5.489
ATCGTA	2.0	593.7	-5.481
TTGGAA	41.0	7583.2	-5.474
AATTCG	6.0	872.6	-5.464
TACGAA	9.0	747.8	-5.460
GGGCAA	24.0	3785.3	-5.456
AGGTAG	29.0	4723.9	-5.456
GGCGAT	1.0	1239.7	-5.441
TATACG	1.0	663.6	-5.440
TATACA	16.0	5655.2	-5.439
GTCCCC	28.0	4494.9	-5.430
GTCCGA	2.0	973.6	-5.408
ATCCTT	28.0	4505.4	-5.401
CGTACA	4.0	958.5	-5.397
ACCGAC	2.0	911.1	-5.395
GCTGCA	37.0	6484.4	-5.383
AGGTGT	31.0	5243.1	-5.362
CGACCG	1.0	890.1	-5.362
CTAAGG	21.0	3142.5	-5.346
GATCTA	16.0	2074.9	-5.335
GTACGT	11.0	1108.4	-5.335
TGAAAG	39.0	7021.2	-5.333
AGCTGA	37.0	6516.1	-5.311
TCGATT	6.0	899.2	-5.311
GCTAGT	15.0	2212.1	-5.310
ATTGCA	25.0	4069.3	-5.302
CCACTA	17.0	2291.1	-5.294
AAACCT	27.0	4899.3	-5.289
CCGCCC	24.0	4817.2	-5.285
TTCCGT	2.0	1613.1	-5.282
GATTGA	22.0	3390.5	-5.268
GGGATA	22.0	3393.6	-5.258
TCGTAT	4.0	640.1	-5.245
TGATGT	34.0	6038.4	-5.244
ATTCCT	30.0	5048.1	-5.238
GAGGCC	36.0	6295.1	-5.237
TGATCT	25.0	4094.2	-5.230
TAATAT	33.0	5793.1	-5.230
CCCACT	29.0	4816.6	-5.210
GCGGAA	7.0	1854.3	-5.199
GGACGA	3.0	1681.0	-5.187
TCCATC	12.0	4341.2	-5.183
GTTAAC	9.0	2178.8	-5.179
AGCGTG	1.0	2130.0	-5.171
GAATAC	19.0	2755.2	-5.162
AATCCA	11.0	4096.8	-5.161
ACTGGC	23.0	3659.2	-5.142
TGCCCT	33.0	5836.5	-5.130
GGAGTA	17.0	3202.0	-5.129
GTACAT	26.0	4134.7	-5.117
TTGCAT	17.0	5658.3	-5.109
GGATAC	17.0	2343.1	-5.093
TGCCGT	2.0	1321.1	-5.087
CGAATA	9.0	799.5	-5.067
ACCCTA	18.0	2564.7	-5.067
GGTGGA	17.0	6343.4	-5.065
GTGTTT	48.0	9307.2	-5.064
AGCTTG	19.0	4844.7	-5.061
TTCGGC	11.0	1155.7	-5.053
CGCTTC	15.0	1936.5	-5.051
TAATTG	27.0	4397.2	-5.046
CGTTGT	7.0	1183.7	-5.042
CGTATA	9.0	803.8	-5.039
AATCCG	5.0	1095.0	-5.038
CGAAAG	12.0	1346.3	-5.034
AAAGCG	13.0	1539.3	-5.033
CTCACA	30.0	5130.2	-5.032
TCCCAT	27.0	4406.9	-5.023
GTCTCC	27.0	4411.8	-5.009
ACAAAA	25.0	10876.5	-5.001
CGACGC	1.0	892.6	-4.995
TCGGCG	12.0	1354.4	-4.991
CATGTA	31.0	5395.6	-4.991
TGCTCT	38.0	6925.4	-4.991
GACTGT	1.0	4464.3	-4.986
TGTAAT	24.0	5603.9	-4.983
AGTCCT	27.0	4421.7	-4.981
AAAAAC	18.0	9243.5	-4.975
AGGACA	37.0	6675.4	-4.969
GTTGTA	18.0	3446.8	-4.960
GCATCG	12.0	1364.2	-4.939
GATACG	8.0	651.9	-4.937
CTGATA	14.0	3624.8	-4.931
TTTGCA	18.0	7318.1	-4.931
CGTTCG	7.0	495.3	-4.931
AGGCCC	27.0	4443.5	-4.923
GAGGGC	33.0	5928.3	-4.922
GTGCAA	2.0	3406.4	-4.913
GGCGCT	18.0	2608.0	-4.908
CGAGTC	13.0	1567.7	-4.902
CGGGGA	21.0	3850.7	-4.898
GGGTTA	7.0	2861.1	-4.890
CTGACG	5.0	1470.3	-4.880
ACATTT	47.0	9137.4	-4.878
GATGCT	25.0	5599.5	-4.874
ACGCGA	6.0	571.9	-4.864
GAAGGG	40.0	7519.7	-4.856
TTTACC	22.0	3530.3	-4.837
CGGACA	7.0	1287.9	-4.836
GGCGTA	4.0	792.6	-4.823
CCCCTC	31.0	5875.9	-4.810
TGATGC	23.0	3988.9	-4.803
GTGTTC	24.0	4790.4	-4.802
TTTCGG	4.0	1328.2	-4.802
GGTGTT	19.0	4927.5	-4.800
ATGGAG	38.0	7024.2	-4.791
GTATTG	20.0	3089.5	-4.789
ATTTTT	79.0	16994.4	-4.782
TTTTCT	73.0	15406.9	-4.780
CCATTC	22.0	3550.3	-4.779
CGGAAA	7.0	1634.1	-4.778
CATAGC	10.0	2769.2	-4.764
ACCGTC	10.0	1022.5	-4.759
TATGGT	22.0	3558.4	-4.758
GGCACG	5.0	1780.5	-4.750
CTAATA	20.0	3101.5	-4.749
ATACAC	8.0	4233.3	-4.741
TTCGAC	4.0	798.8	-4.738
CGATTG	1.0	1102.1	-4.733
TAACGT	5.0	870.1	-4.732
TGAGGC	32.0	5762.0	-4.730
CAGAGC	39.0	7322.3	-4.724
TCGGCA	11.0	1215.8	-4.722
CCGAAA	4.0	1280.9	-4.720
ATGGAC	7.0	3531.8	-4.709
TGTCAA	23.0	3810.7	-4.706
TATCCG	8.0	681.9	-4.704
AGCTTA	18.0	3050.8	-4.700
CGGGAG	7.0	4412.0	-4.698
CATGTT	14.0	5344.6	-4.695
ACTTAG	14.0	3436.0	-4.688
CTGACA	18.0	4685.8	-4.682
GCAGGT	30.0	5280.8	-4.677
GCGTAA	3.0	504.7	-4.676
TGCAGC	27.0	6038.5	-4.673
GCTCGA	4.0	1179.9	-4.673
TAAGGC	18.0	2677.8	-4.670
CTGGCA	31.0	5538.4	-4.663
AGCTCA	28.0	4794.3	-4.654
GAGGTT	26.0	4308.9	-4.651
CACTTT	31.0	5545.0	-4.649
CTTAGG	22.0	3596.3	-4.648
ACCCGT	3.0	1145.1	-4.638
GGGGGG	46.0	9001.4	-4.635
CCATAG	4.0	2981.9	-4.630
ACTTTG	36.0	6580.5	-4.630
ACCACT	22.0	3604.0	-4.627
GGTAGT	7.0	2642.5	-4.617
CCGGCT	18.0	2694.1	-4.615
TAAACC	17.0	3057.7	-4.613
CGACCC	12.0	1430.6	-4.612
GACCGG	5.0	1783.5	-4.612
CTGTCA	28.0	4815.2	-4.603
TGACGG	11.0	1238.2	-4.600
GTGAAA	20.0	5352.0	-4.598
TTGGAG	23.0	7070.9	-4.597
TGACTG	31.0	5568.4	-4.597
GATGGA	31.0	7197.4	-4.595
ATCTAG	17.0	2480.3	-4.594
CGCTAC	2.0	760.9	-4.582
AAGTCT	26.0	4335.3	-4.581
AATTAG	18.0	3909.4	-4.551
AATGGA	23.0	6727.8	-4.548
GTAATG	13.0	3325.4	-4.542
TCCGGC	1.0	1727.5	-4.542
AGGCGT	2.0	2002.3	-4.536
TTAACC	10.0	2746.1	-4.534
CCGCGA	11.0	1253.0	-4.527
ACCTGG	31.0	5604.0	-4.519
CTCCCT	35.0	6637.1	-4.516
TAGCTG	28.0	4855.6	-4.508
CAGCTG	11.0	7846.7	-4.504
AGCTGC	23.0	6834.1	-4.479
GGTTGC	21.0	3422.9	-4.478
TAGCAT	12.0	4040.6	-4.473
TTGACG	9.0	891.5	-4.459
GTGTTA	13.0	3584.3	-4.456
GTAGGA	16.0	3769.1	-4.447
TGCAGG	18.0	7365.9	-4.442
CTCGCA	2.0	1223.8	-4.440
GCATAC	13.0	2329.3	-4.438
GCCGCG	18.0	2751.2	-4.430
TGGATG	18.0	7374.0	-4.430
CAGTAT	20.0	3611.4	-4.414
ATCCGA	5.0	965.3	-4.412
ACACTA	5.0	2653.7	-4.407
AAAGCA	17.0	8022.3	-4.393
CCATTG	25.0	4412.2	-4.390
TCAGAG	37.0	6966.9	-4.390
ACCGCC	12.0	1602.0	-4.389
TGGGGC	34.0	6444.3	-4.379
GTGCCC	24.0	4173.4	-4.378
ATGCAA	10.0	4747.1	-4.375
AACTGT	28.0	4914.5	-4.370
CTTAAT	22.0	3700.2	-4.360
ACGCAT	5.0	937.7	-4.358
CAGACG	2.0	1718.7	-4.355
GATCAG	18.0	3264.8	-4.353
TGACAC	22.0	3704.6	-4.349
ACATCT	26.0	4432.3	-4.341
TTGCCA	27.0	4679.3	-4.341
GTTAAT	6.0	3579.0	-4.340
GAGTCT	7.0	4429.8	-4.338
CGATCA	8.0	734.4	-4.333
TCTTAG	24.0	4199.9	-4.315
TCCAAT	19.0	3017.1	-4.309
AAGCAG	29.0	7391.8	-4.307
AAGCGG	10.0	1592.1	-4.304
CACTGG	30.0	5450.7	-4.300
AATCCT	22.0	3723.8	-4.299
CTGGAA	16.0	8889.7	-4.296
AGCGAA	11.0	1300.9	-4.292
ATTGAT	27.0	4700.5	-4.292
CGTTAG	1.0	859.9	-4.292
TGAAGG	34.0	6489.9	-4.291
CGAATC	3.0	845.1	-4.290
ACACTT	12.0	4339.9	-4.289
CTGGGG	45.0	8934.6	-4.284
GGTATA	2.0	2753.8	-4.278
CTGCGG	11.0	3452.3	-4.273
ACCCGG	16.0	2354.9	-4.269
CGAAGC	12.0	1506.5	-4.264
CGCTTG	12.0	1508.7	-4.259
CACGAT	9.0	964.2	-4.254
AGTGTC	10.0	4323.8	-4.246
AGTACA	22.0	4545.5	-4.245
ATGCGT	4.0	1306.5	-4.238
CCTTCG	3.0	1782.1	-4.234
TTAGAC	11.0	2419.0	-4.232
TGCCAA	13.0	4192.1	-4.223
AGCGCA	5.0	1733.3	-4.218
ACGCAG	10.0	1740.6	-4.207
AGACTG	30.0	5649.0	-4.190
CTCCCG	20.0	3293.1	-4.183
GCTGAA	26.0	5155.2	-4.180
GATGGG	33.0	6285.9	-4.179
CGAGGA	13.0	2903.5	-4.172
CAAGCT	6.0	3998.6	-4.171
TGGTAA	24.0	4261.0	-4.164
TAGCAG	23.0	4017.3	-4.162
ATACCC	11.0	2397.0	-4.161
CCGACG	1.0	823.9	-4.159
CGCATA	3.0	512.1	-4.149
AATACA	30.0	5523.1	-4.147
TGCCGA	11.0	1334.2	-4.134
ATTAGA	23.0	4029.8	-4.134
TAACTC	17.0	2620.9	-4.131
CTTAAC	7.0	2821.0	-4.129
ACTGGA	30.0	5532.2	-4.127
CGGCAT	3.0	1114.2	-4.109
CATAGA	11.0	4019.0	-4.098
GTGATG	29.0	5291.1	-4.097
TGGTGC	16.0	4781.7	-4.091
GTTTTC	38.0	7399.1	-4.089
AGAATT	37.0	7134.3	-4.081
CCTACT	15.0	2647.0	-4.080
AAGCCG	14.0	1973.8	-4.076
ACACAA	30.0	5560.6	-4.070
GCGTTC	11.0	1350.6	-4.060
CGATTC	5.0	862.7	-4.056
TAGTAG	11.0	2637.6	-4.051
GAAGCG	14.0	1980.7	-4.050
GTCTTA	12.0	3228.3	-4.050
ACTGCA	11.0	4643.4	-4.035
GTAGTG	9.0	3153.9	-4.028
TTGTCT	33.0	6364.5	-4.026
TAGATG	17.0	4717.1	-4.022
TCTATC	18.0	2885.9	-4.020
GACGGA	12.0	1565.3	-4.017
AAACTC	18.0	4255.3	-4.017
ATATAC	25.0	4572.2	-4.014
AAAGTT	36.0	6903.9	-4.014
AACCAT	23.0	4078.7	-4.014
GTTGAC	5.0	2365.6	-4.012
GCTTAG	12.0	3156.7	-4.007
TTTTCC	42.0	8969.3	-4.004
ATAGAC	13.0	2814.3	-3.992
GAGAGG	47.0	9693.5	-3.985
GTTCAC	17.0	2667.9	-3.985
GTGTCG	1.0	1305.8	-3.981
TTAAAC	14.0	4304.1	-3.971
CTCAAC	17.0	2674.5	-3.963
GTCAAA	20.0	3375.7	-3.960
GAAGCT	15.0	5670.7	-3.956
TAGTGC	8.0	2448.3	-3.951
GAGTTT	35.0	6942.6	-3.944
TAATCC	12.0	2929.7	-3.939
TGTTGA	31.0	5888.9	-3.933
CGTTTT	12.0	2161.6	-3.933
TAGATA	31.0	5889.4	-3.931
AAGTCC	21.0	3626.5	-3.929
TCCCGC	12.0	2527.9	-3.926
TCTACA	23.0	4115.5	-3.926
ACCATA	17.0	2780.5	-3.921
ACGGGA	13.0	1800.3	-3.920
CGCCGT	6.0	964.3	-3.919
CCGTCT	3.0	1500.7	-3.914
TGCTAT	23.0	4120.7	-3.914
GTATGA	12.0	3564.6	-3.908
AATTGC	3.0	3369.7	-3.902
CATTGC	10.0	3517.2	-3.902
TTTTGC	16.0	7038.2	-3.891
TAGCTT	13.0	3781.0	-3.887
CGTTGA	9.0	993.8	-3.882
AACTAT	10.0	3189.6	-3.873
TGTCCA	6.0	4587.0	-3.865
TGTACG	2.0	1205.8	-3.865
CTTGCT	14.0	6341.0	-3.862
AACAGA	15.0	6602.8	-3.858
CTCAAA	12.0	5095.6	-3.850
TTCACG	3.0	1245.3	-3.848
TCTCGG	13.0	1820.0	-3.848
CGGCCC	7.0	2625.1	-3.847
ATCAAG	20.0	3419.3	-3.845
TAACTT	24.0	4398.2	-3.844
AGTATA	22.0	3906.7	-3.838
ATGTAG	10.0	4904.9	-3.835
GCTAAG	14.0	3235.2	-3.835
CACGTA	10.0	1203.5	-3.815
GTTATT	27.0	4919.6	-3.806
CGTTGG	11.0	1409.1	-3.803
AAGGAA	51.0	10692.2	-3.801
AACAAA	58.0	12486.0	-3.796
GTAACC	4.0	2059.6	-3.791
TCCATG	21.0	4856.3	-3.791
CTACTG	19.0	3202.4	-3.790
ACGGCA	5.0	1215.7	-3.783
GCACGA	3.0	1163.2	-3.782
AGATTA	22.0	3937.1	-3.766
CAGACA	35.0	7045.8	-3.766
GGTACA	18.0	2976.9	-3.762
TGCTAG	20.0	3714.1	-3.754
GCCGGT	1.0	1610.3	-3.749
AGATGC	28.0	5240.3	-3.747
CCTTTT	38.0	7604.6	-3.743
GCTTAA	17.0	2750.8	-3.741
GCGAAA	4.0	969.6	-3.740
AGTCAA	20.0	3463.4	-3.734
ATACAT	21.0	7026.2	-3.727
TCTTGG	31.0	6003.7	-3.717
AGTCTC	22.0	3958.7	-3.715
TTGCAG	21.0	5762.3	-3.713
CATTCC	21.0	3717.7	-3.705
AAGGCG	15.0	2304.3	-3.704
TCGTGG	6.0	1987.8	-3.702
ACTGTG	21.0	6361.9	-3.692
GAAGGA	43.0	9038.7	-3.690
GCAGCG	16.0	3522.0	-3.690
GTATTC	6.0	2708.2	-3.675
TTGCTA	21.0	4269.3	-3.660
CGTATG	4.0	822.5	-3.656
TTATTC	24.0	4483.6	-3.656
ATAGTG	19.0	3583.3	-3.649
ATGTTG	12.0	5225.2	-3.647
TTAGTG	23.0	4240.2	-3.641
AGTCTT	26.0	4745.6	-3.639
TCCCCC	22.0	5160.2	-3.636
GAGCCT	28.0	5261.3	-3.635
GATCCT	21.0	3749.5	-3.628
GATAGT	16.0	2558.9	-3.626
TTAACT	13.0	4103.4	-3.623
ATCGAG	5.0	1054.4	-3.621
TAACCT	7.0	2722.9	-3.610
GCGCAT	11.0	1457.2	-3.607
TGTGCA	41.0	8529.0	-3.607
TCCTAT	18.0	3035.5	-3.603
CCTGTC	28.0	5278.3	-3.602
CGACCA	9.0	1050.4	-3.598
GAACAA	25.0	4766.3	-3.596
TCTCGC	10.0	1253.8	-3.593
GTCAAC	13.0	1892.9	-3.591
ATACGT	9.0	1052.3	-3.588
ATCCAT	23.0	4275.8	-3.587
GGCATA	8.0	2721.0	-3.584
GCAGTT	26.0	4773.3	-3.580
GGATAG	9.0	3250.3	-3.580
TCACTT	25.0	4776.2	-3.576
TAATTC	17.0	3504.4	-3.573
AGCGAT	2.0	1114.2	-3.568
GGGCGG	33.0	6623.4	-3.563
TTCGAA	9.0	1058.7	-3.559
TTTCGA	11.0	1469.1	-3.559
ATAGCA	14.0	4121.8	-3.556
CATGGC	26.0	4792.8	-3.544
TTCCTT	45.0	9434.0	-3.534
CGTCCC	14.0	2132.1	-3.532
ATGTTC	10.0	4403.9	-3.530
GATGCC	19.0	3905.4	-3.526
TGGTAT	8.0	4139.5	-3.523
GGAACC	19.0	3997.3	-3.522
CCGATC	1.0	808.6	-3.518
TTGGGT	29.0	5587.9	-3.511
GTTATA	11.0	3192.9	-3.505
AGCTTC	25.0	4812.3	-3.503
TACTGC	4.0	2815.9	-3.503
ACTCAG	11.0	5951.0	-3.497
AGGATT	12.0	5012.5	-3.497
TTGAGC	20.0	3561.0	-3.495
CGTAAC	6.0	509.2	-3.492
TGCAAG	16.0	4615.6	-3.487
ATGATC	1.0	2984.9	-3.479
CTGAGA	38.0	7789.6	-3.476
TTTGCT	41.0	8619.3	-3.472
GCTCAG	32.0	6408.5	-3.471
TCAGAC	11.0	3754.4	-3.469
AACTGA	8.0	5123.0	-3.468
GTATAT	32.0	6411.9	-3.465
GACGGG	5.0	1783.0	-3.465
GTCACG	11.0	1493.5	-3.464
GTTAGT	18.0	3090.4	-3.460
GTGGAT	20.0	4976.8	-3.458
CAGGTG	34.0	6958.3	-3.457
TTTTGG	44.0	9202.7	-3.455
CACTAT	16.0	2620.7	-3.450
TACCCC	12.0	2256.9	-3.450
GCGAGC	16.0	2621.7	-3.447
AAGATG	13.0	7633.1	-3.445
GTCTTT	32.0	6425.0	-3.442
CCCTCA	14.0	4269.7	-3.435
GCAAGT	20.0	3587.1	-3.434
ACTTAA	22.0	4085.4	-3.430
GACACA	28.0	5370.8	-3.425
GGGGTT	16.0	4744.7	-3.423
ATCGAA	1.0	812.0	-3.420
GAAAGC	23.0	5543.5	-3.418
GGCCCC	23.0	4344.1	-3.417
CGCCCT	7.0	2410.5	-3.412
TAGATC	10.0	2260.6	-3.407
TCCCTC	30.0	5916.4	-3.395
GGTTAT	17.0	2878.6	-3.391
TCCATA	18.0	3118.3	-3.390
CCGGGC	21.0	3857.8	-3.382
CACAGC	30.0	5924.4	-3.380
TCCCTT	12.0	5907.5	-3.378
CATTGA	12.0	4341.7	-3.373
GGGAAT	19.0	4860.7	-3.372
CTAAAC	16.0	2651.9	-3.365
GGCTTA	17.0	2889.4	-3.361
GTGGGG	44.0	9272.5	-3.358
GCCGAG	9.0	3183.2	-3.356
ATATTA	30.0	5938.5	-3.356
GAGTGG	33.0	6748.6	-3.355
CGCAAT	6.0	529.8	-3.352
GGAAGG	48.0	10448.5	-3.348
GGTTCC	21.0	3873.4	-3.347
GATCCA	19.0	3378.2	-3.347
CTTGTT	30.0	5945.7	-3.344
CGGAGG	4.0	3825.5	-3.341
TCGGAG	12.0	1931.2	-3.338
GTCGGA	9.0	1108.0	-3.337
TTCGAT	5.0	843.9	-3.336
ATGTCC	7.0	3458.9	-3.326
GGTCGG	12.0	1749.0	-3.326
GACGCT	4.0	1580.5	-3.325
CTGCAG	42.0	9014.2	-3.317
CACTCC	20.0	3639.7	-3.314
AACTGG	16.0	4610.8	-3.313
AAAATT	49.0	10777.7	-3.306
CATATA	29.0	5703.7	-3.301
AATACG	3.0	872.6	-3.299
TGCATT	23.0	6044.1	-3.289
TCAGCC	24.0	4664.3	-3.286
GCTCAC	10.0	3880.6	-3.286
CTAGTA	13.0	1985.5	-3.285
TCTTTT	56.0	12611.3	-3.285
TAGGAG	23.0	4409.3	-3.283
ACCGAA	3.0	1236.7	-3.283
AGTGGA	30.0	5981.5	-3.282
TCCAGT	14.0	4866.2	-3.280
GTGCAC	12.0	4541.6	-3.278
CAGCGT	1.0	2079.7	-3.274
GGGCAT	7.0	4363.3	-3.268
GTAATT	23.0	4558.4	-3.267
CACCGG	3.0	1862.9	-3.264
GGGGTC	21.0	3918.0	-3.250
CCCGCG	11.0	2704.3	-3.242
ATCTTT	19.0	6747.3	-3.241
CCGCGG	15.0	2974.2	-3.239
TCCCGG	3.0	3278.8	-3.236
CTAATG	15.0	3003.3	-3.234
AGAGTG	31.0	6282.0	-3.231
GGCCTT	25.0	4952.6	-3.230
ATGCAC	20.0	4142.8	-3.223
CAGGAT	9.0	5564.9	-3.210
GTCAGC	20.0	3689.5	-3.203
CAGACC	21.0	3941.8	-3.201
GGTACG	3.0	751.7	-3.200
TATTGA	16.0	4484.7	-3.189
GAATCG	7.0	902.4	-3.183
TATATA	56.0	12703.0	-3.181
GTTTTA	38.0	7973.2	-3.180
GCCGAA	7.0	1158.0	-3.179
ATGGGA	31.0	6313.0	-3.178
AGTTAA	24.0	4720.6	-3.178
CGCTGA	1.0	1972.9	-3.170
TTCCGA	7.0	1424.7	-3.167
TCGTGT	11.0	1575.1	-3.167
TCACGT	11.0	1576.3	-3.163
TTGAAT	14.0	5978.7	-3.161
CGCCCG	15.0	2492.8	-3.156
GTGCCT	26.0	4993.9	-3.155
ACTGAA	24.0	5999.8	-3.149
AAGATC	20.0	3715.4	-3.146
GACAGT	17.0	4463.9	-3.144
TATACT	18.0	3263.5	-3.144
CTTATC	14.0	2263.5	-3.141
TGCCCA	28.0	5531.4	-3.136
GAGCTT	21.0	4658.6	-3.133
CGCACG	7.0	1639.8	-3.126
TATAAG	20.0	3724.9	-3.126
TCGGCC	12.0	1810.7	-3.123
AACGTG	12.0	1810.9	-3.123
GGAGCA	30.0	6080.2	-3.117
AGGTTG	16.0	4225.3	-3.112
AACGCG	1.0	755.5	-3.111
ACCAAT	7.0	2926.5	-3.110
CTTCGG	12.0	1906.9	-3.109
GCTCGG	15.0	2512.4	-3.104
AGTTGC	19.0	3488.5	-3.096
GCCCAT	19.0	3488.5	-3.096
TCCGCA	10.0	1377.2	-3.093
GGGGCC	25.0	5029.4	-3.089
GTGTAG	18.0	4504.7	-3.083
TGTTGC	23.0	4528.9	-3.082
AACAAT	24.0	4771.3	-3.081
TTGTTA	29.0	5833.6	-3.078
CGGGCG	18.0	3249.0	-3.077
AGACCA	13.0	5269.8	-3.075
TGTAGT	20.0	4679.7	-3.066
CGCGAG	11.0	1604.3	-3.065
TGCTCA	27.0	5308.2	-3.063
CCCTTC	21.0	5167.4	-3.059
CGCTTA	1.0	657.4	-3.055
GCCCCC	23.0	4530.7	-3.046
CTATCA	14.0	2299.3	-3.041
ACCCTG	13.0	5766.5	-3.038
TCAATC	12.0	1838.1	-3.037
GTTTTT	41.0	14845.5	-3.032
TTCCCG	6.0	2414.1	-3.032
AGCAGT	18.0	5695.1	-3.029
GCTGCG	19.0	3519.2	-3.028
GTTGCT	26.0	5064.4	-3.027
CCTGCG	17.0	3030.2	-3.014
TTAGGA	24.0	4808.7	-3.013
ATAGAG	12.0	4109.6	-3.010
TCCTTC	31.0	6419.8	-3.009
ACGCTC	1.0	1231.7	-3.009
TAGAAT	18.0	5216.2	-3.003
TATTAA	30.0	6151.8	-3.002
GGCATT	3.0	3992.5	-2.998
TCACAG	29.0	5884.3	-2.995
CGATCG	3.0	525.2	-2.993
TCTGGT	25.0	5088.2	-2.984
TGTAAA	36.0	7549.6	-2.982
TCTTGT	13.0	5737.6	-2.981
CAGAAG	28.0	8853.6	-2.976
GAACCA	4.0	3978.5	-2.973
CCACGA	1.0	1553.1	-2.969
GACAGA	33.0	7003.0	-2.962
TCTGAT	25.0	5101.4	-2.961
GTCCAT	8.0	3278.0	-2.960
GCGGTC	10.0	1415.7	-2.957
AAAGAT	22.0	7680.9	-2.953
CCATTA	7.0	3035.1	-2.950
CGATGT	4.0	1096.5	-2.946
CGCAGA	6.0	2192.2	-2.944
CCGAGG	16.0	3674.5	-2.942
TCACGG	9.0	1493.9	-2.934
CTTTTT	55.0	12625.2	-2.933
CGAAGG	9.0	1844.3	-2.930
ACAATG	16.0	4597.8	-2.930
TCCTTA	21.0	4074.2	-2.930
ACAACC	17.0	3069.0	-2.925
TGTTCC	19.0	4876.7	-2.916
AAACTG	23.0	6276.2	-2.916
TGCAAA	31.0	6481.4	-2.915
TTGAAC	12.0	4430.8	-2.911
AAACTT	31.0	6485.5	-2.908
GTTTAC	9.0	2960.1	-2.907
TTGTAG	24.0	4868.6	-2.906
TGAGGT	28.0	5670.1	-2.904
ACCGGC	8.0	1582.7	-2.901
AGTTTA	11.0	5297.5	-2.899
ACAAGG	23.0	4613.0	-2.893
CGAGAC	5.0	1700.6	-2.884
TCATAG	11.0	3229.4	-2.880
GAAGAT	29.0	5958.0	-2.877
ACCGAG	6.0	2098.2	-2.877
CACAAG	21.0	4102.7	-2.875
ACATTG	16.0	4299.9	-2.874
GATTTT	40.0	8779.0	-2.867
AGAGCA	36.0	7636.8	-2.861
TCCGTC	9.0	1224.3	-2.859
ACGCCC	2.0	1789.6	-2.858
CTTCTA	21.0	4113.7	-2.855
CCATAC	13.0	2131.4	-2.854
GAAGGT	17.0	5095.0	-2.851
GATGTT	17.0	5096.1	-2.848
CCTAAG	17.0	3107.2	-2.839
ACTGAC	11.0	3341.7	-2.838
CCATCT	17.0	5657.9	-2.838
GGCTCG	13.0	2138.2	-2.838
CTATTC	6.0	2399.1	-2.837
GGAAAG	22.0	8922.6	-2.825
CAGATT	10.0	4800.7	-2.821
GGAGTC	9.0	4176.1	-2.820
TAGTGA	20.0	3874.6	-2.819
CACCCA	26.0	5188.9	-2.813
ACCCCC	21.0	4139.3	-2.805
CTGCCG	2.0	2648.9	-2.803
TACTGG	19.0	3626.8	-2.803
GCTTCG	6.0	1789.0	-2.800
GGACGG	5.0	2192.3	-2.798
TTACCA	16.0	3240.6	-2.798
GAGGTC	8.0	3885.8	-2.796
ACTTTT	17.0	8018.5	-2.796
TGCAGA	25.0	7831.8	-2.791
AAGTGC	9.0	4419.9	-2.790
GGAGCT	20.0	7153.4	-2.788
TCGCAG	5.0	1482.1	-2.786
TAACTG	7.0	3641.1	-2.784
CTAGAC	6.0	2176.8	-2.781
GTCATA	9.0	2384.6	-2.781
ATTCAG	4.0	4702.2	-2.778
CCCACA	27.0	5479.4	-2.776
GAACCG	10.0	1469.2	-2.772
GGGGTA	16.0	2911.0	-2.771
CTAAAG	7.0	3899.0	-2.765
TAGATT	18.0	4324.1	-2.763
ATCGTG	8.0	1209.1	-2.755
AATCGT	7.0	828.9	-2.753
GAACAG	25.0	5230.6	-2.743
AATTCA	16.0	5282.5	-2.742
GCCTCA	22.0	4439.0	-2.734
TCAGAT	24.0	4968.9	-2.733
CATACT	15.0	2664.0	-2.722
CAGATC	13.0	3926.1	-2.720
TATCTT	16.0	4783.2	-2.717
GCAAAG	25.0	5246.7	-2.717
CGCAGC	10.0	3057.4	-2.712
GGGGAA	24.0	7620.7	-2.711
GGGAAA	39.0	8612.4	-2.711
TGAGAC	26.0	5251.0	-2.710
CCATTT	31.0	6623.4	-2.706
AAGGTC	1.0	3251.0	-2.705
CGACGT	2.0	600.1	-2.705
TATAGT	12.0	3796.0	-2.703
TTATAC	1.0	2998.7	-2.702
ACACCA	19.0	4425.0	-2.701
GAGAAT	8.0	5646.7	-2.698
GTGGCA	12.0	5156.2	-2.697
AGACGG	3.0	1746.0	-2.696
ACAGAA	35.0	8199.5	-2.695
GCAATG	19.0	3681.9	-2.695
CCCTAC	14.0	2434.9	-2.688
CCGAGA	14.0	2434.2	-2.688
GGAATA	18.0	4142.8	-2.686
ACCAAC	6.0	2928.9	-2.685
ATTGTA	19.0	4636.0	-2.684
AGTTCC	21.0	4860.0	-2.683
CATCGC	8.0	1055.6	-2.683
AAGTTT	14.0	7047.5	-2.682
GCACAA	8.0	3260.6	-2.680
GCCCCT	23.0	4733.4	-2.680
CTATCC	13.0	2199.2	-2.674
ACCAGA	11.0	5144.6	-2.674
AAAACA	38.0	12906.4	-2.671
AAACGT	2.0	1769.7	-2.669
TGTGGA	34.0	7504.1	-2.657
CCGATA	5.0	520.4	-2.656
GCCCTT	12.0	4355.5	-2.656
TTATAT	35.0	7791.1	-2.655
CGAGTG	8.0	2345.9	-2.650
CAGAAC	11.0	4943.4	-2.646
TAACCC	9.0	2389.5	-2.644
TTTGAT	19.0	7886.3	-2.642
GGTTCG	8.0	1160.9	-2.640
CAACAC	17.0	3200.4	-2.638
ACGTTC	8.0	1067.3	-2.636
AGATAG	29.0	6119.2	-2.632
GCTTGC	9.0	4685.8	-2.629
TACATC	15.0	2706.3	-2.624
GGTGCA	11.0	4287.6	-2.619
GTGCAG	16.0	6193.4	-2.616
AAATGC	29.0	6131.5	-2.614
ATTGAA	20.0	5648.5	-2.614
ATCCTA	9.0	2826.9	-2.610
GGGCAG	37.0	8241.4	-2.609
AAGGCA	13.0	6188.6	-2.605
TGCTGC	33.0	7260.1	-2.603
TGTAAC	15.0	3497.9	-2.601
CAGAAA	44.0	9887.6	-2.599
CGGTGC	7.0	2187.3	-2.596
GAAGTA	21.0	4254.8	-2.594
CAGGTA	5.0	4135.4	-2.589
GTCAGA	16.0	4604.0	-2.581
CAGGGA	35.0	7850.8	-2.579
CAAACC	19.0	3776.5	-2.579
GCAAAA	26.0	5335.7	-2.575
ACCATT	19.0	3743.6	-2.574
CTTGTA	20.0	4007.0	-2.570
GGGGCG	27.0	5611.3	-2.570
CTGCTC	29.0	6162.8	-2.569
CCTGTA	21.0	4271.1	-2.564
ATGCGA	2.0	904.2	-2.564
GAATTC	20.0	4009.0	-2.564
TGATTG	10.0	5023.8	-2.563
ATCAAT	6.0	3238.0	-2.560
ACTAAT	15.0	2737.8	-2.555
TGTCAT	14.0	4719.3	-2.547
GGCAGT	15.0	5098.9	-2.547
CCCGCA	5.0	2108.7	-2.546
GCTTAT	5.0	2898.7	-2.546
CATGGT	21.0	5112.1	-2.538
TCTGGG	32.0	7525.1	-2.533
AAAGTG	18.0	6435.7	-2.532
CGAGAG	14.0	2500.6	-2.531
CCCCTA	6.0	2489.9	-2.529
ATACCA	13.0	3197.0	-2.529
AAATCC	22.0	4557.1	-2.528
CAATAG	14.0	2503.2	-2.524
GCTAAT	14.0	2505.1	-2.519
GCGAGG	12.0	3169.9	-2.513
TGGCTT	34.0	7616.9	-2.512
CATTCT	18.0	5263.4	-2.509
TATCCT	18.0	3521.9	-2.506
CCCGAG	18.0	3522.1	-2.504
TAGACT	8.0	3028.8	-2.501
ATTACC	12.0	2027.6	-2.500
GCGAAT	7.0	889.0	-2.497
ATCCTG	19.0	5237.4	-2.495
ACCCAC	22.0	4578.7	-2.493
ACCACC	20.0	4050.8	-2.491
TAAAAG	9.0	6996.4	-2.488
CCCCGC	21.0	4315.8	-2.488
TTAACA	22.0	4581.3	-2.488
AGTCAC	19.0	3793.9	-2.481
ATTGAG	20.0	4336.0	-2.480
CTTGGA	7.0	5775.9	-2.480
GTTACG	2.0	617.1	-2.478
TTGATG	20.0	5924.9	-2.478
GTCCGC	9.0	1334.2	-2.478
GAGACT	24.0	5129.6	-2.473
GCGGGC	20.0	4060.6	-2.473
AATACC	9.0	2999.1	-2.472
CAAACG	5.0	1362.6	-2.468
TCCCGA	12.0	2041.5	-2.463
GGGTGG	25.0	9863.4	-2.461
TGCTTG	30.0	6666.6	-2.459
CCCCGT	9.0	1684.3	-2.459
GGTGAT	19.0	3806.1	-2.459
ATGGTT	24.0	5139.0	-2.459
GTTGGG	5.0	5404.6	-2.457
CTTCGT	1.0	1356.6	-2.456
CGCCTG	9.0	2959.1	-2.452
AACCGC	8.0	1118.5	-2.450
GTACCA	2.0	2772.3	-2.448
GATTGC	3.0	3100.3	-2.447
TCGCAT	1.0	623.3	-2.446
TTAGTC	10.0	2653.5	-2.444
CAGTGT	23.0	6813.0	-2.444
TTGTAT	19.0	6489.0	-2.435
AGTATT	18.0	4783.6	-2.435
CTCCAA	20.0	4083.5	-2.432
AATAGG	16.0	3046.0	-2.432
AGCTAA	5.0	3597.4	-2.431
TGAAGC	23.0	4888.1	-2.428
CTGCTG	26.0	9918.6	-2.423
AAACTA	17.0	4456.0	-2.422
GGTGCC	18.0	3913.3	-2.422
ACCATG	20.0	5196.7	-2.421
AGGTCA	6.0	4351.0	-2.421
GACGCA	7.0	1199.4	-2.421
GGGTCG	11.0	1818.2	-2.420
GCCGTC	3.0	1326.7	-2.419
CCCCGA	9.0	2256.3	-2.419
GATATT	9.0	4978.3	-2.418
ATAAGT	19.0	3829.2	-2.417
CCCCAC	22.0	6152.0	-2.417
TTGACA	13.0	4490.9	-2.416
CGCGAC	7.0	908.2	-2.416
TTCCCA	31.0	6837.9	-2.414
CGTGTT	4.0	1858.9	-2.411
GTGAAG	25.0	5444.4	-2.411
TGTTTT	61.0	20637.1	-2.410
ATGTAA	26.0	6782.8	-2.410
GAAGGC	14.0	5263.7	-2.408
ATGCCA	12.0	4563.9	-2.407
CTTTTC	27.0	7458.7	-2.406
CTGGGA	37.0	10061.4	-2.405
AGTTTT	41.0	9467.1	-2.404
GCAAAC	12.0	3768.6	-2.398
GCGTGG	6.0	3588.2	-2.397
TCAACC	1.0	2229.4	-2.396
ATATTG	12.0	4342.2	-2.392
AACTTT	31.0	6856.0	-2.392
CAGGTT	22.0	4643.0	-2.390
CGGGGG	17.0	3329.9	-2.381
ACCGTG	11.0	1834.7	-2.380
CATACC	1.0	2287.0	-2.377
ATTGAC	14.0	2569.5	-2.376
GTGGAC	3.0	3756.1	-2.376
CAATTG	13.0	2625.6	-2.374
GTCCAC	14.0	2580.4	-2.373
CACGGG	13.0	2322.1	-2.373
GAACGG	5.0	1417.6	-2.372
AACGTA	6.0	913.5	-2.369
TGCGCA	13.0	2324.2	-2.368
GCAGGA	16.0	7450.0	-2.368
CAGAGG	22.0	9622.9	-2.366
CTTTTG	31.0	8104.5	-2.366
ATAGCC	15.0	2827.8	-2.362
TGGCGT	7.0	1892.0	-2.354
AAGAGT	10.0	5327.6	-2.351
CGTCGG	2.0	932.4	-2.346
TATCAG	12.0	3469.7	-2.345
GTATAG	16.0	3092.5	-2.341
ATTTAA	37.0	8340.0	-2.340
ATCCAG	11.0	4494.2	-2.340
AAACAG	11.0	7335.6	-2.340
GTTTGC	23.0	4947.0	-2.338
TGGTGT	16.0	6491.4	-2.334
GTACCC	11.0	2204.9	-2.323
AGGATC	18.0	3620.9	-2.323
GGGGCA	13.0	5462.7	-2.320
AATAGC	16.0	3103.9	-2.319
GACGTG	1.0	1859.6	-2.316
TTAGGC	13.0	2349.0	-2.312
GCCAAG	22.0	4698.9	-2.303
TCACTG	16.0	5552.8	-2.299
GGTGTC	18.0	3635.4	-2.297
GACATT	21.0	4432.4	-2.296
TGAGTG	34.0	7796.0	-2.296
TCGAAC	4.0	1139.9	-2.288
CTTTAA	33.0	7513.3	-2.286
CCCGTT	5.0	1286.3	-2.286
GATTGG	5.0	4065.6	-2.284
GAGGCA	34.0	7805.6	-2.284
TCAGGG	26.0	5536.9	-2.279
TTCTGG	33.0	7524.7	-2.273
ATGTAC	19.0	3912.5	-2.272
CCCTAA	9.0	2787.7	-2.271
TGAATC	3.0	3220.9	-2.270
AACTTA	19.0	3915.7	-2.269
TGATAT	6.0	4731.2	-2.267
ACTCCG	9.0	1403.2	-2.264
CGGGTA	1.0	1067.7	-2.264
GCTCAA	13.0	2846.8	-2.263
CCCATA	14.0	2886.2	-2.262
TTCCCT	15.0	6957.8	-2.257
AAAAAG	47.0	11133.7	-2.255
ACACGG	10.0	1666.4	-2.250
GGAGCC	30.0	6684.3	-2.247
CGTCGC	1.0	900.2	-2.246
GGAGGG	34.0	11859.3	-2.246
AACCTG	18.0	4708.0	-2.245
GCTACA	3.0	3776.4	-2.245
CACAGA	34.0	7838.9	-2.245
AGTTGA	2.0	4440.4	-2.244
CGATAT	1.0	690.7	-2.244
GGACTG	8.0	4984.7	-2.244
CCAGGA	35.0	8132.4	-2.243
TCCCCT	17.0	5771.6	-2.243
CCTTAT	7.0	2802.1	-2.243
ACGCGG	2.0	1303.0	-2.240
GGTTGA	7.0	3190.1	-2.240
CATGTC	18.0	3668.4	-2.238
AGATCG	1.0	1227.5	-2.237
GCGGCA	1.0	2157.6	-2.235
CAGTTA	19.0	3935.3	-2.233
GTAGAA	16.0	4671.4	-2.230
GTTCTA	2.0	3111.9	-2.229
TAAGAC	16.0	3152.3	-2.226
CACCTG	25.0	5574.1	-2.226
TGCACT	6.0	3926.0	-2.224
CTGCTA	16.0	3591.3	-2.214
AAGATT	25.0	5582.2	-2.214
CTTTGG	31.0	6998.3	-2.211
TAGTAC	3.0	1987.6	-2.211
GAGCTA	8.0	3644.0	-2.209
CGCTCC	1.0	2417.1	-2.203
GGCCCG	11.0	2855.7	-2.199
GTGTAA	9.0	3918.9	-2.199
GGATGA	24.0	5319.7	-2.194
AGCTAG	18.0	3694.6	-2.193
TATAAC	10.0	2687.4	-2.191
TCATGC	2.0	3137.3	-2.189
TGTATG	45.0	10590.2	-2.185
TAATAC	6.0	2597.6	-2.184
AGTAGA	18.0	4413.9	-2.181
GAACTA	15.0	2919.9	-2.178
GATTAC	12.0	2160.8	-2.178
GGGACA	26.0	5609.1	-2.178
CCCCTG	26.0	5609.3	-2.178
TTGATA	17.0	4491.5	-2.177
TGGGGG	31.0	9229.7	-2.177
TTCTAT	13.0	5211.4	-2.169
CATGCC	19.0	3975.0	-2.168
GTGTCC	21.0	4515.8	-2.167
GGTGGG	44.0	10312.5	-2.157
GTGGCG	8.0	2921.7	-2.157
TAAAAC	27.0	5906.7	-2.155
TGATGG	17.0	6477.5	-2.153
CGGGGT	14.0	2676.3	-2.151
GTTCAA	17.0	3654.9	-2.150
GAGGAC	24.0	5351.7	-2.149
ATCCGG	3.0	1180.8	-2.149
AAATTT	40.0	9411.8	-2.148
GCTCCC	22.0	4803.4	-2.144
TCATTC	19.0	3991.0	-2.143
AGAGTT	21.0	6200.0	-2.142
CTGGGT	30.0	6770.9	-2.141
GATATA	12.0	3667.3	-2.139
AACGAG	9.0	1448.1	-2.136
TGGATC	18.0	3730.0	-2.134
TGACGT	5.0	1563.4	-2.133
ATCTTC	20.0	4267.5	-2.132
CCCATG	21.0	4541.7	-2.127
AGTTCG	6.0	1435.1	-2.127
GGGCCT	22.0	4817.2	-2.124
ATGACA	22.0	4817.0	-2.124
AAGGTG	24.0	5372.5	-2.122
ACAATA	19.0	4009.9	-2.114
GGATCA	15.0	2953.7	-2.113
TTTTTA	53.0	17026.0	-2.112
ATAGCT	10.0	3608.4	-2.109
TCAAAG	12.0	5262.9	-2.105
TACATG	24.0	5386.8	-2.102
GAAGTG	23.0	6103.0	-2.094
GGCAGA	32.0	7906.7	-2.093
GTTGCC	16.0	3228.0	-2.090
GCAGCA	22.0	6620.7	-2.089
AATGAG	24.0	6327.6	-2.087
CCATCG	3.0	1189.1	-2.087
GCATAG	10.0	2798.3	-2.086
TAGAGG	20.0	4297.4	-2.085
AATGTA	20.0	6735.1	-2.085
ATTCCA	17.0	4682.3	-2.084
TTAATC	15.0	3530.9	-2.082
CTGTAC	13.0	3446.8	-2.081
ACTTTA	23.0	5125.8	-2.079
GTGGGA	28.0	7415.8	-2.079
TCCAAC	14.0	2716.3	-2.074
TTTTAT	62.0	15188.8	-2.073
CTTGAC	3.0	3120.5	-2.072
CACTAA	14.0	2719.4	-2.068
CTTATA	7.0	3352.8	-2.067
AATTGT	24.0	5412.6	-2.067
CTTACC	13.0	2464.9	-2.065
TGAAGT	27.0	5978.8	-2.063
GACCAG	14.0	5134.7	-2.063
TATTGG	8.0	3479.8	-2.062
CACGAC	4.0	964.8	-2.061
AACTAG	14.0	2724.6	-2.058
GACAAT	15.0	2983.3	-2.058
GCCAGT	20.0	4317.2	-2.055
CGACAT	6.0	784.7	-2.054
TTGATT	29.0	6556.2	-2.053
TTAATT	36.0	8311.3	-2.048
CACCAC	22.0	4873.2	-2.045
CTCCAT	19.0	4528.1	-2.044
GCCCTA	6.0	2308.1	-2.043
CAGAGT	28.0	6281.0	-2.042
TGTCTT	34.0	8022.3	-2.041
ATAGGG	14.0	2733.7	-2.041
CCTGGC	32.0	7437.5	-2.039
AACAAC	21.0	4601.2	-2.039
GTAATA	15.0	3325.5	-2.039
TGGATT	23.0	6002.6	-2.038
AGTTTG	24.0	7065.5	-2.037
CACCGC	11.0	1974.5	-2.037
GGCAAA	21.0	4604.4	-2.036
CGTAGG	2.0	1089.7	-2.035
TACCAC	14.0	2740.1	-2.027
CCGAAT	4.0	1050.1	-2.027
ACCCAA	2.0	3861.2	-2.026
TCTATT	19.0	4365.6	-2.013
TTTCAC	20.0	4346.6	-2.013
CTCGGT	3.0	1742.3	-2.012
CTTTGC	26.0	5736.1	-2.011
TCAAAC	17.0	3538.5	-2.011
TGAGGG	10.0	6356.5	-2.005
CTTGTG	22.0	5860.9	-2.003
TACATT	26.0	5743.6	-2.003
GAAGTT	5.0	5330.4	-2.001
GATTCA	1.0	3234.0	-1.999
AATCTG	4.0	4379.9	-1.996
AGATCC	18.0	3815.5	-1.995
CACCGA	6.0	1599.7	-1.995
GGCGGA	8.0	3271.8	-1.994
TAAATG	31.0	7185.5	-1.994
TGGGGT	28.0	6748.0	-1.994
GATTCC	12.0	3135.8	-1.993
CGCCGC	12.0	3168.0	-1.993
ATCACT	16.0	3283.4	-1.993
TGGAAA	35.0	9794.2	-1.991
GTTCGT	7.0	1032.2	-1.980
TTTCGT	9.0	1509.7	-1.973
TCTTCT	34.0	8092.5	-1.968
GAGTGC	17.0	4417.2	-1.964
CTACAC	13.0	2785.6	-1.963
GCCTGC	29.0	6633.3	-1.963
TGCTGA	17.0	7246.2	-1.960
TCCTGC	27.0	6065.9	-1.956
CAGACT	7.0	4687.5	-1.954
GTGCTC	20.0	4387.5	-1.953
GGGAAC	16.0	4687.0	-1.952
GGTCAG	8.0	4729.3	-1.948
ATGGGG	7.0	5800.8	-1.948
CGGCGG	16.0	3611.8	-1.948
CCTGTT	16.0	5335.9	-1.944
GGTGTA	12.0	2990.9	-1.941
GCTCTC	20.0	4398.1	-1.937
CTGTTG	27.0	6081.0	-1.937
ATTTTG	33.0	9826.3	-1.936
ACAGTT	7.0	5297.2	-1.936
CGACTC	2.0	1176.4	-1.935
CGTTCC	9.0	1524.9	-1.934
TTGTGG	17.0	6212.2	-1.928
CTGCAT	24.0	5519.3	-1.928
TGATTT	35.0	8430.3	-1.926
TTTATC	11.0	4868.1	-1.926
TGGCAG	21.0	7102.6	-1.925
GAGCTC	21.0	4683.6	-1.925
CTTCTT	32.0	7542.1	-1.924
ATTCTT	25.0	6561.3	-1.922
CCCTTT	11.0	6055.6	-1.917
ATATAG	18.0	3922.1	-1.914
AGATTT	16.0	7490.4	-1.911
TTTCCA	31.0	8276.0	-1.910
AAATTC	21.0	5580.8	-1.910
CTCCCA	11.0	6207.3	-1.906
TAAATC	17.0	3708.5	-1.906
GCTCTT	23.0	5259.3	-1.901
GGTCCG	9.0	1538.7	-1.899
AGGTGG	31.0	7273.1	-1.898
TAGTCC	12.0	2293.1	-1.896
CCCATT	16.0	4245.7	-1.892
TGCATC	11.0	3956.5	-1.889
CGTCCG	4.0	956.4	-1.886
TAAACA	9.0	6349.8	-1.884
TGGGAC	9.0	4944.7	-1.879
TTTTGT	67.0	18576.7	-1.878
AACCAC	13.0	3714.4	-1.878
AAAAGT	31.0	7295.8	-1.875
GCAGGG	6.0	7602.9	-1.873
TCTTCG	8.0	1305.9	-1.872
GCCAAA	5.0	3841.2	-1.871
GCGTTG	8.0	1306.9	-1.869
ACAGAG	33.0	9034.8	-1.868
CAATCC	5.0	2266.6	-1.867
GAAACA	18.0	6688.7	-1.861
TTTTAA	43.0	16960.4	-1.859
CCAGGT	23.0	5295.3	-1.855
CAAACT	18.0	4832.6	-1.854
TTGCCC	9.0	3864.9	-1.851
CCGTTG	5.0	1148.9	-1.849
GAGTTA	8.0	3867.5	-1.849
AGTCCA	18.0	3912.3	-1.847
GGCACC	16.0	3372.7	-1.846
CCGCTA	3.0	814.7	-1.844
CAATCT	13.0	2580.3	-1.842
GACTCA	16.0	3375.3	-1.841
TGCCTG	35.0	8519.6	-1.840
CTAGAT	8.0	2662.8	-1.838
GAGGCG	13.0	3808.7	-1.836
TTGGGA	29.0	6893.8	-1.835
AGATGG	17.0	8174.5	-1.828
GCGGGG	25.0	5888.2	-1.826
TACATA	11.0	6730.1	-1.825
GAGGGG	19.0	8792.5	-1.824
GGCGAA	7.0	1375.3	-1.823
GTGCTA	7.0	2992.2	-1.823
GTGATC	2.0	2541.8	-1.822
TCGAAG	6.0	1067.8	-1.822
TCACGC	4.0	1121.5	-1.820
TCGACC	5.0	782.1	-1.819
TGTTGT	36.0	8543.5	-1.816
GCCAAT	6.0	2748.0	-1.809
CGCAAG	6.0	1308.2	-1.809
ATACGA	1.0	703.9	-1.808
GACCTT	12.0	4042.9	-1.806
GATCTG	17.0	4371.7	-1.804
GTAGCT	16.0	3787.1	-1.794
ACGGAC	7.0	1093.5	-1.794
CCCCCA	28.0	6494.8	-1.793
GTTTAA	21.0	5007.0	-1.791
TACCCA	17.0	3681.4	-1.787
GTTTCA	5.0	4755.9	-1.787
CGAATT	1.0	864.2	-1.786
CGGAAC	2.0	1208.0	-1.786
CAGTTT	19.0	7249.8	-1.784
CAGAGA	43.0	10728.0	-1.784
TTTACT	25.0	5926.2	-1.781
ACGGTA	2.0	690.5	-1.779
TTAGAG	14.0	4660.9	-1.779
CCTTAG	16.0	3416.1	-1.777
AGAGGT	24.0	5644.3	-1.776
AGAAAC	31.0	7394.0	-1.773
CCCATC	17.0	3691.6	-1.772
ATTGTG	19.0	5530.7	-1.770
CCCCTT	21.0	4800.9	-1.769
TTCTTC	24.0	7553.0	-1.768
TTAATG	21.0	5495.0	-1.768
CGATGA	2.0	1091.3	-1.765
GACGAA	7.0	1105.3	-1.762
TGTGGT	24.0	7536.3	-1.761
TTAGTA	17.0	3698.1	-1.761
AGGAGG	37.0	11129.4	-1.760
CCCTCC	31.0	7719.6	-1.759
CGCGGT	8.0	1349.9	-1.758
CGGTCC	9.0	1598.5	-1.755
TTCCAG	33.0	8006.4	-1.755
AGTATC	12.0	2367.2	-1.754
ACACGT	10.0	1852.3	-1.752
ATCCGC	7.0	1109.1	-1.751
TCCGAC	6.0	874.7	-1.742
CCAGAA	15.0	7269.3	-1.742
GCGTCG	3.0	949.8	-1.741
AGACTC	5.0	3639.4	-1.741
ACCTGT	19.0	4678.4	-1.738
AGCGGT	2.0	1384.4	-1.737
TGAGCG	11.0	2116.6	-1.736
GTCCCG	12.0	2478.0	-1.736
TCCTAC	5.0	2463.8	-1.736
AGACGT	3.0	1369.4	-1.735
CACCCT	6.0	4264.4	-1.735
CATAAA	24.0	5681.9	-1.734
TTATAG	3.0	4150.2	-1.731
TCCGTG	1.0	2132.9	-1.731
ATATAA	30.0	7140.2	-1.730
TCCTTT	34.0	8335.8	-1.728
CCGCTC	8.0	2171.5	-1.728
ATATGC	13.0	4271.6	-1.727
CCCACG	1.0	2439.1	-1.727
ACCGCA	8.0	1362.3	-1.725
TACGAG	6.0	881.0	-1.720
TGACCA	19.0	4279.2	-1.719
GGCGGG	14.0	7016.3	-1.719
AGGAAC	22.0	5124.4	-1.717
CGCACA	10.0	1870.0	-1.715
TACAGC	4.0	3239.2	-1.714
CCGAAG	10.0	1872.2	-1.711
TCTTTG	33.0	8052.1	-1.711
TATGCC	3.0	2946.8	-1.709
GTTAGC	5.0	2337.5	-1.707
GTCATG	16.0	3463.8	-1.706
AATAGA	17.0	5269.7	-1.705
AACGGT	6.0	888.0	-1.701
ACCTCG	1.0	1394.3	-1.700
CGGCTT	10.0	1878.6	-1.699
ATCTCG	1.0	998.8	-1.698
GCATCT	13.0	4262.3	-1.697
TGATCC	11.0	3097.6	-1.694
ACCCCT	11.0	3641.9	-1.693
TTGGTA	13.0	4185.8	-1.692
ATCTAC	5.0	2250.5	-1.690
TGCTCC	21.0	4863.6	-1.690
GAGCCG	6.0	3126.4	-1.689
GCTTGA	16.0	3475.8	-1.688
AATTTT	35.0	11681.7	-1.687
ATTTTA	35.0	12656.7	-1.686
AGGCGG	10.0	3715.2	-1.685
TTCCAA	21.0	5172.4	-1.683
TTGTTG	36.0	8688.1	-1.682
GTTCGC	2.0	820.2	-1.682
CCTCCC	36.0	8691.5	-1.679
CTGTTA	12.0	4188.3	-1.675
CTAGTC	11.0	2151.7	-1.669
CTCTCA	19.0	4318.3	-1.668
CACTTA	8.0	3216.9	-1.668
TCAGAA	31.0	7501.5	-1.666
CATTGT	21.0	5008.5	-1.666
CTTAGA	18.0	4042.3	-1.665
CGCCCA	4.0	2061.3	-1.663
AAGGCC	19.0	4325.0	-1.661
ATACCT	8.0	3311.1	-1.659
TTTTTG	59.0	15112.8	-1.655
GCTCCA	19.0	4329.2	-1.654
TATAGA	16.0	4323.5	-1.648
TATTTT	60.0	16575.5	-1.646
CCAATA	10.0	2512.4	-1.642
TTACAG	20.0	5529.5	-1.641
TGGCAA	19.0	4645.6	-1.638
CAACTG	16.0	3511.7	-1.636
CCATGG	23.0	5480.0	-1.636
GAGCGG	9.0	3254.4	-1.635
CTTGGG	28.0	6651.3	-1.627
TTCATT	28.0	8046.2	-1.624
CGGCCG	6.0	2564.6	-1.624
GCCCAC	17.0	3795.2	-1.624
GTGCGA	1.0	1267.9	-1.621
TGGTGG	35.0	8757.2	-1.621
AATCGA	5.0	756.1	-1.617
TGGCCC	20.0	4643.2	-1.614
AGCTGG	27.0	7902.1	-1.612
TGACCC	13.0	3823.2	-1.609
AACACC	15.0	3257.0	-1.609
GCTTTT	28.0	7777.6	-1.605
ATGGTG	21.0	5994.3	-1.605
TATCGC	4.0	456.4	-1.605
TAAGCG	1.0	812.1	-1.604
TGACTC	17.0	3810.5	-1.604
TTGTCA	7.0	4796.4	-1.602
AAGGGT	18.0	4090.3	-1.601
TGCTGT	31.0	8306.9	-1.600
GAGGCT	17.0	6391.9	-1.599
GCTGCT	22.0	8263.0	-1.598
TGCTTA	7.0	4467.8	-1.597
TGGTGA	26.0	6095.8	-1.596
TCTGTT	31.0	7574.3	-1.596
GGTTAA	5.0	2904.8	-1.596
CGCAGG	13.0	2724.5	-1.594
GTCAAT	11.0	2193.2	-1.592
AATATC	17.0	3820.6	-1.590
AGGATA	8.0	4110.6	-1.589
GAGGAG	29.0	11943.2	-1.588
AACCTT	6.0	3958.8	-1.586
CTCACT	10.0	4894.2	-1.586
TCTGAG	16.0	7581.6	-1.584
GTAAAT	23.0	5527.2	-1.583
ACAATC	1.0	2148.1	-1.582
CGAGCA	4.0	1739.1	-1.581
GGATGT	7.0	4958.5	-1.579
GGGATC	5.0	3332.0	-1.574
ACTGTA	9.0	4641.6	-1.574
TTCGAG	11.0	2203.2	-1.573
ATTCTG	24.0	5827.4	-1.572
GTCACC	15.0	3282.3	-1.571
AGTTAG	15.0	3687.1	-1.571
AGAACG	7.0	1777.2	-1.570
TAAACT	18.0	4115.1	-1.570
ATCCCC	10.0	3489.5	-1.569
GGGTAA	14.0	3011.1	-1.568
CTGTGG	22.0	8406.7	-1.564
CGTCTA	5.0	695.4	-1.562
CAAATT	21.0	4971.5	-1.561
AGCTGT	21.0	6728.5	-1.560
GCCTGA	11.0	4750.7	-1.559
GTTTGG	14.0	6464.4	-1.557
AAGTAG	19.0	4407.0	-1.556
ATCACG	6.0	937.6	-1.556
TTCAGT	26.0	6134.6	-1.555
GGAGTG	26.0	6344.5	-1.555
GTAATC	9.0	1935.4	-1.550
CCTGAA	22.0	5268.9	-1.550
GTACAA	10.0	3073.3	-1.548
CCATGT	16.0	5446.1	-1.548
GTTAAG	15.0	3298.2	-1.547
GTTTCC	20.0	5722.4	-1.546
ACCCGA	5.0	1365.5	-1.544
GTCGGG	10.0	1956.9	-1.544
AACTCC	8.0	3415.0	-1.542
CGTCAC	6.0	1269.8	-1.540
AAGCTT	19.0	4628.8	-1.538
TGTATT	27.0	7070.4	-1.537
TAGGAT	14.0	3740.0	-1.537
CCACTT	19.0	4423.1	-1.536
TGGTTG	25.0	6154.1	-1.535
CCTTAA	12.0	3434.1	-1.531
TGTGCC	23.0	5576.9	-1.529
CCTATA	6.0	2306.8	-1.529
CACCAG	22.0	5288.9	-1.528
CACGCG	2.0	1468.3	-1.527
TGAGCT	24.0	5871.8	-1.525
TCGCTA	1.0	645.0	-1.525
GAGTAC	7.0	2748.9	-1.521
TAATGT	21.0	5013.1	-1.514
GCTATT	5.0	3104.8	-1.514
GACCAT	14.0	3047.6	-1.514
GCCATT	18.0	4160.4	-1.513
CCCTCT	17.0	5522.0	-1.508
AAGGAG	24.0	7975.3	-1.502
ATCTTA	14.0	3718.8	-1.499
ATTGTT	20.0	6329.0	-1.497
CCTAAT	12.0	2517.0	-1.496
CCCGGC	12.0	3578.1	-1.495
GGCACT	15.0	3337.5	-1.493
TCTTAT	18.0	4176.6	-1.492
AGTTTC	16.0	5601.9	-1.489
TCCGAA	3.0	1268.5	-1.488
TTTATT	40.0	17013.9	-1.487
CCAATG	16.0	3620.6	-1.486
ATAGTC	7.0	2364.5	-1.484
AGGCAC	9.0	3933.2	-1.483
CATAGT	14.0	3343.7	-1.478
TTGTTT	47.0	21507.9	-1.478
CATTAC	2.0	2496.8	-1.475
GATCAA	13.0	2802.6	-1.472
GGTAAC	8.0	2152.9	-1.472
ATCGTT	3.0	984.3	-1.471
TTACAT	15.0	5810.0	-1.470
TATCAT	17.0	3912.2	-1.470
CTGGAG	20.0	9912.7	-1.468
TGTTGG	19.0	6537.4	-1.464
TATAGC	4.0	2832.5	-1.463
CTTCGA	6.0	1290.2	-1.463
CAGCGG	14.0	3083.5	-1.463
CCCTGT	24.0	5934.4	-1.461
AAAAAT	47.0	14505.7	-1.456
CTATGC	12.0	2541.6	-1.455
AGACCC	6.0	4388.1	-1.455
TTTCTA	29.0	7128.2	-1.455
ACAGTG	22.0	6620.0	-1.450
ATTGGG	9.0	3849.7	-1.449
AGGCAG	41.0	10532.8	-1.445
GATAAC	11.0	2278.3	-1.445
CCCGAA	8.0	1486.4	-1.444
GAGAGT	19.0	5182.1	-1.441
TTATCC	13.0	2823.8	-1.441
TTACCT	16.0	3654.4	-1.441
CAAATG	5.0	6256.0	-1.439
TATTGT	15.0	5318.5	-1.433
CAATTC	6.0	2841.8	-1.430
GCAATT	12.0	2936.8	-1.428
GCTAGA	14.0	3109.8	-1.426
CTGCCC	28.0	6863.5	-1.423
TTATGC	5.0	2959.4	-1.421
TTGCTC	19.0	4524.7	-1.417
TCATGG	19.0	4524.9	-1.417
CCCACC	22.0	6496.4	-1.411
TCAGTG	10.0	6476.6	-1.410
GGAACA	15.0	4965.6	-1.409
AACTTC	5.0	3867.3	-1.408
TCCACT	17.0	3963.5	-1.408
CTACCA	13.0	2847.2	-1.407
GTAGCA	15.0	3402.9	-1.405
CACGCC	3.0	2400.2	-1.404
ACTATA	6.0	2856.1	-1.404
ACCTAC	11.0	2304.8	-1.403
GATGAT	21.0	5115.5	-1.402
TCTGAC	17.0	3970.2	-1.399
GCAAGC	7.0	3963.9	-1.395
CAATGT	11.0	3898.5	-1.394
GCCTGG	16.0	8497.2	-1.394
TTCTCG	8.0	1513.2	-1.390
GGCCCT	15.0	4471.2	-1.389
GTTACA	11.0	3515.7	-1.388
ACGCAC	8.0	1515.5	-1.386
ACATGG	20.0	5559.8	-1.385
CCTTGT	17.0	5072.9	-1.385
CAGCCG	13.0	2864.4	-1.381
GGAAGT	7.0	6142.7	-1.380
AAGTGG	9.0	5820.5	-1.380
CCTGAC	10.0	4188.8	-1.379
ACAGGT	16.0	4561.3	-1.377
ATCATG	4.0	4229.1	-1.375
GCCATG	15.0	4926.9	-1.375
CCACCC	24.0	6329.0	-1.375
TTCTAG	19.0	4562.9	-1.375
ATTCAT	9.0	5531.0	-1.375
ATGAGA	10.0	6229.3	-1.374
AATTAT	25.0	6320.8	-1.373
TAATCA	14.0	3149.0	-1.371
GATTGT	9.0	3846.1	-1.368
TGAGTT	16.0	8366.6	-1.368
CGTCTG	3.0	1718.9	-1.367
GCAGGC	26.0	6330.4	-1.364
CGTGGC	12.0	2602.9	-1.363
GGTGAA	18.0	4288.0	-1.361
GGGATG	8.0	6620.5	-1.361
AGCACG	3.0	1821.5	-1.360
TATGTT	24.0	6038.9	-1.360
GTCTCG	5.0	1428.2	-1.359
GCATAT	18.0	4291.3	-1.357
TGTAGA	17.0	6151.3	-1.355
CACTAC	5.0	1938.7	-1.355
AGGACG	1.0	2012.1	-1.352
TGTATA	25.0	7762.1	-1.351
AATGGG	16.0	5259.2	-1.350
CTTGAA	6.0	5571.2	-1.349
AAGGGG	24.0	6050.6	-1.349
GACAGC	13.0	5510.2	-1.349
TTCAAA	28.0	6949.8	-1.347
GATGAC	16.0	3734.1	-1.342
GGTACC	3.0	2294.5	-1.337
CGTGTG	17.0	4023.4	-1.336
TAATGG	8.0	3669.2	-1.336
AAATTG	20.0	6214.2	-1.336
TGTTTG	48.0	12628.8	-1.335
CTGGTA	15.0	3460.3	-1.332
ACCCTT	15.0	3461.0	-1.332
CTTATG	6.0	3077.8	-1.332
CCTCCA	23.0	5777.5	-1.327
CCGTCA	6.0	1026.9	-1.325
GGACAA	17.0	4033.2	-1.325
ATGTTA	17.0	4756.8	-1.324
CGGCAC	5.0	1371.9	-1.324
AGAGTA	6.0	4266.3	-1.324
CAGGCG	13.0	2907.0	-1.322
AGATCT	19.0	4615.0	-1.319
AGCAAT	18.0	4326.6	-1.318
AGAGGG	32.0	8202.8	-1.318
GGTCTG	19.0	4615.8	-1.317
AAAAGA	34.0	12087.2	-1.317
ACTTGT	18.0	4328.7	-1.316
TAGCTC	5.0	3121.8	-1.313
TATGGA	10.0	4465.0	-1.313
ACAGAC	21.0	5203.2	-1.313
AAAACT	25.0	6915.3	-1.312
CTCAGA	16.0	6722.3	-1.311
TTAGAT	18.0	4334.2	-1.309
ATCGCA	3.0	772.0	-1.308
GGAGCG	5.0	3509.4	-1.307
CTTAGT	15.0	3595.1	-1.306
TAATCG	1.0	520.0	-1.304
ATCACC	4.0	2733.1	-1.301
CAGTGA	14.0	6536.8	-1.300
ATGATG	17.0	5992.6	-1.300
GCGGTG	1.0	2833.2	-1.298
TGGGAA	28.0	9057.9	-1.294
TGTCGT	1.0	1210.6	-1.294
TAACAC	7.0	2559.4	-1.293
ACTATC	8.0	1563.4	-1.292
AGTCTA	1.0	2861.1	-1.292
AGAGCT	16.0	6573.0	-1.291
CCCTTA	12.0	2654.0	-1.288
GAGGTG	28.0	7018.8	-1.287
AGATTG	13.0	4305.4	-1.285
CAAGTC	14.0	3215.3	-1.284
AGACCT	13.0	4235.9	-1.284
TGTGGC	22.0	6143.5	-1.284
GGCTAA	12.0	2658.8	-1.282
GTGAAC	14.0	3218.8	-1.280
TTCGCT	2.0	1214.8	-1.278
CATGAT	18.0	4367.1	-1.274
GTAAGC	12.0	2665.3	-1.272
AAGTTG	20.0	4951.2	-1.271
ATGAAT	28.0	7040.4	-1.269
TTGTTC	19.0	5055.3	-1.269
AGCAGG	27.0	7551.2	-1.268
CGAACC	1.0	1042.4	-1.267
TCTTCC	27.0	6743.7	-1.264
GGCCCA	17.0	4087.7	-1.264
GCGGCC	7.0	3424.6	-1.263
TTTCAT	32.0	8273.6	-1.263
GTCACT	7.0	3746.0	-1.262
ACCGTT	4.0	910.0	-1.262
ACGTGG	5.0	2554.5	-1.258
AACCAG	10.0	4691.3	-1.258
TTGTAC	11.0	3269.6	-1.257
ATGTTT	36.0	9216.7	-1.257
GGGGGT	20.0	5611.8	-1.255
AGACAG	22.0	9196.4	-1.255
TAACAT	17.0	4097.9	-1.253
CAACCA	16.0	3902.5	-1.253
AGCAGC	29.0	7365.1	-1.252
TAGTCA	7.0	2940.6	-1.251
AAAATA	33.0	14481.4	-1.247
TCTAAT	14.0	3417.2	-1.245
TGTTCT	11.0	7363.8	-1.244
TACGTC	4.0	554.8	-1.242
AGGTTT	23.0	5870.0	-1.241
CCTATC	9.0	1861.5	-1.241
ATAGTA	15.0	3535.1	-1.241
TGTTAG	9.0	4349.5	-1.239
GCAATA	7.0	2552.4	-1.238
TTGGCA	17.0	4858.1	-1.238
CTAACA	1.0	2832.6	-1.234
ACCAGG	22.0	5579.8	-1.234
TTCAAT	14.0	4103.4	-1.232
ATAAAA	29.0	12777.8	-1.232
GCGCTC	1.0	2343.8	-1.231
TTTGAA	38.0	9889.9	-1.228
TAGTAA	16.0	3832.3	-1.228
AGTCTG	16.0	5326.9	-1.225
TATTAT	9.0	6664.8	-1.225
GGTTTT	37.0	9578.1	-1.224
GAAAAA	35.0	11339.9	-1.223
AGCCGC	10.0	2581.3	-1.223
TGTAGC	15.0	4685.9	-1.219
TTTCCC	20.0	7420.3	-1.217
GGCCGT	5.0	1565.4	-1.214
CCTGAT	10.0	4144.2	-1.213
GGGTAT	8.0	3059.5	-1.213
CGTTTG	2.0	1941.3	-1.211
TTGGAT	21.0	5308.2	-1.211
CCTCTA	9.0	3028.8	-1.211
CGCTAG	3.0	821.3	-1.211
ACCTTG	8.0	4177.5	-1.209
TGCCCC	20.0	5015.8	-1.209
ACATGC	19.0	4724.6	-1.206
GCCACT	7.0	3696.2	-1.205
TTCCTA	17.0	4483.6	-1.205
CCTATT	12.0	2716.1	-1.204
GTCTAA	10.0	2159.1	-1.203
AGCATA	15.0	3570.3	-1.200
GCTGAG	32.0	8360.4	-1.198
AGAAGT	19.0	6432.5	-1.198
TTCTTA	23.0	5920.3	-1.196
CCCTGC	20.0	6650.2	-1.194
CATGCG	8.0	1619.9	-1.193
AAAGAA	42.0	15312.5	-1.193
ACGTAC	1.0	795.4	-1.188
AAAGCC	10.0	5209.4	-1.188
TAGTCT	14.0	3295.7	-1.186
CCAAAA	23.0	5932.9	-1.185
CTACAT	15.0	3585.1	-1.183
CTAGAG	17.0	4164.5	-1.181
AACTCA	24.0	6239.4	-1.180
TGTCCT	27.0	6847.7	-1.178
CTGTAA	21.0	5343.3	-1.178
AGTCAG	21.0	5343.9	-1.178
TAAAGT	22.0	5644.1	-1.175
TCGCCC	7.0	1496.4	-1.175
TGCACA	10.0	6678.8	-1.174
GTCGTG	7.0	1360.5	-1.173
ATAAAC	19.0	4759.5	-1.171
CGGAGC	2.0	3571.4	-1.171
CCCGGG	8.0	5151.5	-1.166
CTAGGT	12.0	2747.0	-1.165
GTGTAC	15.0	3601.2	-1.164
GTATCC	6.0	2223.7	-1.164
GGATTG	15.0	3963.8	-1.163
CCCTTG	14.0	4621.5	-1.160
GCATAA	4.0	2568.1	-1.160
TCACTC	9.0	3374.9	-1.156
CAAGGA	22.0	5668.1	-1.154
GCAGCC	25.0	6573.4	-1.154
CAGTTC	7.0	4399.0	-1.154
CGCCCC	16.0	3901.9	-1.153
CCGCAC	8.0	1643.0	-1.152
CAATTT	20.0	5075.0	-1.152
TAAAGA	29.0	7499.5	-1.148
TTAAAT	33.0	8747.8	-1.145
TTGAGT	18.0	5660.4	-1.143
GTATTA	11.0	3109.1	-1.142
AAAACC	7.0	6209.4	-1.139
CCAAAC	13.0	3961.5	-1.135
ACCTTC	13.0	3707.5	-1.135
TTGAAA	31.0	8718.7	-1.135
ATAGTT	10.0	4420.7	-1.134
GAATCT	3.0	3813.8	-1.134
AATAAA	37.0	14734.4	-1.133
CTCTTC	23.0	5995.8	-1.132
CAGCTA	16.0	3921.1	-1.132
CCTGCC	24.0	7739.4	-1.132
TGTACC	5.0	3122.7	-1.131
ATCTGA	19.0	4802.3	-1.130
CTAAGC	4.0	2554.4	-1.129
GGTCAA	2.0	2335.8	-1.129
CGCCGA	6.0	1116.9	-1.128
ATCAGT	15.0	3636.2	-1.126
GCTGTG	20.0	8457.4	-1.126
CTCGTG	3.0	1731.3	-1.125
GCTCCG	5.0	3152.2	-1.123
CCGGTG	7.0	2289.2	-1.123
TTGGGG	28.0	7477.7	-1.120
CGTTTA	6.0	1120.4	-1.120
CGGAGT	6.0	1742.7	-1.120
GAGCGA	10.0	2218.6	-1.119
GTCCCA	9.0	3959.7	-1.117
CTGAAG	28.0	7367.4	-1.116
CACAAA	23.0	6014.1	-1.116
CCGGTA	5.0	858.4	-1.113
TCTCAC	15.0	3649.2	-1.112
TAAATT	19.0	7151.7	-1.111
TAGGGA	17.0	4233.9	-1.111
CGGGAC	11.0	2507.0	-1.109
CCGGCC	6.0	3079.2	-1.109
CTCTTG	10.0	5139.7	-1.107
GTGGTG	19.0	7590.3	-1.104
TAGCCG	4.0	959.0	-1.103
ACGCTT	3.0	1106.2	-1.103
ATCGAC	4.0	602.7	-1.103
ATTAGT	13.0	3376.4	-1.102
AGTGTG	30.0	7871.5	-1.102
CCGGGT	9.0	2522.4	-1.102
CACCAA	12.0	4020.4	-1.101
ACTTGG	10.0	5407.9	-1.101
TTGAAG	24.0	6335.9	-1.101
TATTAG	15.0	3660.0	-1.101
TTTGTT	57.0	21382.0	-1.099
GTAGCC	2.0	3288.5	-1.098
TTTAAT	39.0	10413.7	-1.097
TTCTAC	14.0	3374.4	-1.096
ACAATT	17.0	4249.2	-1.095
CCAATC	3.0	2514.8	-1.091
GTTGAT	14.0	3424.8	-1.091
CTCCGG	7.0	2934.1	-1.090
AGGGTA	6.0	3360.2	-1.089
GACGTT	5.0	1094.6	-1.088
CTCAGG	25.0	6659.0	-1.087
TCCGAG	7.0	2199.5	-1.084
TTTGTA	31.0	8210.5	-1.083
GCCGTG	8.0	2257.5	-1.081
GTAAGT	12.0	3784.2	-1.081
TCTGCA	24.0	6363.3	-1.079
TTCGGA	1.0	1285.5	-1.078
ACGTGA	9.0	1968.1	-1.077
TTATCT	13.0	4668.6	-1.076
GAGGGT	13.0	5278.5	-1.073
CCGCTT	4.0	1664.7	-1.072
TCGAGC	4.0	1212.0	-1.071
AGTGGG	22.0	7344.3	-1.069
CCACCA	24.0	6378.2	-1.067
TGGTCT	20.0	5171.4	-1.066
GCCCCG	15.0	4085.2	-1.066
TGTGAA	20.0	6963.4	-1.065
TGCCTT	10.0	6821.0	-1.064
CCAGCT	22.0	6474.9	-1.064
TATTAC	6.0	2852.6	-1.063
GTTTTG	33.0	11635.8	-1.062
GCCTTT	24.0	6386.0	-1.061
CAGCTT	23.0	6083.1	-1.060
GGTATG	3.0	3467.2	-1.059
CACACA	20.0	17703.1	-1.059
CCGAGT	2.0	2273.2	-1.059
CTGCTT	28.0	7317.4	-1.055
CACTCT	16.0	3997.4	-1.054
ACTCTT	16.0	3997.8	-1.054
ATAACC	10.0	2347.3	-1.054
TTTACA	22.0	6438.4	-1.052
AGTACC	11.0	2552.5	-1.051
GGACCG	5.0	2048.5	-1.051
TTACAC	3.0	2794.5	-1.050
GTTGTC	4.0	3134.6	-1.050
CATTTA	13.0	6359.9	-1.048
AACATG	20.0	5193.1	-1.047
AGAGAC	25.0	6714.0	-1.045
AGTGAA	9.0	5658.5	-1.044
GTGACA	9.0	4874.4	-1.044
TAGTTG	11.0	3355.8	-1.044
GGAAGC	6.0	6459.9	-1.043
TCGAGG	9.0	2032.1	-1.042
TCTTCA	14.0	6154.6	-1.039
GTTGTG	20.0	5205.1	-1.037
TGCATA	20.0	5206.6	-1.036
AACCTA	7.0	2789.2	-1.033
CGTGTC	1.0	1746.4	-1.033
TTCCCC	22.0	5815.0	-1.032
GAATTA	15.0	4183.8	-1.031
GCCGTA	1.0	691.3	-1.030
GATAAA	8.0	5376.0	-1.030
ATATAT	49.0	13500.6	-1.030
TACAGG	12.0	4266.4	-1.029
CGAAGT	1.0	1094.8	-1.028
AGCTAT	14.0	3439.5	-1.027
CGCAGT	1.0	1602.2	-1.024
TGGCAC	11.0	4016.8	-1.022
GTTGGC	14.0	3445.1	-1.020
TTCATG	13.0	5680.8	-1.020
GGTATT	14.0	3447.2	-1.018
ACTATG	13.0	3315.7	-1.017
GTCTGA	17.0	4336.8	-1.013
TGATCG	4.0	913.6	-1.009
GCACAG	13.0	5942.4	-1.009
CGTGAC	6.0	1564.9	-1.009
TATAGG	12.0	2875.7	-1.009
GTCTGG	19.0	4938.6	-1.008
GAGACG	6.0	2123.9	-1.008
TCAATA	12.0	3418.2	-1.007
CAACAT	15.0	3751.7	-1.007
CCTGCA	16.0	6355.9	-1.006
AAGTAT	12.0	4840.1	-1.006
GAGACC	8.0	4693.1	-1.005
GTAGTC	5.0	2121.4	-1.002
TACCAG	7.0	3284.8	-1.000
GAACCT	15.0	3764.9	-0.994
AATAAC	15.0	3765.1	-0.993
TATGAA	23.0	6170.2	-0.993
ATTTCG	5.0	913.1	-0.992
TAAGCC	1.0	2643.0	-0.991
GAGGAA	23.0	9469.2	-0.989
TTTGGC	13.0	4527.9	-0.987
AATGTC	12.0	3961.7	-0.986
CCTGGA	23.0	8412.4	-0.984
CGTACC	1.0	594.0	-0.984
ATATTC	7.0	4092.2	-0.984
TACCTG	10.0	4105.9	-0.983
TGCTTC	23.0	6184.1	-0.982
CAATAA	17.0	4370.8	-0.982
GCTGTA	16.0	4074.1	-0.981
TAGTTT	23.0	6187.1	-0.980
GTCTTG	8.0	4230.9	-0.979
GTCCAA	8.0	2439.4	-0.979
GTCTAT	3.0	2639.0	-0.976
AGCCGG	12.0	2990.9	-0.974
CCTTCA	18.0	4679.1	-0.974
GGTTAG	12.0	2907.8	-0.973
GCCAGG	28.0	7437.8	-0.972
AGGGTT	21.0	5618.4	-0.969
TGTTTA	30.0	8069.9	-0.969
ACACTC	13.0	3203.3	-0.968
TAAAGG	21.0	5592.5	-0.968
GGGGGA	27.0	7552.3	-0.967
GTTACC	9.0	2047.5	-0.967
TACAAA	6.0	6063.1	-0.966
GGGACG	4.0	2495.1	-0.966
GGCAAT	11.0	2624.2	-0.965
TCTATA	10.0	3561.2	-0.965
CATGTG	11.0	8686.6	-0.964
CCTTCC	11.0	6991.3	-0.964
CTAAAA	20.0	5297.2	-0.961
ACCATC	11.0	3479.3	-0.959
TGACCT	17.0	4955.2	-0.959
CGTGGG	5.0	3450.3	-0.958
TCATTA	16.0	4100.3	-0.957
ATCCCG	5.0	1470.7	-0.955
ACGTAT	1.0	1023.2	-0.953
GCAGAG	35.0	9807.2	-0.953
AGGCTG	15.0	8677.6	-0.951
ACGTCG	1.0	421.7	-0.949
TTGCTG	29.0	7786.3	-0.948
TGAGTC	16.0	4124.4	-0.948
GGTGAG	14.0	6887.7	-0.948
CTTTGT	31.0	8418.0	-0.948
ATTTGC	15.0	4895.5	-0.947
GTGAAT	5.0	4507.1	-0.947
GCTTCC	22.0	5928.8	-0.945
GATAGG	3.0	2950.4	-0.944
TCTAAC	2.0	2271.1	-0.944
TCAAGA	17.0	4414.8	-0.943
GGATTT	11.0	6475.2	-0.943
CAAAGA	9.0	6829.4	-0.943
TTTGCC	17.0	5270.2	-0.942
TAATAG	14.0	3523.2	-0.942
ATTAAC	4.0	2922.0	-0.941
TCCAAA	16.0	5022.6	-0.940
TCAGCA	7.0	5466.8	-0.939
ACATGT	15.0	6227.6	-0.939
TAAAAA	52.0	14374.3	-0.936
GGATCT	15.0	3828.1	-0.934
ACAAAT	21.0	6128.3	-0.933
CACGTG	4.0	3302.2	-0.933
CGGATA	3.0	595.4	-0.932
CGTATT	4.0	808.9	-0.931
TTTCCT	32.0	10264.6	-0.930
TCTAGT	12.0	2947.8	-0.929
ATGTAT	32.0	9753.7	-0.929
AACATC	14.0	3537.9	-0.929
CCTAAA	8.0	3583.3	-0.929
ATTAGG	12.0	2948.0	-0.928
GGGAGC	20.0	6607.1	-0.928
GCTGGG	39.0	10709.3	-0.928
TTGAGG	10.0	5727.8	-0.927
TTAGGG	11.0	3666.3	-0.927
AACAAG	9.0	5147.2	-0.925
GAAGCA	12.0	6368.5	-0.924
AAAGGC	10.0	5707.0	-0.922
GGCCAA	14.0	3546.5	-0.920
ACTGTC	14.0	3547.5	-0.919
GTAAAA	21.0	5767.9	-0.916
GAACTG	18.0	5201.6	-0.916
GCCATA	10.0	2379.1	-0.913
ATTACA	10.0	4864.3	-0.913
TAGAGC	7.0	2970.8	-0.911
CGGCTC	10.0	2383.1	-0.908
ATCGCT	5.0	958.7	-0.906
GCGCCT	3.0	2455.3	-0.905
CGCGGG	12.0	2971.6	-0.905
CCTTAC	10.0	2386.1	-0.905
TTTGGA	22.0	7869.1	-0.901
CCTTGA	13.0	4898.1	-0.901
GGCAGG	20.0	9067.3	-0.901
TCAATG	6.0	3281.3	-0.900
GTCGTT	1.0	912.2	-0.899
GCTCTA	1.0	2788.3	-0.897
CGTGCC	2.0	1757.0	-0.897
AGAGGA	28.0	9751.6	-0.895
AGTGAT	17.0	4472.1	-0.894
TTTCTT	49.0	15626.4	-0.893
GGGAAG	28.0	9565.1	-0.892
TTAGAA	15.0	6475.2	-0.892
TGCCGC	1.0	1925.6	-0.892
GGTCTT	9.0	4236.1	-0.891
AGTTGG	19.0	5083.4	-0.891
TTTTGA	28.0	9866.4	-0.890
ACGAGA	7.0	1533.4	-0.889
GGGGAT	5.0	5003.3	-0.888
TACTAT	10.0	3032.7	-0.887
AAATCA	12.0	5949.0	-0.887
GCTTTA	7.0	4517.3	-0.885
TCTAGA	15.0	3882.5	-0.885
AGGCCA	19.0	6260.1	-0.885
GTTATC	9.0	2114.9	-0.883
ACGTGT	8.0	2331.1	-0.883
CGGTAT	1.0	610.2	-0.881
TGTGAT	22.0	6016.5	-0.881
GTCTTC	17.0	4489.6	-0.881
ATTAGC	10.0	2409.9	-0.879
AGCAAA	7.0	6528.5	-0.877
GCGAAC	1.0	903.4	-0.877
AACCGA	6.0	1260.9	-0.872
GGGAGA	21.0	8936.5	-0.869
AGTGAG	27.0	7282.1	-0.869
GTGGCT	24.0	6657.6	-0.868
GCCGTT	1.0	1087.7	-0.866
GCTTTG	25.0	6972.5	-0.866
TGGACC	6.0	3647.5	-0.865
GCCCGA	8.0	1839.7	-0.865
GGCAAC	1.0	2654.3	-0.861
GTGACG	7.0	1554.2	-0.859
CTGCAC	10.0	4750.4	-0.858
GTAAAG	12.0	4407.2	-0.857
CGAAAA	6.0	1442.1	-0.856
ATCCCT	9.0	4279.1	-0.855
CAGCCC	24.0	6677.6	-0.854
ATTCTC	6.0	3835.1	-0.854
AGGGAA	26.0	8259.1	-0.854
GTTCAG	17.0	4522.1	-0.853
GAGTCC	15.0	3919.6	-0.853
AATCTT	12.0	4760.9	-0.852
CACCAT	12.0	4781.5	-0.849
TTCTTT	54.0	15262.2	-0.849
CATCCG	1.0	1316.8	-0.848
GGGTAC	6.0	2342.2	-0.848
CCGCGC	2.0	2650.0	-0.847
TGTCGA	2.0	836.8	-0.845
GTCCTT	12.0	4734.7	-0.844
CCAGTA	14.0	3628.4	-0.844
ACCCAT	11.0	3465.0	-0.839
CAGCAC	16.0	5900.3	-0.838
GATGGT	10.0	4875.5	-0.838
CAGTCT	18.0	4847.3	-0.837
AAGCAT	4.0	5116.6	-0.836
CAACAA	19.0	5160.8	-0.833
CTATCT	13.0	3342.7	-0.832
ACTCAT	13.0	3343.6	-0.831
CTTGTC	12.0	4088.9	-0.831
TCTCGT	2.0	1189.6	-0.830
ATTTCC	11.0	5865.8	-0.829
TCCTGT	17.0	6824.1	-0.828
AATATA	25.0	7038.2	-0.825
ATGTCA	12.0	4569.9	-0.823
CACTGT	21.0	5919.2	-0.823
TTATTG	7.0	5751.3	-0.823
GCTTGG	18.0	5343.4	-0.821
ATGGGT	17.0	4566.2	-0.820
GCAGTC	14.0	3658.2	-0.819
AACGCC	6.0	1295.8	-0.818
CAGGAG	32.0	8964.5	-0.817
TATATG	11.0	7854.6	-0.816
AGTAGT	13.0	3360.5	-0.816
CCGCTG	3.0	2871.4	-0.816
AACTTG	15.0	4921.9	-0.815
CAAATA	20.0	5495.7	-0.814
TGGCCT	22.0	6911.7	-0.811
TAACCA	11.0	3352.0	-0.810
ATAACA	16.0	4274.8	-0.809
ACAAGC	7.0	3334.2	-0.809
GCAATC	4.0	1980.2	-0.808
GTCTGC	3.0	4248.1	-0.807
TCTGTG	34.0	9634.5	-0.806
CGGTCA	1.0	1025.1	-0.806
GGGCGA	10.0	2477.8	-0.805
GCCGCT	4.0	2410.7	-0.804
TTGTGA	22.0	6842.6	-0.803
TCAAAA	23.0	6448.9	-0.801
GGCGCC	12.0	3077.9	-0.800
TATCTG	17.0	4592.6	-0.800
TACTGT	13.0	4285.7	-0.799
CGTGCA	2.0	2340.4	-0.797
AGAGAT	25.0	7084.6	-0.797
CGCTCA	1.0	1505.5	-0.796
TATTCA	7.0	4497.9	-0.796
CAGCAG	31.0	8813.6	-0.796
GGCGGC	18.0	4905.8	-0.795
TTTGTG	37.0	10317.6	-0.792
CTGTGT	35.0	9989.7	-0.792
AACACT	8.0	4213.8	-0.791
AAACAC	21.0	5840.8	-0.790
TCCGCC	9.0	2392.3	-0.790
AATCCC	10.0	3841.4	-0.789
TGGGCA	12.0	6394.8	-0.789
AATTTA	25.0	7098.1	-0.788
GGCCTA	5.0	2293.7	-0.787
CTCATG	15.0	3999.4	-0.786
AAATGG	27.0	7419.2	-0.786
ATGTCT	19.0	5228.3	-0.784
GGTAGG	8.0	4304.1	-0.784
TTGGCC	14.0	3700.0	-0.783
TTTGGT	15.0	8261.4	-0.781
GGCCAG	20.0	6983.8	-0.781
CACCCC	18.0	5444.5	-0.779
AAGAAA	31.0	15749.7	-0.779
GAGCAA	17.0	4620.4	-0.778
CAAGTG	18.0	4932.8	-0.775
GAGATA	16.0	4318.6	-0.775
CTAGCT	13.0	3407.1	-0.775
GACGCG	4.0	1373.5	-0.773
GTCGCT	2.0	1408.2	-0.773
TATTCT	11.0	5058.3	-0.772
AGTAAC	11.0	2811.8	-0.770
ATCAAA	6.0	4939.3	-0.766
GGTCCA	5.0	2835.2	-0.764
CTTTGA	22.0	7239.4	-0.764
TCTTAA	15.0	5189.7	-0.763
TTCTTG	21.0	7224.3	-0.763
ACGGGT	2.0	1098.5	-0.763
ACTAGT	6.0	1989.4	-0.762
CCGCAT	2.0	989.7	-0.762
TTGTGC	9.0	4451.6	-0.761
ACAACT	9.0	3359.3	-0.760
TGTTAT	16.0	5346.4	-0.760
GAATAG	9.0	3516.5	-0.759
CCGTGT	5.0	2179.9	-0.759
CCGCAG	12.0	3124.1	-0.758
CTGAGT	17.0	6976.8	-0.755
AAATAA	42.0	14229.4	-0.754
CGCGCT	2.0	1824.5	-0.753
CGATGG	4.0	1553.7	-0.753
TCCCAC	17.0	4696.8	-0.750
CTATAA	9.0	3344.7	-0.749
TGGGGA	32.0	9097.3	-0.749
ACGGGC	2.0	1451.4	-0.748
CGAGAA	8.0	1939.4	-0.745
TATCCC	8.0	2615.9	-0.745
CTAATT	13.0	3443.1	-0.745
CTTAGC	10.0	2980.9	-0.744
GCCGGC	7.0	3043.7	-0.742
CGACAG	1.0	1413.8	-0.741
GAAAAC	11.0	6371.4	-0.741
TACGTG	7.0	1646.3	-0.741
CCTGGT	10.0	5705.4	-0.740
GAGTTG	15.0	5012.5	-0.738
GTATTT	26.0	7185.0	-0.738
CGGCCA	9.0	2244.7	-0.738
ATAACG	3.0	725.2	-0.737
CTAATC	7.0	1650.3	-0.736
ATATCA	14.0	3759.6	-0.735
GGATTA	14.0	3766.9	-0.730
ATTTGA	25.0	7201.0	-0.730
CAATCA	2.0	2982.9	-0.729
CGCATC	5.0	1064.8	-0.729
TGAGCC	8.0	5719.6	-0.728
GCACAT	16.0	4386.3	-0.726
ATAGAA	14.0	6010.8	-0.724
TACTAA	6.0	2769.2	-0.724
AGTAAT	6.0	4232.9	-0.724
TCCTGA	15.0	6412.9	-0.724
AGTCGG	7.0	1660.1	-0.724
CAGCGC	5.0	2788.1	-0.723
AATGGT	12.0	4295.9	-0.720
AGTTGT	15.0	4948.6	-0.719
AACCCT	16.0	4395.1	-0.719
AAGGTT	11.0	4294.1	-0.719
GAGTTC	18.0	5588.0	-0.719
CAGTTG	9.0	4646.5	-0.718
ACCTTA	2.0	2584.7	-0.718
CCAGTC	6.0	3838.4	-0.717
AACCCA	8.0	4969.4	-0.716
GCTTAC	9.0	2266.5	-0.716
AGGTGC	12.0	4393.5	-0.715
AAATCT	11.0	5765.5	-0.714
CATCTT	20.0	5647.0	-0.714
ACTAAA	8.0	4140.4	-0.713
AATTTC	20.0	5647.5	-0.713
CTTTAC	13.0	3486.6	-0.710
TAGAGT	15.0	4101.0	-0.709
TGTGCT	23.0	7493.0	-0.703
TAATCT	7.0	3300.4	-0.703
GGCCTC	19.0	5350.1	-0.703
ACGAGG	8.0	1978.5	-0.703
CGGGGC	17.0	4728.7	-0.703
ACTAAG	8.0	2981.5	-0.703
TCTGCT	17.0	6734.0	-0.700
AGTGCG	7.0	1853.4	-0.700
ATCTGT	20.0	5669.1	-0.700
GGCTCA	5.0	4879.0	-0.700
CCAATT	6.0	2833.5	-0.699
GTTTAG	15.0	4117.1	-0.697
AATTTG	20.0	6371.1	-0.697
CAGCCT	27.0	7584.2	-0.695
GACAGG	22.0	6314.0	-0.692
AGCATC	2.0	4498.8	-0.692
TGGCGG	4.0	3312.9	-0.691
ACACAG	23.0	7705.0	-0.691
ATAAGC	10.0	2596.9	-0.689
TTCTGC	21.0	6003.3	-0.689
GTGAGT	25.0	7277.7	-0.688
CAACGA	2.0	1024.2	-0.687
TCTCGA	5.0	1236.3	-0.687
ACAGGA	23.0	6647.3	-0.683
TGGACA	19.0	5386.5	-0.681
ATACTA	10.0	2606.5	-0.680
TTCGTC	1.0	860.3	-0.680
GGGGGC	20.0	5826.7	-0.680
TGTGTC	22.0	6337.7	-0.679
AGGTGA	21.0	6024.8	-0.676
TAATGA	9.0	5329.2	-0.676
GAGCTG	28.0	8687.7	-0.673
CATATT	16.0	4704.9	-0.672
CTGTGA	25.0	7308.6	-0.671
AGGGGA	17.0	8143.1	-0.670
GCGGAG	2.0	4067.2	-0.670
CGGTAG	5.0	1106.1	-0.670
CCCTGA	19.0	5440.0	-0.668
TACGTT	3.0	958.1	-0.666
CATTTG	26.0	7319.2	-0.666
AAGTTA	15.0	4648.9	-0.666
TAGCCC	12.0	3235.8	-0.666
TACCTT	13.0	3545.0	-0.664
CTATTA	4.0	3119.0	-0.662
CAACTA	3.0	2075.7	-0.662
ATAGGT	11.0	2934.9	-0.661
TTAGCT	13.0	3838.0	-0.660
CTTATT	7.0	4561.3	-0.658
TTAGCA	14.0	3864.5	-0.656
ACTCCT	12.0	3759.6	-0.654
AAACGG	6.0	1419.7	-0.654
AATGTG	23.0	6702.2	-0.653
ATTAAA	33.0	9628.7	-0.653
TAGTTA	13.0	3566.6	-0.649
GAACAT	2.0	4482.1	-0.648
CTCGCC	8.0	2034.1	-0.646
TTTCAG	25.0	7358.1	-0.646
GGGTAG	8.0	4002.6	-0.645
GTCATT	14.0	3882.0	-0.644
GGCGTC	4.0	1860.6	-0.643
CTATAT	3.0	3278.9	-0.642
AGGCCT	17.0	4822.0	-0.642
GAAGCC	19.0	5452.3	-0.641
ATGATA	17.0	4824.5	-0.640
GGCCTG	19.0	6183.5	-0.639
GGCATC	13.0	3578.4	-0.639
AAATAG	21.0	6091.6	-0.639
GATAAG	11.0	2963.5	-0.638
TTTAAA	42.0	16487.3	-0.637
AGGCCG	9.0	2351.5	-0.635
AAGCGC	5.0	1490.1	-0.630
TGAAAT	18.0	8079.6	-0.628
GTCTGT	21.0	6110.2	-0.628
GCACCA	14.0	3906.3	-0.627
ACATAG	14.0	3906.8	-0.627
GCATTT	20.0	6572.7	-0.627
GCAACT	2.0	2657.8	-0.627
TAACCG	2.0	811.4	-0.626
TATGGC	5.0	2795.5	-0.626
GAGACA	23.0	7472.0	-0.625
TTGCTT	27.0	8718.8	-0.624
GTCCTC	9.0	3942.2	-0.624
TTGCGT	3.0	1234.2	-0.623
CATTGG	15.0	4227.7	-0.622
ATAATA	23.0	6762.1	-0.621
ATTGGT	7.0	3983.0	-0.621
GCCGAT	4.0	839.9	-0.619
GCCCTG	25.0	7413.8	-0.619
TGATCA	5.0	3699.6	-0.619
TCCGGT	6.0	1451.8	-0.618
CAGTAA	5.0	4132.2	-0.618
GATGGC	12.0	5438.5	-0.617
AGGGCC	9.0	4483.7	-0.616
CCTTTG	17.0	6773.4	-0.616
AACCCG	4.0	1479.1	-0.616
CCTGTG	28.0	8069.8	-0.616
GCGTGC	1.0	3174.5	-0.613
GGCGTG	7.0	3552.7	-0.613
CTGCAA	10.0	4594.3	-0.611
GGGTTG	11.0	4934.4	-0.611
TACCGC	4.0	845.9	-0.610
ACACGC	7.0	1764.5	-0.610
TCATAT	6.0	4187.4	-0.610
AAGCCT	3.0	4866.2	-0.610
CGTCAT	3.0	931.0	-0.609
ACGAAG	6.0	1460.7	-0.608
TCAACG	1.0	857.1	-0.607
TATGAC	10.0	2693.1	-0.607
ATAATT	5.0	6347.9	-0.606
GCGAAG	6.0	1549.9	-0.605
ATGTCG	4.0	850.5	-0.603
TGATTC	4.0	3629.6	-0.602
TTCTAA	8.0	5165.9	-0.601
GTTGTT	26.0	7452.2	-0.600
CCCCAT	9.0	4000.7	-0.600
CAGGGC	5.0	6949.7	-0.598
CTGAAT	8.0	4697.4	-0.597
GCATTC	11.0	3217.1	-0.597
ACGTTT	7.0	1779.0	-0.597
CCCAAA	18.0	5213.9	-0.596
CGGTTC	4.0	1229.3	-0.596
TGGCGA	1.0	1840.9	-0.595
ATAGGA	8.0	3873.1	-0.594
ACGGTG	5.0	1841.8	-0.594
CGAGCG	1.0	1745.4	-0.593
TAGGAA	15.0	5580.5	-0.593
TCTACT	6.0	3056.1	-0.590
TTCAGA	21.0	7001.5	-0.590
GAAATT	21.0	6532.8	-0.589
AACAGC	9.0	4411.6	-0.589
CGGGTT	6.0	1584.0	-0.588
CTCAAT	10.0	2717.0	-0.588
GGGCCC	11.0	4057.8	-0.588
TTTTAG	14.0	7523.8	-0.587
TAATTT	19.0	9059.3	-0.586
CCTCAA	6.0	3735.5	-0.585
GCCTTA	10.0	2721.2	-0.584
GACCTA	5.0	2231.4	-0.584
ATTTAC	14.0	4510.0	-0.582
GTAGGT	1.0	3306.5	-0.582
AGCTTT	15.0	6431.0	-0.581
ACCAGT	6.0	3529.3	-0.579
CCTTGC	15.0	4294.7	-0.579
ATAACT	13.0	3666.8	-0.578
AGGCAT	15.0	4909.9	-0.578
GGAGAC	5.0	5761.7	-0.577
CTCTAA	3.0	3142.7	-0.576
ATGATT	18.0	5250.4	-0.576
ATTGCT	15.0	5267.4	-0.575
ATTCAC	11.0	3046.3	-0.574
TCCACG	7.0	1803.0	-0.572
TGGTAC	8.0	2900.0	-0.571
TCACCA	11.0	4234.3	-0.570
ACATAT	19.0	6310.8	-0.569
GGATTC	7.0	3435.4	-0.568
GCCTCT	21.0	6229.7	-0.566
AGAAGC	19.0	6611.4	-0.563
TACAAC	9.0	2436.9	-0.563
CGAAGA	6.0	1502.3	-0.562
GGCCGA	6.0	2151.4	-0.560
GGTAGC	3.0	2674.6	-0.560
ATCCTC	12.0	3382.8	-0.559
CTGCCA	19.0	5892.2	-0.557
GGCCAT	14.0	4016.8	-0.556
ATGACT	10.0	4416.1	-0.555
ATGGTC	10.0	2760.9	-0.554
AGGTAA	14.0	4628.6	-0.554
TAGTGG	10.0	3423.0	-0.554
ATTGTC	11.0	3074.3	-0.554
CCTGAG	13.0	7373.3	-0.553
TTCCGC	1.0	1472.5	-0.552
TGATAA	16.0	4999.2	-0.551
GCTAAC	4.0	1911.3	-0.551
CGGCGC	9.0	2552.9	-0.550
CTTTTA	25.0	7841.2	-0.550
AATGAA	10.0	9492.8	-0.547
CCTCTC	17.0	5622.8	-0.547
GACATA	11.0	3087.3	-0.545
CAAAAC	17.0	6352.5	-0.545
AAATTA	28.0	8229.7	-0.545
CATCTG	19.0	5629.3	-0.544
ATAAAG	8.0	6401.4	-0.544
AGAACA	23.0	6923.7	-0.544
CTACAG	9.0	4394.8	-0.540
TATATC	8.0	2951.3	-0.539
TCGAGT	5.0	1213.0	-0.539
GGAGGC	19.0	7945.5	-0.539
TTATTT	45.0	16707.2	-0.538
GAAGTC	5.0	3976.6	-0.538
GAATTT	22.0	7217.6	-0.538
AAAGTA	21.0	6292.0	-0.535
CGTCCA	5.0	1216.8	-0.534
AAGACC	9.0	4024.9	-0.534
TTGGGC	10.0	3878.1	-0.533
GACGGT	1.0	1187.3	-0.533
AGAGTC	14.0	4165.3	-0.532
ACGTCC	3.0	1143.2	-0.530
GTAGAG	9.0	4202.5	-0.530
AAGCTA	12.0	3427.8	-0.528
GTGGTC	12.0	3427.1	-0.528
AGCCCT	19.0	5661.8	-0.528
CGGTGT	6.0	1771.7	-0.528
GCAAAT	11.0	4356.1	-0.527
TCATTT	17.0	8404.3	-0.526
CAATGG	11.0	4070.3	-0.525
GATTTG	8.0	5190.7	-0.525
AGTAGG	3.0	3542.8	-0.523
TAGAGA	11.0	5775.2	-0.523
AAAATC	16.0	6019.8	-0.521
TCTTAC	6.0	3035.5	-0.519
TCATCT	16.0	4717.2	-0.519
GGGCGT	4.0	2615.5	-0.517
AGAGCG	9.0	2496.9	-0.517
AAGGAT	15.0	5206.0	-0.517
CCGCCT	10.0	2889.9	-0.517
AAAGGT	14.0	5097.5	-0.516
TGTCTC	20.0	6012.0	-0.515
CTCTTA	13.0	3768.4	-0.514
TTAGCC	5.0	2714.9	-0.513
ATCGCC	4.0	917.6	-0.513
TTATAA	21.0	6340.1	-0.513
GCACGG	1.0	2130.0	-0.512
AAGACA	11.0	7160.5	-0.512
TTTCAA	15.0	6705.5	-0.512
CGTTCA	3.0	1041.1	-0.511
ACCTAG	4.0	2655.6	-0.511
AGACAA	11.0	5664.1	-0.509
TGTAAG	15.0	5044.8	-0.509
TGAGAT	14.0	5931.7	-0.507
GCTATC	5.0	2039.5	-0.505
CTATGG	3.0	3198.6	-0.504
CGCTGG	9.0	2815.3	-0.503
CCAGTG	19.0	5985.7	-0.502
TTCGCC	1.0	1103.6	-0.501
GCGTAG	2.0	955.0	-0.500
GCGCAG	3.0	3226.9	-0.500
ATCTGG	6.0	4551.6	-0.499
GCGTGA	4.0	1556.8	-0.497
TCTTTA	22.0	6705.6	-0.495
TGAACA	18.0	5409.9	-0.493
TGCGCT	2.0	1746.9	-0.493
GCCGCC	9.0	3887.9	-0.492
GGAACT	18.0	5514.3	-0.492
CGGCAG	9.0	2832.2	-0.491
ACCAGC	14.0	4129.6	-0.489
CTACCC	8.0	2587.5	-0.489
ATGGGC	13.0	3812.0	-0.488
AGATCA	10.0	3958.1	-0.487
CCTCCT	8.0	7130.1	-0.486
CAATAT	12.0	3498.7	-0.484
GACCAA	11.0	3421.6	-0.484
CTGAAC	10.0	4069.2	-0.482
TTAAAA	51.0	15273.0	-0.482
TCGTCC	2.0	1233.9	-0.482
ACGAGT	4.0	1150.1	-0.481
GAAAAG	29.0	8722.1	-0.481
TATCAC	8.0	2228.8	-0.480
AGCCTG	25.0	7733.2	-0.478
GTATCA	9.0	2551.5	-0.478
GTGCTT	18.0	5454.9	-0.472
TACGGC	3.0	625.5	-0.472
ATGAGT	17.0	5135.2	-0.470
TACGCC	3.0	627.8	-0.469
ATCAGC	5.0	3125.8	-0.468
TGCTTT	33.0	10103.9	-0.468
CTCTAC	8.0	2714.8	-0.468
TCCTAG	8.0	3559.4	-0.466
ACAAAG	15.0	6737.1	-0.466
GACAAA	15.0	5219.0	-0.466
CACATG	17.0	6795.3	-0.465
AGCACA	14.0	5700.8	-0.465
AAGCGA	4.0	1342.8	-0.464
TTGGTG	15.0	6083.1	-0.463
GCTGGA	10.0	7582.8	-0.462
CTGGAT	17.0	5152.3	-0.461
GATTCT	14.0	4185.1	-0.459
TGAATT	12.0	6593.6	-0.459
CCAACC	11.0	3221.1	-0.459
TCCACC	10.0	4097.6	-0.459
TCTTGA	16.0	4835.8	-0.458
GACTTT	8.0	5689.1	-0.457
GCAAGG	12.0	4503.5	-0.457
CATACA	14.0	5799.3	-0.456
ATCACA	7.0	3980.8	-0.456
TGACAA	15.0	4515.7	-0.456
AGATGA	18.0	7137.4	-0.455
TAACAA	11.0	4263.0	-0.452
CCCGAT	2.0	961.3	-0.452
ATGAAG	16.0	6701.6	-0.449
CTGGAC	15.0	4529.9	-0.449
AATGGC	12.0	4375.0	-0.449
AGGACC	6.0	4591.9	-0.448
GGTATC	7.0	1951.7	-0.447
CCGTTC	2.0	1188.2	-0.447
GCGTAC	3.0	647.0	-0.443
CTACGT	4.0	979.5	-0.443
AGTTAC	11.0	3248.1	-0.443
TGCTAC	1.0	2886.1	-0.441
GATCCC	11.0	3251.9	-0.441
AGCCCC	15.0	5318.3	-0.441
GACATG	9.0	4358.8	-0.440
GTACCG	3.0	884.6	-0.439
GCACTA	7.0	1964.0	-0.438
CCCCAA	17.0	5206.7	-0.436
GCGGGA	12.0	3582.0	-0.436
AATCAC	7.0	3058.3	-0.436
GGCTTG	17.0	5210.8	-0.434
AGAGGC	24.0	7515.9	-0.434
ACTTGA	8.0	4840.1	-0.434
TTCTGT	25.0	9530.8	-0.434
GCGTCA	1.0	1162.7	-0.433
GCGGTT	1.0	1350.0	-0.432
AGGTAC	1.0	2664.5	-0.432
GGCACA	15.0	4569.3	-0.430
CTATGT	14.0	4244.4	-0.429
AAATGT	8.0	10080.7	-0.428
GCCTAT	6.0	2161.8	-0.427
GGTTGG	17.0	5422.7	-0.427
TTACTT	18.0	5558.6	-0.425
AGCATT	9.0	5478.6	-0.424
TTCATC	13.0	3930.8	-0.424
GGGCCA	12.0	4739.3	-0.423
CACGGT	2.0	1654.6	-0.421
CACTAG	3.0	2282.5	-0.421
AAGAAT	23.0	7220.8	-0.420
ACGGGG	5.0	2025.1	-0.419
TGTAGG	10.0	4425.9	-0.418
ATACAA	7.0	4662.1	-0.418
TCACTA	9.0	2642.8	-0.418
TAGGGT	6.0	3215.0	-0.416
ATATTT	37.0	11296.0	-0.415
CGCTTT	6.0	1669.2	-0.414
GGGTCC	8.0	4024.0	-0.413
AACTAA	10.0	3857.9	-0.413
GCTGAC	13.0	3952.6	-0.413
TCAGTC	10.0	3596.3	-0.413
TGCACC	10.0	3714.6	-0.412
GATGAG	12.0	5204.9	-0.411
CACGAG	4.0	1742.4	-0.410
TAAGTG	11.0	4284.8	-0.410
CACTTC	13.0	3958.3	-0.410
GTAAGA	12.0	4078.2	-0.408
CAACCG	3.0	1002.0	-0.407
CCACAG	21.0	6592.8	-0.407
TTATCA	10.0	4090.6	-0.406
ATATCC	9.0	2791.2	-0.406
TTCCTG	21.0	8667.0	-0.404
AACGGG	3.0	1370.8	-0.404
GGGTCA	12.0	3645.8	-0.403
ACCACA	16.0	4953.6	-0.403
AACACG	5.0	1353.5	-0.403
GCGTCT	6.0	1684.1	-0.403
GAGTAG	2.0	3479.4	-0.402
AACCCC	5.0	3459.5	-0.402
CTGAGC	16.0	6772.3	-0.401
CCTCAT	12.0	3650.7	-0.400
TGGGTC	14.0	4305.5	-0.400
ACTGCT	11.0	5034.0	-0.400
GGAAAA	31.0	9638.6	-0.399
TCCTGG	19.0	8464.7	-0.397
AACACA	21.0	6619.2	-0.397
TTAAGT	8.0	4611.8	-0.396
ATCTGC	12.0	3951.6	-0.396
GGCGCG	8.0	3045.4	-0.395
CTGTTC	12.0	4683.7	-0.395
GTGATT	4.0	4508.4	-0.394
CATCAC	11.0	3341.5	-0.391
AGTAGC	3.0	3072.6	-0.391
AGAATC	11.0	3931.9	-0.389
GTGCCG	1.0	1643.0	-0.388
TAGGTT	11.0	3431.5	-0.388
GGTTTC	17.0	5322.8	-0.387
CTTTCG	5.0	1373.3	-0.386
CTGTCC	19.0	5984.7	-0.386
AAATCG	4.0	1038.1	-0.385
TCCAGA	19.0	6139.2	-0.384
TAAGGT	2.0	2945.6	-0.383
ATGCCT	14.0	4802.1	-0.381
TGGACT	7.0	4358.4	-0.381
CAAGTA	6.0	3409.9	-0.380
TATGAT	6.0	4065.4	-0.379
CGGCCT	6.0	2195.5	-0.378
CCATCC	12.0	4910.0	-0.377
AGGTTC	11.0	3520.1	-0.377
GAAAGG	9.0	7764.0	-0.377
ACAACA	17.0	5348.2	-0.376
GCTGCC	18.0	6703.2	-0.376
TTGGAC	11.0	3372.7	-0.375
AATAAG	13.0	4773.8	-0.375
ACTGTT	16.0	5020.8	-0.375
GAGAAC	16.0	5021.3	-0.374
CATTAT	7.0	4197.5	-0.373
GGAGAA	22.0	8611.5	-0.372
ACTCTG	17.0	5546.4	-0.371
GGTGGT	18.0	5695.6	-0.370
TCTGGC	16.0	5035.0	-0.369
AGATTC	11.0	3657.6	-0.368
TGGGCC	15.0	4710.3	-0.366
TACGCG	2.0	349.7	-0.366
GCGATG	2.0	1496.7	-0.366
TTAAGG	10.0	4143.8	-0.365
CTTTAT	11.0	6259.7	-0.365
CGCGTA	2.0	351.6	-0.363
AATTCT	15.0	5629.8	-0.363
AGTGGT	6.0	4865.2	-0.363
TATAAT	18.0	5714.7	-0.363
GCATCA	2.0	3592.9	-0.362
TGACGA	4.0	1156.3	-0.362
TACTTA	12.0	3730.7	-0.362
TGTTAC	10.0	3376.8	-0.362
CCCTGG	19.0	8223.8	-0.362
AGCCTC	16.0	5055.2	-0.361
CTTGCC	14.0	4397.9	-0.359
TAGAAG	16.0	5064.2	-0.357
TTACGC	1.0	356.0	-0.357
TATGGG	4.0	3875.5	-0.356
GTCTAC	8.0	2418.9	-0.356
ACGTCA	1.0	1269.2	-0.355
TACTTT	16.0	6245.3	-0.355
TACCAA	5.0	2746.9	-0.354
AATGTT	20.0	7131.9	-0.354
TGTATC	6.0	3743.6	-0.353
TCTCCC	18.0	5741.6	-0.352
GGTTTG	19.0	6076.1	-0.352
CGAACT	1.0	1290.4	-0.352
CTGACT	16.0	5077.5	-0.352
CACAAC	8.0	3024.6	-0.351
ATTATG	14.0	4417.4	-0.351
CCAACA	6.0	3940.4	-0.350
TATCAA	10.0	3094.1	-0.350
TATCTA	11.0	3426.1	-0.349
TCGTTC	4.0	1079.7	-0.349
ATCCCA	16.0	5086.6	-0.349
AACGGC	4.0	1080.7	-0.348
CTTCAT	15.0	5200.0	-0.346
GACGCC	1.0	1596.7	-0.346
AGGCGC	4.0	2457.2	-0.346
TAGGTG	9.0	3568.0	-0.343
AAAGAG	27.0	8466.9	-0.342
CATACG	3.0	736.9	-0.342
GCGCCC	9.0	2777.5	-0.342
AAGTTC	10.0	4246.6	-0.341
GGCGCA	3.0	2297.9	-0.341
CTCCTT	14.0	6005.4	-0.340
CAAAAT	16.0	7028.4	-0.339
CATCGT	4.0	1091.7	-0.339
CCAGAG	26.0	8140.6	-0.338
TCATTG	14.0	4449.8	-0.338
TCATGA	12.0	4530.8	-0.338
CTTCCC	10.0	6790.2	-0.335
CTAAGT	10.0	3126.5	-0.334
CAGCGA	5.0	2101.8	-0.334
CATAAG	4.0	2837.3	-0.333
GTCAGT	1.0	3930.6	-0.332
CTGTGC	21.0	6809.4	-0.331
CATTTC	19.0	6137.6	-0.331
GGTCCC	13.0	4132.2	-0.331
CACAAT	3.0	3709.2	-0.330
TGCAAC	1.0	2660.2	-0.330
TCCCAG	15.0	8235.2	-0.328
AGCGTC	4.0	1550.4	-0.328
CGGAAG	9.0	2806.0	-0.327
GAGAGC	19.0	6150.9	-0.327
GGAAGA	25.0	9580.1	-0.327
ACAGTA	13.0	4159.9	-0.326
GTCGGC	5.0	1457.5	-0.325
GTACTA	3.0	1928.0	-0.325
GTGTCT	19.0	6157.7	-0.324
ACCTTT	14.0	5266.2	-0.323
TAGCAA	12.0	3818.0	-0.323
AGGTAT	8.0	3806.6	-0.323
TTCGCA	2.0	763.7	-0.323
CTCACC	7.0	3909.0	-0.321
TGAGGA	19.0	7464.5	-0.320
ATTGCG	2.0	664.7	-0.319
ACTTCT	15.0	4834.1	-0.318
TTACGT	1.0	1019.1	-0.318
TGGACG	4.0	1792.9	-0.317
CGGGTG	5.0	2840.3	-0.317
CCGGAC	5.0	1469.1	-0.317
ACACAC	12.0	15596.2	-0.316
ATCTAA	6.0	3192.9	-0.316
CTGACC	12.0	4241.3	-0.316
AACCGG	2.0	1312.9	-0.315
TCAATT	11.0	3702.8	-0.314
GGGCCG	9.0	3387.8	-0.314
TTTGTC	18.0	5858.2	-0.312
CGGACC	5.0	1477.9	-0.311
GCATCC	4.0	3860.5	-0.310
AATCAA	12.0	4311.1	-0.310
GCGCTT	4.0	1747.0	-0.306
CGAGTT	4.0	1478.2	-0.306
CTATTT	9.0	5313.7	-0.306
GGTTCA	10.0	3188.9	-0.305
CCAGAT	11.0	4423.8	-0.304
TTTGAG	22.0	8042.3	-0.303
CGATTT	2.0	1344.8	-0.303
TCGAAA	4.0	1140.1	-0.302
CTCCGT	6.0	1839.3	-0.301
GTATAA	5.0	3440.9	-0.300
AGAATA	7.0	5901.8	-0.300
TCTACC	6.0	2815.6	-0.300
ACCTCA	12.0	3876.2	-0.299
CTCTGA	19.0	6235.2	-0.299
CTCGGG	8.0	3117.3	-0.298
ACATGA	16.0	5226.4	-0.298
CTGCGT	2.0	2024.2	-0.298
TGGTTT	15.0	10209.9	-0.297
TCGGTT	3.0	1320.5	-0.296
CCAAGC	12.0	3885.9	-0.296
TTTATA	28.0	8990.1	-0.293
TCGTCT	1.0	1083.7	-0.292
AGCCCG	7.0	2742.1	-0.290
CGCCAG	2.0	2435.6	-0.289
CTAGTT	9.0	2888.4	-0.289
ATAAAT	31.0	10048.2	-0.288
TGTCTG	24.0	7979.4	-0.287
TGCGCC	3.0	2260.9	-0.286
TGTGAC	10.0	5138.4	-0.285
AGGGAG	29.0	10262.8	-0.285
AATCTC	10.0	3236.4	-0.285
ATGAAC	13.0	4254.7	-0.284
AGAAGG	23.0	8181.0	-0.283
GCACTG	15.0	4932.1	-0.283
ACGTGC	2.0	1756.3	-0.283
GGAAAT	18.0	7227.6	-0.283
AATGAT	8.0	5504.5	-0.281
TAAGGG	10.0	3247.6	-0.281
TTGGCT	18.0	5958.1	-0.280
TGAAAA	27.0	9946.7	-0.280
TACCGG	3.0	892.7	-0.278
GAACAC	4.0	3813.0	-0.278
GTCATC	7.0	2777.0	-0.278
AAGAGC	8.0	5684.5	-0.278
CAGTCA	8.0	4448.1	-0.278
ACAAGT	11.0	3978.8	-0.277
CTTGGT	16.0	5292.7	-0.277
ATAATG	15.0	4956.0	-0.276
AATAGT	9.0	4211.5	-0.275
CACCTC	10.0	3965.1	-0.274
CGGGTC	6.0	1889.9	-0.274
GTACGG	1.0	713.7	-0.273
GCCAGC	19.0	6323.7	-0.273
GAATAT	10.0	4886.3	-0.273
TGGTCC	11.0	3606.4	-0.273
ATGAAA	20.0	8975.2	-0.272
CCAAGG	16.0	5310.0	-0.271
AATTAA	15.0	7462.4	-0.271
TGTCAC	6.0	4248.7	-0.270
GGACAT	12.0	3956.3	-0.269
CAACAG	1.0	4358.0	-0.269
TGCGTC	4.0	1190.4	-0.268
TGTCCC	15.0	4982.4	-0.267
AACTGC	12.0	3964.0	-0.267
ACACAT	20.0	7204.7	-0.267
ACTCCC	7.0	3531.1	-0.266
AAGGGA	4.0	7189.1	-0.266
AGATAA	16.0	5327.4	-0.266
TATCCA	6.0	3232.3	-0.265
GCCATC	6.0	4301.8	-0.263
ACCTGA	11.0	4361.9	-0.262
CGGTGA	3.0	1823.1	-0.262
GACCTC	2.0	3466.6	-0.261
AGCGCC	5.0	2197.1	-0.260
ATTTAT	13.0	10955.8	-0.260
ATACTT	13.0	4326.5	-0.259
GGATCC	11.0	3760.6	-0.259
TCGGTA	1.0	762.7	-0.259
ATTAAT	17.0	5690.3	-0.259
CCGAGC	8.0	2615.1	-0.259
TACAAT	10.0	3534.4	-0.259
AAGCCC	10.0	4187.1	-0.258
ACCGGT	3.0	925.3	-0.258
GACCAC	9.0	2962.5	-0.258
ACATTA	2.0	4146.3	-0.258
CATATG	15.0	5014.2	-0.257
GGGGAC	14.0	5813.4	-0.257
GATAAT	11.0	3650.5	-0.257
GACTTA	4.0	2751.5	-0.257
CAACTT	5.0	3758.3	-0.256
CCTCCG	3.0	2889.6	-0.256
GCCGCA	1.0	2009.9	-0.255
TTTCGC	3.0	839.3	-0.255
TCGGGT	4.0	1443.1	-0.254
TTAAGC	8.0	2627.8	-0.254
TAGGGC	6.0	2515.0	-0.253
AGTTCA	13.0	5100.5	-0.253
CTCCTG	22.0	7455.4	-0.252
CCTAGT	8.0	2702.7	-0.251
TGTCTA	11.0	3666.8	-0.251
GGTTGT	10.0	4566.9	-0.251
GGCTTT	13.0	6438.3	-0.250
GTTGAG	13.0	4357.0	-0.249
TCCCCA	16.0	6426.9	-0.249
AGGGGG	19.0	6412.1	-0.249
CGACAA	3.0	849.8	-0.247
ACTACC	4.0	1888.0	-0.247
AGAAGA	33.0	10941.5	-0.246
AGGGTG	12.0	5964.2	-0.242
GCTCAT	5.0	3300.3	-0.242
CAGGGG	5.0	6367.8	-0.242
CTTCCA	13.0	5968.9	-0.241
GACTCT	12.0	4038.6	-0.241
ACCCAG	18.0	6099.0	-0.241
CAAGGG	13.0	4385.9	-0.240
AGTGAC	5.0	4496.0	-0.239
CATAAT	2.0	3695.0	-0.239
CCCTAT	4.0	2315.5	-0.239
CAAGGT	12.0	4046.4	-0.238
CATCCT	7.0	4951.1	-0.238
GCTACC	7.0	2316.6	-0.238
GATCAC	7.0	2317.5	-0.237
GTACCT	4.0	2699.5	-0.237
CGTTCT	5.0	1607.3	-0.237
CGCCAA	2.0	1115.0	-0.236
GCGACA	4.0	1245.6	-0.235
ATTGGC	9.0	3033.4	-0.235
AGGAGA	23.0	9883.5	-0.234
GCTTCA	6.0	4335.3	-0.234
TAAGAT	13.0	4407.3	-0.233
TAAAAT	32.0	11878.4	-0.233
GAAGAC	13.0	5210.3	-0.232
AATACT	4.0	4035.0	-0.232
AAGTAC	10.0	3376.1	-0.232
TCAAGG	6.0	4088.8	-0.230
AAACCC	12.0	5112.0	-0.229
CAGGAA	26.0	8571.5	-0.229
GCGAGA	6.0	1985.1	-0.228
TTTAGT	17.0	5807.3	-0.227
CGGGAT	5.0	1628.4	-0.227
GAGGGA	18.0	9302.7	-0.226
GACCCA	2.0	4151.6	-0.225
TAAGGA	14.0	4783.8	-0.224
ATAAGA	14.0	4784.5	-0.224
ACCCCG	4.0	2079.9	-0.223
GTATCT	10.0	3403.9	-0.223
TAGTTC	9.0	3056.2	-0.223
CTCTAT	9.0	3057.1	-0.222
TCCACA	6.0	4614.0	-0.222
CCACGC	7.0	2357.0	-0.221
TCACCT	3.0	3985.5	-0.221
TGGCCA	16.0	5484.2	-0.221
GCCTCG	6.0	2721.8	-0.221
CTGTTT	26.0	8613.5	-0.220
TTCGGT	4.0	1273.3	-0.220
TTATGT	19.0	6528.8	-0.219
CCTCTT	8.0	5531.7	-0.218
TCAGCG	4.0	1896.6	-0.218
ACGGTC	1.0	973.4	-0.218
TCTATG	10.0	3881.3	-0.218
GAGATT	9.0	4673.3	-0.217
ATACGC	2.0	528.5	-0.217
TTACTG	13.0	4465.3	-0.216
TCATCG	1.0	995.3	-0.216
TAGAAC	10.0	3424.5	-0.216
CTTCAC	11.0	3772.7	-0.216
GAGTCG	1.0	1386.6	-0.216
TCATGT	15.0	5167.9	-0.213
AACATT	14.0	6239.7	-0.213
GCCTAC	4.0	2005.6	-0.213
CTCATA	7.0	2890.2	-0.213
TATTCG	1.0	771.0	-0.213
CGTCCT	5.0	1657.9	-0.213
GTCAAG	1.0	2884.8	-0.212
GGGTCT	13.0	4480.9	-0.212
CGGTCG	1.0	925.1	-0.211
CTACTA	3.0	1874.2	-0.211
ACACCC	11.0	3790.5	-0.211
CCTCTG	24.0	8311.7	-0.210
CCTATG	5.0	2941.0	-0.210
CATATC	4.0	2473.2	-0.210
TTTAAG	16.0	6627.2	-0.209
GAAATC	9.0	4446.7	-0.207
GTACTG	10.0	3453.9	-0.207
CATGGG	14.0	5066.1	-0.206
CCACAA	11.0	3807.7	-0.206
GACTTC	11.0	3808.0	-0.205
TTAATA	12.0	6052.1	-0.205
TGACTT	16.0	5791.0	-0.205
TCTTGC	9.0	4463.0	-0.205
GTCGAG	1.0	1038.2	-0.204
GCGGCT	7.0	2793.6	-0.204
CAAGGC	11.0	4447.8	-0.204
AGGGGT	12.0	4516.3	-0.203
GTTCAT	8.0	4018.2	-0.203
GGGATT	12.0	5488.3	-0.203
CTGCGC	9.0	3122.7	-0.200
AAAACG	2.0	1836.8	-0.200
CTTCTC	17.0	5920.0	-0.199
TCTAGC	8.0	2772.4	-0.199
ATTTCA	20.0	6967.8	-0.199
CCTAAC	1.0	2103.1	-0.198
GCACCC	10.0	3543.7	-0.198
TTAAGA	17.0	5927.4	-0.198
GATGAA	10.0	5546.8	-0.197
CTGGTT	9.0	5284.3	-0.197
AACAGT	14.0	4883.5	-0.197
ACAGTC	4.0	3544.5	-0.197
AATGAC	12.0	4188.0	-0.197
CGCGTC	2.0	1084.5	-0.197
GGTAAG	11.0	3839.1	-0.196
ACGGCT	4.0	1321.1	-0.196
TTACAA	13.0	4540.1	-0.196
GTGGTT	8.0	5697.6	-0.196
GTAGGC	1.0	2530.4	-0.195
TATGTA	21.0	9312.4	-0.195
TGACAT	13.0	4908.0	-0.194
CGAAAT	3.0	933.7	-0.194
CTCATT	13.0	4547.1	-0.194
TCTCTT	16.0	7094.2	-0.193
AAGGAC	13.0	4552.5	-0.193
CCTTTA	15.0	5252.0	-0.192
CCGAAC	3.0	938.9	-0.192
TCGGGA	4.0	2108.9	-0.192
GACTGC	10.0	3938.5	-0.192
GCACCT	10.0	3505.6	-0.191
TTGGCG	1.0	1608.3	-0.190
AGTTAT	5.0	4322.6	-0.190
CTTGGC	13.0	5101.2	-0.189
ACTACT	7.0	2444.1	-0.189
CTCCAC	12.0	4216.8	-0.189
GATCAT	1.0	2960.1	-0.188
GGCAAG	14.0	4923.5	-0.187
CATCTC	8.0	4631.0	-0.186
ACTATT	10.0	3522.8	-0.186
ACGCCT	5.0	1722.6	-0.185
ACCTAT	4.0	2308.6	-0.184
TTATGA	14.0	4942.5	-0.183
AGAAAA	38.0	15030.6	-0.183
ATACTC	3.0	2135.3	-0.182
GGTTTA	10.0	3725.4	-0.182
TAGCGC	1.0	737.9	-0.182
CCTACG	3.0	958.9	-0.181
GAGATG	17.0	7572.7	-0.181
AGTGCT	16.0	6477.5	-0.181
AGAGCC	11.0	5440.9	-0.180
GTTCCT	6.0	5006.4	-0.180
CCCGGA	8.0	2833.4	-0.179
TTGCCT	13.0	5890.3	-0.179
TATTTC	12.0	6031.2	-0.179
TGAGCA	16.0	6015.2	-0.179
TAGGCA	10.0	3549.9	-0.179
TTGTCC	4.0	3926.4	-0.179
AGCGGC	5.0	2598.2	-0.178
CGATTA	1.0	562.8	-0.178
CTCCTA	3.0	3038.1	-0.178
TATTTG	21.0	7421.3	-0.178
CTTAAG	3.0	3351.3	-0.177
ACTTCG	2.0	1089.3	-0.176
GCTAGC	7.0	2694.9	-0.176
GGCTGA	16.0	5674.2	-0.176
GGATAA	6.0	3344.9	-0.175
GTAACA	5.0	3116.9	-0.174
TAGCCT	3.0	3514.0	-0.173
CAGGAC	16.0	5688.5	-0.173
GGCGAC	2.0	1870.8	-0.173
GCGCCG	7.0	2496.1	-0.172
CACCTA	6.0	2545.2	-0.172
TTTAGG	14.0	4993.1	-0.171
CCAACT	9.0	3221.9	-0.171
ATGTGA	15.0	6245.1	-0.169
GGTCAC	9.0	3230.6	-0.169
ATCAGG	8.0	3728.4	-0.168
TGTTTC	16.0	7326.4	-0.168
AGACAT	15.0	5363.5	-0.167
GTGGCC	11.0	5042.0	-0.166
AAAGGG	11.0	6568.6	-0.166
GAGAAG	26.0	8909.9	-0.165
AGCCAT	6.0	5431.9	-0.164
ATGAGC	9.0	3996.5	-0.163
TCGAGA	1.0	1644.1	-0.163
CCACAC	13.0	4679.6	-0.162
AATCAT	2.0	3964.5	-0.162
CCATCA	11.0	4048.3	-0.162
GCACTT	4.0	3806.0	-0.162
AAGAGA	27.0	9294.2	-0.161
ACCTAA	1.0	2896.4	-0.160
TTTGCG	4.0	1406.4	-0.159
CACACC	13.0	4694.7	-0.159
ATCCAC	6.0	3175.3	-0.159
CATTAA	12.0	4347.6	-0.157
TCGGGC	1.0	1775.6	-0.157
ACTCCA	11.0	3997.7	-0.156
GCCTTC	9.0	4659.6	-0.156
TCCCTA	4.0	3191.9	-0.155
AGGTCC	5.0	3693.1	-0.155
ATGTGT	29.0	12023.2	-0.154
CCTACC	7.0	2647.7	-0.154
GGGGTG	22.0	7962.2	-0.153
TTCATA	10.0	5356.7	-0.153
GCTGGT	10.0	5026.3	-0.152
CATTAG	8.0	2931.4	-0.152
CAGGCA	14.0	7085.0	-0.151
ACCAAG	12.0	4375.6	-0.151
TCAAAT	14.0	5088.2	-0.151
GGATAT	10.0	3659.9	-0.151
TGTGGG	24.0	8645.0	-0.151
GACGGC	1.0	1503.3	-0.151
TTGGTC	6.0	3729.1	-0.150
AGGAAG	32.0	11886.0	-0.149
CCTACA	8.0	2943.4	-0.149
CCTTGG	5.0	6055.3	-0.147
TGCGTA	2.0	963.3	-0.147
ACGGCG	3.0	1034.1	-0.146
TTGCGC	3.0	1035.6	-0.146
TGCTGG	24.0	9861.6	-0.146
TACTTG	5.0	3866.4	-0.145
CCAGTT	12.0	4603.1	-0.144
CCAAGT	12.0	4409.5	-0.144
GGTGCG	4.0	2119.8	-0.144
TAAGCA	11.0	4051.6	-0.144
CAACTC	3.0	2818.1	-0.143
CGGTTT	2.0	1597.5	-0.143
TGGGCG	1.0	3247.2	-0.142
GTCGTC	3.0	1044.4	-0.142
CAAGAA	17.0	6207.9	-0.141
GGACTC	10.0	3703.2	-0.141
TACTCA	2.0	2977.9	-0.141
TCCTTG	16.0	5856.8	-0.141
TTTATG	21.0	7648.3	-0.139
GCGGGT	3.0	2322.5	-0.138
TTCACA	4.0	5080.1	-0.138
TCATAC	6.0	2239.1	-0.138
AAGGCT	6.0	5310.1	-0.138
CTAGAA	12.0	4441.9	-0.137
GCTGGC	14.0	7188.2	-0.137
CCCGGT	5.0	1862.4	-0.137
CACTTG	10.0	4643.1	-0.136
TTGCAC	3.0	3103.3	-0.136
TAGCTA	6.0	2860.1	-0.135
TACTAG	3.0	1918.4	-0.134
GCCTAA	5.0	2092.1	-0.134
ACAGCG	1.0	1961.9	-0.134
AGCTAC	4.0	3105.2	-0.131
GCAACC	5.0	2631.3	-0.131
TTCAGC	4.0	4282.9	-0.131
TGTACT	10.0	4289.0	-0.131
TTTAGC	7.0	3544.2	-0.131
CTATAG	7.0	2644.2	-0.131
TTTCTG	20.0	11203.9	-0.130
CATAAC	6.0	2275.3	-0.129
GCGACC	4.0	1509.8	-0.129
TTATGG	10.0	3761.6	-0.129
GGTGGC	12.0	6445.8	-0.129
TCTCTA	11.0	4126.8	-0.128
TTTCCG	2.0	1885.4	-0.128
CTCCCC	18.0	6658.8	-0.127
TAGGTA	8.0	3543.1	-0.127
CAGTAG	5.0	3881.3	-0.127
CCTAGA	6.0	3409.0	-0.127
ACTAGA	8.0	3034.9	-0.127
TACCTC	6.0	2599.6	-0.127
GATGTC	8.0	3360.2	-0.127
TAATAA	16.0	7346.1	-0.126
AGGGCG	5.0	3185.7	-0.126
CACCTT	6.0	4185.7	-0.125
GAAAGA	28.0	10472.6	-0.125
GTCCGT	3.0	1136.9	-0.125
TACTCC	4.0	2183.4	-0.125
TCTTTC	11.0	8091.5	-0.125
AAATAC	16.0	5950.8	-0.125
GTTATG	8.0	3044.6	-0.124
AATCTA	8.0	3044.0	-0.124
CACTCA	11.0	4149.0	-0.124
TTCTGA	20.0	7870.6	-0.123
GGAGAG	24.0	10585.2	-0.123
CCCAAG	7.0	5461.0	-0.123
ATTATC	3.0	2932.8	-0.122
AAAGAC	10.0	5411.2	-0.122
GATTAT	6.0	3541.3	-0.122
CCGGTT	3.0	1360.5	-0.122
TAAGAG	7.0	4782.6	-0.122
CTGATC	8.0	3059.9	-0.121
GAGAGA	19.0	16179.2	-0.120
CTAGCA	8.0	3072.6	-0.118
GAAAAT	27.0	9613.7	-0.117
CCACCT	8.0	4980.7	-0.117
AGCAAC	10.0	3820.3	-0.117
TAGGCC	5.0	2116.0	-0.117
GTAGCG	1.0	905.7	-0.115
TTCAAG	5.0	4791.9	-0.115
CCAGCA	20.0	7462.4	-0.115
GCCCGG	7.0	4073.8	-0.114
AGTGGC	9.0	4624.3	-0.113
ATCTCA	11.0	4213.6	-0.112
TGTGTA	24.0	11046.5	-0.112
CAACCT	8.0	3104.8	-0.112
CCGTTT	4.0	1557.5	-0.110
ACATCG	1.0	952.7	-0.110
GTCTCT	14.0	5327.0	-0.109
AAAGGA	24.0	8952.6	-0.109
GTCCGG	3.0	1715.0	-0.109
CAAGTT	11.0	4349.9	-0.109
CTGTAT	10.0	5256.5	-0.108
GGTCTC	9.0	3607.4	-0.108
ACTAGG	4.0	2438.6	-0.108
CACGGC	4.0	1671.6	-0.108
CCTAGC	3.0	2862.8	-0.108
TCTCAT	10.0	4295.5	-0.108
GCTGTC	15.0	5707.5	-0.107
TCGGTG	3.0	1742.3	-0.107
CTAAGA	10.0	3882.9	-0.106
ACCACG	1.0	1704.0	-0.106
TATAAA	18.0	8132.7	-0.106
TATTTA	24.0	10483.4	-0.104
ATTTGT	20.0	8189.9	-0.103
GCTAGG	7.0	3444.2	-0.103
ACAGGG	10.0	6338.2	-0.103
TCCGTT	1.0	1338.2	-0.102
TGAACC	9.0	3535.2	-0.102
CGGCTG	8.0	3160.0	-0.101
TCAGGT	3.0	4491.8	-0.101
TTACTC	2.0	2507.3	-0.101
CGGAGA	5.0	2491.8	-0.100
CAGGTC	10.0	3916.1	-0.100
CAATTA	8.0	3174.2	-0.099
GTTCTT	16.0	6189.6	-0.098
AGCCCA	11.0	5530.5	-0.098
GCGCCA	3.0	2163.0	-0.098
CATCCA	12.0	4673.8	-0.098
CAATGA	11.0	4305.3	-0.097
GTGAGC	14.0	5414.4	-0.097
CAAATC	7.0	3135.1	-0.096
CTAAAT	4.0	3673.6	-0.096
TGGGTA	13.0	5055.0	-0.096
CGCGTG	1.0	1893.0	-0.096
GCGTGT	5.0	2964.4	-0.095
CTTTAG	11.0	4322.2	-0.095
CAAAGG	11.0	5556.6	-0.095
GACAAC	6.0	2704.2	-0.093
TAAGTA	8.0	4251.6	-0.093
TACGGT	1.0	717.2	-0.092
GCGACG	1.0	1058.6	-0.092
GCCCAG	18.0	6920.0	-0.092
GAGTGA	13.0	5597.8	-0.091
CGAGCC	5.0	2189.1	-0.091
GACTTG	9.0	4531.1	-0.090
TCTGAA	17.0	6576.9	-0.089
CGAGGG	7.0	2848.0	-0.089
TCTAGG	8.0	3486.1	-0.088
TCTGCC	9.0	6664.8	-0.088
TAGAAA	13.0	7914.6	-0.087
TCCAGC	15.0	5858.4	-0.087
GTGACC	3.0	4110.1	-0.087
TGGTCA	4.0	4236.6	-0.087
CTCGAA	4.0	1654.2	-0.087
CCGGAT	3.0	1219.3	-0.086
CAACCC	7.0	3140.8	-0.086
CATCCC	10.0	4613.7	-0.086
ATGAGG	13.0	5132.3	-0.086
GTGTCA	10.0	4059.6	-0.085
TTCCAC	7.0	4501.2	-0.085
TCACAT	4.0	4346.0	-0.084
CGCGCA	4.0	1668.7	-0.084
CAGGCC	13.0	5150.0	-0.083
TGTCAG	13.0	5466.8	-0.083
GCCCAA	3.0	3019.1	-0.083
GGGTGC	11.0	4408.3	-0.083
AATTAC	8.0	3582.1	-0.082
GTAAGG	8.0	3278.1	-0.082
ACATTC	5.0	3713.5	-0.080
CTATGA	8.0	3543.1	-0.080
GCATTA	4.0	2681.7	-0.080
TCATCC	8.0	3295.3	-0.079
AGAACT	15.0	5929.0	-0.079
CTAGGA	7.0	3932.6	-0.079
TCAACT	7.0	2909.3	-0.079
GAGCAC	4.0	4264.7	-0.078
AGGCAA	4.0	5260.8	-0.078
TGCGGA	1.0	1823.7	-0.078
TAAGAA	16.0	6313.9	-0.078
CCACCG	2.0	2227.8	-0.078
CGCCTC	6.0	2526.3	-0.077
AAGTAA	14.0	5577.7	-0.077
GCTGTT	14.0	5631.4	-0.077
GAACTT	11.0	4940.2	-0.077
CTGGCC	9.0	6878.7	-0.076
CTGGCT	18.0	8153.3	-0.076
CGCCTT	5.0	2127.6	-0.076
ATCATA	5.0	3121.2	-0.075
AGCCTA	7.0	2933.6	-0.075
GTACTT	2.0	3502.6	-0.075
ATCATT	11.0	4470.6	-0.075
CTAACC	5.0	2132.3	-0.075
GCCCCA	13.0	5224.3	-0.075
TCCCTG	18.0	7455.5	-0.075
CCGCGT	2.0	1221.0	-0.074
AGAGAG	25.0	16762.5	-0.074
ATTTGG	15.0	5980.2	-0.074
GGTCAT	4.0	2952.7	-0.073
CTTACT	8.0	3342.6	-0.073
TGCGGG	7.0	2969.0	-0.072
GTGCGC	7.0	2956.8	-0.072
TACACA	16.0	6372.1	-0.072
AAGAGG	19.0	7491.9	-0.071
ATTCTA	3.0	3914.9	-0.071
CCTCGT	1.0	1421.7	-0.071
AGCTCT	9.0	5605.4	-0.070
TTGTCG	1.0	1051.9	-0.070
CGGTTG	3.0	1293.6	-0.070
CATCAA	3.0	3582.6	-0.070
GGCTTC	10.0	5437.6	-0.070
TCACAA	7.0	4183.8	-0.069
GGCCGC	8.0	3370.6	-0.069
TCCTCC	10.0	6857.5	-0.069
CAGTGG	16.0	6817.5	-0.069
CCGGAA	3.0	2165.7	-0.069
ACATAA	4.0	4881.3	-0.069
GTCCTG	16.0	6404.1	-0.068
CACAGG	16.0	6584.9	-0.068
TCTCAG	16.0	6407.0	-0.068
TTAGTT	13.0	5284.3	-0.068
ACAGCC	8.0	5047.2	-0.068
CAAGAG	11.0	5283.9	-0.067
AGATAT	12.0	5299.8	-0.067
AGACTT	8.0	5094.5	-0.067
CGGGCC	4.0	2780.4	-0.067
GCTATG	8.0	3390.3	-0.067
GACAAG	10.0	4167.9	-0.066
TGATGA	15.0	6057.9	-0.066
GAAGAA	12.0	10094.0	-0.066
TAATTA	14.0	5689.1	-0.065
AGGACT	12.0	4938.9	-0.065
CTCTGG	19.0	7569.6	-0.064
TGGATA	9.0	4510.0	-0.064
CTTACA	7.0	3859.5	-0.064
GGGTGT	14.0	5707.0	-0.064
CTGTCT	20.0	7964.1	-0.063
TCGCAC	1.0	827.0	-0.062
GTATGT	22.0	8714.8	-0.062
ATCCAA	8.0	3425.2	-0.062
ATTATA	14.0	5729.2	-0.062
CTTCAA	10.0	4209.3	-0.062
TCAGCT	8.0	5147.6	-0.062
GGTGCT	13.0	5457.2	-0.061
GAAATA	17.0	6862.0	-0.061
AGGCTC	10.0	4650.8	-0.061
AGCGAG	6.0	2812.1	-0.061
TGAACT	8.0	5675.6	-0.061
CGCATT	2.0	835.8	-0.061
AAAAGG	18.0	7420.1	-0.060
TCCTCG	1.0	1856.3	-0.060
CCAAAT	7.0	4281.4	-0.059
AATATT	17.0	8484.9	-0.058
TTCTCC	12.0	6106.0	-0.057
CCAACG	2.0	1080.3	-0.057
AACATA	3.0	4599.0	-0.056
CACATA	13.0	5419.7	-0.056
GTGACT	11.0	4661.8	-0.055
GGGCGC	5.0	3591.6	-0.055
TGTCGG	3.0	1378.4	-0.055
TCGTCA	1.0	867.2	-0.054
ATATGA	12.0	5054.4	-0.054
TAACAG	9.0	3905.4	-0.053
TAGCGA	1.0	876.4	-0.053
AGAAAT	22.0	10001.0	-0.052
ATAAGG	5.0	3095.1	-0.052
GCTCCT	13.0	5466.6	-0.052
GGGACT	7.0	5361.1	-0.052
ACTGCC	9.0	4046.9	-0.051
CCGCAA	1.0	1117.1	-0.051
CTCTTT	17.0	6997.3	-0.051
GCCAGA	13.0	5478.3	-0.051
AAGTGA	11.0	5870.8	-0.051
AGTAAG	5.0	4101.6	-0.051
GGACCC	4.0	4248.3	-0.050
TTAGGT	6.0	3665.8	-0.050
CCAGCC	19.0	7765.6	-0.050
TCCTCT	13.0	6746.5	-0.050
TCAAGT	6.0	3911.5	-0.050
GAGCCC	5.0	5129.4	-0.050
CTTTCA	6.0	5516.3	-0.049
CGCCAT	2.0	1555.9	-0.049
GTGTGC	20.0	8167.4	-0.048
GTGTGT	60.0	38614.4	-0.048
ACCTCT	7.0	4009.1	-0.048
GCGTCC	4.0	1890.1	-0.048
CTTCAG	11.0	6429.8	-0.048
AGGTCT	9.0	3964.3	-0.048
AGCCTT	13.0	5522.9	-0.048
CTTCCT	22.0	8941.1	-0.047
GTCCCT	4.0	4573.6	-0.047
TGTCCG	3.0	1431.3	-0.047
CTGTAG	10.0	5660.0	-0.047
TCTAAA	5.0	4584.6	-0.047
CGGCTA	2.0	910.3	-0.047
GGACCT	10.0	4372.3	-0.047
GACTAC	4.0	1911.1	-0.045
CACAGT	4.0	5759.5	-0.045
CTAGGG	4.0	3246.6	-0.045
TGAGTA	11.0	4787.1	-0.045
GCGCGT	2.0	1494.6	-0.045
CCGATT	2.0	925.0	-0.045
AAGAAG	23.0	9373.8	-0.044
GGTCTA	5.0	2361.8	-0.044
ATTAAG	9.0	4012.7	-0.044
AGGAGC	16.0	6840.3	-0.044
CCTTTC	11.0	6413.7	-0.043
GTGCGG	4.0	2289.8	-0.043
GCCTCC	5.0	6197.6	-0.043
TATGTG	23.0	9400.0	-0.043
TGGGTG	20.0	8268.9	-0.043
TACTCT	4.0	2962.7	-0.042
GGGCTT	8.0	5186.2	-0.042
GGTGAC	9.0	4036.4	-0.042
CCTGGG	17.0	9232.5	-0.042
TGGCTC	4.0	5790.2	-0.042
ACGGTT	2.0	945.8	-0.042
ATTTAG	8.0	4831.7	-0.041
GGTCCT	6.0	4419.3	-0.041
CAACGG	2.0	948.7	-0.041
CTCCGA	3.0	1792.2	-0.041
TCAGGC	3.0	4116.5	-0.041
TGCGTG	7.0	3712.6	-0.040
GCTACG	1.0	959.3	-0.040
GCACAC	12.0	5250.4	-0.040
TCTGCG	2.0	2274.0	-0.039
ACATCC	6.0	3476.9	-0.039
TTATTA	14.0	7153.1	-0.039
ACCGCT	2.0	1323.8	-0.039
TAGGAC	3.0	2638.6	-0.039
ATGTGG	16.0	6980.3	-0.038
AACTCT	7.0	4160.7	-0.038
CTCTGT	20.0	8350.2	-0.038
CACATT	8.0	4881.6	-0.038
AACTAC	5.0	2431.2	-0.038
TCTCCA	14.0	6059.3	-0.038
ATATCT	8.0	4233.5	-0.037
CTCAAG	7.0	3981.5	-0.037
CTCAGC	14.0	6067.7	-0.037
AAACAT	17.0	7224.2	-0.037
GCCAAC	5.0	2439.2	-0.037
TCGCCA	1.0	1386.4	-0.037
CCCAGG	20.0	8382.2	-0.037
CCCCGG	8.0	3706.3	-0.036
CCCAAC	3.0	3385.5	-0.036
TTCTCT	21.0	9213.0	-0.036
CTACTC	1.0	2183.8	-0.036
ACTAAC	2.0	1966.9	-0.035
GTACTC	4.0	2015.2	-0.035
CTGCCT	11.0	9777.5	-0.035
CTCGAG	2.0	1817.0	-0.035
GTTTAT	14.0	6114.2	-0.034
CCCAGT	12.0	5335.3	-0.034
CTACAA	1.0	3230.7	-0.034
TGCGAC	1.0	1002.3	-0.034
GGTGTG	18.0	7675.8	-0.034
ACAACG	1.0	1005.4	-0.034
GAACCC	5.0	3693.8	-0.034
GGTCGT	1.0	1007.2	-0.033
CGACTT	1.0	1160.4	-0.033
AGTAAA	14.0	6136.9	-0.033
TCTCCG	2.0	2014.4	-0.033
GATTTC	6.0	5044.4	-0.033
TAAATA	24.0	9994.8	-0.033
CGTCTC	2.0	1657.4	-0.033
TCAGGA	10.0	6562.5	-0.032
GTTCTC	9.0	4176.4	-0.032
CTCCAG	17.0	7323.9	-0.032
ACCCCA	4.0	5003.1	-0.032
ACAGGC	10.0	4587.0	-0.032
CTCTGC	15.0	7840.2	-0.031
TAAGTT	4.0	4331.1	-0.031
TGGCTG	17.0	9259.7	-0.031
GGAGAT	8.0	5826.7	-0.031
GGACGT	1.0	1466.1	-0.031
GTTAGG	6.0	2956.9	-0.031
AATATG	12.0	5409.8	-0.030
GTGGGC	7.0	5737.6	-0.030
TGGCTA	9.0	4218.8	-0.030
GTAGGG	5.0	3741.7	-0.030
AAGACT	10.0	4634.0	-0.029
CCCAGA	15.0	7266.2	-0.029
GATTTA	10.0	4737.8	-0.029
GTCTCA	7.0	4066.2	-0.029
CACATC	7.0	3413.2	-0.029
TCGCTC	1.0	1545.9	-0.029
GTCACA	7.0	3980.4	-0.028
ATCGGG	1.0	1062.2	-0.028
GTTGGT	10.0	4673.2	-0.027
TGAGAA	18.0	8601.8	-0.027
TGCCTA	7.0	3438.6	-0.027
CCCTAG	6.0	3015.7	-0.027
AGGGAC	11.0	5087.1	-0.027
AAGGTA	9.0	4284.5	-0.026
GGTACT	5.0	2583.3	-0.026
TTTAGA	10.0	6422.6	-0.026
TTGGTT	14.0	8203.2	-0.026
TCCAGG	16.0	7224.4	-0.026
TCATAA	8.0	4085.3	-0.025
GCTCTG	16.0	7199.3	-0.025
TACTTC	5.0	3186.2	-0.025
ACATAC	1.0	4783.7	-0.025
GGACCA	7.0	3969.1	-0.025
TGTGTG	74.0	42266.1	-0.025
TTGAGA	14.0	6938.3	-0.024
TGTGAG	21.0	9087.3	-0.024
ATTCAA	5.0	4184.0	-0.024
AAGCAA	8.0	6459.2	-0.024
ATTTCT	21.0	9105.3	-0.023
AGACTA	6.0	3085.6	-0.023
ATAGGC	1.0	2126.3	-0.023
ATCTCC	3.0	3551.9	-0.023
TAACTA	3.0	2725.1	-0.023
ACTCTA	5.0	2647.5	-0.023
GGCCAC	8.0	4170.5	-0.022
TCCAAG	9.0	4378.2	-0.022
TGGTCG	1.0	1133.9	-0.022
CGAGAT	1.0	1441.7	-0.021
CATCGG	1.0	1140.2	-0.021
TCGTGC	1.0	1226.8	-0.021
CTCGGA	1.0	1749.2	-0.021
TCTAAG	6.0	3385.8	-0.021
GACCCC	5.0	3709.9	-0.021
GGTTCT	9.0	4409.6	-0.021
AAAATG	23.0	11748.2	-0.021
ACCGCG	1.0	1151.5	-0.020
CTCAGT	12.0	5644.9	-0.020
ACTTCA	9.0	4421.7	-0.020
TTCTCA	8.0	6216.5	-0.020
CTACCT	3.0	3196.7	-0.020
TGCCAC	1.0	4381.0	-0.020
CCCAGC	18.0	8054.3	-0.020
CCCAAT	3.0	2796.2	-0.019
GTGCTG	6.0	8573.3	-0.019
GAGCCA	14.0	6521.7	-0.019
CTCATC	5.0	3163.3	-0.019
AGGGAT	9.0	4983.3	-0.018
GCAAGA	7.0	4825.6	-0.018
GAAATG	14.0	8407.3	-0.018
ACTACA	4.0	3162.5	-0.018
GTGGGT	16.0	7345.0	-0.017
CTCCGC	3.0	2895.5	-0.017
TGGTTA	6.0	3865.7	-0.017
TCTGTC	12.0	5754.6	-0.017
CATGAG	7.0	4806.1	-0.017
CCAGGC	15.0	7297.1	-0.017
CTGGGC	9.0	7357.2	-0.017
AGGAAA	22.0	11355.8	-0.017
CTACTT	5.0	3630.7	-0.017
ATTATT	16.0	7602.0	-0.017
ACTAGC	3.0	1792.6	-0.017
TCTGTA	9.0	6699.3	-0.016
TCTGGA	5.0	6948.3	-0.016
TTACTA	4.0	3310.2	-0.016
TCCGGA	3.0	1815.0	-0.015
GGCTGC	8.0	7568.1	-0.015
CTAACT	3.0	2570.1	-0.015
TGGAGA	10.0	9411.1	-0.015
CCTCGG	5.0	2820.2	-0.015
AAGATA	11.0	5583.6	-0.015
GAGAAA	25.0	11036.5	-0.015
AGAGAA	27.0	11451.9	-0.014
TCCTCA	10.0	5027.3	-0.014
CCAAGA	10.0	5330.8	-0.014
GCGACT	2.0	1270.7	-0.014
AGCACC	8.0	4199.7	-0.014
TCACAC	7.0	3764.3	-0.014
GGCTGG	12.0	9934.8	-0.013
CCAGAC	4.0	4207.5	-0.013
GGCTGT	14.0	6723.3	-0.013
TGAAGA	9.0	8473.0	-0.013
CTGGTC	8.0	4262.1	-0.013
GAAGAG	19.0	9268.9	-0.013
AAATAT	16.0	10581.2	-0.012
TAGGGG	5.0	3440.1	-0.012
GGCTAG	3.0	3226.0	-0.012
GAGATC	5.0	3724.2	-0.012
GTGTGA	11.0	6806.6	-0.012
CAGCAA	9.0	5829.4	-0.012
GGCTCC	6.0	5391.6	-0.012
AGCGAC	1.0	1317.8	-0.012
GACGTC	1.0	1318.7	-0.012
GTTCTG	3.0	5760.2	-0.011
CAGGGT	8.0	6245.1	-0.011
GATCTC	4.0	2972.3	-0.011
ACGCGC	2.0	1327.3	-0.011
AAGAAC	11.0	5579.8	-0.011
GGGCTC	9.0	4790.3	-0.011
CCACAT	5.0	4545.4	-0.011
AGGCTT	6.0	5301.4	-0.011
CCAGCG	4.0	2662.4	-0.010
AGAACC	5.0	4343.2	-0.010
AGCCAG	12.0	8057.4	-0.010
GGGTGA	9.0	5073.0	-0.010
TCCCAA	9.0	4776.2	-0.010
ACTTCC	8.0	4470.6	-0.010
GGCCGG	7.0	3904.9	-0.010
TATGTC	4.0	3131.8	-0.010
AAGCAC	5.0	4175.7	-0.010
TACAAG	6.0	3475.1	-0.009
GCAACA	6.0	3477.7	-0.009
ACATCA	7.0	3933.0	-0.009
GACTCC	6.0	3483.7	-0.009
ACTCAC	6.0	4045.2	-0.009
AACAGG	8.0	4954.5	-0.009
GTTTGT	23.0	10608.4	-0.009
ACTTGC	3.0	3389.1	-0.009
ATGGCT	4.0	6116.0	-0.009
AGCCAA	9.0	4857.1	-0.009
ATCAAC	3.0	2201.5	-0.008
ACGCCA	2.0	1420.9	-0.008
ATTACT	6.0	3541.8	-0.008
CATAGG	3.0	2785.6	-0.008
TAGCAC	4.0	2576.1	-0.008
TGGTTC	7.0	4079.6	-0.008
CCGGAG	3.0	3540.7	-0.008
GAATAA	5.0	5134.6	-0.008
CAAGAC	6.0	3572.2	-0.007
TCGCCT	2.0	1451.7	-0.007
GGGCTA	5.0	3160.9	-0.007
GGGGCT	11.0	6553.3	-0.007
AGGGGC	5.0	5617.7	-0.007
TGGGCT	12.0	6446.5	-0.007
ATATGT	14.0	8408.9	-0.007
TGCCTC	13.0	6676.2	-0.007
ACTTAT	4.0	3399.1	-0.007
GCCACG	1.0	2189.3	-0.007
GACATC	5.0	3134.8	-0.007
GATTAA	7.0	4260.8	-0.007
GACTAA	3.0	2478.2	-0.007
CTTTCC	12.0	7303.2	-0.006
GTTTCT	9.0	8346.8	-0.006
TCGGCT	2.0	1535.4	-0.006
ACTTTC	8.0	4590.7	-0.006
TCAAGC	4.0	2664.4	-0.006
TGTGCG	5.0	3173.3	-0.006
CACACT	8.0	4576.7	-0.006
CTTGCA	8.0	4581.4	-0.006
CTCTAG	6.0	3670.4	-0.006
AGCCGT	1.0	1516.0	-0.006
CAAGCA	6.0	4652.7	-0.006
GCCGGA	3.0	2208.8	-0.005
TAGCCA	3.0	3915.5	-0.005
CTTGAG	6.0	5185.0	-0.005
TCCGCT	1.0	1556.0	-0.005
TCTCTG	18.0	8929.6	-0.005
GCTTTC	7.0	5365.2	-0.005
GGCTCT	9.0	5176.3	-0.005
CAGCCA	12.0	6938.4	-0.005
AGCAAG	11.0	6046.6	-0.004
AATAAT	15.0	7779.6	-0.004
GTGCGT	4.0	2802.9	-0.004
ACAAGA	5.0	4968.3	-0.004
GCCTTG	10.0	5661.4	-0.004
AGAAAG	22.0	12196.6	-0.004
AGGGCT	11.0	6141.1	-0.004
AGGGTC	6.0	3868.1	-0.004
CAAGAT	5.0	4472.4	-0.004
TCTCCT	12.0	6603.9	-0.004
CACACG	3.0	2388.9	-0.003
TTCAGG	6.0	5616.2	-0.003
TTCCTC	8.0	6688.8	-0.003
CTCTCC	5.0	6349.4	-0.003
AGCCAC	7.0	5198.0	-0.003
GGGACC	8.0	4916.2	-0.003
GTCAGG	5.0	4704.1	-0.003
TGATTA	6.0	3983.9	-0.003
TCTCAA	4.0	4464.8	-0.003
GATATC	2.0	2068.0	-0.003
TGAATA	9.0	5447.4	-0.002
TATGAG	6.0	4169.5	-0.002
CCTAGG	5.0	3560.5	-0.002
GGCTAC	4.0	3032.1	-0.002
AAATGA	10.0	9984.6	-0.002
AGTACT	4.0	3387.9	-0.002
AAGCCA	5.0	6174.8	-0.002
CAGGCT	12.0	7204.3	-0.002
TTTCTC	17.0	9098.7	-0.002
CCAGGG	12.0	7898.0	-0.002
CCCCAG	14.0	7800.1	-0.002
GTCTAG	1.0	2372.4	-0.002
CTGATT	4.0	4756.4	-0.002
GATATG	5.0	3648.2	-0.002
CGCGCG	1.0	3336.6	-0.002
CTCTCT	3.0	8862.0	-0.002
AGTTCT	5.0	5888.7	-0.002
CCTCAG	8.0	6352.0	-0.002
ATATGG	3.0	4180.4	-0.001
GGACTT	7.0	4757.2	-0.001
GCGCGG	4.0	3388.0	-0.001
CATCAG	4.0	4530.8	-0.001
TCAGTT	8.0	5550.5	-0.001
CGCTCT	2.0	1971.9	-0.001
GTCCAG	4.0	4258.9	-0.001
CTTTCT	12.0	10255.8	-0.001
TACTAC	1.0	2008.2	-0.001
AGCGCT	1.0	2008.6	-0.001
TAGGTC	2.0	2106.5	-0.001
ACTTAC	3.0	2698.3	-0.001
AGGCTA	4.0	3568.9	-0.001
TGGCCG	3.0	2701.4	-0.001
GAACTC	2.0	5323.2	-0.001
GCCTAG	4.0	3300.6	-0.001
ATCTCT	7.0	4894.3	-0.001
GACTAT	1.0	2402.3	-0.001
GACTAG	1.0	2327.3	-0.001
ATAATC	3.0	2785.2	-0.001
TGCGCG	2.0	2090.2	-0.001
GGACTA	1.0	2345.4	-0.001
TGACTA	2.0	3076.4	-0.001
TACCTA	2.0	2622.7	-0.001
CGCGCC	2.0	2339.5	-0.001
GGCTAT	1.0	2941.3	-0.001
GAGTAA	2.0	3729.5	-0.001
CCACGG	2.0	2209.1	-0.001
GCGCGC	5.0	4110.2	-0.001
GCCACC	7.0	5277.4	-0.000
ATCATC	3.0	3062.9	-0.000
CTCCTC	6.0	6454.0	-0.000
CATTCA	5.0	4466.5	-0.000
ACTCTC	1.0	2969.6	-0.000
CATCAT	3.0	4059.9	-0.000
GCGCTG	3.0	3290.5	-0.000
CAAGCC	2.0	3885.4	-0.000
AGCACT	5.0	5205.5	-0.000
GCCACA	1.0	4553.6	-0.000
TCTCTC	4.0	8100.9	-0.000
GGGCTG	12.0	8776.3	-0.000
TCATCA	3.0	3929.9	-0.000
TTCAAC	0.0	2906.0	1.000
AACGTT	0.0	1398.7	1.000
CGTTTC	0.0	1659.7	1.000
GCACTC	0.0	2946.1	1.000
AGTCGC	0.0	1044.0	1.000
CCGGCA	0.0	1851.4	1.000
CAACGC	0.0	1062.4	1.000
CTTCGC	0.0	1407.7	1.000
CGCTAT	0.0	606.1	1.000
ACGAGC	0.0	1299.6	1.000
TTGCCG	0.0	1270.6	1.000
CCGTGC	0.0	2095.8	1.000
CGTGCT	0.0	2002.4	1.000
TCCGCG	0.0	1498.7	1.000
GAGCGC	0.0	2791.8	1.000
AGCGCG	0.0	1885.3	1.000
ATTCGA	0.0	922.9	1.000
CCACGT	0.0	2044.6	1.000
CACGTC	0.0	1287.7	1.000
TGTTCG	0.0	1156.1	1.000
TTCGTT	0.0	1624.9	1.000
TCGTTG	0.0	1088.7	1.000
GCTGAT	0.0	3942.4	1.000
GACCGC	0.0	1507.7	1.000
TAACGG	0.0	742.3	1.000
TGACCG	0.0	1386.6	1.000
CGGGCT	0.0	2805.5	1.000
ATTCGG	0.0	1019.6	1.000
CCGCCA	0.0	2095.3	1.000
CTAACG	0.0	730.0	1.000
TATCTC	0.0	2827.3	1.000
TAGGCG	0.0	1055.6	1.000
TCGAAT	0.0	869.3	1.000
ACGGAG	0.0	2090.2	1.000
ACACGA	0.0	1178.0	1.000
ACGACA	0.0	990.2	1.000
TTCGGG	0.0	1683.9	1.000
TAGGCT	0.0	3318.0	1.000
CGCTGT	0.0	2128.2	1.000
GTCGCA	0.0	869.7	1.000
CGGTGG	0.0	2924.0	1.000
TCGTTT	0.0	1762.0	1.000
CTAGCC	0.0	2794.8	1.000
GTTACT	0.0	3065.7	1.000
CTAGGC	0.0	3006.4	1.000
GCTACT	0.0	2764.5	1.000
GACGAG	0.0	1896.4	1.000
CGGAAT	0.0	993.5	1.000
CGCACT	0.0	1175.7	1.000
CGCGTT	0.0	732.3	1.000
ATGACG	0.0	1185.1	1.000
GCGCAC	0.0	2350.3	1.000
GGTTAC	0.0	1973.0	1.000
AACGAC	0.0	925.7	1.000
CGTCAG	0.0	1379.4	1.000
TTCGCG	0.0	625.7	1.000
TCGCGG	0.0	1225.2	1.000
GGTCGC	0.0	1494.6	1.000
GTCGCC	0.0	1468.3	1.000
GACTCG	0.0	1419.2	1.000
ACTCGC	0.0	1037.3	1.000
CTAGCG	0.0	871.2	1.000
TCGGAA	0.0	1217.0	1.000
ATTCGC	0.0	638.2	1.000
TCCGTA	0.0	904.5	1.000
CCGTAG	0.0	990.0	1.000
AACTCG	0.0	1182.8	1.000
ACTCGT	0.0	861.4	1.000
CTCGTT	0.0	1201.1	1.000
TGCGTT	0.0	1479.2	1.000
TCTACG	0.0	764.8	1.000
CACGAA	0.0	1231.5	1.000
CGAACA	0.0	990.6	1.000
GTCGAA	0.0	689.6	1.000
AGTCGA	0.0	877.3	1.000
GTCGAT	0.0	630.5	1.000
TCGATA	0.0	705.5	1.000
AGGTCG	0.0	1159.0	1.000
GTCGGT	0.0	1190.1	1.000
TCGGTC	0.0	1064.7	1.000
CGGATC	0.0	1077.9	1.000
CCCGTA	0.0	794.7	1.000
TTACCG	0.0	756.7	1.000
TACCGA	0.0	836.7	1.000
TCGTTA	0.0	786.8	1.000
CGTTAC	0.0	642.1	1.000
CGGATT	0.0	1174.4	1.000
CAGTCG	0.0	1334.8	1.000
CGTGCG	0.0	2170.5	1.000
ACGGAT	0.0	982.2	1.000
ATTACG	0.0	665.8	1.000
ACGCGT	0.0	748.3	1.000
AACCGT	0.0	973.9	1.000
ACGGCC	0.0	1302.3	1.000
CTATCG	0.0	517.1	1.000
TATCGA	0.0	598.1	1.000
CGAGTA	0.0	877.6	1.000
CGCGAA	0.0	623.1	1.000
AATCGC	0.0	700.2	1.000
CGCACC	0.0	1654.1	1.000
CGACTA	0.0	603.9	1.000
CACTCG	0.0	1446.1	1.000
ACTCGG	0.0	1851.6	1.000
ATATCG	0.0	540.6	1.000
TATCGG	0.0	474.7	1.000
CTACGC	0.0	683.5	1.000
CCGTTA	0.0	725.3	1.000
GTTCGG	0.0	1163.7	1.000
GCAACG	0.0	1144.0	1.000
CAACGT	0.0	1059.2	1.000
AACGTC	0.0	853.7	1.000
CGCCTA	0.0	904.2	1.000
CTCGTC	0.0	1141.2	1.000
CGTTAA	0.0	764.8	1.000
TCGATC	0.0	677.4	1.000
CGTCAA	0.0	751.6	1.000
GTATCG	0.0	500.6	1.000
TATCGT	0.0	621.0	1.000
TTTACG	0.0	943.9	1.000
TTACGG	0.0	850.6	1.000
TACGGA	0.0	960.4	1.000
CGCGGA	0.0	1662.0	1.000
GCGGAC	0.0	1459.8	1.000
CGACGG	0.0	862.0	1.000
GATCGC	0.0	1015.3	1.000
ATCGCG	0.0	578.6	1.000
TCGCGT	0.0	592.3	1.000
CGCCAC	0.0	1967.9	1.000
ACTCGA	0.0	984.3	1.000
CGGTCT	0.0	1237.0	1.000
GGTCGA	0.0	801.6	1.000
GCACCG	0.0	1995.8	1.000
CGACGA	0.0	717.1	1.000
AGTCGT	0.0	1007.8	1.000
CGTGGT	0.0	2343.3	1.000
CCGTAT	0.0	729.7	1.000
TCGGAC	0.0	959.1	1.000
CGGACG	0.0	1091.5	1.000
GGACGC	0.0	2075.1	1.000
TTGCGG	0.0	1448.6	1.000
GTTGCG	0.0	1065.6	1.000
TTGCGA	0.0	928.7	1.000
GATTCG	0.0	1009.3	1.000
TGCCGG	0.0	2130.3	1.000
GGATCG	0.0	1202.0	1.000
GATCGG	0.0	1024.8	1.000
ATCGGC	0.0	869.8	1.000
TCGGAT	0.0	866.8	1.000
GCGCGA	0.0	1362.7	1.000
ACTACG	0.0	802.6	1.000
ACTGCG	0.0	1568.6	1.000
CTGTCG	0.0	1499.2	1.000
CGGATG	0.0	1504.9	1.000
ATCGGT	0.0	690.2	1.000
ATGGCG	0.0	2179.4	1.000
CCGGTC	0.0	1339.0	1.000
CGGCAA	0.0	1126.0	1.000
AGCGGA	0.0	1917.4	1.000
TCGTCG	0.0	540.3	1.000
GTCGCG	0.0	985.0	1.000
TCGCGC	0.0	1057.1	1.000
CTTGCG	0.0	1509.4	1.000
CCGACA	0.0	1017.3	1.000
TACGCT	0.0	568.6	1.000
TAGTCG	0.0	755.3	1.000
CTTACG	0.0	712.7	1.000
ACGTCT	0.0	1179.1	1.000
CGTACT	0.0	645.1	1.000
CACCGT	0.0	1566.1	1.000
CTACGA	0.0	794.2	1.000
CTACCG	0.0	1015.6	1.000
TTAGCG	0.0	866.4	1.000
ATGCGC	0.0	1306.6	1.000
TAGCGG	0.0	879.9	1.000
TACTCG	0.0	698.2	1.000
TCGCAA	0.0	700.0	1.000
CTACGG	0.0	1032.4	1.000
TACGGG	0.0	916.4	1.000
TCGCGA	0.0	574.5	1.000
CGCGAT	0.0	635.7	1.000
GCGGAT	0.0	1291.6	1.000
GCGATT	0.0	1065.7	1.000
CTCGCG	0.0	1258.4	1.000
TGTCGC	0.0	1282.3	1.000
TCGACT	0.0	721.0	1.000
CGGTTA	0.0	848.3	1.000
AACGGA	0.0	1187.7	1.000
ACGACT	0.0	908.3	1.000
CGGACT	0.0	1126.6	1.000
CGCAAC	0.0	765.3	1.000
AATCGG	0.0	831.1	1.000
ATCGGA	0.0	822.1	1.000
TTACGA	0.0	726.5	1.000
ATCGTC	0.0	675.5	1.000
CGTCTT	0.0	1374.6	1.000
TGCGAA	0.0	1012.2	1.000
ATCCGT	0.0	1045.1	1.000
CGTAAT	0.0	703.3	1.000
CGTATC	0.0	623.8	1.000
TTATCG	0.0	592.0	1.000
TACGAC	0.0	499.7	1.000
ACGACG	0.0	690.8	1.000
GCGATA	0.0	487.2	1.000
TCGTAA	0.0	602.1	1.000
TATGCG	0.0	868.4	1.000
CGTCGA	0.0	355.2	1.000
CCGTAA	0.0	757.4	1.000
ACCGGA	0.0	1534.5	1.000
ACCGTA	0.0	721.3	1.000
CAATCG	0.0	654.7	1.000
